source_record_id,name,codename,core_count,thread_count,base_clock_ghz,boost_clock_ghz,socket,process_nm,l3_cache_mb,tdp_w,release_date,has_structured_specs,cores_raw,clock_raw,socket_raw,process_raw,l3_cache_raw,tdp_raw,release_raw,source_dataset
98b2ccab1b88a938f9d4,A10 PRO-7800B,,,,,,,,,,,False,,,,,,,,baraazaid/cpu-and-gpu-stats
2ab57277e5ad310a37f7,A10 PRO-7850B,,,,,,,,,,,False,,,,,,,,baraazaid/cpu-and-gpu-stats
e3b9cb02a585e5f07d52,A10-4600M,Trinity,4,,2.3,3.2,FS1R2,32.0,,35.0,2012-05-15,True,4,2.3 to 3.2 GHz,Socket FS1r2,32 nm,,35 W,"May 15th, 2012",baraazaid/cpu-and-gpu-stats
3f505539d7c74a479b49,A10-4655M,Trinity,4,,2.0,2.8,FP2,32.0,,25.0,2012-05-15,True,4,2 to 2.8 GHz,Socket FP2,32 nm,,25 W,"May 15th, 2012",baraazaid/cpu-and-gpu-stats
550c5b6b666b02a2e7d7,A10-5700,Trinity,4,,3.4,4.0,FM2,32.0,,65.0,2012-10-02,True,4,3.4 to 4 GHz,Socket FM2,32 nm,,65 W,"Oct 2nd, 2012",baraazaid/cpu-and-gpu-stats
1f6493fc9d548588fa18,A10-5745M,Richland,4,,2.1,2.9,FP2,32.0,,25.0,2013-06-01,True,4,2.1 to 2.9 GHz,Socket FP2,32 nm,,25 W,"Jun 1st, 2013",baraazaid/cpu-and-gpu-stats
ec8ffb9f7dbc3762cb65,A10-5750M,Richland,4,,2.5,3.5,FS1R2,32.0,,35.0,2013-06-01,True,4,2.5 to 3.5 GHz,Socket FS1r2,32 nm,,35 W,"Jun 1st, 2013",baraazaid/cpu-and-gpu-stats
316c6f4338813abb5128,A10-5757M,Richland,4,,2.5,3.5,FP2,32.0,,35.0,2013-06-01,True,4,2.5 to 3.5 GHz,Socket FP2,32 nm,,35 W,"Jun 1st, 2013",baraazaid/cpu-and-gpu-stats
e116aab62089c5f85369,A10-5800B,Trinity,4,,3.8,4.2,FM2,32.0,,100.0,2012-10-02,True,4,3.8 to 4.2 GHz,Socket FM2,32 nm,,100 W,"Oct 2nd, 2012",baraazaid/cpu-and-gpu-stats
3f93455d0f287604e6c5,A10-5800K,Trinity,4,,3.8,4.2,FM2,32.0,,100.0,2012-10-02,True,4,3.8 to 4.2 GHz,Socket FM2,32 nm,,100 W,"Oct 2nd, 2012",baraazaid/cpu-and-gpu-stats
f53ca2f7a6ca3eeef8e8,A10-6700,Richland,4,,3.7,4.3,FM2,32.0,,65.0,2013-06-01,True,4,3.7 to 4.3 GHz,Socket FM2,32 nm,,65 W,"Jun 1st, 2013",baraazaid/cpu-and-gpu-stats
781713028a32b5c0ef80,A10-6700T,Richland,4,,2.5,3.5,FM2,32.0,,45.0,2013-09-16,True,4,2.5 to 3.5 GHz,Socket FM2,32 nm,,45 W,"Sep 16th, 2013",baraazaid/cpu-and-gpu-stats
724d3bfab49ba73cf45d,A10-6790B,Richland,4,,4.0,4.3,FM2,32.0,,100.0,2013-10-28,True,4,4 to 4.3 GHz,Socket FM2,32 nm,,100 W,"Oct 28th, 2013",baraazaid/cpu-and-gpu-stats
a24f106bd04ce2f33560,A10-6790K,Richland,4,,4.0,4.3,FM2,32.0,,100.0,2013-10-28,True,4,4 to 4.3 GHz,Socket FM2,32 nm,,100 W,"Oct 28th, 2013",baraazaid/cpu-and-gpu-stats
f3db1c3f695674065656,A10-6800K,Richland,4,,4.1,4.4,FM2,32.0,,100.0,2013-06-01,True,4,4.1 to 4.4 GHz,Socket FM2,32 nm,,100 W,"Jun 1st, 2013",baraazaid/cpu-and-gpu-stats
2221e9a566d5053ec42c,A10-7700K,,,,,,,,,,,False,,,,,,,,baraazaid/cpu-and-gpu-stats
bdcda9f44ab68cab24ef,A10-7800,,,,,,,,,,,False,,,,,,,,baraazaid/cpu-and-gpu-stats
3c6428b7b8837c150357,A10-7850K,,,,,,,,,,,False,,,,,,,,baraazaid/cpu-and-gpu-stats
2f69d9946e2a01d05f62,A10-7860K,Godaveri,4,,3.6,4.0,FM2+,28.0,,65.0,2016-02-02,True,4,3.6 to 4 GHz,Socket FM2+,28 nm,,65 W,"Feb 2nd, 2016",baraazaid/cpu-and-gpu-stats
8e73f4874a785325472f,A10-7870K,,,,,,,,,,,False,,,,,,,,baraazaid/cpu-and-gpu-stats
423b30c5151c39b3469e,A10-7890K,Godaveri,4,,4.0,4.3,FM2+,28.0,,95.0,2016-01-11,True,4,4 to 4.3 GHz,Socket FM2+,28 nm,,95 W,"Jan 11th, 2016",baraazaid/cpu-and-gpu-stats
650e3f3c7d105f11a096,A10-9700,Bristol Ridge,4,,3.5,3.8,AM4,28.0,,65.0,2017-07-27,True,4,3.5 to 3.8 GHz,Socket AM4,28 nm,,65 W,"Jul 27th, 2017",baraazaid/cpu-and-gpu-stats
4fb3c8bedd713407d17c,A10-9700E,Bristol Ridge,4,,3.0,3.5,AM4,28.0,,35.0,2017-07-27,True,4,3 to 3.5 GHz,Socket AM4,28 nm,,35 W,"Jul 27th, 2017",baraazaid/cpu-and-gpu-stats
9d6abd29a520bbc37273,A100,Stealey,1,,0.6,0.6,BGA 437,90.0,,3.0,2007-06-01,True,1,600 MHz,BGA 437,90 nm,,3 W,"Jun 1st, 2007",baraazaid/cpu-and-gpu-stats
795af521980c9c0c92a1,A110,Stealey,1,,0.8,0.8,BGA 437,90.0,,3.0,2007-06-01,True,1,800 MHz,BGA 437,90 nm,,3 W,"Jun 1st, 2007",baraazaid/cpu-and-gpu-stats
b786c49ff7eee2af403a,A12-9800,Bristol Ridge,4,,3.8,4.2,AM4,28.0,,65.0,2017-07-27,True,4,3.8 to 4.2 GHz,Socket AM4,28 nm,,65 W,"Jul 27th, 2017",baraazaid/cpu-and-gpu-stats
e232017f2a53852ff842,A12-9800E,Bristol Ridge,4,,3.1,3.8,AM4,28.0,,35.0,2017-07-27,True,4,3.1 to 3.8 GHz,Socket AM4,28 nm,,35 W,"Jul 27th, 2017",baraazaid/cpu-and-gpu-stats
01c14415d669fcbfb158,A4 PRO-7300B,,,,,,,,,,,False,,,,,,,,baraazaid/cpu-and-gpu-stats
cd2aeca8e46f08e42fe5,A4 PRO-7350B,,,,,,,,,,,False,,,,,,,,baraazaid/cpu-and-gpu-stats
3b399916865a187889e2,A4-1200,Temash,2,,1.0,1.0,FT3,28.0,,4.0,2013-05-23,True,2,1000 MHz,Socket FT3,28 nm,,4 W,"May 23rd, 2013",baraazaid/cpu-and-gpu-stats
ec6ed7864eb58d1908f3,A4-1250,Temash,2,,1.0,1.0,FT3,28.0,,8.0,2013-05-23,True,2,1000 MHz,Socket FT3,28 nm,,8 W,"May 23rd, 2013",baraazaid/cpu-and-gpu-stats
a903dbae8242cee54f82,A4-1350,Temash,4,,1.0,1.0,FT3,28.0,,8.0,2013-10-18,True,4,1000 MHz,Socket FT3,28 nm,,8 W,"Oct 18th, 2013",baraazaid/cpu-and-gpu-stats
1c0686f22d254f92dee4,A4-3300,Llano,2,,2.5,2.5,FM1,32.0,,65.0,2011-09-07,True,2,2.5 GHz,Socket FM1,32 nm,,65 W,"Sep 7th, 2011",baraazaid/cpu-and-gpu-stats
4f16207dc2bbfee8b406,A4-3300M,Llano,2,,1.9,2.5,FS1,32.0,,35.0,2011-06-14,True,2,1.9 to 2.5 GHz,Socket FS1,32 nm,,35 W,"Jun 14th, 2011",baraazaid/cpu-and-gpu-stats
e4c29b62fbd024790de4,A4-3305M,Llano,2,,1.9,2.5,FS1,32.0,,35.0,2011-06-14,True,2,1.9 to 2.5 GHz,Socket FS1,32 nm,,35 W,"Jun 14th, 2011",baraazaid/cpu-and-gpu-stats
2ac240137922715fbcab,A4-3310MX,Llano,2,,2.1,2.5,FS1,32.0,,35.0,2011-06-14,True,2,2.1 to 2.5 GHz,Socket FS1,32 nm,,35 W,"Jun 14th, 2011",baraazaid/cpu-and-gpu-stats
887f4396a7bd0b542e12,A4-3320M,Llano,2,,2.0,2.6,FS1,32.0,,35.0,2011-12-20,True,2,2 to 2.6 GHz,Socket FS1,32 nm,,35 W,"Dec 20th, 2011",baraazaid/cpu-and-gpu-stats
8aa11327b0318f3af9ab,A4-3330MX,Llano,2,,2.2,2.6,FS1,32.0,,45.0,2011-12-20,True,2,2.2 to 2.6 GHz,Socket FS1,32 nm,,45 W,"Dec 20th, 2011",baraazaid/cpu-and-gpu-stats
bb61e358e16c329e33f0,A4-3400,Llano,2,,2.7,2.7,FM1,32.0,,65.0,2011-09-07,True,2,2.7 GHz,Socket FM1,32 nm,,65 W,"Sep 7th, 2011",baraazaid/cpu-and-gpu-stats
e25304a1bb140b510c61,A4-3420,Llano,2,,2.8,2.8,FM1,32.0,,65.0,2011-12-20,True,2,2.8 GHz,Socket FM1,32 nm,,65 W,"Dec 20th, 2011",baraazaid/cpu-and-gpu-stats
e97df6d8f413a52bcab4,A4-4000,Richland,2,,3.0,3.2,FM2,32.0,,65.0,2013-05-01,True,2,3 to 3.2 GHz,Socket FM2,32 nm,,65 W,May 2013,baraazaid/cpu-and-gpu-stats
69d5a63a09654d38c6d3,A4-4020,,,,,,,,,,,False,,,,,,,,baraazaid/cpu-and-gpu-stats
273b4ef8b7269c65347a,A4-4300M,Trinity,2,,2.5,3.0,FS1R2,32.0,,35.0,2012-05-15,True,2,2.5 to 3 GHz,Socket FS1r2,32 nm,,35 W,"May 15th, 2012",baraazaid/cpu-and-gpu-stats
d8d6d985a9997d96895d,A4-4355M,Trinity,2,,1.9,2.4,FP2,32.0,,17.0,2012-09-27,True,2,1.9 to 2.4 GHz,Socket FP2,32 nm,,17 W,"Sep 27th, 2012",baraazaid/cpu-and-gpu-stats
a6010803f53176b10c88,A4-5000,Kabini,4,,1.5,1.5,FT3,28.0,,15.0,2013-05-23,True,4,1500 MHz,Socket FT3,28 nm,,15 W,"May 23rd, 2013",baraazaid/cpu-and-gpu-stats
a1caec239cd0cec9e951,A4-5050,,,,,,,,,,,False,,,,,,,,baraazaid/cpu-and-gpu-stats
5861013f857df70eee0e,A4-5145M,Richland,2,,2.0,2.6,FP2,32.0,,17.0,2013-06-01,True,2,2 to 2.6 GHz,Socket FP2,32 nm,,17 W,"Jun 1st, 2013",baraazaid/cpu-and-gpu-stats
ae45855527946907bb3e,A4-5150M,Richland,2,,2.7,3.3,FS1R2,32.0,,35.0,2013-03-12,True,2,2.7 to 3.3 GHz,Socket FS1r2,32 nm,,35 W,"Mar 12th, 2013",baraazaid/cpu-and-gpu-stats
c2b0496a18e2c7887048,A4-5300,Trinity,2,,3.4,3.6,FM2,32.0,,65.0,2012-10-02,True,2,3.4 to 3.6 GHz,Socket FM2,32 nm,,65 W,"Oct 2nd, 2012",baraazaid/cpu-and-gpu-stats
59f40e39c739bb734163,A4-5300B,Trinity,2,,3.4,3.6,FM2,32.0,,65.0,2012-10-02,True,2,3.4 to 3.6 GHz,Socket FM2,32 nm,,65 W,"Oct 2nd, 2012",baraazaid/cpu-and-gpu-stats
5f8ff2a575d3962f7d32,A4-6300,Richland,2,,3.7,3.9,FM2,32.0,,65.0,2013-06-01,True,2,3.7 to 3.9 GHz,Socket FM2,32 nm,,65 W,"Jun 1st, 2013",baraazaid/cpu-and-gpu-stats
c81964de1f472f957284,A4-6300B,Richland,2,,3.7,3.9,FM2,32.0,,65.0,2013-06-01,True,2,3.7 to 3.9 GHz,Socket FM2,32 nm,,65 W,"Jun 1st, 2013",baraazaid/cpu-and-gpu-stats
020d185c2c39faebee70,A4-6320,Richland,2,,3.8,4.0,FM2,32.0,,65.0,2013-12-01,True,2,3.8 to 4 GHz,Socket FM2,32 nm,,65 W,Dec 2013,baraazaid/cpu-and-gpu-stats
78e8763136690f95536d,A4-6320B,,,,,,,,,,,False,,,,,,,,baraazaid/cpu-and-gpu-stats
4dc8a442db688a693198,A4-7300,,,,,,,,,,,False,,,,,,,,baraazaid/cpu-and-gpu-stats
7ee5190bf1d3cde7f211,A6 PRO-7400B,,,,,,,,,,,False,,,,,,,,baraazaid/cpu-and-gpu-stats
82d8d80373378a44f58f,A6-1450,Temash,4,,1.0,1.4000000000000001,FT3,28.0,,8.0,2013-05-23,True,4,1000 to 1400 MHz,Socket FT3,28 nm,,8 W,"May 23rd, 2013",baraazaid/cpu-and-gpu-stats
d6dd8b393add13f16385,A6-3400M,Llano,4,,1.4,2.3,FS1,32.0,,35.0,2011-06-14,True,4,1.4 to 2.3 GHz,Socket FS1,32 nm,,35 W,"Jun 14th, 2011",baraazaid/cpu-and-gpu-stats
60291cda05e6fa1bf153,A6-3410MX,Llano,4,,1.6,2.3,FS1,32.0,,45.0,2011-06-14,True,4,1.6 to 2.3 GHz,Socket FS1,32 nm,,45 W,"Jun 14th, 2011",baraazaid/cpu-and-gpu-stats
3132a0a44e28eb209c9e,A6-3420M,Llano,4,,1.5,2.4,FS1,32.0,,35.0,2011-12-20,True,4,1.5 to 2.4 GHz,Socket FS1,32 nm,,35 W,"Dec 20th, 2011",baraazaid/cpu-and-gpu-stats
e59172445ecdf62b7849,A6-3430MX,Llano,4,,1.7,2.4,FS1,32.0,,45.0,2011-12-20,True,4,1.7 to 2.4 GHz,Socket FS1,32 nm,,45 W,"Dec 20th, 2011",baraazaid/cpu-and-gpu-stats
43c54ddffcd694b5c2c5,A6-3500,Llano,3,,2.1,2.4,FM1,32.0,,65.0,2011-08-17,True,3,2.1 to 2.4 GHz,Socket FM1,32 nm,,65 W,"Aug 17th, 2011",baraazaid/cpu-and-gpu-stats
6ac78cf551887fe5c447,A6-3600,Llano,4,,2.1,2.4,FM1,32.0,,65.0,2011-06-30,True,4,2.1 to 2.4 GHz,Socket FM1,32 nm,,65 W,"Jun 30th, 2011",baraazaid/cpu-and-gpu-stats
48f1cd12e529b19b2309,A6-3620,Llano,4,,2.2,2.5,FM1,32.0,,65.0,2011-12-20,True,4,2.2 to 2.5 GHz,Socket FM1,32 nm,,65 W,"Dec 20th, 2011",baraazaid/cpu-and-gpu-stats
a64532add3372d287648,A6-3650,Llano,4,,2.6,2.6,FM1,32.0,,100.0,2011-06-30,True,4,2.6 GHz,Socket FM1,32 nm,,100 W,"Jun 30th, 2011",baraazaid/cpu-and-gpu-stats
10b10a6d321eb417280f,A6-3670K,Llano,4,,2.7,2.7,FM1,32.0,,100.0,2011-12-20,True,4,2.7 GHz,Socket FM1,32 nm,,100 W,"Dec 20th, 2011",baraazaid/cpu-and-gpu-stats
8fe416f85bd53abb55cd,A6-4400M,Trinity,2,,2.7,3.2,FS1R2,32.0,,35.0,2012-05-15,True,2,2.7 to 3.2 GHz,Socket FS1r2,32 nm,,35 W,"May 15th, 2012",baraazaid/cpu-and-gpu-stats
7995b8f4904c6c418c06,A6-4455M,Trinity,2,,2.1,2.6,FP2,32.0,,17.0,2012-05-15,True,2,2.1 to 2.6 GHz,Socket FP2,32 nm,,17 W,"May 15th, 2012",baraazaid/cpu-and-gpu-stats
d16f3c386518fbd2ba4c,A6-5200,Kabini,4,,2.0,2.0,FT3,28.0,,25.0,2013-05-23,True,4,2000 MHz,Socket FT3,28 nm,,25 W,"May 23rd, 2013",baraazaid/cpu-and-gpu-stats
52c8b592adebef0054e2,A6-5345M,Richland,2,,2.2,2.8,FP2,32.0,,17.0,2013-06-01,True,2,2.2 to 2.8 GHz,Socket FP2,32 nm,,17 W,"Jun 1st, 2013",baraazaid/cpu-and-gpu-stats
934428446fb39b82b3c5,A6-5350M,Richland,2,,2.9,3.5,FS1R2,32.0,,35.0,2013-06-01,True,2,2.9 to 3.5 GHz,Socket FS1r2,32 nm,,35 W,"Jun 1st, 2013",baraazaid/cpu-and-gpu-stats
6f095e987d5076c65c77,A6-5357M,Richland,2,,2.9,3.5,FP2,32.0,,35.0,2013-06-01,True,2,2.9 to 3.5 GHz,Socket FP2,32 nm,,35 W,"Jun 1st, 2013",baraazaid/cpu-and-gpu-stats
94f2d621fc1464f0504b,A6-5400B,Trinity,2,,3.6,3.8,FM2,32.0,,65.0,2012-10-02,True,2,3.6 to 3.8 GHz,Socket FM2,32 nm,,65 W,"Oct 2nd, 2012",baraazaid/cpu-and-gpu-stats
a399bd581108ba8fe9d0,A6-5400K,Trinity,2,,3.6,3.8,FM2,32.0,,65.0,2012-10-02,True,2,3.6 to 3.8 GHz,Socket FM2,32 nm,,65 W,"Oct 2nd, 2012",baraazaid/cpu-and-gpu-stats
a342e4db03ea00950eab,A6-6400B,Richland,2,,3.9,4.1,FM2,32.0,,65.0,2013-06-01,True,2,3.9 to 4.1 GHz,Socket FM2,32 nm,,65 W,"Jun 1st, 2013",baraazaid/cpu-and-gpu-stats
faff154b2b7cb57b743f,A6-6400K,Richland,2,,3.9,4.1,FM2,32.0,,65.0,2013-06-01,True,2,3.9 to 4.1 GHz,Socket FM2,32 nm,,65 W,"Jun 1st, 2013",baraazaid/cpu-and-gpu-stats
bcc9ef1b354d082c598d,A6-6420K,,,,,,,,,,,False,,,,,,,,baraazaid/cpu-and-gpu-stats
e2527236cb81449defa6,A6-7400K,,,,,,,,,,,False,,,,,,,,baraazaid/cpu-and-gpu-stats
2078b20f80946f070557,A6-7470K,Godaveri,2,,3.7,4.0,FM2+,28.0,,65.0,2016-02-02,True,2,3.7 to 4 GHz,Socket FM2+,28 nm,,65 W,"Feb 2nd, 2016",baraazaid/cpu-and-gpu-stats
825ff3dedf5070589621,A6-9120C SoC,,,,,,,,,,,False,,,,,,,,baraazaid/cpu-and-gpu-stats
32266d161f08c5704e3a,A6-9220C SoC,,,,,,,,,,,False,,,,,,,,baraazaid/cpu-and-gpu-stats
d20008f5cedc48cf6d7b,A6-9400,,,,,,,,,,,False,,,,,,,,baraazaid/cpu-and-gpu-stats
7d0e0f6f2c3f98561377,A6-9500,Bristol Ridge,2,,3.5,3.8,AM4,28.0,,65.0,2016-09-05,True,2,3.5 to 3.8 GHz,Socket AM4,28 nm,,65 W,"Sep 5th, 2016",baraazaid/cpu-and-gpu-stats
bbce28b4920dec0b70e6,A6-9500E,Bristol Ridge,2,,3.0,3.4,AM4,28.0,,35.0,2016-09-05,True,2,3 to 3.4 GHz,Socket AM4,28 nm,,35 W,"Sep 5th, 2016",baraazaid/cpu-and-gpu-stats
26bcb23a0febac7a4217,A6-9550,Bristol Ridge,2,,3.8,4.0,AM4,28.0,,65.0,2017-07-27,True,2,3.8 to 4 GHz,Socket AM4,28 nm,,65 W,"Jul 27th, 2017",baraazaid/cpu-and-gpu-stats
2837cee4ead51ebd8083,A8 PRO-7600B,,,,,,,,,,,False,,,,,,,,baraazaid/cpu-and-gpu-stats
9c0d0721dc500f0c1eee,A8-3500M,Llano,4,,1.5,2.4,FS1,32.0,,35.0,2011-06-14,True,4,1.5 to 2.4 GHz,Socket FS1,32 nm,,35 W,"Jun 14th, 2011",baraazaid/cpu-and-gpu-stats
00722be4d26e7b70dd7e,A8-3510MX,Llano,4,,1.8,2.5,FS1,32.0,,45.0,2011-06-14,True,4,1.8 to 2.5 GHz,Socket FS1,32 nm,,45 W,"Jun 14th, 2011",baraazaid/cpu-and-gpu-stats
adf4c71786da4d2ed609,A8-3520M,Llano,4,,1.6,2.5,FS1,32.0,,35.0,2011-12-20,True,4,1.6 to 2.5 GHz,Socket FS1,32 nm,,35 W,"Dec 20th, 2011",baraazaid/cpu-and-gpu-stats
4f4f8f171aaab41be26b,A8-3530MX,Llano,4,,1.9,2.6,FS1,32.0,,45.0,2011-06-14,True,4,1.9 to 2.6 GHz,Socket FS1,32 nm,,45 W,"Jun 14th, 2011",baraazaid/cpu-and-gpu-stats
8e51801ca005b3865930,A8-3550MX,Llano,4,,2.0,2.7,FS1,32.0,,45.0,2011-12-20,True,4,2 to 2.7 GHz,Socket FS1,32 nm,,45 W,"Dec 20th, 2011",baraazaid/cpu-and-gpu-stats
cab91516f260020f9b8e,A8-3800,Llano,4,,2.4,2.7,FM1,32.0,,65.0,2011-06-30,True,4,2.4 to 2.7 GHz,Socket FM1,32 nm,,65 W,"Jun 30th, 2011",baraazaid/cpu-and-gpu-stats
90dc451664d9442e81a6,A8-3820,Llano,4,,2.5,2.8,FM1,32.0,,65.0,2011-12-20,True,4,2.5 to 2.8 GHz,Socket FM1,32 nm,,65 W,"Dec 20th, 2011",baraazaid/cpu-and-gpu-stats
96a324b689cbc8f629d6,A8-3850,Llano,4,,2.9,2.9,FM1,32.0,,100.0,2011-06-30,True,4,2.9 GHz,Socket FM1,32 nm,,100 W,"Jun 30th, 2011",baraazaid/cpu-and-gpu-stats
be65c4f799a01807234b,A8-3870K,Llano,4,,3.0,3.0,FM1,32.0,,100.0,2011-12-20,True,4,3 GHz,Socket FM1,32 nm,,100 W,"Dec 20th, 2011",baraazaid/cpu-and-gpu-stats
ff72c305bd1c8b38c774,A8-4500M,Trinity,4,,1.9,2.8,FS1R2,32.0,,35.0,2012-05-15,True,4,1.9 to 2.8 GHz,Socket FS1r2,32 nm,,35 W,"May 15th, 2012",baraazaid/cpu-and-gpu-stats
ef82d97536f15f62202a,A8-4555M,Trinity,4,,1.6,2.4,FP2,32.0,,19.0,2012-09-27,True,4,1.6 to 2.4 GHz,Socket FP2,32 nm,,19 W,"Sep 27th, 2012",baraazaid/cpu-and-gpu-stats
8f5b2b8c49ad8986e4bd,A8-5500,Trinity,4,,3.2,3.7,FM2,32.0,,65.0,2012-10-02,True,4,3.2 to 3.7 GHz,Socket FM2,32 nm,,65 W,"Oct 2nd, 2012",baraazaid/cpu-and-gpu-stats
0b4616d41411d38241b7,A8-5500B,Trinity,4,,3.2,3.7,FM2,32.0,,65.0,2012-10-02,True,4,3.2 to 3.7 GHz,Socket FM2,32 nm,,65 W,"Oct 2nd, 2012",baraazaid/cpu-and-gpu-stats
61c8dfe00b64c77fcdfd,A8-5545M,Richland,4,,1.7,2.7,FP2,32.0,,25.0,2013-06-01,True,4,1.7 to 2.7 GHz,Socket FP2,32 nm,,25 W,"Jun 1st, 2013",baraazaid/cpu-and-gpu-stats
97f105e5749bd373c7a8,A8-5550M,Richland,4,,2.1,3.1,FS1R2,32.0,,35.0,2013-06-01,True,4,2.1 to 3.1 GHz,Socket FS1r2,32 nm,,35 W,"Jun 1st, 2013",baraazaid/cpu-and-gpu-stats
6f6fa363f3c5afed3f0f,A8-5557M,Richland,4,,2.1,3.1,FP2,32.0,,35.0,2013-06-01,True,4,2.1 to 3.1 GHz,Socket FP2,32 nm,,35 W,"Jun 1st, 2013",baraazaid/cpu-and-gpu-stats
9627c9bad2606f472f96,A8-5600K,Trinity,4,,3.6,3.9,FM2,32.0,,100.0,2012-10-02,True,4,3.6 to 3.9 GHz,Socket FM2,32 nm,,100 W,"Oct 2nd, 2012",baraazaid/cpu-and-gpu-stats
d60c3ba09628614a5b00,A8-6500,Richland,4,,3.5,4.1,FM2,32.0,,65.0,2013-06-01,True,4,3.5 to 4.1 GHz,Socket FM2,32 nm,,65 W,"Jun 1st, 2013",baraazaid/cpu-and-gpu-stats
cd3ebb6dd0c52167f65d,A8-6500B,Richland,4,,3.5,4.1,FM2,32.0,,65.0,2013-06-01,True,4,3.5 to 4.1 GHz,Socket FM2,32 nm,,65 W,"Jun 1st, 2013",baraazaid/cpu-and-gpu-stats
e8a6efc0c00848f511b9,A8-6500T,Richland,4,,2.1,3.1,FM2,32.0,,45.0,2013-09-16,True,4,2.1 to 3.1 GHz,Socket FM2,32 nm,,45 W,"Sep 16th, 2013",baraazaid/cpu-and-gpu-stats
a33dac6660dd2f6892d3,A8-6600K,Richland,4,,3.9,4.2,FM2,32.0,,100.0,2013-06-01,True,4,3.9 to 4.2 GHz,Socket FM2,32 nm,,100 W,"Jun 1st, 2013",baraazaid/cpu-and-gpu-stats
8826fb571677b03bd591,A8-7600,,,,,,,,,,,False,,,,,,,,baraazaid/cpu-and-gpu-stats
0db981d6543526f81298,A8-7650K,,,,,,,,,,,False,,,,,,,,baraazaid/cpu-and-gpu-stats
bc17aa9a8a2dd0d163f6,A8-7670K,,,,,,,,,,,False,,,,,,,,baraazaid/cpu-and-gpu-stats
880f435fa39e09c0f8c7,A8-9600,Bristol Ridge,4,,3.1,3.4,AM4,28.0,,65.0,2017-07-27,True,4,3.1 to 3.4 GHz,Socket AM4,28 nm,,65 W,"Jul 27th, 2017",baraazaid/cpu-and-gpu-stats
e3059721bc7e0d4179cf,A9-9400 SoC,Stoney Ridge,2,,2.4,3.2,FT4,28.0,,10.0,2016-05-31,True,2,2.4 to 3.2 GHz,Socket FT4,28 nm,,10 W,"May 31st, 2016",baraazaid/cpu-and-gpu-stats
71f728d14e1c212b6763,A9-9410 SoC,Stoney Ridge,2,,2.9,3.5,FP4,28.0,,25.0,2016-05-31,True,2,2.9 to 3.5 GHz,Socket FP4,28 nm,,25 W,"May 31st, 2016",baraazaid/cpu-and-gpu-stats
45bad76a1f758764f0d9,A9-9420 SoC,Stoney Ridge,2,,3.0,3.6,FT4,28.0,,15.0,2016-05-31,True,2,3 to 3.6 GHz,Socket FT4,28 nm,,15 W,"May 31st, 2016",baraazaid/cpu-and-gpu-stats
d8dd6af089a58c6af5b8,A9-9425 SoC,Stoney Ridge,2,,3.1,3.7,FT4,28.0,,15.0,2016-05-31,True,2,3.1 to 3.7 GHz,Socket FT4,28 nm,,15 W,"May 31st, 2016",baraazaid/cpu-and-gpu-stats
4351d2b5fdf781bb6539,Athlon 1000,Thunderbird B,1,,1.0,1.0,A,180.0,,54.0,2000-06-05,True,1,1000 MHz,Socket A,180 nm,,54 W,"Jun 5th, 2000",baraazaid/cpu-and-gpu-stats
bbe4b692c9ac2d0d1d73,Athlon 1000,Thunderbird C,1,,1.0,1.0,A,180.0,,54.0,2000-10-31,True,1,1000 MHz,Socket A,180 nm,,54 W,"Oct 31st, 2000",baraazaid/cpu-and-gpu-stats
47e245e8382ee37fc63d,Athlon 1100,Thunderbird B,1,,1.1,1.1,A,180.0,,60.0,2000-08-14,True,1,1100 MHz,Socket A,180 nm,,60 W,"Aug 14th, 2000",baraazaid/cpu-and-gpu-stats
d27d90ec5bd2c4bc5288,Athlon 1133,Thunderbird C,1,,1.133,1.133,A,180.0,,63.0,2000-10-31,True,1,1133 MHz,Socket A,180 nm,,63 W,"Oct 31st, 2000",baraazaid/cpu-and-gpu-stats
bc0feb7fb181c73526b6,Athlon 1200,Thunderbird B,1,,1.2,1.2,A,180.0,,66.0,2000-10-17,True,1,1200 MHz,Socket A,180 nm,,66 W,"Oct 17th, 2000",baraazaid/cpu-and-gpu-stats
a9462bebf248c0ebf921,Athlon 1200,Thunderbird C,1,,1.2,1.2,A,180.0,,66.0,2000-10-31,True,1,1200 MHz,Socket A,180 nm,,66 W,"Oct 31st, 2000",baraazaid/cpu-and-gpu-stats
6a37014416c1851ab762,Athlon 1300,Thunderbird B,1,,1.3,1.3,A,180.0,,68.0,2001-03-21,True,1,1300 MHz,Socket A,180 nm,,68 W,"Mar 21st, 2001",baraazaid/cpu-and-gpu-stats
555473b5b3f922498b24,Athlon 1333,Thunderbird C,1,,1.333,1.333,A,180.0,,70.0,2001-03-21,True,1,1333 MHz,Socket A,180 nm,,70 W,"Mar 21st, 2001",baraazaid/cpu-and-gpu-stats
51bfb6db75d7d717c873,Athlon 1400,Thunderbird B,1,,1.4000000000000001,1.4000000000000001,A,180.0,,72.0,2001-06-06,True,1,1400 MHz,Socket A,180 nm,,72 W,"Jun 6th, 2001",baraazaid/cpu-and-gpu-stats
dc045e3552301eba860d,Athlon 1400,Thunderbird C,1,,1.4000000000000001,1.4000000000000001,A,180.0,,72.0,2001-06-06,True,1,1400 MHz,Socket A,180 nm,,72 W,"Jun 6th, 2001",baraazaid/cpu-and-gpu-stats
86fbbf67b282c7f7d3b7,Athlon 3000G,,,,,,,,,,,False,,,,,,,,baraazaid/cpu-and-gpu-stats
8f5c4fb0c4ced7f556df,Athlon 300U,,,,,,,,,,,False,,,,,,,,baraazaid/cpu-and-gpu-stats
93ec4edccdda362fde2a,Athlon 5150,,,,,,,,,,,False,,,,,,,,baraazaid/cpu-and-gpu-stats
b77fb871be5757c62b81,Athlon 5350,,,,,,,,,,,False,,,,,,,,baraazaid/cpu-and-gpu-stats
3d440036704bba0e9d75,Athlon 5370,,,,,,,,,,,False,,,,,,,,baraazaid/cpu-and-gpu-stats
841db3e6afd6f7437385,Athlon 600,Thunderbird,1,,0.6,0.6,A,180.0,,38.0,2000-06-05,True,1,600 MHz,Socket A,180 nm,,38 W,"Jun 5th, 2000",baraazaid/cpu-and-gpu-stats
aefc2010ef7b38c89d4d,Athlon 64 1500+,Venice,1,,1.0,1.0,754,90.0,,9.0,2005-11-07,True,1,1000 MHz,Socket 754,90 nm,,9 W,"Nov 7th, 2005",baraazaid/cpu-and-gpu-stats
34413ec0e7c1b48c9506,Athlon 64 2000+,Lima,1,,1.0,1.0,AM2,65.0,,8.0,2008-06-01,True,1,1000 MHz,Socket AM2,65 nm,,8 W,"Jun 1st, 2008",baraazaid/cpu-and-gpu-stats
e46bf770abb5d05930a5,Athlon 64 2600+,Lima,1,,1.6,1.6,AM2,65.0,,15.0,2008-01-01,True,1,1600 MHz,Socket AM2,65 nm,,15 W,"Jan 1st, 2008",baraazaid/cpu-and-gpu-stats
077dacb371db38febdcf,Athlon 64 2650e,Lima,1,,1.6,1.6,AM2,65.0,,15.0,2009-01-01,True,1,1600 MHz,Socket AM2,65 nm,,15 W,"Jan 1st, 2009",baraazaid/cpu-and-gpu-stats
79180032ddf9e0921eb2,Athlon 64 2850e,Lima,1,,1.8,1.8,AM2,65.0,,22.0,2008-08-01,True,1,1800 MHz,Socket AM2,65 nm,,22 W,"Aug 1st, 2008",baraazaid/cpu-and-gpu-stats
df54901f8eb8cf9f8fae,Athlon 64 3000+,Venice,1,,2.0,2.0,754,90.0,,51.0,2001-01-01,True,1,2000 MHz,Socket 754,90 nm,,51 W,"Jan 1st, 2001",baraazaid/cpu-and-gpu-stats
60e309d2bb3ba590d54e,Athlon 64 3000+,Clawhammer,1,,2.0,2.0,754,130.0,,89.0,2003-12-15,True,1,2000 MHz,Socket 754,130 nm,,89 W,"Dec 15th, 2003",baraazaid/cpu-and-gpu-stats
2220ca6bec924b366c31,Athlon 64 3000+,Winchester,1,,1.8,1.8,939,90.0,,67.0,2004-10-14,True,1,1800 MHz,Socket 939,90 nm,,67 W,"Oct 14th, 2004",baraazaid/cpu-and-gpu-stats
56bea8e49204d55c46ff,Athlon 64 3000+,Venice,1,,1.8,1.8,939,90.0,,67.0,2005-04-04,True,1,1800 MHz,Socket 939,90 nm,,67 W,"Apr 4th, 2005",baraazaid/cpu-and-gpu-stats
7e38f74f2e312ac880c6,Athlon 64 3000+,Newark,1,,1.8,1.8,754,130.0,,62.0,2005-04-14,True,1,1800 MHz,Socket 754,130 nm,,62 W,"Apr 14th, 2005",baraazaid/cpu-and-gpu-stats
7a3580495e2136808d59,Athlon 64 3000+,Orleans,1,,1.8,1.8,AM2,90.0,,62.0,2006-05-23,True,1,1800 MHz,Socket AM2,90 nm,,62 W,"May 23rd, 2006",baraazaid/cpu-and-gpu-stats
d8181686b8eb679d223f,Athlon 64 3100+,Lima,1,,2.0,2.0,AM2,65.0,,25.0,2008-04-21,True,1,2000 MHz,Socket AM2,65 nm,,25 W,"Apr 21st, 2008",baraazaid/cpu-and-gpu-stats
0d78d57a6d0664483815,Athlon 64 3200+,Venice,1,,2.2,2.2,754,90.0,,59.0,2001-01-01,True,1,2.2 GHz,Socket 754,90 nm,,59 W,"Jan 1st, 2001",baraazaid/cpu-and-gpu-stats
0f77927f0f3e01244ebe,Athlon 64 3200+,Clawhammer,1,,2.2,2.2,754,130.0,,89.0,2001-01-01,True,1,2.2 GHz,Socket 754,130 nm,,89 W,"Jan 1st, 2001",baraazaid/cpu-and-gpu-stats
d73dbb3aea920bef884a,Athlon 64 3200+,Clawhammer,1,,2.0,2.0,754,130.0,,89.0,2003-09-23,True,1,2000 MHz,Socket 754,130 nm,,89 W,"Sep 23rd, 2003",baraazaid/cpu-and-gpu-stats
2bd8e17df47e64212d67,Athlon 64 3200+,Winchester,1,,2.0,2.0,939,90.0,,67.0,2004-10-14,True,1,2000 MHz,Socket 939,90 nm,,67 W,"Oct 14th, 2004",baraazaid/cpu-and-gpu-stats
f90f59e7c572118cd726,Athlon 64 3200+,Venice,1,,2.0,2.0,939,90.0,,67.0,2005-04-04,True,1,2000 MHz,Socket 939,90 nm,,67 W,"Apr 4th, 2005",baraazaid/cpu-and-gpu-stats
3389856335a2eef66d30,Athlon 64 3200+,Newark,1,,2.0,2.0,754,130.0,,62.0,2005-04-14,True,1,2000 MHz,Socket 754,130 nm,,62 W,"Apr 14th, 2005",baraazaid/cpu-and-gpu-stats
7bccda14046f6a834a19,Athlon 64 3200+,Newark,1,,2.0,2.0,754,130.0,,83.0,2005-04-14,True,1,2000 MHz,Socket 754,130 nm,,83 W,"Apr 14th, 2005",baraazaid/cpu-and-gpu-stats
57ff02aba8e54f9c8408,Athlon 64 3200+,Manchester,1,,2.0,2.0,939,90.0,,67.0,2005-05-31,True,1,2000 MHz,Socket 939,90 nm,,67 W,"May 31st, 2005",baraazaid/cpu-and-gpu-stats
f1ee8a2981ea7d25cfe2,Athlon 64 3200+,Orleans,1,,2.0,2.0,AM2,90.0,,62.0,2006-05-23,True,1,2000 MHz,Socket AM2,90 nm,,62 W,"May 23rd, 2006",baraazaid/cpu-and-gpu-stats
dd89dce7cc037ba4bdf5,Athlon 64 3200+,Lima,1,,2.0,2.0,AM2,65.0,,45.0,2007-02-20,True,1,2000 MHz,Socket AM2,65 nm,,45 W,"Feb 20th, 2007",baraazaid/cpu-and-gpu-stats
523ccb073ece7105de99,Athlon 64 3400+,Clawhammer,1,,2.4,2.4,754,130.0,,89.0,2001-01-01,True,1,2.4 GHz,Socket 754,130 nm,,89 W,"Jan 1st, 2001",baraazaid/cpu-and-gpu-stats
b82e63314294188bcc73,Athlon 64 3400+,Venice,1,,2.2,2.2,939,90.0,,67.0,2001-01-01,True,1,2.2 GHz,Socket 939,90 nm,,67 W,"Jan 1st, 2001",baraazaid/cpu-and-gpu-stats
ba6800513e7b92a2b234,Athlon 64 3400+,Venice,1,,2.4,2.4,754,90.0,,67.0,2001-01-01,True,1,2.4 GHz,Socket 754,90 nm,,67 W,"Jan 1st, 2001",baraazaid/cpu-and-gpu-stats
eda46556ba790f0440b9,Athlon 64 3400+,Newark,1,,2.2,2.2,754,130.0,,83.0,2005-04-14,True,1,2.2 GHz,Socket 754,130 nm,,83 W,"Apr 14th, 2005",baraazaid/cpu-and-gpu-stats
d26b02fdf2bf5c4586d7,Athlon 64 3500+,San Diego,1,,2.2,2.2,939,90.0,,67.0,2001-01-01,True,1,2.2 GHz,Socket 939,90 nm,,67 W,"Jan 1st, 2001",baraazaid/cpu-and-gpu-stats
adf90ae324fabb8dd5e1,Athlon 64 3500+,Clawhammer,1,,2.2,2.2,939,130.0,,89.0,2004-06-01,True,1,2.2 GHz,Socket 939,130 nm,,89 W,"Jun 1st, 2004",baraazaid/cpu-and-gpu-stats
09c17615951f889728fe,Athlon 64 3500+,NewCastle,1,,2.2,2.2,939,130.0,,89.0,2004-06-01,True,1,2.2 GHz,Socket 939,130 nm,,89 W,"Jun 1st, 2004",baraazaid/cpu-and-gpu-stats
ae3f9fce9c28da4b545f,Athlon 64 3500+,Winchester,1,,2.2,2.2,939,90.0,,67.0,2004-10-14,True,1,2.2 GHz,Socket 939,90 nm,,67 W,"Oct 14th, 2004",baraazaid/cpu-and-gpu-stats
273e806c1c2d17774fe6,Athlon 64 3500+,Venice,1,,2.2,2.2,939,90.0,,67.0,2005-04-04,True,1,2.2 GHz,Socket 939,90 nm,,67 W,"Apr 4th, 2005",baraazaid/cpu-and-gpu-stats
7ff27fe3860826767362,Athlon 64 3500+,Manchester,1,,2.2,2.2,939,90.0,,67.0,2005-05-31,True,1,2.2 GHz,Socket 939,90 nm,,67 W,"May 31st, 2005",baraazaid/cpu-and-gpu-stats
9618e249229ca8a99508,Athlon 64 3500+,Orleans,1,,2.2,2.2,AM2,90.0,,62.0,2006-05-23,True,1,2.2 GHz,Socket AM2,90 nm,,62 W,"May 23rd, 2006",baraazaid/cpu-and-gpu-stats
6d732c96e7bb15b7a25a,Athlon 64 3500+,Windsor,1,,2.2,2.2,AM2,90.0,,62.0,2007-02-20,True,1,2.2 GHz,Socket AM2,90 nm,,62 W,"Feb 20th, 2007",baraazaid/cpu-and-gpu-stats
3629d72ea909c763bdcf,Athlon 64 3500+,Lima,1,,2.2,2.2,AM2,65.0,,45.0,2007-02-20,True,1,2.2 GHz,Socket AM2,65 nm,,45 W,"Feb 20th, 2007",baraazaid/cpu-and-gpu-stats
41e472edea22122a4d9b,Athlon 64 3500+ (F3),Orleans,1,,2.2,2.2,AM2,90.0,,59.0,2007-02-20,True,1,2.2 GHz,Socket AM2,90 nm,,59 W,"Feb 20th, 2007",baraazaid/cpu-and-gpu-stats
fbe0474b19052627e821,Athlon 64 3500+ EE,Orleans,1,,2.2,2.2,AM2,90.0,,35.0,2007-02-20,True,1,2.2 GHz,Socket AM2,90 nm,,35 W,"Feb 20th, 2007",baraazaid/cpu-and-gpu-stats
5b75d85beaaaf8e07113,Athlon 64 3600+,Clawhammer,1,,2.4,2.4,754,130.0,,89.0,2004-06-01,True,1,2.4 GHz,Socket 754,130 nm,,89 W,"Jun 1st, 2004",baraazaid/cpu-and-gpu-stats
e6305b85ae9d3f9769d3,Athlon 64 3700+,Clawhammer,1,,2.4,2.4,754,130.0,,89.0,2004-06-01,True,1,2.4 GHz,Socket 754,130 nm,,89 W,"Jun 1st, 2004",baraazaid/cpu-and-gpu-stats
86d69d73af630070fbed,Athlon 64 3700+,Newark,1,,2.4,2.4,754,130.0,,83.0,2005-04-14,True,1,2.4 GHz,Socket 754,130 nm,,83 W,"Apr 14th, 2005",baraazaid/cpu-and-gpu-stats
f3a5f97393c1ad871f78,Athlon 64 3700+,Toledo,1,,2.2,2.2,939,90.0,,89.0,2005-05-11,True,1,2.2 GHz,Socket 939,90 nm,,89 W,"May 11th, 2005",baraazaid/cpu-and-gpu-stats
81c995aeaf5b74d8d0fe,Athlon 64 3800+,Clawhammer,1,,2.4,2.4,939,130.0,,89.0,2004-06-01,True,1,2.4 GHz,Socket 939,130 nm,,89 W,"Jun 1st, 2004",baraazaid/cpu-and-gpu-stats
88a07f834a5244e06830,Athlon 64 3800+,NewCastle,1,,2.4,2.4,939,130.0,,89.0,2004-06-01,True,1,2.4 GHz,Socket 939,130 nm,,89 W,"Jun 1st, 2004",baraazaid/cpu-and-gpu-stats
c4166ccf5cec62973fb6,Athlon 64 3800+,Venice,1,,2.4,2.4,939,90.0,,89.0,2005-04-04,True,1,2.4 GHz,Socket 939,90 nm,,89 W,"Apr 4th, 2005",baraazaid/cpu-and-gpu-stats
153e885f9570ea2daee7,Athlon 64 3800+,Orleans,1,,2.4,2.4,AM2,90.0,,62.0,2006-05-23,True,1,2.4 GHz,Socket AM2,90 nm,,62 W,"May 23rd, 2006",baraazaid/cpu-and-gpu-stats
e82cb44043813fcdefac,Athlon 64 3800+,Windsor,1,,2.4,2.4,AM2,90.0,,62.0,2007-02-20,True,1,2.4 GHz,Socket AM2,90 nm,,62 W,"Feb 20th, 2007",baraazaid/cpu-and-gpu-stats
af04f1c6fb3557559ab3,Athlon 64 3800+,Lima,1,,2.4,2.4,AM2,65.0,,45.0,2007-02-20,True,1,2.4 GHz,Socket AM2,65 nm,,45 W,"Feb 20th, 2007",baraazaid/cpu-and-gpu-stats
a7bf44b0b2fa88bc5894,Athlon 64 3800+ (F3),Orleans,1,,2.4,2.4,AM2,90.0,,59.0,2007-02-20,True,1,2.4 GHz,Socket AM2,90 nm,,59 W,"Feb 20th, 2007",baraazaid/cpu-and-gpu-stats
b58eab369b18db116c58,Athlon 64 4000+,Toledo,1,,2.4,2.4,939,90.0,,89.0,2001-01-01,True,1,2.4 GHz,Socket 939,90 nm,,89 W,"Jan 1st, 2001",baraazaid/cpu-and-gpu-stats
88918f90f1ca897b9980,Athlon 64 4000+,Clawhammer,1,,2.4,2.4,939,130.0,,89.0,2004-10-19,True,1,2.4 GHz,Socket 939,130 nm,,89 W,"Oct 19th, 2004",baraazaid/cpu-and-gpu-stats
e4f2ed7db821878197bd,Athlon 64 4000+,San Diego,1,,2.4,2.4,939,90.0,,89.0,2004-10-19,True,1,2.4 GHz,Socket 939,90 nm,,89 W,"Oct 19th, 2004",baraazaid/cpu-and-gpu-stats
c98017baf7f6e772ffbd,Athlon 64 4000+,Newark,1,,2.6,2.6,754,130.0,,62.0,2005-08-16,True,1,2.6 GHz,Socket 754,130 nm,,62 W,"Aug 16th, 2005",baraazaid/cpu-and-gpu-stats
8e67072ec4e767404191,Athlon 64 4000+,Windsor,1,,2.6,2.6,AM2,90.0,,62.0,2007-02-20,True,1,2.6 GHz,Socket AM2,90 nm,,62 W,"Feb 20th, 2007",baraazaid/cpu-and-gpu-stats
901bf5da39ab8e7200f8,Athlon 64 4000+ (F3),Orleans,1,,2.6,2.6,AM2,90.0,,59.0,2007-02-20,True,1,2.6 GHz,Socket AM2,90 nm,,59 W,"Feb 20th, 2007",baraazaid/cpu-and-gpu-stats
d3afe75c5648ab69b28d,Athlon 64 FX-51,SledgeHammer,1,,2.2,2.2,940,130.0,,89.0,2003-09-23,True,1,2.2 GHz,Socket 940,130 nm,,89 W,"Sep 23rd, 2003",baraazaid/cpu-and-gpu-stats
a3137cf6185ab170bd75,Athlon 64 FX-53,Clawhammer,1,,2.4,2.4,939,130.0,,89.0,2004-06-01,True,1,2.4 GHz,Socket 939,130 nm,,89 W,"Jun 1st, 2004",baraazaid/cpu-and-gpu-stats
ce09f5d121a813beb9ad,Athlon 64 FX-55,San Diego,1,,2.6,2.6,939,90.0,,104.0,2004-10-10,True,1,2.6 GHz,Socket 939,90 nm,,104 W,"Oct 10th, 2004",baraazaid/cpu-and-gpu-stats
a0227e4af68bd57e9a8c,Athlon 64 FX-55,Clawhammer,1,,2.6,2.6,939,130.0,,104.0,2004-10-10,True,1,2.6 GHz,Socket 939,130 nm,,104 W,"Oct 10th, 2004",baraazaid/cpu-and-gpu-stats
1cf021f181b3897498a4,Athlon 64 FX-57,San Diego,1,,2.8,2.8,939,90.0,,104.0,2005-06-27,True,1,2.8 GHz,Socket 939,90 nm,,104 W,"Jun 27th, 2005",baraazaid/cpu-and-gpu-stats
8e56f4a8d6afb9e080d6,Athlon 64 FX-60,Toledo,2,,2.6,2.6,939,90.0,,110.0,2006-01-09,True,2,2.6 GHz,Socket 939,90 nm,,110 W,"Jan 9th, 2006",baraazaid/cpu-and-gpu-stats
febb88630ed2fedc977d,Athlon 64 FX-62,Windsor,2,,2.8,2.8,AM2,90.0,,125.0,2006-05-23,True,2,2.8 GHz,Socket AM2,90 nm,,125 W,"May 23rd, 2006",baraazaid/cpu-and-gpu-stats
4260b6536104947219df,Athlon 64 FX-70,Windsor,2,,2.6,2.6,F,90.0,,125.0,2006-11-30,True,2,2.6 GHz,Socket F,90 nm,,125 W,"Nov 30th, 2006",baraazaid/cpu-and-gpu-stats
1fa95085541fc1e2a9ab,Athlon 64 FX-72,Windsor,2,,2.8,2.8,F,90.0,,125.0,2006-11-30,True,2,2.8 GHz,Socket F,90 nm,,125 W,"Nov 30th, 2006",baraazaid/cpu-and-gpu-stats
3e4704f50a32990abec4,Athlon 64 FX-74,Windsor,2,,3.0,3.0,F,90.0,,125.0,2006-11-30,True,2,3 GHz,Socket F,90 nm,,125 W,"Nov 30th, 2006",baraazaid/cpu-and-gpu-stats
8a2842daf9d96e853855,Athlon 64 FX-76,Windsor,2,,3.2,3.2,F,90.0,,125.0,2006-11-01,True,2,3.2 GHz,Socket F,90 nm,,125 W,"Nov 1st, 2006",baraazaid/cpu-and-gpu-stats
7ccaf2f76b0cc7be3019,Athlon 64 LE-1600,Orleans,1,,2.2,2.2,AM2,90.0,,45.0,2007-10-08,True,1,2.2 GHz,Socket AM2,90 nm,,45 W,"Oct 8th, 2007",baraazaid/cpu-and-gpu-stats
e4a9a8b4cb0880c6c646,Athlon 64 LE-1600,Windsor,1,,2.2,2.2,AM2,90.0,,45.0,2007-10-08,True,1,2.2 GHz,Socket AM2,90 nm,,45 W,"Oct 8th, 2007",baraazaid/cpu-and-gpu-stats
342193d3f210c6fac6c0,Athlon 64 LE-1620,Orleans,1,,2.4,2.4,AM2,90.0,,45.0,2007-10-08,True,1,2.4 GHz,Socket AM2,90 nm,,45 W,"Oct 8th, 2007",baraazaid/cpu-and-gpu-stats
2c232f8baa94fa550b14,Athlon 64 LE-1620,Windsor,1,,2.4,2.4,AM2,90.0,,45.0,2007-10-08,True,1,2.4 GHz,Socket AM2,90 nm,,45 W,"Oct 8th, 2007",baraazaid/cpu-and-gpu-stats
60f3c1c6e44281336585,Athlon 64 LE-1640,Windsor,1,,2.6,2.6,AM2,90.0,,45.0,2007-10-08,True,1,2.6 GHz,Socket AM2,90 nm,,45 W,"Oct 8th, 2007",baraazaid/cpu-and-gpu-stats
8055e5a1200c7eb1c377,Athlon 64 LE-1640,Lima,1,,2.7,2.7,AM2,65.0,,45.0,2008-04-01,True,1,2.7 GHz,Socket AM2,65 nm,,45 W,"Apr 1st, 2008",baraazaid/cpu-and-gpu-stats
74489a96b03b80c0c1e0,Athlon 64 LE-1640,Orleans,1,,2.6,2.6,AM2,90.0,,45.0,2009-01-07,True,1,2.6 GHz,Socket AM2,90 nm,,45 W,"Jan 7th, 2009",baraazaid/cpu-and-gpu-stats
9294ea4ad9cb1ce330b1,Athlon 64 LE-1640B,Lima,1,,2.7,2.7,AM2,65.0,,45.0,2008-04-28,True,1,2.7 GHz,Socket AM2,65 nm,,45 W,"Apr 28th, 2008",baraazaid/cpu-and-gpu-stats
7923ddcd476e731f7be5,Athlon 64 LE-1660,Lima,1,,2.8,2.8,AM2,65.0,,45.0,2008-05-01,True,1,2.8 GHz,Socket AM2,65 nm,,45 W,"May 1st, 2008",baraazaid/cpu-and-gpu-stats
8c2f25723ac2e30cf6d8,Athlon 64 X2 3600+,Manchester,2,,2.0,2.0,939,90.0,,89.0,2001-01-01,True,2,2000 MHz,Socket 939,90 nm,,89 W,"Jan 1st, 2001",baraazaid/cpu-and-gpu-stats
e900aae987aaa8ea935c,Athlon 64 X2 3600+,Brisbane,2,,1.9000000000000001,1.9000000000000001,AM2,65.0,,65.0,2006-12-05,True,2,1900 MHz,Socket AM2,65 nm,,65 W,"Dec 5th, 2006",baraazaid/cpu-and-gpu-stats
6a9221619be1624cd454,Athlon 64 X2 3600+ EE,Windsor,2,,2.0,2.0,AM2,90.0,,65.0,2006-08-01,True,2,2000 MHz,Socket AM2,90 nm,,65 W,"Aug 1st, 2006",baraazaid/cpu-and-gpu-stats
1fcafd03e35e611b6cdc,Athlon 64 X2 3800+,Manchester,2,,2.0,2.0,939,90.0,,89.0,2005-08-01,True,2,2000 MHz,Socket 939,90 nm,,89 W,"Aug 1st, 2005",baraazaid/cpu-and-gpu-stats
f3dc1eec66bb2f424b08,Athlon 64 X2 3800+,Toledo,2,,2.0,2.0,939,90.0,,89.0,2005-08-01,True,2,2000 MHz,Socket 939,90 nm,,89 W,"Aug 1st, 2005",baraazaid/cpu-and-gpu-stats
fa9319d116bff9160a27,Athlon 64 X2 3800+,Windsor,2,,2.0,2.0,AM2,90.0,,89.0,2006-05-23,True,2,2000 MHz,Socket AM2,90 nm,,89 W,"May 23rd, 2006",baraazaid/cpu-and-gpu-stats
0b000e216d2af3387aca,Athlon 64 X2 3800+ EE,Windsor,2,,2.0,2.0,AM2,90.0,,65.0,2006-05-23,True,2,2000 MHz,Socket AM2,90 nm,,65 W,"May 23rd, 2006",baraazaid/cpu-and-gpu-stats
0242a6b8408ed4f4403b,Athlon 64 X2 3800+ EE SFF,Windsor,2,,2.0,2.0,AM2,90.0,,35.0,2006-05-23,True,2,2000 MHz,Socket AM2,90 nm,,35 W,"May 23rd, 2006",baraazaid/cpu-and-gpu-stats
c87edbf896fe2fd5bf18,Athlon 64 X2 4000+,Windsor,2,,2.0,2.0,AM2,90.0,,89.0,2006-05-23,True,2,2000 MHz,Socket AM2,90 nm,,89 W,"May 23rd, 2006",baraazaid/cpu-and-gpu-stats
7406497b64fee5252fda,Athlon 64 X2 4000+,Brisbane,2,,2.1,2.1,AM2,65.0,,65.0,2006-12-05,True,2,2.1 GHz,Socket AM2,65 nm,,65 W,"Dec 5th, 2006",baraazaid/cpu-and-gpu-stats
dabb829ef27c0201eb15,Athlon 64 X2 4000+ EE,Windsor,2,,2.0,2.0,AM2,90.0,,65.0,2006-05-23,True,2,2000 MHz,Socket AM2,90 nm,,65 W,"May 23rd, 2006",baraazaid/cpu-and-gpu-stats
5cf45d85d5146f65e102,Athlon 64 X2 4200+,Toledo,2,,2.2,2.2,939,90.0,,89.0,2006-05-23,True,2,2.2 GHz,Socket 939,90 nm,,89 W,"May 23rd, 2006",baraazaid/cpu-and-gpu-stats
1676a1d210006cad2cb3,Athlon 64 X2 4200+,Windsor,2,,2.2,2.2,AM2,90.0,,89.0,2006-05-23,True,2,2.2 GHz,Socket AM2,90 nm,,89 W,"May 23rd, 2006",baraazaid/cpu-and-gpu-stats
fa7ed2f928201d2dea1b,Athlon 64 X2 4200+,Manchester,2,,2.2,2.2,939,90.0,,89.0,2006-05-23,True,2,2.2 GHz,Socket 939,90 nm,,89 W,"May 23rd, 2006",baraazaid/cpu-and-gpu-stats
f99bc00125adb3bbee47,Athlon 64 X2 4200+,Brisbane,2,,2.2,2.2,AM2,65.0,,65.0,2006-12-01,True,2,2.2 GHz,Socket AM2,65 nm,,65 W,"Dec 1st, 2006",baraazaid/cpu-and-gpu-stats
144db7892408723fe846,Athlon 64 X2 4200+ EE,Windsor,2,,2.2,2.2,AM2,90.0,,65.0,2006-05-23,True,2,2.2 GHz,Socket AM2,90 nm,,65 W,"May 23rd, 2006",baraazaid/cpu-and-gpu-stats
e9a4dfd7a3d5cd5245e2,Athlon 64 X2 4400+,Toledo,2,,2.2,2.2,939,90.0,,110.0,2006-05-23,True,2,2.2 GHz,Socket 939,90 nm,,110 W,"May 23rd, 2006",baraazaid/cpu-and-gpu-stats
f90042ab256b63b57a23,Athlon 64 X2 4400+,Windsor,2,,2.2,2.2,AM2,90.0,,89.0,2006-05-23,True,2,2.2 GHz,Socket AM2,90 nm,,89 W,"May 23rd, 2006",baraazaid/cpu-and-gpu-stats
3a6a827aaf9d143ceb30,Athlon 64 X2 4400+,Brisbane,2,,2.3,2.3,AM2,65.0,,65.0,2006-12-05,True,2,2.3 GHz,Socket AM2,65 nm,,65 W,"Dec 5th, 2006",baraazaid/cpu-and-gpu-stats
e54725b5fc9592b572ca,Athlon 64 X2 4400+ EE,Windsor,2,,2.2,2.2,AM2,90.0,,65.0,2006-05-23,True,2,2.2 GHz,Socket AM2,90 nm,,65 W,"May 23rd, 2006",baraazaid/cpu-and-gpu-stats
2b9ada4669aa99ff735f,Athlon 64 X2 4600+,Windsor,2,,2.4,2.4,AM2,90.0,,89.0,2006-05-23,True,2,2.4 GHz,Socket AM2,90 nm,,89 W,"May 23rd, 2006",baraazaid/cpu-and-gpu-stats
d974c25370d5f56b54a5,Athlon 64 X2 4600+,Manchester,2,,2.4,2.4,939,90.0,,110.0,2006-05-23,True,2,2.4 GHz,Socket 939,90 nm,,110 W,"May 23rd, 2006",baraazaid/cpu-and-gpu-stats
a95f140a5662dfd45afc,Athlon 64 X2 4600+,Toledo,2,,2.4,2.4,939,90.0,,89.0,2006-05-23,True,2,2.4 GHz,Socket 939,90 nm,,89 W,"May 23rd, 2006",baraazaid/cpu-and-gpu-stats
fb012b378687094b3c49,Athlon 64 X2 4600+,Brisbane,2,,2.4,2.4,AM2,65.0,,65.0,2008-04-22,True,2,2.4 GHz,Socket AM2,65 nm,,65 W,"Apr 22nd, 2008",baraazaid/cpu-and-gpu-stats
56f15c17c422cc8570a6,Athlon 64 X2 4600+ EE,Windsor,2,,2.4,2.4,AM2,90.0,,65.0,2006-05-23,True,2,2.4 GHz,Socket AM2,90 nm,,65 W,"May 23rd, 2006",baraazaid/cpu-and-gpu-stats
c7e82b1383d6ffda9e88,Athlon 64 X2 4800+,Windsor,2,,2.4,2.4,AM2,90.0,,89.0,2006-05-23,True,2,2.4 GHz,Socket AM2,90 nm,,89 W,"May 23rd, 2006",baraazaid/cpu-and-gpu-stats
447d96f5907ab5b35278,Athlon 64 X2 4800+,Toledo,2,,2.4,2.4,939,90.0,,110.0,2006-05-23,True,2,2.4 GHz,Socket 939,90 nm,,110 W,"May 23rd, 2006",baraazaid/cpu-and-gpu-stats
682b520963027b51190f,Athlon 64 X2 4800+,Brisbane,2,,2.5,2.5,AM2,65.0,,65.0,2006-12-05,True,2,2.5 GHz,Socket AM2,65 nm,,65 W,"Dec 5th, 2006",baraazaid/cpu-and-gpu-stats
7e3bea0b029c1cbad5c3,Athlon 64 X2 4800+ EE,Windsor,2,,2.4,2.4,AM2,90.0,,65.0,2006-05-23,True,2,2.4 GHz,Socket AM2,90 nm,,65 W,"May 23rd, 2006",baraazaid/cpu-and-gpu-stats
3d2649898044e0956c94,Athlon 64 X2 5000+,Windsor,2,,2.6,2.6,AM2,90.0,,89.0,2006-05-23,True,2,2.6 GHz,Socket AM2,90 nm,,89 W,"May 23rd, 2006",baraazaid/cpu-and-gpu-stats
96aec7c766c9e6d5f365,Athlon 64 X2 5000+,Brisbane,2,,2.6,2.6,AM2,65.0,,65.0,2006-12-05,True,2,2.6 GHz,Socket AM2,65 nm,,65 W,"Dec 5th, 2006",baraazaid/cpu-and-gpu-stats
226f2e418d046fd31eee,Athlon 64 X2 5000+ EE,Windsor,2,,2.6,2.6,AM2,90.0,,65.0,2006-09-06,True,2,2.6 GHz,Socket AM2,90 nm,,65 W,"Sep 6th, 2006",baraazaid/cpu-and-gpu-stats
e3416a5000d84d0dd758,Athlon 64 X2 5200+,Windsor,2,,2.6,2.6,AM2,90.0,,89.0,2006-09-06,True,2,2.6 GHz,Socket AM2,90 nm,,89 W,"Sep 6th, 2006",baraazaid/cpu-and-gpu-stats
a62c29d035d4748e6e85,Athlon 64 X2 5200+ EE,Windsor,2,,2.6,2.6,AM2,90.0,,65.0,2006-09-06,True,2,2.6 GHz,Socket AM2,90 nm,,65 W,"Sep 6th, 2006",baraazaid/cpu-and-gpu-stats
cd2accff254e6f17cde0,Athlon 64 X2 5400+,Windsor,2,,2.8,2.8,AM2,90.0,,89.0,2006-12-12,True,2,2.8 GHz,Socket AM2,90 nm,,89 W,"Dec 12th, 2006",baraazaid/cpu-and-gpu-stats
58ac17f57fd750e2918b,Athlon 64 X2 5400+,Brisbane,2,,2.8,2.8,AM2,65.0,,65.0,2008-01-01,True,2,2.8 GHz,Socket AM2,65 nm,,65 W,"Jan 1st, 2008",baraazaid/cpu-and-gpu-stats
5498cbe6a7afb46587d6,Athlon 64 X2 5400+ BE,Brisbane,2,,2.8,2.8,AM2,65.0,,65.0,2008-02-01,True,2,2.8 GHz,Socket AM2,65 nm,,65 W,"Feb 1st, 2008",baraazaid/cpu-and-gpu-stats
6a4be64015dc9d19cd1e,Athlon 64 X2 5600+,Windsor,2,,2.8,2.8,AM2,90.0,,89.0,2006-12-12,True,2,2.8 GHz,Socket AM2,90 nm,,89 W,"Dec 12th, 2006",baraazaid/cpu-and-gpu-stats
fc62d699e3c7735f1f3d,Athlon 64 X2 5600+,Brisbane,2,,2.9,2.9,AM2,65.0,,65.0,2008-02-01,True,2,2.9 GHz,Socket AM2,65 nm,,65 W,"Feb 1st, 2008",baraazaid/cpu-and-gpu-stats
74af4f788874e7aba60f,Athlon 64 X2 5800+,Brisbane,2,,3.0,3.0,AM2,65.0,,89.0,2008-04-01,True,2,3 GHz,Socket AM2,65 nm,,89 W,"Apr 1st, 2008",baraazaid/cpu-and-gpu-stats
e9c1ecd40f0916393a4a,Athlon 650,Thunderbird,1,,0.65,0.65,A,180.0,,38.0,2000-06-05,True,1,650 MHz,Socket A,180 nm,,38 W,"Jun 5th, 2000",baraazaid/cpu-and-gpu-stats
f1d367bee88bd752489b,Athlon 700,Thunderbird,1,,0.7000000000000001,0.7000000000000001,A,180.0,,40.0,2000-06-05,True,1,700 MHz,Socket A,180 nm,,40 W,"Jun 5th, 2000",baraazaid/cpu-and-gpu-stats
3d0bb6f9b926a63636f7,Athlon 750,Thunderbird,1,,0.75,0.75,A,180.0,,43.0,2000-06-05,True,1,750 MHz,Socket A,180 nm,,43 W,"Jun 5th, 2000",baraazaid/cpu-and-gpu-stats
c0875e18811b7b1d3347,Athlon 800,Thunderbird,1,,0.8,0.8,A,180.0,,45.0,2000-06-05,True,1,800 MHz,Socket A,180 nm,,45 W,"Jun 5th, 2000",baraazaid/cpu-and-gpu-stats
bd8b7c8679c8bdb58e2f,Athlon 850,Thunderbird,1,,0.85,0.85,A,180.0,,47.0,2000-06-05,True,1,850 MHz,Socket A,180 nm,,47 W,"Jun 5th, 2000",baraazaid/cpu-and-gpu-stats
4e0fa9f3d9c18a7a79e1,Athlon 900,Thunderbird,1,,0.9,0.9,A,180.0,,50.0,2000-06-05,True,1,900 MHz,Socket A,180 nm,,50 W,"Jun 5th, 2000",baraazaid/cpu-and-gpu-stats
5964d4cccd36776152d2,Athlon 950,Thunderbird,1,,0.9500000000000001,0.9500000000000001,A,180.0,,52.0,2000-06-05,True,1,950 MHz,Socket A,180 nm,,52 W,"Jun 5th, 2000",baraazaid/cpu-and-gpu-stats
eda361fd738db3f280fd,Athlon Gold 3150G,,,,,,,,,,,False,,,,,,,,baraazaid/cpu-and-gpu-stats
f774804030369325565b,Athlon Gold 3150GE,,,,,,,,,,,False,,,,,,,,baraazaid/cpu-and-gpu-stats
cd5ba96d6730e6e9a14b,Athlon Gold PRO 3150G,,,,,,,,,,,False,,,,,,,,baraazaid/cpu-and-gpu-stats
20a9290111bc08db25a4,Athlon Gold PRO 3150GE,,,,,,,,,,,False,,,,,,,,baraazaid/cpu-and-gpu-stats
6f19a8cd92552fcbf6b5,Athlon II X2 210e,Regor,2,,2.6,2.6,AM3,45.0,,45.0,2010-09-21,True,2,2.6 GHz,Socket AM3,45 nm,,45 W,"Sep 21st, 2010",baraazaid/cpu-and-gpu-stats
3bea91534b346ebd9853,Athlon II X2 215,Regor,2,,2.7,2.7,AM3,45.0,,65.0,2009-10-20,True,2,2.7 GHz,Socket AM3,45 nm,,65 W,"Oct 20th, 2009",baraazaid/cpu-and-gpu-stats
986fabe6bf6429529b87,Athlon II X2 220,Regor,2,,2.8,2.8,AM3,45.0,,65.0,2010-09-21,True,2,2.8 GHz,Socket AM3,45 nm,,65 W,"Sep 21st, 2010",baraazaid/cpu-and-gpu-stats
ca5075fbb2d861e8ec04,Athlon II X2 235e,Regor,2,,2.7,2.7,AM3,45.0,,45.0,2009-10-20,True,2,2.7 GHz,Socket AM3,45 nm,,45 W,"Oct 20th, 2009",baraazaid/cpu-and-gpu-stats
97663f889267a0f21f88,Athlon II X2 240,Regor,2,,2.8,2.8,AM3,45.0,,65.0,2009-07-23,True,2,2.8 GHz,Socket AM3,45 nm,,65 W,"Jul 23rd, 2009",baraazaid/cpu-and-gpu-stats
9d533d8a42d80b05fb75,Athlon II X2 240e,Regor,2,,2.8,2.8,AM3,45.0,,45.0,2009-10-20,True,2,2.8 GHz,Socket AM3,45 nm,,45 W,"Oct 20th, 2009",baraazaid/cpu-and-gpu-stats
c89a244e8a971211f3c9,Athlon II X2 245,Regor,2,,2.9,2.9,AM3,45.0,,65.0,2009-07-23,True,2,2.9 GHz,Socket AM3,45 nm,,65 W,"Jul 23rd, 2009",baraazaid/cpu-and-gpu-stats
b261d43a21b8e0878350,Athlon II X2 245e,Regor,2,,2.9,2.9,AM3,45.0,,45.0,2010-05-11,True,2,2.9 GHz,Socket AM3,45 nm,,45 W,"May 11th, 2010",baraazaid/cpu-and-gpu-stats
563cdc03c7de1334b6ca,Athlon II X2 250,Regor,2,,3.0,3.0,AM3,45.0,,65.0,2009-06-02,True,2,3 GHz,Socket AM3,45 nm,,65 W,"Jun 2nd, 2009",baraazaid/cpu-and-gpu-stats
acf3b7164cadd494e0f9,Athlon II X2 250e,Regor,2,,3.0,3.0,AM3,45.0,,45.0,2010-09-21,True,2,3 GHz,Socket AM3,45 nm,,45 W,"Sep 21st, 2010",baraazaid/cpu-and-gpu-stats
9959c658ef47c890dc45,Athlon II X2 250u,Regor,2,,1.6,1.6,AM3,45.0,,25.0,2009-10-20,True,2,1600 MHz,Socket AM3,45 nm,,25 W,"Oct 20th, 2009",baraazaid/cpu-and-gpu-stats
a8888413a0bb5c3cdc45,Athlon II X2 255,Regor,2,,3.1,3.1,AM3,45.0,,65.0,2010-01-25,True,2,3.1 GHz,Socket AM3,45 nm,,65 W,"Jan 25th, 2010",baraazaid/cpu-and-gpu-stats
3cc0055c2c6433e16589,Athlon II X2 260,Regor,2,,3.2,3.2,AM3,45.0,,65.0,2010-05-11,True,2,3.2 GHz,Socket AM3,45 nm,,65 W,"May 11th, 2010",baraazaid/cpu-and-gpu-stats
71aa6f2523376f6a42dd,Athlon II X2 260u,Regor,2,,1.8,1.8,AM3,45.0,,25.0,2009-10-20,True,2,1800 MHz,Socket AM3,45 nm,,25 W,"Oct 20th, 2009",baraazaid/cpu-and-gpu-stats
78da5ea6d0d53658ea45,Athlon II X2 265,Regor,2,,3.3,3.3,AM3,45.0,,65.0,2010-09-21,True,2,3.3 GHz,Socket AM3,45 nm,,65 W,"Sep 21st, 2010",baraazaid/cpu-and-gpu-stats
9b350ab9e7d9991b4760,Athlon II X2 270,Regor,2,,3.4,3.4,AM3,45.0,,65.0,2011-07-01,True,2,3.4 GHz,Socket AM3,45 nm,,65 W,"Jul 1st, 2011",baraazaid/cpu-and-gpu-stats
22aa103301694d6e9ef9,Athlon II X2 270u,Regor,2,,2.0,2.0,AM3,45.0,,25.0,2010-09-21,True,2,2000 MHz,Socket AM3,45 nm,,25 W,"Sep 21st, 2010",baraazaid/cpu-and-gpu-stats
214269258a2bf904b149,Athlon II X2 280,Regor,2,,3.6,3.6,AM3,45.0,,65.0,2013-02-06,True,2,3.6 GHz,Socket AM3,45 nm,,65 W,"Feb 6th, 2013",baraazaid/cpu-and-gpu-stats
6785e5fe5645acc17ab2,Athlon II X3 400e,Rana,3,,2.2,2.2,AM3,45.0,,45.0,2009-10-20,True,3,2.2 GHz,Socket AM3,45 nm,,45 W,"Oct 20th, 2009",baraazaid/cpu-and-gpu-stats
14ee930cdb05b0722f95,Athlon II X3 405e,Rana,3,,2.3,2.3,AM3,45.0,,45.0,2009-10-20,True,3,2.3 GHz,Socket AM3,45 nm,,45 W,"Oct 20th, 2009",baraazaid/cpu-and-gpu-stats
10d3b5fbb2807cc4edea,Athlon II X3 415e,Rana,3,,2.5,2.5,AM3,45.0,,45.0,2010-05-11,True,3,2.5 GHz,Socket AM3,45 nm,,45 W,"May 11th, 2010",baraazaid/cpu-and-gpu-stats
0dbf67196f8da160cb16,Athlon II X3 420e,Rana,3,,2.6,2.6,AM3,45.0,,45.0,2010-09-21,True,3,2.6 GHz,Socket AM3,45 nm,,45 W,"Sep 21st, 2010",baraazaid/cpu-and-gpu-stats
001d7264ef28f1868203,Athlon II X3 425,Rana,3,,2.7,2.7,AM3,45.0,,95.0,2009-10-20,True,3,2.7 GHz,Socket AM3,45 nm,,95 W,"Oct 20th, 2009",baraazaid/cpu-and-gpu-stats
ba7f4910e4c53499fec5,Athlon II X3 425e,Rana,3,,2.7,2.7,AM3,45.0,,45.0,2011-05-03,True,3,2.7 GHz,Socket AM3,45 nm,,45 W,"May 3rd, 2011",baraazaid/cpu-and-gpu-stats
62567a283bb8d0bb77ed,Athlon II X3 435,Rana,3,,2.9,2.9,AM3,45.0,,95.0,2009-10-09,True,3,2.9 GHz,Socket AM3,45 nm,,95 W,"Oct 9th, 2009",baraazaid/cpu-and-gpu-stats
5b5d1de50f4ec8e1caa2,Athlon II X3 440,Rana,3,,3.0,3.0,AM3,45.0,,95.0,2010-01-25,True,3,3 GHz,Socket AM3,45 nm,,95 W,"Jan 25th, 2010",baraazaid/cpu-and-gpu-stats
c450eb5a7df1805058c2,Athlon II X3 445,Rana,3,,3.1,3.1,AM3,45.0,,95.0,2010-05-11,True,3,3.1 GHz,Socket AM3,45 nm,,95 W,"May 11th, 2010",baraazaid/cpu-and-gpu-stats
06c5439b30ac83da0136,Athlon II X3 450,Rana,3,,3.2,3.2,AM3,45.0,,95.0,2010-09-21,True,3,3.2 GHz,Socket AM3,45 nm,,95 W,"Sep 21st, 2010",baraazaid/cpu-and-gpu-stats
fcc1a7b4fb408ffa1518,Athlon II X3 455,Rana,3,,3.3,3.3,AM3,45.0,,95.0,2010-12-07,True,3,3.3 GHz,Socket AM3,45 nm,,95 W,"Dec 7th, 2010",baraazaid/cpu-and-gpu-stats
dbc66fa169efd00dde04,Athlon II X3 460,Rana,3,,3.4,3.4,AM3,45.0,,95.0,2011-05-03,True,3,3.4 GHz,Socket AM3,45 nm,,95 W,"May 3rd, 2011",baraazaid/cpu-and-gpu-stats
60b09358fa57e4be6f60,Athlon II X4 610e,Propus,4,,2.4,2.4,AM3,45.0,,45.0,2010-05-11,True,4,2.4 GHz,Socket AM3,45 nm,,45 W,"May 11th, 2010",baraazaid/cpu-and-gpu-stats
85815b1ad9fee477897f,Athlon II X4 615e,Propus,4,,2.5,2.5,AM3,45.0,,45.0,2010-09-21,True,4,2.5 GHz,Socket AM3,45 nm,,45 W,"Sep 21st, 2010",baraazaid/cpu-and-gpu-stats
06aa368c0fed01343e86,Athlon II X4 620e,Propus,4,,2.6,2.6,AM3,45.0,,45.0,2011-05-03,True,4,2.6 GHz,Socket AM3,45 nm,,45 W,"May 3rd, 2011",baraazaid/cpu-and-gpu-stats
c0e59f6977e833d15513,Athlon II X4 631,Llano,4,,2.6,2.6,FM1,32.0,,100.0,2011-08-17,True,4,2.6 GHz,Socket FM1,32 nm,,100 W,"Aug 17th, 2011",baraazaid/cpu-and-gpu-stats
ab72b373cf355d46517b,Athlon II X4 635,Propus,4,,2.9,2.9,AM3,45.0,,95.0,2010-01-25,True,4,2.9 GHz,Socket AM3,45 nm,,95 W,"Jan 25th, 2010",baraazaid/cpu-and-gpu-stats
661be8d0fdbb8982005a,Athlon II X4 638,Llano,4,,2.7,2.7,FM1,32.0,,65.0,2012-02-06,True,4,2.7 GHz,Socket FM1,32 nm,,65 W,"Feb 6th, 2012",baraazaid/cpu-and-gpu-stats
2c7de23136bcd1592d3c,Athlon II X4 640,Propus,4,,3.0,3.0,AM3,45.0,,95.0,2010-05-11,True,4,3 GHz,Socket AM3,45 nm,,95 W,"May 11th, 2010",baraazaid/cpu-and-gpu-stats
5465445d06963523583d,Athlon II X4 641,Llano,4,,2.8,2.8,FM1,32.0,,100.0,2012-02-06,True,4,2.8 GHz,Socket FM1,32 nm,,100 W,"Feb 6th, 2012",baraazaid/cpu-and-gpu-stats
94dadbb234a76c6e0d2b,Athlon II X4 645,Propus,4,,3.1,3.1,AM3,45.0,,95.0,2010-09-21,True,4,3.1 GHz,Socket AM3,45 nm,,95 W,"Sep 21st, 2010",baraazaid/cpu-and-gpu-stats
109cf5080627b7d45047,Athlon II X4 651,Llano,4,,3.0,3.0,FM1,32.0,,100.0,2011-11-14,True,4,3 GHz,Socket FM1,32 nm,,100 W,"Nov 14th, 2011",baraazaid/cpu-and-gpu-stats
41ec455337ad45c916ad,Athlon II X4 651K,Llano,4,,3.0,3.0,FM1,32.0,,100.0,2011-11-14,True,4,3 GHz,Socket FM1,32 nm,,100 W,"Nov 14th, 2011",baraazaid/cpu-and-gpu-stats
0032c171fbc86c255de8,Athlon PRO 300U,,,,,,,,,,,False,,,,,,,,baraazaid/cpu-and-gpu-stats
7c12554d0e2919107857,Athlon X2 340,Trinity,2,,3.2,3.6,FM2,32.0,,65.0,2012-10-02,True,2,3.2 to 3.6 GHz,Socket FM2,32 nm,,65 W,"Oct 2nd, 2012",baraazaid/cpu-and-gpu-stats
447c30eba0855ebce11d,Athlon X2 4050e,Brisbane,2,,2.1,2.1,AM2,65.0,,45.0,2008-04-21,True,2,2.1 GHz,Socket AM2,65 nm,,45 W,"Apr 21st, 2008",baraazaid/cpu-and-gpu-stats
0bac932c59c3554ad6ab,Athlon X2 4450e,Brisbane,2,,2.3,2.3,AM2,65.0,,45.0,2008-04-21,True,2,2.3 GHz,Socket AM2,65 nm,,45 W,"Apr 21st, 2008",baraazaid/cpu-and-gpu-stats
1a1074f545840fb5da14,Athlon X2 450,,,,,,,,,,,False,,,,,,,,baraazaid/cpu-and-gpu-stats
0c38fc84327aaf0b67d8,Athlon X2 4850e,Brisbane,2,,2.5,2.5,AM2,65.0,,45.0,2008-03-05,True,2,2.5 GHz,Socket AM2,65 nm,,45 W,"Mar 5th, 2008",baraazaid/cpu-and-gpu-stats
e68c3b2521d6203d6412,Athlon X2 5050e,Brisbane,2,,2.6,2.6,AM2,65.0,,45.0,2008-10-21,True,2,2.6 GHz,Socket AM2,65 nm,,45 W,"Oct 21st, 2008",baraazaid/cpu-and-gpu-stats
a8be54afe1045210c85a,Athlon X2 6500 BE,Kuma,2,,2.3,2.3,AM2+,65.0,2.0,95.0,2008-09-08,True,2,2.3 GHz,Socket AM2+,65 nm,2MB,95 W,"Sep 8th, 2008",baraazaid/cpu-and-gpu-stats
603a4fc0f8f43c8ec6a8,Athlon X2 7450,Kuma,2,,2.4,2.4,AM2+,65.0,2.0,95.0,2008-12-15,True,2,2.4 GHz,Socket AM2+,65 nm,2MB,95 W,"Dec 15th, 2008",baraazaid/cpu-and-gpu-stats
f1bb8c46b076d8c5a23f,Athlon X2 7550,Kuma,2,,2.5,2.5,AM2+,65.0,2.0,95.0,2008-12-15,True,2,2.5 GHz,Socket AM2+,65 nm,2MB,95 W,"Dec 15th, 2008",baraazaid/cpu-and-gpu-stats
e47197413796b415f10a,Athlon X2 7750 BE,Kuma,2,,2.7,2.7,AM2+,65.0,2.0,95.0,2008-12-15,True,2,2.7 GHz,Socket AM2+,65 nm,2MB,95 W,"Dec 15th, 2008",baraazaid/cpu-and-gpu-stats
a7394a73a462eddbdead,Athlon X2 7850 BE,Kuma,2,,2.8,2.8,AM2+,65.0,2.0,95.0,2009-04-28,True,2,2.8 GHz,Socket AM2+,65 nm,2MB,95 W,"Apr 28th, 2009",baraazaid/cpu-and-gpu-stats
878a5941e30ace15b73f,Athlon X2 QL-60,Griffin,2,,1.9000000000000001,1.9000000000000001,S1,65.0,,35.0,2008-06-01,True,2,1900 MHz,Socket S1,65 nm,,35 W,"Jun 1st, 2008",baraazaid/cpu-and-gpu-stats
84ea5570f1b75469c7a7,Athlon X2 QL-62,Griffin,2,,2.0,2.0,S1,65.0,,25.0,2008-09-01,True,2,2000 MHz,Socket S1,65 nm,,25 W,"Sep 1st, 2008",baraazaid/cpu-and-gpu-stats
6ae0170f7c6c094dc0ad,Athlon X2 QL-64,Griffin,2,,2.1,2.1,S1,65.0,,35.0,2008-12-01,True,2,2.1 GHz,Socket S1,65 nm,,35 W,"Dec 1st, 2008",baraazaid/cpu-and-gpu-stats
8c88790e36e1b5cf378f,Athlon X2 QL-65,Griffin,2,,2.1,2.1,S1,65.0,,35.0,2008-12-01,True,2,2.1 GHz,Socket S1,65 nm,,35 W,"Dec 1st, 2008",baraazaid/cpu-and-gpu-stats
52251b61abf6c8374860,Athlon X2 QL-67,Griffin,2,,2.2,2.2,S1,65.0,,35.0,2008-12-01,True,2,2.2 GHz,Socket S1,65 nm,,35 W,"Dec 1st, 2008",baraazaid/cpu-and-gpu-stats
d76eee8e8bb5593868e2,Athlon X4 730,Trinity,4,,2.8,3.2,FM2,32.0,,65.0,2012-10-02,True,4,2.8 to 3.2 GHz,Socket FM2,32 nm,,65 W,"Oct 2nd, 2012",baraazaid/cpu-and-gpu-stats
1eb5ccfc43dc69f2b437,Athlon X4 740,Trinity,4,,3.2,3.7,FM2,32.0,,65.0,2012-10-02,True,4,3.2 to 3.7 GHz,Socket FM2,32 nm,,65 W,"Oct 2nd, 2012",baraazaid/cpu-and-gpu-stats
167aa3c06ebfb42658e5,Athlon X4 750,Richland,4,,3.4,4.0,FM2,32.0,,65.0,2013-10-01,True,4,3.4 to 4 GHz,Socket FM2,32 nm,,65 W,Oct 2013,baraazaid/cpu-and-gpu-stats
ba0ee07448a49979284c,Athlon X4 750K,Trinity,4,,3.4,4.0,FM2,32.0,,100.0,2012-10-02,True,4,3.4 to 4 GHz,Socket FM2,32 nm,,100 W,"Oct 2nd, 2012",baraazaid/cpu-and-gpu-stats
5c3773e27f4b8a0d795c,Athlon X4 760K,Richland,4,,3.8,4.1,FM2,32.0,,100.0,2013-06-01,True,4,3.8 to 4.1 GHz,Socket FM2,32 nm,,100 W,"Jun 1st, 2013",baraazaid/cpu-and-gpu-stats
5f807bbf86395b3fdfed,Athlon X4 830,,,,,,,,,,,False,,,,,,,,baraazaid/cpu-and-gpu-stats
8b47a3287ecbe18fb708,Athlon X4 840,,,,,,,,,,,False,,,,,,,,baraazaid/cpu-and-gpu-stats
44c82e7180e99573173d,Athlon X4 845,Carrizo,4,,3.5,3.8,FM2+,28.0,,65.0,2016-02-02,True,4,3.5 to 3.8 GHz,Socket FM2+,28 nm,,65 W,"Feb 2nd, 2016",baraazaid/cpu-and-gpu-stats
750fa77c1d915cc97743,Athlon X4 850,,,,,,,,,,,False,,,,,,,,baraazaid/cpu-and-gpu-stats
901e7132d032657bebb9,Athlon X4 860K,,,,,,,,,,,False,,,,,,,,baraazaid/cpu-and-gpu-stats
d05374401092e44d5df5,Athlon X4 870K,,,,,,,,,,,False,,,,,,,,baraazaid/cpu-and-gpu-stats
6c460de11f08754236dc,Athlon X4 880K,,,,,,,,,,,False,,,,,,,,baraazaid/cpu-and-gpu-stats
dbf13179ae8717468b7e,Athlon X4 940,Bristol Ridge,4,,3.2,3.6,AM4,28.0,,65.0,2017-07-27,True,4,3.2 to 3.6 GHz,Socket AM4,28 nm,,65 W,"Jul 27th, 2017",baraazaid/cpu-and-gpu-stats
a6d7ace475a73e7d93c0,Athlon X4 950,Bristol Ridge,4,,3.5,3.8,AM4,28.0,,65.0,2017-07-27,True,4,3.5 to 3.8 GHz,Socket AM4,28 nm,,65 W,"Jul 27th, 2017",baraazaid/cpu-and-gpu-stats
894b8ffadc77b64d3084,Athlon X4 970,Bristol Ridge,4,,3.8,4.0,AM4,28.0,,65.0,2017-07-27,True,4,3.8 to 4 GHz,Socket AM4,28 nm,,65 W,"Jul 27th, 2017",baraazaid/cpu-and-gpu-stats
a210d6dbe20c5183701d,Athlon XP 1500+,Palomino,1,,1.333,1.333,A,180.0,,60.0,2001-10-09,True,1,1333 MHz,Socket A,180 nm,,60 W,"Oct 9th, 2001",baraazaid/cpu-and-gpu-stats
41ff0db9026a7606a61f,Athlon XP 1600+,Thoroughbred,1,,1.4000000000000001,1.4000000000000001,A,130.0,,49.0,2001-01-01,True,1,1400 MHz,Socket A,130 nm,,49 W,"Jan 1st, 2001",baraazaid/cpu-and-gpu-stats
8f8eab2abfcbd99be769,Athlon XP 1600+,Palomino,1,,1.4000000000000001,1.4000000000000001,A,180.0,,63.0,2001-10-09,True,1,1400 MHz,Socket A,180 nm,,63 W,"Oct 9th, 2001",baraazaid/cpu-and-gpu-stats
2591565bd79f9044bc7c,Athlon XP 1700+,Thoroughbred,1,,1.467,1.467,A,130.0,,50.0,2001-01-01,True,1,1467 MHz,Socket A,130 nm,,50 W,"Jan 1st, 2001",baraazaid/cpu-and-gpu-stats
9ffa490000b6cd2c3414,Athlon XP 1700+,Palomino,1,,1.467,1.467,A,180.0,,64.0,2001-10-09,True,1,1467 MHz,Socket A,180 nm,,64 W,"Oct 9th, 2001",baraazaid/cpu-and-gpu-stats
cdbf293c77042db19d16,Athlon XP 1800+,Thoroughbred,1,,1.5330000000000001,1.5330000000000001,A,130.0,,51.0,2001-01-01,True,1,1533 MHz,Socket A,130 nm,,51 W,"Jan 1st, 2001",baraazaid/cpu-and-gpu-stats
fa8f7e1c74e95d3c5919,Athlon XP 1800+,Palomino,1,,1.5330000000000001,1.5330000000000001,A,180.0,,66.0,2001-10-09,True,1,1533 MHz,Socket A,180 nm,,66 W,"Oct 9th, 2001",baraazaid/cpu-and-gpu-stats
fe93168e564f33a24552,Athlon XP 1800+,Thoroughbred,1,,1.5330000000000001,1.5330000000000001,A,130.0,,51.0,2002-06-10,True,1,1533 MHz,Socket A,130 nm,,51 W,"Jun 10th, 2002",baraazaid/cpu-and-gpu-stats
2cd9fa5794c9798d216f,Athlon XP 1900+,Thoroughbred,1,,1.6,1.6,A,130.0,,53.0,2001-01-01,True,1,1600 MHz,Socket A,130 nm,,53 W,"Jan 1st, 2001",baraazaid/cpu-and-gpu-stats
3d403ccad1522773dc01,Athlon XP 1900+,Palomino,1,,1.6,1.6,A,180.0,,68.0,2001-11-05,True,1,1600 MHz,Socket A,180 nm,,68 W,"Nov 5th, 2001",baraazaid/cpu-and-gpu-stats
3bbfe042cb2dc4d23810,Athlon XP 2000+,Palomino,1,,1.667,1.667,A,180.0,,70.0,2002-01-07,True,1,1667 MHz,Socket A,180 nm,,70 W,"Jan 7th, 2002",baraazaid/cpu-and-gpu-stats
8102ef085a0d850578a3,Athlon XP 2000+,Thoroughbred,1,,1.667,1.667,A,130.0,,60.0,2002-06-10,True,1,1667 MHz,Socket A,130 nm,,60 W,"Jun 10th, 2002",baraazaid/cpu-and-gpu-stats
14416e201d1677bac848,Athlon XP 2000+,Thorton,1,,1.667,1.667,A,130.0,,60.0,2003-09-01,True,1,1667 MHz,Socket A,130 nm,,60 W,"Sep 1st, 2003",baraazaid/cpu-and-gpu-stats
88def86e4877d7a7230a,Athlon XP 2100+,Thoroughbred,1,,1.733,1.733,A,130.0,,62.0,2001-01-01,True,1,1733 MHz,Socket A,130 nm,,62 W,"Jan 1st, 2001",baraazaid/cpu-and-gpu-stats
a48ee504c73c5946ca24,Athlon XP 2100+,Palomino,1,,1.733,1.733,A,180.0,,72.0,2002-03-13,True,1,1733 MHz,Socket A,180 nm,,72 W,"Mar 13th, 2002",baraazaid/cpu-and-gpu-stats
b80a100ac861d85cdc71,Athlon XP 2200+,Thoroughbred,1,,1.8,1.8,A,130.0,,63.0,2001-01-01,True,1,1800 MHz,Socket A,130 nm,,63 W,"Jan 1st, 2001",baraazaid/cpu-and-gpu-stats
bb5c0472bb8488a5b409,Athlon XP 2200+,Thoroughbred,1,,1.8,1.8,A,130.0,,68.0,2002-06-10,True,1,1800 MHz,Socket A,130 nm,,68 W,"Jun 10th, 2002",baraazaid/cpu-and-gpu-stats
c4b51635a72b16e2840a,Athlon XP 2200+,Thorton,1,,1.8,1.8,A,130.0,,63.0,2003-09-01,True,1,1800 MHz,Socket A,130 nm,,63 W,"Sep 1st, 2003",baraazaid/cpu-and-gpu-stats
6c5fa9a11055ab5011d6,Athlon XP 2400+,Thoroughbred,1,,2.0,2.0,A,130.0,,65.0,2002-08-21,True,1,2000 MHz,Socket A,130 nm,,65 W,"Aug 21st, 2002",baraazaid/cpu-and-gpu-stats
ccfd1416c9e40096d8a4,Athlon XP 2400+,Thoroughbred,1,,2.0,2.0,A,130.0,,68.0,2002-08-21,True,1,2000 MHz,Socket A,130 nm,,68 W,"Aug 21st, 2002",baraazaid/cpu-and-gpu-stats
273f7de7162688ed7225,Athlon XP 2400+,Thorton,1,,2.0,2.0,A,130.0,,68.0,2003-09-01,True,1,2000 MHz,Socket A,130 nm,,68 W,"Sep 1st, 2003",baraazaid/cpu-and-gpu-stats
74e143eb276b053e99a8,Athlon XP 2500+,Barton,1,,1.833,1.833,A,130.0,,68.0,2003-02-10,True,1,1833 MHz,Socket A,130 nm,,68 W,"Feb 10th, 2003",baraazaid/cpu-and-gpu-stats
a9c7dfea27559b8e50e5,Athlon XP 2500+ DTR,Barton,1,,1.833,1.833,A,130.0,,55.0,2003-02-10,True,1,1833 MHz,Socket A,130 nm,,55 W,"Feb 10th, 2003",baraazaid/cpu-and-gpu-stats
e5f4425237d579e58b2b,Athlon XP 2600+,Thoroughbred,1,,2.083,2.083,A,130.0,,68.0,2002-08-21,True,1,2.083 GHz,Socket A,130 nm,,68 W,"Aug 21st, 2002",baraazaid/cpu-and-gpu-stats
c2ef584b16c6112aa49e,Athlon XP 2600+,Thoroughbred,1,,2.133,2.133,A,130.0,,68.0,2002-10-01,True,1,2.133 GHz,Socket A,130 nm,,68 W,"Oct 1st, 2002",baraazaid/cpu-and-gpu-stats
3dd4e69d6797aa578e49,Athlon XP 2600+,Thorton,1,,2.083,2.083,A,130.0,,68.0,2003-09-01,True,1,2.083 GHz,Socket A,130 nm,,68 W,"Sep 1st, 2003",baraazaid/cpu-and-gpu-stats
17621609f4e43e4c055b,Athlon XP 2600+,Thorton,1,,2.133,2.133,A,130.0,,68.0,2003-09-01,True,1,2.133 GHz,Socket A,130 nm,,68 W,"Sep 1st, 2003",baraazaid/cpu-and-gpu-stats
d8da36cebcdb1866fcfb,Athlon XP 2600+,Barton,1,,1.917,1.917,A,130.0,,68.0,2003-09-13,True,1,1917 MHz,Socket A,130 nm,,68 W,"Sep 13th, 2003",baraazaid/cpu-and-gpu-stats
a60e038efa2be12baefc,Athlon XP 2600+ DTR,Barton,1,,1.917,1.917,A,130.0,,55.0,2004-11-19,True,1,1917 MHz,Socket A,130 nm,,55 W,"Nov 19th, 2004",baraazaid/cpu-and-gpu-stats
263f5eb07112cc23f283,Athlon XP 2700+,Thoroughbred,1,,2.167,2.167,A,130.0,,68.0,2002-10-01,True,1,2.167 GHz,Socket A,130 nm,,68 W,"Oct 1st, 2002",baraazaid/cpu-and-gpu-stats
e8e78841218c8d242ed6,Athlon XP 2800+,Thoroughbred,1,,2.25,2.25,A,130.0,,74.0,2002-10-01,True,1,2.25 GHz,Socket A,130 nm,,74 W,"Oct 1st, 2002",baraazaid/cpu-and-gpu-stats
e5073ae503d880286f4f,Athlon XP 2800+,Barton,1,,2.083,2.083,A,130.0,,68.0,2003-02-10,True,1,2.083 GHz,Socket A,130 nm,,68 W,"Feb 10th, 2003",baraazaid/cpu-and-gpu-stats
bbcfeaa3bb64330e5e2b,Athlon XP 2800+ DTR,Barton,1,,2.083,2.083,A,130.0,,55.0,2004-12-29,True,1,2.083 GHz,Socket A,130 nm,,55 W,"Dec 29th, 2004",baraazaid/cpu-and-gpu-stats
6ecb00541bb676798595,Athlon XP 3000+ (333FSB),Barton,1,,2.167,2.167,A,130.0,,68.0,2003-02-10,True,1,2.167 GHz,Socket A,130 nm,,68 W,"Feb 10th, 2003",baraazaid/cpu-and-gpu-stats
0eef5f86f2cf98bbfa1a,Athlon XP 3000+ (400FSB),Barton,1,,2.1,2.1,A,130.0,,68.0,2003-05-13,True,1,2.1 GHz,Socket A,130 nm,,68 W,"May 13th, 2003",baraazaid/cpu-and-gpu-stats
7b712a9d117b2ba6cea5,Athlon XP 3100+,Thorton,1,,2.2,2.2,A,130.0,,68.0,2003-12-01,True,1,2.2 GHz,Socket A,130 nm,,68 W,"Dec 1st, 2003",baraazaid/cpu-and-gpu-stats
c1fda829dff4c08de509,Athlon XP 3200+ (333FSB),Barton,1,,2.333,2.333,A,130.0,,79.0,2003-05-13,True,1,2.333 GHz,Socket A,130 nm,,79 W,"May 13th, 2003",baraazaid/cpu-and-gpu-stats
e0cf0c374892f5e5dd7c,Athlon XP 3200+ (400FSB),Barton,1,,2.2,2.2,A,130.0,,77.0,2003-05-13,True,1,2.2 GHz,Socket A,130 nm,,77 W,"May 13th, 2003",baraazaid/cpu-and-gpu-stats
3376b2c163e7bc78f129,Athlon XP-M 1800+ (25W),Barton,1,,1.4000000000000001,1.4000000000000001,563,130.0,,25.0,2003-03-12,True,1,1400 MHz,Socket 563,130 nm,,25 W,"Mar 12th, 2003",baraazaid/cpu-and-gpu-stats
55bd16ad897c6145b53f,Athlon XP-M 2000+ (25W),Barton,1,,1.5330000000000001,1.5330000000000001,563,130.0,,25.0,2003-06-17,True,1,1533 MHz,Socket 563,130 nm,,25 W,"Jun 17th, 2003",baraazaid/cpu-and-gpu-stats
59d710cdfae280218571,Athlon XP-M 2000+ (35W),Barton,1,,1.5330000000000001,1.5330000000000001,563,130.0,,35.0,2003-06-17,True,1,1533 MHz,Socket 563,130 nm,,35 W,"Jun 17th, 2003",baraazaid/cpu-and-gpu-stats
96c1f195836d0a955c68,Athlon XP-M 2200+,Thoroughbred,1,,1.8,1.8,A,130.0,,45.0,2002-11-11,True,1,1800 MHz,Socket A,130 nm,,45 W,"Nov 11th, 2002",baraazaid/cpu-and-gpu-stats
b59577262a734d290f3e,Athlon XP-M 2200+,Barton,1,,1.667,1.667,A,130.0,,35.0,2003-03-12,True,1,1667 MHz,Socket A,130 nm,,35 W,"Mar 12th, 2003",baraazaid/cpu-and-gpu-stats
494054c9797095f7f0f9,Athlon XP-M 2200+,Barton,1,,1.667,1.667,563,130.0,,27.0,2004-07-24,True,1,1667 MHz,Socket 563,130 nm,,27 W,"Jul 24th, 2004",baraazaid/cpu-and-gpu-stats
3bbf7d5a0ea46b6ce070,Athlon XP-M 2400+,Barton,1,,1.8,1.8,A,130.0,,45.0,2003-03-12,True,1,1800 MHz,Socket A,130 nm,,45 W,"Mar 12th, 2003",baraazaid/cpu-and-gpu-stats
4b949b0bda66b0817c3d,Athlon XP-M 2400+ (35W),Barton,1,,1.8,1.8,A,130.0,,35.0,2003-03-12,True,1,1800 MHz,Socket A,130 nm,,35 W,"Mar 12th, 2003",baraazaid/cpu-and-gpu-stats
c03d115813f4186ceb69,Athlon XP-M 2400+ (72W),Barton,1,,1.8,1.8,A,130.0,,72.0,2003-03-12,True,1,1800 MHz,Socket A,130 nm,,72 W,"Mar 12th, 2003",baraazaid/cpu-and-gpu-stats
d0b8f797d503931eb910,Athlon XP-M 2500+,Barton,1,,1.862,1.862,A,130.0,,45.0,2003-03-12,True,1,1862 MHz,Socket A,130 nm,,45 W,"Mar 12th, 2003",baraazaid/cpu-and-gpu-stats
681f4cf65a28c8b88015,Athlon XP-M 2500+ (35W),Barton,1,,1.867,1.867,A,130.0,,35.0,2003-03-12,True,1,1867 MHz,Socket A,130 nm,,35 W,"Mar 12th, 2003",baraazaid/cpu-and-gpu-stats
3581fdbeecd3813a0a4b,Athlon XP-M 2500+ (72W),Barton,1,,1.867,1.867,A,130.0,,72.0,2003-03-12,True,1,1867 MHz,Socket A,130 nm,,72 W,"Mar 12th, 2003",baraazaid/cpu-and-gpu-stats
9e71052abfbafde12aa8,Athlon XP-M 2600+,Barton,1,,2.0,2.0,A,130.0,,45.0,2003-03-12,True,1,2000 MHz,Socket A,130 nm,,45 W,"Mar 12th, 2003",baraazaid/cpu-and-gpu-stats
bb7d4351438119ee34d2,Athlon XP-M 2600+ (72W),Barton,1,,2.0,2.0,A,130.0,,72.0,2003-03-12,True,1,2000 MHz,Socket A,130 nm,,72 W,"Mar 12th, 2003",baraazaid/cpu-and-gpu-stats
30024841d33a413d5bb4,Athlon XP-M 2800+,Barton,1,,2.133,2.133,A,130.0,,55.0,2004-07-13,True,1,2.133 GHz,Socket A,130 nm,,55 W,"Jul 13th, 2004",baraazaid/cpu-and-gpu-stats
9b92a4bb78f7570e11a0,Athlon XP-M 2800+ (72W),Barton,1,,2.133,2.133,A,130.0,,72.0,2004-07-13,True,1,2.133 GHz,Socket A,130 nm,,72 W,"Jul 13th, 2004",baraazaid/cpu-and-gpu-stats
163f12b72b1e9c692bfa,Athlon XP-M 3000+,Barton,1,,2.2,2.2,A,130.0,,72.0,2003-03-12,True,1,2.2 GHz,Socket A,130 nm,,72 W,"Mar 12th, 2003",baraazaid/cpu-and-gpu-stats
7223ad98b7d7cf5d8638,Atom 230,Diamondville,1,2,1.6,1.6,BGA 437,45.0,,4.0,2008-06-03,True,1 / 2,1600 MHz,BGA 437,45 nm,,4 W,"Jun 3rd, 2008",baraazaid/cpu-and-gpu-stats
83ec9f7281ff2836b33f,Atom 330,Diamondville,2,4,1.6,1.6,BGA 437,45.0,,8.0,2008-06-03,True,2 / 4,1600 MHz,BGA 437,45 nm,,8 W,"Jun 3rd, 2008",baraazaid/cpu-and-gpu-stats
cbff95f30bdbc808ed3f,Atom CE4100,Sodaville,1,,1.2,1.2,BGA 951,45.0,,7.0,2009-09-24,True,1,1200 MHz,BGA 951,45 nm,,7 W,"Sep 24th, 2009",baraazaid/cpu-and-gpu-stats
3691ed639ea64a1f0416,Atom CE4130,Sodaville,1,,1.2,1.2,BGA 951,45.0,,7.0,2009-09-24,True,1,1200 MHz,BGA 951,45 nm,,7 W,"Sep 24th, 2009",baraazaid/cpu-and-gpu-stats
2e6a5e5f8cf7a577e186,Atom CE4150,Sodaville,1,,1.2,1.2,BGA 951,45.0,,7.0,2009-09-24,True,1,1200 MHz,BGA 951,45 nm,,7 W,"Sep 24th, 2009",baraazaid/cpu-and-gpu-stats
a161381b5eddb7fb0b44,Atom D2500,Cedarview,2,4,1.867,1.867,BGA 437,32.0,,10.0,2011-11-01,True,2 / 4,1867 MHz,BGA 437,32 nm,,10 W,"Nov 1st, 2011",baraazaid/cpu-and-gpu-stats
30e55d34f95a2f53338e,Atom D2550,Cedarview,2,4,1.867,1.867,BGA 437,32.0,,10.0,2011-11-01,True,2 / 4,1867 MHz,BGA 437,32 nm,,10 W,"Nov 1st, 2011",baraazaid/cpu-and-gpu-stats
1c8cb62c7488c8a1a428,Atom D2700,Cedarview,2,4,2.133,2.133,BGA 437,32.0,,10.0,2011-11-01,True,2 / 4,2.133 GHz,BGA 437,32 nm,,10 W,"Nov 1st, 2011",baraazaid/cpu-and-gpu-stats
874c0313a1debf00e64f,Atom D410,Pineview,1,2,1.667,1.667,BGA 437,45.0,,10.0,2010-01-04,True,1 / 2,1667 MHz,BGA 437,45 nm,,10 W,"Jan 4th, 2010",baraazaid/cpu-and-gpu-stats
36cb37e19b9ccd9a1806,Atom D425,Pineview,1,2,1.834,1.834,BGA 437,45.0,,10.0,2010-06-21,True,1 / 2,1834 MHz,BGA 437,45 nm,,10 W,"Jun 21st, 2010",baraazaid/cpu-and-gpu-stats
75ded6ead6650a42809d,Atom D510,Pineview,2,4,1.667,1.667,BGA 437,45.0,,13.0,2009-12-21,True,2 / 4,1667 MHz,BGA 437,45 nm,,13 W,"Dec 21st, 2009",baraazaid/cpu-and-gpu-stats
04944aafb5d4af8765ea,Atom D525,Pineview,2,4,1.834,1.834,BGA 437,45.0,,13.0,2010-06-21,True,2 / 4,1834 MHz,BGA 437,45 nm,,13 W,"Jun 21st, 2010",baraazaid/cpu-and-gpu-stats
9b8b4316277afbb7ffe7,Atom E3815,Bay Trail-I,1,,1.467,1.467,BGA 1170,22.0,,5.0,2013-10-08,True,1,1467 MHz,BGA 1170,22 nm,,5 W,"Oct 8th, 2013",baraazaid/cpu-and-gpu-stats
21262d96bc0161275130,Atom E3825,Bay Trail-I,2,,1.333,1.333,BGA 1170,22.0,,6.0,2013-10-08,True,2,1333 MHz,BGA 1170,22 nm,,6 W,"Oct 8th, 2013",baraazaid/cpu-and-gpu-stats
d0e2143078d06ed0ef2a,Atom E3826,Bay Trail-I,2,,1.467,1.467,BGA 1170,22.0,,7.0,2013-10-08,True,2,1467 MHz,BGA 1170,22 nm,,7 W,"Oct 8th, 2013",baraazaid/cpu-and-gpu-stats
4d15884a83c4b72f9f06,Atom E3827,Bay Trail-I,2,,1.75,1.75,BGA 1170,22.0,,8.0,2013-10-08,True,2,1750 MHz,BGA 1170,22 nm,,8 W,"Oct 8th, 2013",baraazaid/cpu-and-gpu-stats
488ad19e1fb0e9f49ab3,Atom E3845,Bay Trail-I,4,,1.9100000000000001,1.9100000000000001,BGA 1170,22.0,,10.0,2013-10-08,True,4,1910 MHz,BGA 1170,22 nm,,10 W,"Oct 8th, 2013",baraazaid/cpu-and-gpu-stats
8682e43d1f073436eb3b,Atom E620,Tunnel Creek,1,2,0.6,0.6,BGA 676,45.0,,3.0,2010-09-14,True,1 / 2,600 MHz,BGA 676,45 nm,,3 W,"Sep 14th, 2010",baraazaid/cpu-and-gpu-stats
684f1144502030bf340f,Atom E620T,Tunnel Creek,1,2,0.6,0.6,BGA 676,45.0,,3.0,2010-09-14,True,1 / 2,600 MHz,BGA 676,45 nm,,3 W,"Sep 14th, 2010",baraazaid/cpu-and-gpu-stats
83ee6b7056a6e178937c,Atom E625C,Stellarton,1,2,0.6,0.6,BGA 1466,45.0,,3.0,2010-11-22,True,1 / 2,600 MHz,BGA 1466,45 nm,,3 W,"Nov 22nd, 2010",baraazaid/cpu-and-gpu-stats
1514ee7646ed4b8256e8,Atom E625CT,Stellarton,1,2,0.6,0.6,BGA 1466,45.0,,3.0,2010-11-22,True,1 / 2,600 MHz,BGA 1466,45 nm,,3 W,"Nov 22nd, 2010",baraazaid/cpu-and-gpu-stats
945e0b48d30ac970e873,Atom E640,Tunnel Creek,1,2,1.0,1.0,BGA 676,45.0,,3.0,2010-09-14,True,1 / 2,1000 MHz,BGA 676,45 nm,,3 W,"Sep 14th, 2010",baraazaid/cpu-and-gpu-stats
7de40cb06701bf7aa3df,Atom E640T,Tunnel Creek,1,2,1.0,1.0,BGA 676,45.0,,3.0,2010-09-14,True,1 / 2,1000 MHz,BGA 676,45 nm,,3 W,"Sep 14th, 2010",baraazaid/cpu-and-gpu-stats
25f943371c9b6382ae2a,Atom E645C,Stellarton,1,2,1.0,1.0,BGA 1466,45.0,,4.0,2010-11-22,True,1 / 2,1000 MHz,BGA 1466,45 nm,,4 W,"Nov 22nd, 2010",baraazaid/cpu-and-gpu-stats
09bf8c08ac3a847d2b98,Atom E645CT,Stellarton,1,2,1.0,1.0,BGA 1466,45.0,,4.0,2010-11-22,True,1 / 2,1000 MHz,BGA 1466,45 nm,,4 W,"Nov 22nd, 2010",baraazaid/cpu-and-gpu-stats
86e69c20c230897b053a,Atom E660,Tunnel Creek,1,2,1.3,1.3,BGA 676,45.0,,3.0,2010-09-14,True,1 / 2,1300 MHz,BGA 676,45 nm,,3 W,"Sep 14th, 2010",baraazaid/cpu-and-gpu-stats
7b3af2676c583ea4b34b,Atom E660T,Tunnel Creek,1,2,1.3,1.3,BGA 676,45.0,,3.0,2010-09-14,True,1 / 2,1300 MHz,BGA 676,45 nm,,3 W,"Sep 14th, 2010",baraazaid/cpu-and-gpu-stats
94bd981e2a824dbc613a,Atom E665C,Stellarton,1,2,1.3,1.3,BGA 1466,45.0,,4.0,2010-11-22,True,1 / 2,1300 MHz,BGA 1466,45 nm,,4 W,"Nov 22nd, 2010",baraazaid/cpu-and-gpu-stats
b3a6378fffc517c690f5,Atom E665CT,Stellarton,1,2,1.3,1.3,BGA 1466,45.0,,7.0,2010-11-22,True,1 / 2,1300 MHz,BGA 1466,45 nm,,7 W,"Nov 22nd, 2010",baraazaid/cpu-and-gpu-stats
6abeb4be278558640780,Atom E680,Tunnel Creek,1,2,1.6,1.6,BGA 676,45.0,,4.0,2010-09-14,True,1 / 2,1600 MHz,BGA 676,45 nm,,4 W,"Sep 14th, 2010",baraazaid/cpu-and-gpu-stats
f4ebd21b256526ada8df,Atom E680T,Tunnel Creek,1,2,1.6,1.6,BGA 676,45.0,,4.0,2010-09-14,True,1 / 2,1600 MHz,BGA 676,45 nm,,4 W,"Sep 14th, 2010",baraazaid/cpu-and-gpu-stats
f46f675a825efdb1468a,Atom N2600,Cedarview,2,4,1.6,1.6,BGA 559,32.0,,4.0,2011-12-01,True,2 / 4,1600 MHz,BGA 559,32 nm,,4 W,"Dec 1st, 2011",baraazaid/cpu-and-gpu-stats
333768a98b2ae851bc6e,Atom N270,Diamondville,1,2,1.6,1.6,BGA 437,45.0,,3.0,2008-06-03,True,1 / 2,1600 MHz,BGA 437,45 nm,,3 W,"Jun 3rd, 2008",baraazaid/cpu-and-gpu-stats
ccdfbbb96981436cf934,Atom N280,Diamondville,1,2,1.667,1.667,BGA 437,45.0,,3.0,2008-06-03,True,1 / 2,1667 MHz,BGA 437,45 nm,,3 W,"Jun 3rd, 2008",baraazaid/cpu-and-gpu-stats
44aac796fa370b467d2f,Atom N2800,Cedarview,2,4,1.867,1.867,BGA 559,32.0,,7.0,2011-12-01,True,2 / 4,1867 MHz,BGA 559,32 nm,,7 W,"Dec 1st, 2011",baraazaid/cpu-and-gpu-stats
c3cefe1b9941d9a83959,Atom N450,Pineview,1,2,1.667,1.667,BGA 559,45.0,,6.0,2009-12-21,True,1 / 2,1667 MHz,BGA 559,45 nm,,6 W,"Dec 21st, 2009",baraazaid/cpu-and-gpu-stats
7c7489b036f922140091,Atom N455,Pineview,1,2,1.667,1.667,BGA 559,45.0,,7.0,2010-06-01,True,1 / 2,1667 MHz,BGA 559,45 nm,,7 W,"Jun 1st, 2010",baraazaid/cpu-and-gpu-stats
03ec78d50c506568757f,Atom N470,Pineview,1,2,1.834,1.834,BGA 559,45.0,,7.0,2010-03-01,True,1 / 2,1834 MHz,BGA 559,45 nm,,7 W,"Mar 1st, 2010",baraazaid/cpu-and-gpu-stats
166bf056d4439a41f3db,Atom N475,Pineview,1,2,1.834,1.834,BGA 559,45.0,,7.0,2010-06-01,True,1 / 2,1834 MHz,BGA 559,45 nm,,7 W,"Jun 1st, 2010",baraazaid/cpu-and-gpu-stats
0a946f138561f58e5a26,Atom N550,Pineview,2,4,1.5,1.5,BGA 559,45.0,,9.0,2010-08-23,True,2 / 4,1500 MHz,BGA 559,45 nm,,9 W,"Aug 23rd, 2010",baraazaid/cpu-and-gpu-stats
0d79fe0e3bf0e48c0180,Atom N570,Pineview,2,4,1.667,1.667,BGA 559,45.0,,9.0,2011-03-01,True,2 / 4,1667 MHz,BGA 559,45 nm,,9 W,"Mar 1st, 2011",baraazaid/cpu-and-gpu-stats
22e8f2476435fae03bb6,Atom S1220,Centerton,2,4,1.6,1.6,BGA 1283,32.0,,8.0,2012-12-11,True,2 / 4,1600 MHz,BGA 1283,32 nm,,8 W,"Dec 11th, 2012",baraazaid/cpu-and-gpu-stats
46c5ae13bd491ff5f2ee,Atom S1240,Centerton,2,4,1.6,1.6,BGA 1283,32.0,,6.0,2012-12-11,True,2 / 4,1600 MHz,BGA 1283,32 nm,,6 W,"Dec 11th, 2012",baraazaid/cpu-and-gpu-stats
8f15eb43fcf8b8f83ddf,Atom S1260,Centerton,2,4,2.0,2.0,BGA 1283,32.0,,9.0,2012-12-11,True,2 / 4,2000 MHz,BGA 1283,32 nm,,9 W,"Dec 11th, 2012",baraazaid/cpu-and-gpu-stats
7307922f3a8b86b6ca18,Atom Z2420,Penwell,1,,1.2,1.2,BGA 617,32.0,,3.0,2013-01-01,True,1,1200 MHz,BGA 617,32 nm,,3 W,"Jan 1st, 2013",baraazaid/cpu-and-gpu-stats
ffb7adad5362d26b77ce,Atom Z2460,Penwell,1,,1.3,1.3,BGA 617,32.0,,3.0,2012-01-01,True,1,1300 MHz,BGA 617,32 nm,,3 W,"Jan 1st, 2012",baraazaid/cpu-and-gpu-stats
266c9df941f535e9715a,Atom Z2480,Penwell,1,,1.4000000000000001,1.4000000000000001,BGA 617,32.0,,3.0,2013-01-01,True,1,1400 MHz,BGA 617,32 nm,,3 W,"Jan 1st, 2013",baraazaid/cpu-and-gpu-stats
235b32907b8a63789b65,Atom Z2520,Clovertrail,2,,1.2,1.2,BGA 617,32.0,,3.0,2013-02-27,True,2,1200 MHz,BGA 617,32 nm,,3 W,"Feb 27th, 2013",baraazaid/cpu-and-gpu-stats
0c62dc5ccbf7c38c1505,Atom Z2560,Clovertrail,2,,1.6,1.6,BGA 617,32.0,,3.0,2013-02-27,True,2,1600 MHz,BGA 617,32 nm,,3 W,"Feb 27th, 2013",baraazaid/cpu-and-gpu-stats
9117f15ecd3d4d098618,Atom Z2580,Clovertrail,2,,2.0,2.0,BGA 617,32.0,,3.0,2013-02-27,True,2,2000 MHz,BGA 617,32 nm,,3 W,"Feb 27th, 2013",baraazaid/cpu-and-gpu-stats
abf15de2651ac80db286,Atom Z2760,Cloverview,2,,1.8,1.8,BGA 617,32.0,,3.0,2012-09-27,True,2,1800 MHz,BGA 617,32 nm,,3 W,"Sep 27th, 2012",baraazaid/cpu-and-gpu-stats
3aa5caf798d1f67e3a85,Atom Z3735G,,,,,,,,,,,False,,,,,,,,baraazaid/cpu-and-gpu-stats
dc292d776efd44ef9595,Atom Z3740,Bay Trail-T,4,,1.333,1.867,BGA 1380,22.0,,2.0,2013-09-27,True,4,1333 to 1867 MHz,BGA 1380,22 nm,,2 W,"Sep 27th, 2013",baraazaid/cpu-and-gpu-stats
c5dd8d5bbfd5ee19a4d0,Atom Z3770,Bay Trail-T,4,,1.467,2.4,BGA 1380,22.0,,8.0,2013-09-27,True,4,1.467 to 2.4 GHz,BGA 1380,22 nm,,8 W,"Sep 27th, 2013",baraazaid/cpu-and-gpu-stats
1a5e9cfde78b87e0f3a2,Atom Z500,Silverthorne,1,,0.8,0.8,BGA 441,45.0,,1.0,2008-04-02,True,1,800 MHz,BGA 441,45 nm,,1 W,"Apr 2nd, 2008",baraazaid/cpu-and-gpu-stats
581bc1296e91705c99c9,Atom Z510,Silverthorne,1,,1.1,1.1,BGA 441,45.0,,2.0,2008-04-02,True,1,1100 MHz,BGA 441,45 nm,,2 W,"Apr 2nd, 2008",baraazaid/cpu-and-gpu-stats
3b90f9cab39c4198cec8,Atom Z510P,Silverthorne,1,2,1.1,1.1,BGA 437,45.0,,2.0,2009-03-02,True,1 / 2,1100 MHz,BGA 437,45 nm,,2 W,"Mar 2nd, 2009",baraazaid/cpu-and-gpu-stats
9858fc6b1114b797ab92,Atom Z510PT,Silverthorne,1,2,1.1,1.1,BGA 437,45.0,,2.0,2009-03-02,True,1 / 2,1100 MHz,BGA 437,45 nm,,2 W,"Mar 2nd, 2009",baraazaid/cpu-and-gpu-stats
106728b0fa47c1ffbd48,Atom Z515,Silverthorne,1,,1.2,1.2,BGA 441,45.0,,1.0,2009-04-08,True,1,1200 MHz,BGA 441,45 nm,,1 W,"Apr 8th, 2009",baraazaid/cpu-and-gpu-stats
78eec414ad0403b7b0d4,Atom Z520,Silverthorne,1,2,1.334,1.334,BGA 441,45.0,,2.0,2008-04-02,True,1 / 2,1334 MHz,BGA 441,45 nm,,2 W,"Apr 2nd, 2008",baraazaid/cpu-and-gpu-stats
43f92eaaf9e7b0b91ba5,Atom Z520PT,Silverthorne,1,2,1.334,1.334,BGA 437,45.0,,2.0,2009-03-02,True,1 / 2,1334 MHz,BGA 437,45 nm,,2 W,"Mar 2nd, 2009",baraazaid/cpu-and-gpu-stats
efc6933affbf21adfd01,Atom Z530,Silverthorne,1,2,1.6,1.6,BGA 441,45.0,,2.0,2008-04-02,True,1 / 2,1600 MHz,BGA 441,45 nm,,2 W,"Apr 2nd, 2008",baraazaid/cpu-and-gpu-stats
35d5e5bd5337aaff294b,Atom Z530P,Silverthorne,1,2,1.6,1.6,BGA 437,45.0,,2.0,2009-03-02,True,1 / 2,1600 MHz,BGA 437,45 nm,,2 W,"Mar 2nd, 2009",baraazaid/cpu-and-gpu-stats
04930c099b24513957a5,Atom Z540,Silverthorne,1,2,1.867,1.867,BGA 441,45.0,,2.0,2008-04-02,True,1 / 2,1867 MHz,BGA 441,45 nm,,2 W,"Apr 2nd, 2008",baraazaid/cpu-and-gpu-stats
19a2d6a3c3b5ca08e8c6,Atom Z550,Silverthorne,1,2,2.0,2.0,BGA 441,45.0,,2.0,2009-04-08,True,1 / 2,2000 MHz,BGA 441,45 nm,,2 W,"Apr 8th, 2009",baraazaid/cpu-and-gpu-stats
d6ddd8b69f274d418b2f,Atom Z560,Silverthorne,1,2,2.133,2.133,BGA 441,45.0,,2.0,2010-06-01,True,1 / 2,2.133 GHz,BGA 441,45 nm,,2 W,"Jun 1st, 2010",baraazaid/cpu-and-gpu-stats
57ca64e91aecd1406a5c,Atom Z600,Lincroft,1,,1.2,1.2,BGA 518,45.0,,1.0,2010-05-04,True,1,1200 MHz,BGA 518,45 nm,,1 W,"May 4th, 2010",baraazaid/cpu-and-gpu-stats
c2575c9ecdb4ea1b2186,Atom Z605,Lincroft,1,,1.0,1.0,BGA 518,45.0,,2.0,2010-05-04,True,1,1000 MHz,BGA 518,45 nm,,2 W,"May 4th, 2010",baraazaid/cpu-and-gpu-stats
cdff7471d3dfb46ab991,Atom Z610,Lincroft,1,,0.8,0.8,BGA 518,45.0,,1.0,2010-05-04,True,1,800 MHz,BGA 518,45 nm,,1 W,"May 4th, 2010",baraazaid/cpu-and-gpu-stats
8807b670c945b9016b0f,Atom Z612,Lincroft,1,,0.9,0.9,BGA 518,45.0,,1.0,2010-05-04,True,1,900 MHz,BGA 518,45 nm,,1 W,"May 4th, 2010",baraazaid/cpu-and-gpu-stats
bdd267e194b0d97b7217,Atom Z615,Lincroft,1,,1.6,1.6,BGA 518,45.0,,2.0,2010-05-04,True,1,1600 MHz,BGA 518,45 nm,,2 W,"May 4th, 2010",baraazaid/cpu-and-gpu-stats
d5d34597e86f57797471,Atom Z620,Lincroft,1,,0.9,0.9,BGA 518,45.0,,1.0,2010-05-04,True,1,900 MHz,BGA 518,45 nm,,1 W,"May 4th, 2010",baraazaid/cpu-and-gpu-stats
403697507a5461fc7aa9,Atom Z625,Lincroft,1,,1.9000000000000001,1.9000000000000001,BGA 518,45.0,,2.0,2010-05-04,True,1,1900 MHz,BGA 518,45 nm,,2 W,"May 4th, 2010",baraazaid/cpu-and-gpu-stats
d8554311fd9ef632e49a,Atom Z650,Lincroft,1,,1.2,1.2,BGA 518,45.0,,3.0,2011-04-11,True,1,1200 MHz,BGA 518,45 nm,,3 W,"Apr 11th, 2011",baraazaid/cpu-and-gpu-stats
f0ef7ea3e4ebc7069ceb,Atom Z670,Lincroft,1,,1.5,1.5,BGA 518,45.0,,3.0,2011-04-11,True,1,1500 MHz,BGA 518,45 nm,,3 W,"Apr 11th, 2011",baraazaid/cpu-and-gpu-stats
efdab3cf0e55aa41033a,Atom x3-3205RK,,,,,,,,,,,False,,,,,,,,baraazaid/cpu-and-gpu-stats
14aa3e2ce2e598c4da56,Atom x5-E3930,,,,,,,,,,,False,,,,,,,,baraazaid/cpu-and-gpu-stats
f5558c2a41d41a97f194,Atom x5-E3940,,,,,,,,,,,False,,,,,,,,baraazaid/cpu-and-gpu-stats
ed23d705eab7512357a2,Atom x7-E3950,,,,,,,,,,,False,,,,,,,,baraazaid/cpu-and-gpu-stats
98f51ab61ff741a9ae08,Atom x7211E,,,,,,,,,,,False,,,,,,,,baraazaid/cpu-and-gpu-stats
05150a290e03ca88b271,Atom x7213E,,,,,,,,,,,False,,,,,,,,baraazaid/cpu-and-gpu-stats
ed6abecf40e2426442a4,Atom x7425E,,,,,,,,,,,False,,,,,,,,baraazaid/cpu-and-gpu-stats
8bb970fa6cb07a5c1c1c,Aubrey Isle,Knights Ferry,32,128,1.2,1.2,PCIE X16,45.0,,300.0,2010-05-31,True,32 / 128,1200 MHz,PCIe x16,45 nm,,300 W,"May 31st, 2010",baraazaid/cpu-and-gpu-stats
a0fa94e9056564b805c0,C-30,Ontario,1,,1.2,1.2,FT1,40.0,,9.0,2011-01-04,True,1,1200 MHz,Socket FT1,40 nm,,9 W,"Jan 4th, 2011",baraazaid/cpu-and-gpu-stats
1f80d0da2bc3ea005081,C-50,Ontario,2,,1.0,1.0,FT1,40.0,,9.0,2011-01-04,True,2,1000 MHz,Socket FT1,40 nm,,9 W,"Jan 4th, 2011",baraazaid/cpu-and-gpu-stats
0b8956e120a868aa9b3c,C-60,Ontario,2,,1.0,1.333,FT1,40.0,,9.0,2011-08-22,True,2,1000 to 1333 MHz,Socket FT1,40 nm,,9 W,"Aug 22nd, 2011",baraazaid/cpu-and-gpu-stats
12f73053e39a29b0876f,C-70,Ontario,2,,1.0,1.333,FT1,40.0,,9.0,2012-09-01,True,2,1000 to 1333 MHz,Socket FT1,40 nm,,9 W,"Sep 1st, 2012",baraazaid/cpu-and-gpu-stats
efc9b1ae6183017f87b2,Celeron 1000M,Ivy Bridge,2,,1.8,1.8,G2 (988B),22.0,2.0,35.0,2013-01-20,True,2,1800 MHz,Socket G2 (988B),22 nm,2MB,35 W,"Jan 20th, 2013",baraazaid/cpu-and-gpu-stats
c90fd4240426623ab5d3,Celeron 1007U,Ivy Bridge,2,,1.5,1.5,BGA 1023,22.0,2.0,17.0,2013-01-20,True,2,1500 MHz,BGA 1023,22 nm,2MB,17 W,"Jan 20th, 2013",baraazaid/cpu-and-gpu-stats
d3374ba00e51dacb8197,Celeron 1020E,Ivy Bridge,2,,2.2,2.2,G2 (988B),22.0,2.0,35.0,2013-01-20,True,2,2.2 GHz,Socket G2 (988B),22 nm,2MB,35 W,"Jan 20th, 2013",baraazaid/cpu-and-gpu-stats
61e240076b7121c29dc4,Celeron 1020E,Ivy Bridge,2,,2.2,2.2,BGA 1023,22.0,2.0,35.0,2013-01-20,True,2,2.2 GHz,BGA 1023,22 nm,2MB,35 W,"Jan 20th, 2013",baraazaid/cpu-and-gpu-stats
deb3bd8b0f119dfdb905,Celeron 1020M,Ivy Bridge,2,,2.1,2.1,G2 (988B),22.0,2.0,35.0,2013-01-20,True,2,2.1 GHz,Socket G2 (988B),22 nm,2MB,35 W,"Jan 20th, 2013",baraazaid/cpu-and-gpu-stats
e1f3b2f7a61f4fc558b6,Celeron 1037U,Ivy Bridge,2,,1.8,1.8,BGA 1023,22.0,2.0,17.0,2013-01-20,True,2,1800 MHz,BGA 1023,22 nm,2MB,17 W,"Jan 20th, 2013",baraazaid/cpu-and-gpu-stats
48f638c2baf8be8a1785,Celeron 1047UE,Ivy Bridge,2,,1.4000000000000001,1.4000000000000001,BGA 1023,22.0,2.0,17.0,2013-01-20,True,2,1400 MHz,BGA 1023,22 nm,2MB,17 W,"Jan 20th, 2013",baraazaid/cpu-and-gpu-stats
370fb2910fac1635e46c,Celeron 2.0,Northwood,1,,2.0,2.0,478,130.0,,73.0,2002-09-18,True,1,2000 MHz,Socket 478,130 nm,,73 W,"Sep 18th, 2002",baraazaid/cpu-and-gpu-stats
2fe14c7898157e40d0b4,Celeron 2.10,Northwood,1,,2.1,2.1,478,130.0,,73.0,2002-11-20,True,1,2.1 GHz,Socket 478,130 nm,,73 W,"Nov 20th, 2002",baraazaid/cpu-and-gpu-stats
77dee8c26041bab56c9e,Celeron 2.20,Northwood,1,,2.2,2.2,478,130.0,,73.0,2002-11-20,True,1,2.2 GHz,Socket 478,130 nm,,73 W,"Nov 20th, 2002",baraazaid/cpu-and-gpu-stats
dcb9f1b8e5ce6d3c7429,Celeron 2.30,Northwood,1,,2.3,2.3,478,130.0,,73.0,2003-03-31,True,1,2.3 GHz,Socket 478,130 nm,,73 W,"Mar 31st, 2003",baraazaid/cpu-and-gpu-stats
881b46c57ba1691dafeb,Celeron 2.40,Northwood,1,,2.4,2.4,478,130.0,,73.0,2003-03-31,True,1,2.4 GHz,Socket 478,130 nm,,73 W,"Mar 31st, 2003",baraazaid/cpu-and-gpu-stats
17d2255c39c1ebc6b363,Celeron 2.60,Northwood,1,,2.6,2.6,478,130.0,,73.0,2003-06-25,True,1,2.6 GHz,Socket 478,130 nm,,73 W,"Jun 25th, 2003",baraazaid/cpu-and-gpu-stats
8849b6096f149c549241,Celeron 2.70,Northwood,1,,2.7,2.7,478,130.0,,73.0,2003-09-24,True,1,2.7 GHz,Socket 478,130 nm,,73 W,"Sep 24th, 2003",baraazaid/cpu-and-gpu-stats
730e5450d9ea39d0a6aa,Celeron 2.80,Northwood,1,,2.8,2.8,478,130.0,,73.0,2003-11-03,True,1,2.8 GHz,Socket 478,130 nm,,73 W,"Nov 3rd, 2003",baraazaid/cpu-and-gpu-stats
0740fe19da8797d2fdf6,Celeron 220,Conroe-L,1,,1.2,1.2,479,65.0,,19.0,2007-10-21,True,1,1200 MHz,Socket 479,65 nm,,19 W,"Oct 21st, 2007",baraazaid/cpu-and-gpu-stats
cceee46c62a1fe116747,Celeron 2950M,Haswell,2,,2.0,2.0,G3,22.0,2.0,37.0,2013-09-01,True,2,2000 MHz,Socket G3,22 nm,2MB,37 W,"Sep 1st, 2013",baraazaid/cpu-and-gpu-stats
98299bc4c95f02b4ed16,Celeron 2950M,Haswell,2,,2.0,2.0,G2 (988B),22.0,2.0,37.0,2013-09-01,True,2,2000 MHz,Socket G2 (988B),22 nm,2MB,37 W,"Sep 1st, 2013",baraazaid/cpu-and-gpu-stats
0ee7afaea53eea00d363,Celeron 2955U,Haswell,2,,1.4000000000000001,1.4000000000000001,G2 (988B),22.0,2.0,15.0,2013-09-01,True,2,1400 MHz,Socket G2 (988B),22 nm,2MB,15 W,"Sep 1st, 2013",baraazaid/cpu-and-gpu-stats
166f4096c5c2e60aca3f,Celeron 2955U,Haswell,2,,1.4000000000000001,1.4000000000000001,G3,22.0,2.0,15.0,2013-09-01,True,2,1400 MHz,Socket G3,22 nm,2MB,15 W,"Sep 1st, 2013",baraazaid/cpu-and-gpu-stats
e62d46d4f7db1b649d54,Celeron 2961Y,Haswell,2,,1.1,1.1,BGA 1168,22.0,2.0,12.0,2013-12-01,True,2,1100 MHz,BGA 1168,22 nm,2MB,12 W,"Dec 1st, 2013",baraazaid/cpu-and-gpu-stats
2e4268d781656ef87295,Celeron 2980U,Haswell,2,,1.6,1.6,G3,22.0,2.0,15.0,2013-09-01,True,2,1600 MHz,Socket G3,22 nm,2MB,15 W,"Sep 1st, 2013",baraazaid/cpu-and-gpu-stats
f1e94d36dd8c9cd0c2ff,Celeron 3205U,,,,,,,,,,,False,,,,,,,,baraazaid/cpu-and-gpu-stats
3fa24caba51873b2f658,Celeron 3755U,,,,,,,,,,,False,,,,,,,,baraazaid/cpu-and-gpu-stats
9c274a21ce1e51c6ed1b,Celeron 420,Conroe-L,1,,1.6,1.6,775,65.0,,35.0,2007-06-03,True,1,1600 MHz,Socket 775,65 nm,,35 W,"Jun 3rd, 2007",baraazaid/cpu-and-gpu-stats
f5262156b395f7a4ffe5,Celeron 430,Conroe-L,1,,1.8,1.8,775,65.0,,35.0,2007-06-03,True,1,1800 MHz,Socket 775,65 nm,,35 W,"Jun 3rd, 2007",baraazaid/cpu-and-gpu-stats
4684f7cfb1bf5295a795,Celeron 440,Conroe-L,1,,2.0,2.0,775,65.0,,35.0,2007-06-03,True,1,2000 MHz,Socket 775,65 nm,,35 W,"Jun 3rd, 2007",baraazaid/cpu-and-gpu-stats
f1c6b02506607aa48ed0,Celeron 445,Conroe-CL,1,,1.866,1.866,771,65.0,,65.0,2008-05-01,True,1,1866 MHz,Socket 771,65 nm,,65 W,"May 1st, 2008",baraazaid/cpu-and-gpu-stats
09f57d6670586ddbf704,Celeron 450,Conroe-L,1,,2.2,2.2,775,65.0,,35.0,2008-08-31,True,1,2.2 GHz,Socket 775,65 nm,,35 W,"Aug 31st, 2008",baraazaid/cpu-and-gpu-stats
b3921508aa4335cb44ac,Celeron 725C,Sandy Bridge,1,,1.3,1.3,BGA 1023,32.0,1.5,17.0,2011-07-01,True,1,1300 MHz,BGA 1023,32 nm,1.5MB,17 W,"Jul 1st, 2011",baraazaid/cpu-and-gpu-stats
6c790601ca2198d0ae63,Celeron 7300,Alder Lake-U,5,6,1.0,1.0,BGA 1781,10.0,8.0,9.0,2022-02-23,True,5 / 6,1000 MHz,BGA 1781,10 nm,8MB,9 W,"Feb 23rd, 2022",baraazaid/cpu-and-gpu-stats
1cdbda7b6ed5df883c02,Celeron 7305,Alder Lake-U,5,6,1.1,1.1,BGA 1744,10.0,8.0,15.0,2022-02-23,True,5 / 6,1100 MHz,BGA 1744,10 nm,8MB,15 W,"Feb 23rd, 2022",baraazaid/cpu-and-gpu-stats
504ba8468f2c7950a933,Celeron 787,Sandy Bridge,1,,1.3,1.3,BGA 1023,32.0,1.5,17.0,2011-07-01,True,1,1300 MHz,BGA 1023,32 nm,1.5MB,17 W,"Jul 1st, 2011",baraazaid/cpu-and-gpu-stats
2cbfa9b8044f98c48590,Celeron 797,Sandy Bridge,1,,1.4000000000000001,1.4000000000000001,BGA 1023,32.0,1.5,17.0,2012-01-01,True,1,1400 MHz,BGA 1023,32 nm,1.5MB,17 W,"Jan 1st, 2012",baraazaid/cpu-and-gpu-stats
1bc6de4a22ee89852d40,Celeron 807,Sandy Bridge,1,,1.5,1.5,BGA 1023,32.0,1.5,17.0,2012-07-01,True,1,1500 MHz,BGA 1023,32 nm,1.5MB,17 W,"Jul 1st, 2012",baraazaid/cpu-and-gpu-stats
e7ad4c79551354505f81,Celeron 847,Sandy Bridge,2,,1.1,1.1,BGA 1023,32.0,2.0,17.0,2011-06-19,True,2,1100 MHz,BGA 1023,32 nm,2MB,17 W,"Jun 19th, 2011",baraazaid/cpu-and-gpu-stats
8b055ec6a9ab18e2dbb2,Celeron 857,Sandy Bridge,2,,1.2,1.2,BGA 1023,32.0,2.0,17.0,2011-07-01,True,2,1200 MHz,BGA 1023,32 nm,2MB,17 W,"Jul 1st, 2011",baraazaid/cpu-and-gpu-stats
0dcb7ea93aa3d1bbc113,Celeron 867,Sandy Bridge,2,,1.3,1.3,BGA 1023,32.0,2.0,17.0,2012-01-01,True,2,1300 MHz,BGA 1023,32 nm,2MB,17 W,"Jan 1st, 2012",baraazaid/cpu-and-gpu-stats
6cf94d6c43923f85f8ea,Celeron 877,Sandy Bridge,2,,1.4000000000000001,1.4000000000000001,BGA 1023,32.0,2.0,17.0,2012-07-01,True,2,1400 MHz,BGA 1023,32 nm,2MB,17 W,"Jul 1st, 2012",baraazaid/cpu-and-gpu-stats
dddc5061ff2dc65c5718,Celeron 887,Sandy Bridge,2,,1.5,1.5,BGA 1023,32.0,2.0,17.0,2012-09-01,True,2,1500 MHz,BGA 1023,32 nm,2MB,17 W,"Sep 1st, 2012",baraazaid/cpu-and-gpu-stats
fd5561493ede842f4159,Celeron 947UE,Ivy Bridge,1,,1.4000000000000001,1.4000000000000001,BGA 1023,22.0,1.0,17.0,2013-01-20,True,1,1400 MHz,BGA 1023,22 nm,1MB,17 W,"Jan 20th, 2013",baraazaid/cpu-and-gpu-stats
c8908b6d62ff7b84b7db,Celeron B710,Sandy Bridge,1,,1.6,1.6,G2 (988B),32.0,1.5,35.0,2011-06-19,True,1,1600 MHz,Socket G2 (988B),32 nm,1.5MB,35 W,"Jun 19th, 2011",baraazaid/cpu-and-gpu-stats
0817314e2187713f7a7f,Celeron B720,Sandy Bridge,1,,1.7,1.7,G2 (988B),32.0,1.5,35.0,2012-01-01,True,1,1700 MHz,Socket G2 (988B),32 nm,1.5MB,35 W,"Jan 1st, 2012",baraazaid/cpu-and-gpu-stats
e3ac25ea67ed8559d24d,Celeron B730,Sandy Bridge,1,,1.8,1.8,G2 (988B),32.0,1.5,35.0,2012-07-01,True,1,1800 MHz,Socket G2 (988B),32 nm,1.5MB,35 W,"Jul 1st, 2012",baraazaid/cpu-and-gpu-stats
c09cacacec9131290205,Celeron B800,Sandy Bridge,2,,1.5,1.5,G2 (988B),32.0,2.0,35.0,2011-06-19,True,2,1500 MHz,Socket G2 (988B),32 nm,2MB,35 W,"Jun 19th, 2011",baraazaid/cpu-and-gpu-stats
5863c009f0f1fd5d63ab,Celeron B810,Sandy Bridge,2,,1.6,1.6,G2 (988B),32.0,2.0,35.0,2011-03-01,True,2,1600 MHz,Socket G2 (988B),32 nm,2MB,35 W,"Mar 1st, 2011",baraazaid/cpu-and-gpu-stats
8f48ccc9f2beb46a9220,Celeron B815,Sandy Bridge,2,,1.6,1.6,G2 (988B),32.0,2.0,35.0,2012-01-01,True,2,1600 MHz,Socket G2 (988B),32 nm,2MB,35 W,"Jan 1st, 2012",baraazaid/cpu-and-gpu-stats
82d0a540d16a26fcefe0,Celeron B820,Sandy Bridge,2,,1.7,1.7,G2 (988B),32.0,2.0,35.0,2012-07-01,True,2,1700 MHz,Socket G2 (988B),32 nm,2MB,35 W,"Jul 1st, 2012",baraazaid/cpu-and-gpu-stats
b187dad29f6ed6b13f5e,Celeron B830,Sandy Bridge,2,,1.8,1.8,G2 (988B),32.0,2.0,35.0,2012-09-01,True,2,1800 MHz,Socket G2 (988B),32 nm,2MB,35 W,"Sep 1st, 2012",baraazaid/cpu-and-gpu-stats
4588decc46b9a20fa62b,Celeron B840,Sandy Bridge,2,,1.9000000000000001,1.9000000000000001,G2 (988B),32.0,2.0,35.0,2011-07-01,True,2,1900 MHz,Socket G2 (988B),32 nm,2MB,35 W,"Jul 1st, 2011",baraazaid/cpu-and-gpu-stats
6a64c155641917726825,Celeron D 325,Prescott,1,,2.533,2.533,775,90.0,,73.0,2004-06-24,True,1,2.533 GHz,Socket 775,90 nm,,73 W,"Jun 24th, 2004",baraazaid/cpu-and-gpu-stats
05342d6173e91d1f46c4,Celeron D 326,Prescott,1,,2.53,2.53,775,90.0,,73.0,2004-09-22,True,1,2.53 GHz,Socket 775,90 nm,,73 W,"Sep 22nd, 2004",baraazaid/cpu-and-gpu-stats
0d80542bf15df038df94,Celeron D 330,Prescott,1,,2.667,2.667,775,90.0,,84.0,2004-06-24,True,1,2.667 GHz,Socket 775,90 nm,,84 W,"Jun 24th, 2004",baraazaid/cpu-and-gpu-stats
3b5ca5070ec4665e9132,Celeron D 335,Prescott,1,,2.8,2.8,478,90.0,,84.0,2004-06-24,True,1,2.8 GHz,Socket 478,90 nm,,84 W,"Jun 24th, 2004",baraazaid/cpu-and-gpu-stats
024fe85c611b51d8018b,Celeron D 340,Prescott,1,,2.93,2.93,775,90.0,,84.0,2004-09-22,True,1,2.93 GHz,Socket 775,90 nm,,84 W,"Sep 22nd, 2004",baraazaid/cpu-and-gpu-stats
e8ff39483580dcc7375f,Celeron D 341,Prescott,1,,2.93,2.93,775,90.0,,84.0,2004-09-22,True,1,2.93 GHz,Socket 775,90 nm,,84 W,"Sep 22nd, 2004",baraazaid/cpu-and-gpu-stats
250e68da137a60cc69f6,Celeron D 346,Prescott,1,,3.06,3.06,775,90.0,,73.0,2004-10-01,True,1,3.06 GHz,Socket 775,90 nm,,73 W,"Oct 1st, 2004",baraazaid/cpu-and-gpu-stats
c1101ac56878e71d68c0,Celeron D 350,Prescott,1,,3.2,3.2,478,90.0,,84.0,2005-06-28,True,1,3.2 GHz,Socket 478,90 nm,,84 W,"Jun 28th, 2005",baraazaid/cpu-and-gpu-stats
94e98349f35265732425,Celeron D 352,Cedar Mill,1,,3.2,3.2,775,65.0,,84.0,2006-05-28,True,1,3.2 GHz,Socket 775,65 nm,,84 W,"May 28th, 2006",baraazaid/cpu-and-gpu-stats
34c097e8e8978d470fde,Celeron E1200,Allendale,2,,1.6,1.6,775,65.0,,65.0,2008-01-20,True,2,1600 MHz,Socket 775,65 nm,,65 W,"Jan 20th, 2008",baraazaid/cpu-and-gpu-stats
d2b8af0bedb2d63b6333,Celeron E1400,Allendale,2,,2.0,2.0,775,65.0,,65.0,2008-04-20,True,2,2000 MHz,Socket 775,65 nm,,65 W,"Apr 20th, 2008",baraazaid/cpu-and-gpu-stats
f6b3c7690d0b2eb098dc,Celeron E1500,Allendale,2,,2.2,2.2,775,65.0,,65.0,2008-11-30,True,2,2.2 GHz,Socket 775,65 nm,,65 W,"Nov 30th, 2008",baraazaid/cpu-and-gpu-stats
573b82e9956714c2c750,Celeron E1600,Allendale,2,,2.4,2.4,775,65.0,,65.0,2009-05-31,True,2,2.4 GHz,Socket 775,65 nm,,65 W,"May 31st, 2009",baraazaid/cpu-and-gpu-stats
688ed45fcbb1c358d806,Celeron E3200,Wolfdale,2,,2.4,2.4,775,45.0,,65.0,2009-08-30,True,2,2.4 GHz,Socket 775,45 nm,,65 W,"Aug 30th, 2009",baraazaid/cpu-and-gpu-stats
a72dfe4d78bdb652ac0a,Celeron E3300,Wolfdale,2,,2.5,2.5,775,45.0,,65.0,2009-08-30,True,2,2.5 GHz,Socket 775,45 nm,,65 W,"Aug 30th, 2009",baraazaid/cpu-and-gpu-stats
2df299f65484a62fe34b,Celeron E3400,Wolfdale,2,,2.6,2.6,775,45.0,,65.0,2010-01-17,True,2,2.6 GHz,Socket 775,45 nm,,65 W,"Jan 17th, 2010",baraazaid/cpu-and-gpu-stats
7b5bfb0583498a8ed727,Celeron E3500,Wolfdale,2,,2.7,2.7,775,45.0,,65.0,2010-08-29,True,2,2.7 GHz,Socket 775,45 nm,,65 W,"Aug 29th, 2010",baraazaid/cpu-and-gpu-stats
8000ae04e1df643fcc3a,Celeron G1101,Clarkdale,2,,2.266,2.266,1156,32.0,2.0,73.0,2010-01-07,True,2,2.266 GHz,Socket 1156,32 nm,2MB,73 W,"Jan 7th, 2010",baraazaid/cpu-and-gpu-stats
7d437884f2af812dfe89,Celeron G1610,Ivy Bridge,2,,2.6,2.6,1155,22.0,2.0,55.0,2012-12-03,True,2,2.6 GHz,Socket 1155,22 nm,2MB,55 W,"Dec 3rd, 2012",baraazaid/cpu-and-gpu-stats
af223a0c16d2847bc6e8,Celeron G1610T,Ivy Bridge,2,,2.3,2.3,1155,22.0,2.0,35.0,2012-12-03,True,2,2.3 GHz,Socket 1155,22 nm,2MB,35 W,"Dec 3rd, 2012",baraazaid/cpu-and-gpu-stats
b18cd373fd7f02e08b06,Celeron G1620,Ivy Bridge,2,,2.7,2.7,1155,22.0,2.0,55.0,2012-12-03,True,2,2.7 GHz,Socket 1155,22 nm,2MB,55 W,"Dec 3rd, 2012",baraazaid/cpu-and-gpu-stats
393a5be7c4d291c680a7,Celeron G1620T,Ivy Bridge,2,,2.4,2.4,1155,22.0,2.0,35.0,2013-09-01,True,2,2.4 GHz,Socket 1155,22 nm,2MB,35 W,"Sep 1st, 2013",baraazaid/cpu-and-gpu-stats
1542a4d27308417a5ce3,Celeron G1630,Ivy Bridge,2,,2.8,2.8,1155,22.0,2.0,55.0,2013-09-01,True,2,2.8 GHz,Socket 1155,22 nm,2MB,55 W,"Sep 1st, 2013",baraazaid/cpu-and-gpu-stats
e5f8787aeb7d4b1cef85,Celeron G1820,Haswell,2,,2.7,2.7,1150,22.0,3.0,54.0,2013-12-01,True,2,2.7 GHz,Socket 1150,22 nm,3MB,54 W,"Dec 1st, 2013",baraazaid/cpu-and-gpu-stats
309f3a136b6b9ed6d28c,Celeron G1820T,Haswell,2,,2.4,2.4,1150,22.0,3.0,54.0,2013-12-01,True,2,2.4 GHz,Socket 1150,22 nm,3MB,54 W,"Dec 1st, 2013",baraazaid/cpu-and-gpu-stats
41463d51f187ef118b02,Celeron G1820TE,Haswell,2,,2.2,2.2,1150,22.0,3.0,54.0,2013-12-01,True,2,2.2 GHz,Socket 1150,22 nm,3MB,54 W,"Dec 1st, 2013",baraazaid/cpu-and-gpu-stats
42619df1e954c0632e3f,Celeron G1830,Haswell,2,,2.8,2.8,1150,22.0,3.0,54.0,2013-12-01,True,2,2.8 GHz,Socket 1150,22 nm,3MB,54 W,"Dec 1st, 2013",baraazaid/cpu-and-gpu-stats
f601299a7550b1b538c9,Celeron G1840,,,,,,,,,,,False,,,,,,,,baraazaid/cpu-and-gpu-stats
c38977db5aadc00eacb9,Celeron G1840T,,,,,,,,,,,False,,,,,,,,baraazaid/cpu-and-gpu-stats
1d7c3b31cc0a3838c671,Celeron G1850,,,,,,,,,,,False,,,,,,,,baraazaid/cpu-and-gpu-stats
489f82c5db744dfb86ff,Celeron G3900,,,,,,,,,,,False,,,,,,,,baraazaid/cpu-and-gpu-stats
0c959f7d2d5dc1ed67ed,Celeron G3920,,,,,,,,,,,False,,,,,,,,baraazaid/cpu-and-gpu-stats
ff802fca22ae1c57ea5c,Celeron G3930,Kaby Lake,2,,2.9,2.9,1151,14.0,2.0,51.0,2017-01-03,True,2,2.9 GHz,Socket 1151,14 nm,2MB,51 W,"Jan 3rd, 2017",baraazaid/cpu-and-gpu-stats
7ea85cc8b4e1ace140dd,Celeron G3930T,Kaby Lake,2,,2.7,2.7,1151,14.0,2.0,35.0,2017-01-03,True,2,2.7 GHz,Socket 1151,14 nm,2MB,35 W,"Jan 3rd, 2017",baraazaid/cpu-and-gpu-stats
6b2f7f45cee54b40aa72,Celeron G3950,Kaby Lake,2,,3.0,3.0,1151,14.0,2.0,51.0,2017-01-03,True,2,3 GHz,Socket 1151,14 nm,2MB,51 W,"Jan 3rd, 2017",baraazaid/cpu-and-gpu-stats
884d0e3cfb00f34fcbbe,Celeron G440,Sandy Bridge,1,,1.6,1.6,1155,32.0,1.0,35.0,2011-09-04,True,1,1600 MHz,Socket 1155,32 nm,1MB,35 W,"Sep 4th, 2011",baraazaid/cpu-and-gpu-stats
615cb4351a045f61cb98,Celeron G460,Sandy Bridge,1,,1.8,1.8,1155,32.0,1.5,35.0,2011-12-12,True,1,1800 MHz,Socket 1155,32 nm,1.5MB,35 W,"Dec 12th, 2011",baraazaid/cpu-and-gpu-stats
4ea56b5e81f9030b996d,Celeron G465,Sandy Bridge,1,,1.9000000000000001,1.9000000000000001,1155,32.0,1.5,35.0,2012-09-01,True,1,1900 MHz,Socket 1155,32 nm,1.5MB,35 W,"Sep 1st, 2012",baraazaid/cpu-and-gpu-stats
c6e36df4acd6c2970585,Celeron G530,Sandy Bridge,2,,2.4,2.4,1155,32.0,2.0,65.0,2011-09-04,True,2,2.4 GHz,Socket 1155,32 nm,2MB,65 W,"Sep 4th, 2011",baraazaid/cpu-and-gpu-stats
f4becfc80cadd6c8885d,Celeron G530T,Sandy Bridge,2,,2.0,2.0,1155,32.0,2.0,35.0,2011-09-04,True,2,2000 MHz,Socket 1155,32 nm,2MB,35 W,"Sep 4th, 2011",baraazaid/cpu-and-gpu-stats
5e875ea55fd5a8bc0b1b,Celeron G540,Sandy Bridge,2,,2.5,2.5,1155,32.0,2.0,65.0,2011-09-04,True,2,2.5 GHz,Socket 1155,32 nm,2MB,65 W,"Sep 4th, 2011",baraazaid/cpu-and-gpu-stats
91225140a6d83fcd08ca,Celeron G540T,Sandy Bridge,2,,2.1,2.1,1155,32.0,2.0,35.0,2011-09-04,True,2,2.1 GHz,Socket 1155,32 nm,2MB,35 W,"Sep 4th, 2011",baraazaid/cpu-and-gpu-stats
0f88f354281010c88ba1,Celeron G550,Sandy Bridge,2,,2.6,2.6,1155,32.0,2.0,65.0,2012-06-01,True,2,2.6 GHz,Socket 1155,32 nm,2MB,65 W,"Jun 1st, 2012",baraazaid/cpu-and-gpu-stats
aaf2a92851e55111568b,Celeron G550T,Sandy Bridge,2,,2.2,2.2,1155,32.0,2.0,35.0,2011-09-04,True,2,2.2 GHz,Socket 1155,32 nm,2MB,35 W,"Sep 4th, 2011",baraazaid/cpu-and-gpu-stats
0f95f7a26809dfe3ba10,Celeron G555,Sandy Bridge,2,,2.7,2.7,1155,32.0,2.0,65.0,2012-09-01,True,2,2.7 GHz,Socket 1155,32 nm,2MB,65 W,"Sep 1st, 2012",baraazaid/cpu-and-gpu-stats
a05199e23237e302ad6f,Celeron N2805,Bay Trail-M,2,,1.463,1.463,BGA 1170,22.0,,4.0,2013-09-11,True,2,1463 MHz,BGA 1170,22 nm,,4 W,"Sep 11th, 2013",baraazaid/cpu-and-gpu-stats
c736770bd45be89be499,Celeron N2806,Bay Trail-M,2,,1.58,2.0,BGA 1170,22.0,,4.0,2013-12-01,True,2,1.58 to 2 GHz,BGA 1170,22 nm,,4 W,"Dec 1st, 2013",baraazaid/cpu-and-gpu-stats
63fed788cdc6bbc4e4c3,Celeron N2807,,,,,,,,,,,False,,,,,,,,baraazaid/cpu-and-gpu-stats
2b9610307cc20d5b4d1b,Celeron N2808,,,,,,,,,,,False,,,,,,,,baraazaid/cpu-and-gpu-stats
a3ff0ef2e5acd64d170a,Celeron N2810,Bay Trail-M,2,,2.0,2.0,BGA 1170,22.0,,7.0,2013-09-11,True,2,2000 MHz,BGA 1170,22 nm,,7 W,"Sep 11th, 2013",baraazaid/cpu-and-gpu-stats
a56d69fbbc30dbd7dd06,Celeron N2820,Bay Trail-M,2,,2.17,2.39,BGA 1170,22.0,,7.0,2013-12-01,True,2,2.17 to 2.39 GHz,BGA 1170,22 nm,,7 W,"Dec 1st, 2013",baraazaid/cpu-and-gpu-stats
e10365202568ffbed82f,Celeron N2830,,,,,,,,,,,False,,,,,,,,baraazaid/cpu-and-gpu-stats
763be5d9a2a3f229721d,Celeron N2840,,,,,,,,,,,False,,,,,,,,baraazaid/cpu-and-gpu-stats
2405f384280fd3eabe0d,Celeron N2910,Bay Trail-M,4,,1.6,1.6,BGA 1170,22.0,,7.0,2013-09-11,True,4,1600 MHz,BGA 1170,22 nm,,7 W,"Sep 11th, 2013",baraazaid/cpu-and-gpu-stats
369762969e0341de9b2d,Celeron N2920,Bay Trail-M,4,,1.86,2.0,BGA 1170,22.0,,7.0,2013-12-01,True,4,1.86 to 2 GHz,BGA 1170,22 nm,,7 W,"Dec 1st, 2013",baraazaid/cpu-and-gpu-stats
4c75976ebda3fdc77342,Celeron N2930,,,,,,,,,,,False,,,,,,,,baraazaid/cpu-and-gpu-stats
c927f868a02374da956d,Celeron N2940,,,,,,,,,,,False,,,,,,,,baraazaid/cpu-and-gpu-stats
89017098daeab023fd54,Celeron P1053,Jasper Forest,1,2,1.333,1.333,1366,45.0,2.0,30.0,2010-02-12,True,1 / 2,1333 MHz,Socket 1366,45 nm,2MB,30 W,"Feb 12th, 2010",baraazaid/cpu-and-gpu-stats
5973154c73373967db63,Centaur CHA,,,,,,,,,,,False,,,,,,,,baraazaid/cpu-and-gpu-stats
eb9ce122695a66c5fa13,Core 2 Duo E4300,Allendale,2,,1.8,1.8,775,65.0,,65.0,2006-07-27,True,2,1800 MHz,Socket 775,65 nm,,65 W,"Jul 27th, 2006",baraazaid/cpu-and-gpu-stats
b310ae8a0cc42efb43a0,Core 2 Duo E4700,Allendale,2,,2.6,2.6,775,65.0,,65.0,2008-03-02,True,2,2.6 GHz,Socket 775,65 nm,,65 W,"Mar 2nd, 2008",baraazaid/cpu-and-gpu-stats
fe76ecbedf94a09d5b89,Core 2 Duo E6300,Conroe,2,,1.866,1.866,775,65.0,,65.0,2006-07-27,True,2,1866 MHz,Socket 775,65 nm,,65 W,"Jul 27th, 2006",baraazaid/cpu-and-gpu-stats
cd35f56aabcfed69da94,Core 2 Duo E6400,Conroe,2,,2.133,2.133,775,65.0,,65.0,2006-07-27,True,2,2.133 GHz,Socket 775,65 nm,,65 W,"Jul 27th, 2006",baraazaid/cpu-and-gpu-stats
19ff234edc9b0e84cb8c,Core 2 Duo E6600,Conroe,2,,2.4,2.4,775,65.0,,65.0,2006-07-27,True,2,2.4 GHz,Socket 775,65 nm,,65 W,"Jul 27th, 2006",baraazaid/cpu-and-gpu-stats
c64c5123f77c5be52b0b,Core 2 Duo E6700,Conroe,2,,2.667,2.667,775,65.0,,65.0,2006-07-27,True,2,2.667 GHz,Socket 775,65 nm,,65 W,"Jul 27th, 2006",baraazaid/cpu-and-gpu-stats
7294069b056d493f4da7,Core 2 Duo E7200,Wolfdale,2,,2.533,2.533,775,45.0,,65.0,2008-04-20,True,2,2.533 GHz,Socket 775,45 nm,,65 W,"Apr 20th, 2008",baraazaid/cpu-and-gpu-stats
5799bde25110b249d521,Core 2 Duo E7300,Wolfdale,2,,2.667,2.667,775,45.0,,65.0,2008-08-10,True,2,2.667 GHz,Socket 775,45 nm,,65 W,"Aug 10th, 2008",baraazaid/cpu-and-gpu-stats
a389bd7d9acd8a34dedc,Core 2 Duo E7400,Wolfdale,2,,2.8,2.8,775,45.0,,65.0,2008-10-10,True,2,2.8 GHz,Socket 775,45 nm,,65 W,"Oct 10th, 2008",baraazaid/cpu-and-gpu-stats
00b767367d21bd36b2a4,Core 2 Duo E7500,Wolfdale,2,,2.933,2.933,775,45.0,,65.0,2009-01-10,True,2,2.933 GHz,Socket 775,45 nm,,65 W,"Jan 10th, 2009",baraazaid/cpu-and-gpu-stats
c5a08bdd8bec51a2c837,Core 2 Duo E7600,Wolfdale,2,,3.067,3.067,775,45.0,,65.0,2009-05-10,True,2,3.067 GHz,Socket 775,45 nm,,65 W,"May 10th, 2009",baraazaid/cpu-and-gpu-stats
27bf3a3cd04c1a5ac03c,Core 2 Duo E8135,Penryn,2,,2.667,2.667,P,45.0,,44.0,2009-03-03,True,2,2.667 GHz,Socket P,45 nm,,44 W,"Mar 3rd, 2009",baraazaid/cpu-and-gpu-stats
daf3674ebab5b8711c1d,Core 2 Duo E8190,Wolfdale,2,,2.667,2.667,775,45.0,,65.0,2008-01-01,True,2,2.667 GHz,Socket 775,45 nm,,65 W,"Jan 1st, 2008",baraazaid/cpu-and-gpu-stats
810a0a619c2b90b9129e,Core 2 Duo E8200,Wolfdale,2,,2.667,2.667,775,45.0,,65.0,2008-01-01,True,2,2.667 GHz,Socket 775,45 nm,,65 W,"Jan 1st, 2008",baraazaid/cpu-and-gpu-stats
3772dd0e1766a4e68517,Core 2 Duo E8235,Penryn,2,,2.8,2.8,P,45.0,,44.0,2009-03-03,True,2,2.8 GHz,Socket P,45 nm,,44 W,"Mar 3rd, 2009",baraazaid/cpu-and-gpu-stats
1c252e07cb1d8b35a4de,Core 2 Duo E8300,Wolfdale,2,,2.833,2.833,775,45.0,,65.0,2008-04-01,True,2,2.833 GHz,Socket 775,45 nm,,65 W,"Apr 1st, 2008",baraazaid/cpu-and-gpu-stats
1423c0bd6e64d4db96f8,Core 2 Duo E8335,Penryn,2,,2.933,2.933,P,45.0,,44.0,2009-03-03,True,2,2.933 GHz,Socket P,45 nm,,44 W,"Mar 3rd, 2009",baraazaid/cpu-and-gpu-stats
257e53f5762a2e2ecb3f,Core 2 Duo E8400,Wolfdale,2,,3.0,3.0,775,45.0,,65.0,2008-01-01,True,2,3 GHz,Socket 775,45 nm,,65 W,"Jan 1st, 2008",baraazaid/cpu-and-gpu-stats
461087f3000d1fd23c74,Core 2 Duo E8435,Penryn,2,,3.067,3.067,P,45.0,,44.0,2009-03-03,True,2,3.067 GHz,Socket P,45 nm,,44 W,"Mar 3rd, 2009",baraazaid/cpu-and-gpu-stats
6dd4ca661922a42c535f,Core 2 Duo E8500,Wolfdale,2,,3.166,3.166,775,45.0,,65.0,2008-01-01,True,2,3.166 GHz,Socket 775,45 nm,,65 W,"Jan 1st, 2008",baraazaid/cpu-and-gpu-stats
225a599a737385c03e41,Core 2 Duo E8600,Wolfdale,2,,3.333,3.333,775,45.0,,65.0,2008-08-08,True,2,3.333 GHz,Socket 775,45 nm,,65 W,"Aug 8th, 2008",baraazaid/cpu-and-gpu-stats
142651a3bf452ea4969d,Core 2 Duo P8400,Penryn,2,,2.267,2.267,P,45.0,,25.0,2008-06-13,True,2,2.267 GHz,Socket P,45 nm,,25 W,"Jun 13th, 2008",baraazaid/cpu-and-gpu-stats
aabeb284a75fa243c174,Core 2 Duo P8600,Penryn,2,,2.4,2.4,P,45.0,,25.0,2008-06-13,True,2,2.4 GHz,Socket P,45 nm,,25 W,"Jun 13th, 2008",baraazaid/cpu-and-gpu-stats
7b68ad0c4b4218aa824b,Core 2 Duo P8700,Penryn,2,,2.533,2.533,P,45.0,,25.0,2008-12-28,True,2,2.533 GHz,Socket P,45 nm,,25 W,"Dec 28th, 2008",baraazaid/cpu-and-gpu-stats
70cee06101f652ce6177,Core 2 Duo P8800,Penryn,2,,2.667,2.667,P,45.0,,25.0,2008-12-28,True,2,2.667 GHz,Socket P,45 nm,,25 W,"Dec 28th, 2008",baraazaid/cpu-and-gpu-stats
722d53ccc8eb765a499d,Core 2 Duo P9500,Penryn,2,,2.533,2.533,P,45.0,,25.0,2008-07-15,True,2,2.533 GHz,Socket P,45 nm,,25 W,"Jul 15th, 2008",baraazaid/cpu-and-gpu-stats
0fe09390f3726276da29,Core 2 Duo P9600,Penryn,2,,2.667,2.667,P,45.0,,25.0,2008-12-28,True,2,2.667 GHz,Socket P,45 nm,,25 W,"Dec 28th, 2008",baraazaid/cpu-and-gpu-stats
4f3b4456230a1480030d,Core 2 Duo P9700,Penryn,2,,2.8,2.8,P,45.0,,28.0,2009-06-02,True,2,2.8 GHz,Socket P,45 nm,,28 W,"Jun 2nd, 2009",baraazaid/cpu-and-gpu-stats
5f435ef20344460b843f,Core 2 Duo T5200,Merom,2,,1.6,1.6,479,65.0,,35.0,2006-07-27,True,2,1600 MHz,Socket 479,65 nm,,35 W,"Jul 27th, 2006",baraazaid/cpu-and-gpu-stats
02504a42efc3432c36ee,Core 2 Duo T5500,Merom,2,,1.667,1.667,M,65.0,,35.0,2006-07-27,True,2,1667 MHz,Socket M,65 nm,,35 W,"Jul 27th, 2006",baraazaid/cpu-and-gpu-stats
7c1a516e2dabf2fc1a48,Core 2 Duo T5600,Merom,2,,1.833,1.833,479,65.0,,35.0,2006-07-27,True,2,1833 MHz,Socket 479,65 nm,,35 W,"Jul 27th, 2006",baraazaid/cpu-and-gpu-stats
ecfc0c8f6086aa04281d,Core 2 Duo T7200,Merom,2,,2.0,2.0,479,65.0,,35.0,2006-07-27,True,2,2000 MHz,Socket 479,65 nm,,35 W,"Jul 27th, 2006",baraazaid/cpu-and-gpu-stats
e385fa2db2dcce6c75f5,Core 2 Duo T7300,Merom,2,,2.0,2.0,479,65.0,,35.0,2006-07-27,True,2,2000 MHz,Socket 479,65 nm,,35 W,"Jul 27th, 2006",baraazaid/cpu-and-gpu-stats
64093bcc0ebfb38701b5,Core 2 Duo T7400,Merom,2,,2.166,2.166,479,65.0,,35.0,2006-07-27,True,2,2.166 GHz,Socket 479,65 nm,,35 W,"Jul 27th, 2006",baraazaid/cpu-and-gpu-stats
90e394b3eb70b70fc73d,Core 2 Duo T7600,Merom,2,,2.333,2.333,479,65.0,,35.0,2006-07-27,True,2,2.333 GHz,Socket 479,65 nm,,35 W,"Jul 27th, 2006",baraazaid/cpu-and-gpu-stats
d6ef249d951642f872e8,Core 2 Duo T7600G,Merom,2,,2.333,2.333,M,65.0,,35.0,2006-12-27,True,2,2.333 GHz,Socket M,65 nm,,35 W,"Dec 27th, 2006",baraazaid/cpu-and-gpu-stats
15407248f10a3ba11952,Core 2 Duo T8100,Penryn,2,,2.1,2.1,P,45.0,,35.0,2008-01-07,True,2,2.1 GHz,Socket P,45 nm,,35 W,"Jan 7th, 2008",baraazaid/cpu-and-gpu-stats
9a3b9f2a5adaa15be105,Core 2 Duo T8300,Penryn,2,,2.4,2.4,P,45.0,,35.0,2008-01-07,True,2,2.4 GHz,Socket P,45 nm,,35 W,"Jan 7th, 2008",baraazaid/cpu-and-gpu-stats
002e6bc861476a62cf35,Core 2 Duo T9300,Penryn,2,,2.5,2.5,P,45.0,,35.0,2008-01-07,True,2,2.5 GHz,Socket P,45 nm,,35 W,"Jan 7th, 2008",baraazaid/cpu-and-gpu-stats
de6bd2b363661b1778bb,Core 2 Duo T9400,Penryn,2,,2.533,2.533,P,45.0,,35.0,2008-07-15,True,2,2.533 GHz,Socket P,45 nm,,35 W,"Jul 15th, 2008",baraazaid/cpu-and-gpu-stats
346169d985f7f4fbe416,Core 2 Duo T9500,Penryn,2,,2.6,2.6,P,45.0,,35.0,2008-01-07,True,2,2.6 GHz,Socket P,45 nm,,35 W,"Jan 7th, 2008",baraazaid/cpu-and-gpu-stats
27367c2a6899e632e8f7,Core 2 Duo T9550,Penryn,2,,2.667,2.667,P,45.0,,35.0,2008-12-28,True,2,2.667 GHz,Socket P,45 nm,,35 W,"Dec 28th, 2008",baraazaid/cpu-and-gpu-stats
7ff3b6d03c430d0f4c89,Core 2 Duo T9600,Penryn,2,,2.8,2.8,P,45.0,,35.0,2008-07-15,True,2,2.8 GHz,Socket P,45 nm,,35 W,"Jul 15th, 2008",baraazaid/cpu-and-gpu-stats
311130121547b6dfe304,Core 2 Duo T9800,Penryn,2,,2.933,2.933,P,45.0,,35.0,2008-12-28,True,2,2.933 GHz,Socket P,45 nm,,35 W,"Dec 28th, 2008",baraazaid/cpu-and-gpu-stats
48487e84c27b27cf7ccb,Core 2 Duo T9900,Penryn,2,,3.067,3.067,P,45.0,,35.0,2009-06-02,True,2,3.067 GHz,Socket P,45 nm,,35 W,"Jun 2nd, 2009",baraazaid/cpu-and-gpu-stats
7ba829e44c56bc320d28,Core 2 Duo U7500,Merom,2,,1.073,1.073,P,65.0,,10.0,2008-02-27,True,2,1073 MHz,Socket P,65 nm,,10 W,"Feb 27th, 2008",baraazaid/cpu-and-gpu-stats
9a4e189914278b50237d,Core 2 Duo U7700,Merom,2,,1.333,1.333,P,65.0,,10.0,2008-02-27,True,2,1333 MHz,Socket P,65 nm,,10 W,"Feb 27th, 2008",baraazaid/cpu-and-gpu-stats
5715857513ea26d5e1e2,Core 2 Extreme QX6700,Kentsfield,4,,2.666,2.666,775,65.0,,130.0,2006-11-01,True,4,2.666 GHz,Socket 775,65 nm,,130 W,"Nov 1st, 2006",baraazaid/cpu-and-gpu-stats
cbd463fc442fd7dcdfb6,Core 2 Extreme QX9300,Penryn QC XE,4,,2.534,2.534,P,45.0,,45.0,2008-08-01,True,4,2.534 GHz,Socket P,45 nm,,45 W,"Aug 1st, 2008",baraazaid/cpu-and-gpu-stats
c406948644b44d6a5b40,Core 2 Extreme QX9770,Yorkfield,4,,3.2,3.2,775,45.0,,136.0,2008-03-24,True,4,3.2 GHz,Socket 775,45 nm,,136 W,"Mar 24th, 2008",baraazaid/cpu-and-gpu-stats
d5e642db80af20da46fc,Core 2 Extreme QX9775,Yorkfield,4,,3.2,3.2,771,45.0,,150.0,2008-03-24,True,4,3.2 GHz,Socket 771,45 nm,,150 W,"Mar 24th, 2008",baraazaid/cpu-and-gpu-stats
10690448af7615362d2d,Core 2 Extreme X6800,Conroe XE,2,,2.933,2.933,775,65.0,,75.0,2006-07-27,True,2,2.933 GHz,Socket 775,65 nm,,75 W,"Jul 27th, 2006",baraazaid/cpu-and-gpu-stats
1364d9b20a367a20a00c,Core 2 Extreme X9000,Penryn XE,2,,2.8,2.8,P,45.0,,44.0,2008-01-07,True,2,2.8 GHz,Socket P,45 nm,,44 W,"Jan 7th, 2008",baraazaid/cpu-and-gpu-stats
192efec11a368c9b3b7c,Core 2 Extreme X9100,Penryn XE,2,,3.067,3.067,P,45.0,,44.0,2008-07-01,True,2,3.067 GHz,Socket P,45 nm,,44 W,"Jul 1st, 2008",baraazaid/cpu-and-gpu-stats
83646e96c5eb7a92ffbe,Core 2 Quad Q8200,Yorkfield,4,,2.333,2.333,775,45.0,,95.0,2008-08-31,True,4,2.333 GHz,Socket 775,45 nm,,95 W,"Aug 31st, 2008",baraazaid/cpu-and-gpu-stats
e855f71d362894e74845,Core 2 Quad Q8300,Yorkfield,4,,2.5,2.5,775,45.0,,95.0,2008-11-30,True,4,2.5 GHz,Socket 775,45 nm,,95 W,"Nov 30th, 2008",baraazaid/cpu-and-gpu-stats
e033f6257f6f83910bde,Core 2 Quad Q9100,Penryn QC,4,,2.267,2.267,P,45.0,,45.0,2008-08-01,True,4,2.267 GHz,Socket P,45 nm,,45 W,"Aug 1st, 2008",baraazaid/cpu-and-gpu-stats
01dd3405563a7f1cd99b,Core 2 Quad Q9300,Yorkfield,4,,2.5,2.5,775,45.0,,95.0,2008-03-10,True,4,2.5 GHz,Socket 775,45 nm,,95 W,"Mar 10th, 2008",baraazaid/cpu-and-gpu-stats
cb382a2aa6acb059f818,Core 2 Quad Q9400,Yorkfield,4,,2.666,2.666,775,45.0,,95.0,2008-08-10,True,4,2.666 GHz,Socket 775,45 nm,,95 W,"Aug 10th, 2008",baraazaid/cpu-and-gpu-stats
aa38780c10e80053a0d2,Core 2 Quad Q9450,Yorkfield,4,,2.666,2.666,775,45.0,,95.0,2008-03-25,True,4,2.666 GHz,Socket 775,45 nm,,95 W,"Mar 25th, 2008",baraazaid/cpu-and-gpu-stats
0662f965e52d691ded9c,Core 2 Quad Q9550,Yorkfield,4,,2.833,2.833,775,45.0,,95.0,2008-03-25,True,4,2.833 GHz,Socket 775,45 nm,,95 W,"Mar 25th, 2008",baraazaid/cpu-and-gpu-stats
d08868e18c95ab28240b,Core 2 Quad Q9650,Yorkfield,4,,3.0,3.0,775,45.0,,95.0,2008-08-10,True,4,3 GHz,Socket 775,45 nm,,95 W,"Aug 10th, 2008",baraazaid/cpu-and-gpu-stats
ff9c2d015170d246b338,Core 2 Solo ULV SU3300,Penryn-L,1,,1.2,1.2,BGA 956,45.0,,5.0,2008-05-01,True,1,1200 MHz,BGA 956,45 nm,,5 W,"May 1st, 2008",baraazaid/cpu-and-gpu-stats
514ff762f4f204a709c8,Core 2 Solo ULV SU3500,Penryn-L,1,,1.4000000000000001,1.4000000000000001,BGA 956,45.0,,5.0,2009-03-29,True,1,1400 MHz,BGA 956,45 nm,,5 W,"Mar 29th, 2009",baraazaid/cpu-and-gpu-stats
84623a2a6fe1e498d702,Core 2 Solo ULV U2100,Merom-L,1,,1.067,1.067,BGA 956,65.0,,5.0,2007-09-01,True,1,1067 MHz,BGA 956,65 nm,,5 W,"Sep 1st, 2007",baraazaid/cpu-and-gpu-stats
829d1f28eaeb0942d7f1,Core 2 Solo ULV U2200,Merom-L,1,,1.2,1.2,BGA 956,65.0,,5.0,2007-09-01,True,1,1200 MHz,BGA 956,65 nm,,5 W,"Sep 1st, 2007",baraazaid/cpu-and-gpu-stats
511972ec8219daafe102,Core Duo LV L2500,Yonah,2,,1.833,1.833,479,65.0,,15.0,2006-09-03,True,2,1833 MHz,Socket 479,65 nm,,15 W,"Sep 3rd, 2006",baraazaid/cpu-and-gpu-stats
8134bca7de8526d2ddd1,Core Duo T2050,Yonah,2,,1.6,1.6,479,65.0,,31.0,2005-05-01,True,2,1600 MHz,Socket 479,65 nm,,31 W,"May 1st, 2005",baraazaid/cpu-and-gpu-stats
752060b94553452269de,Core Duo T2250,Yonah,2,,1.733,1.733,479,65.0,,31.0,2006-05-01,True,2,1733 MHz,Socket 479,65 nm,,31 W,"May 1st, 2006",baraazaid/cpu-and-gpu-stats
3d7a78998c59e3eb60ef,Core Duo T2300,Yonah,2,,1.6600000000000001,1.6600000000000001,479,65.0,,31.0,2006-01-05,True,2,1660 MHz,Socket 479,65 nm,,31 W,"Jan 5th, 2006",baraazaid/cpu-and-gpu-stats
3831c5e786780e795626,Core Duo T2400,Yonah,2,,1.826,1.826,479,65.0,,31.0,2006-01-05,True,2,1826 MHz,Socket 479,65 nm,,31 W,"Jan 5th, 2006",baraazaid/cpu-and-gpu-stats
9d7cc85ca0a0c8cf3047,Core Duo T2500,Yonah,2,,1.992,1.992,479,65.0,,31.0,2006-01-05,True,2,1992 MHz,Socket 479,65 nm,,31 W,"Jan 5th, 2006",baraazaid/cpu-and-gpu-stats
e9cdf92fbacb9194294a,Core Duo T2600,Yonah,2,,2.166,2.166,479,65.0,,31.0,2006-01-05,True,2,2.166 GHz,Socket 479,65 nm,,31 W,"Jan 5th, 2006",baraazaid/cpu-and-gpu-stats
ae9f07984ebfad0c60e9,Core Duo T2700,Yonah,2,,2.333,2.333,479,65.0,,31.0,2006-06-28,True,2,2.333 GHz,Socket 479,65 nm,,31 W,"Jun 28th, 2006",baraazaid/cpu-and-gpu-stats
aaa36a8f04c3b87aa91a,Core Duo ULV L2400,Yonah,2,,1.066,1.066,479,65.0,,9.0,2006-09-03,True,2,1066 MHz,Socket 479,65 nm,,9 W,"Sep 3rd, 2006",baraazaid/cpu-and-gpu-stats
b1c064f6a8be15d30f6f,Core Duo ULV L2500,Yonah,2,,1.2,1.2,479,65.0,,9.0,2006-06-28,True,2,1200 MHz,Socket 479,65 nm,,9 W,"Jun 28th, 2006",baraazaid/cpu-and-gpu-stats
756342b40e515e2a2b71,Core M-5Y10,,,,,,,,,,,False,,,,,,,,baraazaid/cpu-and-gpu-stats
dabb44963dac960fe1ff,Core M-5Y10a,,,,,,,,,,,False,,,,,,,,baraazaid/cpu-and-gpu-stats
f2dc2eb753afc916e8f6,Core M-5Y10c,,,,,,,,,,,False,,,,,,,,baraazaid/cpu-and-gpu-stats
f4b6183c600fa5d51aba,Core M-5Y31,,,,,,,,,,,False,,,,,,,,baraazaid/cpu-and-gpu-stats
00df49374b44c02a6ce9,Core M-5Y51,,,,,,,,,,,False,,,,,,,,baraazaid/cpu-and-gpu-stats
f6e41933115fd49c299c,Core M-5Y70,,,,,,,,,,,False,,,,,,,,baraazaid/cpu-and-gpu-stats
702fdf066d345845daaa,Core M-5Y71,,,,,,,,,,,False,,,,,,,,baraazaid/cpu-and-gpu-stats
c4ae170bb3bc17d50de6,Core Solo T1200,Yonah,1,,1.5,1.5,479,65.0,,27.0,2006-01-05,True,1,1500 MHz,Socket 479,65 nm,,27 W,"Jan 5th, 2006",baraazaid/cpu-and-gpu-stats
d6d4b08e91647d7fbf1b,Core Solo T1300,Yonah,1,,1.6600000000000001,1.6600000000000001,479,65.0,,27.0,2006-01-05,True,1,1660 MHz,Socket 479,65 nm,,27 W,"Jan 5th, 2006",baraazaid/cpu-and-gpu-stats
60303dfc92313fd94d3d,Core Solo T1350,Yonah,1,,1.866,1.866,479,65.0,,27.0,2006-01-05,True,1,1866 MHz,Socket 479,65 nm,,27 W,"Jan 5th, 2006",baraazaid/cpu-and-gpu-stats
ae2e9af6f1897b1c4307,Core Solo T1400,Yonah,1,,1.833,1.833,479,65.0,,27.0,2006-01-05,True,1,1833 MHz,Socket 479,65 nm,,27 W,"Jan 5th, 2006",baraazaid/cpu-and-gpu-stats
c79fd04a477a793bf1d8,Core Solo ULV U1300,Yonah,1,,1.066,1.066,479,65.0,,5.0,2006-04-19,True,1,1066 MHz,Socket 479,65 nm,,5 W,"Apr 19th, 2006",baraazaid/cpu-and-gpu-stats
2aa71fa17880c0daa9a7,Core Solo ULV U1400,Yonah,1,,1.2,1.2,479,65.0,,5.0,2006-04-19,True,1,1200 MHz,Socket 479,65 nm,,5 W,"Apr 19th, 2006",baraazaid/cpu-and-gpu-stats
b8649e19281652844410,Core Solo ULV U1500,Yonah,1,,1.333,1.333,479,65.0,,5.0,2006-04-19,True,1,1333 MHz,Socket 479,65 nm,,5 W,"Apr 19th, 2006",baraazaid/cpu-and-gpu-stats
ebe8697dd76293e9bbcc,Core i3-1000G1,,,,,,,,,,,False,,,,,,,,baraazaid/cpu-and-gpu-stats
bfc2de6dc805a5f053eb,Core i3-1000G4,,,,,,,,,,,False,,,,,,,,baraazaid/cpu-and-gpu-stats
50c8bc4556eba672ad49,Core i3-1005G1,,,,,,,,,,,False,,,,,,,,baraazaid/cpu-and-gpu-stats
e69fd131305e56dee256,Core i3-10100,,,,,,,,,,,False,,,,,,,,baraazaid/cpu-and-gpu-stats
599e1deabf35e033fcdb,Core i3-10105,Comet Lake-R,4,8,3.7,4.4,1200,14.0,6.0,65.0,2021-03-16,True,4 / 8,3.7 to 4.4 GHz,Socket 1200,14 nm,6MB,65 W,"Mar 16th, 2021",baraazaid/cpu-and-gpu-stats
35228f0ef485cd1e78b8,Core i3-10105F,Comet Lake-R,4,8,3.7,4.4,1200,14.0,6.0,65.0,2021-03-16,True,4 / 8,3.7 to 4.4 GHz,Socket 1200,14 nm,6MB,65 W,"Mar 16th, 2021",baraazaid/cpu-and-gpu-stats
25813991da7d55e41c54,Core i3-10105T,Comet Lake-R,4,8,3.0,3.9,1200,14.0,6.0,35.0,2021-03-16,True,4 / 8,3 to 3.9 GHz,Socket 1200,14 nm,6MB,35 W,"Mar 16th, 2021",baraazaid/cpu-and-gpu-stats
c308c74f99303e669e55,Core i3-10110U,,,,,,,,,,,False,,,,,,,,baraazaid/cpu-and-gpu-stats
5a09cc29bf4bf4df10c7,Core i3-10110Y,,,,,,,,,,,False,,,,,,,,baraazaid/cpu-and-gpu-stats
5e8a1e8774738d6dab33,Core i3-10300,,,,,,,,,,,False,,,,,,,,baraazaid/cpu-and-gpu-stats
88b9edd157e0f1ebd92e,Core i3-10305,Comet Lake-R,4,8,3.8,4.5,1200,14.0,8.0,65.0,2021-03-16,True,4 / 8,3.8 to 4.5 GHz,Socket 1200,14 nm,8MB,65 W,"Mar 16th, 2021",baraazaid/cpu-and-gpu-stats
e4cb7b51a793536f9e3a,Core i3-10305T,Comet Lake-R,4,8,3.0,4.0,1200,14.0,8.0,35.0,2021-03-16,True,4 / 8,3 to 4 GHz,Socket 1200,14 nm,8MB,35 W,"Mar 16th, 2021",baraazaid/cpu-and-gpu-stats
04e9752a6c2c1689a55b,Core i3-10320,,,,,,,,,,,False,,,,,,,,baraazaid/cpu-and-gpu-stats
9c0084458443c693c3af,Core i3-10325,Comet Lake-R,4,8,3.9,4.7,1200,14.0,8.0,65.0,2021-03-16,True,4 / 8,3.9 to 4.7 GHz,Socket 1200,14 nm,8MB,65 W,"Mar 16th, 2021",baraazaid/cpu-and-gpu-stats
3167c26ae67412e1685b,Core i3-10350K,,,,,,,,,,,False,,,,,,,,baraazaid/cpu-and-gpu-stats
da3fbce72e338671a954,Core i3-1120G4,,,,,,,,,,,False,,,,,,,,baraazaid/cpu-and-gpu-stats
c177ddfd940c8ed231d5,Core i3-1125G4,,,,,,,,,,,False,,,,,,,,baraazaid/cpu-and-gpu-stats
1f2de76142eceae1d596,Core i3-1220P,Alder Lake-P,10,12,1.5,4.4,BGA 1744,10.0,12.0,28.0,2022-02-23,True,10 / 12,1.5 to 4.4 GHz,BGA 1744,10 nm,12MB,28 W,"Feb 23rd, 2022",baraazaid/cpu-and-gpu-stats
7956c4a31896e7bca43e,Core i3-13100,,,,,,,,,,,False,,,,,,,,baraazaid/cpu-and-gpu-stats
308faddd084ef852d24c,Core i3-13100F,,,,,,,,,,,False,,,,,,,,baraazaid/cpu-and-gpu-stats
53af4b556d0039f01064,Core i3-13100T,,,,,,,,,,,False,,,,,,,,baraazaid/cpu-and-gpu-stats
55cf8f8963016ac49c94,Core i3-2100,Sandy Bridge,2,4,3.1,3.1,1155,32.0,3.0,65.0,2011-02-20,True,2 / 4,3.1 GHz,Socket 1155,32 nm,3MB,65 W,"Feb 20th, 2011",baraazaid/cpu-and-gpu-stats
72207cdfc4df4c535c7e,Core i3-2100T,Sandy Bridge,2,4,2.5,2.5,1155,32.0,3.0,35.0,2011-02-20,True,2 / 4,2.5 GHz,Socket 1155,32 nm,3MB,35 W,"Feb 20th, 2011",baraazaid/cpu-and-gpu-stats
a65503303b647f5fd016,Core i3-2102,Sandy Bridge,2,4,3.1,3.1,1155,32.0,3.0,65.0,2011-06-01,True,2 / 4,3.1 GHz,Socket 1155,32 nm,3MB,65 W,"Jun 1st, 2011",baraazaid/cpu-and-gpu-stats
84df5a5b7969fa010fdd,Core i3-2105,Sandy Bridge,2,4,3.1,3.1,1155,32.0,3.0,65.0,2011-05-22,True,2 / 4,3.1 GHz,Socket 1155,32 nm,3MB,65 W,"May 22nd, 2011",baraazaid/cpu-and-gpu-stats
66d3ebf4bac8c3c47a46,Core i3-2115C,Sandy Bridge,2,4,2.0,2.0,1155,32.0,3.0,65.0,2012-05-01,True,2 / 4,2000 MHz,Socket 1155,32 nm,3MB,65 W,"May 1st, 2012",baraazaid/cpu-and-gpu-stats
257313ce4539f1e9fa0d,Core i3-2120,Sandy Bridge,2,4,3.3,3.3,1155,32.0,3.0,65.0,2011-02-20,True,2 / 4,3.3 GHz,Socket 1155,32 nm,3MB,65 W,"Feb 20th, 2011",baraazaid/cpu-and-gpu-stats
46dc959b691c4b55f69b,Core i3-2120T,Sandy Bridge,2,4,2.6,2.6,1155,32.0,3.0,35.0,2011-09-04,True,2 / 4,2.6 GHz,Socket 1155,32 nm,3MB,35 W,"Sep 4th, 2011",baraazaid/cpu-and-gpu-stats
176ffd5dc8811fe59bea,Core i3-2125,Sandy Bridge,2,4,3.3,3.3,1155,32.0,3.0,65.0,2011-09-04,True,2 / 4,3.3 GHz,Socket 1155,32 nm,3MB,65 W,"Sep 4th, 2011",baraazaid/cpu-and-gpu-stats
11ebe9150d8572488aad,Core i3-2130,Sandy Bridge,2,4,3.4,3.4,1155,32.0,3.0,65.0,2011-09-04,True,2 / 4,3.4 GHz,Socket 1155,32 nm,3MB,65 W,"Sep 4th, 2011",baraazaid/cpu-and-gpu-stats
780b9becfeb4d94e2359,Core i3-2310E,Sandy Bridge,2,4,2.1,2.1,BGA 1023,32.0,3.0,35.0,2011-02-01,True,2 / 4,2.1 GHz,BGA 1023,32 nm,3MB,35 W,"Feb 1st, 2011",baraazaid/cpu-and-gpu-stats
1e03380da4f463523844,Core i3-2310M,Sandy Bridge,2,4,2.1,2.1,BGA 1023,32.0,3.0,35.0,2011-02-01,True,2 / 4,2.1 GHz,BGA 1023,32 nm,3MB,35 W,"Feb 1st, 2011",baraazaid/cpu-and-gpu-stats
6542584bbc501bb03c88,Core i3-2310M,Sandy Bridge,2,4,2.1,2.1,G2 (988B),32.0,3.0,35.0,2011-02-01,True,2 / 4,2.1 GHz,Socket G2 (988B),32 nm,3MB,35 W,"Feb 1st, 2011",baraazaid/cpu-and-gpu-stats
b98ac078026fe9b22cdf,Core i3-2312M,Sandy Bridge,2,4,2.1,2.1,G2 (988B),32.0,3.0,35.0,2011-03-01,True,2 / 4,2.1 GHz,Socket G2 (988B),32 nm,3MB,35 W,"Mar 1st, 2011",baraazaid/cpu-and-gpu-stats
3eda915099f02ed0ec93,Core i3-2312M,Sandy Bridge,2,4,2.1,2.1,BGA 1023,32.0,3.0,35.0,2011-09-01,True,2 / 4,2.1 GHz,BGA 1023,32 nm,3MB,35 W,"Sep 1st, 2011",baraazaid/cpu-and-gpu-stats
e449f819832f2e1a7531,Core i3-2328M,Sandy Bridge,2,4,2.2,2.2,G2 (988B),32.0,3.0,35.0,2012-09-01,True,2 / 4,2.2 GHz,Socket G2 (988B),32 nm,3MB,35 W,"Sep 1st, 2012",baraazaid/cpu-and-gpu-stats
57783468df7a84e38e84,Core i3-2330E,Sandy Bridge,2,4,2.2,2.2,G2 (988B),32.0,3.0,35.0,2011-06-01,True,2 / 4,2.2 GHz,Socket G2 (988B),32 nm,3MB,35 W,"Jun 1st, 2011",baraazaid/cpu-and-gpu-stats
366e929fb328c7abd42f,Core i3-2330M,Sandy Bridge,2,4,2.2,2.2,BGA 1023,32.0,3.0,35.0,2011-06-01,True,2 / 4,2.2 GHz,BGA 1023,32 nm,3MB,35 W,"Jun 1st, 2011",baraazaid/cpu-and-gpu-stats
df855416d47688e4edd4,Core i3-2330M,Sandy Bridge,2,4,2.2,2.2,G2 (988B),32.0,3.0,35.0,2011-06-01,True,2 / 4,2.2 GHz,Socket G2 (988B),32 nm,3MB,35 W,"Jun 1st, 2011",baraazaid/cpu-and-gpu-stats
0f15b9d9fc61ec483067,Core i3-2332M,Sandy Bridge,2,4,2.2,2.2,G2 (988B),32.0,3.0,35.0,2011-09-01,True,2 / 4,2.2 GHz,Socket G2 (988B),32 nm,3MB,35 W,"Sep 1st, 2011",baraazaid/cpu-and-gpu-stats
96a9d47407923a7805ef,Core i3-2340UE,Sandy Bridge,2,4,1.3,1.3,BGA 1023,32.0,3.0,17.0,2011-06-01,True,2 / 4,1300 MHz,BGA 1023,32 nm,3MB,17 W,"Jun 1st, 2011",baraazaid/cpu-and-gpu-stats
920c027eb40eb81e90d9,Core i3-2350M,Sandy Bridge,2,4,2.3,2.3,G2 (988B),32.0,3.0,35.0,2011-10-01,True,2 / 4,2.3 GHz,Socket G2 (988B),32 nm,3MB,35 W,"Oct 1st, 2011",baraazaid/cpu-and-gpu-stats
e9a1bf7be6abedca4f76,Core i3-2357M,Sandy Bridge,2,4,1.3,1.3,BGA 1023,32.0,3.0,17.0,2011-06-01,True,2 / 4,1300 MHz,BGA 1023,32 nm,3MB,17 W,"Jun 1st, 2011",baraazaid/cpu-and-gpu-stats
25f7ba79f97458df3bd5,Core i3-2367M,Sandy Bridge,2,4,1.4000000000000001,1.4000000000000001,BGA 1023,32.0,3.0,17.0,2011-10-01,True,2 / 4,1400 MHz,BGA 1023,32 nm,3MB,17 W,"Oct 1st, 2011",baraazaid/cpu-and-gpu-stats
05db502a89456d546ba6,Core i3-2370M,Sandy Bridge,2,4,2.4,2.4,G2 (988B),32.0,3.0,35.0,2012-01-01,True,2 / 4,2.4 GHz,Socket G2 (988B),32 nm,3MB,35 W,"Jan 1st, 2012",baraazaid/cpu-and-gpu-stats
9beb219d28a9a1b8da06,Core i3-2377M,Sandy Bridge,2,4,1.5,1.5,BGA 1023,32.0,3.0,17.0,2012-09-01,True,2 / 4,1500 MHz,BGA 1023,32 nm,3MB,17 W,"Sep 1st, 2012",baraazaid/cpu-and-gpu-stats
288f55967c9a2b2fbdaf,Core i3-3110M,Ivy Bridge,2,4,2.4,2.4,BGA 1023,22.0,3.0,35.0,2012-06-01,True,2 / 4,2.4 GHz,BGA 1023,22 nm,3MB,35 W,"Jun 1st, 2012",baraazaid/cpu-and-gpu-stats
01b5db2a24430f8777f1,Core i3-3110M,Ivy Bridge,2,4,2.4,2.4,G2 (988B),22.0,3.0,35.0,2012-06-01,True,2 / 4,2.4 GHz,Socket G2 (988B),22 nm,3MB,35 W,"Jun 1st, 2012",baraazaid/cpu-and-gpu-stats
1dd6d1ad34386db3add5,Core i3-3120M,Ivy Bridge,2,4,2.5,2.5,BGA 1023,22.0,3.0,35.0,2012-09-30,True,2 / 4,2.5 GHz,BGA 1023,22 nm,3MB,35 W,"Sep 30th, 2012",baraazaid/cpu-and-gpu-stats
88cf71caa31be521369e,Core i3-3120M,Ivy Bridge,2,4,2.5,2.5,G2 (988B),22.0,3.0,35.0,2012-09-30,True,2 / 4,2.5 GHz,Socket G2 (988B),22 nm,3MB,35 W,"Sep 30th, 2012",baraazaid/cpu-and-gpu-stats
1fe45de072d923d69745,Core i3-3120ME,Ivy Bridge,2,4,2.4,2.4,BGA 1023,22.0,3.0,35.0,2012-08-01,True,2 / 4,2.4 GHz,BGA 1023,22 nm,3MB,35 W,"Aug 1st, 2012",baraazaid/cpu-and-gpu-stats
df966a2ccb7e45d37b17,Core i3-3217U,Ivy Bridge,2,4,1.8,1.8,BGA 1023,22.0,3.0,17.0,2012-06-01,True,2 / 4,1800 MHz,BGA 1023,22 nm,3MB,17 W,"Jun 1st, 2012",baraazaid/cpu-and-gpu-stats
dd306e607ecd2ac76dea,Core i3-3217UE,Ivy Bridge,2,4,1.6,1.6,BGA 1023,22.0,3.0,17.0,2012-08-01,True,2 / 4,1600 MHz,BGA 1023,22 nm,3MB,17 W,"Aug 1st, 2012",baraazaid/cpu-and-gpu-stats
e1203407e0cfaa6553c7,Core i3-3220,Ivy Bridge,2,4,3.3,3.3,1155,22.0,3.0,55.0,2012-09-03,True,2 / 4,3.3 GHz,Socket 1155,22 nm,3MB,55 W,"Sep 3rd, 2012",baraazaid/cpu-and-gpu-stats
2532fbf84efe8156b214,Core i3-3220T,Ivy Bridge,2,4,2.8,2.8,1155,22.0,3.0,35.0,2012-09-03,True,2 / 4,2.8 GHz,Socket 1155,22 nm,3MB,35 W,"Sep 3rd, 2012",baraazaid/cpu-and-gpu-stats
8c5d5485d89f814094c6,Core i3-3225,Ivy Bridge,2,4,3.3,3.3,1155,22.0,3.0,55.0,2012-09-03,True,2 / 4,3.3 GHz,Socket 1155,22 nm,3MB,55 W,"Sep 3rd, 2012",baraazaid/cpu-and-gpu-stats
c36c8a49f87790c3e130,Core i3-3227U,Ivy Bridge,2,4,1.9000000000000001,1.9000000000000001,BGA 1023,22.0,3.0,17.0,2013-01-08,True,2 / 4,1900 MHz,BGA 1023,22 nm,3MB,17 W,"Jan 8th, 2013",baraazaid/cpu-and-gpu-stats
9d1db65e368ceb549f7e,Core i3-3229Y,Ivy Bridge,2,4,1.4000000000000001,1.4000000000000001,BGA 1023,22.0,3.0,13.0,2013-01-08,True,2 / 4,1400 MHz,BGA 1023,22 nm,3MB,13 W,"Jan 8th, 2013",baraazaid/cpu-and-gpu-stats
b1a0a4cf711b67fdeed9,Core i3-3240,Ivy Bridge,2,4,3.4,3.4,1155,22.0,3.0,55.0,2012-09-03,True,2 / 4,3.4 GHz,Socket 1155,22 nm,3MB,55 W,"Sep 3rd, 2012",baraazaid/cpu-and-gpu-stats
606ec68ef36ab329a9ce,Core i3-3240T,Ivy Bridge,2,4,3.0,3.0,1155,22.0,3.0,35.0,2012-09-03,True,2 / 4,3 GHz,Socket 1155,22 nm,3MB,35 W,"Sep 3rd, 2012",baraazaid/cpu-and-gpu-stats
ded2448fb65b81047551,Core i3-350M,Arrandale,2,4,2.267,2.267,G1,32.0,3.0,35.0,2010-01-07,True,2 / 4,2.267 GHz,Socket G1,32 nm,3MB,35 W,"Jan 7th, 2010",baraazaid/cpu-and-gpu-stats
34fce046bd72ab709cfc,Core i3-370M,Arrandale,2,4,2.4,2.4,G1,32.0,3.0,35.0,2010-06-20,True,2 / 4,2.4 GHz,Socket G1,32 nm,3MB,35 W,"Jun 20th, 2010",baraazaid/cpu-and-gpu-stats
d0f0f3ecbdf059b74ac4,Core i3-380M,Arrandale,2,4,2.534,2.534,G1,32.0,3.0,35.0,2010-10-26,True,2 / 4,2.534 GHz,Socket G1,32 nm,3MB,35 W,"Oct 26th, 2010",baraazaid/cpu-and-gpu-stats
001bb3fb7d4ec2d852b0,Core i3-390M,Arrandale,2,4,2.667,2.667,G1,32.0,3.0,35.0,2011-01-09,True,2 / 4,2.667 GHz,Socket G1,32 nm,3MB,35 W,"Jan 9th, 2011",baraazaid/cpu-and-gpu-stats
2991b2d2c215bf92f3d6,Core i3-4000M,Haswell,2,4,2.4,2.4,G3,22.0,3.0,37.0,2013-09-04,True,2 / 4,2.4 GHz,Socket G3,22 nm,3MB,37 W,"Sep 4th, 2013",baraazaid/cpu-and-gpu-stats
d910cc33623acd606016,Core i3-4005U,Haswell,2,4,1.7,1.7,BGA 1168,22.0,3.0,15.0,2013-09-04,True,2 / 4,1700 MHz,BGA 1168,22 nm,3MB,15 W,"Sep 4th, 2013",baraazaid/cpu-and-gpu-stats
cb4e719597b7325c0e24,Core i3-4010U,Haswell,2,4,1.7,1.7,BGA 1168,22.0,3.0,15.0,2013-06-04,True,2 / 4,1700 MHz,BGA 1168,22 nm,3MB,15 W,"Jun 4th, 2013",baraazaid/cpu-and-gpu-stats
1967937ac73d5eb12b3f,Core i3-4010Y,Haswell,2,4,1.3,1.3,BGA 1168,22.0,3.0,12.0,2013-06-04,True,2 / 4,1300 MHz,BGA 1168,22 nm,3MB,12 W,"Jun 4th, 2013",baraazaid/cpu-and-gpu-stats
533e8449529b54350f5b,Core i3-4100E,Haswell,2,4,2.4,2.4,BGA 1364,22.0,3.0,37.0,2013-09-04,True,2 / 4,2.4 GHz,BGA 1364,22 nm,3MB,37 W,"Sep 4th, 2013",baraazaid/cpu-and-gpu-stats
64fe3deb5d70a173f6e8,Core i3-4100U,Haswell,2,4,1.8,1.8,BGA 1168,22.0,3.0,15.0,2013-06-04,True,2 / 4,1800 MHz,BGA 1168,22 nm,3MB,15 W,"Jun 4th, 2013",baraazaid/cpu-and-gpu-stats
e338edc23ad0174cfea4,Core i3-4102E,Haswell,2,4,1.6,1.6,BGA 1364,22.0,3.0,25.0,2013-09-04,True,2 / 4,1600 MHz,BGA 1364,22 nm,3MB,25 W,"Sep 4th, 2013",baraazaid/cpu-and-gpu-stats
9ad5e2099d8969e906fc,Core i3-4130,Haswell,2,4,3.4,3.4,1150,22.0,3.0,54.0,2013-09-01,True,2 / 4,3.4 GHz,Socket 1150,22 nm,3MB,54 W,"Sep 1st, 2013",baraazaid/cpu-and-gpu-stats
848f0f2dd1966fa663c7,Core i3-4130T,Haswell,2,4,2.9,2.9,1150,22.0,3.0,35.0,2013-09-01,True,2 / 4,2.9 GHz,Socket 1150,22 nm,3MB,35 W,"Sep 1st, 2013",baraazaid/cpu-and-gpu-stats
0eb45b116b77e2bbf14b,Core i3-4150T,,,,,,,,,,,False,,,,,,,,baraazaid/cpu-and-gpu-stats
e991cf36766b22df838d,Core i3-4158U,Haswell,2,4,2.0,2.0,BGA 1168,22.0,3.0,28.0,2013-06-04,True,2 / 4,2000 MHz,BGA 1168,22 nm,3MB,28 W,"Jun 4th, 2013",baraazaid/cpu-and-gpu-stats
9241d2b54166ca896657,Core i3-4160,,,,,,,,,,,False,,,,,,,,baraazaid/cpu-and-gpu-stats
dd69a0de3ca56d969690,Core i3-4160T,,,,,,,,,,,False,,,,,,,,baraazaid/cpu-and-gpu-stats
8fca16553f275bd3382a,Core i3-4330,Haswell,2,4,3.5,3.5,1150,22.0,4.0,54.0,2013-09-01,True,2 / 4,3.5 GHz,Socket 1150,22 nm,4MB,54 W,"Sep 1st, 2013",baraazaid/cpu-and-gpu-stats
4eb38a905745bd31fdcd,Core i3-4330T,Haswell,2,4,3.0,3.0,1150,22.0,4.0,35.0,2013-09-01,True,2 / 4,3 GHz,Socket 1150,22 nm,4MB,35 W,"Sep 1st, 2013",baraazaid/cpu-and-gpu-stats
6e9e3619509d660592dc,Core i3-4340,Haswell,2,4,3.6,3.6,1150,22.0,4.0,54.0,2013-09-01,True,2 / 4,3.6 GHz,Socket 1150,22 nm,4MB,54 W,"Sep 1st, 2013",baraazaid/cpu-and-gpu-stats
88a9171f4e1592505f9e,Core i3-4350,,,,,,,,,,,False,,,,,,,,baraazaid/cpu-and-gpu-stats
cc76c89583d31c5360a8,Core i3-4360,,,,,,,,,,,False,,,,,,,,baraazaid/cpu-and-gpu-stats
0bd224523917a6d54e64,Core i3-4360T,,,,,,,,,,,False,,,,,,,,baraazaid/cpu-and-gpu-stats
a9c023fdc6f1c8708d20,Core i3-4370,,,,,,,,,,,False,,,,,,,,baraazaid/cpu-and-gpu-stats
3f922bcb09d9632b4ea7,Core i3-5005U,,,,,,,,,,,False,,,,,,,,baraazaid/cpu-and-gpu-stats
dd7671cbffe63e93d07f,Core i3-5010U,,,,,,,,,,,False,,,,,,,,baraazaid/cpu-and-gpu-stats
63b1c184b1044f4579ab,Core i3-5015U,,,,,,,,,,,False,,,,,,,,baraazaid/cpu-and-gpu-stats
053e1c636c1a0dc6cca1,Core i3-5020U,,,,,,,,,,,False,,,,,,,,baraazaid/cpu-and-gpu-stats
9c8c25fed3e5b3933269,Core i3-5157U,,,,,,,,,,,False,,,,,,,,baraazaid/cpu-and-gpu-stats
5b93014413164d64f72c,Core i3-530,Clarkdale,2,4,2.933,2.933,1156,32.0,4.0,73.0,2010-01-07,True,2 / 4,2.933 GHz,Socket 1156,32 nm,4MB,73 W,"Jan 7th, 2010",baraazaid/cpu-and-gpu-stats
bec5ad34e8cba53198d6,Core i3-540,Clarkdale,2,4,3.066,3.066,1156,32.0,4.0,73.0,2010-01-07,True,2 / 4,3.066 GHz,Socket 1156,32 nm,4MB,73 W,"Jan 7th, 2010",baraazaid/cpu-and-gpu-stats
1a5364c7a194eaa6f5ff,Core i3-550,Clarkdale,2,4,3.2,3.2,1156,32.0,4.0,73.0,2010-05-30,True,2 / 4,3.2 GHz,Socket 1156,32 nm,4MB,73 W,"May 30th, 2010",baraazaid/cpu-and-gpu-stats
7f581285f0d105af8845,Core i3-560,Clarkdale,2,4,3.333,3.333,1156,32.0,4.0,73.0,2010-08-29,True,2 / 4,3.333 GHz,Socket 1156,32 nm,4MB,73 W,"Aug 29th, 2010",baraazaid/cpu-and-gpu-stats
49d3fc9fa11c38a67ce3,Core i3-6100,,,,,,,,,,,False,,,,,,,,baraazaid/cpu-and-gpu-stats
aba37faa193873c3cbed,Core i3-6300,,,,,,,,,,,False,,,,,,,,baraazaid/cpu-and-gpu-stats
ed4c3163de5ebfa77d91,Core i3-6320,,,,,,,,,,,False,,,,,,,,baraazaid/cpu-and-gpu-stats
50bdf770452783243c1f,Core i3-7100,Kaby Lake,2,4,3.9,3.9,1151,14.0,3.0,51.0,2017-01-03,True,2 / 4,3.9 GHz,Socket 1151,14 nm,3MB,51 W,"Jan 3rd, 2017",baraazaid/cpu-and-gpu-stats
c62469782b9ae67fa78b,Core i3-7100T,Kaby Lake,2,4,3.4,3.4,1151,14.0,3.0,35.0,2017-01-03,True,2 / 4,3.4 GHz,Socket 1151,14 nm,3MB,35 W,"Jan 3rd, 2017",baraazaid/cpu-and-gpu-stats
f22da6594dbe218fdab2,Core i3-7120,Kaby Lake,2,4,4.0,4.0,1151,14.0,3.0,51.0,2017-07-17,True,2 / 4,4 GHz,Socket 1151,14 nm,3MB,51 W,"Jul 17th, 2017",baraazaid/cpu-and-gpu-stats
b4bda456026d1177fd49,Core i3-7120T,Kaby Lake,2,4,3.6,3.6,1151,14.0,3.0,35.0,2017-07-17,True,2 / 4,3.6 GHz,Socket 1151,14 nm,3MB,35 W,"Jul 17th, 2017",baraazaid/cpu-and-gpu-stats
17ac2ca81c99786f9ab3,Core i3-7300,Kaby Lake,2,4,4.0,4.0,1151,14.0,4.0,51.0,2017-01-03,True,2 / 4,4 GHz,Socket 1151,14 nm,4MB,51 W,"Jan 3rd, 2017",baraazaid/cpu-and-gpu-stats
fb772a8fda33675ab281,Core i3-7300T,Kaby Lake,2,4,3.5,3.5,1151,14.0,4.0,35.0,2017-01-03,True,2 / 4,3.5 GHz,Socket 1151,14 nm,4MB,35 W,"Jan 3rd, 2017",baraazaid/cpu-and-gpu-stats
4c9950aa8b27f2ab99f0,Core i3-7320,Kaby Lake,2,4,4.1,4.1,1151,14.0,4.0,51.0,2017-01-03,True,2 / 4,4.1 GHz,Socket 1151,14 nm,4MB,51 W,"Jan 3rd, 2017",baraazaid/cpu-and-gpu-stats
177559843e2f985714c3,Core i3-7320T,Kaby Lake,2,4,3.6,3.6,1151,14.0,4.0,35.0,2017-07-17,True,2 / 4,3.6 GHz,Socket 1151,14 nm,4MB,35 W,"Jul 17th, 2017",baraazaid/cpu-and-gpu-stats
dad3a869c2a4098088ca,Core i3-7340,Kaby Lake,2,4,4.2,4.2,1151,14.0,4.0,51.0,2017-07-17,True,2 / 4,4.2 GHz,Socket 1151,14 nm,4MB,51 W,"Jul 17th, 2017",baraazaid/cpu-and-gpu-stats
4145805247dec2602e44,Core i3-7350K,Kaby Lake,2,4,4.2,4.2,1151,14.0,4.0,60.0,2017-01-03,True,2 / 4,4.2 GHz,Socket 1151,14 nm,4MB,60 W,"Jan 3rd, 2017",baraazaid/cpu-and-gpu-stats
10806f2c2173b8d86776,Core i3-7360X,Kaby Lake,2,4,4.3,4.3,2066,14.0,4.0,112.0,2017-10-03,True,2 / 4,4.3 GHz,Socket 2066,14 nm,4MB,112 W,"Oct 3rd, 2017",baraazaid/cpu-and-gpu-stats
c7ed6cb71a012b8743e9,Core i3-8100,Coffee Lake,4,,2.8,3.6,1151,14.0,6.0,62.0,2017-10-05,True,4,2.8 to 3.6 GHz,Socket 1151,14 nm,6MB,62 W,"Oct 5th, 2017",baraazaid/cpu-and-gpu-stats
351948e561b1acf86f2f,Core i3-8350K,Coffee Lake,4,,4.0,4.0,1151,14.0,8.0,91.0,2017-10-05,True,4,4 GHz,Socket 1151,14 nm,8MB,91 W,"Oct 5th, 2017",baraazaid/cpu-and-gpu-stats
b65e31a071bf2aef2770,Core i3-9100F,,,,,,,,,,,False,,,,,,,,baraazaid/cpu-and-gpu-stats
705bbec80308942189e7,Core i3-9300,,,,,,,,,,,False,,,,,,,,baraazaid/cpu-and-gpu-stats
d95728fda5fd52d9ea4b,Core i3-9320,,,,,,,,,,,False,,,,,,,,baraazaid/cpu-and-gpu-stats
18158815d40b69c92f11,Core i3-9350K,,,,,,,,,,,False,,,,,,,,baraazaid/cpu-and-gpu-stats
f93270ab84cd7e4f9f49,Core i3-9350KF,,,,,,,,,,,False,,,,,,,,baraazaid/cpu-and-gpu-stats
989dbe1f0aa938f0ce41,Core i3-N300,,,,,,,,,,,False,,,,,,,,baraazaid/cpu-and-gpu-stats
f53203be8d8c9b911603,Core i3-N305,,,,,,,,,,,False,,,,,,,,baraazaid/cpu-and-gpu-stats
acfcfb8f9fd2f03fc143,Core i5-10200H,,,,,,,,,,,False,,,,,,,,baraazaid/cpu-and-gpu-stats
d57ba88b4d9fa7ee7b0f,Core i5-10210U,,,,,,,,,,,False,,,,,,,,baraazaid/cpu-and-gpu-stats
527b42e0955c7dbea2c4,Core i5-10210Y,,,,,,,,,,,False,,,,,,,,baraazaid/cpu-and-gpu-stats
dab149ef677ca0e00aaf,Core i5-10300H,,,,,,,,,,,False,,,,,,,,baraazaid/cpu-and-gpu-stats
9e1c67921ad9e6cbe432,Core i5-1030G4,,,,,,,,,,,False,,,,,,,,baraazaid/cpu-and-gpu-stats
fc8f73adf08c27037e01,Core i5-1030G7,,,,,,,,,,,False,,,,,,,,baraazaid/cpu-and-gpu-stats
a6370672730529e7d50c,Core i5-10310Y,,,,,,,,,,,False,,,,,,,,baraazaid/cpu-and-gpu-stats
4f33bfe84c8be13dfd44,Core i5-1035G1,,,,,,,,,,,False,,,,,,,,baraazaid/cpu-and-gpu-stats
3e575c63364b2e1c33b4,Core i5-1035G4,,,,,,,,,,,False,,,,,,,,baraazaid/cpu-and-gpu-stats
96c29d59e3b492737ad2,Core i5-1035G7,,,,,,,,,,,False,,,,,,,,baraazaid/cpu-and-gpu-stats
7b1d546f7c7ccf8e277e,Core i5-1038NG7,,,,,,,,,,,False,,,,,,,,baraazaid/cpu-and-gpu-stats
4dc8aaeb5ca04cd43865,Core i5-10400,,,,,,,,,,,False,,,,,,,,baraazaid/cpu-and-gpu-stats
23b0ee0990254b17709b,Core i5-10400F,,,,,,,,,,,False,,,,,,,,baraazaid/cpu-and-gpu-stats
24e6fbf8a1fdd06279a4,Core i5-10400H,,,,,,,,,,,False,,,,,,,,baraazaid/cpu-and-gpu-stats
a8a92a9187c0d30f0b09,Core i5-10500,,,,,,,,,,,False,,,,,,,,baraazaid/cpu-and-gpu-stats
944f30c80e635acf2683,Core i5-10600,,,,,,,,,,,False,,,,,,,,baraazaid/cpu-and-gpu-stats
104e9e39bc5513f602ff,Core i5-10600K,,,,,,,,,,,False,,,,,,,,baraazaid/cpu-and-gpu-stats
ad5799d01b15546a5cd5,Core i5-10600KF,,,,,,,,,,,False,,,,,,,,baraazaid/cpu-and-gpu-stats
2f23c874ee7eafbf7da3,Core i5-11260H,Tiger Lake-H,6,12,2.1,4.4,BGA 1787,10.0,12.0,35.0,2021-05-11,True,6 / 12,2.1 to 4.4 GHz,BGA 1787,10 nm,12MB,35 W,"May 11th, 2021",baraazaid/cpu-and-gpu-stats
8d81bced4e153faf337c,Core i5-11300H,Tiger Lake-H,4,8,2.6,4.4,BGA 1449,10.0,8.0,28.0,2021-01-11,True,4 / 8,2.6 to 4.4 GHz,BGA 1449,10 nm,8MB,28 W,"Jan 11th, 2021",baraazaid/cpu-and-gpu-stats
841dcfa60fd463c51d89,Core i5-1130G7,,,,,,,,,,,False,,,,,,,,baraazaid/cpu-and-gpu-stats
8c74cdeb0e41ca018819,Core i5-11320H,Tiger Lake-H,4,8,2.5,4.5,BGA 1449,10.0,8.0,28.0,2021-06-21,True,4 / 8,2.5 to 4.5 GHz,BGA 1449,10 nm,8MB,28 W,"Jun 21st, 2021",baraazaid/cpu-and-gpu-stats
68b36e0737675a16929b,Core i5-1135G7,,,,,,,,,,,False,,,,,,,,baraazaid/cpu-and-gpu-stats
799d7ab12cf21016be65,Core i5-11400,Rocket Lake,6,12,2.6,4.4,1200,14.0,12.0,65.0,2021-03-16,True,6 / 12,2.6 to 4.4 GHz,Socket 1200,14 nm,12MB,65 W,"Mar 16th, 2021",baraazaid/cpu-and-gpu-stats
521bc8040be90e0fa5d6,Core i5-11400F,Rocket Lake,6,12,2.6,4.4,1200,14.0,12.0,65.0,2021-03-16,True,6 / 12,2.6 to 4.4 GHz,Socket 1200,14 nm,12MB,65 W,"Mar 16th, 2021",baraazaid/cpu-and-gpu-stats
350f3f25641b83c2adbc,Core i5-11400H,Tiger Lake-H,6,12,2.2,4.5,BGA 1787,10.0,12.0,35.0,2021-05-11,True,6 / 12,2.2 to 4.5 GHz,BGA 1787,10 nm,12MB,35 W,"May 11th, 2021",baraazaid/cpu-and-gpu-stats
34f8274fba07ef48dece,Core i5-11400T,Rocket Lake,6,12,1.3,3.7,1200,14.0,12.0,35.0,2021-03-16,True,6 / 12,1.3 to 3.7 GHz,Socket 1200,14 nm,12MB,35 W,"Mar 16th, 2021",baraazaid/cpu-and-gpu-stats
4070af718b46ebde112e,Core i5-1145G7,,,,,,,,,,,False,,,,,,,,baraazaid/cpu-and-gpu-stats
1f3df3d89107fddee941,Core i5-11500,Rocket Lake,6,12,2.7,4.6,1200,14.0,12.0,65.0,2021-03-16,True,6 / 12,2.7 to 4.6 GHz,Socket 1200,14 nm,12MB,65 W,"Mar 16th, 2021",baraazaid/cpu-and-gpu-stats
e1de3c59193af94e9138,Core i5-11500H,Tiger Lake-H,6,12,2.4,4.6,BGA 1787,10.0,12.0,35.0,2021-05-11,True,6 / 12,2.4 to 4.6 GHz,BGA 1787,10 nm,12MB,35 W,"May 11th, 2021",baraazaid/cpu-and-gpu-stats
46e974142deae37a41fe,Core i5-11500T,Rocket Lake,6,12,1.5,3.9,1200,14.0,12.0,35.0,2021-03-16,True,6 / 12,1.5 to 3.9 GHz,Socket 1200,14 nm,12MB,35 W,"Mar 16th, 2021",baraazaid/cpu-and-gpu-stats
447580d1a18e0e43ae88,Core i5-1155G7,Tiger Lake-U,4,8,2.5,4.5,BGA 1449,10.0,8.0,28.0,2021-05-31,True,4 / 8,2.5 to 4.5 GHz,BGA 1449,10 nm,8MB,28 W,"May 31st, 2021",baraazaid/cpu-and-gpu-stats
41c6e85c2b215303f9fd,Core i5-11600,Rocket Lake,6,12,2.8,4.8,1200,14.0,12.0,65.0,2021-03-16,True,6 / 12,2.8 to 4.8 GHz,Socket 1200,14 nm,12MB,65 W,"Mar 16th, 2021",baraazaid/cpu-and-gpu-stats
ba2049a4f1b59c0c1583,Core i5-11600K,Rocket Lake,6,12,3.9,4.9,1200,14.0,12.0,125.0,2021-03-16,True,6 / 12,3.9 to 4.9 GHz,Socket 1200,14 nm,12MB,125 W,"Mar 16th, 2021",baraazaid/cpu-and-gpu-stats
01871b8f8ad4f367a370,Core i5-11600KF,Rocket Lake,6,12,3.9,4.9,1200,14.0,12.0,125.0,2021-03-16,True,6 / 12,3.9 to 4.9 GHz,Socket 1200,14 nm,12MB,125 W,"Mar 16th, 2021",baraazaid/cpu-and-gpu-stats
67cd1db70825122e9fe1,Core i5-11600T,Rocket Lake,6,12,1.7,4.1,1200,14.0,12.0,35.0,2021-03-16,True,6 / 12,1.7 to 4.1 GHz,Socket 1200,14 nm,12MB,35 W,"Mar 16th, 2021",baraazaid/cpu-and-gpu-stats
3839147e02a84032345e,Core i5-1230U,Alder Lake-U,10,12,1.0,4.4,BGA 1781,10.0,12.0,9.0,2022-02-23,True,10 / 12,1 to 4.4 GHz,BGA 1781,10 nm,12MB,9 W,"Feb 23rd, 2022",baraazaid/cpu-and-gpu-stats
85d47de214b8b2aa248b,Core i5-1235U,Alder Lake-U,10,12,1.3,4.4,BGA 1744,10.0,12.0,15.0,2022-02-23,True,10 / 12,1.3 to 4.4 GHz,BGA 1744,10 nm,12MB,15 W,"Feb 23rd, 2022",baraazaid/cpu-and-gpu-stats
488949f6d4f0e5f79544,Core i5-1235U (IPU),Alder Lake-U,10,12,1.3,4.4,BGA 1744,10.0,12.0,15.0,2022-02-23,True,10 / 12,1.3 to 4.4 GHz,BGA 1744,10 nm,12MB,15 W,"Feb 23rd, 2022",baraazaid/cpu-and-gpu-stats
414c8669374f2c05dea0,Core i5-1240P,Alder Lake-P,12,16,1.7,4.4,BGA 1744,10.0,12.0,28.0,2022-02-23,True,12 / 16,1.7 to 4.4 GHz,BGA 1744,10 nm,12MB,28 W,"Feb 23rd, 2022",baraazaid/cpu-and-gpu-stats
d04a611f824167c9f563,Core i5-1240U,Alder Lake-U,10,12,1.1,4.4,BGA 1781,10.0,12.0,9.0,2022-02-23,True,10 / 12,1.1 to 4.4 GHz,BGA 1781,10 nm,12MB,9 W,"Feb 23rd, 2022",baraazaid/cpu-and-gpu-stats
67e17ff5548a4558fdfe,Core i5-1245U,Alder Lake-U,10,12,1.6,4.4,BGA 1744,10.0,12.0,15.0,2022-02-23,True,10 / 12,1.6 to 4.4 GHz,BGA 1744,10 nm,12MB,15 W,"Feb 23rd, 2022",baraazaid/cpu-and-gpu-stats
a86f039859f995828f49,Core i5-12500H,Alder Lake-H,12,16,2.5,4.5,BGA 1744,10.0,18.0,45.0,2022-01-01,True,12 / 16,2.5 to 4.5 GHz,BGA 1744,10 nm,18MB,45 W,Jan 2022,baraazaid/cpu-and-gpu-stats
4f5bf52e4eeda56fdbdc,Core i5-1250P,Alder Lake-P,12,16,1.7,4.4,BGA 1744,10.0,12.0,28.0,2022-02-23,True,12 / 16,1.7 to 4.4 GHz,BGA 1744,10 nm,12MB,28 W,"Feb 23rd, 2022",baraazaid/cpu-and-gpu-stats
734dd1401eff7ad0161e,Core i5-12600H,Alder Lake-H,12,16,2.7,4.5,BGA 1744,10.0,18.0,45.0,2022-01-01,True,12 / 16,2.7 to 4.5 GHz,BGA 1744,10 nm,18MB,45 W,Jan 2022,baraazaid/cpu-and-gpu-stats
220c4b0731e0e85a6583,Core i5-12600HE,Alder Lake-H,12,16,2.5,4.5,BGA 1744,10.0,18.0,45.0,2022-01-01,True,12 / 16,2.5 to 4.5 GHz,BGA 1744,10 nm,18MB,45 W,Jan 2022,baraazaid/cpu-and-gpu-stats
80bb4abcec5857dbe133,Core i5-12600HX,Alder Lake-HX,12,16,2.5,4.6,BGA 1964,10.0,18.0,55.0,2022-05-10,True,12 / 16,2.5 to 4.6 GHz,BGA 1964,10 nm,18MB,55 W,"May 10th, 2022",baraazaid/cpu-and-gpu-stats
fecc4b1e20d560822989,Core i5-12600K,Alder Lake-S,10,16,3.7,4.9,1700,10.0,20.0,125.0,2021-11-04,True,10 / 16,3.7 to 4.9 GHz,Socket 1700,10 nm,20MB,125 W,"Nov 4th, 2021",baraazaid/cpu-and-gpu-stats
ac5a2f6901050a354f29,Core i5-12600KF,Alder Lake-S,10,16,3.7,4.9,1700,10.0,20.0,125.0,2021-11-04,True,10 / 16,3.7 to 4.9 GHz,Socket 1700,10 nm,20MB,125 W,"Nov 4th, 2021",baraazaid/cpu-and-gpu-stats
c3d02840beba6aac4648,Core i5-13400,Raptor Lake-S,10,16,2.5,4.6,1700,10.0,20.0,65.0,2023-01-04,True,10 / 16,2.5 to 4.6 GHz,Socket 1700,10 nm,20MB,65 W,"Jan 4th, 2023",baraazaid/cpu-and-gpu-stats
316443d90f26a24a2cf0,Core i5-13400F,Raptor Lake-S,10,16,2.5,4.6,1700,10.0,20.0,65.0,2023-01-04,True,10 / 16,2.5 to 4.6 GHz,Socket 1700,10 nm,20MB,65 W,"Jan 4th, 2023",baraazaid/cpu-and-gpu-stats
e7e50db415bca3b3077f,Core i5-13400T,Raptor Lake-S,10,16,1.3,4.4,1700,10.0,20.0,35.0,2023-01-04,True,10 / 16,1.3 to 4.4 GHz,Socket 1700,10 nm,20MB,35 W,"Jan 4th, 2023",baraazaid/cpu-and-gpu-stats
48634d427b2b449ba9e9,Core i5-13450HX,Raptor Lake-HX,10,16,2.4,4.6,BGA 1964,10.0,20.0,55.0,2023-01-04,True,10 / 16,2.4 to 4.6 GHz,BGA 1964,10 nm,20MB,55 W,"Jan 4th, 2023",baraazaid/cpu-and-gpu-stats
4842092906fc0daf62c3,Core i5-13500,Raptor Lake-S,14,20,2.5,4.8,1700,10.0,24.0,65.0,2023-01-04,True,14 / 20,2.5 to 4.8 GHz,Socket 1700,10 nm,24MB,65 W,"Jan 4th, 2023",baraazaid/cpu-and-gpu-stats
e12013ddcc33366e110e,Core i5-13500HX,Raptor Lake-HX,14,20,2.5,4.7,BGA 1964,10.0,24.0,55.0,2023-01-04,True,14 / 20,2.5 to 4.7 GHz,BGA 1964,10 nm,24MB,55 W,"Jan 4th, 2023",baraazaid/cpu-and-gpu-stats
ee11965392889d52d9c4,Core i5-13500T,Raptor Lake-S,14,20,1.6,4.6,1700,10.0,24.0,35.0,2023-01-04,True,14 / 20,1.6 to 4.6 GHz,Socket 1700,10 nm,24MB,35 W,"Jan 4th, 2023",baraazaid/cpu-and-gpu-stats
238493cc5d29cd6b4d17,Core i5-13600,Raptor Lake-S,14,20,2.7,5.0,1700,10.0,24.0,65.0,2023-01-04,True,14 / 20,2.7 to 5 GHz,Socket 1700,10 nm,24MB,65 W,"Jan 4th, 2023",baraazaid/cpu-and-gpu-stats
0c2518de5e4acd0828f9,Core i5-13600HX,Raptor Lake-HX,14,20,2.6,4.8,BGA 1964,10.0,24.0,55.0,2023-01-04,True,14 / 20,2.6 to 4.8 GHz,BGA 1964,10 nm,24MB,55 W,"Jan 4th, 2023",baraazaid/cpu-and-gpu-stats
358c745073c5bfff05b1,Core i5-13600K,Raptor Lake-S,14,20,3.5,5.1,1700,10.0,24.0,125.0,2022-09-27,True,14 / 20,3.5 to 5.1 GHz,Socket 1700,10 nm,24MB,125 W,"Sep 27th, 2022",baraazaid/cpu-and-gpu-stats
0c9ee2ee472e904768b6,Core i5-13600KF,Raptor Lake-S,14,20,3.5,5.1,1700,10.0,24.0,125.0,2022-09-27,True,14 / 20,3.5 to 5.1 GHz,Socket 1700,10 nm,24MB,125 W,"Sep 27th, 2022",baraazaid/cpu-and-gpu-stats
04f1a803331df9f8d6c4,Core i5-13600T,Raptor Lake-S,14,20,1.8,4.8,1700,10.0,24.0,35.0,2023-01-04,True,14 / 20,1.8 to 4.8 GHz,Socket 1700,10 nm,24MB,35 W,"Jan 4th, 2023",baraazaid/cpu-and-gpu-stats
716863003f613028b979,Core i5-2300,Sandy Bridge,4,,2.8,3.1,1155,32.0,6.0,95.0,2011-01-09,True,4,2.8 to 3.1 GHz,Socket 1155,32 nm,6MB,95 W,"Jan 9th, 2011",baraazaid/cpu-and-gpu-stats
c6642998d188e8c3e2ea,Core i5-2310,Sandy Bridge,4,,2.9,3.2,1155,32.0,6.0,95.0,2011-05-22,True,4,2.9 to 3.2 GHz,Socket 1155,32 nm,6MB,95 W,"May 22nd, 2011",baraazaid/cpu-and-gpu-stats
e95b1afda4521062ff2d,Core i5-2320,Sandy Bridge,4,,3.0,3.3,1155,32.0,6.0,95.0,2011-09-04,True,4,3 to 3.3 GHz,Socket 1155,32 nm,6MB,95 W,"Sep 4th, 2011",baraazaid/cpu-and-gpu-stats
065c8d194225a1c2f4b7,Core i5-2380P,Sandy Bridge,4,,3.1,3.4,1155,32.0,6.0,95.0,2012-01-30,True,4,3.1 to 3.4 GHz,Socket 1155,32 nm,6MB,95 W,"Jan 30th, 2012",baraazaid/cpu-and-gpu-stats
ecc1b69f89f4b9ffba3d,Core i5-2390T,Sandy Bridge,2,4,2.7,3.5,1155,32.0,3.0,35.0,2011-02-20,True,2 / 4,2.7 to 3.5 GHz,Socket 1155,32 nm,3MB,35 W,"Feb 20th, 2011",baraazaid/cpu-and-gpu-stats
06298a44c8997a553f33,Core i5-2400,Sandy Bridge,4,,3.1,3.4,1155,32.0,6.0,95.0,2011-01-09,True,4,3.1 to 3.4 GHz,Socket 1155,32 nm,6MB,95 W,"Jan 9th, 2011",baraazaid/cpu-and-gpu-stats
9126f3f19913647b82cb,Core i5-2400S,Sandy Bridge,4,,2.5,3.3,1155,32.0,6.0,65.0,2011-01-09,True,4,2.5 to 3.3 GHz,Socket 1155,32 nm,6MB,65 W,"Jan 9th, 2011",baraazaid/cpu-and-gpu-stats
c2efdac33376223a3f2b,Core i5-2405S,Sandy Bridge,4,,2.5,3.3,1155,32.0,6.0,65.0,2011-05-22,True,4,2.5 to 3.3 GHz,Socket 1155,32 nm,6MB,65 W,"May 22nd, 2011",baraazaid/cpu-and-gpu-stats
fa581f2bdf03f71e8c2d,Core i5-2410M,Sandy Bridge,2,4,2.3,2.3,G2 (988B),32.0,3.0,35.0,2011-02-01,True,2 / 4,2.3 GHz,Socket G2 (988B),32 nm,3MB,35 W,"Feb 1st, 2011",baraazaid/cpu-and-gpu-stats
707435aaaf42c016ab73,Core i5-2410M,Sandy Bridge,2,4,2.3,2.3,BGA 1023,32.0,3.0,35.0,2011-02-01,True,2 / 4,2.3 GHz,BGA 1023,32 nm,3MB,35 W,"Feb 1st, 2011",baraazaid/cpu-and-gpu-stats
6a343f1c8ee96b5d3436,Core i5-2415M,Sandy Bridge,2,4,2.3,2.3,BGA 1023,32.0,3.0,35.0,2011-09-01,True,2 / 4,2.3 GHz,BGA 1023,32 nm,3MB,35 W,"Sep 1st, 2011",baraazaid/cpu-and-gpu-stats
0d8dff831e43fd804556,Core i5-2430M,Sandy Bridge,2,4,2.4,2.4,BGA 1023,32.0,3.0,35.0,2011-10-01,True,2 / 4,2.4 GHz,BGA 1023,32 nm,3MB,35 W,"Oct 1st, 2011",baraazaid/cpu-and-gpu-stats
912f2e1ce7c289780cd8,Core i5-2430M,Sandy Bridge,2,4,2.4,2.4,G2 (988B),32.0,3.0,35.0,2011-10-01,True,2 / 4,2.4 GHz,Socket G2 (988B),32 nm,3MB,35 W,"Oct 1st, 2011",baraazaid/cpu-and-gpu-stats
2bdff4088cbc3327d6fa,Core i5-2435M,Sandy Bridge,2,4,2.4,2.4,G2 (988B),32.0,3.0,35.0,2011-09-01,True,2 / 4,2.4 GHz,Socket G2 (988B),32 nm,3MB,35 W,"Sep 1st, 2011",baraazaid/cpu-and-gpu-stats
2c0bf0227b3f6ce9db38,Core i5-2435M,Sandy Bridge,2,4,2.4,2.4,BGA 1023,32.0,3.0,35.0,2011-09-01,True,2 / 4,2.4 GHz,BGA 1023,32 nm,3MB,35 W,"Sep 1st, 2011",baraazaid/cpu-and-gpu-stats
62cb65469f1799a4acef,Core i5-2450M,Sandy Bridge,2,4,2.5,2.5,G2 (988B),32.0,3.0,35.0,2012-01-01,True,2 / 4,2.5 GHz,Socket G2 (988B),32 nm,3MB,35 W,"Jan 1st, 2012",baraazaid/cpu-and-gpu-stats
5d1ab6dc62052971ac53,Core i5-2450M,Sandy Bridge,2,4,2.5,2.5,BGA 1023,32.0,3.0,35.0,2012-01-01,True,2 / 4,2.5 GHz,BGA 1023,32 nm,3MB,35 W,"Jan 1st, 2012",baraazaid/cpu-and-gpu-stats
d4e76bbb6faa8d49fca1,Core i5-2450P,Sandy Bridge,4,,3.2,3.5,1155,32.0,6.0,95.0,2012-01-30,True,4,3.2 to 3.5 GHz,Socket 1155,32 nm,6MB,95 W,"Jan 30th, 2012",baraazaid/cpu-and-gpu-stats
738b70cbc4831d65ec2a,Core i5-2467M,Sandy Bridge,2,4,1.6,1.6,BGA 1023,32.0,3.0,17.0,2011-06-01,True,2 / 4,1600 MHz,BGA 1023,32 nm,3MB,17 W,"Jun 1st, 2011",baraazaid/cpu-and-gpu-stats
f2af808b5bf87d55b433,Core i5-2500,Sandy Bridge,4,,3.3,3.7,1155,32.0,6.0,95.0,2011-01-09,True,4,3.3 to 3.7 GHz,Socket 1155,32 nm,6MB,95 W,"Jan 9th, 2011",baraazaid/cpu-and-gpu-stats
c099d972fd59e9f0823a,Core i5-2500K,Sandy Bridge,4,,3.3,3.7,1155,32.0,6.0,95.0,2011-01-09,True,4,3.3 to 3.7 GHz,Socket 1155,32 nm,6MB,95 W,"Jan 9th, 2011",baraazaid/cpu-and-gpu-stats
340246d9b18980877e0f,Core i5-2500S,Sandy Bridge,4,,2.7,3.7,1155,32.0,6.0,65.0,2011-01-09,True,4,2.7 to 3.7 GHz,Socket 1155,32 nm,6MB,65 W,"Jan 9th, 2011",baraazaid/cpu-and-gpu-stats
25ae00ff8f71a8e691dd,Core i5-2500T,Sandy Bridge,4,,2.3,3.3,1155,32.0,6.0,45.0,2011-01-09,True,4,2.3 to 3.3 GHz,Socket 1155,32 nm,6MB,45 W,"Jan 9th, 2011",baraazaid/cpu-and-gpu-stats
d315b4fcb6614b19dbaf,Core i5-2510E,Sandy Bridge,2,4,2.5,2.5,G2 (988B),32.0,3.0,35.0,2011-02-01,True,2 / 4,2.5 GHz,Socket G2 (988B),32 nm,3MB,35 W,"Feb 1st, 2011",baraazaid/cpu-and-gpu-stats
b899a57360467d25c2de,Core i5-2515E,Sandy Bridge,2,4,2.5,2.5,BGA 1023,32.0,3.0,35.0,2011-02-01,True,2 / 4,2.5 GHz,BGA 1023,32 nm,3MB,35 W,"Feb 1st, 2011",baraazaid/cpu-and-gpu-stats
e50e22632750c107b401,Core i5-2520M,Sandy Bridge,2,4,2.5,2.5,G2 (988B),32.0,3.0,35.0,2011-02-01,True,2 / 4,2.5 GHz,Socket G2 (988B),32 nm,3MB,35 W,"Feb 1st, 2011",baraazaid/cpu-and-gpu-stats
90fe751b1f47599f6f1b,Core i5-2520M,Sandy Bridge,2,4,2.5,2.5,BGA 1023,32.0,3.0,35.0,2011-02-01,True,2 / 4,2.5 GHz,BGA 1023,32 nm,3MB,35 W,"Feb 1st, 2011",baraazaid/cpu-and-gpu-stats
f434c3c2f90975d20420,Core i5-2537M,Sandy Bridge,2,4,1.4000000000000001,1.4000000000000001,BGA 1023,32.0,3.0,17.0,2011-02-01,True,2 / 4,1400 MHz,BGA 1023,32 nm,3MB,17 W,"Feb 1st, 2011",baraazaid/cpu-and-gpu-stats
519e999bde5a0501ee0c,Core i5-2540M,Sandy Bridge,2,4,2.6,2.6,BGA 1023,32.0,3.0,35.0,2011-02-01,True,2 / 4,2.6 GHz,BGA 1023,32 nm,3MB,35 W,"Feb 1st, 2011",baraazaid/cpu-and-gpu-stats
cbbb198e31743a8f51d4,Core i5-2540M,Sandy Bridge,2,4,2.6,2.6,G2 (988B),32.0,3.0,35.0,2011-02-01,True,2 / 4,2.6 GHz,Socket G2 (988B),32 nm,3MB,35 W,"Feb 1st, 2011",baraazaid/cpu-and-gpu-stats
98885ec79b21259d7487,Core i5-2550K,Sandy Bridge,4,,3.4,3.8,1155,32.0,6.0,95.0,2012-01-30,True,4,3.4 to 3.8 GHz,Socket 1155,32 nm,6MB,95 W,"Jan 30th, 2012",baraazaid/cpu-and-gpu-stats
fec333215667d5e9fa45,Core i5-2557M,Sandy Bridge,2,4,1.7,1.7,BGA 1023,32.0,3.0,17.0,2011-06-01,True,2 / 4,1700 MHz,BGA 1023,32 nm,3MB,17 W,"Jun 1st, 2011",baraazaid/cpu-and-gpu-stats
aa18b48e42367ca782f7,Core i5-3210M,Ivy Bridge,2,4,2.5,3.1,BGA 1023,22.0,3.0,35.0,2012-06-01,True,2 / 4,2.5 to 3.1 GHz,BGA 1023,22 nm,3MB,35 W,"Jun 1st, 2012",baraazaid/cpu-and-gpu-stats
7c36e33bca92b7e0de8a,Core i5-3210M,Ivy Bridge,2,4,2.5,3.1,G2 (988B),22.0,3.0,35.0,2012-06-01,True,2 / 4,2.5 to 3.1 GHz,Socket G2 (988B),22 nm,3MB,35 W,"Jun 1st, 2012",baraazaid/cpu-and-gpu-stats
9349b120a1cb7549beb8,Core i5-3317U,Ivy Bridge,2,4,1.7,2.6,BGA 1023,22.0,3.0,17.0,2012-06-01,True,2 / 4,1.7 to 2.6 GHz,BGA 1023,22 nm,3MB,17 W,"Jun 1st, 2012",baraazaid/cpu-and-gpu-stats
4b97b935f59c89ea1e8e,Core i5-3320M,Ivy Bridge,2,4,2.6,3.3,G2 (988B),22.0,3.0,35.0,2012-06-01,True,2 / 4,2.6 to 3.3 GHz,Socket G2 (988B),22 nm,3MB,35 W,"Jun 1st, 2012",baraazaid/cpu-and-gpu-stats
ace1bc2e4a6c5c0894b0,Core i5-3320M,Ivy Bridge,2,4,2.6,3.3,BGA 1023,22.0,3.0,35.0,2012-06-01,True,2 / 4,2.6 to 3.3 GHz,BGA 1023,22 nm,3MB,35 W,"Jun 1st, 2012",baraazaid/cpu-and-gpu-stats
b5a2f60e9947cc69f8a6,Core i5-3330,Ivy Bridge,4,,3.0,3.2,1155,22.0,6.0,77.0,2012-09-03,True,4,3 to 3.2 GHz,Socket 1155,22 nm,6MB,77 W,"Sep 3rd, 2012",baraazaid/cpu-and-gpu-stats
f46f31a1cd1fe831ee75,Core i5-3330S,Ivy Bridge,4,,2.7,3.2,1155,22.0,6.0,77.0,2012-09-03,True,4,2.7 to 3.2 GHz,Socket 1155,22 nm,6MB,77 W,"Sep 3rd, 2012",baraazaid/cpu-and-gpu-stats
8b87adb9b7bbae459677,Core i5-3335S,Ivy Bridge,4,,2.7,3.2,1155,22.0,6.0,65.0,2012-11-01,True,4,2.7 to 3.2 GHz,Socket 1155,22 nm,6MB,65 W,"Nov 1st, 2012",baraazaid/cpu-and-gpu-stats
9eb355b50fdfb9417983,Core i5-3339Y,Ivy Bridge,2,,1.5,2.3,BGA 1023,22.0,3.0,13.0,2013-01-08,True,2,1.5 to 2.3 GHz,BGA 1023,22 nm,3MB,13 W,"Jan 8th, 2013",baraazaid/cpu-and-gpu-stats
627cc27da57504b1ee96,Core i5-3350P,Ivy Bridge,4,,3.1,3.3,1155,22.0,6.0,69.0,2012-09-03,True,4,3.1 to 3.3 GHz,Socket 1155,22 nm,6MB,69 W,"Sep 3rd, 2012",baraazaid/cpu-and-gpu-stats
35cbbceae215836771e4,Core i5-3360M,Ivy Bridge,2,4,2.8,3.5,G2 (988B),22.0,3.0,35.0,2012-06-01,True,2 / 4,2.8 to 3.5 GHz,Socket G2 (988B),22 nm,3MB,35 W,"Jun 1st, 2012",baraazaid/cpu-and-gpu-stats
deda4539571940766fe6,Core i5-3360M,Ivy Bridge,2,4,2.8,3.5,BGA 1023,22.0,3.0,35.0,2012-06-01,True,2 / 4,2.8 to 3.5 GHz,BGA 1023,22 nm,3MB,35 W,"Jun 1st, 2012",baraazaid/cpu-and-gpu-stats
c0cdb0a3cd544f48929c,Core i5-3365M,Ivy Bridge,2,4,2.8,3.5,BGA 1023,22.0,3.0,35.0,2012-11-01,True,2 / 4,2.8 to 3.5 GHz,BGA 1023,22 nm,3MB,35 W,"Nov 1st, 2012",baraazaid/cpu-and-gpu-stats
ec435253f0e794ba8b62,Core i5-3427U,Ivy Bridge,2,4,1.8,2.8,BGA 1023,22.0,3.0,17.0,2012-06-01,True,2 / 4,1.8 to 2.8 GHz,BGA 1023,22 nm,3MB,17 W,"Jun 1st, 2012",baraazaid/cpu-and-gpu-stats
ad69ab16f724a6cac985,Core i5-3439Y,Ivy Bridge,2,,1.5,2.3,BGA 1023,22.0,3.0,13.0,2013-01-08,True,2,1.5 to 2.3 GHz,BGA 1023,22 nm,3MB,13 W,"Jan 8th, 2013",baraazaid/cpu-and-gpu-stats
abe93252ad4e304c8e71,Core i5-3450,Ivy Bridge,4,,3.1,3.5,1155,22.0,6.0,77.0,2012-04-29,True,4,3.1 to 3.5 GHz,Socket 1155,22 nm,6MB,77 W,"Apr 29th, 2012",baraazaid/cpu-and-gpu-stats
806df605201c2a2fed9f,Core i5-3450S,Ivy Bridge,4,,2.8,3.5,1155,22.0,6.0,65.0,2012-04-29,True,4,2.8 to 3.5 GHz,Socket 1155,22 nm,6MB,65 W,"Apr 29th, 2012",baraazaid/cpu-and-gpu-stats
040ebcfd822540f36dc3,Core i5-3470,Ivy Bridge,4,,3.2,3.6,1155,22.0,6.0,77.0,2012-06-01,True,4,3.2 to 3.6 GHz,Socket 1155,22 nm,6MB,77 W,"Jun 1st, 2012",baraazaid/cpu-and-gpu-stats
03fc660c04e3bc3493ab,Core i5-3470S,Ivy Bridge,4,,2.9,3.6,1155,22.0,6.0,65.0,2012-06-01,True,4,2.9 to 3.6 GHz,Socket 1155,22 nm,6MB,65 W,"Jun 1st, 2012",baraazaid/cpu-and-gpu-stats
85d7d43e5f5823bdca4a,Core i5-3470T,Ivy Bridge,2,4,2.9,3.6,1155,22.0,3.0,35.0,2012-06-01,True,2 / 4,2.9 to 3.6 GHz,Socket 1155,22 nm,3MB,35 W,"Jun 1st, 2012",baraazaid/cpu-and-gpu-stats
ba13f58d1f679715f162,Core i5-3475S,Ivy Bridge,4,,2.9,3.6,1155,22.0,6.0,65.0,2012-06-01,True,4,2.9 to 3.6 GHz,Socket 1155,22 nm,6MB,65 W,"Jun 1st, 2012",baraazaid/cpu-and-gpu-stats
ce2baae9f5429eb9811c,Core i5-3550,Ivy Bridge,4,,3.3,3.7,1155,22.0,6.0,77.0,2012-04-29,True,4,3.3 to 3.7 GHz,Socket 1155,22 nm,6MB,77 W,"Apr 29th, 2012",baraazaid/cpu-and-gpu-stats
8929d5314f4040739803,Core i5-3550S,Ivy Bridge,4,,3.0,3.7,1155,22.0,6.0,65.0,2012-04-29,True,4,3 to 3.7 GHz,Socket 1155,22 nm,6MB,65 W,"Apr 29th, 2012",baraazaid/cpu-and-gpu-stats
ffff6027f3692ac723e1,Core i5-3570,Ivy Bridge,4,,3.4,3.8,1155,22.0,6.0,77.0,2012-06-01,True,4,3.4 to 3.8 GHz,Socket 1155,22 nm,6MB,77 W,"Jun 1st, 2012",baraazaid/cpu-and-gpu-stats
e96885ddab07be52be1f,Core i5-3570K,Ivy Bridge,4,,3.4,3.8,1155,22.0,6.0,77.0,2012-04-29,True,4,3.4 to 3.8 GHz,Socket 1155,22 nm,6MB,77 W,"Apr 29th, 2012",baraazaid/cpu-and-gpu-stats
18271b9a47dffc4f6a75,Core i5-3570S,Ivy Bridge,4,,3.1,3.8,1155,22.0,6.0,65.0,2012-06-01,True,4,3.1 to 3.8 GHz,Socket 1155,22 nm,6MB,65 W,"Jun 1st, 2012",baraazaid/cpu-and-gpu-stats
d5116b243beb80f7b3ef,Core i5-3570T,Ivy Bridge,4,,2.3,3.3,1155,22.0,6.0,45.0,2012-04-29,True,4,2.3 to 3.3 GHz,Socket 1155,22 nm,6MB,45 W,"Apr 29th, 2012",baraazaid/cpu-and-gpu-stats
1d0bbdf8eb808dd7c530,Core i5-3610ME,Ivy Bridge,2,4,2.7,3.3,G2 (988B),22.0,3.0,35.0,2012-06-01,True,2 / 4,2.7 to 3.3 GHz,Socket G2 (988B),22 nm,3MB,35 W,"Jun 1st, 2012",baraazaid/cpu-and-gpu-stats
196f34b68630b59cb1ce,Core i5-3610ME,Ivy Bridge,2,4,2.7,3.3,BGA 1023,22.0,3.0,35.0,2012-06-01,True,2 / 4,2.7 to 3.3 GHz,BGA 1023,22 nm,3MB,35 W,"Jun 1st, 2012",baraazaid/cpu-and-gpu-stats
4e96605cc0480d468dde,Core i5-4200U,Haswell,2,4,1.6,2.6,BGA 1168,22.0,3.0,15.0,2013-06-04,True,2 / 4,1.6 to 2.6 GHz,BGA 1168,22 nm,3MB,15 W,"Jun 4th, 2013",baraazaid/cpu-and-gpu-stats
aa862058fcfbf235e7f8,Core i5-4200Y,Haswell,2,4,1.4000000000000001,1.9000000000000001,BGA 1168,22.0,3.0,12.0,2013-06-04,True,2 / 4,1400 to 1900 MHz,BGA 1168,22 nm,3MB,12 W,"Jun 4th, 2013",baraazaid/cpu-and-gpu-stats
2867671d7050dffdf2d5,Core i5-4210U,,,,,,,,,,,False,,,,,,,,baraazaid/cpu-and-gpu-stats
b247cbcb3512b2e8e432,Core i5-4250U,Haswell,2,4,1.3,2.6,BGA 1168,22.0,3.0,15.0,2013-06-04,True,2 / 4,1.3 to 2.6 GHz,BGA 1168,22 nm,3MB,15 W,"Jun 4th, 2013",baraazaid/cpu-and-gpu-stats
eb5309bf55952f695f3f,Core i5-4258U,Haswell,2,4,2.4,2.9,BGA 1168,22.0,3.0,28.0,2013-06-04,True,2 / 4,2.4 to 2.9 GHz,BGA 1168,22 nm,3MB,28 W,"Jun 4th, 2013",baraazaid/cpu-and-gpu-stats
532a0073e1d6901df793,Core i5-4288U,Haswell,2,4,2.6,3.1,BGA 1168,22.0,3.0,28.0,2013-06-04,True,2 / 4,2.6 to 3.1 GHz,BGA 1168,22 nm,3MB,28 W,"Jun 4th, 2013",baraazaid/cpu-and-gpu-stats
32a3b542805df55e44fe,Core i5-4300M,Haswell,2,4,2.6,3.6,G3,22.0,3.0,37.0,2013-09-01,True,2 / 4,2.6 to 3.6 GHz,Socket G3,22 nm,3MB,37 W,"Sep 1st, 2013",baraazaid/cpu-and-gpu-stats
c4f76842bf0f45479243,Core i5-430M,Arrandale,2,4,2.267,2.534,G1,32.0,3.0,35.0,2010-01-07,True,2 / 4,2.267 to 2.534 GHz,Socket G1,32 nm,3MB,35 W,"Jan 7th, 2010",baraazaid/cpu-and-gpu-stats
babb1e1418c5629a4f1c,Core i5-4330M,Haswell,2,4,2.8,3.8,G3,22.0,3.0,37.0,2013-09-01,True,2 / 4,2.8 to 3.8 GHz,Socket G3,22 nm,3MB,37 W,"Sep 1st, 2013",baraazaid/cpu-and-gpu-stats
e8d91a38685ef9bd42aa,Core i5-4350U,Haswell,2,4,1.4,2.9,BGA 1168,22.0,3.0,15.0,2013-06-04,True,2 / 4,1.4 to 2.9 GHz,BGA 1168,22 nm,3MB,15 W,"Jun 4th, 2013",baraazaid/cpu-and-gpu-stats
ca7310fc672f450106dd,Core i5-4430,Haswell,4,,3.0,3.2,1150,22.0,6.0,84.0,2013-06-02,True,4,3 to 3.2 GHz,Socket 1150,22 nm,6MB,84 W,"Jun 2nd, 2013",baraazaid/cpu-and-gpu-stats
4c55f7021e674c4c01d5,Core i5-4430S,Haswell,4,,2.7,3.2,1150,22.0,6.0,65.0,2013-06-02,True,4,2.7 to 3.2 GHz,Socket 1150,22 nm,6MB,65 W,"Jun 2nd, 2013",baraazaid/cpu-and-gpu-stats
e629f4ce2554e42a725e,Core i5-4440,Haswell,4,,3.1,3.3,1150,22.0,6.0,84.0,2013-09-01,True,4,3.1 to 3.3 GHz,Socket 1150,22 nm,6MB,84 W,"Sep 1st, 2013",baraazaid/cpu-and-gpu-stats
6c023d13c69c31c956c7,Core i5-4440S,Haswell,4,,2.8,3.3,1150,22.0,6.0,65.0,2013-09-01,True,4,2.8 to 3.3 GHz,Socket 1150,22 nm,6MB,65 W,"Sep 1st, 2013",baraazaid/cpu-and-gpu-stats
43ff06d43d7f83ecd55b,Core i5-450M,Arrandale,2,4,2.4,2.666,G1,32.0,3.0,35.0,2010-09-26,True,2 / 4,2.4 to 2.666 GHz,Socket G1,32 nm,3MB,35 W,"Sep 26th, 2010",baraazaid/cpu-and-gpu-stats
0143d3bba6f72500a0b8,Core i5-4570,Haswell,4,,3.2,3.6,1150,22.0,6.0,84.0,2013-06-02,True,4,3.2 to 3.6 GHz,Socket 1150,22 nm,6MB,84 W,"Jun 2nd, 2013",baraazaid/cpu-and-gpu-stats
9635dc55a71d4d3c4dda,Core i5-4570R,Haswell,4,,2.7,3.2,BGA 1364,22.0,4.0,65.0,2013-06-02,True,4,2.7 to 3.2 GHz,BGA 1364,22 nm,4MB,65 W,"Jun 2nd, 2013",baraazaid/cpu-and-gpu-stats
6130b48ac7b4a3a1ffbe,Core i5-4570S,Haswell,4,,2.9,3.6,1150,22.0,6.0,65.0,2013-06-02,True,4,2.9 to 3.6 GHz,Socket 1150,22 nm,6MB,65 W,"Jun 2nd, 2013",baraazaid/cpu-and-gpu-stats
5475cce2582d31b4ae45,Core i5-4570T,Haswell,2,4,2.9,3.6,1150,22.0,4.0,35.0,2013-06-02,True,2 / 4,2.9 to 3.6 GHz,Socket 1150,22 nm,4MB,35 W,"Jun 2nd, 2013",baraazaid/cpu-and-gpu-stats
0f77795ddd465940d0f3,Core i5-4570TE,Haswell,2,4,2.7,3.3,1150,22.0,4.0,35.0,2013-06-02,True,2 / 4,2.7 to 3.3 GHz,Socket 1150,22 nm,4MB,35 W,"Jun 2nd, 2013",baraazaid/cpu-and-gpu-stats
6b8d03ade95aec9fa5e5,Core i5-4590,,,,,,,,,,,False,,,,,,,,baraazaid/cpu-and-gpu-stats
f8adf14e6469f74f8fee,Core i5-4590S,,,,,,,,,,,False,,,,,,,,baraazaid/cpu-and-gpu-stats
02be620b9ddf2a8c2a50,Core i5-460M,Arrandale,2,4,2.534,2.8,G1,32.0,3.0,35.0,2010-09-26,True,2 / 4,2.534 to 2.8 GHz,Socket G1,32 nm,3MB,35 W,"Sep 26th, 2010",baraazaid/cpu-and-gpu-stats
502f2f40c3234bac7a17,Core i5-4670,Haswell,4,,3.4,3.8,1150,22.0,6.0,84.0,2013-06-02,True,4,3.4 to 3.8 GHz,Socket 1150,22 nm,6MB,84 W,"Jun 2nd, 2013",baraazaid/cpu-and-gpu-stats
57fa5ac3cc66cd870818,Core i5-4670K,Haswell,4,,3.4,3.8,1150,22.0,6.0,84.0,2013-06-02,True,4,3.4 to 3.8 GHz,Socket 1150,22 nm,6MB,84 W,"Jun 2nd, 2013",baraazaid/cpu-and-gpu-stats
3ca3263c7b79cb15ebef,Core i5-4670R,Haswell,4,,3.0,3.7,BGA 1364,22.0,4.0,65.0,2013-06-02,True,4,3 to 3.7 GHz,BGA 1364,22 nm,4MB,65 W,"Jun 2nd, 2013",baraazaid/cpu-and-gpu-stats
eb7918b61398aea2a3e7,Core i5-4670S,Haswell,4,,3.1,3.8,1150,22.0,6.0,65.0,2013-06-02,True,4,3.1 to 3.8 GHz,Socket 1150,22 nm,6MB,65 W,"Jun 2nd, 2013",baraazaid/cpu-and-gpu-stats
30113341c0e525dffc84,Core i5-4670T,Haswell,4,,2.3,3.3,1150,22.0,6.0,45.0,2013-06-02,True,4,2.3 to 3.3 GHz,Socket 1150,22 nm,6MB,45 W,"Jun 2nd, 2013",baraazaid/cpu-and-gpu-stats
8c306e96a4e91658bdcd,Core i5-4690,,,,,,,,,,,False,,,,,,,,baraazaid/cpu-and-gpu-stats
1f551a3f42ef4317e4e9,Core i5-4690K,,,,,,,,,,,False,,,,,,,,baraazaid/cpu-and-gpu-stats
752fdc684664c6848d8f,Core i5-480M,Arrandale,2,4,2.667,2.933,G1,32.0,3.0,35.0,2011-01-09,True,2 / 4,2.667 to 2.933 GHz,Socket G1,32 nm,3MB,35 W,"Jan 9th, 2011",baraazaid/cpu-and-gpu-stats
0332c063efb3ee606dbe,Core i5-5200U,,,,,,,,,,,False,,,,,,,,baraazaid/cpu-and-gpu-stats
303520ecb8ef3de8c031,Core i5-5250U,,,,,,,,,,,False,,,,,,,,baraazaid/cpu-and-gpu-stats
7ecf8302affc946823bf,Core i5-5257U,,,,,,,,,,,False,,,,,,,,baraazaid/cpu-and-gpu-stats
c228739a7b1374d96451,Core i5-5287U,,,,,,,,,,,False,,,,,,,,baraazaid/cpu-and-gpu-stats
1dc4f7d5b8051b34956e,Core i5-5300U,,,,,,,,,,,False,,,,,,,,baraazaid/cpu-and-gpu-stats
5a6a8b3c6bb143db680a,Core i5-5350H,,,,,,,,,,,False,,,,,,,,baraazaid/cpu-and-gpu-stats
6949f1c63f091eb791ac,Core i5-5350U,,,,,,,,,,,False,,,,,,,,baraazaid/cpu-and-gpu-stats
39b441f89c2170e18446,Core i5-540M,Arrandale,2,4,2.533,3.073,G1,32.0,3.0,35.0,2010-01-07,True,2 / 4,2.533 to 3.073 GHz,Socket G1,32 nm,3MB,35 W,"Jan 7th, 2010",baraazaid/cpu-and-gpu-stats
51014c611c174e6e78f9,Core i5-5575R,,,,,,,,,,,False,,,,,,,,baraazaid/cpu-and-gpu-stats
49925f780eb6d7e6ee5d,Core i5-560M,Arrandale,2,4,2.667,3.2,G1,32.0,3.0,35.0,2010-09-26,True,2 / 4,2.667 to 3.2 GHz,Socket G1,32 nm,3MB,35 W,"Sep 26th, 2010",baraazaid/cpu-and-gpu-stats
a1a0f5d396131fac34b1,Core i5-5675C,,,,,,,,,,,False,,,,,,,,baraazaid/cpu-and-gpu-stats
ea7e4f1405c334d16a83,Core i5-5675R,,,,,,,,,,,False,,,,,,,,baraazaid/cpu-and-gpu-stats
b86c5928201874a6edd8,Core i5-580M,Arrandale,2,4,2.667,3.333,G1,32.0,3.0,35.0,2010-09-26,True,2 / 4,2.667 to 3.333 GHz,Socket G1,32 nm,3MB,35 W,"Sep 26th, 2010",baraazaid/cpu-and-gpu-stats
996b248fe0442371bdfe,Core i5-6350HQ,Skylake-H,4,,2.3,3.2,BGA 1440,14.0,6.0,45.0,2016-01-24,True,4,2.3 to 3.2 GHz,BGA 1440,14 nm,6MB,45 W,"Jan 24th, 2016",baraazaid/cpu-and-gpu-stats
cfc181154e6ac092d9db,Core i5-6400,,,,,,,,,,,False,,,,,,,,baraazaid/cpu-and-gpu-stats
c866c20b4657bca86d71,Core i5-650,Clarkdale,2,4,3.2,3.466,1156,32.0,4.0,73.0,2010-01-07,True,2 / 4,3.2 to 3.466 GHz,Socket 1156,32 nm,4MB,73 W,"Jan 7th, 2010",baraazaid/cpu-and-gpu-stats
e3c48531b354119667fb,Core i5-6500,,,,,,,,,,,False,,,,,,,,baraazaid/cpu-and-gpu-stats
feddd4ba85f193866459,Core i5-655K,Clarkdale,2,4,3.2,3.466,1156,32.0,4.0,73.0,2010-05-30,True,2 / 4,3.2 to 3.466 GHz,Socket 1156,32 nm,4MB,73 W,"May 30th, 2010",baraazaid/cpu-and-gpu-stats
9be0dd101e314626efeb,Core i5-660,Clarkdale,2,4,3.333,3.6,1156,32.0,4.0,73.0,2010-01-07,True,2 / 4,3.333 to 3.6 GHz,Socket 1156,32 nm,4MB,73 W,"Jan 7th, 2010",baraazaid/cpu-and-gpu-stats
008ceac826c7a5842435,Core i5-6600,,,,,,,,,,,False,,,,,,,,baraazaid/cpu-and-gpu-stats
0f6638e6a079d5e59523,Core i5-6600K,,,,,,,,,,,False,,,,,,,,baraazaid/cpu-and-gpu-stats
da299c16bd31a380b1a3,Core i5-661,Clarkdale,2,4,3.333,3.6,1156,32.0,4.0,87.0,2010-01-07,True,2 / 4,3.333 to 3.6 GHz,Socket 1156,32 nm,4MB,87 W,"Jan 7th, 2010",baraazaid/cpu-and-gpu-stats
ae4ef7bcdf97ada9b82a,Core i5-670,Clarkdale,2,4,3.466,3.733,1156,32.0,4.0,73.0,2010-01-07,True,2 / 4,3.466 to 3.733 GHz,Socket 1156,32 nm,4MB,73 W,"Jan 7th, 2010",baraazaid/cpu-and-gpu-stats
c9d2104cbe145a93b927,Core i5-680,Clarkdale,2,4,3.6,3.866,1156,32.0,4.0,73.0,2010-04-19,True,2 / 4,3.6 to 3.866 GHz,Socket 1156,32 nm,4MB,73 W,"Apr 19th, 2010",baraazaid/cpu-and-gpu-stats
b2b615b15edbe6151297,Core i5-7300HQ,Kaby Lake-H,4,,2.5,3.5,BGA 1440,14.0,6.0,45.0,2017-01-03,True,4,2.5 to 3.5 GHz,BGA 1440,14 nm,6MB,45 W,"Jan 3rd, 2017",baraazaid/cpu-and-gpu-stats
562d8dab46a9496c83fa,Core i5-7400,Kaby Lake,4,,3.0,3.5,1151,14.0,6.0,65.0,2017-01-03,True,4,3 to 3.5 GHz,Socket 1151,14 nm,6MB,65 W,"Jan 3rd, 2017",baraazaid/cpu-and-gpu-stats
0873c7798a84d407d5f0,Core i5-7400T,Kaby Lake,4,,2.4,3.0,1151,14.0,6.0,35.0,2017-01-03,True,4,2.4 to 3 GHz,Socket 1151,14 nm,6MB,35 W,"Jan 3rd, 2017",baraazaid/cpu-and-gpu-stats
bbd252145f6a29bfea32,Core i5-7500,Kaby Lake,4,,3.4,3.8,1151,14.0,6.0,65.0,2017-01-03,True,4,3.4 to 3.8 GHz,Socket 1151,14 nm,6MB,65 W,"Jan 3rd, 2017",baraazaid/cpu-and-gpu-stats
be3c733080663aedbf41,Core i5-7500T,Kaby Lake,4,,2.7,3.3,1151,14.0,6.0,35.0,2017-01-03,True,4,2.7 to 3.3 GHz,Socket 1151,14 nm,6MB,35 W,"Jan 3rd, 2017",baraazaid/cpu-and-gpu-stats
796f7243384ce994d80e,Core i5-750s,Lynnfield,4,,2.4,3.2,1156,45.0,8.0,82.0,2010-01-07,True,4,2.4 to 3.2 GHz,Socket 1156,45 nm,8MB,82 W,"Jan 7th, 2010",baraazaid/cpu-and-gpu-stats
0207d6776adfdf470b0c,Core i5-760,Lynnfield,4,,2.8,3.333,1156,45.0,8.0,95.0,2010-07-18,True,4,2.8 to 3.333 GHz,Socket 1156,45 nm,8MB,95 W,"Jul 18th, 2010",baraazaid/cpu-and-gpu-stats
1348b224c8e57179c53b,Core i5-7600,Kaby Lake,4,,3.5,4.1,1151,14.0,6.0,65.0,2017-01-03,True,4,3.5 to 4.1 GHz,Socket 1151,14 nm,6MB,65 W,"Jan 3rd, 2017",baraazaid/cpu-and-gpu-stats
729a8d9725cae3ce4eaf,Core i5-7600K,Kaby Lake,4,,3.8,4.2,1151,14.0,6.0,91.0,2017-01-03,True,4,3.8 to 4.2 GHz,Socket 1151,14 nm,6MB,91 W,"Jan 3rd, 2017",baraazaid/cpu-and-gpu-stats
9573994bcbd5a376abdb,Core i5-7600T,Kaby Lake,4,,2.8,3.7,1151,14.0,6.0,35.0,2017-01-03,True,4,2.8 to 3.7 GHz,Socket 1151,14 nm,6MB,35 W,"Jan 3rd, 2017",baraazaid/cpu-and-gpu-stats
2e723a9037c2b71143bb,Core i5-7640X,Kaby Lake-X,4,,3.9,4.3,2066,14.0,6.0,112.0,2017-06-26,True,4,3.9 to 4.3 GHz,Socket 2066,14 nm,6MB,112 W,"Jun 26th, 2017",baraazaid/cpu-and-gpu-stats
e21762e9c13a89345410,Core i5-8250U,Kaby Lake-R,4,8,1.6,3.4,BGA 1356,14.0,6.0,15.0,2017-08-21,True,4 / 8,1.6 to 3.4 GHz,BGA 1356,14 nm,6MB,15 W,"Aug 21st, 2017",baraazaid/cpu-and-gpu-stats
8375340da13015e20247,Core i5-8350U,Kaby Lake-R,4,8,1.7,3.6,BGA 1356,14.0,6.0,15.0,2017-08-21,True,4 / 8,1.7 to 3.6 GHz,BGA 1356,14 nm,6MB,15 W,"Aug 21st, 2017",baraazaid/cpu-and-gpu-stats
c2a57d60d6a9b15b6379,Core i5-8400,Coffee Lake,6,,2.8,4.0,1151,14.0,9.0,65.0,2017-10-05,True,6,2.8 to 4 GHz,Socket 1151,14 nm,9MB,65 W,"Oct 5th, 2017",baraazaid/cpu-and-gpu-stats
ace58d7b1468c282df0f,Core i5-8600K,Coffee Lake,6,,3.6,4.3,1151,14.0,9.0,95.0,2017-10-05,True,6,3.6 to 4.3 GHz,Socket 1151,14 nm,9MB,95 W,"Oct 5th, 2017",baraazaid/cpu-and-gpu-stats
c2319c0d480da6c3f86f,Core i7-10510U,,,,,,,,,,,False,,,,,,,,baraazaid/cpu-and-gpu-stats
5aaf8be11ab4e944a96b,Core i7-10510Y,,,,,,,,,,,False,,,,,,,,baraazaid/cpu-and-gpu-stats
cdc82200a899e543441d,Core i7-1060G7,,,,,,,,,,,False,,,,,,,,baraazaid/cpu-and-gpu-stats
333230fc220fbcee1989,Core i7-10610U,,,,,,,,,,,False,,,,,,,,baraazaid/cpu-and-gpu-stats
ce0df7b7b5b9cb9d932a,Core i7-1065G7,,,,,,,,,,,False,,,,,,,,baraazaid/cpu-and-gpu-stats
b57763ad79482484c091,Core i7-1068NG7,,,,,,,,,,,False,,,,,,,,baraazaid/cpu-and-gpu-stats
ac633fb066f273a82bf1,Core i7-10700,,,,,,,,,,,False,,,,,,,,baraazaid/cpu-and-gpu-stats
d62ac0c2ed3cdda16a68,Core i7-10700F,,,,,,,,,,,False,,,,,,,,baraazaid/cpu-and-gpu-stats
f13eaaff10eee4409d0c,Core i7-10700K,,,,,,,,,,,False,,,,,,,,baraazaid/cpu-and-gpu-stats
0658940a85e6e729001b,Core i7-10700KF,,,,,,,,,,,False,,,,,,,,baraazaid/cpu-and-gpu-stats
55acfdee5f0a9ff68866,Core i7-10750H,,,,,,,,,,,False,,,,,,,,baraazaid/cpu-and-gpu-stats
58b939664a5c928ad3d9,Core i7-10810U,,,,,,,,,,,False,,,,,,,,baraazaid/cpu-and-gpu-stats
c99d85210bfd206c7c6d,Core i7-10850H,,,,,,,,,,,False,,,,,,,,baraazaid/cpu-and-gpu-stats
879562796b53271f6722,Core i7-10870H,,,,,,,,,,,False,,,,,,,,baraazaid/cpu-and-gpu-stats
eea59451f12fd59aba06,Core i7-10875H,,,,,,,,,,,False,,,,,,,,baraazaid/cpu-and-gpu-stats
00dfaf34dd033bb3ec33,Core i7-11370H,Tiger Lake-H,4,8,3.0,4.8,BGA 1449,10.0,12.0,28.0,2021-01-11,True,4 / 8,3 to 4.8 GHz,BGA 1449,10 nm,12MB,28 W,"Jan 11th, 2021",baraazaid/cpu-and-gpu-stats
5ab53022a4e286b7616d,Core i7-11375H,Tiger Lake-H,4,8,3.0,5.0,BGA 1449,10.0,12.0,28.0,2021-01-11,True,4 / 8,3 to 5 GHz,BGA 1449,10 nm,12MB,28 W,"Jan 11th, 2021",baraazaid/cpu-and-gpu-stats
f9da30eaaf8ebfad5178,Core i7-11390H,Tiger Lake-H,4,8,2.9,5.0,BGA 1449,10.0,12.0,28.0,2021-06-21,True,4 / 8,2.9 to 5 GHz,BGA 1449,10 nm,12MB,28 W,"Jun 21st, 2021",baraazaid/cpu-and-gpu-stats
38094c24a5967e4328db,Core i7-11600H,Tiger Lake-H,6,12,2.5,4.6,BGA 1787,10.0,18.0,35.0,2021-05-11,True,6 / 12,2.5 to 4.6 GHz,BGA 1787,10 nm,18MB,35 W,"May 11th, 2021",baraazaid/cpu-and-gpu-stats
96f90d26896f0353a134,Core i7-1160G7,,,,,,,,,,,False,,,,,,,,baraazaid/cpu-and-gpu-stats
605f3cdf6092c1869989,Core i7-1165G7,,,,,,,,,,,False,,,,,,,,baraazaid/cpu-and-gpu-stats
d6dee8bdf6bddbfee7b0,Core i7-11700,Rocket Lake,8,16,2.5,4.9,1200,14.0,16.0,65.0,2021-03-16,True,8 / 16,2.5 to 4.9 GHz,Socket 1200,14 nm,16MB,65 W,"Mar 16th, 2021",baraazaid/cpu-and-gpu-stats
a8fdfc96c99ab364fa24,Core i7-11700F,Rocket Lake,8,16,2.5,4.9,1200,14.0,16.0,65.0,2021-03-16,True,8 / 16,2.5 to 4.9 GHz,Socket 1200,14 nm,16MB,65 W,"Mar 16th, 2021",baraazaid/cpu-and-gpu-stats
f1fdf4e24be73975a2a8,Core i7-11700K,Rocket Lake,8,16,3.6,5.0,1200,14.0,16.0,125.0,2021-03-16,True,8 / 16,3.6 to 5 GHz,Socket 1200,14 nm,16MB,125 W,"Mar 16th, 2021",baraazaid/cpu-and-gpu-stats
7da8ba7041f3c8128287,Core i7-11700KF,Rocket Lake,8,16,3.6,5.0,1200,14.0,16.0,125.0,2021-03-16,True,8 / 16,3.6 to 5 GHz,Socket 1200,14 nm,16MB,125 W,"Mar 16th, 2021",baraazaid/cpu-and-gpu-stats
aca9b82a2e0d919811a5,Core i7-11700T,Rocket Lake,8,16,1.4,4.6,1200,14.0,16.0,35.0,2021-03-16,True,8 / 16,1.4 to 4.6 GHz,Socket 1200,14 nm,16MB,35 W,"Mar 16th, 2021",baraazaid/cpu-and-gpu-stats
da959afcd6e6c1156fdc,Core i7-11800H,Tiger Lake-H,8,16,1.9,4.6,BGA 1787,10.0,24.0,35.0,2021-05-11,True,8 / 16,1.9 to 4.6 GHz,BGA 1787,10 nm,24MB,35 W,"May 11th, 2021",baraazaid/cpu-and-gpu-stats
165ddcb18e1421a13672,Core i7-11850H,Tiger Lake-H,8,16,2.1,4.8,BGA 1787,10.0,24.0,35.0,2021-05-11,True,8 / 16,2.1 to 4.8 GHz,BGA 1787,10 nm,24MB,35 W,"May 11th, 2021",baraazaid/cpu-and-gpu-stats
7faebf39e89d40ab3b00,Core i7-1185G7,,,,,,,,,,,False,,,,,,,,baraazaid/cpu-and-gpu-stats
dc88284c9aea4b77fade,Core i7-1195G7,Tiger Lake-U,4,8,2.9,5.0,BGA 1449,10.0,12.0,28.0,2021-05-31,True,4 / 8,2.9 to 5 GHz,BGA 1449,10 nm,12MB,28 W,"May 31st, 2021",baraazaid/cpu-and-gpu-stats
6df203faf700f64ad263,Core i7-1250U,Alder Lake-U,10,12,1.1,4.7,BGA 1781,10.0,12.0,9.0,2022-02-23,True,10 / 12,1.1 to 4.7 GHz,BGA 1781,10 nm,12MB,9 W,"Feb 23rd, 2022",baraazaid/cpu-and-gpu-stats
639f8e2b4308cea8b50b,Core i7-1255U,Alder Lake-U,10,12,1.7,4.7,BGA 1744,10.0,12.0,15.0,2022-02-23,True,10 / 12,1.7 to 4.7 GHz,BGA 1744,10 nm,12MB,15 W,"Feb 23rd, 2022",baraazaid/cpu-and-gpu-stats
13d164b379a291b16a21,Core i7-1260P,Alder Lake-P,12,16,2.1,4.7,BGA 1744,10.0,18.0,28.0,2022-02-23,True,12 / 16,2.1 to 4.7 GHz,BGA 1744,10 nm,18MB,28 W,"Feb 23rd, 2022",baraazaid/cpu-and-gpu-stats
0b27049f0a5f6009fde7,Core i7-1260U,Alder Lake-U,10,12,1.1,4.7,BGA 1781,10.0,12.0,9.0,2022-02-23,True,10 / 12,1.1 to 4.7 GHz,BGA 1781,10 nm,12MB,9 W,"Feb 23rd, 2022",baraazaid/cpu-and-gpu-stats
d545215c5f7826a8a53b,Core i7-12650H,Alder Lake-H,10,16,2.3,4.7,BGA 1744,10.0,24.0,45.0,2022-01-01,True,10 / 16,2.3 to 4.7 GHz,BGA 1744,10 nm,24MB,45 W,Jan 2022,baraazaid/cpu-and-gpu-stats
2080c89c3aceae663f42,Core i7-12650HX,Alder Lake-HX,14,20,2.0,4.7,BGA 1964,10.0,24.0,55.0,2022-05-10,True,14 / 20,2 to 4.7 GHz,BGA 1964,10 nm,24MB,55 W,"May 10th, 2022",baraazaid/cpu-and-gpu-stats
593dac30d16e16adb956,Core i7-1265U,Alder Lake-U,10,12,1.8,4.8,BGA 1744,10.0,12.0,15.0,2022-02-23,True,10 / 12,1.8 to 4.8 GHz,BGA 1744,10 nm,12MB,15 W,"Feb 23rd, 2022",baraazaid/cpu-and-gpu-stats
e14519710328fabbae04,Core i7-12700,Alder Lake-S,12,20,3.3,4.9,1700,10.0,25.0,65.0,2022-01-01,True,12 / 20,3.3 to 4.9 GHz,Socket 1700,10 nm,25MB,65 W,Jan 2022,baraazaid/cpu-and-gpu-stats
c45c1cf975d5f3f9ca69,Core i7-12700E,Alder Lake-S,12,20,2.1,4.8,1700,10.0,25.0,65.0,2022-01-01,True,12 / 20,2.1 to 4.8 GHz,Socket 1700,10 nm,25MB,65 W,Jan 2022,baraazaid/cpu-and-gpu-stats
75e76bae6499cd426709,Core i7-12700F,Alder Lake-S,12,20,3.3,4.9,1700,10.0,25.0,65.0,2022-01-04,True,12 / 20,3.3 to 4.9 GHz,Socket 1700,10 nm,25MB,65 W,"Jan 4th, 2022",baraazaid/cpu-and-gpu-stats
df58ad6485690ec91c02,Core i7-12700H,Alder Lake-H,14,20,2.3,4.7,BGA 1744,10.0,24.0,45.0,2022-01-01,True,14 / 20,2.3 to 4.7 GHz,BGA 1744,10 nm,24MB,45 W,Jan 2022,baraazaid/cpu-and-gpu-stats
6486f5e6519b12f972c9,Core i7-12700K,Alder Lake-S,12,20,3.6,5.0,1700,10.0,25.0,125.0,2021-11-04,True,12 / 20,3.6 to 5 GHz,Socket 1700,10 nm,25MB,125 W,"Nov 4th, 2021",baraazaid/cpu-and-gpu-stats
bd4fbb8a1f3ca6e73713,Core i7-12700KF,Alder Lake-S,12,20,3.6,5.0,1700,10.0,25.0,125.0,2021-11-04,True,12 / 20,3.6 to 5 GHz,Socket 1700,10 nm,25MB,125 W,"Nov 4th, 2021",baraazaid/cpu-and-gpu-stats
96b5418e7a8a8315ac10,Core i7-12700T,Alder Lake-S,12,20,1.4,4.7,1700,10.0,25.0,35.0,2022-01-01,True,12 / 20,1.4 to 4.7 GHz,Socket 1700,10 nm,25MB,35 W,Jan 2022,baraazaid/cpu-and-gpu-stats
5a8636c48360e256d51a,Core i7-12700TE,Alder Lake-S,12,20,1.4,4.6,1700,10.0,25.0,35.0,2022-01-01,True,12 / 20,1.4 to 4.6 GHz,Socket 1700,10 nm,25MB,35 W,Jan 2022,baraazaid/cpu-and-gpu-stats
f659d7910f32ac223f38,Core i7-1270P,Alder Lake-P,12,16,2.2,4.8,BGA 1744,10.0,18.0,28.0,2022-02-23,True,12 / 16,2.2 to 4.8 GHz,BGA 1744,10 nm,18MB,28 W,"Feb 23rd, 2022",baraazaid/cpu-and-gpu-stats
37a2816e5193ce5db7b9,Core i7-12800H,Alder Lake-H,14,20,2.4,4.8,BGA 1744,10.0,24.0,45.0,2022-01-01,True,14 / 20,2.4 to 4.8 GHz,BGA 1744,10 nm,24MB,45 W,Jan 2022,baraazaid/cpu-and-gpu-stats
de02f31a1a460ee9f582,Core i7-12800HE,Alder Lake-H,14,20,2.4,4.6,BGA 1744,10.0,24.0,45.0,2022-01-01,True,14 / 20,2.4 to 4.6 GHz,BGA 1744,10 nm,24MB,45 W,Jan 2022,baraazaid/cpu-and-gpu-stats
18af4baef6ee9c6a3316,Core i7-12800HX,Alder Lake-HX,16,24,2.0,4.8,BGA 1964,10.0,25.0,55.0,2022-05-10,True,16 / 24,2 to 4.8 GHz,BGA 1964,10 nm,25MB,55 W,"May 10th, 2022",baraazaid/cpu-and-gpu-stats
80c3f5b4072a11bc3cc9,Core i7-1280P,Alder Lake-P,14,20,1.8,4.8,BGA 1744,10.0,24.0,28.0,2022-02-23,True,14 / 20,1.8 to 4.8 GHz,BGA 1744,10 nm,24MB,28 W,"Feb 23rd, 2022",baraazaid/cpu-and-gpu-stats
0ab7ea36bff0bc89babd,Core i7-12850HX,Alder Lake-HX,16,24,2.1,4.8,BGA 1964,10.0,25.0,55.0,2022-05-10,True,16 / 24,2.1 to 4.8 GHz,BGA 1964,10 nm,25MB,55 W,"May 10th, 2022",baraazaid/cpu-and-gpu-stats
d0982df73fe9a9cbaa89,Core i7-13650HX,Raptor Lake-HX,14,20,2.6,4.9,BGA 1964,10.0,24.0,55.0,2023-01-04,True,14 / 20,2.6 to 4.9 GHz,BGA 1964,10 nm,24MB,55 W,"Jan 4th, 2023",baraazaid/cpu-and-gpu-stats
206d4d7d6138e3f1d5eb,Core i7-13700,Raptor Lake-S,16,24,2.1,5.2,1700,10.0,30.0,65.0,2023-01-04,True,16 / 24,2.1 to 5.2 GHz,Socket 1700,10 nm,30MB,65 W,"Jan 4th, 2023",baraazaid/cpu-and-gpu-stats
7b8bba25952516b8aaa0,Core i7-13700F,Raptor Lake-S,16,24,2.1,5.2,1700,10.0,30.0,65.0,2023-01-04,True,16 / 24,2.1 to 5.2 GHz,Socket 1700,10 nm,30MB,65 W,"Jan 4th, 2023",baraazaid/cpu-and-gpu-stats
5033d03c9255fe8659b1,Core i7-13700HX,Raptor Lake-HX,16,24,2.1,5.0,BGA 1964,10.0,30.0,55.0,2023-01-04,True,16 / 24,2.1 to 5 GHz,BGA 1964,10 nm,30MB,55 W,"Jan 4th, 2023",baraazaid/cpu-and-gpu-stats
ada9ee5c33a363a27b6f,Core i7-13700K,Raptor Lake-S,16,24,3.4,5.4,1700,10.0,30.0,125.0,2022-09-27,True,16 / 24,3.4 to 5.4 GHz,Socket 1700,10 nm,30MB,125 W,"Sep 27th, 2022",baraazaid/cpu-and-gpu-stats
98c5d337a4aa72f36fc9,Core i7-13700KF,Raptor Lake-S,16,24,3.4,5.4,1700,10.0,30.0,125.0,2022-09-27,True,16 / 24,3.4 to 5.4 GHz,Socket 1700,10 nm,30MB,125 W,"Sep 27th, 2022",baraazaid/cpu-and-gpu-stats
e184d7b0928dd02bb6d6,Core i7-13700T,Raptor Lake-S,16,24,1.4,4.9,1700,10.0,30.0,35.0,2023-01-04,True,16 / 24,1.4 to 4.9 GHz,Socket 1700,10 nm,30MB,35 W,"Jan 4th, 2023",baraazaid/cpu-and-gpu-stats
a88dc1dd843de986add1,Core i7-13850HX,Raptor Lake-HX,24,28,2.1,5.3,BGA 1964,10.0,30.0,55.0,2023-01-04,True,24 / 28,2.1 to 5.3 GHz,BGA 1964,10 nm,30MB,55 W,"Jan 4th, 2023",baraazaid/cpu-and-gpu-stats
db81b0d587ec7ddddcb3,Core i7-2600,Sandy Bridge,4,8,3.4,3.8,1155,32.0,8.0,95.0,2011-01-09,True,4 / 8,3.4 to 3.8 GHz,Socket 1155,32 nm,8MB,95 W,"Jan 9th, 2011",baraazaid/cpu-and-gpu-stats
06728867f1d1c33fe5eb,Core i7-2600K,Sandy Bridge,4,8,3.4,3.8,1155,32.0,8.0,95.0,2011-01-09,True,4 / 8,3.4 to 3.8 GHz,Socket 1155,32 nm,8MB,95 W,"Jan 9th, 2011",baraazaid/cpu-and-gpu-stats
beba1f59b9d66e503761,Core i7-2600S,Sandy Bridge,4,8,2.8,3.8,1155,32.0,8.0,65.0,2011-01-09,True,4 / 8,2.8 to 3.8 GHz,Socket 1155,32 nm,8MB,65 W,"Jan 9th, 2011",baraazaid/cpu-and-gpu-stats
5d442e6eb85158403fe3,Core i7-2630QM,Sandy Bridge,4,8,2.0,2.9,G2 (988B),32.0,6.0,45.0,2011-01-03,True,4 / 8,2 to 2.9 GHz,Socket G2 (988B),32 nm,6MB,45 W,"Jan 3rd, 2011",baraazaid/cpu-and-gpu-stats
e60d3cf202dce06dcf13,Core i7-2635QM,Sandy Bridge,4,8,2.0,2.9,BGA 1224,32.0,6.0,45.0,2011-01-03,True,4 / 8,2 to 2.9 GHz,BGA 1224,32 nm,6MB,45 W,"Jan 3rd, 2011",baraazaid/cpu-and-gpu-stats
6faba7adfa411f581c3a,Core i7-2670QM,Sandy Bridge,4,8,2.2,3.1,G2 (988B),32.0,6.0,45.0,2011-10-12,True,4 / 8,2.2 to 3.1 GHz,Socket G2 (988B),32 nm,6MB,45 W,"Oct 12th, 2011",baraazaid/cpu-and-gpu-stats
4bb0a42ac6d82bc276d4,Core i7-2675QM,Sandy Bridge,4,8,2.2,3.1,BGA 1224,32.0,6.0,45.0,2011-10-12,True,4 / 8,2.2 to 3.1 GHz,BGA 1224,32 nm,6MB,45 W,"Oct 12th, 2011",baraazaid/cpu-and-gpu-stats
064ef0f62b5df0e77b9e,Core i7-2700K,Sandy Bridge,4,8,3.5,3.9,1155,32.0,8.0,95.0,2011-10-24,True,4 / 8,3.5 to 3.9 GHz,Socket 1155,32 nm,8MB,95 W,"Oct 24th, 2011",baraazaid/cpu-and-gpu-stats
b2f8fc0bd784609b3db2,Core i7-2710QE,Sandy Bridge,4,8,2.1,3.0,G2 (988B),32.0,6.0,45.0,2011-01-03,True,4 / 8,2.1 to 3 GHz,Socket G2 (988B),32 nm,6MB,45 W,"Jan 3rd, 2011",baraazaid/cpu-and-gpu-stats
f1bc04f90c9aee3df847,Core i7-2715QE,Sandy Bridge,4,8,2.1,3.0,BGA 1023,32.0,6.0,45.0,2011-01-03,True,4 / 8,2.1 to 3 GHz,BGA 1023,32 nm,6MB,45 W,"Jan 3rd, 2011",baraazaid/cpu-and-gpu-stats
61217674f5d577761b64,Core i7-2720QM,Sandy Bridge,4,8,2.2,3.3,BGA 1224,32.0,6.0,45.0,2011-01-03,True,4 / 8,2.2 to 3.3 GHz,BGA 1224,32 nm,6MB,45 W,"Jan 3rd, 2011",baraazaid/cpu-and-gpu-stats
6add317aec55dec38869,Core i7-2720QM,Sandy Bridge,4,8,2.2,3.3,G2 (988B),32.0,6.0,45.0,2011-01-03,True,4 / 8,2.2 to 3.3 GHz,Socket G2 (988B),32 nm,6MB,45 W,"Jan 3rd, 2011",baraazaid/cpu-and-gpu-stats
3f10954e2d5b7af254b6,Core i7-2760QM,Sandy Bridge,4,8,2.4,3.5,G2 (988B),32.0,6.0,45.0,2011-09-04,True,4 / 8,2.4 to 3.5 GHz,Socket G2 (988B),32 nm,6MB,45 W,"Sep 4th, 2011",baraazaid/cpu-and-gpu-stats
cd2fa6e6737b0f46734b,Core i7-2760QM,Sandy Bridge,4,8,2.4,3.5,BGA 1224,32.0,6.0,45.0,2011-09-04,True,4 / 8,2.4 to 3.5 GHz,BGA 1224,32 nm,6MB,45 W,"Sep 4th, 2011",baraazaid/cpu-and-gpu-stats
a02d316dde7d8fda7422,Core i7-2820QM,Sandy Bridge,4,8,2.3,3.4,BGA 1224,32.0,8.0,45.0,2011-01-03,True,4 / 8,2.3 to 3.4 GHz,BGA 1224,32 nm,8MB,45 W,"Jan 3rd, 2011",baraazaid/cpu-and-gpu-stats
d6757e88b5be4244a360,Core i7-2820QM,Sandy Bridge,4,8,2.3,3.4,G2 (988B),32.0,8.0,45.0,2011-01-03,True,4 / 8,2.3 to 3.4 GHz,Socket G2 (988B),32 nm,8MB,45 W,"Jan 3rd, 2011",baraazaid/cpu-and-gpu-stats
62b3b4802bd2e6676128,Core i7-2860QM,Sandy Bridge,4,8,2.5,3.6,BGA 1224,32.0,8.0,45.0,2011-09-04,True,4 / 8,2.5 to 3.6 GHz,BGA 1224,32 nm,8MB,45 W,"Sep 4th, 2011",baraazaid/cpu-and-gpu-stats
c9afe5972bfbf230cf58,Core i7-2860QM,Sandy Bridge,4,8,2.5,3.6,G2 (988B),32.0,8.0,45.0,2011-09-04,True,4 / 8,2.5 to 3.6 GHz,Socket G2 (988B),32 nm,8MB,45 W,"Sep 4th, 2011",baraazaid/cpu-and-gpu-stats
c3d128572ead92ddb2dc,Core i7-2920XM,Sandy Bridge,4,8,2.5,3.5,G2 (988B),32.0,8.0,55.0,2011-01-03,True,4 / 8,2.5 to 3.5 GHz,Socket G2 (988B),32 nm,8MB,55 W,"Jan 3rd, 2011",baraazaid/cpu-and-gpu-stats
c4797118ebbacc703465,Core i7-2960XM,Sandy Bridge,4,8,2.7,3.7,G2 (988B),32.0,8.0,55.0,2011-09-04,True,4 / 8,2.7 to 3.7 GHz,Socket G2 (988B),32 nm,8MB,55 W,"Sep 4th, 2011",baraazaid/cpu-and-gpu-stats
8753494d6685c7ee4e73,Core i7-3517U,Ivy Bridge,2,4,1.9,3.0,BGA 1023,22.0,4.0,17.0,2012-06-03,True,2 / 4,1.9 to 3 GHz,BGA 1023,22 nm,4MB,17 W,"Jun 3rd, 2012",baraazaid/cpu-and-gpu-stats
827f2a10767cbb5c0aa0,Core i7-3517UE,Ivy Bridge,2,4,1.7,2.8,BGA 1023,22.0,4.0,17.0,2012-06-03,True,2 / 4,1.7 to 2.8 GHz,BGA 1023,22 nm,4MB,17 W,"Jun 3rd, 2012",baraazaid/cpu-and-gpu-stats
737609c7fe6ca7076340,Core i7-3520M,Ivy Bridge,2,4,2.9,3.6,BGA 1023,22.0,4.0,35.0,2012-06-03,True,2 / 4,2.9 to 3.6 GHz,BGA 1023,22 nm,4MB,35 W,"Jun 3rd, 2012",baraazaid/cpu-and-gpu-stats
336f197539c9a191db4f,Core i7-3520M,Ivy Bridge,2,4,2.9,3.6,G2 (988B),22.0,4.0,35.0,2012-06-03,True,2 / 4,2.9 to 3.6 GHz,Socket G2 (988B),22 nm,4MB,35 W,"Jun 3rd, 2012",baraazaid/cpu-and-gpu-stats
eae2647b74836eece85d,Core i7-3525M,Ivy Bridge,2,4,2.9,3.6,BGA 1023,22.0,4.0,35.0,2012-11-01,True,2 / 4,2.9 to 3.6 GHz,BGA 1023,22 nm,4MB,35 W,"Nov 1st, 2012",baraazaid/cpu-and-gpu-stats
fc0d028e616e5a643cf1,Core i7-3537U,Ivy Bridge,2,4,2.0,3.2,BGA 1023,22.0,4.0,17.0,2013-01-08,True,2 / 4,2 to 3.2 GHz,BGA 1023,22 nm,4MB,17 W,"Jan 8th, 2013",baraazaid/cpu-and-gpu-stats
690713871a56aefa7903,Core i7-3540M,Ivy Bridge,2,4,3.0,3.7,BGA 1023,22.0,4.0,35.0,2013-01-08,True,2 / 4,3 to 3.7 GHz,BGA 1023,22 nm,4MB,35 W,"Jan 8th, 2013",baraazaid/cpu-and-gpu-stats
9d3a9d4caacf44fc5032,Core i7-3540M,Ivy Bridge,2,4,3.0,3.7,G2 (988B),22.0,4.0,35.0,2013-01-08,True,2 / 4,3 to 3.7 GHz,Socket G2 (988B),22 nm,4MB,35 W,"Jan 8th, 2013",baraazaid/cpu-and-gpu-stats
32c01aeff081e95f6ecb,Core i7-3555LE,Ivy Bridge,2,4,2.5,3.2,BGA 1023,22.0,4.0,25.0,2012-06-03,True,2 / 4,2.5 to 3.2 GHz,BGA 1023,22 nm,4MB,25 W,"Jun 3rd, 2012",baraazaid/cpu-and-gpu-stats
692416bad2e15eb9f381,Core i7-3610QE,Ivy Bridge,4,8,2.3,3.3,G2 (988B),22.0,6.0,45.0,2012-04-29,True,4 / 8,2.3 to 3.3 GHz,Socket G2 (988B),22 nm,6MB,45 W,"Apr 29th, 2012",baraazaid/cpu-and-gpu-stats
710e8123ab3a16fb37e8,Core i7-3610QM,Ivy Bridge,4,8,2.3,3.3,G2 (988B),22.0,6.0,45.0,2012-04-29,True,4 / 8,2.3 to 3.3 GHz,Socket G2 (988B),22 nm,6MB,45 W,"Apr 29th, 2012",baraazaid/cpu-and-gpu-stats
9dc6348bcde13cfb0a99,Core i7-3612QE,Ivy Bridge,4,8,2.1,3.1,BGA 1023,22.0,6.0,35.0,2012-04-29,True,4 / 8,2.1 to 3.1 GHz,BGA 1023,22 nm,6MB,35 W,"Apr 29th, 2012",baraazaid/cpu-and-gpu-stats
a0dd39416e823db86f2e,Core i7-3612QM,Ivy Bridge,4,8,2.1,3.1,BGA 1224,22.0,6.0,35.0,2012-04-29,True,4 / 8,2.1 to 3.1 GHz,BGA 1224,22 nm,6MB,35 W,"Apr 29th, 2012",baraazaid/cpu-and-gpu-stats
d400e7ad88c8a495e597,Core i7-3612QM,Ivy Bridge,4,8,2.1,3.1,G2 (988B),22.0,6.0,35.0,2012-04-29,True,4 / 8,2.1 to 3.1 GHz,Socket G2 (988B),22 nm,6MB,35 W,"Apr 29th, 2012",baraazaid/cpu-and-gpu-stats
711957d8dd330824c334,Core i7-3615QE,Ivy Bridge,4,8,2.3,3.3,BGA 1023,22.0,6.0,45.0,2012-04-29,True,4 / 8,2.3 to 3.3 GHz,BGA 1023,22 nm,6MB,45 W,"Apr 29th, 2012",baraazaid/cpu-and-gpu-stats
ec88c13f0bc257370fad,Core i7-3615QM,Ivy Bridge,4,8,2.3,3.3,BGA 1224,22.0,6.0,45.0,2012-04-29,True,4 / 8,2.3 to 3.3 GHz,BGA 1224,22 nm,6MB,45 W,"Apr 29th, 2012",baraazaid/cpu-and-gpu-stats
673af099f44498fad78b,Core i7-3630QM,Ivy Bridge,4,8,2.4,3.4,G2 (988B),22.0,6.0,45.0,2012-09-30,True,4 / 8,2.4 to 3.4 GHz,Socket G2 (988B),22 nm,6MB,45 W,"Sep 30th, 2012",baraazaid/cpu-and-gpu-stats
5e1e62b19aea0ceb43c3,Core i7-3632QM,Ivy Bridge,4,8,2.2,3.2,G2 (988B),22.0,6.0,35.0,2012-10-19,True,4 / 8,2.2 to 3.2 GHz,Socket G2 (988B),22 nm,6MB,35 W,"Oct 19th, 2012",baraazaid/cpu-and-gpu-stats
ba5322fa85d839b34188,Core i7-3632QM,Ivy Bridge,4,8,2.2,3.2,BGA 1224,22.0,6.0,35.0,2012-10-19,True,4 / 8,2.2 to 3.2 GHz,BGA 1224,22 nm,6MB,35 W,"Oct 19th, 2012",baraazaid/cpu-and-gpu-stats
69144f3e46b525de2fb4,Core i7-3635QM,Ivy Bridge,4,8,2.4,3.4,BGA 1224,22.0,6.0,45.0,2012-09-01,True,4 / 8,2.4 to 3.4 GHz,BGA 1224,22 nm,6MB,45 W,"Sep 1st, 2012",baraazaid/cpu-and-gpu-stats
fc41ce29cd30220be4e5,Core i7-3667U,Ivy Bridge,2,4,2.0,3.2,BGA 1023,22.0,4.0,17.0,2012-06-03,True,2 / 4,2 to 3.2 GHz,BGA 1023,22 nm,4MB,17 W,"Jun 3rd, 2012",baraazaid/cpu-and-gpu-stats
054b603b62328b7ed232,Core i7-3687U,Ivy Bridge,2,4,2.1,3.3,BGA 1023,22.0,4.0,17.0,2013-01-08,True,2 / 4,2.1 to 3.3 GHz,BGA 1023,22 nm,4MB,17 W,"Jan 8th, 2013",baraazaid/cpu-and-gpu-stats
261eba18ae783a85dd36,Core i7-3689Y,Ivy Bridge,2,4,1.5,2.6,BGA 1023,22.0,4.0,13.0,2013-01-08,True,2 / 4,1.5 to 2.6 GHz,BGA 1023,22 nm,4MB,13 W,"Jan 8th, 2013",baraazaid/cpu-and-gpu-stats
19fa80bc349a8ba2aaba,Core i7-3720QM,Ivy Bridge,4,8,2.6,3.6,G2 (988B),22.0,6.0,45.0,2012-04-29,True,4 / 8,2.6 to 3.6 GHz,Socket G2 (988B),22 nm,6MB,45 W,"Apr 29th, 2012",baraazaid/cpu-and-gpu-stats
2f1cd9640c2126f847b9,Core i7-3720QM,Ivy Bridge,4,8,2.6,3.6,BGA 1224,22.0,6.0,45.0,2012-04-29,True,4 / 8,2.6 to 3.6 GHz,BGA 1224,22 nm,6MB,45 W,"Apr 29th, 2012",baraazaid/cpu-and-gpu-stats
bd07af61bf3138e04124,Core i7-3740QM,Ivy Bridge,4,8,2.7,3.7,G2 (988B),22.0,6.0,45.0,2012-09-03,True,4 / 8,2.7 to 3.7 GHz,Socket G2 (988B),22 nm,6MB,45 W,"Sep 3rd, 2012",baraazaid/cpu-and-gpu-stats
ecc6d7f778156681c49e,Core i7-3740QM,Ivy Bridge,4,8,2.7,3.7,BGA 1224,22.0,6.0,45.0,2012-09-03,True,4 / 8,2.7 to 3.7 GHz,BGA 1224,22 nm,6MB,45 W,"Sep 3rd, 2012",baraazaid/cpu-and-gpu-stats
befa3c36f8caecfc9701,Core i7-3770,Ivy Bridge,4,8,3.4,3.9,1155,22.0,8.0,77.0,2012-04-29,True,4 / 8,3.4 to 3.9 GHz,Socket 1155,22 nm,8MB,77 W,"Apr 29th, 2012",baraazaid/cpu-and-gpu-stats
5b29eedef5a6cc14a576,Core i7-3770K,Ivy Bridge,4,8,3.5,3.9,1155,22.0,8.0,77.0,2012-04-29,True,4 / 8,3.5 to 3.9 GHz,Socket 1155,22 nm,8MB,77 W,"Apr 29th, 2012",baraazaid/cpu-and-gpu-stats
dd12e0bece10cc090454,Core i7-3770S,Ivy Bridge,4,8,3.1,3.9,1155,22.0,8.0,65.0,2012-04-29,True,4 / 8,3.1 to 3.9 GHz,Socket 1155,22 nm,8MB,65 W,"Apr 29th, 2012",baraazaid/cpu-and-gpu-stats
671bb819a184d4a9abb8,Core i7-3770T,Ivy Bridge,4,8,2.5,3.7,1155,22.0,8.0,45.0,2012-04-29,True,4 / 8,2.5 to 3.7 GHz,Socket 1155,22 nm,8MB,45 W,"Apr 29th, 2012",baraazaid/cpu-and-gpu-stats
fa57600dd6edbc359a42,Core i7-3820,Sandy Bridge-E,4,8,3.6,3.8,2011,32.0,10.0,130.0,2012-02-13,True,4 / 8,3.6 to 3.8 GHz,Socket 2011,32 nm,10MB,130 W,"Feb 13th, 2012",baraazaid/cpu-and-gpu-stats
6fdcb1d596dc34dda041,Core i7-3820QM,Ivy Bridge,4,8,2.7,3.7,G2 (988B),22.0,8.0,45.0,2012-04-29,True,4 / 8,2.7 to 3.7 GHz,Socket G2 (988B),22 nm,8MB,45 W,"Apr 29th, 2012",baraazaid/cpu-and-gpu-stats
49e2a37fea807a77789c,Core i7-3820QM,Ivy Bridge,4,8,2.7,3.7,BGA 1224,22.0,8.0,45.0,2012-04-29,True,4 / 8,2.7 to 3.7 GHz,BGA 1224,22 nm,8MB,45 W,"Apr 29th, 2012",baraazaid/cpu-and-gpu-stats
c6577c86268bd849a6dc,Core i7-3840QM,Ivy Bridge,4,8,2.8,3.8,G2 (988B),22.0,8.0,45.0,2012-09-03,True,4 / 8,2.8 to 3.8 GHz,Socket G2 (988B),22 nm,8MB,45 W,"Sep 3rd, 2012",baraazaid/cpu-and-gpu-stats
fcbc028511664f85c6b0,Core i7-3840QM,Ivy Bridge,4,8,2.8,3.8,BGA 1224,22.0,8.0,45.0,2012-09-03,True,4 / 8,2.8 to 3.8 GHz,BGA 1224,22 nm,8MB,45 W,"Sep 3rd, 2012",baraazaid/cpu-and-gpu-stats
a3f697f61f3febde6d8b,Core i7-3910K,Sandy Bridge-E,6,12,3.0,3.6,2011,32.0,12.0,130.0,2013-07-24,True,6 / 12,3 to 3.6 GHz,Socket 2011,32 nm,12MB,130 W,"Jul 24th, 2013",baraazaid/cpu-and-gpu-stats
a294eafacaa862620cb5,Core i7-3920XM,Ivy Bridge,4,8,2.9,3.8,G2 (988B),22.0,8.0,55.0,2012-04-29,True,4 / 8,2.9 to 3.8 GHz,Socket G2 (988B),22 nm,8MB,55 W,"Apr 29th, 2012",baraazaid/cpu-and-gpu-stats
04915c8f0a32a1f06dd8,Core i7-3930K,Sandy Bridge-E,6,12,3.2,3.8,2011,32.0,12.0,130.0,2011-11-14,True,6 / 12,3.2 to 3.8 GHz,Socket 2011,32 nm,12MB,130 W,"Nov 14th, 2011",baraazaid/cpu-and-gpu-stats
08f7e07f86ba2bc4d8b7,Core i7-3940XM,Ivy Bridge,4,8,3.0,3.9,G2 (988B),22.0,8.0,55.0,2012-09-03,True,4 / 8,3 to 3.9 GHz,Socket G2 (988B),22 nm,8MB,55 W,"Sep 3rd, 2012",baraazaid/cpu-and-gpu-stats
5ee855fb4cf6d832e224,Core i7-3960X,Sandy Bridge-E,6,12,3.3,3.9,2011,32.0,15.0,130.0,2011-11-14,True,6 / 12,3.3 to 3.9 GHz,Socket 2011,32 nm,15MB,130 W,"Nov 14th, 2011",baraazaid/cpu-and-gpu-stats
8ac45702c9966f738e1f,Core i7-3970X,Sandy Bridge-E,6,12,3.5,4.0,2011,32.0,15.0,150.0,2012-11-01,True,6 / 12,3.5 to 4 GHz,Socket 2011,32 nm,15MB,150 W,"Nov 1st, 2012",baraazaid/cpu-and-gpu-stats
002b8cc8f75d2565e15a,Core i7-4500U,Haswell-ULT,2,4,1.8,3.0,BGA 1168,22.0,4.0,15.0,2013-06-04,True,2 / 4,1.8 to 3 GHz,BGA 1168,22 nm,4MB,15 W,"Jun 4th, 2013",baraazaid/cpu-and-gpu-stats
2231b8ec3303641d0657,Core i7-4550U,Haswell-ULT,2,4,1.5,3.0,BGA 1168,22.0,4.0,15.0,2013-06-04,True,2 / 4,1.5 to 3 GHz,BGA 1168,22 nm,4MB,15 W,"Jun 4th, 2013",baraazaid/cpu-and-gpu-stats
7ab50052d5d88dbce6b6,Core i7-4558U,Haswell-ULT,2,4,2.8,3.3,BGA 1168,22.0,4.0,28.0,2013-06-04,True,2 / 4,2.8 to 3.3 GHz,BGA 1168,22 nm,4MB,28 W,"Jun 4th, 2013",baraazaid/cpu-and-gpu-stats
1dd54ee48f8e6699f7cc,Core i7-4600M,Haswell,2,4,2.9,3.6,G3,22.0,4.0,37.0,2013-09-01,True,2 / 4,2.9 to 3.6 GHz,Socket G3,22 nm,4MB,37 W,"Sep 1st, 2013",baraazaid/cpu-and-gpu-stats
bf50539e0c8e91f4509b,Core i7-4600U,Haswell-ULT,2,4,2.1,3.3,BGA 1168,22.0,4.0,15.0,2013-09-01,True,2 / 4,2.1 to 3.3 GHz,BGA 1168,22 nm,4MB,15 W,"Sep 1st, 2013",baraazaid/cpu-and-gpu-stats
faf18a5d962c79e56303,Core i7-4610M,,,,,,,,,,,False,,,,,,,,baraazaid/cpu-and-gpu-stats
dad07ed317bac8901800,Core i7-4650U,Haswell-ULT,2,4,1.7,3.3,BGA 1168,22.0,4.0,15.0,2013-06-04,True,2 / 4,1.7 to 3.3 GHz,BGA 1168,22 nm,4MB,15 W,"Jun 4th, 2013",baraazaid/cpu-and-gpu-stats
2b6645c48399a1c28f1a,Core i7-4700EQ,Haswell,4,8,2.4,3.4,BGA 1364,22.0,8.0,47.0,2013-05-27,True,4 / 8,2.4 to 3.4 GHz,BGA 1364,22 nm,8MB,47 W,"May 27th, 2013",baraazaid/cpu-and-gpu-stats
e0c935d46bb707423c9d,Core i7-4700HQ,Crystalwell,4,8,2.4,3.4,BGA 1364,22.0,6.0,47.0,2013-05-27,True,4 / 8,2.4 to 3.4 GHz,BGA 1364,22 nm,6MB,47 W,"May 27th, 2013",baraazaid/cpu-and-gpu-stats
6581a8b58a31f06e1af7,Core i7-4700MQ,Haswell,4,8,2.4,3.4,G3,22.0,6.0,47.0,2013-05-27,True,4 / 8,2.4 to 3.4 GHz,Socket G3,22 nm,6MB,47 W,"May 27th, 2013",baraazaid/cpu-and-gpu-stats
793c35d93821d600da4a,Core i7-4702HQ,Crystalwell,4,8,2.2,3.2,BGA 1364,22.0,6.0,37.0,2013-05-27,True,4 / 8,2.2 to 3.2 GHz,BGA 1364,22 nm,6MB,37 W,"May 27th, 2013",baraazaid/cpu-and-gpu-stats
176d8940260a9bd7d036,Core i7-4702MQ,Haswell,4,8,2.2,3.2,G3,22.0,6.0,37.0,2013-05-27,True,4 / 8,2.2 to 3.2 GHz,Socket G3,22 nm,6MB,37 W,"May 27th, 2013",baraazaid/cpu-and-gpu-stats
d9a376469e1c51f03e71,Core i7-4710HQ,,,,,,,,,,,False,,,,,,,,baraazaid/cpu-and-gpu-stats
f89b2703659446ec791d,Core i7-4710MQ,Haswell,4,8,2.5,3.5,G3,22.0,6.0,47.0,2013-04-14,True,4 / 8,2.5 to 3.5 GHz,Socket G3,22 nm,6MB,47 W,"Apr 14th, 2013",baraazaid/cpu-and-gpu-stats
bd2356ae4dabcab7d36c,Core i7-4712HQ,,,,,,,,,,,False,,,,,,,,baraazaid/cpu-and-gpu-stats
070890c5e9fbf0f19e11,Core i7-4712MQ,Haswell,4,8,2.3,3.3,G3,22.0,6.0,37.0,2013-04-14,True,4 / 8,2.3 to 3.3 GHz,Socket G3,22 nm,6MB,37 W,"Apr 14th, 2013",baraazaid/cpu-and-gpu-stats
d97b7713a168e0e00d03,Core i7-4750HQ,Crystalwell,4,8,2.0,3.2,BGA 1364,22.0,6.0,47.0,2013-05-27,True,4 / 8,2 to 3.2 GHz,BGA 1364,22 nm,6MB,47 W,"May 27th, 2013",baraazaid/cpu-and-gpu-stats
0ad8180325750ac15b9d,Core i7-4760HQ,,,,,,,,,,,False,,,,,,,,baraazaid/cpu-and-gpu-stats
42e6e2a89e56ea3b46fb,Core i7-4765T,Haswell,4,8,2.0,3.0,1150,22.0,8.0,35.0,2013-06-02,True,4 / 8,2 to 3 GHz,Socket 1150,22 nm,8MB,35 W,"Jun 2nd, 2013",baraazaid/cpu-and-gpu-stats
c71dcc09c9466f8175a3,Core i7-4770,Haswell,4,8,3.4,3.9,1150,22.0,8.0,84.0,2013-06-02,True,4 / 8,3.4 to 3.9 GHz,Socket 1150,22 nm,8MB,84 W,"Jun 2nd, 2013",baraazaid/cpu-and-gpu-stats
87fc436c994a0f627ba8,Core i7-4770HQ,,,,,,,,,,,False,,,,,,,,baraazaid/cpu-and-gpu-stats
62ad4bdb0540afcd498f,Core i7-4770K,Haswell,4,8,3.5,3.9,1150,22.0,8.0,84.0,2013-06-02,True,4 / 8,3.5 to 3.9 GHz,Socket 1150,22 nm,8MB,84 W,"Jun 2nd, 2013",baraazaid/cpu-and-gpu-stats
a2d2a424406280ebab49,Core i7-4770R,Haswell,4,8,3.2,3.9,BGA 1364,22.0,6.0,65.0,2013-06-02,True,4 / 8,3.2 to 3.9 GHz,BGA 1364,22 nm,6MB,65 W,"Jun 2nd, 2013",baraazaid/cpu-and-gpu-stats
7b45fcea7262f57700b9,Core i7-4770S,Haswell,4,8,3.1,3.9,1150,22.0,8.0,65.0,2013-06-02,True,4 / 8,3.1 to 3.9 GHz,Socket 1150,22 nm,8MB,65 W,"Jun 2nd, 2013",baraazaid/cpu-and-gpu-stats
9bc30a9988eec4382b30,Core i7-4770T,Haswell,4,8,2.5,3.7,1150,22.0,8.0,45.0,2013-06-02,True,4 / 8,2.5 to 3.7 GHz,Socket 1150,22 nm,8MB,45 W,"Jun 2nd, 2013",baraazaid/cpu-and-gpu-stats
b241b20f61f422792cf6,Core i7-4770TE,Haswell,4,8,2.3,3.3,1150,22.0,8.0,45.0,2013-06-02,True,4 / 8,2.3 to 3.3 GHz,Socket 1150,22 nm,8MB,45 W,"Jun 2nd, 2013",baraazaid/cpu-and-gpu-stats
8aa9fe73e3bd8f360827,Core i7-4771,Haswell,4,8,3.5,3.9,1150,22.0,8.0,84.0,2013-09-01,True,4 / 8,3.5 to 3.9 GHz,Socket 1150,22 nm,8MB,84 W,"Sep 1st, 2013",baraazaid/cpu-and-gpu-stats
1e4628f1d83633fda5f1,Core i7-4785T,Haswell,4,8,2.2,3.2,1150,22.0,8.0,35.0,2013-06-02,True,4 / 8,2.2 to 3.2 GHz,Socket 1150,22 nm,8MB,35 W,"Jun 2nd, 2013",baraazaid/cpu-and-gpu-stats
30c21936c83872b292f3,Core i7-4790,,,,,,,,,,,False,,,,,,,,baraazaid/cpu-and-gpu-stats
193641494fb7a7e4a6aa,Core i7-4790K,,,,,,,,,,,False,,,,,,,,baraazaid/cpu-and-gpu-stats
a4c4c2a9677bb6caf7f5,Core i7-4790S,,,,,,,,,,,False,,,,,,,,baraazaid/cpu-and-gpu-stats
b92c98e48d0f6dcc30d2,Core i7-4800MQ,Haswell,4,8,2.7,3.7,G3,22.0,6.0,47.0,2013-04-29,True,4 / 8,2.7 to 3.7 GHz,Socket G3,22 nm,6MB,47 W,"Apr 29th, 2013",baraazaid/cpu-and-gpu-stats
c2f81231f4c4c3d371c6,Core i7-4810MQ,,,,,,,,,,,False,,,,,,,,baraazaid/cpu-and-gpu-stats
b0a2846b67c38f5765b3,Core i7-4820K,Ivy Bridge-E,4,8,3.7,3.9,2011,22.0,10.0,130.0,2013-09-01,True,4 / 8,3.7 to 3.9 GHz,Socket 2011,22 nm,10MB,130 W,"Sep 1st, 2013",baraazaid/cpu-and-gpu-stats
9859f4297bd4f4795ff8,Core i7-4850EQ,Crystalwell,4,8,1.6,3.2,BGA 1364,22.0,8.0,47.0,2013-08-29,True,4 / 8,1.6 to 3.2 GHz,BGA 1364,22 nm,8MB,47 W,"Aug 29th, 2013",baraazaid/cpu-and-gpu-stats
7d7f1ffcf68e460b8d42,Core i7-4850HQ,Crystalwell,4,8,2.3,3.5,BGA 1364,22.0,6.0,47.0,2013-04-29,True,4 / 8,2.3 to 3.5 GHz,BGA 1364,22 nm,6MB,47 W,"Apr 29th, 2013",baraazaid/cpu-and-gpu-stats
47c8e5e3321aa4755c57,Core i7-4860EQ,Crystalwell,4,8,1.8,3.2,BGA 1364,22.0,8.0,47.0,2013-08-29,True,4 / 8,1.8 to 3.2 GHz,BGA 1364,22 nm,8MB,47 W,"Aug 29th, 2013",baraazaid/cpu-and-gpu-stats
89e1224912496dd8ed85,Core i7-4860HQ,,,,,,,,,,,False,,,,,,,,baraazaid/cpu-and-gpu-stats
082a88331d3527e6e604,Core i7-4870HQ,,,,,,,,,,,False,,,,,,,,baraazaid/cpu-and-gpu-stats
242d1f132669000e7798,Core i7-4900MQ,Haswell,4,8,2.8,3.8,G3,22.0,8.0,47.0,2013-06-02,True,4 / 8,2.8 to 3.8 GHz,Socket G3,22 nm,8MB,47 W,"Jun 2nd, 2013",baraazaid/cpu-and-gpu-stats
6de8c5b5ce39291eb6f2,Core i7-4910MQ,,,,,,,,,,,False,,,,,,,,baraazaid/cpu-and-gpu-stats
4a6e0285f6ad7aea17d9,Core i7-4930K,Ivy Bridge-E,6,12,3.4,3.9,2011,22.0,12.0,130.0,2013-09-01,True,6 / 12,3.4 to 3.9 GHz,Socket 2011,22 nm,12MB,130 W,"Sep 1st, 2013",baraazaid/cpu-and-gpu-stats
e56316a5c0aae6f6ee32,Core i7-4930MX,Haswell,4,8,3.0,3.9,G3,22.0,8.0,57.0,2013-04-29,True,4 / 8,3 to 3.9 GHz,Socket G3,22 nm,8MB,57 W,"Apr 29th, 2013",baraazaid/cpu-and-gpu-stats
f3ac8e28584e9c25264b,Core i7-4940MX,,,,,,,,,,,False,,,,,,,,baraazaid/cpu-and-gpu-stats
1cb59efcb4cb1296895e,Core i7-4950HQ,Crystalwell,4,8,2.4,3.6,BGA 1364,22.0,6.0,47.0,2013-06-07,True,4 / 8,2.4 to 3.6 GHz,BGA 1364,22 nm,6MB,47 W,"Jun 7th, 2013",baraazaid/cpu-and-gpu-stats
b97471c645ab225cee30,Core i7-4960HQ,Crystalwell,4,8,2.6,3.8,BGA 1364,22.0,8.0,47.0,2013-09-01,True,4 / 8,2.6 to 3.8 GHz,BGA 1364,22 nm,8MB,47 W,"Sep 1st, 2013",baraazaid/cpu-and-gpu-stats
1553b35ab7e6021cb660,Core i7-4960X,Ivy Bridge-E,6,12,3.6,4.0,2011,22.0,15.0,130.0,2013-09-03,True,6 / 12,3.6 to 4 GHz,Socket 2011,22 nm,15MB,130 W,"Sep 3rd, 2013",baraazaid/cpu-and-gpu-stats
7cd33ef12a013e530428,Core i7-4980HQ,Crystalwell,4,8,2.8,4.0,BGA 1364,22.0,6.0,47.0,2013-09-01,True,4 / 8,2.8 to 4 GHz,BGA 1364,22 nm,6MB,47 W,"Sep 1st, 2013",baraazaid/cpu-and-gpu-stats
14fd5b45c9d3025be1e5,Core i7-5500U,,,,,,,,,,,False,,,,,,,,baraazaid/cpu-and-gpu-stats
63db6403588dc3c1b6d7,Core i7-5550U,,,,,,,,,,,False,,,,,,,,baraazaid/cpu-and-gpu-stats
6d0a0ca66505b127a918,Core i7-5557U,,,,,,,,,,,False,,,,,,,,baraazaid/cpu-and-gpu-stats
cccf36e9a91692d3d335,Core i7-5600U,,,,,,,,,,,False,,,,,,,,baraazaid/cpu-and-gpu-stats
c65a18137c3e870df570,Core i7-5650U,,,,,,,,,,,False,,,,,,,,baraazaid/cpu-and-gpu-stats
7a0a639b920a795f7188,Core i7-5700HQ,,,,,,,,,,,False,,,,,,,,baraazaid/cpu-and-gpu-stats
624a8d528d42df36d040,Core i7-5750HQ,,,,,,,,,,,False,,,,,,,,baraazaid/cpu-and-gpu-stats
781dec405dcf0f619c7f,Core i7-5775C,,,,,,,,,,,False,,,,,,,,baraazaid/cpu-and-gpu-stats
8ec3ed26f973fd7726a5,Core i7-5775R,,,,,,,,,,,False,,,,,,,,baraazaid/cpu-and-gpu-stats
eec75d685c9a85817d9c,Core i7-5820K,,,,,,,,,,,False,,,,,,,,baraazaid/cpu-and-gpu-stats
0375c62795a26654ba5e,Core i7-5850HQ,,,,,,,,,,,False,,,,,,,,baraazaid/cpu-and-gpu-stats
31321525d0cac68cfcaf,Core i7-5930K,,,,,,,,,,,False,,,,,,,,baraazaid/cpu-and-gpu-stats
59c703c5315690584295,Core i7-5950HQ,,,,,,,,,,,False,,,,,,,,baraazaid/cpu-and-gpu-stats
b350c0e5f7b99fd456ff,Core i7-5960X,,,,,,,,,,,False,,,,,,,,baraazaid/cpu-and-gpu-stats
7980c131290dceab732b,Core i7-620M,Arrandale,2,4,2.677,3.333,BGA 1288,32.0,4.0,35.0,2010-01-07,True,2 / 4,2.677 to 3.333 GHz,BGA 1288,32 nm,4MB,35 W,"Jan 7th, 2010",baraazaid/cpu-and-gpu-stats
b433daace2de3c6f009e,Core i7-620M,Arrandale,2,4,2.677,3.333,G1,32.0,4.0,35.0,2010-01-07,True,2 / 4,2.677 to 3.333 GHz,Socket G1,32 nm,4MB,35 W,"Jan 7th, 2010",baraazaid/cpu-and-gpu-stats
19fe1e8da2a36f810b6d,Core i7-640M,Arrandale,2,4,2.8,3.467,G1,32.0,4.0,35.0,2010-09-01,True,2 / 4,2.8 to 3.467 GHz,Socket G1,32 nm,4MB,35 W,"Sep 1st, 2010",baraazaid/cpu-and-gpu-stats
55779ef8966e082f0b1f,Core i7-640M,Arrandale,2,4,2.8,3.467,BGA 1288,32.0,4.0,35.0,2010-09-01,True,2 / 4,2.8 to 3.467 GHz,BGA 1288,32 nm,4MB,35 W,"Sep 1st, 2010",baraazaid/cpu-and-gpu-stats
62c93eeb53e67fb2d7d9,Core i7-6700,,,,,,,,,,,False,,,,,,,,baraazaid/cpu-and-gpu-stats
d21f949068fab66d94ec,Core i7-6700K,,,,,,,,,,,False,,,,,,,,baraazaid/cpu-and-gpu-stats
48a51c463fdd14032927,Core i7-6700T,,,,,,,,,,,False,,,,,,,,baraazaid/cpu-and-gpu-stats
3bd3b10ac312aa3aba47,Core i7-6700TE,,,,,,,,,,,False,,,,,,,,baraazaid/cpu-and-gpu-stats
9475696111b501a55ba0,Core i7-6800K,Broadwell-E,6,12,3.4,3.6,2011-3,14.0,15.0,140.0,2016-05-31,True,6 / 12,3.4 to 3.6 GHz,Socket 2011-3,14 nm,15MB,140 W,"May 31st, 2016",baraazaid/cpu-and-gpu-stats
b8f2ea3e69f5d9440336,Core i7-6850K,Broadwell-E,6,12,3.6,3.8,2011-3,14.0,15.0,140.0,2016-05-31,True,6 / 12,3.6 to 3.8 GHz,Socket 2011-3,14 nm,15MB,140 W,"May 31st, 2016",baraazaid/cpu-and-gpu-stats
03b015ba9d41b1eff7ee,Core i7-6900K,Broadwell-E,8,16,3.2,3.7,2011-3,14.0,20.0,140.0,2016-05-31,True,8 / 16,3.2 to 3.7 GHz,Socket 2011-3,14 nm,20MB,140 W,"May 31st, 2016",baraazaid/cpu-and-gpu-stats
23110ee24d169efddd12,Core i7-6950X,Broadwell-E,10,20,3.0,3.5,2011-3,14.0,25.0,140.0,2016-05-31,True,10 / 20,3 to 3.5 GHz,Socket 2011-3,14 nm,25MB,140 W,"May 31st, 2016",baraazaid/cpu-and-gpu-stats
4f98f22d6f9a768ffc5a,Core i7-7700,Kaby Lake,4,8,3.6,4.2,1151,14.0,8.0,65.0,2017-01-03,True,4 / 8,3.6 to 4.2 GHz,Socket 1151,14 nm,8MB,65 W,"Jan 3rd, 2017",baraazaid/cpu-and-gpu-stats
f83f1f1f2371661a2d80,Core i7-7700K,Kaby Lake,4,8,4.2,4.5,1151,14.0,8.0,91.0,2017-01-03,True,4 / 8,4.2 to 4.5 GHz,Socket 1151,14 nm,8MB,91 W,"Jan 3rd, 2017",baraazaid/cpu-and-gpu-stats
b90aa3e86c7b94e5d303,Core i7-7700T,Kaby Lake,4,8,2.9,3.8,1151,14.0,8.0,35.0,2017-01-03,True,4 / 8,2.9 to 3.8 GHz,Socket 1151,14 nm,8MB,35 W,"Jan 3rd, 2017",baraazaid/cpu-and-gpu-stats
b96404eff2b4067f4dff,Core i7-7740X,Kaby Lake-X,4,8,4.3,4.6,2066,14.0,8.0,112.0,2017-06-26,True,4 / 8,4.3 to 4.6 GHz,Socket 2066,14 nm,8MB,112 W,"Jun 26th, 2017",baraazaid/cpu-and-gpu-stats
69fe9697388d26236508,Core i7-7800X,Skylake-X,6,12,3.5,4.0,2066,14.0,8.25,140.0,2017-06-26,True,6 / 12,3.5 to 4 GHz,Socket 2066,14 nm,8.25MB,140 W,"Jun 26th, 2017",baraazaid/cpu-and-gpu-stats
1a2b0c21cf52a9ccc6f6,Core i7-8550U,Kaby Lake-R,4,8,1.8,4.0,BGA 1356,14.0,8.0,15.0,2017-08-21,True,4 / 8,1.8 to 4 GHz,BGA 1356,14 nm,8MB,15 W,"Aug 21st, 2017",baraazaid/cpu-and-gpu-stats
ef1f3f05fc030f01e7c9,Core i7-860S,Lynnfield,4,8,2.533,3.466,1156,45.0,8.0,82.0,2010-01-07,True,4 / 8,2.533 to 3.466 GHz,Socket 1156,45 nm,8MB,82 W,"Jan 7th, 2010",baraazaid/cpu-and-gpu-stats
99fe4ab55334901cb17b,Core i7-8650U,Kaby Lake-R,4,8,1.9,4.2,BGA 1356,14.0,8.0,15.0,2017-08-21,True,4 / 8,1.9 to 4.2 GHz,BGA 1356,14 nm,8MB,15 W,"Aug 21st, 2017",baraazaid/cpu-and-gpu-stats
63249fd184a4e6905fa4,Core i7-8700K,Coffee Lake,6,12,3.7,4.7,1151,14.0,12.0,95.0,2017-10-05,True,6 / 12,3.7 to 4.7 GHz,Socket 1151,14 nm,12MB,95 W,"Oct 5th, 2017",baraazaid/cpu-and-gpu-stats
1ed81222411bc69fa41c,Core i7-870S,Lynnfield,4,8,2.666,3.6,1156,45.0,8.0,82.0,2010-07-19,True,4 / 8,2.666 to 3.6 GHz,Socket 1156,45 nm,8MB,82 W,"Jul 19th, 2010",baraazaid/cpu-and-gpu-stats
7ef2d347c52e32d66f61,Core i7-875K,Lynnfield,4,8,2.933,3.6,1156,45.0,8.0,95.0,2010-05-30,True,4 / 8,2.933 to 3.6 GHz,Socket 1156,45 nm,8MB,95 W,"May 30th, 2010",baraazaid/cpu-and-gpu-stats
21fd1514f57d2ab6dbe1,Core i7-880,Lynnfield,4,8,3.066,3.733,1156,45.0,8.0,95.0,2010-05-30,True,4 / 8,3.066 to 3.733 GHz,Socket 1156,45 nm,8MB,95 W,"May 30th, 2010",baraazaid/cpu-and-gpu-stats
1e90bd80b08a08261f8f,Core i7-920,Bloomfield,4,8,2.666,2.933,1366,45.0,8.0,130.0,2008-11-17,True,4 / 8,2.666 to 2.933 GHz,Socket 1366,45 nm,8MB,130 W,"Nov 17th, 2008",baraazaid/cpu-and-gpu-stats
43d497e88c33cef2fffc,Core i7-930,Bloomfield,4,8,2.8,3.066,1366,45.0,8.0,130.0,2010-02-28,True,4 / 8,2.8 to 3.066 GHz,Socket 1366,45 nm,8MB,130 W,"Feb 28th, 2010",baraazaid/cpu-and-gpu-stats
074855a1c27edc728e22,Core i7-940,Bloomfield,4,8,2.933,3.2,1366,45.0,8.0,130.0,2008-11-17,True,4 / 8,2.933 to 3.2 GHz,Socket 1366,45 nm,8MB,130 W,"Nov 17th, 2008",baraazaid/cpu-and-gpu-stats
df598523f7cc4bcaef12,Core i7-965,Bloomfield,4,8,3.2,3.466,1366,45.0,8.0,130.0,2008-11-17,True,4 / 8,3.2 to 3.466 GHz,Socket 1366,45 nm,8MB,130 W,"Nov 17th, 2008",baraazaid/cpu-and-gpu-stats
1b368af9f016fd3bc842,Core i7-970,Gulftown,6,12,3.2,3.466,1366,32.0,12.0,130.0,2010-07-19,True,6 / 12,3.2 to 3.466 GHz,Socket 1366,32 nm,12MB,130 W,"Jul 19th, 2010",baraazaid/cpu-and-gpu-stats
0017f0a4cf3334fbabb2,Core i7-980,Gulftown,6,12,3.333,3.6,1366,32.0,12.0,130.0,2011-06-26,True,6 / 12,3.333 to 3.6 GHz,Socket 1366,32 nm,12MB,130 W,"Jun 26th, 2011",baraazaid/cpu-and-gpu-stats
97ec1d8e2555789bb40e,Core i7-980X,Gulftown,6,12,3.333,3.6,1366,32.0,12.0,130.0,2010-03-16,True,6 / 12,3.333 to 3.6 GHz,Socket 1366,32 nm,12MB,130 W,"Mar 16th, 2010",baraazaid/cpu-and-gpu-stats
4b3b2d4c3f7f5822a5d0,Core i7-990X,Gulftown,6,12,3.466,3.733,1366,32.0,12.0,130.0,2011-02-24,True,6 / 12,3.466 to 3.733 GHz,Socket 1366,32 nm,12MB,130 W,"Feb 24th, 2011",baraazaid/cpu-and-gpu-stats
71b83eebde2d9446479f,Core i9-10800F,Comet Lake,10,20,2.7,5.0,1200,14.0,20.0,65.0,2020-04-30,True,10 / 20,2.7 to 5 GHz,Socket 1200,14 nm,20MB,65 W,"Apr 30th, 2020",baraazaid/cpu-and-gpu-stats
d8d652c10edf0e779b37,Core i9-10850K,Comet Lake,10,20,3.6,5.2,1200,14.0,20.0,125.0,2020-07-27,True,10 / 20,3.6 to 5.2 GHz,Socket 1200,14 nm,20MB,125 W,"Jul 27th, 2020",baraazaid/cpu-and-gpu-stats
8b18eefc34223fd4dc4b,Core i9-10885H,,,,,,,,,,,False,,,,,,,,baraazaid/cpu-and-gpu-stats
a7ff126515c19b018deb,Core i9-10900,Comet Lake,10,20,2.8,5.2,1200,14.0,20.0,65.0,2020-04-30,True,10 / 20,2.8 to 5.2 GHz,Socket 1200,14 nm,20MB,65 W,"Apr 30th, 2020",baraazaid/cpu-and-gpu-stats
d3d7fb34b946a1dce14c,Core i9-10900F,Comet Lake,10,20,2.8,5.2,1200,14.0,20.0,65.0,2020-04-30,True,10 / 20,2.8 to 5.2 GHz,Socket 1200,14 nm,20MB,65 W,"Apr 30th, 2020",baraazaid/cpu-and-gpu-stats
787d224f843b6fd52131,Core i9-10900K,Comet Lake,10,20,3.7,5.3,1200,14.0,20.0,125.0,2020-04-30,True,10 / 20,3.7 to 5.3 GHz,Socket 1200,14 nm,20MB,125 W,"Apr 30th, 2020",baraazaid/cpu-and-gpu-stats
6da01540c550f0f2f8a5,Core i9-10900KF,Comet Lake,10,20,3.7,5.3,1200,14.0,20.0,125.0,2020-04-30,True,10 / 20,3.7 to 5.3 GHz,Socket 1200,14 nm,20MB,125 W,"Apr 30th, 2020",baraazaid/cpu-and-gpu-stats
d4c23644ec558fe8dfde,Core i9-10900X,Cascade Lake-X,10,20,3.7,4.7,2066,14.0,19.25,165.0,2019-10-19,True,10 / 20,3.7 to 4.7 GHz,Socket 2066,14 nm,19.25MB,165 W,"Oct 19th, 2019",baraazaid/cpu-and-gpu-stats
e10dd13c9d4a40cf746d,Core i9-10920X,Cascade Lake-X,12,24,3.5,4.8,2066,14.0,19.25,165.0,2019-10-19,True,12 / 24,3.5 to 4.8 GHz,Socket 2066,14 nm,19.25MB,165 W,"Oct 19th, 2019",baraazaid/cpu-and-gpu-stats
91ddca33e7c47a7bfa50,Core i9-10940X,Cascade Lake-X,14,28,3.3,4.8,2066,14.0,19.25,165.0,2019-10-19,True,14 / 28,3.3 to 4.8 GHz,Socket 2066,14 nm,19.25MB,165 W,"Oct 19th, 2019",baraazaid/cpu-and-gpu-stats
726c68e3604c7de5c4c7,Core i9-10980HK,,,,,,,,,,,False,,,,,,,,baraazaid/cpu-and-gpu-stats
14da372504f90c9a319d,Core i9-10980XE,Cascade Lake-X,18,36,3.0,4.8,2066,14.0,24.75,165.0,2019-10-19,True,18 / 36,3 to 4.8 GHz,Socket 2066,14 nm,24.75MB,165 W,"Oct 19th, 2019",baraazaid/cpu-and-gpu-stats
f176048db9da0153f36d,Core i9-10990XE,Cascade Lake-X,22,44,4.0,5.0,2066,14.0,30.25,380.0,,True,22 / 44,4 to 5 GHz,Socket 2066,14 nm,30.25MB,380 W,Never Released,baraazaid/cpu-and-gpu-stats
42d89c727459644580c6,Core i9-11900,Rocket Lake,8,16,2.5,5.2,1200,14.0,16.0,65.0,2021-03-16,True,8 / 16,2.5 to 5.2 GHz,Socket 1200,14 nm,16MB,65 W,"Mar 16th, 2021",baraazaid/cpu-and-gpu-stats
a93da166e26016b09e26,Core i9-11900F,Rocket Lake,8,16,2.5,5.2,1200,14.0,16.0,65.0,2021-03-16,True,8 / 16,2.5 to 5.2 GHz,Socket 1200,14 nm,16MB,65 W,"Mar 16th, 2021",baraazaid/cpu-and-gpu-stats
65ee0a9a4b1069da165d,Core i9-11900H,Tiger Lake-H,8,16,2.1,4.9,BGA 1787,10.0,24.0,35.0,2021-05-11,True,8 / 16,2.1 to 4.9 GHz,BGA 1787,10 nm,24MB,35 W,"May 11th, 2021",baraazaid/cpu-and-gpu-stats
57a5f9842e0a92e1e814,Core i9-11900K,Rocket Lake,8,16,3.5,5.3,1200,14.0,16.0,125.0,2021-03-16,True,8 / 16,3.5 to 5.3 GHz,Socket 1200,14 nm,16MB,125 W,"Mar 16th, 2021",baraazaid/cpu-and-gpu-stats
65911dd91e5d12be9433,Core i9-11900KB,Tiger Lake-H,8,16,3.3,5.3,BGA 1787,10.0,24.0,65.0,2021-05-01,True,8 / 16,3.3 to 5.3 GHz,BGA 1787,10 nm,24MB,65 W,May 2021,baraazaid/cpu-and-gpu-stats
c9d900e6d71f5c50ae26,Core i9-11900KF,Rocket Lake,8,16,3.5,5.3,1200,14.0,16.0,125.0,2021-03-16,True,8 / 16,3.5 to 5.3 GHz,Socket 1200,14 nm,16MB,125 W,"Mar 16th, 2021",baraazaid/cpu-and-gpu-stats
77828bac74950703667f,Core i9-11900T,Rocket Lake,8,16,1.5,4.9,1200,14.0,16.0,35.0,2021-03-16,True,8 / 16,1.5 to 4.9 GHz,Socket 1200,14 nm,16MB,35 W,"Mar 16th, 2021",baraazaid/cpu-and-gpu-stats
c6f2507dabdbddd5953a,Core i9-11950H,Tiger Lake-H,8,16,2.1,5.0,BGA 1787,10.0,24.0,35.0,2021-05-11,True,8 / 16,2.1 to 5 GHz,BGA 1787,10 nm,24MB,35 W,"May 11th, 2021",baraazaid/cpu-and-gpu-stats
d3afcb29dfda1152414c,Core i9-11980HK,Tiger Lake-H,8,16,2.6,5.0,BGA 1787,10.0,24.0,45.0,2021-05-11,True,8 / 16,2.6 to 5 GHz,BGA 1787,10 nm,24MB,45 W,"May 11th, 2021",baraazaid/cpu-and-gpu-stats
0b7e1ee1d06d073d98da,Core i9-12900,Alder Lake-S,16,24,2.4,5.1,1700,10.0,30.0,65.0,2022-01-04,True,16 / 24,2.4 to 5.1 GHz,Socket 1700,10 nm,30MB,65 W,"Jan 4th, 2022",baraazaid/cpu-and-gpu-stats
ea28f9ca29c1ed85dc68,Core i9-12900E,Alder Lake-S,16,24,2.3,5.0,1700,10.0,30.0,65.0,2022-01-04,True,16 / 24,2.3 to 5 GHz,Socket 1700,10 nm,30MB,65 W,"Jan 4th, 2022",baraazaid/cpu-and-gpu-stats
06cef90e360a3df197c7,Core i9-12900F,Alder Lake-S,16,24,2.4,5.1,1700,10.0,30.0,65.0,2022-01-04,True,16 / 24,2.4 to 5.1 GHz,Socket 1700,10 nm,30MB,65 W,"Jan 4th, 2022",baraazaid/cpu-and-gpu-stats
cf54d3aa0ca17d88092d,Core i9-12900H,Alder Lake-H,14,20,2.5,5.0,BGA 1744,10.0,24.0,45.0,2022-01-04,True,14 / 20,2.5 to 5 GHz,BGA 1744,10 nm,24MB,45 W,"Jan 4th, 2022",baraazaid/cpu-and-gpu-stats
94f1b86700a6c02b2e66,Core i9-12900HK,Alder Lake-H,14,20,2.5,5.0,BGA 1744,10.0,24.0,45.0,2022-01-04,True,14 / 20,2.5 to 5 GHz,BGA 1744,10 nm,24MB,45 W,"Jan 4th, 2022",baraazaid/cpu-and-gpu-stats
9c611c02a1c3284c2e1b,Core i9-12900HX,Alder Lake-HX,16,24,2.3,5.0,BGA 1964,10.0,30.0,55.0,2022-05-10,True,16 / 24,2.3 to 5 GHz,BGA 1964,10 nm,30MB,55 W,"May 10th, 2022",baraazaid/cpu-and-gpu-stats
0ae342c6286f3b704f1c,Core i9-12900K,Alder Lake-S,16,24,3.2,5.2,1700,10.0,30.0,125.0,2021-11-04,True,16 / 24,3.2 to 5.2 GHz,Socket 1700,10 nm,30MB,125 W,"Nov 4th, 2021",baraazaid/cpu-and-gpu-stats
3fbc007f0428a7fa6c4e,Core i9-12900KF,Alder Lake-S,16,24,3.2,5.2,1700,10.0,30.0,125.0,2021-11-04,True,16 / 24,3.2 to 5.2 GHz,Socket 1700,10 nm,30MB,125 W,"Nov 4th, 2021",baraazaid/cpu-and-gpu-stats
a3f95a726af3488710a2,Core i9-12900KS,Alder Lake-S,16,24,3.4,5.5,1700,10.0,30.0,150.0,2022-04-05,True,16 / 24,3.4 to 5.5 GHz,Socket 1700,10 nm,30MB,150 W,"Apr 5th, 2022",baraazaid/cpu-and-gpu-stats
430ab6caf9086d3faae0,Core i9-12900T,Alder Lake-S,16,24,1.4,4.9,1700,10.0,30.0,35.0,2022-01-04,True,16 / 24,1.4 to 4.9 GHz,Socket 1700,10 nm,30MB,35 W,"Jan 4th, 2022",baraazaid/cpu-and-gpu-stats
31f6dbe3d257bfb1c0de,Core i9-12900TE,Alder Lake-S,16,24,1.1,4.8,1700,10.0,30.0,35.0,2022-01-04,True,16 / 24,1.1 to 4.8 GHz,Socket 1700,10 nm,30MB,35 W,"Jan 4th, 2022",baraazaid/cpu-and-gpu-stats
087843ae41f0f05a40af,Core i9-12950HX,Alder Lake-HX,16,24,2.3,5.0,BGA 1964,10.0,30.0,55.0,2022-05-10,True,16 / 24,2.3 to 5 GHz,BGA 1964,10 nm,30MB,55 W,"May 10th, 2022",baraazaid/cpu-and-gpu-stats
5cf6f717fb52d8cf2d7b,Core i9-13900,Raptor Lake-S,24,32,2.0,5.6,1700,10.0,36.0,65.0,2023-01-04,True,24 / 32,2 to 5.6 GHz,Socket 1700,10 nm,36MB,65 W,"Jan 4th, 2023",baraazaid/cpu-and-gpu-stats
1b5280848c4dbffabd50,Core i9-13900F,Raptor Lake-S,24,32,2.0,5.6,1700,10.0,36.0,65.0,2023-01-04,True,24 / 32,2 to 5.6 GHz,Socket 1700,10 nm,36MB,65 W,"Jan 4th, 2023",baraazaid/cpu-and-gpu-stats
45482308afda6db3ff3a,Core i9-13900H,Raptor Lake-H,14,20,2.6,5.4,BGA 1744,10.0,24.0,45.0,2023-01-04,True,14 / 20,2.6 to 5.4 GHz,BGA 1744,10 nm,24MB,45 W,"Jan 4th, 2023",baraazaid/cpu-and-gpu-stats
dd5affaac76d827ec6f9,Core i9-13900HK,Raptor Lake-H,14,20,2.6,5.4,BGA 1744,10.0,24.0,45.0,2023-01-04,True,14 / 20,2.6 to 5.4 GHz,BGA 1744,10 nm,24MB,45 W,"Jan 4th, 2023",baraazaid/cpu-and-gpu-stats
089f9ae703cd02161e0a,Core i9-13900HX,Raptor Lake-HX,24,32,2.2,5.4,BGA 1964,10.0,36.0,55.0,2023-01-04,True,24 / 32,2.2 to 5.4 GHz,BGA 1964,10 nm,36MB,55 W,"Jan 4th, 2023",baraazaid/cpu-and-gpu-stats
5123ff920e2df657c66f,Core i9-13900K,Raptor Lake-S,24,32,3.0,5.8,1700,10.0,36.0,125.0,2022-09-27,True,24 / 32,3 to 5.8 GHz,Socket 1700,10 nm,36MB,125 W,"Sep 27th, 2022",baraazaid/cpu-and-gpu-stats
e91df5e884955b2ebbd2,Core i9-13900KF,Raptor Lake-S,24,32,3.0,5.8,1700,10.0,36.0,125.0,2022-09-27,True,24 / 32,3 to 5.8 GHz,Socket 1700,10 nm,36MB,125 W,"Sep 27th, 2022",baraazaid/cpu-and-gpu-stats
621d18487fd9a115347c,Core i9-13900KS,Raptor Lake-S,24,32,3.2,6.0,1700,10.0,36.0,150.0,2023-01-01,True,24 / 32,3.2 to 6 GHz,Socket 1700,10 nm,36MB,150 W,2023,baraazaid/cpu-and-gpu-stats
d84c708fc66f34168b6f,Core i9-13900T,Raptor Lake-S,24,32,1.1,5.3,1700,10.0,36.0,35.0,2023-01-04,True,24 / 32,1.1 to 5.3 GHz,Socket 1700,10 nm,36MB,35 W,"Jan 4th, 2023",baraazaid/cpu-and-gpu-stats
cc6e6e7a174d0400ea27,Core i9-13950HX,Raptor Lake-HX,24,32,2.2,5.5,BGA 1964,10.0,36.0,55.0,2023-01-04,True,24 / 32,2.2 to 5.5 GHz,BGA 1964,10 nm,36MB,55 W,"Jan 4th, 2023",baraazaid/cpu-and-gpu-stats
14381db8a244db8ff77e,Core i9-13980HX,Raptor Lake-HX,24,32,2.2,5.6,BGA 1964,10.0,36.0,55.0,2023-01-04,True,24 / 32,2.2 to 5.6 GHz,BGA 1964,10 nm,36MB,55 W,"Jan 4th, 2023",baraazaid/cpu-and-gpu-stats
1ff6da4082a70f801d88,Core i9-7900X,Skylake-X,10,20,3.3,4.5,2066,14.0,14.0,140.0,2017-06-26,True,10 / 20,3.3 to 4.5 GHz,Socket 2066,14 nm,14MB,140 W,"Jun 26th, 2017",baraazaid/cpu-and-gpu-stats
fb04a8ab61eee7a42479,Core i9-7920X,Skylake-X,12,24,2.9,4.4,2066,14.0,16.5,140.0,2017-09-10,True,12 / 24,2.9 to 4.4 GHz,Socket 2066,14 nm,16.5MB,140 W,"Sep 10th, 2017",baraazaid/cpu-and-gpu-stats
bf189853034496de380b,Core i9-7940X,Skylake-X,14,28,3.1,4.4,2066,14.0,19.25,165.0,2017-09-01,True,14 / 28,3.1 to 4.4 GHz,Socket 2066,14 nm,19.25MB,165 W,"Sep 1st, 2017",baraazaid/cpu-and-gpu-stats
ce3fd80310d953730b1e,Core i9-7960X,Skylake-X,16,32,2.8,4.4,2066,14.0,22.0,165.0,2017-09-01,True,16 / 32,2.8 to 4.4 GHz,Socket 2066,14 nm,22MB,165 W,"Sep 1st, 2017",baraazaid/cpu-and-gpu-stats
4078518da42b932d6e83,Core i9-7980XE,Skylake-X,18,36,2.6,4.4,2066,14.0,24.75,165.0,2017-09-01,True,18 / 36,2.6 to 4.4 GHz,Socket 2066,14 nm,24.75MB,165 W,"Sep 1st, 2017",baraazaid/cpu-and-gpu-stats
9cb78b3804f9c90af166,Core i9-9820X,Skylake-X,10,20,3.3,4.2,2066,14.0,16.5,165.0,2018-10-19,True,10 / 20,3.3 to 4.2 GHz,Socket 2066,14 nm,16.5MB,165 W,"Oct 19th, 2018",baraazaid/cpu-and-gpu-stats
7d81c106fa2a306a6200,Core i9-9900X,Skylake-X,10,20,3.5,4.5,2066,14.0,19.25,165.0,2018-10-19,True,10 / 20,3.5 to 4.5 GHz,Socket 2066,14 nm,19.25MB,165 W,"Oct 19th, 2018",baraazaid/cpu-and-gpu-stats
8c3f857179f31ab31497,Core i9-9920X,Skylake-X,12,24,3.5,4.5,2066,14.0,19.25,165.0,2018-10-19,True,12 / 24,3.5 to 4.5 GHz,Socket 2066,14 nm,19.25MB,165 W,"Oct 19th, 2018",baraazaid/cpu-and-gpu-stats
83249bc365b21f79b00b,Core i9-9940X,Skylake-X,14,28,3.3,4.5,2066,14.0,19.25,165.0,2018-10-19,True,14 / 28,3.3 to 4.5 GHz,Socket 2066,14 nm,19.25MB,165 W,"Oct 19th, 2018",baraazaid/cpu-and-gpu-stats
c4a3c21a8747c26023e7,Core i9-9960X,Skylake-X,16,32,3.1,4.5,2066,14.0,22.0,165.0,2018-10-19,True,16 / 32,3.1 to 4.5 GHz,Socket 2066,14 nm,22MB,165 W,"Oct 19th, 2018",baraazaid/cpu-and-gpu-stats
11fc350cbc29f6598f7c,Core i9-9980XE,Skylake-X,18,36,3.0,4.5,2066,14.0,24.75,165.0,2018-10-19,True,18 / 36,3 to 4.5 GHz,Socket 2066,14 nm,24.75MB,165 W,"Oct 19th, 2018",baraazaid/cpu-and-gpu-stats
c24ce3bf3eb96cecd902,Core i9-9990XE,Skylake-X,14,28,4.0,5.1,2066,14.0,19.25,255.0,2018-10-19,True,14 / 28,4 to 5.1 GHz,Socket 2066,14 nm,19.25MB,255 W,"Oct 19th, 2018",baraazaid/cpu-and-gpu-stats
d4c65fc6e4647a24abc5,E-240,Zacate,1,,1.5,1.5,FT1,40.0,,18.0,2011-01-04,True,1,1500 MHz,Socket FT1,40 nm,,18 W,"Jan 4th, 2011",baraazaid/cpu-and-gpu-stats
240d15e90e6ff2f0aa96,E-300,Zacate,2,,1.3,1.3,FT1,40.0,,18.0,2011-08-22,True,2,1300 MHz,Socket FT1,40 nm,,18 W,"Aug 22nd, 2011",baraazaid/cpu-and-gpu-stats
b6217872aa1179a8e51a,E-350,Zacate,2,,1.6,1.6,FT1,40.0,,18.0,2011-01-04,True,2,1600 MHz,Socket FT1,40 nm,,18 W,"Jan 4th, 2011",baraazaid/cpu-and-gpu-stats
65a393088c79af3fdeed,E-450,Zacate,2,,1.6500000000000001,1.6500000000000001,FT1,40.0,,18.0,2011-08-22,True,2,1650 MHz,Socket FT1,40 nm,,18 W,"Aug 22nd, 2011",baraazaid/cpu-and-gpu-stats
0d28b8ca572b2feef215,E1-1200,Zacate,2,,1.4000000000000001,1.4000000000000001,FT1,40.0,,18.0,2012-06-06,True,2,1400 MHz,Socket FT1,40 nm,,18 W,"Jun 6th, 2012",baraazaid/cpu-and-gpu-stats
afdcff8a0e2d7740f7b0,E1-1500,Zacate,2,,1.48,1.48,FT1,40.0,,18.0,2013-01-06,True,2,1480 MHz,Socket FT1,40 nm,,18 W,"Jan 6th, 2013",baraazaid/cpu-and-gpu-stats
764d6d5298dac7105203,E1-2100,Kabini,2,,1.0,1.0,FT3,28.0,,9.0,2013-05-23,True,2,1000 MHz,Socket FT3,28 nm,,9 W,"May 23rd, 2013",baraazaid/cpu-and-gpu-stats
186b1cf280c3a3f4b40b,E1-2150,,,,,,,,,,,False,,,,,,,,baraazaid/cpu-and-gpu-stats
b02ea373b572955256ba,E1-2500,Kabini,2,,1.4000000000000001,1.4000000000000001,FT3,28.0,,15.0,2013-05-23,True,2,1400 MHz,Socket FT3,28 nm,,15 W,"May 23rd, 2013",baraazaid/cpu-and-gpu-stats
420e813e233d9089eb3a,E2-1800,Zacate,2,,1.7,1.7,FT1,40.0,,18.0,2012-06-06,True,2,1700 MHz,Socket FT1,40 nm,,18 W,"Jun 6th, 2012",baraazaid/cpu-and-gpu-stats
4dd5ff1837dba01a3156,E2-2000,Zacate,2,,1.75,1.75,FT1,40.0,,18.0,2013-01-06,True,2,1750 MHz,Socket FT1,40 nm,,18 W,"Jan 6th, 2013",baraazaid/cpu-and-gpu-stats
a81154009d56d8d33b64,E2-3000,Kabini,2,,1.6500000000000001,1.6500000000000001,FT3,28.0,,15.0,2013-05-23,True,2,1650 MHz,Socket FT3,28 nm,,15 W,"May 23rd, 2013",baraazaid/cpu-and-gpu-stats
75dc6a7451204920ee5f,E2-3000M,Llano,2,,1.8,2.4,FS1,32.0,,35.0,2011-12-20,True,2,1.8 to 2.4 GHz,Socket FS1,32 nm,,35 W,"Dec 20th, 2011",baraazaid/cpu-and-gpu-stats
fb26621aa550e46c0971,E2-3200,Llano,2,,2.4,2.4,FM1,32.0,,65.0,2011-09-07,True,2,2.4 GHz,Socket FM1,32 nm,,65 W,"Sep 7th, 2011",baraazaid/cpu-and-gpu-stats
ad3c257ebfd2a6c9be3f,E2-3800,Kabini,4,,1.3,1.3,FT3,28.0,,15.0,2013-05-23,True,4,1300 MHz,Socket FT3,28 nm,,15 W,"May 23rd, 2013",baraazaid/cpu-and-gpu-stats
cc66563522adf4e778f9,EPYC 7272,Rome,12,24,2.6,3.2,SP3,7.0,64.0,120.0,2019-08-07,True,12 / 24,2.6 to 3.2 GHz,Socket SP3,7 nm,64MB,120 W,"Aug 7th, 2019",baraazaid/cpu-and-gpu-stats
ce1fc1647d22238ef882,EPYC 7281,Naples,16,32,2.1,2.7,SP3,14.0,32.0,170.0,2017-06-29,True,16 / 32,2.1 to 2.7 GHz,Socket SP3,14 nm,32MB,170 W,"Jun 29th, 2017",baraazaid/cpu-and-gpu-stats
6dd09103b5edbb5f077b,EPYC 7282,Rome,16,32,2.8,3.2,SP3,7.0,64.0,120.0,2019-08-07,True,16 / 32,2.8 to 3.2 GHz,Socket SP3,7 nm,64MB,120 W,"Aug 7th, 2019",baraazaid/cpu-and-gpu-stats
067d73a8d7f9d2f2c6fd,EPYC 72F3,Milan,8,16,3.7,4.1,SP3,7.0,256.0,180.0,2021-03-15,True,8 / 16,3.7 to 4.1 GHz,Socket SP3,7 nm,256MB,180 W,"Mar 15th, 2021",baraazaid/cpu-and-gpu-stats
289948b412ad4818467d,EPYC 7301,Naples,16,32,2.2,2.7,SP3,14.0,64.0,170.0,2017-06-29,True,16 / 32,2.2 to 2.7 GHz,Socket SP3,14 nm,64MB,170 W,"Jun 29th, 2017",baraazaid/cpu-and-gpu-stats
1ab63627289557f828c1,EPYC 7302,Rome,16,32,3.0,3.3,SP3,7.0,128.0,155.0,2019-08-07,True,16 / 32,3 to 3.3 GHz,Socket SP3,7 nm,128MB,155 W,"Aug 7th, 2019",baraazaid/cpu-and-gpu-stats
56901498067bdbcaffca,EPYC 7302P,Rome,16,32,3.0,3.3,SP3,7.0,128.0,155.0,2019-08-07,True,16 / 32,3 to 3.3 GHz,Socket SP3,7 nm,128MB,155 W,"Aug 7th, 2019",baraazaid/cpu-and-gpu-stats
c23f1c2ac18ca8568c85,EPYC 7313,Milan,16,32,3.0,3.7,SP3,7.0,128.0,155.0,2021-03-15,True,16 / 32,3 to 3.7 GHz,Socket SP3,7 nm,128MB,155 W,"Mar 15th, 2021",baraazaid/cpu-and-gpu-stats
a78dd432f3a400638555,EPYC 7313P,Milan,16,32,3.0,3.7,SP3,7.0,128.0,155.0,2021-03-15,True,16 / 32,3 to 3.7 GHz,Socket SP3,7 nm,128MB,155 W,"Mar 15th, 2021",baraazaid/cpu-and-gpu-stats
02b58d9e7e7f6886a072,EPYC 7343,Milan,16,32,3.2,3.9,SP3,7.0,128.0,190.0,2021-03-15,True,16 / 32,3.2 to 3.9 GHz,Socket SP3,7 nm,128MB,190 W,"Mar 15th, 2021",baraazaid/cpu-and-gpu-stats
23090a379bfdae2022a5,EPYC 7351,Naples,16,32,2.4,2.9,SP3,14.0,64.0,170.0,2017-06-29,True,16 / 32,2.4 to 2.9 GHz,Socket SP3,14 nm,64MB,170 W,"Jun 29th, 2017",baraazaid/cpu-and-gpu-stats
a141125f7611c39fba2b,EPYC 7351P,Naples,16,32,2.4,2.9,SP3,14.0,64.0,170.0,2017-06-29,True,16 / 32,2.4 to 2.9 GHz,Socket SP3,14 nm,64MB,170 W,"Jun 29th, 2017",baraazaid/cpu-and-gpu-stats
497f8c9c2c466626846b,EPYC 7352,Rome,24,48,2.4,3.3,SP3,7.0,128.0,155.0,2019-08-07,True,24 / 48,2.4 to 3.3 GHz,Socket SP3,7 nm,128MB,155 W,"Aug 7th, 2019",baraazaid/cpu-and-gpu-stats
8012981e0964453d85d0,EPYC 7371,Naples,16,32,3.1,3.8,SP3,14.0,64.0,170.0,2018-11-16,True,16 / 32,3.1 to 3.8 GHz,Socket SP3,14 nm,64MB,170 W,"Nov 16th, 2018",baraazaid/cpu-and-gpu-stats
f7ed79c48686c7331d5d,EPYC 7373X,Milan-X,16,32,3.05,3.8,SP3,7.0,768.0,240.0,2022-03-22,True,16 / 32,3.05 to 3.8 GHz,Socket SP3,7 nm,768MB,240 W,"Mar 22nd, 2022",baraazaid/cpu-and-gpu-stats
9c050100b8642bbd5939,EPYC 73F3,Milan,16,32,3.5,4.0,SP3,7.0,256.0,240.0,2021-03-15,True,16 / 32,3.5 to 4 GHz,Socket SP3,7 nm,256MB,240 W,"Mar 15th, 2021",baraazaid/cpu-and-gpu-stats
ceb82574c1b4d61de814,EPYC 7401,Naples,24,48,2.0,3.0,SP3,14.0,64.0,170.0,2017-06-29,True,24 / 48,2 to 3 GHz,Socket SP3,14 nm,64MB,170 W,"Jun 29th, 2017",baraazaid/cpu-and-gpu-stats
cd839004aed2882b9bf9,EPYC 7401P,Naples,24,48,2.0,3.0,SP3,14.0,64.0,170.0,2017-06-29,True,24 / 48,2 to 3 GHz,Socket SP3,14 nm,64MB,170 W,"Jun 29th, 2017",baraazaid/cpu-and-gpu-stats
9d8b474cf11d7e2d9bd0,EPYC 7402,Rome,24,48,2.8,3.35,SP3,7.0,128.0,180.0,2019-08-07,True,24 / 48,2.8 to 3.35 GHz,Socket SP3,7 nm,128MB,180 W,"Aug 7th, 2019",baraazaid/cpu-and-gpu-stats
58ae6f4a34df82ca310b,EPYC 7402P,Rome,24,48,2.8,3.35,SP3,7.0,128.0,180.0,2019-08-07,True,24 / 48,2.8 to 3.35 GHz,Socket SP3,7 nm,128MB,180 W,"Aug 7th, 2019",baraazaid/cpu-and-gpu-stats
bcecaa1cf06b484088bd,EPYC 7413,Milan,24,48,2.65,3.6,SP3,7.0,128.0,180.0,2021-03-15,True,24 / 48,2.65 to 3.6 GHz,Socket SP3,7 nm,128MB,180 W,"Mar 15th, 2021",baraazaid/cpu-and-gpu-stats
653708b0c28cb4934451,EPYC 7443,Milan,24,48,2.85,4.0,SP3,7.0,128.0,200.0,2021-03-15,True,24 / 48,2.85 to 4 GHz,Socket SP3,7 nm,128MB,200 W,"Mar 15th, 2021",baraazaid/cpu-and-gpu-stats
0b55972d47bde713c75a,EPYC 7443P,Milan,24,48,2.85,4.0,SP3,7.0,128.0,200.0,2021-03-15,True,24 / 48,2.85 to 4 GHz,Socket SP3,7 nm,128MB,200 W,"Mar 15th, 2021",baraazaid/cpu-and-gpu-stats
2ad3f7fd79c5be223609,EPYC 7451,Naples,24,48,2.3,3.2,SP3,14.0,64.0,180.0,2017-06-29,True,24 / 48,2.3 to 3.2 GHz,Socket SP3,14 nm,64MB,180 W,"Jun 29th, 2017",baraazaid/cpu-and-gpu-stats
80daf994a8742e468f35,EPYC 7452,Rome,32,64,2.2,3.35,SP3,7.0,128.0,155.0,2019-08-07,True,32 / 64,2.2 to 3.35 GHz,Socket SP3,7 nm,128MB,155 W,"Aug 7th, 2019",baraazaid/cpu-and-gpu-stats
82a1dd7eaa347bdbb50f,EPYC 7453,Milan,28,56,2.75,3.45,SP3,7.0,64.0,225.0,2021-03-15,True,28 / 56,2.75 to 3.45 GHz,Socket SP3,7 nm,64MB,225 W,"Mar 15th, 2021",baraazaid/cpu-and-gpu-stats
48cb0e3687d4e0ef76e1,EPYC 7473X,Milan-X,24,48,2.8,3.7,SP3,7.0,768.0,240.0,2022-03-22,True,24 / 48,2.8 to 3.7 GHz,Socket SP3,7 nm,768MB,240 W,"Mar 22nd, 2022",baraazaid/cpu-and-gpu-stats
b2347e9a9f0974ce2bb4,EPYC 74F3,Milan,24,48,2.8,4.0,SP3,7.0,256.0,240.0,2021-03-15,True,24 / 48,2.8 to 4 GHz,Socket SP3,7 nm,256MB,240 W,"Mar 15th, 2021",baraazaid/cpu-and-gpu-stats
e46ed07aa971dd47c2b9,EPYC 7501,Naples,32,64,2.0,3.0,SP3,14.0,64.0,170.0,2017-06-29,True,32 / 64,2 to 3 GHz,Socket SP3,14 nm,64MB,170 W,"Jun 29th, 2017",baraazaid/cpu-and-gpu-stats
c640af69814fb85db729,EPYC 7502,Rome,32,64,2.5,3.35,SP3,7.0,128.0,180.0,2019-08-07,True,32 / 64,2.5 to 3.35 GHz,Socket SP3,7 nm,128MB,180 W,"Aug 7th, 2019",baraazaid/cpu-and-gpu-stats
01fcddab4cba8df01271,EPYC 7502P,Rome,32,64,2.5,3.35,SP3,7.0,128.0,180.0,2019-08-07,True,32 / 64,2.5 to 3.35 GHz,Socket SP3,7 nm,128MB,180 W,"Aug 7th, 2019",baraazaid/cpu-and-gpu-stats
d8e3a71c9f3fd725ca9f,EPYC 7513,Milan,32,64,2.6,3.65,SP3,7.0,128.0,200.0,2021-03-15,True,32 / 64,2.6 to 3.65 GHz,Socket SP3,7 nm,128MB,200 W,"Mar 15th, 2021",baraazaid/cpu-and-gpu-stats
51e679d16bf1e45853df,EPYC 7542,Rome,32,64,2.9,3.4,SP3,7.0,128.0,225.0,2019-08-07,True,32 / 64,2.9 to 3.4 GHz,Socket SP3,7 nm,128MB,225 W,"Aug 7th, 2019",baraazaid/cpu-and-gpu-stats
bebf9fe50da94781f4c7,EPYC 7543,Milan,32,64,2.8,3.7,SP3,7.0,256.0,225.0,2021-03-15,True,32 / 64,2.8 to 3.7 GHz,Socket SP3,7 nm,256MB,225 W,"Mar 15th, 2021",baraazaid/cpu-and-gpu-stats
e9043d07922f02576393,EPYC 7543P,Milan,32,64,2.8,3.7,SP3,7.0,256.0,225.0,2021-03-15,True,32 / 64,2.8 to 3.7 GHz,Socket SP3,7 nm,256MB,225 W,"Mar 15th, 2021",baraazaid/cpu-and-gpu-stats
89524ad825481a5638ee,EPYC 7551,Naples,32,64,2.0,3.0,SP3,14.0,64.0,180.0,2017-06-29,True,32 / 64,2 to 3 GHz,Socket SP3,14 nm,64MB,180 W,"Jun 29th, 2017",baraazaid/cpu-and-gpu-stats
d1d6e24587d8edc3b4d2,EPYC 7551P,Naples,32,64,2.0,3.0,SP3,14.0,64.0,180.0,2017-06-29,True,32 / 64,2 to 3 GHz,Socket SP3,14 nm,64MB,180 W,"Jun 29th, 2017",baraazaid/cpu-and-gpu-stats
ef4f3667fc871c4a7ad2,EPYC 7552,Rome,48,96,2.2,3.35,SP3,7.0,192.0,200.0,2019-08-07,True,48 / 96,2.2 to 3.35 GHz,Socket SP3,7 nm,192MB,200 W,"Aug 7th, 2019",baraazaid/cpu-and-gpu-stats
add9db812496d1b50306,EPYC 7573X,Milan-X,32,64,2.8,3.6,SP3,7.0,768.0,280.0,2022-03-22,True,32 / 64,2.8 to 3.6 GHz,Socket SP3,7 nm,768MB,280 W,"Mar 22nd, 2022",baraazaid/cpu-and-gpu-stats
13491caa0c86e6146092,EPYC 75F3,Milan,32,64,2.95,4.0,SP3,7.0,256.0,280.0,2021-03-15,True,32 / 64,2.95 to 4 GHz,Socket SP3,7 nm,256MB,280 W,"Mar 15th, 2021",baraazaid/cpu-and-gpu-stats
e70085a22fe942078dc8,EPYC 7601,Naples,32,64,2.2,3.2,SP3,14.0,64.0,180.0,2017-06-29,True,32 / 64,2.2 to 3.2 GHz,Socket SP3,14 nm,64MB,180 W,"Jun 29th, 2017",baraazaid/cpu-and-gpu-stats
13c0c5359b1cd7cf5828,EPYC 7642,Rome,48,96,2.4,3.4,SP3,7.0,256.0,225.0,2019-08-07,True,48 / 96,2.4 to 3.4 GHz,Socket SP3,7 nm,256MB,225 W,"Aug 7th, 2019",baraazaid/cpu-and-gpu-stats
7a6250054e3e7e2e4b86,EPYC 7643,Milan,48,96,2.3,3.6,SP3,7.0,256.0,225.0,2021-03-15,True,48 / 96,2.3 to 3.6 GHz,Socket SP3,7 nm,256MB,225 W,"Mar 15th, 2021",baraazaid/cpu-and-gpu-stats
60fd0a1e8177087a7472,EPYC 7663,Milan,56,112,2.0,3.5,SP3,7.0,256.0,240.0,2021-03-15,True,56 / 112,2 to 3.5 GHz,Socket SP3,7 nm,256MB,240 W,"Mar 15th, 2021",baraazaid/cpu-and-gpu-stats
bcf1e6ef785e7663a4af,EPYC 7702,Rome,64,128,2.0,3.35,SP3,7.0,256.0,200.0,2019-08-07,True,64 / 128,2 to 3.35 GHz,Socket SP3,7 nm,256MB,200 W,"Aug 7th, 2019",baraazaid/cpu-and-gpu-stats
4ee5b5310d26fbd534cf,EPYC 7702P,Rome,64,128,2.0,3.35,SP3,7.0,256.0,200.0,2019-08-07,True,64 / 128,2 to 3.35 GHz,Socket SP3,7 nm,256MB,200 W,"Aug 7th, 2019",baraazaid/cpu-and-gpu-stats
0e2da4c6f983767237a5,EPYC 7713,Milan,64,128,2.0,3.675,SP3,7.0,256.0,225.0,2021-03-15,True,64 / 128,2 to 3.675 GHz,Socket SP3,7 nm,256MB,225 W,"Mar 15th, 2021",baraazaid/cpu-and-gpu-stats
f1f18dc30ebd3a81df4f,EPYC 7713P,Milan,64,128,2.0,3.675,SP3,7.0,256.0,225.0,2021-03-15,True,64 / 128,2 to 3.675 GHz,Socket SP3,7 nm,256MB,225 W,"Mar 15th, 2021",baraazaid/cpu-and-gpu-stats
42448b60fbbfb1f49a84,EPYC 7742,Rome,64,128,2.25,3.4,SP3,7.0,256.0,225.0,2019-08-07,True,64 / 128,2.25 to 3.4 GHz,Socket SP3,7 nm,256MB,225 W,"Aug 7th, 2019",baraazaid/cpu-and-gpu-stats
e387d7f0c49c76dcb491,EPYC 7763,Milan,64,128,2.45,3.5,SP3,7.0,256.0,280.0,2021-03-15,True,64 / 128,2.45 to 3.5 GHz,Socket SP3,7 nm,256MB,280 W,"Mar 15th, 2021",baraazaid/cpu-and-gpu-stats
0ac7ac9d929eda0dc8a0,EPYC 7773X,Milan-X,64,128,2.2,3.5,SP3,7.0,768.0,280.0,2022-03-22,True,64 / 128,2.2 to 3.5 GHz,Socket SP3,7 nm,768MB,280 W,"Mar 22nd, 2022",baraazaid/cpu-and-gpu-stats
ce20d77736d2e77cb119,EPYC 7F32,,,,,,,,,,,False,,,,,,,,baraazaid/cpu-and-gpu-stats
314ef6ea9780f0087753,EPYC 7F52,Rome,16,32,3.5,3.9,SP3,7.0,256.0,155.0,2020-04-14,True,16 / 32,3.5 to 3.9 GHz,Socket SP3,7 nm,256MB,155 W,"Apr 14th, 2020",baraazaid/cpu-and-gpu-stats
de903b16b3d2facfd4ac,EPYC 7F72,Rome,24,48,3.2,3.7,SP3,7.0,192.0,240.0,2020-04-14,True,24 / 48,3.2 to 3.7 GHz,Socket SP3,7 nm,192MB,240 W,"Apr 14th, 2020",baraazaid/cpu-and-gpu-stats
21452edda30341d5b27b,EPYC 7H12,Rome,64,128,2.6,3.3,SP3,7.0,256.0,280.0,2019-09-18,True,64 / 128,2.6 to 3.3 GHz,Socket SP3,7 nm,256MB,280 W,"Sep 18th, 2019",baraazaid/cpu-and-gpu-stats
4dcab8708b2487397c84,EPYC 9124,Genoa,16,32,3.0,3.7,SP5,5.0,64.0,200.0,2022-11-10,True,16 / 32,3 to 3.7 GHz,Socket SP5,5 nm,64MB,200 W,"Nov 10th, 2022",baraazaid/cpu-and-gpu-stats
879b9966a79cfd62b37d,EPYC 9174F,Genoa,16,32,4.1,4.4,SP5,5.0,256.0,320.0,2022-11-10,True,16 / 32,4.1 to 4.4 GHz,Socket SP5,5 nm,256MB,320 W,"Nov 10th, 2022",baraazaid/cpu-and-gpu-stats
2f0210f17bb99d1404ce,EPYC 9224,Genoa,24,48,2.5,3.7,SP5,5.0,64.0,200.0,2022-11-10,True,24 / 48,2.5 to 3.7 GHz,Socket SP5,5 nm,64MB,200 W,"Nov 10th, 2022",baraazaid/cpu-and-gpu-stats
552640923125bafa1b04,EPYC 9254,Genoa,24,48,2.9,4.15,SP5,5.0,128.0,200.0,2022-11-10,True,24 / 48,2.9 to 4.15 GHz,Socket SP5,5 nm,128MB,200 W,"Nov 10th, 2022",baraazaid/cpu-and-gpu-stats
436e89119962686a0bfa,EPYC 9274F,Genoa,24,48,4.05,4.3,SP5,5.0,256.0,320.0,2022-11-10,True,24 / 48,4.05 to 4.3 GHz,Socket SP5,5 nm,256MB,320 W,"Nov 10th, 2022",baraazaid/cpu-and-gpu-stats
ac9a0e7e9878588cd7af,EPYC 9334,Genoa,32,64,2.7,3.9,SP5,5.0,128.0,210.0,2022-11-10,True,32 / 64,2.7 to 3.9 GHz,Socket SP5,5 nm,128MB,210 W,"Nov 10th, 2022",baraazaid/cpu-and-gpu-stats
f96383b8d2df8ef59e67,EPYC 9354,Genoa,32,64,3.25,3.8,SP5,5.0,256.0,280.0,2022-11-10,True,32 / 64,3.25 to 3.8 GHz,Socket SP5,5 nm,256MB,280 W,"Nov 10th, 2022",baraazaid/cpu-and-gpu-stats
1c9bec66d61f96f05e80,EPYC 9354P,Genoa,32,64,3.25,3.8,SP5,5.0,256.0,280.0,2022-11-10,True,32 / 64,3.25 to 3.8 GHz,Socket SP5,5 nm,256MB,280 W,"Nov 10th, 2022",baraazaid/cpu-and-gpu-stats
881a8050ca7aa2f8dc94,EPYC 9374F,Genoa,32,64,3.85,4.3,SP5,5.0,256.0,320.0,2022-11-10,True,32 / 64,3.85 to 4.3 GHz,Socket SP5,5 nm,256MB,320 W,"Nov 10th, 2022",baraazaid/cpu-and-gpu-stats
bcea6695a3ba25df46c2,EPYC 9454,Genoa,48,96,2.75,3.8,SP5,5.0,256.0,290.0,2022-11-10,True,48 / 96,2.75 to 3.8 GHz,Socket SP5,5 nm,256MB,290 W,"Nov 10th, 2022",baraazaid/cpu-and-gpu-stats
193c5430caffd7b382f6,EPYC 9454P,Genoa,48,96,2.75,3.8,SP5,5.0,256.0,290.0,2022-11-10,True,48 / 96,2.75 to 3.8 GHz,Socket SP5,5 nm,256MB,290 W,"Nov 10th, 2022",baraazaid/cpu-and-gpu-stats
cfda5dec015daa656ba7,EPYC 9474F,Genoa,48,96,3.6,4.1,SP5,5.0,256.0,360.0,2022-11-10,True,48 / 96,3.6 to 4.1 GHz,Socket SP5,5 nm,256MB,360 W,"Nov 10th, 2022",baraazaid/cpu-and-gpu-stats
fec2f7ce4e5706f52355,EPYC 9534,Genoa,64,128,2.45,3.7,SP5,5.0,256.0,280.0,2022-11-10,True,64 / 128,2.45 to 3.7 GHz,Socket SP5,5 nm,256MB,280 W,"Nov 10th, 2022",baraazaid/cpu-and-gpu-stats
927ac6f3d76d7f221500,EPYC 9554,Genoa,64,128,3.1,3.75,SP5,5.0,256.0,360.0,2022-11-10,True,64 / 128,3.1 to 3.75 GHz,Socket SP5,5 nm,256MB,360 W,"Nov 10th, 2022",baraazaid/cpu-and-gpu-stats
80c21d6eb44f5b9f1c12,EPYC 9554P,Genoa,64,128,3.1,3.75,SP5,5.0,256.0,360.0,2022-11-10,True,64 / 128,3.1 to 3.75 GHz,Socket SP5,5 nm,256MB,360 W,"Nov 10th, 2022",baraazaid/cpu-and-gpu-stats
836b5fe57973a5084e55,EPYC 9634,Genoa,84,168,2.25,3.7,SP5,5.0,384.0,290.0,2022-11-10,True,84 / 168,2.25 to 3.7 GHz,Socket SP5,5 nm,384MB,290 W,"Nov 10th, 2022",baraazaid/cpu-and-gpu-stats
5cce6950282c6a626185,FX-4100,Zambezi,4,,3.6,3.9,AM3+,32.0,8.0,95.0,2011-10-12,True,4,3.6 to 3.9 GHz,Socket AM3+,32 nm,8MB,95 W,"Oct 12th, 2011",baraazaid/cpu-and-gpu-stats
3d84edd2f1fa42382700,FX-4120,Zambezi,4,,3.9,4.1,AM3+,32.0,8.0,95.0,2012-10-23,True,4,3.9 to 4.1 GHz,Socket AM3+,32 nm,8MB,95 W,"Oct 23rd, 2012",baraazaid/cpu-and-gpu-stats
4724a519b5931ef028de,FX-4130,Vishera,4,,3.8,4.0,AM3+,32.0,8.0,125.0,2013-01-30,True,4,3.8 to 4 GHz,Socket AM3+,32 nm,8MB,125 W,"Jan 30th, 2013",baraazaid/cpu-and-gpu-stats
5818d0737d72cd088682,FX-4150,Zambezi,4,,3.8,4.0,AM3+,32.0,8.0,95.0,2012-10-23,True,4,3.8 to 4 GHz,Socket AM3+,32 nm,8MB,95 W,"Oct 23rd, 2012",baraazaid/cpu-and-gpu-stats
74cb7088e21528e57a3e,FX-4170,Zambezi,4,,4.2,4.3,AM3+,32.0,8.0,125.0,2012-02-27,True,4,4.2 to 4.3 GHz,Socket AM3+,32 nm,8MB,125 W,"Feb 27th, 2012",baraazaid/cpu-and-gpu-stats
45207e28408046bb323f,FX-4300,Vishera,4,,3.8,4.0,AM3+,32.0,8.0,95.0,2012-10-23,True,4,3.8 to 4 GHz,Socket AM3+,32 nm,8MB,95 W,"Oct 23rd, 2012",baraazaid/cpu-and-gpu-stats
0fbdbaf7d724238ba33e,FX-4320,Vishera,4,,4.0,4.2,AM3+,32.0,8.0,95.0,2012-10-23,True,4,4 to 4.2 GHz,Socket AM3+,32 nm,8MB,95 W,"Oct 23rd, 2012",baraazaid/cpu-and-gpu-stats
bc00cac6be890e2cc9bb,FX-4350,Vishera,4,,4.2,4.3,AM3+,32.0,8.0,125.0,2013-04-29,True,4,4.2 to 4.3 GHz,Socket AM3+,32 nm,8MB,125 W,"Apr 29th, 2013",baraazaid/cpu-and-gpu-stats
47d035442fe075d3236f,FX-6100,Zambezi,6,,3.3,3.9,AM3+,32.0,8.0,95.0,2011-10-12,True,6,3.3 to 3.9 GHz,Socket AM3+,32 nm,8MB,95 W,"Oct 12th, 2011",baraazaid/cpu-and-gpu-stats
8215fad4e0c85ae6b278,FX-6120,Zambezi,6,,3.6,4.2,AM3+,32.0,8.0,95.0,2012-10-23,True,6,3.6 to 4.2 GHz,Socket AM3+,32 nm,8MB,95 W,"Oct 23rd, 2012",baraazaid/cpu-and-gpu-stats
afe8f06815139fbef5a1,FX-6130,Zambezi,6,,3.6,3.9,AM3+,32.0,8.0,95.0,2012-10-23,True,6,3.6 to 3.9 GHz,Socket AM3+,32 nm,8MB,95 W,"Oct 23rd, 2012",baraazaid/cpu-and-gpu-stats
0270f3245d3fb729759b,FX-6200,Zambezi,6,,3.8,4.1,AM3+,32.0,8.0,125.0,2012-02-27,True,6,3.8 to 4.1 GHz,Socket AM3+,32 nm,8MB,125 W,"Feb 27th, 2012",baraazaid/cpu-and-gpu-stats
5340a6a97d7ed3d302ab,FX-6300,Vishera,6,,3.5,4.1,AM3+,32.0,8.0,95.0,2012-10-23,True,6,3.5 to 4.1 GHz,Socket AM3+,32 nm,8MB,95 W,"Oct 23rd, 2012",baraazaid/cpu-and-gpu-stats
efec6cbdebf3c4aad994,FX-6330,Vishera,6,,3.6,4.2,AM3+,32.0,8.0,125.0,2015-12-15,True,6,3.6 to 4.2 GHz,Socket AM3+,32 nm,8MB,125 W,"Dec 15th, 2015",baraazaid/cpu-and-gpu-stats
0b5ca9be5d05445f9c7f,FX-6350,Vishera,6,,3.9,4.2,AM3+,32.0,8.0,125.0,2013-04-29,True,6,3.9 to 4.2 GHz,Socket AM3+,32 nm,8MB,125 W,"Apr 29th, 2013",baraazaid/cpu-and-gpu-stats
8ecffd053c6581c0d4f8,FX-770K,,,,,,,,,,,False,,,,,,,,baraazaid/cpu-and-gpu-stats
2d0414977b3b737a8bab,FX-8100,Zambezi,8,,2.8,3.7,AM3+,32.0,8.0,95.0,2011-10-12,True,8,2.8 to 3.7 GHz,Socket AM3+,32 nm,8MB,95 W,"Oct 12th, 2011",baraazaid/cpu-and-gpu-stats
9a0e939a77d3ef3ea825,FX-8120,Zambezi,8,,3.1,4.0,AM3+,32.0,8.0,125.0,2011-10-12,True,8,3.1 to 4 GHz,Socket AM3+,32 nm,8MB,125 W,"Oct 12th, 2011",baraazaid/cpu-and-gpu-stats
be77fea2ec7c63f23b2f,FX-8140,Zambezi,8,,3.2,4.1,AM3+,32.0,8.0,95.0,2012-10-23,True,8,3.2 to 4.1 GHz,Socket AM3+,32 nm,8MB,95 W,"Oct 23rd, 2012",baraazaid/cpu-and-gpu-stats
9e1d3beed18d525040f6,FX-8150,Zambezi,8,,3.6,4.2,AM3+,32.0,8.0,125.0,2011-10-12,True,8,3.6 to 4.2 GHz,Socket AM3+,32 nm,8MB,125 W,"Oct 12th, 2011",baraazaid/cpu-and-gpu-stats
4aefc96aaf16c9a70216,FX-8170,Zambezi,8,,3.9,4.5,AM3+,32.0,8.0,125.0,2012-10-23,True,8,3.9 to 4.5 GHz,Socket AM3+,32 nm,8MB,125 W,"Oct 23rd, 2012",baraazaid/cpu-and-gpu-stats
0064380e9bd998797942,FX-8300,Vishera,8,,3.3,3.9,AM3+,32.0,8.0,95.0,2012-10-23,True,8,3.3 to 3.9 GHz,Socket AM3+,32 nm,8MB,95 W,"Oct 23rd, 2012",baraazaid/cpu-and-gpu-stats
ffded6c93e5fe43a6b10,FX-8320,Vishera,8,,3.5,4.0,AM3+,32.0,8.0,125.0,2012-10-23,True,8,3.5 to 4 GHz,Socket AM3+,32 nm,8MB,125 W,"Oct 23rd, 2012",baraazaid/cpu-and-gpu-stats
fcbc4e97217b243f6d7a,FX-8320E,,,,,,,,,,,False,,,,,,,,baraazaid/cpu-and-gpu-stats
94d8c4c040715380dd87,FX-8350,Vishera,8,,4.0,4.2,AM3+,32.0,8.0,125.0,2012-10-23,True,8,4 to 4.2 GHz,Socket AM3+,32 nm,8MB,125 W,"Oct 23rd, 2012",baraazaid/cpu-and-gpu-stats
a3e0bf4f3ffae9f1bcd0,FX-8370,,,,,,,,,,,False,,,,,,,,baraazaid/cpu-and-gpu-stats
b4b7c38dad27cfd4aab1,FX-8370E,,,,,,,,,,,False,,,,,,,,baraazaid/cpu-and-gpu-stats
b758f9b9ffb2b4534f23,FX-9370,Vishera,8,,4.4,4.7,AM3+,32.0,8.0,220.0,2013-06-11,True,8,4.4 to 4.7 GHz,Socket AM3+,32 nm,8MB,220 W,"Jun 11th, 2013",baraazaid/cpu-and-gpu-stats
d2f3f2b790ef5496d9ff,FX-9590,Vishera,8,,4.7,5.0,AM3+,32.0,8.0,220.0,2013-06-11,True,8,4.7 to 5 GHz,Socket AM3+,32 nm,8MB,220 W,"Jun 11th, 2013",baraazaid/cpu-and-gpu-stats
68bbbf8bb99ee53a3044,FirePro A300,Trinity,4,,3.4,4.0,FM2,32.0,,65.0,2012-08-07,True,4,3.4 to 4 GHz,Socket FM2,32 nm,,65 W,"Aug 7th, 2012",baraazaid/cpu-and-gpu-stats
3e4bc8e3b2f5d47df85b,FirePro A320,Trinity,4,,3.8,4.2,FM2,32.0,,100.0,2012-08-07,True,4,3.8 to 4.2 GHz,Socket FM2,32 nm,,100 W,"Aug 7th, 2012",baraazaid/cpu-and-gpu-stats
cdd22f01c9fa47852155,Mobile Athlon 64 2700+,Clawhammer,1,,1.6,1.6,754,130.0,,82.0,2004-08-01,True,1,1600 MHz,Socket 754,130 nm,,82 W,"Aug 1st, 2004",baraazaid/cpu-and-gpu-stats
32219d3361742f50677e,Mobile Athlon 64 2700+,Odessa,1,,1.6,1.6,754,130.0,,35.0,2005-08-01,True,1,1600 MHz,Socket 754,130 nm,,35 W,"Aug 1st, 2005",baraazaid/cpu-and-gpu-stats
2929af5369f108bd4c70,Mobile Athlon 64 2700+,Clawhammer,1,,1.6,1.6,754,130.0,,35.0,2005-08-01,True,1,1600 MHz,Socket 754,130 nm,,35 W,"Aug 1st, 2005",baraazaid/cpu-and-gpu-stats
df3e67a6c47cb76a33b9,Mobile Athlon 64 2800+,Clawhammer,1,,1.8,1.8,754,130.0,,82.0,2003-08-01,True,1,1800 MHz,Socket 754,130 nm,,82 W,"Aug 1st, 2003",baraazaid/cpu-and-gpu-stats
21665e054fe68c131e5d,Mobile Athlon 64 2800+,Clawhammer,1,,1.8,1.8,754,130.0,,62.0,2004-08-01,True,1,1800 MHz,Socket 754,130 nm,,62 W,"Aug 1st, 2004",baraazaid/cpu-and-gpu-stats
d72e1fd8be7438dd4582,Mobile Athlon 64 2800+,Odessa,1,,1.8,1.8,754,130.0,,82.0,2004-08-01,True,1,1800 MHz,Socket 754,130 nm,,82 W,"Aug 1st, 2004",baraazaid/cpu-and-gpu-stats
3c1d67ccdc23d30405ca,Mobile Athlon 64 2800+,Odessa,1,,1.8,1.8,754,130.0,,35.0,2004-08-01,True,1,1800 MHz,Socket 754,130 nm,,35 W,"Aug 1st, 2004",baraazaid/cpu-and-gpu-stats
5e3085a137f9acc482a5,Mobile Athlon 64 3000+,Clawhammer,1,,1.8,1.8,754,130.0,,82.0,2003-08-01,True,1,1800 MHz,Socket 754,130 nm,,82 W,"Aug 1st, 2003",baraazaid/cpu-and-gpu-stats
54d9eadd8f23f9df06a2,Mobile Athlon 64 3000+,Clawhammer,1,,1.8,1.8,754,130.0,,62.0,2004-08-01,True,1,1800 MHz,Socket 754,130 nm,,62 W,"Aug 1st, 2004",baraazaid/cpu-and-gpu-stats
840f30ea8324172d9254,Mobile Athlon 64 3000+,Odessa,1,,2.0,2.0,754,130.0,,35.0,2004-08-01,True,1,2000 MHz,Socket 754,130 nm,,35 W,"Aug 1st, 2004",baraazaid/cpu-and-gpu-stats
995ec72b2229beb3bf4a,Mobile Athlon 64 3200+,Clawhammer,1,,2.0,2.0,754,130.0,,82.0,2003-08-01,True,1,2000 MHz,Socket 754,130 nm,,82 W,"Aug 1st, 2003",baraazaid/cpu-and-gpu-stats
e73a5660cfe5038c0a5a,Mobile Athlon 64 3200+,Clawhammer,1,,2.0,2.0,754,130.0,,62.0,2004-08-01,True,1,2000 MHz,Socket 754,130 nm,,62 W,"Aug 1st, 2004",baraazaid/cpu-and-gpu-stats
aed8b3eb2ebce527329d,Mobile Athlon 64 3400+,Clawhammer,1,,2.2,2.2,754,130.0,,62.0,2005-08-01,True,1,2.2 GHz,Socket 754,130 nm,,62 W,"Aug 1st, 2005",baraazaid/cpu-and-gpu-stats
c8b905d92352cf81b2fc,Mobile Athlon 64 3400+,Clawhammer,1,,2.2,2.2,754,130.0,,82.0,2005-08-01,True,1,2.2 GHz,Socket 754,130 nm,,82 W,"Aug 1st, 2005",baraazaid/cpu-and-gpu-stats
00bda88d130ee8538bc5,Mobile Athlon 64 3700+,Clawhammer,1,,2.4,2.4,754,130.0,,82.0,2005-08-01,True,1,2.4 GHz,Socket 754,130 nm,,82 W,"Aug 1st, 2005",baraazaid/cpu-and-gpu-stats
8f70b604f03151064f98,Mobile Pentium 4 2.40,Northwood,1,2,2.4,2.4,478,130.0,,60.0,2003-06-11,True,1 / 2,2.4 GHz,Socket 478,130 nm,,60 W,"Jun 11th, 2003",baraazaid/cpu-and-gpu-stats
27b7b5e793e30329663b,Mobile Pentium 4 2.66,Northwood,1,2,2.667,2.667,478,130.0,,66.0,2003-06-11,True,1 / 2,2.667 GHz,Socket 478,130 nm,,66 W,"Jun 11th, 2003",baraazaid/cpu-and-gpu-stats
a7542720fe7f450ae8c2,Mobile Pentium 4 2.80,Northwood,1,2,2.8,2.8,478,130.0,,68.0,2003-06-11,True,1 / 2,2.8 GHz,Socket 478,130 nm,,68 W,"Jun 11th, 2003",baraazaid/cpu-and-gpu-stats
a153d4ce3d76cee65cb3,Mobile Pentium 4 3.06,Northwood,1,2,3.067,3.067,478,130.0,,70.0,2003-06-11,True,1 / 2,3.067 GHz,Socket 478,130 nm,,70 W,"Jun 11th, 2003",baraazaid/cpu-and-gpu-stats
401e12efffce5e5d4d30,Mobile Pentium 4 HT 2.66,Northwood,1,2,2.667,2.667,478,130.0,,66.0,2003-09-23,True,1 / 2,2.667 GHz,Socket 478,130 nm,,66 W,"Sep 23rd, 2003",baraazaid/cpu-and-gpu-stats
7a6832cfd8689536f6c4,Mobile Pentium 4 HT 2.80,Northwood,1,2,2.8,2.8,478,130.0,,68.0,2003-09-23,True,1 / 2,2.8 GHz,Socket 478,130 nm,,68 W,"Sep 23rd, 2003",baraazaid/cpu-and-gpu-stats
f85415c7e25232d19e0d,Mobile Pentium 4 HT 3.06,Northwood,1,2,3.067,3.067,478,130.0,,70.0,2003-09-23,True,1 / 2,3.067 GHz,Socket 478,130 nm,,70 W,"Sep 23rd, 2003",baraazaid/cpu-and-gpu-stats
09a4e403266dc1bf6c9a,Mobile Pentium 4 HT 3.20,Northwood,1,2,3.2,3.2,478,130.0,,76.0,2003-09-23,True,1 / 2,3.2 GHz,Socket 478,130 nm,,76 W,"Sep 23rd, 2003",baraazaid/cpu-and-gpu-stats
b16f89a5202791f4ff73,Mobile Pentium 4 HT 518,Prescott,1,2,2.8,2.8,478,90.0,,88.0,2004-06-01,True,1 / 2,2.8 GHz,Socket 478,90 nm,,88 W,"Jun 1st, 2004",baraazaid/cpu-and-gpu-stats
4597b8d000f7f4dbc7ce,Mobile Pentium 4 HT 532,Prescott,1,2,3.067,3.067,478,90.0,,88.0,2004-06-01,True,1 / 2,3.067 GHz,Socket 478,90 nm,,88 W,"Jun 1st, 2004",baraazaid/cpu-and-gpu-stats
db0fa12a3e3705ec1b51,Mobile Pentium 4 HT 538,Prescott,1,2,3.2,3.2,478,90.0,,88.0,2004-06-01,True,1 / 2,3.2 GHz,Socket 478,90 nm,,88 W,"Jun 1st, 2004",baraazaid/cpu-and-gpu-stats
8e945bbe2b54c29749a2,Mobile Pentium 4 HT 548,Prescott,1,2,3.334,3.334,478,90.0,,88.0,2004-09-28,True,1 / 2,3.334 GHz,Socket 478,90 nm,,88 W,"Sep 28th, 2004",baraazaid/cpu-and-gpu-stats
7407b892c9c8eb9bfd6e,Nano L2100,CNA,1,,1.8,1.8,VIA NANOBGA2,65.0,,25.0,2008-05-29,True,1,1800 MHz,VIA nanoBGA2,65 nm,,25 W,"May 29th, 2008",baraazaid/cpu-and-gpu-stats
11076ae9b374e7258dbc,Nano L2200,CNA,1,,1.6,1.6,VIA NANOBGA2,65.0,,17.0,2008-05-29,True,1,1600 MHz,VIA nanoBGA2,65 nm,,17 W,"May 29th, 2008",baraazaid/cpu-and-gpu-stats
d6f8ab9517b53b6a2722,Nano QuadCore C4650,,,,,,,,,,,False,,,,,,,,baraazaid/cpu-and-gpu-stats
593b2a9c8d80c958f5b8,Nano QuadCore C4650 ES,,,,,,,,,,,False,,,,,,,,baraazaid/cpu-and-gpu-stats
46b0cff046a89186b385,Nano QuadCore C4700,,,,,,,,,,,False,,,,,,,,baraazaid/cpu-and-gpu-stats
ed238b000bcb4cb868ee,Nano QuadCore L4700,CNQ,4,,1.2,1.466,VIA NANOBGA2,40.0,,28.0,2011-05-12,True,4,1200 to 1466 MHz,VIA nanoBGA2,40 nm,,28 W,"May 12th, 2011",baraazaid/cpu-and-gpu-stats
b9ede6882ad8bbaeab67,Nano QuadCore L4800,CNQ,4,,1.466,1.6,VIA NANOBGA2,40.0,,28.0,2011-05-12,True,4,1466 to 1600 MHz,VIA nanoBGA2,40 nm,,28 W,"May 12th, 2011",baraazaid/cpu-and-gpu-stats
0164d304d52db0e75922,Nano U2225,CNA,1,,1.3,1.3,VIA NANOBGA2,65.0,,10.0,2011-01-01,True,1,1300 MHz,VIA nanoBGA2,65 nm,,10 W,Jan 2011,baraazaid/cpu-and-gpu-stats
557ef250dfbcafaec61b,Nano U2250,CNA,1,,1.3,1.6,VIA NANOBGA2,65.0,,10.0,2011-01-01,True,1,1300 to 1600 MHz,VIA nanoBGA2,65 nm,,10 W,Jan 2011,baraazaid/cpu-and-gpu-stats
b126ebc68e21bebb891b,Nano U2300,CNA,1,,1.0,1.0,VIA NANOBGA2,65.0,,5.0,2008-05-29,True,1,1000 MHz,VIA nanoBGA2,65 nm,,5 W,"May 29th, 2008",baraazaid/cpu-and-gpu-stats
bcc22584b4f0ea4fbced,Nano U2350,CNA,1,,1.3,1.3,VIA NANOBGA2,65.0,,8.0,2008-05-29,True,1,1300 MHz,VIA nanoBGA2,65 nm,,8 W,"May 29th, 2008",baraazaid/cpu-and-gpu-stats
461f4c1f7fad2e8b806f,Nano U2400,CNA,1,,1.3,1.4000000000000001,VIA NANOBGA2,65.0,,8.0,2008-05-29,True,1,1300 to 1400 MHz,VIA nanoBGA2,65 nm,,8 W,"May 29th, 2008",baraazaid/cpu-and-gpu-stats
e99300863245d93d562f,Nano U2500,CNA,1,,1.2,1.2,VIA NANOBGA2,65.0,,7.0,2008-05-29,True,1,1200 MHz,VIA nanoBGA2,65 nm,,7 W,"May 29th, 2008",baraazaid/cpu-and-gpu-stats
133393f8c1423330f8df,Nano X2 U4300,CNC,2,,1.2,1.467,VIA NANOBGA2,40.0,,13.0,2011-01-01,True,2,1200 to 1467 MHz,VIA nanoBGA2,40 nm,,13 W,Jan 2011,baraazaid/cpu-and-gpu-stats
68d1e694ebbe6fdf450e,Opteron 140,SledgeHammer,1,,1.4000000000000001,1.4000000000000001,940,130.0,,85.0,2003-06-30,True,1,1400 MHz,Socket 940,130 nm,,85 W,"Jun 30th, 2003",baraazaid/cpu-and-gpu-stats
8243507b6670d87aac4f,Opteron 140,SledgeHammer,1,,1.4000000000000001,1.4000000000000001,940,130.0,,82.0,2003-09-09,True,1,1400 MHz,Socket 940,130 nm,,82 W,"Sep 9th, 2003",baraazaid/cpu-and-gpu-stats
141ba21bd1d9a9f2d4a5,Opteron 140,SledgeHammer,1,,1.4000000000000001,1.4000000000000001,940,130.0,,82.0,2004-05-18,True,1,1400 MHz,Socket 940,130 nm,,82 W,"May 18th, 2004",baraazaid/cpu-and-gpu-stats
ac0740fe585c6c902158,Opteron 142,SledgeHammer,1,,1.6,1.6,940,130.0,,85.0,2003-06-30,True,1,1600 MHz,Socket 940,130 nm,,85 W,"Jun 30th, 2003",baraazaid/cpu-and-gpu-stats
a90640fe06c8f0deb977,Opteron 142,SledgeHammer,1,,1.6,1.6,940,130.0,,82.0,2003-09-09,True,1,1600 MHz,Socket 940,130 nm,,82 W,"Sep 9th, 2003",baraazaid/cpu-and-gpu-stats
b7b22be38303757b5891,Opteron 144,SledgeHammer,1,,1.8,1.8,940,130.0,,85.0,2003-06-30,True,1,1800 MHz,Socket 940,130 nm,,85 W,"Jun 30th, 2003",baraazaid/cpu-and-gpu-stats
e0477609819f3768b358,Opteron 144,SledgeHammer,1,,1.8,1.8,940,130.0,,82.0,2003-09-09,True,1,1800 MHz,Socket 940,130 nm,,82 W,"Sep 9th, 2003",baraazaid/cpu-and-gpu-stats
2aad8eb3607130e55968,Opteron 144,Venus,1,,1.8,1.8,939,90.0,,67.0,2005-08-02,True,1,1800 MHz,Socket 939,90 nm,,67 W,"Aug 2nd, 2005",baraazaid/cpu-and-gpu-stats
25bd505258441feef4f5,Opteron 146,SledgeHammer,1,,2.0,2.0,940,130.0,,89.0,2003-09-09,True,1,2000 MHz,Socket 940,130 nm,,89 W,"Sep 9th, 2003",baraazaid/cpu-and-gpu-stats
319a44a4f69dc159c6db,Opteron 146,Venus,1,,2.0,2.0,939,90.0,,67.0,2005-08-02,True,1,2000 MHz,Socket 939,90 nm,,67 W,"Aug 2nd, 2005",baraazaid/cpu-and-gpu-stats
50d5996d9be93cc4c6e1,Opteron 148,SledgeHammer,1,,2.2,2.2,940,130.0,,89.0,2003-11-17,True,1,2.2 GHz,Socket 940,130 nm,,89 W,"Nov 17th, 2003",baraazaid/cpu-and-gpu-stats
79463f8e9d4c585cf929,Opteron 148,Venus,1,,2.2,2.2,939,90.0,,85.0,2005-08-02,True,1,2.2 GHz,Socket 939,90 nm,,85 W,"Aug 2nd, 2005",baraazaid/cpu-and-gpu-stats
6421504f4812d40e985c,Opteron 148 HE,Venus,1,,2.2,2.2,940,90.0,,55.0,2004-12-01,True,1,2.2 GHz,Socket 940,90 nm,,55 W,"Dec 1st, 2004",baraazaid/cpu-and-gpu-stats
85e2b72021d2d977eb32,Opteron 150,Venus,1,,2.4,2.4,939,90.0,,85.0,2005-08-02,True,1,2.4 GHz,Socket 939,90 nm,,85 W,"Aug 2nd, 2005",baraazaid/cpu-and-gpu-stats
951a184caccf52cfd803,Opteron 152,Venus,1,,2.6,2.6,939,90.0,,104.0,2005-08-02,True,1,2.6 GHz,Socket 939,90 nm,,104 W,"Aug 2nd, 2005",baraazaid/cpu-and-gpu-stats
8f8e2a213fb758969c3c,Opteron 154,Venus,1,,2.8,2.8,939,90.0,,104.0,2005-08-02,True,1,2.8 GHz,Socket 939,90 nm,,104 W,"Aug 2nd, 2005",baraazaid/cpu-and-gpu-stats
3169f83f2fedad08acd8,Opteron 156,Venus,1,,3.0,3.0,939,90.0,,104.0,2005-05-01,True,1,3 GHz,Socket 939,90 nm,,104 W,"May 1st, 2005",baraazaid/cpu-and-gpu-stats
f0cb875b87dc61adc7e6,Opteron 2350 HE,Barcelona,4,,2.0,2.0,FR2,65.0,2.0,79.0,2008-10-01,True,4,2000 MHz,Socket Fr2,65 nm,2MB,79 W,"Oct 1st, 2008",baraazaid/cpu-and-gpu-stats
3657ed2ee067554f6cf2,Opteron 240,SledgeHammer,1,,1.4000000000000001,1.4000000000000001,940,130.0,,85.0,2003-04-22,True,1,1400 MHz,Socket 940,130 nm,,85 W,"Apr 22nd, 2003",baraazaid/cpu-and-gpu-stats
63bfe497a42310ef929b,Opteron 240,SledgeHammer,1,,1.4000000000000001,1.4000000000000001,940,130.0,,82.0,2003-08-05,True,1,1400 MHz,Socket 940,130 nm,,82 W,"Aug 5th, 2003",baraazaid/cpu-and-gpu-stats
1f8ec05865526ad07e47,Opteron 242,SledgeHammer,1,,1.6,1.6,940,130.0,,85.0,2003-04-22,True,1,1600 MHz,Socket 940,130 nm,,85 W,"Apr 22nd, 2003",baraazaid/cpu-and-gpu-stats
eea4dc536139acaa2216,Opteron 242,SledgeHammer,1,,1.6,1.6,940,130.0,,82.0,2003-08-05,True,1,1600 MHz,Socket 940,130 nm,,82 W,"Aug 5th, 2003",baraazaid/cpu-and-gpu-stats
4e2eb632e0a71c61baa4,Opteron 242,Troy,1,,1.6,1.6,940,90.0,,85.0,2004-12-01,True,1,1600 MHz,Socket 940,90 nm,,85 W,"Dec 1st, 2004",baraazaid/cpu-and-gpu-stats
5377671f70a38a5b483b,Opteron 244,SledgeHammer,1,,1.8,1.8,940,130.0,,85.0,2003-04-22,True,1,1800 MHz,Socket 940,130 nm,,85 W,"Apr 22nd, 2003",baraazaid/cpu-and-gpu-stats
3e0bd17ce7e7c51edd69,Opteron 244,SledgeHammer,1,,1.8,1.8,940,130.0,,82.0,2003-08-05,True,1,1800 MHz,Socket 940,130 nm,,82 W,"Aug 5th, 2003",baraazaid/cpu-and-gpu-stats
b237c53062a3557a5e9d,Opteron 244,Troy,1,,1.8,1.8,940,90.0,,85.0,2004-12-01,True,1,1800 MHz,Socket 940,90 nm,,85 W,"Dec 1st, 2004",baraazaid/cpu-and-gpu-stats
2e317ab1cba5b7242d02,Opteron 246,SledgeHammer,1,,2.0,2.0,940,130.0,,89.0,2003-08-05,True,1,2000 MHz,Socket 940,130 nm,,89 W,"Aug 5th, 2003",baraazaid/cpu-and-gpu-stats
67041ae5421a6f1dcba7,Opteron 246,Troy,1,,2.0,2.0,940,90.0,,85.0,2004-12-01,True,1,2000 MHz,Socket 940,90 nm,,85 W,"Dec 1st, 2004",baraazaid/cpu-and-gpu-stats
4745e452d79a06484e8c,Opteron 246 HE,Troy,1,,2.0,2.0,940,90.0,,55.0,2005-03-01,True,1,2000 MHz,Socket 940,90 nm,,55 W,"Mar 1st, 2005",baraazaid/cpu-and-gpu-stats
df257eeb4c74cda8dadd,Opteron 248,SledgeHammer,1,,2.2,2.2,940,130.0,,89.0,2003-11-17,True,1,2.2 GHz,Socket 940,130 nm,,89 W,"Nov 17th, 2003",baraazaid/cpu-and-gpu-stats
05868d07700fcec81d12,Opteron 248,Troy,1,,2.2,2.2,940,90.0,,85.0,2004-12-01,True,1,2.2 GHz,Socket 940,90 nm,,85 W,"Dec 1st, 2004",baraazaid/cpu-and-gpu-stats
65a1f55163c0c6379d59,Opteron 248 HE,Troy,1,,2.2,2.2,940,90.0,,55.0,2005-03-01,True,1,2.2 GHz,Socket 940,90 nm,,55 W,"Mar 1st, 2005",baraazaid/cpu-and-gpu-stats
3e3dddb8ff1adfee1af7,Opteron 250,Troy,1,,2.4,2.4,940,90.0,,85.0,2004-12-01,True,1,2.4 GHz,Socket 940,90 nm,,85 W,"Dec 1st, 2004",baraazaid/cpu-and-gpu-stats
526660ba2a2d944b9052,Opteron 250 HE,Troy,1,,2.4,2.4,940,90.0,,55.0,2005-03-01,True,1,2.4 GHz,Socket 940,90 nm,,55 W,"Mar 1st, 2005",baraazaid/cpu-and-gpu-stats
4bda4016878618391c31,Opteron 254,Troy,1,,2.8,2.8,940,90.0,,92.0,2005-08-01,True,1,2.8 GHz,Socket 940,90 nm,,92 W,"Aug 1st, 2005",baraazaid/cpu-and-gpu-stats
b65cde9deb17dfb3ce02,Opteron 3320 EE,Delhi,4,,1.9,2.5,AM3+,32.0,8.0,25.0,2012-12-04,True,4,1.9 to 2.5 GHz,Socket AM3+,32 nm,8MB,25 W,"Dec 4th, 2012",baraazaid/cpu-and-gpu-stats
053a98c85cf41eeec7c4,Opteron 3350 HE,Delhi,4,,2.8,3.8,AM3+,32.0,8.0,45.0,2012-12-04,True,4,2.8 to 3.8 GHz,Socket AM3+,32 nm,8MB,45 W,"Dec 4th, 2012",baraazaid/cpu-and-gpu-stats
fa3ccc0ab6aa8855b1a1,Opteron 3380,Delhi,8,,2.6,3.6,AM3+,32.0,8.0,65.0,2012-12-04,True,8,2.6 to 3.6 GHz,Socket AM3+,32 nm,8MB,65 W,"Dec 4th, 2012",baraazaid/cpu-and-gpu-stats
9ae7273ea40610ed5f20,Opteron 4310 EE,Seoul,4,,2.2,3.0,C32,32.0,8.0,35.0,2012-12-04,True,4,2.2 to 3 GHz,Socket C32,32 nm,8MB,35 W,"Dec 4th, 2012",baraazaid/cpu-and-gpu-stats
2ed46ca399a26e2ba8e9,Opteron 4332 HE,Seoul,6,,3.0,3.7,C32,32.0,8.0,65.0,2012-12-04,True,6,3 to 3.7 GHz,Socket C32,32 nm,8MB,65 W,"Dec 4th, 2012",baraazaid/cpu-and-gpu-stats
12bf495a9980cbd33d3b,Opteron 4334,Seoul,6,,3.1,3.5,C32,32.0,8.0,95.0,2012-12-04,True,6,3.1 to 3.5 GHz,Socket C32,32 nm,8MB,95 W,"Dec 4th, 2012",baraazaid/cpu-and-gpu-stats
f2bff4f0b70a80b0742c,Opteron 4340,Seoul,6,,3.5,3.8,C32,32.0,8.0,95.0,2012-12-04,True,6,3.5 to 3.8 GHz,Socket C32,32 nm,8MB,95 W,"Dec 4th, 2012",baraazaid/cpu-and-gpu-stats
d057cf2dfef54be66a33,Opteron 4376 HE,Seoul,8,,2.6,3.6,C32,32.0,8.0,65.0,2012-12-04,True,8,2.6 to 3.6 GHz,Socket C32,32 nm,8MB,65 W,"Dec 4th, 2012",baraazaid/cpu-and-gpu-stats
10b070128dc8eec909fb,Opteron 4386,Seoul,8,,3.1,3.8,C32,32.0,8.0,95.0,2012-12-04,True,8,3.1 to 3.8 GHz,Socket C32,32 nm,8MB,95 W,"Dec 4th, 2012",baraazaid/cpu-and-gpu-stats
72c2a643327ab10535d2,Opteron 43CX EE,Seoul,4,,2.2,3.0,C32,32.0,8.0,35.0,2012-12-04,True,4,2.2 to 3 GHz,Socket C32,32 nm,8MB,35 W,"Dec 4th, 2012",baraazaid/cpu-and-gpu-stats
358082876a9ac16ede8d,Opteron 43GK HE,Seoul,8,,2.6,3.6,C32,32.0,8.0,65.0,2012-12-04,True,8,2.6 to 3.6 GHz,Socket C32,32 nm,8MB,65 W,"Dec 4th, 2012",baraazaid/cpu-and-gpu-stats
3166a9901a37b0b03f39,Opteron 6168,Magny-Cours,12,,1.9000000000000001,1.9000000000000001,G34,45.0,12.0,115.0,2010-03-29,True,12,1900 MHz,Socket G34,45 nm,12MB,115 W,"Mar 29th, 2010",baraazaid/cpu-and-gpu-stats
119882c355aa3deb3213,Opteron 6180 SE,Magny-Cours,12,,2.5,2.5,G34,45.0,12.0,140.0,2011-02-14,True,12,2.5 GHz,Socket G34,45 nm,12MB,140 W,"Feb 14th, 2011",baraazaid/cpu-and-gpu-stats
6567467d123a3a544b94,Opteron 6262 HE,Interlagos,16,,1.6,2.9,G34,32.0,16.0,85.0,2011-11-14,True,16,1.6 to 2.9 GHz,Socket G34,32 nm,16MB,85 W,"Nov 14th, 2011",baraazaid/cpu-and-gpu-stats
f0729e0b488b12df85b3,Opteron 6272,Interlagos,16,,2.1,3.0,G34,32.0,16.0,115.0,2011-11-14,True,16,2.1 to 3 GHz,Socket G34,32 nm,16MB,115 W,"Nov 14th, 2011",baraazaid/cpu-and-gpu-stats
425bf48161718284f4c8,Opteron 6274,Interlagos,16,,2.2,3.1,G34,32.0,16.0,115.0,2011-11-14,True,16,2.2 to 3.1 GHz,Socket G34,32 nm,16MB,115 W,"Nov 14th, 2011",baraazaid/cpu-and-gpu-stats
1e9beeb0285ce6ffa7ee,Opteron 6276,Interlagos,16,,2.3,3.2,G34,32.0,8.0,115.0,2011-11-14,True,16,2.3 to 3.2 GHz,Socket G34,32 nm,8MB,115 W,"Nov 14th, 2011",baraazaid/cpu-and-gpu-stats
8c2295d29f8f4e3c9c1c,Opteron 6278,Interlagos,16,,2.4,3.3,G34,32.0,8.0,115.0,2012-05-01,True,16,2.4 to 3.3 GHz,Socket G34,32 nm,8MB,115 W,"May 1st, 2012",baraazaid/cpu-and-gpu-stats
970155a9687fb641003e,Opteron 6282 SE,Interlagos,16,,2.6,3.3,G34,32.0,8.0,140.0,2011-11-14,True,16,2.6 to 3.3 GHz,Socket G34,32 nm,8MB,140 W,"Nov 14th, 2011",baraazaid/cpu-and-gpu-stats
5a428704c780a689c7f1,Opteron 6284 SE,Interlagos,16,,2.7,3.4,G34,32.0,8.0,140.0,2012-05-01,True,16,2.7 to 3.4 GHz,Socket G34,32 nm,8MB,140 W,"May 1st, 2012",baraazaid/cpu-and-gpu-stats
2b7b021fc078cfe1fbcd,Opteron 6348,Abu Dhabi,12,,2.8,3.4,G34,32.0,8.0,115.0,2012-11-05,True,12,2.8 to 3.4 GHz,Socket G34,32 nm,8MB,115 W,"Nov 5th, 2012",baraazaid/cpu-and-gpu-stats
c9fcef5c83db16dc14b9,Opteron 6366 HE,Abu Dhabi,16,,1.8,3.1,G34,32.0,8.0,85.0,2012-11-05,True,16,1.8 to 3.1 GHz,Socket G34,32 nm,8MB,85 W,"Nov 5th, 2012",baraazaid/cpu-and-gpu-stats
2be525b50e187babb096,Opteron 6376,Abu Dhabi,16,,2.3,3.2,G34,32.0,8.0,115.0,2012-11-05,True,16,2.3 to 3.2 GHz,Socket G34,32 nm,8MB,115 W,"Nov 5th, 2012",baraazaid/cpu-and-gpu-stats
15d88af279f2ebaae100,Opteron 6378,Abu Dhabi,16,,2.4,3.3,G34,32.0,8.0,115.0,2012-11-05,True,16,2.4 to 3.3 GHz,Socket G34,32 nm,8MB,115 W,"Nov 5th, 2012",baraazaid/cpu-and-gpu-stats
97908da21bc48aa0be6e,Opteron 6380,Abu Dhabi,16,,2.5,3.4,G34,32.0,8.0,115.0,2012-11-05,True,16,2.5 to 3.4 GHz,Socket G34,32 nm,8MB,115 W,"Nov 5th, 2012",baraazaid/cpu-and-gpu-stats
8df33703a87accc47e3c,Opteron 6386 SE,Abu Dhabi,16,,2.8,3.5,G34,32.0,8.0,140.0,2012-11-05,True,16,2.8 to 3.5 GHz,Socket G34,32 nm,8MB,140 W,"Nov 5th, 2012",baraazaid/cpu-and-gpu-stats
850364daf145b07f41c2,Opteron 840,SledgeHammer,1,,1.4000000000000001,1.4000000000000001,940,130.0,,85.0,2003-06-30,True,1,1400 MHz,Socket 940,130 nm,,85 W,"Jun 30th, 2003",baraazaid/cpu-and-gpu-stats
28a9040193adb7a9582e,Opteron 840,SledgeHammer,1,,1.4000000000000001,1.4000000000000001,940,130.0,,82.0,2003-09-09,True,1,1400 MHz,Socket 940,130 nm,,82 W,"Sep 9th, 2003",baraazaid/cpu-and-gpu-stats
0ab5a4618e8ac1be5f67,Opteron 842,SledgeHammer,1,,1.6,1.6,940,130.0,,85.0,2003-06-30,True,1,1600 MHz,Socket 940,130 nm,,85 W,"Jun 30th, 2003",baraazaid/cpu-and-gpu-stats
af4c1d77cb8c9410749b,Opteron 842,SledgeHammer,1,,1.6,1.6,940,130.0,,82.0,2003-09-09,True,1,1600 MHz,Socket 940,130 nm,,82 W,"Sep 9th, 2003",baraazaid/cpu-and-gpu-stats
76ba349e4b609dfd1801,Opteron 842,Athens,1,,1.6,1.6,940,90.0,,85.0,2004-12-01,True,1,1600 MHz,Socket 940,90 nm,,85 W,"Dec 1st, 2004",baraazaid/cpu-and-gpu-stats
b6ed0b9aa0e7c4cce6fd,Opteron 844,SledgeHammer,1,,1.8,1.8,940,130.0,,85.0,2003-06-30,True,1,1800 MHz,Socket 940,130 nm,,85 W,"Jun 30th, 2003",baraazaid/cpu-and-gpu-stats
6566073d7df1d93a45a8,Opteron 844,SledgeHammer,1,,1.8,1.8,940,130.0,,82.0,2003-09-09,True,1,1800 MHz,Socket 940,130 nm,,82 W,"Sep 9th, 2003",baraazaid/cpu-and-gpu-stats
c21e449e49d31e2a51bc,Opteron 844,Athens,1,,1.8,1.8,940,90.0,,85.0,2004-12-01,True,1,1800 MHz,Socket 940,90 nm,,85 W,"Dec 1st, 2004",baraazaid/cpu-and-gpu-stats
71eecc20d7cee1a3c409,Opteron 846,SledgeHammer,1,,2.0,2.0,940,130.0,,89.0,2003-09-09,True,1,2000 MHz,Socket 940,130 nm,,89 W,"Sep 9th, 2003",baraazaid/cpu-and-gpu-stats
a73f4bdfefde84f30f36,Opteron 846,Athens,1,,2.0,2.0,940,90.0,,85.0,2004-12-01,True,1,2000 MHz,Socket 940,90 nm,,85 W,"Dec 1st, 2004",baraazaid/cpu-and-gpu-stats
c475669a53db9438e1df,Opteron 846 HE,Athens,1,,2.0,2.0,940,90.0,,55.0,2005-03-01,True,1,2000 MHz,Socket 940,90 nm,,55 W,"Mar 1st, 2005",baraazaid/cpu-and-gpu-stats
e5e596e6a734a7ba39e3,Opteron 848,SledgeHammer,1,,2.2,2.2,940,130.0,,89.0,2003-11-17,True,1,2.2 GHz,Socket 940,130 nm,,89 W,"Nov 17th, 2003",baraazaid/cpu-and-gpu-stats
7f57dd587fde590c1edf,Opteron 848,Athens,1,,2.2,2.2,940,90.0,,85.0,2004-12-01,True,1,2.2 GHz,Socket 940,90 nm,,85 W,"Dec 1st, 2004",baraazaid/cpu-and-gpu-stats
e0615a7c34bb386c0af9,Opteron 848 HE,Athens,1,,2.2,2.2,940,90.0,,55.0,2005-03-01,True,1,2.2 GHz,Socket 940,90 nm,,55 W,"Mar 1st, 2005",baraazaid/cpu-and-gpu-stats
0e7afe8035ae98006203,Opteron 850,Athens,1,,2.4,2.4,940,90.0,,85.0,2004-12-01,True,1,2.4 GHz,Socket 940,90 nm,,85 W,"Dec 1st, 2004",baraazaid/cpu-and-gpu-stats
90c70d976efc9d0190b5,Opteron 850 HE,Athens,1,,2.4,2.4,940,90.0,,55.0,2005-03-01,True,1,2.4 GHz,Socket 940,90 nm,,55 W,"Mar 1st, 2005",baraazaid/cpu-and-gpu-stats
961a312d6a2419f53df8,Opteron 854,Athens,1,,2.8,2.8,940,90.0,,92.0,2005-08-01,True,1,2.8 GHz,Socket 940,90 nm,,92 W,"Aug 1st, 2005",baraazaid/cpu-and-gpu-stats
62fdc1fee39269aa42f1,Opteron 856,Athens,1,,3.0,3.0,940,90.0,,92.0,2006-04-01,True,1,3 GHz,Socket 940,90 nm,,92 W,"Apr 1st, 2006",baraazaid/cpu-and-gpu-stats
4683a713247772d53128,Opteron A1120,Seattle,4,,1.7,1.7,SP1,28.0,8.0,25.0,2016-01-14,True,4,1700 MHz,Socket SP1,28 nm,8MB,25 W,"Jan 14th, 2016",baraazaid/cpu-and-gpu-stats
be29eb310563196373d7,Opteron A1150,Seattle,8,,1.7,1.7,SP1,28.0,8.0,32.0,2016-01-14,True,8,1700 MHz,Socket SP1,28 nm,8MB,32 W,"Jan 14th, 2016",baraazaid/cpu-and-gpu-stats
42cdaff9150c71c76246,Opteron A1170,Seattle,8,,2.0,2.0,SP1,28.0,8.0,32.0,2016-01-14,True,8,2000 MHz,Socket SP1,28 nm,8MB,32 W,"Jan 14th, 2016",baraazaid/cpu-and-gpu-stats
c3b695461ad6b2fd17de,Opteron X1150,Kyoto,4,,2.0,2.0,FT3,28.0,,17.0,2013-05-29,True,4,2000 MHz,Socket FT3,28 nm,,17 W,"May 29th, 2013",baraazaid/cpu-and-gpu-stats
130d00660c1b9e1a2b95,Opteron X2 165,Denmark,2,,1.8,1.8,939,90.0,,110.0,2005-08-02,True,2,1800 MHz,Socket 939,90 nm,,110 W,"Aug 2nd, 2005",baraazaid/cpu-and-gpu-stats
85f63829c6c0aa9d6acb,Opteron X2 170,Denmark,2,,2.0,2.0,939,90.0,,110.0,2005-08-02,True,2,2000 MHz,Socket 939,90 nm,,110 W,"Aug 2nd, 2005",baraazaid/cpu-and-gpu-stats
42d4982b5aa022027d0b,Opteron X2 175,Denmark,2,,2.2,2.2,939,90.0,,110.0,2005-08-02,True,2,2.2 GHz,Socket 939,90 nm,,110 W,"Aug 2nd, 2005",baraazaid/cpu-and-gpu-stats
dfcc4cdb2b4f57552a4f,Opteron X2 180,Denmark,2,,2.4,2.4,939,90.0,,110.0,2005-09-26,True,2,2.4 GHz,Socket 939,90 nm,,110 W,"Sep 26th, 2005",baraazaid/cpu-and-gpu-stats
70153d22286290f191fe,Opteron X2 185,Denmark,2,,2.6,2.6,939,90.0,,110.0,2006-03-06,True,2,2.6 GHz,Socket 939,90 nm,,110 W,"Mar 6th, 2006",baraazaid/cpu-and-gpu-stats
1098f544956b367e6082,Opteron X2 260 HE,Italy,2,,1.6,1.6,940,90.0,,55.0,2005-08-01,True,2,1600 MHz,Socket 940,90 nm,,55 W,"Aug 1st, 2005",baraazaid/cpu-and-gpu-stats
b0497bb4b8ca3fb5c703,Opteron X2 265,Italy,2,,1.8,1.8,940,90.0,,95.0,2005-05-31,True,2,1800 MHz,Socket 940,90 nm,,95 W,"May 31st, 2005",baraazaid/cpu-and-gpu-stats
0e34f651eccb1d112e98,Opteron X2 265 HE,Italy,2,,1.8,1.8,940,90.0,,55.0,2005-08-01,True,2,1800 MHz,Socket 940,90 nm,,55 W,"Aug 1st, 2005",baraazaid/cpu-and-gpu-stats
0c17facf5a3325a7b703,Opteron X2 270,Italy,2,,2.0,2.0,940,90.0,,95.0,2005-05-31,True,2,2000 MHz,Socket 940,90 nm,,95 W,"May 31st, 2005",baraazaid/cpu-and-gpu-stats
ee03f23ece7801d806f8,Opteron X2 270 HE,Italy,2,,2.0,2.0,940,90.0,,55.0,2005-12-01,True,2,2000 MHz,Socket 940,90 nm,,55 W,"Dec 1st, 2005",baraazaid/cpu-and-gpu-stats
f0b4d9490783c1d307b6,Opteron X2 275,Italy,2,,2.2,2.2,940,90.0,,95.0,2005-05-31,True,2,2.2 GHz,Socket 940,90 nm,,95 W,"May 31st, 2005",baraazaid/cpu-and-gpu-stats
e77fef73b6bf39792470,Opteron X2 275 HE,Italy,2,,2.2,2.2,940,90.0,,55.0,2006-02-01,True,2,2.2 GHz,Socket 940,90 nm,,55 W,"Feb 1st, 2006",baraazaid/cpu-and-gpu-stats
017c4d1eb9dd4c3609f1,Opteron X2 280,Italy,2,,2.4,2.4,940,90.0,,95.0,2005-09-26,True,2,2.4 GHz,Socket 940,90 nm,,95 W,"Sep 26th, 2005",baraazaid/cpu-and-gpu-stats
0fb51033e2a74ff62b4c,Opteron X2 285,Italy,2,,2.6,2.6,940,90.0,,95.0,2006-03-06,True,2,2.6 GHz,Socket 940,90 nm,,95 W,"Mar 6th, 2006",baraazaid/cpu-and-gpu-stats
bec5f382451741687f98,Opteron X2 860 HE,Egypt,2,,1.6,1.6,940,90.0,,55.0,2005-08-01,True,2,1600 MHz,Socket 940,90 nm,,55 W,"Aug 1st, 2005",baraazaid/cpu-and-gpu-stats
7a83af5ca38fb2946e9d,Opteron X2 865,Egypt,2,,1.8,1.8,940,90.0,,95.0,2005-09-26,True,2,1800 MHz,Socket 940,90 nm,,95 W,"Sep 26th, 2005",baraazaid/cpu-and-gpu-stats
7909cb14d4ae00ef03dd,Opteron X2 865 HE,Egypt,2,,1.8,1.8,940,90.0,,55.0,2005-08-01,True,2,1800 MHz,Socket 940,90 nm,,55 W,"Aug 1st, 2005",baraazaid/cpu-and-gpu-stats
d6a0c242b401041b2935,Opteron X2 870,Egypt,2,,2.0,2.0,940,90.0,,95.0,2005-09-26,True,2,2000 MHz,Socket 940,90 nm,,95 W,"Sep 26th, 2005",baraazaid/cpu-and-gpu-stats
f2b66be85257775a3f2c,Opteron X2 870 HE,Egypt,2,,2.0,2.0,940,90.0,,55.0,2005-12-01,True,2,2000 MHz,Socket 940,90 nm,,55 W,"Dec 1st, 2005",baraazaid/cpu-and-gpu-stats
8d716ea862399377b13c,Opteron X2 875,Egypt,2,,2.2,2.2,940,90.0,,95.0,2005-09-26,True,2,2.2 GHz,Socket 940,90 nm,,95 W,"Sep 26th, 2005",baraazaid/cpu-and-gpu-stats
0ec058e809a150e6dab2,Opteron X2 875 HE,Egypt,2,,2.2,2.2,940,90.0,,55.0,2006-02-01,True,2,2.2 GHz,Socket 940,90 nm,,55 W,"Feb 1st, 2006",baraazaid/cpu-and-gpu-stats
3d5f1fff5a1e1623b7f3,Opteron X2 880,Egypt,2,,2.4,2.4,940,90.0,,95.0,2005-09-26,True,2,2.4 GHz,Socket 940,90 nm,,95 W,"Sep 26th, 2005",baraazaid/cpu-and-gpu-stats
e9efccb6872e49aaa376,Opteron X2 885,Egypt,2,,2.6,2.6,940,90.0,,95.0,2006-03-06,True,2,2.6 GHz,Socket 940,90 nm,,95 W,"Mar 6th, 2006",baraazaid/cpu-and-gpu-stats
0ad633b3776493082fb0,Opteron X2 890,Egypt,2,,2.8,2.8,940,90.0,,95.0,2006-03-06,True,2,2.8 GHz,Socket 940,90 nm,,95 W,"Mar 6th, 2006",baraazaid/cpu-and-gpu-stats
3cd50739f0231e9d4837,Opteron X2150,Kyoto,4,,1.9000000000000001,1.9000000000000001,FT3,28.0,,22.0,2013-05-29,True,4,1900 MHz,Socket FT3,28 nm,,22 W,"May 29th, 2013",baraazaid/cpu-and-gpu-stats
5dc4ea3d1d565fe7fafe,Opteron X2170,Steppe Eagle,4,,2.4,2.4,FT3,28.0,,25.0,2016-09-01,True,4,2.4 GHz,Socket FT3,28 nm,,25 W,"Sep 1st, 2016",baraazaid/cpu-and-gpu-stats
ccc0689a11004c14b6b0,PRO A10-8750B,,,,,,,,,,,False,,,,,,,,baraazaid/cpu-and-gpu-stats
fb72596ff4a693b582da,PRO A10-8770,Carrizo,4,,3.5,3.8,AM4,28.0,,65.0,2016-10-01,True,4,3.5 to 3.8 GHz,Socket AM4,28 nm,,65 W,Oct 2016,baraazaid/cpu-and-gpu-stats
f885f39d6c3f59d67471,PRO A10-8770E,Carrizo,4,,2.8,3.5,AM4,28.0,,35.0,2016-10-01,True,4,2.8 to 3.5 GHz,Socket AM4,28 nm,,35 W,Oct 2016,baraazaid/cpu-and-gpu-stats
0164590d0c1f894003d9,PRO A10-8850B,,,,,,,,,,,False,,,,,,,,baraazaid/cpu-and-gpu-stats
40ec4a1f402b335c768b,PRO A10-9700,Bristol Ridge,4,,3.5,3.8,AM4,28.0,,65.0,2017-07-27,True,4,3.5 to 3.8 GHz,Socket AM4,28 nm,,65 W,"Jul 27th, 2017",baraazaid/cpu-and-gpu-stats
e5c897717fc6ba973e8f,PRO A10-9700E,Bristol Ridge,4,,3.0,3.5,AM4,28.0,,35.0,2016-10-03,True,4,3 to 3.5 GHz,Socket AM4,28 nm,,35 W,"Oct 3rd, 2016",baraazaid/cpu-and-gpu-stats
7b9dd51b34c2b44c22b7,PRO A12-8870,Carrizo,4,,3.7,4.2,AM4,28.0,,65.0,2016-10-01,True,4,3.7 to 4.2 GHz,Socket AM4,28 nm,,65 W,Oct 2016,baraazaid/cpu-and-gpu-stats
c5c77a83794a6ca5f092,PRO A12-8870E,Carrizo,4,,2.9,3.7,AM4,28.0,,35.0,2016-10-01,True,4,2.9 to 3.7 GHz,Socket AM4,28 nm,,35 W,Oct 2016,baraazaid/cpu-and-gpu-stats
fa62066d547c7d95f784,PRO A12-9800,Bristol Ridge,4,,3.8,4.2,AM4,28.0,,65.0,2016-10-03,True,4,3.8 to 4.2 GHz,Socket AM4,28 nm,,65 W,"Oct 3rd, 2016",baraazaid/cpu-and-gpu-stats
df6bb5ce8a18744a7e30,PRO A12-9800E,Bristol Ridge,4,,3.1,3.8,AM4,28.0,,35.0,2017-07-27,True,4,3.1 to 3.8 GHz,Socket AM4,28 nm,,35 W,"Jul 27th, 2017",baraazaid/cpu-and-gpu-stats
5630e0fe1a215b74a922,PRO A4-8350B,,,,,,,,,,,False,,,,,,,,baraazaid/cpu-and-gpu-stats
e57d0ed8d1b450004676,PRO A6-8550B,,,,,,,,,,,False,,,,,,,,baraazaid/cpu-and-gpu-stats
c34f16120299ea2037b3,PRO A6-9500,Bristol Ridge,2,,3.5,3.8,AM4,28.0,,65.0,2016-10-03,True,2,3.5 to 3.8 GHz,Socket AM4,28 nm,,65 W,"Oct 3rd, 2016",baraazaid/cpu-and-gpu-stats
0f67640b5b688177a67e,PRO A6-9500E,Bristol Ridge,2,,3.0,3.4,AM4,28.0,,35.0,2016-10-03,True,2,3 to 3.4 GHz,Socket AM4,28 nm,,35 W,"Oct 3rd, 2016",baraazaid/cpu-and-gpu-stats
812c18a2c7834c2ea4c4,PRO A8-8650B,,,,,,,,,,,False,,,,,,,,baraazaid/cpu-and-gpu-stats
993f3bef2c45c6d25b0f,PRO A8-9600,Bristol Ridge,4,,3.1,3.4,AM4,28.0,,65.0,2016-10-03,True,4,3.1 to 3.4 GHz,Socket AM4,28 nm,,65 W,"Oct 3rd, 2016",baraazaid/cpu-and-gpu-stats
2511c4ffe128a463c916,Pentium 2020M,Ivy Bridge,2,,2.4,2.4,G2 (988B),22.0,2.0,35.0,2012-09-01,True,2,2.4 GHz,Socket G2 (988B),22 nm,2MB,35 W,"Sep 1st, 2012",baraazaid/cpu-and-gpu-stats
630d856f4441defb1bb3,Pentium 2030M,Ivy Bridge,2,,2.5,2.5,G2 (988B),22.0,2.0,35.0,2013-01-01,True,2,2.5 GHz,Socket G2 (988B),22 nm,2MB,35 W,"Jan 1st, 2013",baraazaid/cpu-and-gpu-stats
6990175147e5faa925f8,Pentium 2117U,Ivy Bridge,2,,1.8,1.8,G2 (988B),22.0,2.0,17.0,2012-09-01,True,2,1800 MHz,Socket G2 (988B),22 nm,2MB,17 W,"Sep 1st, 2012",baraazaid/cpu-and-gpu-stats
c297197d0a240748dcf9,Pentium 2117U,Ivy Bridge,2,,1.8,1.8,BGA 1023,22.0,2.0,17.0,2012-09-01,True,2,1800 MHz,BGA 1023,22 nm,2MB,17 W,"Sep 1st, 2012",baraazaid/cpu-and-gpu-stats
74cf12eb059a79f03992,Pentium 2129Y,Ivy Bridge,2,,1.1,1.1,BGA 1023,22.0,2.0,10.0,2012-09-01,True,2,1100 MHz,BGA 1023,22 nm,2MB,10 W,"Sep 1st, 2012",baraazaid/cpu-and-gpu-stats
9db8cc9f78198ce93fd8,Pentium 350,Sandy Bridge,2,4,1.2,1.2,1155,32.0,3.0,15.0,2011-11-21,True,2 / 4,1200 MHz,Socket 1155,32 nm,3MB,15 W,"Nov 21st, 2011",baraazaid/cpu-and-gpu-stats
ea0a72f956799be716d9,Pentium 3550M,Haswell,2,,2.3,2.3,G3,22.0,2.0,37.0,2013-09-01,True,2,2.3 GHz,Socket G3,22 nm,2MB,37 W,"Sep 1st, 2013",baraazaid/cpu-and-gpu-stats
a839aff2723e9dedb1e6,Pentium 3556U,Haswell,2,,1.7,1.7,BGA 1168,22.0,2.0,15.0,2013-09-01,True,2,1700 MHz,BGA 1168,22 nm,2MB,15 W,"Sep 1st, 2013",baraazaid/cpu-and-gpu-stats
185aeed1dc8c7ff6d9c7,Pentium 3560Y,Haswell,2,,1.2,1.2,BGA 1168,22.0,2.0,12.0,2013-09-01,True,2,1200 MHz,BGA 1168,22 nm,2MB,12 W,"Sep 1st, 2013",baraazaid/cpu-and-gpu-stats
c81e3f44bc32d4213424,Pentium 3805U,,,,,,,,,,,False,,,,,,,,baraazaid/cpu-and-gpu-stats
6343fb93ec647adf2ba2,Pentium 3825U,,,,,,,,,,,False,,,,,,,,baraazaid/cpu-and-gpu-stats
818427001c485bde5f11,Pentium 4 1.3,Willamette,1,,1.3,1.3,478,180.0,,52.0,2001-01-03,True,1,1300 MHz,Socket 478,180 nm,,52 W,"Jan 3rd, 2001",baraazaid/cpu-and-gpu-stats
32a5dfa87b8835546415,Pentium 4 1.4,Willamette,1,,1.4000000000000001,1.4000000000000001,423,180.0,,55.0,2000-11-20,True,1,1400 MHz,Socket 423,180 nm,,55 W,"Nov 20th, 2000",baraazaid/cpu-and-gpu-stats
e3cfc9be5475727afc00,Pentium 4 1.4,Willamette,1,,1.4000000000000001,1.4000000000000001,478,180.0,,55.0,2001-08-27,True,1,1400 MHz,Socket 478,180 nm,,55 W,"Aug 27th, 2001",baraazaid/cpu-and-gpu-stats
2fa4bd1831da1fce3da4,Pentium 4 1.5,Willamette,1,,1.5,1.5,423,180.0,,58.0,2000-11-20,True,1,1500 MHz,Socket 423,180 nm,,58 W,"Nov 20th, 2000",baraazaid/cpu-and-gpu-stats
78e6f3549e14b23d450f,Pentium 4 1.5,Willamette,1,,1.5,1.5,478,180.0,,58.0,2001-08-27,True,1,1500 MHz,Socket 478,180 nm,,58 W,"Aug 27th, 2001",baraazaid/cpu-and-gpu-stats
0619036f500f71be9a77,Pentium 4 1.6,Willamette,1,,1.6,1.6,423,180.0,,61.0,2001-07-02,True,1,1600 MHz,Socket 423,180 nm,,61 W,"Jul 2nd, 2001",baraazaid/cpu-and-gpu-stats
2732c942b97352df1f87,Pentium 4 1.6,Willamette,1,,1.6,1.6,478,180.0,,61.0,2001-08-27,True,1,1600 MHz,Socket 478,180 nm,,61 W,"Aug 27th, 2001",baraazaid/cpu-and-gpu-stats
02d56bf9d8bdf253c91d,Pentium 4 1.7,Willamette,1,,1.7,1.7,423,180.0,,64.0,2001-04-23,True,1,1700 MHz,Socket 423,180 nm,,64 W,"Apr 23rd, 2001",baraazaid/cpu-and-gpu-stats
2f5938e2b7c745d8b89a,Pentium 4 1.7,Willamette,1,,1.7,1.7,478,180.0,,64.0,2001-08-27,True,1,1700 MHz,Socket 478,180 nm,,64 W,"Aug 27th, 2001",baraazaid/cpu-and-gpu-stats
97648686dc86773fe4cf,Pentium 4 1.8,Willamette,1,,1.8,1.8,423,180.0,,67.0,2001-07-02,True,1,1800 MHz,Socket 423,180 nm,,67 W,"Jul 2nd, 2001",baraazaid/cpu-and-gpu-stats
44d1d6fdb13cc68e07c6,Pentium 4 1.80,Willamette,1,,1.8,1.8,478,180.0,,67.0,2001-08-27,True,1,1800 MHz,Socket 478,180 nm,,67 W,"Aug 27th, 2001",baraazaid/cpu-and-gpu-stats
0e41e2c086eb03ce2e3f,Pentium 4 1.8A,Willamette,1,,1.8,1.8,478,180.0,,69.0,2001-07-02,True,1,1800 MHz,Socket 478,180 nm,,69 W,"Jul 2nd, 2001",baraazaid/cpu-and-gpu-stats
423ef83f5a5f61377c89,Pentium 4 1.9,Willamette,1,,1.9000000000000001,1.9000000000000001,423,180.0,,69.0,2001-08-27,True,1,1900 MHz,Socket 423,180 nm,,69 W,"Aug 27th, 2001",baraazaid/cpu-and-gpu-stats
c206febf365ba416de5f,Pentium 4 1.9,Willamette,1,,1.9000000000000001,1.9000000000000001,478,180.0,,69.0,2001-08-27,True,1,1900 MHz,Socket 478,180 nm,,69 W,"Aug 27th, 2001",baraazaid/cpu-and-gpu-stats
7cdd5796034b46533310,Pentium 4 2.0,Northwood,1,,2.0,2.0,478,130.0,,110.0,2001-01-01,True,1,2000 MHz,Socket 478,130 nm,,110 W,"Jan 1st, 2001",baraazaid/cpu-and-gpu-stats
0066104100b243ac4542,Pentium 4 2.0,Willamette,1,,2.0,2.0,423,180.0,,72.0,2001-08-27,True,1,2000 MHz,Socket 423,180 nm,,72 W,"Aug 27th, 2001",baraazaid/cpu-and-gpu-stats
db6a8287db6ecf2f35f5,Pentium 4 2.0,Willamette,1,,2.0,2.0,478,180.0,,72.0,2001-08-27,True,1,2000 MHz,Socket 478,180 nm,,72 W,"Aug 27th, 2001",baraazaid/cpu-and-gpu-stats
38886d18ff8430cd3e0a,Pentium 4 2.0,Northwood,1,,2.0,2.0,478,130.0,,92.0,2002-01-07,True,1,2000 MHz,Socket 478,130 nm,,92 W,"Jan 7th, 2002",baraazaid/cpu-and-gpu-stats
73e475da79703fff5da8,Pentium 4 2.2,Northwood,1,,2.2,2.2,478,130.0,,92.0,2002-01-07,True,1,2.2 GHz,Socket 478,130 nm,,92 W,"Jan 7th, 2002",baraazaid/cpu-and-gpu-stats
02d762e59597034fc12a,Pentium 4 2.26,Northwood,1,,2.261,2.261,478,130.0,,110.0,2002-01-07,True,1,2.261 GHz,Socket 478,130 nm,,110 W,"Jan 7th, 2002",baraazaid/cpu-and-gpu-stats
275b50c48f603718e433,Pentium 4 2.4,Northwood,1,,2.4,2.4,478,130.0,,110.0,2002-04-02,True,1,2.4 GHz,Socket 478,130 nm,,110 W,"Apr 2nd, 2002",baraazaid/cpu-and-gpu-stats
882c667fdb607cd82870,Pentium 4 2.4,Northwood,1,,2.4,2.4,478,130.0,,92.0,2002-05-06,True,1,2.4 GHz,Socket 478,130 nm,,92 W,"May 6th, 2002",baraazaid/cpu-and-gpu-stats
59791c943957badf92e4,Pentium 4 2.53,Northwood,1,,2.527,2.527,478,130.0,,110.0,2002-05-06,True,1,2.527 GHz,Socket 478,130 nm,,110 W,"May 6th, 2002",baraazaid/cpu-and-gpu-stats
0e27e67219b7b9d9e464,Pentium 4 2.60,Northwood,1,,2.6,2.6,478,130.0,,92.0,2002-08-25,True,1,2.6 GHz,Socket 478,130 nm,,92 W,"Aug 25th, 2002",baraazaid/cpu-and-gpu-stats
50175ad2bd8148b22347,Pentium 4 2.66,Northwood,1,,2.66,2.66,478,130.0,,110.0,2002-08-25,True,1,2.66 GHz,Socket 478,130 nm,,110 W,"Aug 25th, 2002",baraazaid/cpu-and-gpu-stats
3df782d80b26e0cf9dac,Pentium 4 2.80,Northwood,1,,2.793,2.793,478,130.0,,110.0,2002-08-25,True,1,2.793 GHz,Socket 478,130 nm,,110 W,"Aug 25th, 2002",baraazaid/cpu-and-gpu-stats
e5a71cf8cac6a19c6a8c,Pentium 4 505,Prescott,1,,2.66,2.66,775,90.0,,84.0,2004-12-01,True,1,2.66 GHz,Socket 775,90 nm,,84 W,"Dec 1st, 2004",baraazaid/cpu-and-gpu-stats
43ea3efad46c12347fcc,Pentium 4 505J,Prescott,1,,2.66,2.66,775,90.0,,84.0,2004-12-01,True,1,2.66 GHz,Socket 775,90 nm,,84 W,"Dec 1st, 2004",baraazaid/cpu-and-gpu-stats
4a3ce04d449f4810eecb,Pentium 4 506,Prescott,1,,2.66,2.66,775,90.0,,84.0,2005-06-01,True,1,2.66 GHz,Socket 775,90 nm,,84 W,"Jun 1st, 2005",baraazaid/cpu-and-gpu-stats
423946829aeebf3ca928,Pentium 4 519,Prescott,1,,3.06,3.06,775,90.0,,84.0,2004-12-01,True,1,3.06 GHz,Socket 775,90 nm,,84 W,"Dec 1st, 2004",baraazaid/cpu-and-gpu-stats
5d59affd38e3d115b12a,Pentium 4 HT 2.40,Northwood,1,2,2.4,2.4,478,130.0,,66.0,2003-05-21,True,1 / 2,2.4 GHz,Socket 478,130 nm,,66 W,"May 21st, 2003",baraazaid/cpu-and-gpu-stats
d3d6681dfa24c6ef9177,Pentium 4 HT 2.60,Northwood,1,2,2.6,2.6,478,130.0,,69.0,2003-05-21,True,1 / 2,2.6 GHz,Socket 478,130 nm,,69 W,"May 21st, 2003",baraazaid/cpu-and-gpu-stats
478173d06c489c173c2d,Pentium 4 HT 2.80,Northwood,1,2,2.8,2.8,478,130.0,,70.0,2003-05-21,True,1 / 2,2.8 GHz,Socket 478,130 nm,,70 W,"May 21st, 2003",baraazaid/cpu-and-gpu-stats
3e39f3080694eeba79f9,Pentium 4 HT 3.00,Northwood,1,2,3.0,3.0,478,130.0,,82.0,2003-04-14,True,1 / 2,3 GHz,Socket 478,130 nm,,82 W,"Apr 14th, 2003",baraazaid/cpu-and-gpu-stats
769d8804ab554f411d38,Pentium 4 HT 3.06,Northwood,1,2,3.06,3.06,478,130.0,,110.0,2003-06-01,True,1 / 2,3.06 GHz,Socket 478,130 nm,,110 W,"Jun 1st, 2003",baraazaid/cpu-and-gpu-stats
53969a4bad4621aabf17,Pentium 4 HT 3.20,Northwood,1,2,3.2,3.2,478,130.0,,82.0,2003-06-23,True,1 / 2,3.2 GHz,Socket 478,130 nm,,82 W,"Jun 23rd, 2003",baraazaid/cpu-and-gpu-stats
856e16e284fcdf3e1b02,Pentium 4 HT 3.6E,Prescott,1,2,3.6,3.6,478,90.0,,115.0,2004-08-04,True,1 / 2,3.6 GHz,Socket 478,90 nm,,115 W,"Aug 4th, 2004",baraazaid/cpu-and-gpu-stats
aa37dd0b657c782040fe,Pentium 4 HT 515,Prescott,1,2,2.933,2.933,775,90.0,,84.0,2004-06-21,True,1 / 2,2.933 GHz,Socket 775,90 nm,,84 W,"Jun 21st, 2004",baraazaid/cpu-and-gpu-stats
e6f3d3108b90b5f7a055,Pentium 4 HT 516,Prescott,1,2,2.933,2.933,775,90.0,,84.0,2004-06-21,True,1 / 2,2.933 GHz,Socket 775,90 nm,,84 W,"Jun 21st, 2004",baraazaid/cpu-and-gpu-stats
4af45359a404b68c1b7d,Pentium 4 HT 517,Prescott,1,2,2.933,2.933,775,90.0,,84.0,2004-06-21,True,1 / 2,2.933 GHz,Socket 775,90 nm,,84 W,"Jun 21st, 2004",baraazaid/cpu-and-gpu-stats
71d529a7cf3953884af2,Pentium 4 HT 520,Prescott,1,2,2.8,2.8,775,90.0,,84.0,2004-06-21,True,1 / 2,2.8 GHz,Socket 775,90 nm,,84 W,"Jun 21st, 2004",baraazaid/cpu-and-gpu-stats
3a3c0f229d1d326182b3,Pentium 4 HT 520,Prescott,1,2,2.933,2.933,775,90.0,,84.0,2004-06-21,True,1 / 2,2.933 GHz,Socket 775,90 nm,,84 W,"Jun 21st, 2004",baraazaid/cpu-and-gpu-stats
207b977b8613fa229ffa,Pentium 4 HT 521,Prescott,1,2,2.8,2.8,775,90.0,,84.0,2005-06-12,True,1 / 2,2.8 GHz,Socket 775,90 nm,,84 W,"Jun 12th, 2005",baraazaid/cpu-and-gpu-stats
0f143c8462ecf39c71c3,Pentium 4 HT 524,Prescott,1,2,3.06,3.06,775,90.0,,84.0,2001-01-01,True,1 / 2,3.06 GHz,Socket 775,90 nm,,84 W,"Jan 1st, 2001",baraazaid/cpu-and-gpu-stats
9e8064225da8c45db979,Pentium 4 HT 524,Prescott,1,2,3.06,3.06,775,90.0,,84.0,2006-07-01,True,1 / 2,3.06 GHz,Socket 775,90 nm,,84 W,Jul 2006,baraazaid/cpu-and-gpu-stats
12ae6fcedb367d4405f5,Pentium 4 HT 530,Prescott,1,2,3.0,3.0,775,90.0,,84.0,2004-06-21,True,1 / 2,3 GHz,Socket 775,90 nm,,84 W,"Jun 21st, 2004",baraazaid/cpu-and-gpu-stats
876658a939caceaa689c,Pentium 4 HT 531,Prescott,1,2,3.0,3.0,775,90.0,,84.0,2005-06-12,True,1 / 2,3 GHz,Socket 775,90 nm,,84 W,"Jun 12th, 2005",baraazaid/cpu-and-gpu-stats
8f2b59cb3e0fc6717f97,Pentium 4 HT 540,Prescott,1,2,3.2,3.2,775,90.0,,84.0,2004-06-21,True,1 / 2,3.2 GHz,Socket 775,90 nm,,84 W,"Jun 21st, 2004",baraazaid/cpu-and-gpu-stats
516cb6cfbdce2d979af5,Pentium 4 HT 541,Prescott,1,2,3.2,3.2,775,90.0,,84.0,2005-06-12,True,1 / 2,3.2 GHz,Socket 775,90 nm,,84 W,"Jun 12th, 2005",baraazaid/cpu-and-gpu-stats
5e67f59791fb7238ea0c,Pentium 4 HT 550,Prescott,1,2,3.4,3.4,775,90.0,,115.0,2004-06-21,True,1 / 2,3.4 GHz,Socket 775,90 nm,,115 W,"Jun 21st, 2004",baraazaid/cpu-and-gpu-stats
1d2f7f8b2375fed63abc,Pentium 4 HT 551,Prescott,1,2,3.4,3.4,775,90.0,,115.0,2005-06-12,True,1 / 2,3.4 GHz,Socket 775,90 nm,,115 W,"Jun 12th, 2005",baraazaid/cpu-and-gpu-stats
ea2b0be020e7405499b6,Pentium 4 HT 560,Prescott,1,2,3.6,3.6,775,90.0,,115.0,2004-06-21,True,1 / 2,3.6 GHz,Socket 775,90 nm,,115 W,"Jun 21st, 2004",baraazaid/cpu-and-gpu-stats
49b9ee792548d14c17ba,Pentium 4 HT 561,Prescott,1,2,3.6,3.6,775,90.0,,115.0,2005-06-12,True,1 / 2,3.6 GHz,Socket 775,90 nm,,115 W,"Jun 12th, 2005",baraazaid/cpu-and-gpu-stats
ce98bc8071191ed287cc,Pentium 4 HT 570,Prescott,1,2,3.8,3.8,775,90.0,,115.0,2004-06-21,True,1 / 2,3.8 GHz,Socket 775,90 nm,,115 W,"Jun 21st, 2004",baraazaid/cpu-and-gpu-stats
0425938bcbdb3399c742,Pentium 4 HT 571,Prescott,1,2,3.8,3.8,775,90.0,,115.0,2005-06-12,True,1 / 2,3.8 GHz,Socket 775,90 nm,,115 W,"Jun 12th, 2005",baraazaid/cpu-and-gpu-stats
dbf2cfbe0d32567a7d24,Pentium 4 HT 630,Prescott,1,2,3.0,3.0,775,90.0,,84.0,2005-02-20,True,1 / 2,3 GHz,Socket 775,90 nm,,84 W,"Feb 20th, 2005",baraazaid/cpu-and-gpu-stats
6c0076343e4c107727bf,Pentium 4 HT 631,Cedar Mill,1,2,3.0,3.0,775,65.0,,86.0,2006-01-05,True,1 / 2,3 GHz,Socket 775,65 nm,,86 W,"Jan 5th, 2006",baraazaid/cpu-and-gpu-stats
4f7d5f28a0bb9523577b,Pentium 4 HT 640,Prescott,1,2,3.2,3.2,775,90.0,,84.0,2005-02-20,True,1 / 2,3.2 GHz,Socket 775,90 nm,,84 W,"Feb 20th, 2005",baraazaid/cpu-and-gpu-stats
c938eed49ec768b9911d,Pentium 4 HT 641,Cedar Mill,1,2,3.2,3.2,775,65.0,,86.0,2006-01-05,True,1 / 2,3.2 GHz,Socket 775,65 nm,,86 W,"Jan 5th, 2006",baraazaid/cpu-and-gpu-stats
1bcdb8d92700237eb14c,Pentium 4 HT 651,Cedar Mill,1,2,3.4,3.4,775,65.0,,86.0,2006-01-05,True,1 / 2,3.4 GHz,Socket 775,65 nm,,86 W,"Jan 5th, 2006",baraazaid/cpu-and-gpu-stats
fa9883157e21651eece1,Pentium 4 HT 661,Cedar Mill,1,2,3.6,3.6,775,65.0,,86.0,2006-01-05,True,1 / 2,3.6 GHz,Socket 775,65 nm,,86 W,"Jan 5th, 2006",baraazaid/cpu-and-gpu-stats
7f1772c53cfbacfa0eac,Pentium 4 HT 662,Prescott,1,2,3.6,3.6,775,90.0,,84.0,2005-11-14,True,1 / 2,3.6 GHz,Socket 775,90 nm,,84 W,"Nov 14th, 2005",baraazaid/cpu-and-gpu-stats
45a703e8cfdd57c459f1,Pentium 4 HT 670,Prescott,1,2,3.8,3.8,775,90.0,,84.0,2005-05-26,True,1 / 2,3.8 GHz,Socket 775,90 nm,,84 W,"May 26th, 2005",baraazaid/cpu-and-gpu-stats
b3e342f61de7e5c49e99,Pentium 4 HT 672,Prescott,1,2,3.8,3.8,775,90.0,,84.0,2005-11-14,True,1 / 2,3.8 GHz,Socket 775,90 nm,,84 W,"Nov 14th, 2005",baraazaid/cpu-and-gpu-stats
26b2f7399de850db4234,Pentium 4 HT EE 3.20,Gallatin,1,2,3.2,3.2,478,130.0,2.0,110.0,2003-11-03,True,1 / 2,3.2 GHz,Socket 478,130 nm,2MB,110 W,"Nov 3rd, 2003",baraazaid/cpu-and-gpu-stats
4031e2a892b85c5bd4c0,Pentium 4 HT EE 3.40,Gallatin,1,2,3.4,3.4,478,130.0,2.0,110.0,2004-06-21,True,1 / 2,3.4 GHz,Socket 478,130 nm,2MB,110 W,"Jun 21st, 2004",baraazaid/cpu-and-gpu-stats
69ee7209a65754c04670,Pentium 4 HT EE 3.46,Gallatin,1,2,3.46,3.46,775,130.0,2.0,110.0,2004-10-31,True,1 / 2,3.46 GHz,Socket 775,130 nm,2MB,110 W,"Oct 31st, 2004",baraazaid/cpu-and-gpu-stats
5c6c2c55a52c38f01a59,Pentium 4 HT EE 3.73,Prescott,1,2,3.733,3.733,775,90.0,,115.0,2005-02-21,True,1 / 2,3.733 GHz,Socket 775,90 nm,,115 W,"Feb 21st, 2005",baraazaid/cpu-and-gpu-stats
53107b34634d2bea43df,Pentium 4-M 1.40,Northwood,1,,1.4000000000000001,1.4000000000000001,478,130.0,,21.0,2002-04-23,True,1,1400 MHz,Socket 478,130 nm,,21 W,"Apr 23rd, 2002",baraazaid/cpu-and-gpu-stats
7edc80f347961455751f,Pentium 4-M 1.50,Northwood,1,,1.5,1.5,478,130.0,,26.0,2002-04-23,True,1,1500 MHz,Socket 478,130 nm,,26 W,"Apr 23rd, 2002",baraazaid/cpu-and-gpu-stats
55177739c88089b3c0b3,Pentium 4-M 1.60,Northwood,1,,1.6,1.6,478,130.0,,30.0,2002-03-04,True,1,1600 MHz,Socket 478,130 nm,,30 W,"Mar 4th, 2002",baraazaid/cpu-and-gpu-stats
c04d0fef952602cd5c0b,Pentium 4-M 1.70,Northwood,1,,1.7,1.7,478,130.0,,30.0,2002-03-04,True,1,1700 MHz,Socket 478,130 nm,,30 W,"Mar 4th, 2002",baraazaid/cpu-and-gpu-stats
c24de28caadd0712fbbd,Pentium 4-M 1.80,Northwood,1,,1.8,1.8,478,130.0,,30.0,2002-04-23,True,1,1800 MHz,Socket 478,130 nm,,30 W,"Apr 23rd, 2002",baraazaid/cpu-and-gpu-stats
fc2aa7fdd74ae722a476,Pentium 4-M 1.90,Northwood,1,,1.9000000000000001,1.9000000000000001,478,130.0,,32.0,2002-06-24,True,1,1900 MHz,Socket 478,130 nm,,32 W,"Jun 24th, 2002",baraazaid/cpu-and-gpu-stats
65bd9bcabe201ec94294,Pentium 4-M 2.00,Northwood,1,,2.0,2.0,478,130.0,,32.0,2002-06-24,True,1,2000 MHz,Socket 478,130 nm,,32 W,"Jun 24th, 2002",baraazaid/cpu-and-gpu-stats
5597afcadec50d8d81bb,Pentium 4-M 2.20,Northwood,1,,2.2,2.2,478,130.0,,35.0,2002-09-16,True,1,2.2 GHz,Socket 478,130 nm,,35 W,"Sep 16th, 2002",baraazaid/cpu-and-gpu-stats
583256ec40ddc5845ec9,Pentium 4-M 2.40,Northwood,1,,2.4,2.4,478,130.0,,35.0,2003-01-14,True,1,2.4 GHz,Socket 478,130 nm,,35 W,"Jan 14th, 2003",baraazaid/cpu-and-gpu-stats
bbd51ceaa8c4938bbd5f,Pentium 4-M 2.50,Northwood,1,,2.5,2.5,478,130.0,,35.0,2003-04-16,True,1,2.5 GHz,Socket 478,130 nm,,35 W,"Apr 16th, 2003",baraazaid/cpu-and-gpu-stats
884e1d61c4273625e972,Pentium 4-M 2.60,Northwood,1,,2.6,2.6,478,130.0,,35.0,2003-06-11,True,1,2.6 GHz,Socket 478,130 nm,,35 W,"Jun 11th, 2003",baraazaid/cpu-and-gpu-stats
c3d87def769d27faa78d,Pentium 8500,Alder Lake-U,5,6,1.0,4.4,BGA 1781,10.0,8.0,9.0,2022-02-23,True,5 / 6,1 to 4.4 GHz,BGA 1781,10 nm,8MB,9 W,"Feb 23rd, 2022",baraazaid/cpu-and-gpu-stats
96bff419fc00d24093de,Pentium 8505,Alder Lake-U,5,6,1.2,4.4,BGA 1744,10.0,8.0,15.0,2022-02-23,True,5 / 6,1.2 to 4.4 GHz,BGA 1744,10 nm,8MB,15 W,"Feb 23rd, 2022",baraazaid/cpu-and-gpu-stats
56e2d98fedf1e5189ed2,Pentium 8505 (IPU),Alder Lake-U,5,6,1.2,4.4,BGA 1744,10.0,8.0,15.0,2022-02-23,True,5 / 6,1.2 to 4.4 GHz,BGA 1744,10 nm,8MB,15 W,"Feb 23rd, 2022",baraazaid/cpu-and-gpu-stats
087942233a6c384e8070,Pentium 957,Sandy Bridge,2,,1.2,1.2,BGA 1023,32.0,2.0,17.0,2011-06-19,True,2,1200 MHz,BGA 1023,32 nm,2MB,17 W,"Jun 19th, 2011",baraazaid/cpu-and-gpu-stats
cb4f23e74eb0cbce93f8,Pentium 967,Sandy Bridge,2,,1.3,1.3,BGA 1023,32.0,2.0,17.0,2011-10-02,True,2,1300 MHz,BGA 1023,32 nm,2MB,17 W,"Oct 2nd, 2011",baraazaid/cpu-and-gpu-stats
a9f75951ac2d2ec780c8,Pentium 977,Sandy Bridge,2,,1.4000000000000001,1.4000000000000001,BGA 1023,32.0,2.0,17.0,2012-01-01,True,2,1400 MHz,BGA 1023,32 nm,2MB,17 W,"Jan 1st, 2012",baraazaid/cpu-and-gpu-stats
a953341cd7faaee9dbb6,Pentium 987,Sandy Bridge,2,,1.5,1.5,BGA 1023,32.0,2.0,17.0,2013-02-01,True,2,1500 MHz,BGA 1023,32 nm,2MB,17 W,"Feb 1st, 2013",baraazaid/cpu-and-gpu-stats
0890bd40d5247be0da7a,Pentium 997,Sandy Bridge,2,,1.6,1.6,BGA 1023,32.0,2.0,17.0,2012-09-01,True,2,1600 MHz,BGA 1023,32 nm,2MB,17 W,"Sep 1st, 2012",baraazaid/cpu-and-gpu-stats
f77c3adfc19f2b45ccd4,Pentium B915C,Sandy Bridge,2,,1.5,1.5,G2 (988B),32.0,2.0,35.0,2012-05-01,True,2,1500 MHz,Socket G2 (988B),32 nm,2MB,35 W,"May 1st, 2012",baraazaid/cpu-and-gpu-stats
585a1a992de6af604a50,Pentium B940,Sandy Bridge,2,,2.0,2.0,G2 (988B),32.0,2.0,35.0,2011-06-19,True,2,2000 MHz,Socket G2 (988B),32 nm,2MB,35 W,"Jun 19th, 2011",baraazaid/cpu-and-gpu-stats
6bca4bb8a2fa75dd6be1,Pentium B950,Sandy Bridge,2,,2.1,2.1,G2 (988B),32.0,2.0,35.0,2011-06-19,True,2,2.1 GHz,Socket G2 (988B),32 nm,2MB,35 W,"Jun 19th, 2011",baraazaid/cpu-and-gpu-stats
1f70969773133e70b455,Pentium B960,Sandy Bridge,2,,2.2,2.2,G2 (988B),32.0,2.0,35.0,2011-10-02,True,2,2.2 GHz,Socket G2 (988B),32 nm,2MB,35 W,"Oct 2nd, 2011",baraazaid/cpu-and-gpu-stats
f5d43464c4a3670aa0e7,Pentium B970,Sandy Bridge,2,,2.3,2.3,G2 (988B),32.0,2.0,35.0,2012-01-01,True,2,2.3 GHz,Socket G2 (988B),32 nm,2MB,35 W,"Jan 1st, 2012",baraazaid/cpu-and-gpu-stats
ddaa709a2d6b612a397d,Pentium B980,Sandy Bridge,2,,2.4,2.4,G2 (988B),32.0,2.0,35.0,2012-09-01,True,2,2.4 GHz,Socket G2 (988B),32 nm,2MB,35 W,"Sep 1st, 2012",baraazaid/cpu-and-gpu-stats
0f25f51032edbf168c4e,Pentium D 820,Smithfield,2,,2.8,2.8,775,90.0,,130.0,2005-05-26,True,2,2.8 GHz,Socket 775,90 nm,,130 W,"May 26th, 2005",baraazaid/cpu-and-gpu-stats
7c3a9bca0abbe660401f,Pentium D 830,Smithfield,2,,3.0,3.0,775,90.0,,130.0,2005-05-26,True,2,3 GHz,Socket 775,90 nm,,130 W,"May 26th, 2005",baraazaid/cpu-and-gpu-stats
f95278ff0d15a1961366,Pentium D 840,Smithfield,2,,3.2,3.2,775,90.0,,130.0,2005-05-26,True,2,3.2 GHz,Socket 775,90 nm,,130 W,"May 26th, 2005",baraazaid/cpu-and-gpu-stats
c9a7044f0cea1f930492,Pentium D 840 EE,Smithfield,2,4,3.2,3.2,775,90.0,,130.0,2005-05-01,True,2 / 4,3.2 GHz,Socket 775,90 nm,,130 W,"May 1st, 2005",baraazaid/cpu-and-gpu-stats
687624806eed35d318e4,Pentium D 915,Presler,2,,2.8,2.8,775,65.0,,95.0,2006-07-23,True,2,2.8 GHz,Socket 775,65 nm,,95 W,"Jul 23rd, 2006",baraazaid/cpu-and-gpu-stats
9bbc68a39189ca7e6b34,Pentium D 920,Presler,2,,2.8,2.8,775,65.0,,130.0,2006-01-16,True,2,2.8 GHz,Socket 775,65 nm,,130 W,"Jan 16th, 2006",baraazaid/cpu-and-gpu-stats
b1ba46d24c94935ce09c,Pentium D 925,Presler,2,,3.0,3.0,775,65.0,,95.0,2006-10-01,True,2,3 GHz,Socket 775,65 nm,,95 W,"Oct 1st, 2006",baraazaid/cpu-and-gpu-stats
ef92edbb489d0cdb2e22,Pentium D 930,Presler,2,,3.0,3.0,775,65.0,,130.0,2006-01-16,True,2,3 GHz,Socket 775,65 nm,,130 W,"Jan 16th, 2006",baraazaid/cpu-and-gpu-stats
2458667a449cae219146,Pentium D 940,Presler,2,,3.2,3.2,775,65.0,,130.0,2006-01-16,True,2,3.2 GHz,Socket 775,65 nm,,130 W,"Jan 16th, 2006",baraazaid/cpu-and-gpu-stats
9053e45c154c3fe9c850,Pentium D 945,Presler,2,,3.4,3.4,775,65.0,,95.0,2006-07-23,True,2,3.4 GHz,Socket 775,65 nm,,95 W,"Jul 23rd, 2006",baraazaid/cpu-and-gpu-stats
a683fc3745ef73e43a14,Pentium D 950,Presler,2,,3.4,3.4,775,65.0,,130.0,2006-01-16,True,2,3.4 GHz,Socket 775,65 nm,,130 W,"Jan 16th, 2006",baraazaid/cpu-and-gpu-stats
470de943ddceb0ac6447,Pentium D 955 EE,Presler,2,4,3.46,3.46,775,65.0,,130.0,2006-01-16,True,2 / 4,3.46 GHz,Socket 775,65 nm,,130 W,"Jan 16th, 2006",baraazaid/cpu-and-gpu-stats
40c79038eacd9c6e9ae9,Pentium D 960,Presler,2,,3.6,3.6,775,65.0,,130.0,2006-05-02,True,2,3.6 GHz,Socket 775,65 nm,,130 W,"May 2nd, 2006",baraazaid/cpu-and-gpu-stats
0ebf89489e0f4d62c146,Pentium D 965 EE,Presler,2,4,3.73,3.73,775,65.0,,130.0,2006-03-26,True,2 / 4,3.73 GHz,Socket 775,65 nm,,130 W,"Mar 26th, 2006",baraazaid/cpu-and-gpu-stats
3936ee329e8fbca8095e,Pentium Dual-Core E2210,Wolfdale,2,,2.2,2.2,775,45.0,,65.0,2009-06-01,True,2,2.2 GHz,Socket 775,45 nm,,65 W,"Jun 1st, 2009",baraazaid/cpu-and-gpu-stats
c969a8c168ed95f66154,Pentium Dual-Core E2220,Allendale,2,,2.4,2.4,775,65.0,,65.0,2008-03-02,True,2,2.4 GHz,Socket 775,65 nm,,65 W,"Mar 2nd, 2008",baraazaid/cpu-and-gpu-stats
3c583378469d418139c4,Pentium Dual-Core T4200,Penryn,2,,2.0,2.0,P,45.0,,35.0,2009-01-01,True,2,2000 MHz,Socket P,45 nm,,35 W,"Jan 1st, 2009",baraazaid/cpu-and-gpu-stats
4a63740b5c8bc4c0b7a3,Pentium Dual-Core T4300,Penryn,2,,2.1,2.1,P,45.0,,35.0,2009-04-01,True,2,2.1 GHz,Socket P,45 nm,,35 W,"Apr 1st, 2009",baraazaid/cpu-and-gpu-stats
2ebbf6c6c8a492680b2f,Pentium Dual-Core T4400,Penryn,2,,2.2,2.2,P,45.0,,35.0,2009-12-01,True,2,2.2 GHz,Socket P,45 nm,,35 W,"Dec 1st, 2009",baraazaid/cpu-and-gpu-stats
c5bacd15b82a0416b107,Pentium Dual-Core T4500,Penryn,2,,2.3,2.3,P,45.0,,35.0,2010-01-01,True,2,2.3 GHz,Socket P,45 nm,,35 W,"Jan 1st, 2010",baraazaid/cpu-and-gpu-stats
4b1bfce90b5fd81521c8,Pentium E5200,Wolfdale,2,,2.5,2.5,775,45.0,,65.0,2008-08-31,True,2,2.5 GHz,Socket 775,45 nm,,65 W,"Aug 31st, 2008",baraazaid/cpu-and-gpu-stats
282d6490fcb1e434ab10,Pentium E5300,Wolfdale,2,,2.6,2.6,775,45.0,,65.0,2008-11-30,True,2,2.6 GHz,Socket 775,45 nm,,65 W,"Nov 30th, 2008",baraazaid/cpu-and-gpu-stats
2c18d44f55dee3dd3de5,Pentium E5400,Wolfdale,2,,2.7,2.7,775,45.0,,65.0,2009-01-18,True,2,2.7 GHz,Socket 775,45 nm,,65 W,"Jan 18th, 2009",baraazaid/cpu-and-gpu-stats
f57453a2beb5515cca1a,Pentium E5500,Wolfdale,2,,2.8,2.8,775,45.0,,65.0,2010-04-18,True,2,2.8 GHz,Socket 775,45 nm,,65 W,"Apr 18th, 2010",baraazaid/cpu-and-gpu-stats
53325e7dd3cf8e4b95ff,Pentium E5700,Wolfdale,2,,3.0,3.0,775,45.0,,65.0,2010-08-08,True,2,3 GHz,Socket 775,45 nm,,65 W,"Aug 8th, 2010",baraazaid/cpu-and-gpu-stats
89b61399282fb6d4cdb8,Pentium E5800,Wolfdale,2,,3.2,3.2,775,45.0,,65.0,2010-11-28,True,2,3.2 GHz,Socket 775,45 nm,,65 W,"Nov 28th, 2010",baraazaid/cpu-and-gpu-stats
22eb6ac5a00b60bc18aa,Pentium E6300,Wolfdale,2,,2.8,2.8,775,45.0,,65.0,2009-05-09,True,2,2.8 GHz,Socket 775,45 nm,,65 W,"May 9th, 2009",baraazaid/cpu-and-gpu-stats
de75a36d22647483ef54,Pentium E6500,Wolfdale,2,,2.933,2.933,775,45.0,,65.0,2009-08-09,True,2,2.933 GHz,Socket 775,45 nm,,65 W,"Aug 9th, 2009",baraazaid/cpu-and-gpu-stats
a0165e39b1fbc0329e0d,Pentium E6500K,Wolfdale,2,,2.933,2.933,775,45.0,,65.0,2009-08-09,True,2,2.933 GHz,Socket 775,45 nm,,65 W,"Aug 9th, 2009",baraazaid/cpu-and-gpu-stats
ac06c67679b370837c32,Pentium E6600,Wolfdale,2,,3.067,3.067,775,45.0,,65.0,2010-01-17,True,2,3.067 GHz,Socket 775,45 nm,,65 W,"Jan 17th, 2010",baraazaid/cpu-and-gpu-stats
b959569445a7c71ee725,Pentium E6700,Wolfdale,2,,3.2,3.2,775,45.0,,65.0,2010-05-30,True,2,3.2 GHz,Socket 775,45 nm,,65 W,"May 30th, 2010",baraazaid/cpu-and-gpu-stats
a5a37929c659ee51ba92,Pentium E6800,Wolfdale,2,,3.333,3.333,775,45.0,,65.0,2010-08-29,True,2,3.333 GHz,Socket 775,45 nm,,65 W,"Aug 29th, 2010",baraazaid/cpu-and-gpu-stats
173b062a25cdbba6ebf9,Pentium G2010,Ivy Bridge,2,,2.8,2.8,1155,22.0,3.0,55.0,2013-01-21,True,2,2.8 GHz,Socket 1155,22 nm,3MB,55 W,"Jan 21st, 2013",baraazaid/cpu-and-gpu-stats
4f4e88cec1345706621f,Pentium G2020,Ivy Bridge,2,,2.9,2.9,1155,22.0,3.0,55.0,2013-01-21,True,2,2.9 GHz,Socket 1155,22 nm,3MB,55 W,"Jan 21st, 2013",baraazaid/cpu-and-gpu-stats
ef079e34f1e4eba4ede0,Pentium G2020T,Ivy Bridge,2,,2.5,2.5,1155,22.0,3.0,35.0,2013-01-21,True,2,2.5 GHz,Socket 1155,22 nm,3MB,35 W,"Jan 21st, 2013",baraazaid/cpu-and-gpu-stats
ab2c148e166225c3edf3,Pentium G2100T,Ivy Bridge,2,,2.6,2.6,1155,22.0,3.0,35.0,2012-09-03,True,2,2.6 GHz,Socket 1155,22 nm,3MB,35 W,"Sep 3rd, 2012",baraazaid/cpu-and-gpu-stats
437405e8e668a388327f,Pentium G2120,Ivy Bridge,2,,3.1,3.1,1155,22.0,3.0,55.0,2012-09-03,True,2,3.1 GHz,Socket 1155,22 nm,3MB,55 W,"Sep 3rd, 2012",baraazaid/cpu-and-gpu-stats
9d20a9822e6009d07ebd,Pentium G2130,Ivy Bridge,2,,3.2,3.2,1155,22.0,3.0,55.0,2013-01-21,True,2,3.2 GHz,Socket 1155,22 nm,3MB,55 W,"Jan 21st, 2013",baraazaid/cpu-and-gpu-stats
c4d74afb71daf8514d53,Pentium G3220,Haswell,2,,3.0,3.0,1150,22.0,3.0,54.0,2013-09-01,True,2,3 GHz,Socket 1150,22 nm,3MB,54 W,"Sep 1st, 2013",baraazaid/cpu-and-gpu-stats
24fd57bbe92ac077d0e7,Pentium G3220T,Haswell,2,,2.6,2.6,1150,22.0,3.0,35.0,2013-09-01,True,2,2.6 GHz,Socket 1150,22 nm,3MB,35 W,"Sep 1st, 2013",baraazaid/cpu-and-gpu-stats
aa1fca289e2cbc5f42c0,Pentium G3250,,,,,,,,,,,False,,,,,,,,baraazaid/cpu-and-gpu-stats
f80b9dc92dba12dfd171,Pentium G3250T,,,,,,,,,,,False,,,,,,,,baraazaid/cpu-and-gpu-stats
75fb18952f247d839ec5,Pentium G3258,,,,,,,,,,,False,,,,,,,,baraazaid/cpu-and-gpu-stats
647a18d56cf2f39cbaf7,Pentium G3420,Haswell,2,,3.2,3.2,1150,22.0,3.0,54.0,2013-09-01,True,2,3.2 GHz,Socket 1150,22 nm,3MB,54 W,"Sep 1st, 2013",baraazaid/cpu-and-gpu-stats
220fc83e54b2602ae09b,Pentium G3420T,Haswell,2,,2.7,2.7,1150,22.0,3.0,35.0,2013-09-01,True,2,2.7 GHz,Socket 1150,22 nm,3MB,35 W,"Sep 1st, 2013",baraazaid/cpu-and-gpu-stats
163a305fc0c42a04c456,Pentium G3430,Haswell,2,,3.3,3.3,1150,22.0,3.0,54.0,2013-09-01,True,2,3.3 GHz,Socket 1150,22 nm,3MB,54 W,"Sep 1st, 2013",baraazaid/cpu-and-gpu-stats
6a15466127c96605da4c,Pentium G3440,,,,,,,,,,,False,,,,,,,,baraazaid/cpu-and-gpu-stats
8676e09b78cb34ea11ec,Pentium G3450,,,,,,,,,,,False,,,,,,,,baraazaid/cpu-and-gpu-stats
45db9107965401c4ddc8,Pentium G3450T,,,,,,,,,,,False,,,,,,,,baraazaid/cpu-and-gpu-stats
ef7e4fc9a96801814135,Pentium G3460,,,,,,,,,,,False,,,,,,,,baraazaid/cpu-and-gpu-stats
cfcbc4e86c4e69222d46,Pentium G4400,,,,,,,,,,,False,,,,,,,,baraazaid/cpu-and-gpu-stats
998f735fec1095c2651b,Pentium G4500,,,,,,,,,,,False,,,,,,,,baraazaid/cpu-and-gpu-stats
dd2783d2d9f594f3ec42,Pentium G4520,,,,,,,,,,,False,,,,,,,,baraazaid/cpu-and-gpu-stats
0bf2a6c72ffe37ff1410,Pentium G4560,Kaby Lake,2,4,3.5,3.5,1151,14.0,3.0,51.0,2017-01-03,True,2 / 4,3.5 GHz,Socket 1151,14 nm,3MB,51 W,"Jan 3rd, 2017",baraazaid/cpu-and-gpu-stats
abc09897fea91c14698a,Pentium G4560T,Kaby Lake,2,4,2.9,2.9,1151,14.0,3.0,35.0,2017-01-03,True,2 / 4,2.9 GHz,Socket 1151,14 nm,3MB,35 W,"Jan 3rd, 2017",baraazaid/cpu-and-gpu-stats
dd554826ebee66202b02,Pentium G4600,Kaby Lake,2,4,3.6,3.6,1151,14.0,3.0,51.0,2017-01-03,True,2 / 4,3.6 GHz,Socket 1151,14 nm,3MB,51 W,"Jan 3rd, 2017",baraazaid/cpu-and-gpu-stats
e6dff50f65b3485b7357,Pentium G4600T,Kaby Lake,2,4,3.0,3.0,1151,14.0,3.0,35.0,2017-01-03,True,2 / 4,3 GHz,Socket 1151,14 nm,3MB,35 W,"Jan 3rd, 2017",baraazaid/cpu-and-gpu-stats
7035c5832799c6efee46,Pentium G4620,Kaby Lake,2,4,3.7,3.7,1151,14.0,3.0,51.0,2017-01-03,True,2 / 4,3.7 GHz,Socket 1151,14 nm,3MB,51 W,"Jan 3rd, 2017",baraazaid/cpu-and-gpu-stats
7d38502b46de09403b9e,Pentium G620,Sandy Bridge,2,,2.6,2.6,1155,32.0,3.0,65.0,2011-05-22,True,2,2.6 GHz,Socket 1155,32 nm,3MB,65 W,"May 22nd, 2011",baraazaid/cpu-and-gpu-stats
137b2c47a6343272ce56,Pentium G620T,Sandy Bridge,2,,2.2,2.2,1155,32.0,3.0,35.0,2011-05-22,True,2,2.2 GHz,Socket 1155,32 nm,3MB,35 W,"May 22nd, 2011",baraazaid/cpu-and-gpu-stats
e848c9afe028d04988bc,Pentium G622,Sandy Bridge,2,,2.6,2.6,1155,32.0,3.0,65.0,2011-05-22,True,2,2.6 GHz,Socket 1155,32 nm,3MB,65 W,"May 22nd, 2011",baraazaid/cpu-and-gpu-stats
352c88597d1c2b838f15,Pentium G630,Sandy Bridge,2,,2.7,2.7,1155,32.0,3.0,65.0,2011-09-04,True,2,2.7 GHz,Socket 1155,32 nm,3MB,65 W,"Sep 4th, 2011",baraazaid/cpu-and-gpu-stats
bb9f13c7bdfa348117cc,Pentium G630T,Sandy Bridge,2,,2.3,2.3,1155,32.0,3.0,35.0,2011-09-04,True,2,2.3 GHz,Socket 1155,32 nm,3MB,35 W,"Sep 4th, 2011",baraazaid/cpu-and-gpu-stats
cba5142fe2f69ab9ebeb,Pentium G632,Sandy Bridge,2,,2.7,2.7,1155,32.0,3.0,65.0,2011-09-04,True,2,2.7 GHz,Socket 1155,32 nm,3MB,65 W,"Sep 4th, 2011",baraazaid/cpu-and-gpu-stats
5856cbcecd176d927af2,Pentium G640,Sandy Bridge,2,,2.8,2.8,1155,32.0,3.0,65.0,2012-06-03,True,2,2.8 GHz,Socket 1155,32 nm,3MB,65 W,"Jun 3rd, 2012",baraazaid/cpu-and-gpu-stats
456191819f217d72a139,Pentium G640T,Sandy Bridge,2,,2.4,2.4,1155,32.0,3.0,35.0,2012-06-03,True,2,2.4 GHz,Socket 1155,32 nm,3MB,35 W,"Jun 3rd, 2012",baraazaid/cpu-and-gpu-stats
c7a369706b52b846fa49,Pentium G645,Sandy Bridge,2,,2.9,2.9,1155,32.0,3.0,65.0,2012-09-02,True,2,2.9 GHz,Socket 1155,32 nm,3MB,65 W,"Sep 2nd, 2012",baraazaid/cpu-and-gpu-stats
2a51567a3114dd5edeb1,Pentium G645T,Sandy Bridge,2,,2.5,2.5,1155,32.0,3.0,35.0,2012-09-02,True,2,2.5 GHz,Socket 1155,32 nm,3MB,35 W,"Sep 2nd, 2012",baraazaid/cpu-and-gpu-stats
39a5c019e77454d8a7fa,Pentium G6950,Clarkdale,2,,2.8,2.8,1156,32.0,3.0,73.0,2010-01-07,True,2,2.8 GHz,Socket 1156,32 nm,3MB,73 W,"Jan 7th, 2010",baraazaid/cpu-and-gpu-stats
75df02c4222a63d130e5,Pentium G6951,Clarkdale,2,,2.8,2.8,1156,32.0,3.0,73.0,2010-09-01,True,2,2.8 GHz,Socket 1156,32 nm,3MB,73 W,"Sep 1st, 2010",baraazaid/cpu-and-gpu-stats
779c97cf7593eea9f549,Pentium G6960,Clarkdale,2,,2.933,2.933,1156,32.0,3.0,73.0,2011-01-09,True,2,2.933 GHz,Socket 1156,32 nm,3MB,73 W,"Jan 9th, 2011",baraazaid/cpu-and-gpu-stats
1af5339d1815b83af534,Pentium G840,Sandy Bridge,2,,2.8,2.8,1155,32.0,3.0,65.0,2011-05-22,True,2,2.8 GHz,Socket 1155,32 nm,3MB,65 W,"May 22nd, 2011",baraazaid/cpu-and-gpu-stats
f72290514f921b43a772,Pentium G850,Sandy Bridge,2,,2.9,2.9,1155,32.0,3.0,65.0,2011-05-22,True,2,2.9 GHz,Socket 1155,32 nm,3MB,65 W,"May 22nd, 2011",baraazaid/cpu-and-gpu-stats
ab87af8ea7b74425f982,Pentium G860,Sandy Bridge,2,,3.0,3.0,1155,32.0,3.0,65.0,2011-09-04,True,2,3 GHz,Socket 1155,32 nm,3MB,65 W,"Sep 4th, 2011",baraazaid/cpu-and-gpu-stats
5a0782ef93f8e6d2003f,Pentium G860T,Sandy Bridge,2,,2.6,2.6,1155,32.0,3.0,35.0,2012-06-03,True,2,2.6 GHz,Socket 1155,32 nm,3MB,35 W,"Jun 3rd, 2012",baraazaid/cpu-and-gpu-stats
4e1c07526866ad390d2c,Pentium G870,Sandy Bridge,2,,3.1,3.1,1155,32.0,3.0,65.0,2012-06-03,True,2,3.1 GHz,Socket 1155,32 nm,3MB,65 W,"Jun 3rd, 2012",baraazaid/cpu-and-gpu-stats
0136d50be2e01d2f8905,Pentium Gold G5620,,,,,,,,,,,False,,,,,,,,baraazaid/cpu-and-gpu-stats
71ad2e399d3cc2797caa,Pentium Gold G6405,Comet Lake-R,2,4,4.1,4.1,1200,14.0,4.0,65.0,2021-03-16,True,2 / 4,4.1 GHz,Socket 1200,14 nm,4MB,65 W,"Mar 16th, 2021",baraazaid/cpu-and-gpu-stats
d69b617cf3f59c2e36e2,Pentium Gold G6405T,Comet Lake-R,2,4,3.5,3.5,1200,14.0,4.0,35.0,2021-03-16,True,2 / 4,3.5 GHz,Socket 1200,14 nm,4MB,35 W,"Mar 16th, 2021",baraazaid/cpu-and-gpu-stats
e82e1f9fc0dee33575d1,Pentium Gold G6505,Comet Lake-R,2,4,4.2,4.2,1200,14.0,4.0,65.0,2021-03-16,True,2 / 4,4.2 GHz,Socket 1200,14 nm,4MB,65 W,"Mar 16th, 2021",baraazaid/cpu-and-gpu-stats
67bded797df5ebaf9bc7,Pentium Gold G6505T,Comet Lake-R,2,4,3.6,3.6,1200,14.0,4.0,35.0,2021-03-16,True,2 / 4,3.6 GHz,Socket 1200,14 nm,4MB,35 W,"Mar 16th, 2021",baraazaid/cpu-and-gpu-stats
26055776c327d517ebd8,Pentium Gold G6605,Comet Lake-R,2,4,4.3,4.3,1200,14.0,4.0,65.0,2021-03-16,True,2 / 4,4.3 GHz,Socket 1200,14 nm,4MB,65 W,"Mar 16th, 2021",baraazaid/cpu-and-gpu-stats
924a8a5ae3ad88fd96d8,Pentium II Xeon 400,Drake,1,,0.4,0.4,SLOT 2,,,31.0,1998-06-29,True,1,400 MHz,Slot 2,unknown,,31 W,"Jun 29th, 1998",baraazaid/cpu-and-gpu-stats
0bbd39cd20ecdad87b9a,Pentium II Xeon 400 1MB,Drake,1,,0.4,0.4,SLOT 2,,,38.0,1998-06-29,True,1,400 MHz,Slot 2,unknown,,38 W,"Jun 29th, 1998",baraazaid/cpu-and-gpu-stats
95b04ab45f92f8e0cef4,Pentium II Xeon 450,Drake,1,,0.45,0.45,SLOT 2,,,35.0,1998-10-06,True,1,450 MHz,Slot 2,unknown,,35 W,"Oct 6th, 1998",baraazaid/cpu-and-gpu-stats
098141f5a9ac4e28034d,Pentium II Xeon 450 1MB,Drake,1,,0.45,0.45,SLOT 2,,,43.0,1999-01-04,True,1,450 MHz,Slot 2,unknown,,43 W,"Jan 4th, 1999",baraazaid/cpu-and-gpu-stats
7230e50f06de7101ebc9,Pentium II Xeon 450 2MB,Drake,1,,0.45,0.45,SLOT 2,,,47.0,1999-01-04,True,1,450 MHz,Slot 2,unknown,,47 W,"Jan 4th, 1999",baraazaid/cpu-and-gpu-stats
e95d2da83479d935ea16,Pentium III 1000,Coppermine T,1,,1.0,1.0,370,180.0,,29.0,2001-06-01,True,1,1000 MHz,Socket 370,180 nm,,29 W,"Jun 1st, 2001",baraazaid/cpu-and-gpu-stats
a73fc6a7212e53d79fbe,Pentium III 1000,Tualatin,1,,1.0,1.0,370,130.0,,30.0,2001-07-01,True,1,1000 MHz,Socket 370,130 nm,,30 W,"Jul 1st, 2001",baraazaid/cpu-and-gpu-stats
c45795dddf2e77e15059,Pentium III 1000S,Tualatin,1,,1.0,1.0,370,130.0,,30.0,2001-06-01,True,1,1000 MHz,Socket 370,130 nm,,30 W,"Jun 1st, 2001",baraazaid/cpu-and-gpu-stats
5146faf9f13665942aa0,Pentium III 1133,Coppermine,1,,1.133,1.133,370,180.0,,29.0,2000-07-31,True,1,1133 MHz,Socket 370,180 nm,,29 W,"Jul 31st, 2000",baraazaid/cpu-and-gpu-stats
4df354586365215a42e4,Pentium III 1133,Coppermine T,1,,1.133,1.133,370,180.0,,29.0,2001-06-01,True,1,1133 MHz,Socket 370,180 nm,,29 W,"Jun 1st, 2001",baraazaid/cpu-and-gpu-stats
cba0abbeaa3da23c5896,Pentium III 1133,Tualatin,1,,1.133,1.133,370,130.0,,29.0,2001-07-01,True,1,1133 MHz,Socket 370,130 nm,,29 W,"Jul 1st, 2001",baraazaid/cpu-and-gpu-stats
d5d818abffc1dd1cb30d,Pentium III 1133S,Tualatin,1,,1.133,1.133,370,130.0,,29.0,2001-06-01,True,1,1133 MHz,Socket 370,130 nm,,29 W,"Jun 1st, 2001",baraazaid/cpu-and-gpu-stats
d5398382ff138513a51e,Pentium III 1200,Tualatin,1,,1.2,1.2,370,130.0,,30.0,2001-07-01,True,1,1200 MHz,Socket 370,130 nm,,30 W,"Jul 1st, 2001",baraazaid/cpu-and-gpu-stats
df5b54235364f06b5b20,Pentium III 1266S,Tualatin,1,,1.266,1.266,370,130.0,,30.0,2001-07-01,True,1,1266 MHz,Socket 370,130 nm,,30 W,"Jul 1st, 2001",baraazaid/cpu-and-gpu-stats
ed722a8eef9a8874daa5,Pentium III 1333,Tualatin,1,,1.333,1.333,370,130.0,,30.0,2001-12-01,True,1,1333 MHz,Socket 370,130 nm,,30 W,"Dec 1st, 2001",baraazaid/cpu-and-gpu-stats
0575c59a15c14f684ce8,Pentium III 1400,Tualatin,1,,1.4000000000000001,1.4000000000000001,370,130.0,,31.0,2001-12-01,True,1,1400 MHz,Socket 370,130 nm,,31 W,"Dec 1st, 2001",baraazaid/cpu-and-gpu-stats
ba36f8b697d5316236c5,Pentium III 1400S,Tualatin,1,,1.4000000000000001,1.4000000000000001,370,130.0,,32.0,2002-01-08,True,1,1400 MHz,Socket 370,130 nm,,32 W,"Jan 8th, 2002",baraazaid/cpu-and-gpu-stats
c1a06980c69f6c2f5cef,Pentium III 800,Coppermine T,1,,0.8,0.8,370,180.0,,38.0,2001-06-01,True,1,800 MHz,Socket 370,180 nm,,38 W,"Jun 1st, 2001",baraazaid/cpu-and-gpu-stats
ce80671beb576cb5b6cc,Pentium III 866,Coppermine T,1,,0.866,0.866,370,180.0,,38.0,2001-06-01,True,1,866 MHz,Socket 370,180 nm,,38 W,"Jun 1st, 2001",baraazaid/cpu-and-gpu-stats
faa5c65394fd0fa4aac1,Pentium III 933,Coppermine T,1,,0.933,0.933,370,180.0,,27.0,2001-06-01,True,1,933 MHz,Socket 370,180 nm,,27 W,"Jun 1st, 2001",baraazaid/cpu-and-gpu-stats
229fb714616fbccef007,Pentium III Xeon 1000 2.8V,Cascades,1,,1.0,1.0,SLOT 2,180.0,,30.0,2000-08-25,True,1,1000 MHz,Slot 2,180 nm,,30 W,"Aug 25th, 2000",baraazaid/cpu-and-gpu-stats
86a644c194cffd89f1a5,Pentium III Xeon 1000 5V-12V,Cascades,1,,1.0,1.0,SLOT 2,180.0,,31.0,2000-08-25,True,1,1000 MHz,Slot 2,180 nm,,31 W,"Aug 25th, 2000",baraazaid/cpu-and-gpu-stats
5482f7433b978201bdd8,Pentium III Xeon 500,Tanner,1,,0.5,0.5,SLOT 2,,,36.0,1999-03-17,True,1,500 MHz,Slot 2,unknown,,36 W,"Mar 17th, 1999",baraazaid/cpu-and-gpu-stats
55a19e09e1dba712638a,Pentium III Xeon 500 1MB,Tanner,1,,0.5,0.5,SLOT 2,,,45.0,1999-03-17,True,1,500 MHz,Slot 2,unknown,,45 W,"Mar 17th, 1999",baraazaid/cpu-and-gpu-stats
5b3b37f330ea310a7cbc,Pentium III Xeon 500 2MB,Tanner,1,,0.5,0.5,SLOT 2,,,37.0,1999-03-17,True,1,500 MHz,Slot 2,unknown,,37 W,"Mar 17th, 1999",baraazaid/cpu-and-gpu-stats
14ddbf6f89471019271e,Pentium III Xeon 550,Tanner,1,,0.55,0.55,SLOT 2,,,34.0,1999-04-07,True,1,550 MHz,Slot 2,unknown,,34 W,"Apr 7th, 1999",baraazaid/cpu-and-gpu-stats
fda491943858b8c92a81,Pentium III Xeon 550 1MB,Tanner,1,,0.55,0.55,SLOT 2,,,35.0,1999-08-23,True,1,550 MHz,Slot 2,unknown,,35 W,"Aug 23rd, 1999",baraazaid/cpu-and-gpu-stats
b7862d581fb9816041cb,Pentium III Xeon 550 2MB,Tanner,1,,0.55,0.55,SLOT 2,,,41.0,1999-08-23,True,1,550 MHz,Slot 2,unknown,,41 W,"Aug 23rd, 1999",baraazaid/cpu-and-gpu-stats
c47901d36db992a21585,Pentium III Xeon 600 2.8V,Cascades,1,,0.6,0.6,SLOT 2,180.0,,19.0,1999-10-25,True,1,600 MHz,Slot 2,180 nm,,19 W,"Oct 25th, 1999",baraazaid/cpu-and-gpu-stats
7b6eda4ac4bf7f9a0029,Pentium III Xeon 600 5V-12V,Cascades,1,,0.6,0.6,SLOT 2,180.0,,19.0,1999-10-25,True,1,600 MHz,Slot 2,180 nm,,19 W,"Oct 25th, 1999",baraazaid/cpu-and-gpu-stats
dc98355ad23f989aa6f7,Pentium III Xeon 667 2.8V,Cascades,1,,0.667,0.667,SLOT 2,180.0,,21.0,1999-10-25,True,1,667 MHz,Slot 2,180 nm,,21 W,"Oct 25th, 1999",baraazaid/cpu-and-gpu-stats
cca409a2cad87a0b6976,Pentium III Xeon 667 5V-12V,Cascades,1,,0.667,0.667,SLOT 2,180.0,,21.0,1999-10-25,True,1,667 MHz,Slot 2,180 nm,,21 W,"Oct 25th, 1999",baraazaid/cpu-and-gpu-stats
564b0c28950bc90c6d53,Pentium III Xeon 700 2.8V,Cascades-2M,1,,0.7000000000000001,0.7000000000000001,SLOT 2,180.0,,29.0,2000-05-22,True,1,700 MHz,Slot 2,180 nm,,29 W,"May 22nd, 2000",baraazaid/cpu-and-gpu-stats
9bec6155f42443e13188,Pentium III Xeon 700 5V-12V,Cascades-2M,1,,0.7000000000000001,0.7000000000000001,SLOT 2,180.0,,30.0,2000-05-22,True,1,700 MHz,Slot 2,180 nm,,30 W,"May 22nd, 2000",baraazaid/cpu-and-gpu-stats
83dd057b118ddc23fb0e,Pentium III Xeon 700-2M 2.8V,Cascades-2M,1,,0.7000000000000001,0.7000000000000001,SLOT 2,180.0,,30.0,2000-05-22,True,1,700 MHz,Slot 2,180 nm,,30 W,"May 22nd, 2000",baraazaid/cpu-and-gpu-stats
8cdbf0a9000dac9a4eed,Pentium III Xeon 700-2M 5V-12V,Cascades-2M,1,,0.7000000000000001,0.7000000000000001,SLOT 2,180.0,,30.0,2000-05-22,True,1,700 MHz,Slot 2,180 nm,,30 W,"May 22nd, 2000",baraazaid/cpu-and-gpu-stats
49ae19a7052ebde5b85b,Pentium III Xeon 733 2.8V,Cascades,1,,0.733,0.733,SLOT 2,180.0,,23.0,1999-10-25,True,1,733 MHz,Slot 2,180 nm,,23 W,"Oct 25th, 1999",baraazaid/cpu-and-gpu-stats
4bc7d4976002cc5b39e7,Pentium III Xeon 733 5V-12V,Cascades,1,,0.733,0.733,SLOT 2,180.0,,23.0,1999-10-25,True,1,733 MHz,Slot 2,180 nm,,23 W,"Oct 25th, 1999",baraazaid/cpu-and-gpu-stats
7eb08bd5b48e05954407,Pentium III Xeon 800 2.8V,Cascades,1,,0.8,0.8,SLOT 2,180.0,,25.0,2000-01-12,True,1,800 MHz,Slot 2,180 nm,,25 W,"Jan 12th, 2000",baraazaid/cpu-and-gpu-stats
46f090574ed890795878,Pentium III Xeon 800 5V-12V,Cascades,1,,0.8,0.8,SLOT 2,180.0,,25.0,2000-01-12,True,1,800 MHz,Slot 2,180 nm,,25 W,"Jan 12th, 2000",baraazaid/cpu-and-gpu-stats
2c5260f0eee394c8faf4,Pentium III Xeon 866 2.8V,Cascades,1,,0.866,0.866,SLOT 2,180.0,,25.0,2000-04-10,True,1,866 MHz,Slot 2,180 nm,,25 W,"Apr 10th, 2000",baraazaid/cpu-and-gpu-stats
9731a182c089982f0b23,Pentium III Xeon 866 5V-12V,Cascades,1,,0.866,0.866,SLOT 2,180.0,,25.0,2000-04-10,True,1,866 MHz,Slot 2,180 nm,,25 W,"Apr 10th, 2000",baraazaid/cpu-and-gpu-stats
d10218ccb4d647fb1bc9,Pentium III Xeon 900 2.8V,Cascades-2M,1,,0.9,0.9,SLOT 2,180.0,,36.0,2001-03-21,True,1,900 MHz,Slot 2,180 nm,,36 W,"Mar 21st, 2001",baraazaid/cpu-and-gpu-stats
44444d0b5bcba7797f6e,Pentium III Xeon 900 5V-12V,Cascades-2M,1,,0.9,0.9,SLOT 2,180.0,,36.0,2001-03-21,True,1,900 MHz,Slot 2,180 nm,,36 W,"Mar 21st, 2001",baraazaid/cpu-and-gpu-stats
1986d10a4a6c500911be,Pentium III Xeon 933 2.8V,Cascades,1,,0.933,0.933,SLOT 2,180.0,,29.0,2000-05-24,True,1,933 MHz,Slot 2,180 nm,,29 W,"May 24th, 2000",baraazaid/cpu-and-gpu-stats
a98e5f73948b4b5d64a5,Pentium III Xeon 933 5V-12V,Cascades,1,,0.933,0.933,SLOT 2,180.0,,30.0,2000-05-24,True,1,933 MHz,Slot 2,180 nm,,30 W,"May 24th, 2000",baraazaid/cpu-and-gpu-stats
3603a1c1078b5edba922,Pentium M 1.30,Banias,1,,1.3,1.3,478,130.0,,24.0,2003-03-12,True,1,1300 MHz,Socket 478,130 nm,,24 W,"Mar 12th, 2003",baraazaid/cpu-and-gpu-stats
8d12a451c58fe5262414,Pentium M 1.40,Banias,1,,1.4000000000000001,1.4000000000000001,478,130.0,,24.0,2003-03-12,True,1,1400 MHz,Socket 478,130 nm,,24 W,"Mar 12th, 2003",baraazaid/cpu-and-gpu-stats
15ff3e38312bdfbdbc72,Pentium M 1.50,Banias,1,,1.5,1.5,478,130.0,,24.0,2003-03-12,True,1,1500 MHz,Socket 478,130 nm,,24 W,"Mar 12th, 2003",baraazaid/cpu-and-gpu-stats
4df66fec14ad85d64d9b,Pentium M 1.60,Banias,1,,1.6,1.6,478,130.0,,24.0,2003-03-12,True,1,1600 MHz,Socket 478,130 nm,,24 W,"Mar 12th, 2003",baraazaid/cpu-and-gpu-stats
0bcfc2b72de8485f1858,Pentium M 1.70,Banias,1,,1.7,1.7,478,130.0,,24.0,2003-06-02,True,1,1700 MHz,Socket 478,130 nm,,24 W,"Jun 2nd, 2003",baraazaid/cpu-and-gpu-stats
4ce0c8193827ebf1b627,Pentium M 715,Dothan,1,,1.5,1.5,479,90.0,,21.0,2004-06-23,True,1,1500 MHz,Socket 479,90 nm,,21 W,"Jun 23rd, 2004",baraazaid/cpu-and-gpu-stats
8feadc02351340190b62,Pentium M 725,Dothan,1,,1.6,1.6,479,90.0,,21.0,2004-06-23,True,1,1600 MHz,Socket 479,90 nm,,21 W,"Jun 23rd, 2004",baraazaid/cpu-and-gpu-stats
7aef58f40574d9f54b50,Pentium M 765,Dothan,1,,2.1,2.1,479,90.0,,21.0,2004-10-20,True,1,2.1 GHz,Socket 479,90 nm,,21 W,"Oct 20th, 2004",baraazaid/cpu-and-gpu-stats
bc7c285a8de9aa0b9127,Pentium M 780,Dothan,1,,2.26,2.26,479,90.0,,27.0,2005-07-25,True,1,2.26 GHz,Socket 479,90 nm,,27 W,"Jul 25th, 2005",baraazaid/cpu-and-gpu-stats
34ed352a7413ece8d540,Pentium P6000,Arrandale,2,,1.877,1.877,G1,32.0,3.0,35.0,2010-06-20,True,2,1877 MHz,Socket G1,32 nm,3MB,35 W,"Jun 20th, 2010",baraazaid/cpu-and-gpu-stats
468ce6678f4e06a51393,Pentium P6100,Arrandale,2,,2.0,2.0,G1,32.0,3.0,35.0,2010-09-26,True,2,2000 MHz,Socket G1,32 nm,3MB,35 W,"Sep 26th, 2010",baraazaid/cpu-and-gpu-stats
100f3a243faf05ea315b,Pentium P6200,Arrandale,2,,2.133,2.133,G1,32.0,3.0,35.0,2010-09-26,True,2,2.133 GHz,Socket G1,32 nm,3MB,35 W,"Sep 26th, 2010",baraazaid/cpu-and-gpu-stats
1df138df7520d2bb71cb,Pentium P6300,Arrandale,2,,2.266,2.266,G1,32.0,3.0,35.0,2011-01-09,True,2,2.266 GHz,Socket G1,32 nm,3MB,35 W,"Jan 9th, 2011",baraazaid/cpu-and-gpu-stats
224e6b36566ca5e6cadd,Pentium SU2700,Penryn,1,,1.3,1.3,BGA 956,45.0,,10.0,2009-06-02,True,1,1300 MHz,BGA 956,45 nm,,10 W,"Jun 2nd, 2009",baraazaid/cpu-and-gpu-stats
1f4bba2171adff528461,Pentium SU4100,Penryn,2,,1.3,1.3,BGA 956,45.0,,10.0,2009-09-01,True,2,1300 MHz,BGA 956,45 nm,,10 W,"Sep 1st, 2009",baraazaid/cpu-and-gpu-stats
9de8cc8d1d41c23b3020,Pentium Silver J5005,Coffee Lake,4,,1.5,2.4,BGA 1090,14.0,,10.0,2017-12-01,True,4,1.5 to 2.4 GHz,BGA 1090,14 nm,,10 W,"Dec 1st, 2017",baraazaid/cpu-and-gpu-stats
62eb2f8301dabdb30b07,Pentium U5400,Arrandale,2,,1.2,1.2,BGA 1288,32.0,3.0,18.0,2010-05-25,True,2,1200 MHz,BGA 1288,32 nm,3MB,18 W,"May 25th, 2010",baraazaid/cpu-and-gpu-stats
b63116e9e95229d0a416,Pentium U5600,Arrandale,2,,1.333,1.333,BGA 1288,32.0,3.0,18.0,2011-01-09,True,2,1333 MHz,BGA 1288,32 nm,3MB,18 W,"Jan 9th, 2011",baraazaid/cpu-and-gpu-stats
91174622ab2090b7830c,Phenom II X2 545,Callisto,2,,3.0,3.0,AM3,45.0,6.0,80.0,2009-06-01,True,2,3 GHz,Socket AM3,45 nm,6MB,80 W,"Jun 1st, 2009",baraazaid/cpu-and-gpu-stats
2f9c69f45aa7c9924a73,Phenom II X2 550,Callisto,2,,3.1,3.1,AM3,45.0,6.0,80.0,2009-11-04,True,2,3.1 GHz,Socket AM3,45 nm,6MB,80 W,"Nov 4th, 2009",baraazaid/cpu-and-gpu-stats
90734c00883b1edae859,Phenom II X2 550 BE,Callisto,2,,3.1,3.1,AM3,45.0,6.0,80.0,2009-06-01,True,2,3.1 GHz,Socket AM3,45 nm,6MB,80 W,"Jun 1st, 2009",baraazaid/cpu-and-gpu-stats
ae7e41369fbcb6eefe92,Phenom II X2 555 BE,Callisto,2,,3.2,3.2,AM3,45.0,6.0,80.0,2010-01-25,True,2,3.2 GHz,Socket AM3,45 nm,6MB,80 W,"Jan 25th, 2010",baraazaid/cpu-and-gpu-stats
8cbaa295b0b9d94631c0,Phenom II X2 560 BE,Callisto,2,,3.3,3.3,AM3,45.0,6.0,80.0,2010-09-21,True,2,3.3 GHz,Socket AM3,45 nm,6MB,80 W,"Sep 21st, 2010",baraazaid/cpu-and-gpu-stats
da252deb6ee9b110db3d,Phenom II X2 565 BE,Callisto,2,,3.4,3.4,AM3,45.0,6.0,80.0,2010-12-07,True,2,3.4 GHz,Socket AM3,45 nm,6MB,80 W,"Dec 7th, 2010",baraazaid/cpu-and-gpu-stats
0171db71a5c1da32b551,Phenom II X2 570 BE,Callisto,2,,3.5,3.5,AM3,45.0,6.0,80.0,2010-05-03,True,2,3.5 GHz,Socket AM3,45 nm,6MB,80 W,"May 3rd, 2010",baraazaid/cpu-and-gpu-stats
f0bf9b0735ab0fa78045,Phenom II X2 B53,Callisto,2,,2.8,2.8,AM3,45.0,6.0,80.0,2009-10-01,True,2,2.8 GHz,Socket AM3,45 nm,6MB,80 W,"Oct 1st, 2009",baraazaid/cpu-and-gpu-stats
dbe2c13ebfda380d7eaf,Phenom II X2 B55,Callisto,2,,3.0,3.0,AM3,45.0,6.0,80.0,2009-10-01,True,2,3 GHz,Socket AM3,45 nm,6MB,80 W,"Oct 1st, 2009",baraazaid/cpu-and-gpu-stats
0dbe209b6dd34198f005,Phenom II X2 B57,Callisto,2,,3.2,3.2,AM3,45.0,6.0,80.0,2010-05-11,True,2,3.2 GHz,Socket AM3,45 nm,6MB,80 W,"May 11th, 2010",baraazaid/cpu-and-gpu-stats
857ad7e01441a8cdf451,Phenom II X3 700e,Heka,3,,2.4,2.4,AM3,45.0,6.0,65.0,2009-06-02,True,3,2.4 GHz,Socket AM3,45 nm,6MB,65 W,"Jun 2nd, 2009",baraazaid/cpu-and-gpu-stats
6e2f11622eba14f2fc35,Phenom II X3 705e,Heka,3,,2.5,2.5,AM3,45.0,6.0,65.0,2009-06-02,True,3,2.5 GHz,Socket AM3,45 nm,6MB,65 W,"Jun 2nd, 2009",baraazaid/cpu-and-gpu-stats
474fe79663822ac3097d,Phenom II X3 710,Heka,3,,2.6,2.6,AM3,45.0,6.0,95.0,2009-02-09,True,3,2.6 GHz,Socket AM3,45 nm,6MB,95 W,"Feb 9th, 2009",baraazaid/cpu-and-gpu-stats
78aff35463993ba76dda,Phenom II X3 715 BE,Heka,3,,2.8,2.8,AM2+,45.0,6.0,95.0,2010-10-01,True,3,2.8 GHz,Socket AM2+,45 nm,6MB,95 W,"Oct 1st, 2010",baraazaid/cpu-and-gpu-stats
de6540e28eae9b716421,Phenom II X3 720,Heka,3,,2.8,2.8,AM3,45.0,6.0,95.0,2010-01-01,True,3,2.8 GHz,Socket AM3,45 nm,6MB,95 W,"Jan 1st, 2010",baraazaid/cpu-and-gpu-stats
26eda1b42e69b66e7b82,Phenom II X3 720 BE,Heka,3,,2.8,2.8,AM3,45.0,6.0,95.0,2009-02-09,True,3,2.8 GHz,Socket AM3,45 nm,6MB,95 W,"Feb 9th, 2009",baraazaid/cpu-and-gpu-stats
0cbadac0c198f35b918f,Phenom II X3 740 BE,Heka,3,,3.0,3.0,AM3,45.0,6.0,95.0,2009-09-01,True,3,3 GHz,Socket AM3,45 nm,6MB,95 W,"Sep 1st, 2009",baraazaid/cpu-and-gpu-stats
8648b872b65ec4110f8c,Phenom II X3 B73,Heka,3,,2.8,2.8,AM3,45.0,6.0,95.0,2009-10-01,True,3,2.8 GHz,Socket AM3,45 nm,6MB,95 W,"Oct 1st, 2009",baraazaid/cpu-and-gpu-stats
cdac2ec1a94250cfdb35,Phenom II X3 B75,Heka,3,,3.0,3.0,AM3,45.0,6.0,95.0,2009-10-01,True,3,3 GHz,Socket AM3,45 nm,6MB,95 W,"Oct 1st, 2009",baraazaid/cpu-and-gpu-stats
4f5a2e3c714bc5791e5a,Phenom II X3 B77,Heka,3,,3.2,3.2,AM3,45.0,6.0,95.0,2010-05-11,True,3,3.2 GHz,Socket AM3,45 nm,6MB,95 W,"May 11th, 2010",baraazaid/cpu-and-gpu-stats
bf036c643189b5c034b1,Phenom II X4 650T,Zosma,4,,2.7,3.2,AM3,45.0,4.0,95.0,2011-07-01,True,4,2.7 to 3.2 GHz,Socket AM3,45 nm,4MB,95 W,"Jul 1st, 2011",baraazaid/cpu-and-gpu-stats
aabf23a92ab19ada260a,Phenom II X4 840,Propus,4,,3.2,3.2,AM3,45.0,,95.0,2011-01-04,True,4,3.2 GHz,Socket AM3,45 nm,,95 W,"Jan 4th, 2011",baraazaid/cpu-and-gpu-stats
3dbac25b2eecdad6f4e5,Phenom II X4 840T,Zosma,4,,2.9,3.2,AM3,45.0,6.0,95.0,2010-09-01,True,4,2.9 to 3.2 GHz,Socket AM3,45 nm,6MB,95 W,"Sep 1st, 2010",baraazaid/cpu-and-gpu-stats
16e4924980effa182c62,Phenom II X4 850,Propus,4,,3.3,3.3,AM3,45.0,,95.0,2011-06-01,True,4,3.3 GHz,Socket AM3,45 nm,,95 W,"Jun 1st, 2011",baraazaid/cpu-and-gpu-stats
b699b66ca3f69a6590d7,Phenom II X4 910e,Deneb,4,,2.6,2.6,AM3,45.0,6.0,65.0,2010-01-25,True,4,2.6 GHz,Socket AM3,45 nm,6MB,65 W,"Jan 25th, 2010",baraazaid/cpu-and-gpu-stats
3ad6c655db34e23d7075,Phenom II X4 960T BE,Zosma,4,,3.0,3.4,AM3,45.0,6.0,95.0,2010-06-01,True,4,3 to 3.4 GHz,Socket AM3,45 nm,6MB,95 W,"Jun 1st, 2010",baraazaid/cpu-and-gpu-stats
abb9036be221535ef9d1,Phenom II X4 970 BE,Deneb,4,,3.5,3.5,AM3,45.0,6.0,125.0,2010-09-21,True,4,3.5 GHz,Socket AM3,45 nm,6MB,125 W,"Sep 21st, 2010",baraazaid/cpu-and-gpu-stats
6eaee19d22b8880d3f43,Phenom II X4 970 BE,Zosma,4,,3.5,3.5,AM3,45.0,6.0,125.0,2010-10-01,True,4,3.5 GHz,Socket AM3,45 nm,6MB,125 W,"Oct 1st, 2010",baraazaid/cpu-and-gpu-stats
47952ab1fa1192cc6172,Phenom II X4 975 BE,Deneb,4,,3.6,3.6,AM3,45.0,6.0,125.0,2011-01-04,True,4,3.6 GHz,Socket AM3,45 nm,6MB,125 W,"Jan 4th, 2011",baraazaid/cpu-and-gpu-stats
15ba6633c987152534fb,Phenom II X4 980 BE,Deneb,4,,3.7,3.7,AM3,45.0,6.0,125.0,2011-05-03,True,4,3.7 GHz,Socket AM3,45 nm,6MB,125 W,"May 3rd, 2011",baraazaid/cpu-and-gpu-stats
d39a3ccb5ccee0a6ea15,Phenom II X4 B97,Deneb,4,,3.2,3.2,AM3,45.0,6.0,95.0,2010-05-11,True,4,3.2 GHz,Socket AM3,45 nm,6MB,95 W,"May 11th, 2010",baraazaid/cpu-and-gpu-stats
32ddc39f166fd65c8213,Phenom II X6 1035T,Thuban,6,,2.6,3.1,AM3,45.0,6.0,95.0,2010-04-27,True,6,2.6 to 3.1 GHz,Socket AM3,45 nm,6MB,95 W,"Apr 27th, 2010",baraazaid/cpu-and-gpu-stats
ba600ed261c43f296d66,Phenom II X6 1045T,Thuban,6,,2.7,3.2,AM3,45.0,6.0,95.0,2010-09-01,True,6,2.7 to 3.2 GHz,Socket AM3,45 nm,6MB,95 W,"Sep 1st, 2010",baraazaid/cpu-and-gpu-stats
cc780fb805c3a5f52da2,Phenom II X6 1055T (125W),Thuban,6,,2.8,3.3,AM3,45.0,6.0,125.0,2010-04-27,True,6,2.8 to 3.3 GHz,Socket AM3,45 nm,6MB,125 W,"Apr 27th, 2010",baraazaid/cpu-and-gpu-stats
461e9491acdb177b8a6d,Phenom II X6 1055T (95W),Thuban,6,,2.8,3.3,AM3,45.0,6.0,95.0,2010-05-01,True,6,2.8 to 3.3 GHz,Socket AM3,45 nm,6MB,95 W,"May 1st, 2010",baraazaid/cpu-and-gpu-stats
a029f68f2fbef1207407,Phenom II X6 1065T,Thuban,6,,2.9,3.4,AM3,45.0,6.0,125.0,2010-12-07,True,6,2.9 to 3.4 GHz,Socket AM3,45 nm,6MB,125 W,"Dec 7th, 2010",baraazaid/cpu-and-gpu-stats
9b823d0c94ca7fd57714,Phenom II X6 1075T,Thuban,6,,3.0,3.5,AM3,45.0,6.0,125.0,2010-09-21,True,6,3 to 3.5 GHz,Socket AM3,45 nm,6MB,125 W,"Sep 21st, 2010",baraazaid/cpu-and-gpu-stats
9ab5587aa480553e5b27,Phenom II X6 1090T BE,Thuban,6,,3.2,3.6,AM3,45.0,6.0,125.0,2010-04-27,True,6,3.2 to 3.6 GHz,Socket AM3,45 nm,6MB,125 W,"Apr 27th, 2010",baraazaid/cpu-and-gpu-stats
390e188b4a591198919e,Phenom II X6 1100T BE,Thuban,6,,3.3,3.7,AM3,45.0,6.0,125.0,2010-12-07,True,6,3.3 to 3.7 GHz,Socket AM3,45 nm,6MB,125 W,"Dec 7th, 2010",baraazaid/cpu-and-gpu-stats
6c6213120c378bb646b3,Phenom X3 8250e,Toliman,3,,1.9000000000000001,1.9000000000000001,AM2+,65.0,2.0,65.0,2008-09-08,True,3,1900 MHz,Socket AM2+,65 nm,2MB,65 W,"Sep 8th, 2008",baraazaid/cpu-and-gpu-stats
91454c2c6983d2171891,Phenom X3 8400,Toliman,3,,2.1,2.1,AM2+,65.0,2.0,95.0,2008-03-27,True,3,2.1 GHz,Socket AM2+,65 nm,2MB,95 W,"Mar 27th, 2008",baraazaid/cpu-and-gpu-stats
24e174b6dd3b7e6d55d5,Phenom X3 8450,Toliman,3,,2.1,2.1,AM2+,65.0,2.0,95.0,2008-04-23,True,3,2.1 GHz,Socket AM2+,65 nm,2MB,95 W,"Apr 23rd, 2008",baraazaid/cpu-and-gpu-stats
520f0e8edf1ca0956721,Phenom X3 8450e,Toliman,3,,2.1,2.1,AM2+,65.0,2.0,65.0,2008-09-08,True,3,2.1 GHz,Socket AM2+,65 nm,2MB,65 W,"Sep 8th, 2008",baraazaid/cpu-and-gpu-stats
8def9cd247329990afe1,Phenom X3 8550,Toliman,3,,2.2,2.2,AM2+,65.0,2.0,95.0,2008-04-23,True,3,2.2 GHz,Socket AM2+,65 nm,2MB,95 W,"Apr 23rd, 2008",baraazaid/cpu-and-gpu-stats
28ea1b525d815a2383a2,Phenom X3 8600,Toliman,3,,2.3,2.3,AM2+,65.0,2.0,95.0,2008-03-27,True,3,2.3 GHz,Socket AM2+,65 nm,2MB,95 W,"Mar 27th, 2008",baraazaid/cpu-and-gpu-stats
d52dc81d3218cb8a93f8,Phenom X3 8650,Toliman,3,,2.3,2.3,AM2+,65.0,2.0,95.0,2008-04-23,True,3,2.3 GHz,Socket AM2+,65 nm,2MB,95 W,"Apr 23rd, 2008",baraazaid/cpu-and-gpu-stats
e5361deda41041e3cb9c,Phenom X3 8750,Toliman,3,,2.4,2.4,AM2+,65.0,2.0,95.0,2008-04-23,True,3,2.4 GHz,Socket AM2+,65 nm,2MB,95 W,"Apr 23rd, 2008",baraazaid/cpu-and-gpu-stats
b2640d1b2fa843ac5671,Phenom X3 8750 BE,Toliman,3,,2.4,2.4,AM2+,65.0,2.0,95.0,2008-09-08,True,3,2.4 GHz,Socket AM2+,65 nm,2MB,95 W,"Sep 8th, 2008",baraazaid/cpu-and-gpu-stats
5b4e31e7dace030981b9,Phenom X3 8850,Toliman,3,,2.5,2.5,AM2+,65.0,2.0,95.0,2008-10-21,True,3,2.5 GHz,Socket AM2+,65 nm,2MB,95 W,"Oct 21st, 2008",baraazaid/cpu-and-gpu-stats
f0aac806c90a2e077e8a,Phenom X4 9100e,Agena,4,,1.8,1.8,AM2+,65.0,2.0,65.0,2008-03-27,True,4,1800 MHz,Socket AM2+,65 nm,2MB,65 W,"Mar 27th, 2008",baraazaid/cpu-and-gpu-stats
d678ce870cdd3b99d842,Phenom X4 9150e,Agena,4,,1.8,1.8,AM2+,65.0,2.0,65.0,2008-07-01,True,4,1800 MHz,Socket AM2+,65 nm,2MB,65 W,"Jul 1st, 2008",baraazaid/cpu-and-gpu-stats
d4aa5097af36d12a964e,Phenom X4 9350e,Agena,4,,2.0,2.0,AM2+,65.0,2.0,65.0,2008-07-01,True,4,2000 MHz,Socket AM2+,65 nm,2MB,65 W,"Jul 1st, 2008",baraazaid/cpu-and-gpu-stats
1256c1c36d675312a8c3,Phenom X4 9450e,Agena,4,,2.1,2.1,AM2+,65.0,2.0,65.0,2008-10-01,True,4,2.1 GHz,Socket AM2+,65 nm,2MB,65 W,"Oct 1st, 2008",baraazaid/cpu-and-gpu-stats
2c013be412b4920fb542,Phenom X4 9550,Agena,4,,2.2,2.2,AM2+,65.0,2.0,95.0,2008-03-27,True,4,2.2 GHz,Socket AM2+,65 nm,2MB,95 W,"Mar 27th, 2008",baraazaid/cpu-and-gpu-stats
53d4c5a842b79bc1b6c4,Phenom X4 9600B,Agena,4,,2.3,2.3,AM2+,65.0,2.0,95.0,2008-04-28,True,4,2.3 GHz,Socket AM2+,65 nm,2MB,95 W,"Apr 28th, 2008",baraazaid/cpu-and-gpu-stats
a5814c9fc5223dd4ad26,Phenom X4 9650,Agena,4,,2.3,2.3,AM2+,65.0,2.0,95.0,2008-03-27,True,4,2.3 GHz,Socket AM2+,65 nm,2MB,95 W,"Mar 27th, 2008",baraazaid/cpu-and-gpu-stats
bded3e89219b35c4b828,Phenom X4 9750 (125W),Agena,4,,2.4,2.4,AM2+,65.0,2.0,125.0,2008-03-27,True,4,2.4 GHz,Socket AM2+,65 nm,2MB,125 W,"Mar 27th, 2008",baraazaid/cpu-and-gpu-stats
fd3c7539529785006518,Phenom X4 9750 (95W),Agena,4,,2.4,2.4,AM2+,65.0,2.0,95.0,2008-03-27,True,4,2.4 GHz,Socket AM2+,65 nm,2MB,95 W,"Mar 27th, 2008",baraazaid/cpu-and-gpu-stats
8b227b66e601f9aecb6a,Phenom X4 9750B,Agena,4,,2.4,2.4,AM2+,65.0,2.0,95.0,2008-08-15,True,4,2.4 GHz,Socket AM2+,65 nm,2MB,95 W,"Aug 15th, 2008",baraazaid/cpu-and-gpu-stats
e128d8dc8ca151a90b52,Phenom X4 9850 (125W),Agena,4,,2.5,2.5,AM2+,65.0,2.0,125.0,2008-07-01,True,4,2.5 GHz,Socket AM2+,65 nm,2MB,125 W,"Jul 1st, 2008",baraazaid/cpu-and-gpu-stats
90706d030d0c8dc9d4a6,Phenom X4 9850 (95W),Agena,4,,2.5,2.5,AM2+,65.0,2.0,95.0,2008-10-01,True,4,2.5 GHz,Socket AM2+,65 nm,2MB,95 W,"Oct 1st, 2008",baraazaid/cpu-and-gpu-stats
d73591c2ea0594bc1b45,Phenom X4 9850 BE,Agena,4,,2.5,2.5,AM2+,65.0,2.0,125.0,2008-03-27,True,4,2.5 GHz,Socket AM2+,65 nm,2MB,125 W,"Mar 27th, 2008",baraazaid/cpu-and-gpu-stats
c865ac716e77c32a7378,Phenom X4 9850B,Agena,4,,2.5,2.5,AM2+,65.0,2.0,95.0,2008-08-15,True,4,2.5 GHz,Socket AM2+,65 nm,2MB,95 W,"Aug 15th, 2008",baraazaid/cpu-and-gpu-stats
95106c4f30e079906062,Phenom X4 9950 BE (125W),Agena,4,,2.6,2.6,AM2+,65.0,2.0,125.0,2008-10-01,True,4,2.6 GHz,Socket AM2+,65 nm,2MB,125 W,"Oct 1st, 2008",baraazaid/cpu-and-gpu-stats
3c3a0058552134772485,Phenom X4 9950 BE (140W),Agena,4,,2.6,2.6,AM2+,65.0,2.0,140.0,2008-03-27,True,4,2.6 GHz,Socket AM2+,65 nm,2MB,140 W,"Mar 27th, 2008",baraazaid/cpu-and-gpu-stats
4137603692f173c4d90d,Processor N100,,,,,,,,,,,False,,,,,,,,baraazaid/cpu-and-gpu-stats
f7d59525be9045388916,Processor N200,,,,,,,,,,,False,,,,,,,,baraazaid/cpu-and-gpu-stats
c64fc7d7af43d9799cd1,Processor N50,,,,,,,,,,,False,,,,,,,,baraazaid/cpu-and-gpu-stats
1b746bda22e040d0b2b1,Processor N97,,,,,,,,,,,False,,,,,,,,baraazaid/cpu-and-gpu-stats
9787625546c57218a046,Ryzen 3 1200,Zen,4,,3.1,3.4,AM4,14.0,8.0,65.0,2017-07-27,True,4,3.1 to 3.4 GHz,Socket AM4,14 nm,8MB,65 W,"Jul 27th, 2017",baraazaid/cpu-and-gpu-stats
a4294a5d7817629addfe,Ryzen 3 1300,Zen,4,,3.2,3.5,AM4,14.0,8.0,65.0,2017-04-11,True,4,3.2 to 3.5 GHz,Socket AM4,14 nm,8MB,65 W,"Apr 11th, 2017",baraazaid/cpu-and-gpu-stats
59525ed28560dcf7b392,Ryzen 3 1300X,Zen,4,,3.4,3.7,AM4,14.0,8.0,65.0,2017-07-27,True,4,3.4 to 3.7 GHz,Socket AM4,14 nm,8MB,65 W,"Jul 27th, 2017",baraazaid/cpu-and-gpu-stats
c21ee7156b75e2a1ce78,Ryzen 3 3100,,,,,,,,,,,False,,,,,,,,baraazaid/cpu-and-gpu-stats
6eaeb0a22adf70aa5943,Ryzen 3 3200G,,,,,,,,,,,False,,,,,,,,baraazaid/cpu-and-gpu-stats
f5688a6a8979e72bebc4,Ryzen 3 3200GE,,,,,,,,,,,False,,,,,,,,baraazaid/cpu-and-gpu-stats
b54eb8509fd8709c7e17,Ryzen 3 3200U,,,,,,,,,,,False,,,,,,,,baraazaid/cpu-and-gpu-stats
ebd97b8d919ea0a8ab18,Ryzen 3 3300U,,,,,,,,,,,False,,,,,,,,baraazaid/cpu-and-gpu-stats
dcb64b556d14ab662156,Ryzen 3 3300X,,,,,,,,,,,False,,,,,,,,baraazaid/cpu-and-gpu-stats
af19e4eb88236e075ff3,Ryzen 3 4300G,,,,,,,,,,,False,,,,,,,,baraazaid/cpu-and-gpu-stats
df57657630b6e63dae4b,Ryzen 3 4300GE,,,,,,,,,,,False,,,,,,,,baraazaid/cpu-and-gpu-stats
41be52690281dd6b0335,Ryzen 3 4300U,,,,,,,,,,,False,,,,,,,,baraazaid/cpu-and-gpu-stats
19795661230bddcadefc,Ryzen 3 5300G,Cezanne,4,8,4.0,4.2,AM4,7.0,8.0,65.0,2021-04-13,True,4 / 8,4 to 4.2 GHz,Socket AM4,7 nm,8MB,65 W,"Apr 13th, 2021",baraazaid/cpu-and-gpu-stats
c0333e857959ba792375,Ryzen 3 5300U,Lucienne,4,8,2.6,3.8,FP6,7.0,4.0,15.0,2021-01-12,True,4 / 8,2.6 to 3.8 GHz,Socket FP6,7 nm,4MB,15 W,"Jan 12th, 2021",baraazaid/cpu-and-gpu-stats
3638a6b1c5ed9e088fdc,Ryzen 3 5400U,Cezanne-U,4,8,2.6,4.0,FP6,7.0,8.0,15.0,2021-01-12,True,4 / 8,2.6 to 4 GHz,Socket FP6,7 nm,8MB,15 W,"Jan 12th, 2021",baraazaid/cpu-and-gpu-stats
f5978eac51627f9e2085,Ryzen 3 7330U,,,,,,,,,,,False,,,,,,,,baraazaid/cpu-and-gpu-stats
905e5069543344e2556d,Ryzen 3 7335U,,,,,,,,,,,False,,,,,,,,baraazaid/cpu-and-gpu-stats
36af917cf379e899ae8b,Ryzen 3 PRO 1200,Zen,4,,3.1,3.4,AM4,14.0,8.0,65.0,2017-06-29,True,4,3.1 to 3.4 GHz,Socket AM4,14 nm,8MB,65 W,"Jun 29th, 2017",baraazaid/cpu-and-gpu-stats
25e0ae850bba9be0bf5e,Ryzen 3 PRO 1300,Zen,4,,3.5,3.7,AM4,14.0,8.0,65.0,2017-06-29,True,4,3.5 to 3.7 GHz,Socket AM4,14 nm,8MB,65 W,"Jun 29th, 2017",baraazaid/cpu-and-gpu-stats
f2b1b5c28d129f1f5f7f,Ryzen 3 PRO 2300U,,,,,,,,,,,False,,,,,,,,baraazaid/cpu-and-gpu-stats
b9a39ad1b0f72b3ac7ab,Ryzen 3 PRO 3200GE,,,,,,,,,,,False,,,,,,,,baraazaid/cpu-and-gpu-stats
44aa08527962526af70e,Ryzen 3 PRO 3300U,,,,,,,,,,,False,,,,,,,,baraazaid/cpu-and-gpu-stats
9c7af688505e190fdbb6,Ryzen 3 PRO 4350G,,,,,,,,,,,False,,,,,,,,baraazaid/cpu-and-gpu-stats
c8cda9702273fa398c1a,Ryzen 3 PRO 4350GE,,,,,,,,,,,False,,,,,,,,baraazaid/cpu-and-gpu-stats
cc8f07157092b208f1a2,Ryzen 3 PRO 4450U,,,,,,,,,,,False,,,,,,,,baraazaid/cpu-and-gpu-stats
9c27b5e02712094fcbea,Ryzen 3 PRO 5350G,Cezanne,4,8,4.0,4.2,AM4,7.0,8.0,65.0,2021-06-01,True,4 / 8,4 to 4.2 GHz,Socket AM4,7 nm,8MB,65 W,"Jun 1st, 2021",baraazaid/cpu-and-gpu-stats
5abaac7b45874691bb10,Ryzen 3 PRO 5350GE,Cezanne,4,8,3.6,4.2,AM4,7.0,8.0,35.0,2021-06-01,True,4 / 8,3.6 to 4.2 GHz,Socket AM4,7 nm,8MB,35 W,"Jun 1st, 2021",baraazaid/cpu-and-gpu-stats
8f80230510de711d7194,Ryzen 3 PRO 5450U,Cezanne-U,4,8,2.6,4.0,FP6,7.0,8.0,15.0,2021-03-16,True,4 / 8,2.6 to 4 GHz,Socket FP6,7 nm,8MB,15 W,"Mar 16th, 2021",baraazaid/cpu-and-gpu-stats
a0b79ed64bb42a010a7a,Ryzen 5 1400,Zen,4,8,3.2,3.4,AM4,14.0,8.0,65.0,2017-04-11,True,4 / 8,3.2 to 3.4 GHz,Socket AM4,14 nm,8MB,65 W,"Apr 11th, 2017",baraazaid/cpu-and-gpu-stats
38e84073921cf3d263f4,Ryzen 5 1500X,Zen,4,8,3.5,3.7,AM4,14.0,16.0,65.0,2017-04-11,True,4 / 8,3.5 to 3.7 GHz,Socket AM4,14 nm,16MB,65 W,"Apr 11th, 2017",baraazaid/cpu-and-gpu-stats
ee88270b772777cb0dc3,Ryzen 5 1600,Zen,6,12,3.2,3.6,AM4,14.0,16.0,65.0,2017-04-11,True,6 / 12,3.2 to 3.6 GHz,Socket AM4,14 nm,16MB,65 W,"Apr 11th, 2017",baraazaid/cpu-and-gpu-stats
fbb0b3398cf1ce7d7baf,Ryzen 5 1600X,Zen,6,12,3.6,4.0,AM4,14.0,16.0,95.0,2017-04-11,True,6 / 12,3.6 to 4 GHz,Socket AM4,14 nm,16MB,95 W,"Apr 11th, 2017",baraazaid/cpu-and-gpu-stats
5bf0689ab4e1bbc37bbc,Ryzen 5 2500U,Raven Ridge,4,8,2.0,3.6,FP5,14.0,4.0,15.0,2017-10-26,True,4 / 8,2 to 3.6 GHz,Socket FP5,14 nm,4MB,15 W,"Oct 26th, 2017",baraazaid/cpu-and-gpu-stats
0cafd64586c37d753105,Ryzen 5 3400G,,,,,,,,,,,False,,,,,,,,baraazaid/cpu-and-gpu-stats
c61da1aeb481429eeb63,Ryzen 5 3400GE,,,,,,,,,,,False,,,,,,,,baraazaid/cpu-and-gpu-stats
432293ee99565f675681,Ryzen 5 3500U,,,,,,,,,,,False,,,,,,,,baraazaid/cpu-and-gpu-stats
ee7431aae8f7de55eb79,Ryzen 5 3550H,,,,,,,,,,,False,,,,,,,,baraazaid/cpu-and-gpu-stats
500f6f8d7ea74f6f7a73,Ryzen 5 3580U,,,,,,,,,,,False,,,,,,,,baraazaid/cpu-and-gpu-stats
b8222c87b163063a01cc,Ryzen 5 4500U,,,,,,,,,,,False,,,,,,,,baraazaid/cpu-and-gpu-stats
0b3d2cc74837ac92d263,Ryzen 5 4600G,,,,,,,,,,,False,,,,,,,,baraazaid/cpu-and-gpu-stats
93cbe5cb73d3bdd56c89,Ryzen 5 4600GE,,,,,,,,,,,False,,,,,,,,baraazaid/cpu-and-gpu-stats
157d428fc3c966e3a122,Ryzen 5 4600H,,,,,,,,,,,False,,,,,,,,baraazaid/cpu-and-gpu-stats
516078967286083d61ed,Ryzen 5 4600HS,,,,,,,,,,,False,,,,,,,,baraazaid/cpu-and-gpu-stats
cdb0aeaff74f686f75e8,Ryzen 5 4600U,,,,,,,,,,,False,,,,,,,,baraazaid/cpu-and-gpu-stats
1f897a54c27edd432d19,Ryzen 5 5500U,Lucienne,6,12,2.1,4.0,FP6,7.0,8.0,15.0,2021-01-12,True,6 / 12,2.1 to 4 GHz,Socket FP6,7 nm,8MB,15 W,"Jan 12th, 2021",baraazaid/cpu-and-gpu-stats
08bb65fa405921bec6d4,Ryzen 5 5600G,Cezanne,6,12,3.9,4.4,AM4,7.0,16.0,65.0,2021-04-13,True,6 / 12,3.9 to 4.4 GHz,Socket AM4,7 nm,16MB,65 W,"Apr 13th, 2021",baraazaid/cpu-and-gpu-stats
50181c0619d159376a86,Ryzen 5 5600U,Cezanne-U,6,12,2.3,4.2,FP6,7.0,16.0,15.0,2021-01-12,True,6 / 12,2.3 to 4.2 GHz,Socket FP6,7 nm,16MB,15 W,"Jan 12th, 2021",baraazaid/cpu-and-gpu-stats
93a75cc2775626b4462a,Ryzen 5 5600X,,,,,,,,,,,False,,,,,,,,baraazaid/cpu-and-gpu-stats
f855fffb45338a27020e,Ryzen 5 7530U,,,,,,,,,,,False,,,,,,,,baraazaid/cpu-and-gpu-stats
5285b172e064a1ab11a9,Ryzen 5 7535HS,,,,,,,,,,,False,,,,,,,,baraazaid/cpu-and-gpu-stats
04937f6b5e1bb565c0e9,Ryzen 5 7535U,,,,,,,,,,,False,,,,,,,,baraazaid/cpu-and-gpu-stats
23eec3ffdde459eb6f3a,Ryzen 5 7600,,,,,,,,,,,False,,,,,,,,baraazaid/cpu-and-gpu-stats
f9c0626b7b91f0627cb6,Ryzen 5 7640HS,,,,,,,,,,,False,,,,,,,,baraazaid/cpu-and-gpu-stats
67a93b2e20abee966cae,Ryzen 5 7645HX,,,,,,,,,,,False,,,,,,,,baraazaid/cpu-and-gpu-stats
67900d89260bd4a6ab32,Ryzen 5 PRO 1500,Zen,4,8,3.5,3.7,AM4,14.0,16.0,65.0,2017-06-29,True,4 / 8,3.5 to 3.7 GHz,Socket AM4,14 nm,16MB,65 W,"Jun 29th, 2017",baraazaid/cpu-and-gpu-stats
a1cc4e090de7a30855f0,Ryzen 5 PRO 1600,Zen,6,12,3.2,3.6,AM4,14.0,16.0,65.0,2017-06-29,True,6 / 12,3.2 to 3.6 GHz,Socket AM4,14 nm,16MB,65 W,"Jun 29th, 2017",baraazaid/cpu-and-gpu-stats
dfc4cd248b5d0baea114,Ryzen 5 PRO 2500U,,,,,,,,,,,False,,,,,,,,baraazaid/cpu-and-gpu-stats
6085f669b9d972d3e94b,Ryzen 5 PRO 3400GE,,,,,,,,,,,False,,,,,,,,baraazaid/cpu-and-gpu-stats
6db27101ae6e9907dbd2,Ryzen 5 PRO 3500U,,,,,,,,,,,False,,,,,,,,baraazaid/cpu-and-gpu-stats
55089972bf5d1935daca,Ryzen 5 PRO 4650G,,,,,,,,,,,False,,,,,,,,baraazaid/cpu-and-gpu-stats
76448abca6faa800da61,Ryzen 5 PRO 4650GE,,,,,,,,,,,False,,,,,,,,baraazaid/cpu-and-gpu-stats
4e6e6864f3f1e3a6a214,Ryzen 5 PRO 4650U,,,,,,,,,,,False,,,,,,,,baraazaid/cpu-and-gpu-stats
dcd4cc38cfc136ef1b09,Ryzen 5 PRO 5650G,Cezanne,6,12,3.9,4.4,AM4,7.0,16.0,65.0,2021-06-01,True,6 / 12,3.9 to 4.4 GHz,Socket AM4,7 nm,16MB,65 W,"Jun 1st, 2021",baraazaid/cpu-and-gpu-stats
148528e38952482497ea,Ryzen 5 PRO 5650GE,Cezanne,6,12,3.4,4.4,AM4,7.0,16.0,35.0,2021-06-01,True,6 / 12,3.4 to 4.4 GHz,Socket AM4,7 nm,16MB,35 W,"Jun 1st, 2021",baraazaid/cpu-and-gpu-stats
5d77d7ea5feb1e8598c3,Ryzen 5 PRO 5650U,Cezanne-U,6,12,2.3,4.2,FP6,7.0,16.0,15.0,2021-03-16,True,6 / 12,2.3 to 4.2 GHz,Socket FP6,7 nm,16MB,15 W,"Mar 16th, 2021",baraazaid/cpu-and-gpu-stats
de291c9aca8bd8aa44f0,Ryzen 7 2700U,Raven Ridge,4,8,2.2,3.8,FP5,14.0,4.0,15.0,2017-10-26,True,4 / 8,2.2 to 3.8 GHz,Socket FP5,14 nm,4MB,15 W,"Oct 26th, 2017",baraazaid/cpu-and-gpu-stats
dc16dbc34ba9e18c2af6,Ryzen 7 3700U,,,,,,,,,,,False,,,,,,,,baraazaid/cpu-and-gpu-stats
d53dd5a827cffbf6509b,Ryzen 7 3750H,,,,,,,,,,,False,,,,,,,,baraazaid/cpu-and-gpu-stats
09e3a5f32e1088267237,Ryzen 7 3780U,,,,,,,,,,,False,,,,,,,,baraazaid/cpu-and-gpu-stats
00741caeb9f0ecea0ab1,Ryzen 7 3800XT,,,,,,,,,,,False,,,,,,,,baraazaid/cpu-and-gpu-stats
a77a062fd642ec9e0d8f,Ryzen 7 4700G,,,,,,,,,,,False,,,,,,,,baraazaid/cpu-and-gpu-stats
f93230e969df619bc452,Ryzen 7 4700GE,,,,,,,,,,,False,,,,,,,,baraazaid/cpu-and-gpu-stats
39ee675a2ed161e1708c,Ryzen 7 4700U,,,,,,,,,,,False,,,,,,,,baraazaid/cpu-and-gpu-stats
21be8574843d7c97b089,Ryzen 7 4750U,,,,,,,,,,,False,,,,,,,,baraazaid/cpu-and-gpu-stats
74cbae26b38aa1f5a05d,Ryzen 7 4800H,,,,,,,,,,,False,,,,,,,,baraazaid/cpu-and-gpu-stats
946c8b09dbebff0a9d89,Ryzen 7 4800HS,,,,,,,,,,,False,,,,,,,,baraazaid/cpu-and-gpu-stats
a8464ef8c89583e6a071,Ryzen 7 4800U,,,,,,,,,,,False,,,,,,,,baraazaid/cpu-and-gpu-stats
982e10c940f71786f336,Ryzen 7 5700G,Cezanne,8,16,3.8,4.6,AM4,7.0,16.0,65.0,2021-04-13,True,8 / 16,3.8 to 4.6 GHz,Socket AM4,7 nm,16MB,65 W,"Apr 13th, 2021",baraazaid/cpu-and-gpu-stats
b9d5cc270fc2211e59b5,Ryzen 7 5700U,Lucienne,8,16,1.8,4.3,FP6,7.0,8.0,15.0,2021-01-12,True,8 / 16,1.8 to 4.3 GHz,Socket FP6,7 nm,8MB,15 W,"Jan 12th, 2021",baraazaid/cpu-and-gpu-stats
1bee6bf1fa8203745fdd,Ryzen 7 5800,Vermeer,8,16,3.4,4.6,AM4,7.0,32.0,65.0,2021-01-12,True,8 / 16,3.4 to 4.6 GHz,Socket AM4,7 nm,32MB,65 W,"Jan 12th, 2021",baraazaid/cpu-and-gpu-stats
f0a7a2e7fe77057924ff,Ryzen 7 5800G,Cezanne,8,16,3.8,4.8,AM4,7.0,16.0,65.0,,True,8 / 16,3.8 to 4.8 GHz,Socket AM4,7 nm,16MB,65 W,Unknown,baraazaid/cpu-and-gpu-stats
639415b7ef57ddbbc8b5,Ryzen 7 5800H,Cezanne,8,16,3.2,4.4,FP6,7.0,16.0,45.0,2021-01-12,True,8 / 16,3.2 to 4.4 GHz,Socket FP6,7 nm,16MB,45 W,"Jan 12th, 2021",baraazaid/cpu-and-gpu-stats
55b044bff47d3bbac3cf,Ryzen 7 5800HS,Cezanne,8,16,2.8,4.4,FP6,7.0,16.0,35.0,2021-01-12,True,8 / 16,2.8 to 4.4 GHz,Socket FP6,7 nm,16MB,35 W,"Jan 12th, 2021",baraazaid/cpu-and-gpu-stats
f40bf9c07f6d9dbdbbc0,Ryzen 7 5800U,Cezanne-U,8,16,1.9,4.4,FP6,7.0,16.0,15.0,2021-01-12,True,8 / 16,1.9 to 4.4 GHz,Socket FP6,7 nm,16MB,15 W,"Jan 12th, 2021",baraazaid/cpu-and-gpu-stats
eac116f255927a4e9e29,Ryzen 7 5800X,,,,,,,,,,,False,,,,,,,,baraazaid/cpu-and-gpu-stats
51146a3a8379024c7198,Ryzen 7 7700,,,,,,,,,,,False,,,,,,,,baraazaid/cpu-and-gpu-stats
ccab3c2a324aac188bb8,Ryzen 7 7730U,,,,,,,,,,,False,,,,,,,,baraazaid/cpu-and-gpu-stats
f4d0959893a41204e77c,Ryzen 7 7735HS,,,,,,,,,,,False,,,,,,,,baraazaid/cpu-and-gpu-stats
89e31a6db32a82d8299a,Ryzen 7 7735U,,,,,,,,,,,False,,,,,,,,baraazaid/cpu-and-gpu-stats
f263ae8f827b0e075b2e,Ryzen 7 7745HX,,,,,,,,,,,False,,,,,,,,baraazaid/cpu-and-gpu-stats
92dfbafcfbb77dcd0579,Ryzen 7 7800X3D,,,,,,,,,,,False,,,,,,,,baraazaid/cpu-and-gpu-stats
9bbcdee2b7dc113b0d17,Ryzen 7 7840HS,,,,,,,,,,,False,,,,,,,,baraazaid/cpu-and-gpu-stats
7143b6dcc0e0f090fbf2,Ryzen 7 PRO 2700U,Raven Ridge,4,8,2.2,3.8,FP5,14.0,4.0,15.0,2017-10-26,True,4 / 8,2.2 to 3.8 GHz,Socket FP5,14 nm,4MB,15 W,"Oct 26th, 2017",baraazaid/cpu-and-gpu-stats
4f277367eecd6aa6e91e,Ryzen 7 PRO 3700U,,,,,,,,,,,False,,,,,,,,baraazaid/cpu-and-gpu-stats
518d264441609327997d,Ryzen 7 PRO 4750G,,,,,,,,,,,False,,,,,,,,baraazaid/cpu-and-gpu-stats
bdd7afef9802fd4fc14d,Ryzen 7 PRO 4750GE,,,,,,,,,,,False,,,,,,,,baraazaid/cpu-and-gpu-stats
368d36b00683e1ac79ff,Ryzen 7 PRO 5750G,Cezanne,8,16,3.8,4.6,AM4,7.0,16.0,65.0,2021-06-01,True,8 / 16,3.8 to 4.6 GHz,Socket AM4,7 nm,16MB,65 W,"Jun 1st, 2021",baraazaid/cpu-and-gpu-stats
039e3cb8950c39a08621,Ryzen 7 PRO 5750GE,Cezanne,8,16,3.2,4.6,AM4,7.0,16.0,35.0,2021-06-01,True,8 / 16,3.2 to 4.6 GHz,Socket AM4,7 nm,16MB,35 W,"Jun 1st, 2021",baraazaid/cpu-and-gpu-stats
fa41821b51d8ce3508f6,Ryzen 7 PRO 5850U,Cezanne-U,8,16,1.9,4.4,FP6,7.0,16.0,15.0,2021-03-16,True,8 / 16,1.9 to 4.4 GHz,Socket FP6,7 nm,16MB,15 W,"Mar 16th, 2021",baraazaid/cpu-and-gpu-stats
2f0080270c4a92013f21,Ryzen 9 3900X,Matisse,12,24,3.8,4.6,AM4,7.0,64.0,105.0,2019-07-07,True,12 / 24,3.8 to 4.6 GHz,Socket AM4,7 nm,64MB,105 W,"Jul 7th, 2019",baraazaid/cpu-and-gpu-stats
c4d97e70a8f9d0e7360f,Ryzen 9 3900XT,Matisse 2,12,24,3.9,4.7,AM4,7.0,64.0,105.0,2020-07-07,True,12 / 24,3.9 to 4.7 GHz,Socket AM4,7 nm,64MB,105 W,"Jul 7th, 2020",baraazaid/cpu-and-gpu-stats
2b7dda186cf5ad5b7839,Ryzen 9 3950X,Matisse,16,32,3.5,4.7,AM4,7.0,64.0,105.0,2019-11-25,True,16 / 32,3.5 to 4.7 GHz,Socket AM4,7 nm,64MB,105 W,"Nov 25th, 2019",baraazaid/cpu-and-gpu-stats
406d7d8858b03475337a,Ryzen 9 4900H,,,,,,,,,,,False,,,,,,,,baraazaid/cpu-and-gpu-stats
d585deed5e7dc7fb9274,Ryzen 9 4900HS,,,,,,,,,,,False,,,,,,,,baraazaid/cpu-and-gpu-stats
bc6e6f150573a5c1bf0c,Ryzen 9 5900,Vermeer,12,24,3.0,4.7,AM4,7.0,64.0,65.0,2021-01-12,True,12 / 24,3 to 4.7 GHz,Socket AM4,7 nm,64MB,65 W,"Jan 12th, 2021",baraazaid/cpu-and-gpu-stats
01d619df4fce746659c9,Ryzen 9 5900HX,Cezanne,8,16,3.3,4.6,FP6,7.0,16.0,45.0,2021-01-12,True,8 / 16,3.3 to 4.6 GHz,Socket FP6,7 nm,16MB,45 W,"Jan 12th, 2021",baraazaid/cpu-and-gpu-stats
2f11a40b4afc3d99aaa3,Ryzen 9 5900X,Vermeer,12,24,3.7,4.8,AM4,7.0,64.0,105.0,2020-11-05,True,12 / 24,3.7 to 4.8 GHz,Socket AM4,7 nm,64MB,105 W,"Nov 5th, 2020",baraazaid/cpu-and-gpu-stats
e0d8cf9362021037f8f1,Ryzen 9 5950X,Vermeer,16,32,3.4,4.9,AM4,7.0,64.0,105.0,2020-11-05,True,16 / 32,3.4 to 4.9 GHz,Socket AM4,7 nm,64MB,105 W,"Nov 5th, 2020",baraazaid/cpu-and-gpu-stats
387b9318d7f7409f55eb,Ryzen 9 5980HS,Cezanne,8,16,3.0,4.8,FP6,7.0,16.0,35.0,2021-01-12,True,8 / 16,3 to 4.8 GHz,Socket FP6,7 nm,16MB,35 W,"Jan 12th, 2021",baraazaid/cpu-and-gpu-stats
2956c8f49d273faacb03,Ryzen 9 7845HX,Dragon Range,12,24,3.0,5.2,FP8,5.0,64.0,55.0,2023-01-04,True,12 / 24,3 to 5.2 GHz,Socket FP8,5 nm,64MB,55 W,"Jan 4th, 2023",baraazaid/cpu-and-gpu-stats
35820045a63c617ce96e,Ryzen 9 7900,Raphael,12,24,7.3,5.4,AM5,5.0,64.0,65.0,2023-01-14,True,12 / 24,7.3 to 5.4 GHz,Socket AM5,5 nm,64MB,65 W,"Jan 14th, 2023",baraazaid/cpu-and-gpu-stats
9a8c6d0ee9635a7064f9,Ryzen 9 7900X,Raphael,12,24,4.7,5.6,AM5,5.0,64.0,170.0,2022-09-27,True,12 / 24,4.7 to 5.6 GHz,Socket AM5,5 nm,64MB,170 W,"Sep 27th, 2022",baraazaid/cpu-and-gpu-stats
e8ae811908bcf9747e93,Ryzen 9 7900X3D,Raphael,12,24,4.4,5.6,AM5,5.0,128.0,120.0,2023-01-04,True,12 / 24,4.4 to 5.6 GHz,Socket AM5,5 nm,128MB,120 W,"Jan 4th, 2023",baraazaid/cpu-and-gpu-stats
0e78dd88517048d6a38e,Ryzen 9 7940HS,,,,,,,,,,,False,,,,,,,,baraazaid/cpu-and-gpu-stats
8b8beddfd32e5a591bfa,Ryzen 9 7945HX,Dragon Range,16,32,2.5,5.4,FP8,5.0,64.0,55.0,2023-01-04,True,16 / 32,2.5 to 5.4 GHz,Socket FP8,5 nm,64MB,55 W,"Jan 4th, 2023",baraazaid/cpu-and-gpu-stats
e2f9bdd4163f2f7a1586,Ryzen 9 7950X,Raphael,16,32,4.5,5.7,AM5,5.0,64.0,170.0,2022-09-27,True,16 / 32,4.5 to 5.7 GHz,Socket AM5,5 nm,64MB,170 W,"Sep 27th, 2022",baraazaid/cpu-and-gpu-stats
e68a58e44565d584b93f,Ryzen 9 7950X3D,Raphael,16,32,4.2,5.7,AM5,5.0,128.0,120.0,2023-01-04,True,16 / 32,4.2 to 5.7 GHz,Socket AM5,5 nm,128MB,120 W,"Jan 4th, 2023",baraazaid/cpu-and-gpu-stats
e800cf05f1457c284086,Ryzen Embedded V2516,,,,,,,,,,,False,,,,,,,,baraazaid/cpu-and-gpu-stats
98edd070d6568ea9969b,Ryzen Embedded V2546,,,,,,,,,,,False,,,,,,,,baraazaid/cpu-and-gpu-stats
8778db7d9be36897df0f,Ryzen Embedded V2718,,,,,,,,,,,False,,,,,,,,baraazaid/cpu-and-gpu-stats
86f6d0c5c2dbc15525ed,Ryzen Embedded V2748,,,,,,,,,,,False,,,,,,,,baraazaid/cpu-and-gpu-stats
62268e140e666f20db74,Ryzen Threadripper 1920,Zen,12,24,3.2,3.8,SP3R2,14.0,32.0,140.0,,True,12 / 24,3.2 to 3.8 GHz,Socket SP3r2,14 nm,32MB,140 W,Never Released,baraazaid/cpu-and-gpu-stats
fd0bd05cac7955c839ed,Ryzen Threadripper 1920X,Zen,12,24,3.5,4.0,SP3R2,14.0,32.0,180.0,2017-08-10,True,12 / 24,3.5 to 4 GHz,Socket SP3r2,14 nm,32MB,180 W,"Aug 10th, 2017",baraazaid/cpu-and-gpu-stats
756ff3fabc46c9d0d53c,Ryzen Threadripper 1940,Zen,14,28,3.2,3.7,SP3R2,14.0,32.0,180.0,,True,14 / 28,3.2 to 3.7 GHz,Socket SP3r2,14 nm,32MB,180 W,Never Released,baraazaid/cpu-and-gpu-stats
5b99ffea8d51a256c488,Ryzen Threadripper 1940X,Zen,14,28,3.5,4.0,SP3R2,14.0,32.0,180.0,,True,14 / 28,3.5 to 4 GHz,Socket SP3r2,14 nm,32MB,180 W,Never Released,baraazaid/cpu-and-gpu-stats
e26c202ed6ed27c42609,Ryzen Threadripper 1950,Zen,16,32,3.2,3.2,SP3R2,14.0,32.0,180.0,,True,16 / 32,3.2 GHz,Socket SP3r2,14 nm,32MB,180 W,Never Released,baraazaid/cpu-and-gpu-stats
fd7acb10894e97de12ad,Ryzen Threadripper 1950X,Zen,16,32,3.4,4.0,SP3R2,14.0,32.0,180.0,2017-08-10,True,16 / 32,3.4 to 4 GHz,Socket SP3r2,14 nm,32MB,180 W,"Aug 10th, 2017",baraazaid/cpu-and-gpu-stats
ab947db007ef1e506b70,Ryzen Threadripper 2920X,Colfax,12,24,3.5,4.3,SP3R2,12.0,32.0,180.0,2018-10-03,True,12 / 24,3.5 to 4.3 GHz,Socket SP3r2,12 nm,32MB,180 W,"Oct 3rd, 2018",baraazaid/cpu-and-gpu-stats
6df55e840307c16f6df0,Ryzen Threadripper 2950X,Colfax,16,32,3.5,4.4,SP3R2,12.0,32.0,180.0,2018-08-31,True,16 / 32,3.5 to 4.4 GHz,Socket SP3r2,12 nm,32MB,180 W,"Aug 31st, 2018",baraazaid/cpu-and-gpu-stats
3998c82b8417584e81fc,Ryzen Threadripper 2970WX,Colfax,24,48,3.0,4.2,SP3R2,12.0,64.0,250.0,2018-10-02,True,24 / 48,3 to 4.2 GHz,Socket SP3r2,12 nm,64MB,250 W,"Oct 2nd, 2018",baraazaid/cpu-and-gpu-stats
bbbd6d140cd80f40f983,Ryzen Threadripper 2990WX,Colfax,32,64,3.0,4.2,SP3R2,12.0,64.0,250.0,2018-08-13,True,32 / 64,3 to 4.2 GHz,Socket SP3r2,12 nm,64MB,250 W,"Aug 13th, 2018",baraazaid/cpu-and-gpu-stats
aebd775e8c4959d576da,Ryzen Threadripper 3960X,Castle Peak,24,48,3.8,4.5,TRX4,7.0,128.0,280.0,2019-11-25,True,24 / 48,3.8 to 4.5 GHz,Socket TRX4,7 nm,128MB,280 W,"Nov 25th, 2019",baraazaid/cpu-and-gpu-stats
418feacac9ddc132e59e,Ryzen Threadripper 3970X,Castle Peak,32,64,3.7,4.5,TRX4,7.0,128.0,280.0,2019-11-25,True,32 / 64,3.7 to 4.5 GHz,Socket TRX4,7 nm,128MB,280 W,"Nov 25th, 2019",baraazaid/cpu-and-gpu-stats
ea21b1d422d0bd1575bd,Ryzen Threadripper 3980X,Castle Peak,48,96,3.5,4.7,TRX4,7.0,128.0,280.0,,True,48 / 96,3.5 to 4.7 GHz,Socket TRX4,7 nm,128MB,280 W,Never Released,baraazaid/cpu-and-gpu-stats
398c1740349c1b7f51a9,Ryzen Threadripper 3990X,Castle Peak,64,128,2.9,4.3,TRX4,7.0,256.0,280.0,2020-02-07,True,64 / 128,2.9 to 4.3 GHz,Socket TRX4,7 nm,256MB,280 W,"Feb 7th, 2020",baraazaid/cpu-and-gpu-stats
3ae571622af375dbfa2e,Ryzen Threadripper 5990X,Chagall,64,128,2.5,4.45,TRX4,7.0,256.0,280.0,,True,64 / 128,2.5 to 4.45 GHz,Socket TRX4,7 nm,256MB,280 W,Never Released,baraazaid/cpu-and-gpu-stats
2bddef8cc936cdc75318,Ryzen Threadripper PRO 3945WX,Castle Peak,12,24,4.0,4.3,WRX8,7.0,64.0,280.0,2020-07-14,True,12 / 24,4 to 4.3 GHz,Socket WRX8,7 nm,64MB,280 W,"Jul 14th, 2020",baraazaid/cpu-and-gpu-stats
ed512e38ec03844dbd8f,Ryzen Threadripper PRO 3955WX,Castle Peak,16,32,3.9,4.3,WRX8,7.0,64.0,280.0,2020-07-14,True,16 / 32,3.9 to 4.3 GHz,Socket WRX8,7 nm,64MB,280 W,"Jul 14th, 2020",baraazaid/cpu-and-gpu-stats
47bf26e7e294ec132119,Ryzen Threadripper PRO 3975WX,Castle Peak,32,64,3.5,4.2,WRX8,7.0,128.0,280.0,2020-07-14,True,32 / 64,3.5 to 4.2 GHz,Socket WRX8,7 nm,128MB,280 W,"Jul 14th, 2020",baraazaid/cpu-and-gpu-stats
c5ee5213fc96f4ab2ff9,Ryzen Threadripper PRO 3995WX,Castle Peak,64,128,2.7,4.2,WRX8,7.0,256.0,280.0,2020-07-14,True,64 / 128,2.7 to 4.2 GHz,Socket WRX8,7 nm,256MB,280 W,"Jul 14th, 2020",baraazaid/cpu-and-gpu-stats
d103c8b65d5ca1cb789f,Ryzen Threadripper PRO 5945WX,Chagall PRO,12,24,4.1,4.5,WRX8,7.0,64.0,280.0,2022-03-08,True,12 / 24,4.1 to 4.5 GHz,Socket WRX8,7 nm,64MB,280 W,"Mar 8th, 2022",baraazaid/cpu-and-gpu-stats
998eabdc39b1f6464307,Ryzen Threadripper PRO 5955WX,Chagall PRO,16,32,4.0,4.5,WRX8,7.0,64.0,280.0,2022-03-08,True,16 / 32,4 to 4.5 GHz,Socket WRX8,7 nm,64MB,280 W,"Mar 8th, 2022",baraazaid/cpu-and-gpu-stats
04ebc8f56ee79b98d4c1,Ryzen Threadripper PRO 5965WX,Chagall PRO,24,48,3.8,4.5,WRX8,7.0,128.0,280.0,2022-03-08,True,24 / 48,3.8 to 4.5 GHz,Socket WRX8,7 nm,128MB,280 W,"Mar 8th, 2022",baraazaid/cpu-and-gpu-stats
a674887d709c51e8281c,Ryzen Threadripper PRO 5975WX,Chagall PRO,32,64,3.6,4.5,WRX8,7.0,128.0,280.0,2022-03-08,True,32 / 64,3.6 to 4.5 GHz,Socket WRX8,7 nm,128MB,280 W,"Mar 8th, 2022",baraazaid/cpu-and-gpu-stats
f2cd71ec958d090be10a,Ryzen Threadripper PRO 5995WX,Chagall PRO,64,128,2.7,4.5,WRX8,7.0,256.0,280.0,2022-03-08,True,64 / 128,2.7 to 4.5 GHz,Socket WRX8,7 nm,256MB,280 W,"Mar 8th, 2022",baraazaid/cpu-and-gpu-stats
ce7cbd6dcbdb7e68688d,Sempron 130,Sargas,1,,2.6,2.6,AM3,45.0,,45.0,2011-08-01,True,1,2.6 GHz,Socket AM3,45 nm,,45 W,"Aug 1st, 2011",baraazaid/cpu-and-gpu-stats
42f79907f411acbad3a3,Sempron 140,Sargas,1,,2.7,2.7,AM3,45.0,,45.0,2009-07-22,True,1,2.7 GHz,Socket AM3,45 nm,,45 W,"Jul 22nd, 2009",baraazaid/cpu-and-gpu-stats
7b674ba80ec493e3ff94,Sempron 145,Sargas,1,,2.8,2.8,AM3,45.0,,45.0,2010-09-01,True,1,2.8 GHz,Socket AM3,45 nm,,45 W,"Sep 1st, 2010",baraazaid/cpu-and-gpu-stats
7715b8fd7e5035dd57f4,Sempron 150,Sargas,1,,2.9,2.9,AM3,45.0,,45.0,2010-12-07,True,1,2.9 GHz,Socket AM3,45 nm,,45 W,"Dec 7th, 2010",baraazaid/cpu-and-gpu-stats
ede8e32e17b4a9e35e3f,Sempron 180,Regor,2,,2.4,2.4,AM3,45.0,,45.0,2010-09-01,True,2,2.4 GHz,Socket AM3,45 nm,,45 W,"Sep 1st, 2010",baraazaid/cpu-and-gpu-stats
e784af9ee60912addb18,Sempron 2200+,Barton,1,,1.5,1.5,A,130.0,,62.0,2001-01-01,True,1,1500 MHz,Socket A,130 nm,,62 W,"Jan 1st, 2001",baraazaid/cpu-and-gpu-stats
e507082840845d611001,Sempron 2200+,Thoroughbred,1,,1.5,1.5,A,130.0,,62.0,2004-07-28,True,1,1500 MHz,Socket A,130 nm,,62 W,"Jul 28th, 2004",baraazaid/cpu-and-gpu-stats
85b74ee6573e4d297e72,Sempron 2200+,Thorton,1,,1.5,1.5,A,130.0,,62.0,2004-08-01,True,1,1500 MHz,Socket A,130 nm,,62 W,"Aug 1st, 2004",baraazaid/cpu-and-gpu-stats
a3d7835957bb1f1e220f,Sempron 2300+,Barton,1,,1.583,1.583,A,130.0,,62.0,2001-01-01,True,1,1583 MHz,Socket A,130 nm,,62 W,"Jan 1st, 2001",baraazaid/cpu-and-gpu-stats
fc69a18c435a9568b086,Sempron 2300+,Thoroughbred,1,,1.583,1.583,A,130.0,,62.0,2004-07-28,True,1,1583 MHz,Socket A,130 nm,,62 W,"Jul 28th, 2004",baraazaid/cpu-and-gpu-stats
142f77f1e7a2c009c376,Sempron 2400+,Barton,1,,1.667,1.667,A,130.0,,62.0,2001-01-01,True,1,1667 MHz,Socket A,130 nm,,62 W,"Jan 1st, 2001",baraazaid/cpu-and-gpu-stats
72a23635d6e7d06a61b8,Sempron 2400+,Thoroughbred,1,,1.667,1.667,A,130.0,,62.0,2004-07-28,True,1,1667 MHz,Socket A,130 nm,,62 W,"Jul 28th, 2004",baraazaid/cpu-and-gpu-stats
81568516bcc14f46717a,Sempron 2400+,Thorton,1,,1.667,1.667,A,130.0,,62.0,2004-08-01,True,1,1667 MHz,Socket A,130 nm,,62 W,"Aug 1st, 2004",baraazaid/cpu-and-gpu-stats
ed9afb76c7191f6f0f5b,Sempron 2500+,Barton,1,,1.75,1.75,A,130.0,,62.0,2001-01-01,True,1,1750 MHz,Socket A,130 nm,,62 W,"Jan 1st, 2001",baraazaid/cpu-and-gpu-stats
59252e567c1219532256,Sempron 2500+,Thoroughbred,1,,1.75,1.75,A,130.0,,62.0,2004-07-28,True,1,1750 MHz,Socket A,130 nm,,62 W,"Jul 28th, 2004",baraazaid/cpu-and-gpu-stats
d486dd2052c96909a6bd,Sempron 2500+,Palermo,1,,1.4000000000000001,1.4000000000000001,754,90.0,,62.0,2005-07-07,True,1,1400 MHz,Socket 754,90 nm,,62 W,"Jul 7th, 2005",baraazaid/cpu-and-gpu-stats
bb3a24a1d8adaa183f5e,Sempron 2600+,Barton,1,,1.833,1.833,A,130.0,,62.0,2001-01-01,True,1,1833 MHz,Socket A,130 nm,,62 W,"Jan 1st, 2001",baraazaid/cpu-and-gpu-stats
426e9b08461346cd26e7,Sempron 2600+,Paris,1,,1.6,1.6,754,130.0,,25.0,2001-01-01,True,1,1600 MHz,Socket 754,130 nm,,25 W,"Jan 1st, 2001",baraazaid/cpu-and-gpu-stats
2dcb61e29fe7507dde6d,Sempron 2600+,Thoroughbred,1,,1.833,1.833,A,130.0,,62.0,2004-07-28,True,1,1833 MHz,Socket A,130 nm,,62 W,"Jul 28th, 2004",baraazaid/cpu-and-gpu-stats
6fbfa052b417c9bcb668,Sempron 2600+,Sonora,1,,1.6,1.6,754,90.0,,25.0,2004-07-28,True,1,1600 MHz,Socket 754,90 nm,,25 W,"Jul 28th, 2004",baraazaid/cpu-and-gpu-stats
6353228094a0bc53e3f9,Sempron 2600+,Georgetown,1,,1.6,1.6,754,90.0,,62.0,2004-07-28,True,1,1600 MHz,Socket 754,90 nm,,62 W,"Jul 28th, 2004",baraazaid/cpu-and-gpu-stats
ba294d534c2363cf8ace,Sempron 2600+,Palermo,1,,1.6,1.6,754,90.0,,62.0,2004-08-01,True,1,1600 MHz,Socket 754,90 nm,,62 W,"Aug 1st, 2004",baraazaid/cpu-and-gpu-stats
0289ff8596db82a924cb,Sempron 2650,,,,,,,,,,,False,,,,,,,,baraazaid/cpu-and-gpu-stats
e4ce6339fb2c98057b64,Sempron 2800+,Barton,1,,2.0,2.0,A,130.0,,62.0,2001-01-01,True,1,2000 MHz,Socket A,130 nm,,62 W,"Jan 1st, 2001",baraazaid/cpu-and-gpu-stats
a387285260b86af2d69d,Sempron 2800+,Paris,1,,1.6,1.6,754,130.0,,25.0,2001-01-01,True,1,1600 MHz,Socket 754,130 nm,,25 W,"Jan 1st, 2001",baraazaid/cpu-and-gpu-stats
b38e5b5cf00fb0143b80,Sempron 2800+,Georgetown,1,,1.6,1.6,754,90.0,,62.0,2004-07-28,True,1,1600 MHz,Socket 754,90 nm,,62 W,"Jul 28th, 2004",baraazaid/cpu-and-gpu-stats
68ebabd157a43112b817,Sempron 2800+,Thoroughbred,1,,1.992,1.992,A,130.0,,62.0,2004-07-28,True,1,1992 MHz,Socket A,130 nm,,62 W,"Jul 28th, 2004",baraazaid/cpu-and-gpu-stats
e1b4823be0f75256d724,Sempron 2800+,Sonora,1,,1.6,1.6,754,90.0,,25.0,2004-07-28,True,1,1600 MHz,Socket 754,90 nm,,25 W,"Jul 28th, 2004",baraazaid/cpu-and-gpu-stats
e8ea6fa4d4ed5f2b945c,Sempron 2800+,Thorton,1,,1.992,1.992,A,130.0,,62.0,2004-08-01,True,1,1992 MHz,Socket A,130 nm,,62 W,"Aug 1st, 2004",baraazaid/cpu-and-gpu-stats
eaf1c8df3d33396470e3,Sempron 2800+,Palermo,1,,1.6,1.6,754,90.0,,62.0,2004-08-01,True,1,1600 MHz,Socket 754,90 nm,,62 W,"Aug 1st, 2004",baraazaid/cpu-and-gpu-stats
4ba096d3247e2163270c,Sempron 2800+,Roma,1,,1.6,1.6,754,90.0,,25.0,2005-07-15,True,1,1600 MHz,Socket 754,90 nm,,25 W,"Jul 15th, 2005",baraazaid/cpu-and-gpu-stats
ac720aeb501ed47870db,Sempron 2800+,Manila,1,,1.6,1.6,AM2,90.0,,62.0,2006-05-23,True,1,1600 MHz,Socket AM2,90 nm,,62 W,"May 23rd, 2006",baraazaid/cpu-and-gpu-stats
ec68c9da484d3ece8977,Sempron 3000+,Paris,1,,1.8,1.8,754,130.0,,25.0,2001-01-01,True,1,1800 MHz,Socket 754,130 nm,,25 W,"Jan 1st, 2001",baraazaid/cpu-and-gpu-stats
911e0bca791d9bfe8f27,Sempron 3000+,Georgetown,1,,1.8,1.8,754,90.0,,62.0,2004-07-28,True,1,1800 MHz,Socket 754,90 nm,,62 W,"Jul 28th, 2004",baraazaid/cpu-and-gpu-stats
ec1bf873033e011258e9,Sempron 3000+,Barton,1,,2.0,2.0,A,130.0,,62.0,2004-09-17,True,1,2000 MHz,Socket A,130 nm,,62 W,"Sep 17th, 2004",baraazaid/cpu-and-gpu-stats
6147364938b904162547,Sempron 3000+,Sonora,1,,1.8,1.8,754,90.0,,25.0,2004-11-23,True,1,1800 MHz,Socket 754,90 nm,,25 W,"Nov 23rd, 2004",baraazaid/cpu-and-gpu-stats
49320298233ad5345256,Sempron 3000+,Palermo,1,,1.8,1.8,754,90.0,,62.0,2005-04-01,True,1,1800 MHz,Socket 754,90 nm,,62 W,"Apr 1st, 2005",baraazaid/cpu-and-gpu-stats
7e73f0b8c8d1fd3192d8,Sempron 3000+,Roma,1,,1.8,1.8,754,90.0,,25.0,2005-07-15,True,1,1800 MHz,Socket 754,90 nm,,25 W,"Jul 15th, 2005",baraazaid/cpu-and-gpu-stats
2dabc7eeba4654c810a5,Sempron 3000+,Albany,1,,1.8,1.8,754,90.0,,62.0,2005-07-15,True,1,1800 MHz,Socket 754,90 nm,,62 W,"Jul 15th, 2005",baraazaid/cpu-and-gpu-stats
c32d6f991f62cf4ab18f,Sempron 3000+,Palermo,1,,1.8,1.8,939,90.0,,62.0,2005-10-01,True,1,1800 MHz,Socket 939,90 nm,,62 W,"Oct 1st, 2005",baraazaid/cpu-and-gpu-stats
ab641599e3d8376f0114,Sempron 3000+,Manila,1,,1.6,1.6,AM2,90.0,,62.0,2006-05-23,True,1,1600 MHz,Socket AM2,90 nm,,62 W,"May 23rd, 2006",baraazaid/cpu-and-gpu-stats
67cac6af5fcbbf836192,Sempron 3000+ EE SFF,Manila,1,,1.6,1.6,AM2,90.0,,35.0,2006-05-23,True,1,1600 MHz,Socket AM2,90 nm,,35 W,"May 23rd, 2006",baraazaid/cpu-and-gpu-stats
879c5737900be771e02e,Sempron 3100+,Paris,1,,1.8,1.8,754,130.0,,25.0,2001-01-01,True,1,1800 MHz,Socket 754,130 nm,,25 W,"Jan 1st, 2001",baraazaid/cpu-and-gpu-stats
85119bf8839fa4b5097b,Sempron 3100+,Paris,1,,1.8,1.8,754,130.0,,62.0,2004-07-28,True,1,1800 MHz,Socket 754,130 nm,,62 W,"Jul 28th, 2004",baraazaid/cpu-and-gpu-stats
0e2237f9b2ae42aeebd8,Sempron 3100+,Palermo,1,,1.8,1.8,754,90.0,,62.0,2005-04-01,True,1,1800 MHz,Socket 754,90 nm,,62 W,"Apr 1st, 2005",baraazaid/cpu-and-gpu-stats
6c7cb278d971305f08e8,Sempron 3100+,Georgetown,1,,1.8,1.8,754,90.0,,62.0,2005-05-03,True,1,1800 MHz,Socket 754,90 nm,,62 W,"May 3rd, 2005",baraazaid/cpu-and-gpu-stats
8d5a416a32010d11df6c,Sempron 3100+,Roma,1,,1.8,1.8,754,90.0,,25.0,2005-07-15,True,1,1800 MHz,Socket 754,90 nm,,25 W,"Jul 15th, 2005",baraazaid/cpu-and-gpu-stats
6930a210c65d03c5d2c3,Sempron 3100+,Albany,1,,1.8,1.8,754,90.0,,62.0,2005-07-15,True,1,1800 MHz,Socket 754,90 nm,,62 W,"Jul 15th, 2005",baraazaid/cpu-and-gpu-stats
a05da92e8b8c29676182,Sempron 3200+,Palermo,1,,1.8,1.8,939,90.0,,62.0,2005-10-01,True,1,1800 MHz,Socket 939,90 nm,,62 W,"Oct 1st, 2005",baraazaid/cpu-and-gpu-stats
24b191b6a2898e57d60b,Sempron 3200+,Manila,1,,1.8,1.8,AM2,90.0,,62.0,2006-05-23,True,1,1800 MHz,Socket AM2,90 nm,,62 W,"May 23rd, 2006",baraazaid/cpu-and-gpu-stats
6ac06b790c0fe0bc4a1c,Sempron 3200+ EE SFF,Manila,1,,1.8,1.8,AM2,90.0,,35.0,2006-05-23,True,1,1800 MHz,Socket AM2,90 nm,,35 W,"May 23rd, 2006",baraazaid/cpu-and-gpu-stats
a7e8c061e488f6b08912,Sempron 3300+,Barton,1,,2.2,2.2,A,130.0,,62.0,2001-01-01,True,1,2.2 GHz,Socket A,130 nm,,62 W,"Jan 1st, 2001",baraazaid/cpu-and-gpu-stats
26243eb023618f76ae70,Sempron 3300+,Palermo,1,,2.0,2.0,754,90.0,,62.0,2005-04-01,True,1,2000 MHz,Socket 754,90 nm,,62 W,"Apr 1st, 2005",baraazaid/cpu-and-gpu-stats
e2c83d5612e1805cfbf2,Sempron 3300+,Roma,1,,2.0,2.0,754,90.0,,25.0,2005-07-15,True,1,2000 MHz,Socket 754,90 nm,,25 W,"Jul 15th, 2005",baraazaid/cpu-and-gpu-stats
1550ed75844463277dc9,Sempron 3300+,Albany,1,,2.0,2.0,754,90.0,,62.0,2005-07-15,True,1,2000 MHz,Socket 754,90 nm,,62 W,"Jul 15th, 2005",baraazaid/cpu-and-gpu-stats
3f57fed876d040dbd9d2,Sempron 3300+,Georgetown,1,,2.0,2.0,754,90.0,,62.0,2005-08-19,True,1,2000 MHz,Socket 754,90 nm,,62 W,"Aug 19th, 2005",baraazaid/cpu-and-gpu-stats
7e6e9ad271d72fce5f35,Sempron 3400+,Palermo,1,,2.0,2.0,754,90.0,,62.0,2005-08-01,True,1,2000 MHz,Socket 754,90 nm,,62 W,"Aug 1st, 2005",baraazaid/cpu-and-gpu-stats
c734fe3548715134f7c5,Sempron 3400+,Palermo,1,,2.0,2.0,939,90.0,,62.0,2005-10-01,True,1,2000 MHz,Socket 939,90 nm,,62 W,"Oct 1st, 2005",baraazaid/cpu-and-gpu-stats
d3e0f8ebf859e55ab920,Sempron 3400+,Albany,1,,2.0,2.0,754,90.0,,62.0,2006-01-23,True,1,2000 MHz,Socket 754,90 nm,,62 W,"Jan 23rd, 2006",baraazaid/cpu-and-gpu-stats
2ef64d5ac696dcd0525b,Sempron 3400+,Roma,1,,2.0,2.0,754,90.0,,25.0,2006-05-17,True,1,2000 MHz,Socket 754,90 nm,,25 W,"May 17th, 2006",baraazaid/cpu-and-gpu-stats
5457f5caa0957d19574d,Sempron 3400+,Manila,1,,1.8,1.8,AM2,90.0,,62.0,2006-05-23,True,1,1800 MHz,Socket AM2,90 nm,,62 W,"May 23rd, 2006",baraazaid/cpu-and-gpu-stats
bd3480847916857190e6,Sempron 3400+ EE SFF,Manila,1,,1.8,1.8,AM2,90.0,,35.0,2006-05-23,True,1,1800 MHz,Socket AM2,90 nm,,35 W,"May 23rd, 2006",baraazaid/cpu-and-gpu-stats
6ca4a46abdffd20eeb04,Sempron 3500+,Palermo,1,,2.0,2.0,939,90.0,,62.0,2005-10-01,True,1,2000 MHz,Socket 939,90 nm,,62 W,"Oct 1st, 2005",baraazaid/cpu-and-gpu-stats
3f54928ecec47a6e0fbd,Sempron 3500+,Manila,1,,2.0,2.0,AM2,90.0,,62.0,2006-05-23,True,1,2000 MHz,Socket AM2,90 nm,,62 W,"May 23rd, 2006",baraazaid/cpu-and-gpu-stats
d38ab36d312ef6ec015c,Sempron 3500+ EE SFF,Manila,1,,2.0,2.0,AM2,90.0,,35.0,2006-05-23,True,1,2000 MHz,Socket AM2,90 nm,,35 W,"May 23rd, 2006",baraazaid/cpu-and-gpu-stats
cc9cafeb7bbf49da1d78,Sempron 3600+,Albany,1,,2.2,2.2,754,90.0,,62.0,2006-05-17,True,1,2.2 GHz,Socket 754,90 nm,,62 W,"May 17th, 2006",baraazaid/cpu-and-gpu-stats
288f6ecf616a35eb673a,Sempron 3600+,Manila,1,,2.0,2.0,AM2,90.0,,62.0,2006-05-23,True,1,2000 MHz,Socket AM2,90 nm,,62 W,"May 23rd, 2006",baraazaid/cpu-and-gpu-stats
2b31c8dad97f875b33a2,Sempron 3800+,Manila,1,,2.2,2.2,AM2,90.0,,62.0,2006-10-23,True,1,2.2 GHz,Socket AM2,90 nm,,62 W,"Oct 23rd, 2006",baraazaid/cpu-and-gpu-stats
c697c503f4e55b3275d9,Sempron 3850,,,,,,,,,,,False,,,,,,,,baraazaid/cpu-and-gpu-stats
9892eb5ca118f4377a85,Sempron LE-1100,Sparta,1,,1.9000000000000001,1.9000000000000001,AM2,65.0,,45.0,2007-08-01,True,1,1900 MHz,Socket AM2,65 nm,,45 W,"Aug 1st, 2007",baraazaid/cpu-and-gpu-stats
a4c035e620011ecb705b,Sempron LE-1150,Sparta,1,,2.0,2.0,AM2,65.0,,45.0,2007-08-01,True,1,2000 MHz,Socket AM2,65 nm,,45 W,"Aug 1st, 2007",baraazaid/cpu-and-gpu-stats
95cb18bf28ba9fd43f2a,Sempron LE-1200,Sparta,1,,2.1,2.1,AM2,65.0,,45.0,2007-08-01,True,1,2.1 GHz,Socket AM2,65 nm,,45 W,"Aug 1st, 2007",baraazaid/cpu-and-gpu-stats
6c4a7fdacd45f57a9637,Sempron LE-1250,Sparta,1,,2.2,2.2,AM2,65.0,,45.0,2007-10-08,True,1,2.2 GHz,Socket AM2,65 nm,,45 W,"Oct 8th, 2007",baraazaid/cpu-and-gpu-stats
048d964f47af57ca8948,Sempron LE-1300,Sparta,1,,2.3,2.3,AM2,65.0,,45.0,2007-10-08,True,1,2.3 GHz,Socket AM2,65 nm,,45 W,"Oct 8th, 2007",baraazaid/cpu-and-gpu-stats
5fe1ce1259098cd569cf,Sempron X2 2100,Brisbane,2,,1.8,1.8,AM2,65.0,,65.0,2008-03-01,True,2,1800 MHz,Socket AM2,65 nm,,65 W,"Mar 1st, 2008",baraazaid/cpu-and-gpu-stats
a13f1ba8f9db8e633568,Sempron X2 2200,Brisbane,2,,2.0,2.0,AM2,65.0,,65.0,2008-03-01,True,2,2000 MHz,Socket AM2,65 nm,,65 W,"Mar 1st, 2008",baraazaid/cpu-and-gpu-stats
4b91e10b51b66c991a07,Sempron X2 2300,Brisbane,2,,2.2,2.2,AM2,65.0,,65.0,2008-03-01,True,2,2.2 GHz,Socket AM2,65 nm,,65 W,"Mar 1st, 2008",baraazaid/cpu-and-gpu-stats
ec080fb9bc33f39bea6d,Sempron X2 240,Trinity,2,,2.9,3.3,FM2,32.0,,65.0,2012-01-01,True,2,2.9 to 3.3 GHz,Socket FM2,32 nm,,65 W,2012,baraazaid/cpu-and-gpu-stats
4043e0186588e7c02203,Turion 64 ML-28,Lancaster,1,,1.6,1.6,754,90.0,,32.0,2005-06-22,True,1,1600 MHz,Socket 754,90 nm,,32 W,"Jun 22nd, 2005",baraazaid/cpu-and-gpu-stats
de39f892841bf110fc70,Turion 64 ML-30,Lancaster,1,,1.6,1.6,754,90.0,,35.0,2005-03-10,True,1,1600 MHz,Socket 754,90 nm,,35 W,"Mar 10th, 2005",baraazaid/cpu-and-gpu-stats
9b966d6fafddf7fe5f96,Turion 64 ML-32,Lancaster,1,,1.8,1.8,754,90.0,,35.0,2005-03-10,True,1,1800 MHz,Socket 754,90 nm,,35 W,"Mar 10th, 2005",baraazaid/cpu-and-gpu-stats
a0094d2cf31c1bee317f,Turion 64 ML-34,Lancaster,1,,1.8,1.8,754,90.0,,35.0,2005-03-10,True,1,1800 MHz,Socket 754,90 nm,,35 W,"Mar 10th, 2005",baraazaid/cpu-and-gpu-stats
06bbe29fe5c6cc4e16ae,Turion 64 ML-37,Lancaster,1,,2.0,2.0,754,90.0,,35.0,2005-03-10,True,1,2000 MHz,Socket 754,90 nm,,35 W,"Mar 10th, 2005",baraazaid/cpu-and-gpu-stats
50fdc77aca2f344ccac6,Turion 64 ML-40,Lancaster,1,,2.2,2.2,754,90.0,,35.0,2005-06-22,True,1,2.2 GHz,Socket 754,90 nm,,35 W,"Jun 22nd, 2005",baraazaid/cpu-and-gpu-stats
230e0558c57813a89954,Turion 64 ML-42,Lancaster,1,,2.4,2.4,754,90.0,,35.0,2005-10-04,True,1,2.4 GHz,Socket 754,90 nm,,35 W,"Oct 4th, 2005",baraazaid/cpu-and-gpu-stats
9a76508230ba082d3c8d,Turion 64 ML-44,Lancaster,1,,2.4,2.4,754,90.0,,35.0,2006-01-04,True,1,2.4 GHz,Socket 754,90 nm,,35 W,"Jan 4th, 2006",baraazaid/cpu-and-gpu-stats
7b0cd52cfa05a729fd10,Turion 64 MT-28,Lancaster,1,,1.6,1.6,754,90.0,,22.0,2005-06-22,True,1,1600 MHz,Socket 754,90 nm,,22 W,"Jun 22nd, 2005",baraazaid/cpu-and-gpu-stats
09496e1c8b01f3a17af6,Turion 64 MT-30,Lancaster,1,,1.6,1.6,754,90.0,,22.0,2005-03-10,True,1,1600 MHz,Socket 754,90 nm,,22 W,"Mar 10th, 2005",baraazaid/cpu-and-gpu-stats
6a63e4c9065221ad95d0,Turion 64 MT-32,Lancaster,1,,1.8,1.8,754,90.0,,25.0,2005-03-10,True,1,1800 MHz,Socket 754,90 nm,,25 W,"Mar 10th, 2005",baraazaid/cpu-and-gpu-stats
d18ea7591d93699bd807,Turion 64 MT-34,Lancaster,1,,1.8,1.8,754,90.0,,25.0,2005-03-10,True,1,1800 MHz,Socket 754,90 nm,,25 W,"Mar 10th, 2005",baraazaid/cpu-and-gpu-stats
5cc9680876381c0a4344,Turion 64 MT-37,Lancaster,1,,2.0,2.0,754,90.0,,25.0,2005-08-08,True,1,2000 MHz,Socket 754,90 nm,,25 W,"Aug 8th, 2005",baraazaid/cpu-and-gpu-stats
654e0a0e2fa221f2f7a0,Turion 64 MT-40,Lancaster,1,,2.2,2.2,754,90.0,,25.0,2005-08-08,True,1,2.2 GHz,Socket 754,90 nm,,25 W,"Aug 8th, 2005",baraazaid/cpu-and-gpu-stats
dcb2f056b76ae4d862ec,Turion X2 RM-70,Griffin,2,,2.0,2.0,S1,65.0,,31.0,2006-06-01,True,2,2000 MHz,Socket S1,65 nm,,31 W,"Jun 1st, 2006",baraazaid/cpu-and-gpu-stats
897ccddc6c44f98a091b,Turion X2 RM-72,Griffin,2,,2.1,2.1,S1,65.0,,35.0,2008-09-01,True,2,2.1 GHz,Socket S1,65 nm,,35 W,"Sep 1st, 2008",baraazaid/cpu-and-gpu-stats
a0fccd5edb96a3a2093a,Turion X2 RM-74,Griffin,2,,2.2,2.2,S1,65.0,,35.0,2008-12-01,True,2,2.2 GHz,Socket S1,65 nm,,35 W,"Dec 1st, 2008",baraazaid/cpu-and-gpu-stats
13e1eaa8aaa91ba87fa3,Turion X2 RM-75,Griffin,2,,2.2,2.2,S1,65.0,,35.0,2008-12-01,True,2,2.2 GHz,Socket S1,65 nm,,35 W,"Dec 1st, 2008",baraazaid/cpu-and-gpu-stats
0e392be3657b11d72383,Turion X2 RM-77,Griffin,2,,2.3,2.3,S1,65.0,,35.0,2008-12-01,True,2,2.3 GHz,Socket S1,65 nm,,35 W,"Dec 1st, 2008",baraazaid/cpu-and-gpu-stats
86db3a9a756f4de2d7ec,Turion X2 Ultra ZM-80,Griffin,2,,2.1,2.1,S1,65.0,,32.0,2008-06-01,True,2,2.1 GHz,Socket S1,65 nm,,32 W,"Jun 1st, 2008",baraazaid/cpu-and-gpu-stats
7c26dfb5b05de5c87ddf,Turion X2 Ultra ZM-82,Griffin,2,,2.2,2.2,S1,65.0,,35.0,2008-06-01,True,2,2.2 GHz,Socket S1,65 nm,,35 W,"Jun 1st, 2008",baraazaid/cpu-and-gpu-stats
143ae17451586e79eedf,Turion X2 Ultra ZM-84,Griffin,2,,2.3,2.3,S1,65.0,,35.0,2008-09-01,True,2,2.3 GHz,Socket S1,65 nm,,35 W,"Sep 1st, 2008",baraazaid/cpu-and-gpu-stats
0fe4ca0b664da426c68a,Turion X2 Ultra ZM-85,Griffin,2,,2.3,2.3,S1,65.0,,35.0,2008-09-01,True,2,2.3 GHz,Socket S1,65 nm,,35 W,"Sep 1st, 2008",baraazaid/cpu-and-gpu-stats
88381229d096552f6b36,Turion X2 Ultra ZM-86,Griffin,2,,2.4,2.4,S1,65.0,,35.0,2008-06-01,True,2,2.4 GHz,Socket S1,65 nm,,35 W,"Jun 1st, 2008",baraazaid/cpu-and-gpu-stats
0c6b041be35b5e5ea1fc,Turion X2 Ultra ZM-87,Griffin,2,,2.4,2.4,S1,65.0,,35.0,2008-06-01,True,2,2.4 GHz,Socket S1,65 nm,,35 W,"Jun 1st, 2008",baraazaid/cpu-and-gpu-stats
45a4d877a9efe5e76ca0,Turion X2 Ultra ZM-88,Griffin,2,,2.5,2.5,S1,65.0,,35.0,2008-12-01,True,2,2.5 GHz,Socket S1,65 nm,,35 W,"Dec 1st, 2008",baraazaid/cpu-and-gpu-stats
f61b0b87addb94eeab47,Xeon 2.0,Prestonia,1,,2.0,2.0,604,130.0,,89.0,2002-02-25,True,1,2000 MHz,Socket 604,130 nm,,89 W,"Feb 25th, 2002",baraazaid/cpu-and-gpu-stats
806a8a9986d8a9d8357a,Xeon 2.4,Prestonia,1,,2.394,2.394,604,130.0,,89.0,2002-04-23,True,1,2.394 GHz,Socket 604,130 nm,,89 W,"Apr 23rd, 2002",baraazaid/cpu-and-gpu-stats
409d91e09d9e758e5557,Xeon 2.66,Prestonia,1,,2.66,2.66,604,130.0,,89.0,2002-11-18,True,1,2.66 GHz,Socket 604,130 nm,,89 W,"Nov 18th, 2002",baraazaid/cpu-and-gpu-stats
9db719d465474ba0bfde,Xeon 2.8,Prestonia,1,,2.79,2.79,604,130.0,,89.0,2002-09-11,True,1,2.79 GHz,Socket 604,130 nm,,89 W,"Sep 11th, 2002",baraazaid/cpu-and-gpu-stats
7e766cdd4a1ebd651978,Xeon 2.8,Nocona,1,,2.8,2.8,604,90.0,,135.0,2004-06-28,True,1,2.8 GHz,Socket 604,90 nm,,135 W,"Jun 28th, 2004",baraazaid/cpu-and-gpu-stats
35f81d17ff84ab4baa5a,Xeon 2.8,Paxville,2,,2.8,2.8,604,90.0,,135.0,2005-10-10,True,2,2.8 GHz,Socket 604,90 nm,,135 W,"Oct 10th, 2005",baraazaid/cpu-and-gpu-stats
296ae9baa3e8ab9f9f8a,Xeon 3.0,Nocona,1,,3.0,3.0,604,90.0,,135.0,2004-06-28,True,1,3 GHz,Socket 604,90 nm,,135 W,"Jun 28th, 2004",baraazaid/cpu-and-gpu-stats
bd8d44ba6844c329fcf7,Xeon 3.06,Prestonia,1,,3.066,3.066,604,130.0,,89.0,2003-03-10,True,1,3.066 GHz,Socket 604,130 nm,,89 W,"Mar 10th, 2003",baraazaid/cpu-and-gpu-stats
fc7bb0688329c0e129ed,Xeon 3.06,Gallatin,1,,3.066,3.066,604,130.0,1.0,97.0,2003-07-14,True,1,3.066 GHz,Socket 604,130 nm,1MB,97 W,"Jul 14th, 2003",baraazaid/cpu-and-gpu-stats
e8c522ef2bc115aff64b,Xeon 3.06,Gallatin,1,,3.066,3.066,604,130.0,2.0,97.0,2003-07-14,True,1,3.066 GHz,Socket 604,130 nm,2MB,97 W,"Jul 14th, 2003",baraazaid/cpu-and-gpu-stats
bbcd7c1f634ed5d4c914,Xeon 3.2,Nocona,1,,3.2,3.2,604,90.0,,135.0,2004-06-28,True,1,3.2 GHz,Socket 604,90 nm,,135 W,"Jun 28th, 2004",baraazaid/cpu-and-gpu-stats
c0a8721c052fd895afff,Xeon 3.20,Gallatin,1,,3.2,3.2,604,130.0,1.0,97.0,2003-10-06,True,1,3.2 GHz,Socket 604,130 nm,1MB,97 W,"Oct 6th, 2003",baraazaid/cpu-and-gpu-stats
a1d594539e39e522fcc0,Xeon 3.4,Nocona,1,,3.4,3.4,604,90.0,,135.0,2004-06-28,True,1,3.4 GHz,Socket 604,90 nm,,135 W,"Jun 28th, 2004",baraazaid/cpu-and-gpu-stats
995622a15e52641ab310,Xeon 3.6,Nocona,1,,3.6,3.6,604,90.0,,135.0,2004-06-28,True,1,3.6 GHz,Socket 604,90 nm,,135 W,"Jun 28th, 2004",baraazaid/cpu-and-gpu-stats
6953a666e048d623c616,Xeon 5020,Dempsey,2,4,2.5,2.5,771,65.0,,95.0,2006-05-23,True,2 / 4,2.5 GHz,Socket 771,65 nm,,95 W,"May 23rd, 2006",baraazaid/cpu-and-gpu-stats
8a2a8533904ebf1fefe3,Xeon 5030,Dempsey,2,4,2.667,2.667,771,65.0,,95.0,2006-05-23,True,2 / 4,2.667 GHz,Socket 771,65 nm,,95 W,"May 23rd, 2006",baraazaid/cpu-and-gpu-stats
68d9e548d0521b9bd980,Xeon 5040,Dempsey,2,4,2.83,2.83,771,65.0,,95.0,2006-05-23,True,2 / 4,2.83 GHz,Socket 771,65 nm,,95 W,"May 23rd, 2006",baraazaid/cpu-and-gpu-stats
6957bc4cbb979e17700d,Xeon 5050,Dempsey,2,4,3.0,3.0,771,65.0,,95.0,2006-05-23,True,2 / 4,3 GHz,Socket 771,65 nm,,95 W,"May 23rd, 2006",baraazaid/cpu-and-gpu-stats
56f7bd825ed268e94684,Xeon 5060,Dempsey,2,4,3.2,3.2,771,65.0,,130.0,2006-05-23,True,2 / 4,3.2 GHz,Socket 771,65 nm,,130 W,"May 23rd, 2006",baraazaid/cpu-and-gpu-stats
8e374ff26cebd11b6c49,Xeon 5063,Dempsey,2,4,3.2,3.2,771,65.0,,95.0,2006-05-23,True,2 / 4,3.2 GHz,Socket 771,65 nm,,95 W,"May 23rd, 2006",baraazaid/cpu-and-gpu-stats
06203b282ce849bf59ed,Xeon 5080,Dempsey,2,4,3.73,3.73,771,65.0,,130.0,2006-05-23,True,2 / 4,3.73 GHz,Socket 771,65 nm,,130 W,"May 23rd, 2006",baraazaid/cpu-and-gpu-stats
faf5b4e470ff3ce66eb0,Xeon 5110,Woodcrest,2,,1.6,1.6,771,65.0,,65.0,2006-06-26,True,2,1600 MHz,Socket 771,65 nm,,65 W,"Jun 26th, 2006",baraazaid/cpu-and-gpu-stats
5366db6c2d6b6c5e286e,Xeon 5120,Woodcrest,2,,1.866,1.866,771,65.0,,65.0,2006-06-26,True,2,1866 MHz,Socket 771,65 nm,,65 W,"Jun 26th, 2006",baraazaid/cpu-and-gpu-stats
43bcc688eb45d02c59e2,Xeon 5130,Woodcrest,2,,2.0,2.0,771,65.0,,65.0,2006-06-26,True,2,2000 MHz,Socket 771,65 nm,,65 W,"Jun 26th, 2006",baraazaid/cpu-and-gpu-stats
5abbb6df5eccd1b52c1c,Xeon 5140,Woodcrest,2,,2.333,2.333,771,65.0,,65.0,2006-06-26,True,2,2.333 GHz,Socket 771,65 nm,,65 W,"Jun 26th, 2006",baraazaid/cpu-and-gpu-stats
bed15f016b893be68f31,Xeon 5148,Woodcrest,2,,2.333,2.333,771,65.0,,40.0,2006-06-26,True,2,2.333 GHz,Socket 771,65 nm,,40 W,"Jun 26th, 2006",baraazaid/cpu-and-gpu-stats
0a183376697b9308b582,Xeon 5150,Woodcrest,2,,2.666,2.666,771,65.0,,65.0,2006-06-26,True,2,2.666 GHz,Socket 771,65 nm,,65 W,"Jun 26th, 2006",baraazaid/cpu-and-gpu-stats
ddbcd5af182c8b12d9b2,Xeon 5160,Woodcrest,2,,3.0,3.0,771,65.0,,80.0,2006-06-26,True,2,3 GHz,Socket 771,65 nm,,80 W,"Jun 26th, 2006",baraazaid/cpu-and-gpu-stats
fba27594dca2a64e8892,Xeon 7110M,Tulsa,2,4,2.6,2.6,604,65.0,4.0,95.0,2006-08-27,True,2 / 4,2.6 GHz,Socket 604,65 nm,4MB,95 W,"Aug 27th, 2006",baraazaid/cpu-and-gpu-stats
816dff6d85d88b163778,Xeon 7110N,Tulsa,2,4,2.5,2.5,604,65.0,4.0,95.0,2006-08-27,True,2 / 4,2.5 GHz,Socket 604,65 nm,4MB,95 W,"Aug 27th, 2006",baraazaid/cpu-and-gpu-stats
d2ca66ecef4109b7c281,Xeon 7120M,Tulsa,2,4,3.0,3.0,604,65.0,4.0,95.0,2006-08-27,True,2 / 4,3 GHz,Socket 604,65 nm,4MB,95 W,"Aug 27th, 2006",baraazaid/cpu-and-gpu-stats
70dc4475094c55c9facd,Xeon 7120N,Tulsa,2,4,3.0,3.0,604,65.0,4.0,95.0,2006-08-27,True,2 / 4,3 GHz,Socket 604,65 nm,4MB,95 W,"Aug 27th, 2006",baraazaid/cpu-and-gpu-stats
c295ec87aa0e522ce328,Xeon 7130M,Tulsa,2,4,3.2,3.2,604,65.0,8.0,150.0,2006-08-27,True,2 / 4,3.2 GHz,Socket 604,65 nm,8MB,150 W,"Aug 27th, 2006",baraazaid/cpu-and-gpu-stats
80a37b9da00a317516a0,Xeon 7130N,Tulsa,2,4,3.166,3.166,604,65.0,8.0,150.0,2006-08-27,True,2 / 4,3.166 GHz,Socket 604,65 nm,8MB,150 W,"Aug 27th, 2006",baraazaid/cpu-and-gpu-stats
d2d17bbc25b9fd5db243,Xeon 7140M,Tulsa,2,4,3.4,3.4,604,65.0,16.0,150.0,2006-08-27,True,2 / 4,3.4 GHz,Socket 604,65 nm,16MB,150 W,"Aug 27th, 2006",baraazaid/cpu-and-gpu-stats
c696182c59da50cdb415,Xeon 7140N,Tulsa,2,4,3.333,3.333,604,65.0,16.0,150.0,2006-08-27,True,2 / 4,3.333 GHz,Socket 604,65 nm,16MB,150 W,"Aug 27th, 2006",baraazaid/cpu-and-gpu-stats
c76dce3ac7481c42d674,Xeon 7150N,Tulsa,2,4,3.5,3.5,604,65.0,16.0,150.0,2006-08-27,True,2 / 4,3.5 GHz,Socket 604,65 nm,16MB,150 W,"Aug 27th, 2006",baraazaid/cpu-and-gpu-stats
082b7fe4675546d9eb8d,Xeon D-1518,,,,,,,,,,,False,,,,,,,,baraazaid/cpu-and-gpu-stats
7befe13884452644c261,Xeon D-1520,,,,,,,,,,,False,,,,,,,,baraazaid/cpu-and-gpu-stats
21ba8adf1af6a2ba5415,Xeon D-1521,,,,,,,,,,,False,,,,,,,,baraazaid/cpu-and-gpu-stats
fb2a419fd6194bf3d035,Xeon D-1527,,,,,,,,,,,False,,,,,,,,baraazaid/cpu-and-gpu-stats
fe1375ac0cb411095593,Xeon D-1528,Broadwell,6,12,1.9,2.5,BGA 1667,14.0,1.5,35.0,2015-11-01,True,6 / 12,1.9 to 2.5 GHz,BGA 1667,14 nm,1.5MB,35 W,"Nov 1st, 2015",baraazaid/cpu-and-gpu-stats
ad42283fecd3de1eac40,Xeon D-1531,Broadwell,6,12,2.2,2.7,BGA 1667,14.0,1.5,35.0,2015-11-01,True,6 / 12,2.2 to 2.7 GHz,BGA 1667,14 nm,1.5MB,35 W,"Nov 1st, 2015",baraazaid/cpu-and-gpu-stats
0ee6c064f2b093861498,Xeon D-1537,Broadwell,8,16,1.7,2.3,BGA 1667,14.0,1.5,35.0,2015-11-01,True,8 / 16,1.7 to 2.3 GHz,BGA 1667,14 nm,1.5MB,35 W,"Nov 1st, 2015",baraazaid/cpu-and-gpu-stats
ffca0a62f113a4d25038,Xeon D-1540,Broadwell,8,16,2.0,2.6,BGA 1667,14.0,1.5,45.0,2015-03-09,True,8 / 16,2 to 2.6 GHz,BGA 1667,14 nm,1.5MB,45 W,"Mar 9th, 2015",baraazaid/cpu-and-gpu-stats
e07fef6b4f3c5f79fc52,Xeon D-1541,Broadwell,8,16,2.1,2.7,BGA 1667,14.0,1.5,45.0,2015-11-01,True,8 / 16,2.1 to 2.7 GHz,BGA 1667,14 nm,1.5MB,45 W,"Nov 1st, 2015",baraazaid/cpu-and-gpu-stats
f66769b4362171ff925d,Xeon D-1548,Broadwell,8,16,2.0,2.6,BGA 1667,14.0,1.5,45.0,2015-11-01,True,8 / 16,2 to 2.6 GHz,BGA 1667,14 nm,1.5MB,45 W,"Nov 1st, 2015",baraazaid/cpu-and-gpu-stats
0dd82d52a79fbbdfde8c,Xeon D-1557,Broadwell,12,24,1.5,2.1,BGA 1667,14.0,1.5,45.0,2016-02-24,True,12 / 24,1.5 to 2.1 GHz,BGA 1667,14 nm,1.5MB,45 W,"Feb 24th, 2016",baraazaid/cpu-and-gpu-stats
6aa2d3a11c5135662ce6,Xeon D-1567,Broadwell,12,24,2.1,2.7,BGA 1667,14.0,1.5,65.0,2016-02-24,True,12 / 24,2.1 to 2.7 GHz,BGA 1667,14 nm,1.5MB,65 W,"Feb 24th, 2016",baraazaid/cpu-and-gpu-stats
44c33b27a44d42a0d47e,Xeon D-1571,Broadwell,16,32,1.3,2.1,BGA 1667,14.0,1.5,45.0,2016-02-24,True,16 / 32,1.3 to 2.1 GHz,BGA 1667,14 nm,1.5MB,45 W,"Feb 24th, 2016",baraazaid/cpu-and-gpu-stats
3be18a0e4ac40b565ecf,Xeon D-1577,Broadwell,16,32,1.3,2.1,BGA 1667,14.0,1.5,45.0,2016-02-24,True,16 / 32,1.3 to 2.1 GHz,BGA 1667,14 nm,1.5MB,45 W,"Feb 24th, 2016",baraazaid/cpu-and-gpu-stats
c204ac7cef8d8f0b5126,Xeon D-1581,Broadwell,16,32,1.8,2.4,BGA 1667,14.0,1.5,65.0,2016-02-24,True,16 / 32,1.8 to 2.4 GHz,BGA 1667,14 nm,1.5MB,65 W,"Feb 24th, 2016",baraazaid/cpu-and-gpu-stats
be9fedbf27889a1e370e,Xeon D-1587,Broadwell,16,32,1.7,2.3,BGA 1667,14.0,1.5,65.0,2016-02-24,True,16 / 32,1.7 to 2.3 GHz,BGA 1667,14 nm,1.5MB,65 W,"Feb 24th, 2016",baraazaid/cpu-and-gpu-stats
08cc63f6efabdbe0a5c4,Xeon E-2314,Rocket Lake-E,4,,2.8,4.5,1200,14.0,8.0,65.0,2021-09-08,True,4,2.8 to 4.5 GHz,Socket 1200,14 nm,8MB,65 W,"Sep 8th, 2021",baraazaid/cpu-and-gpu-stats
97a65364e1228a37ffff,Xeon E-2324G,Rocket Lake-E,4,,3.1,4.6,1200,14.0,8.0,65.0,2021-09-08,True,4,3.1 to 4.6 GHz,Socket 1200,14 nm,8MB,65 W,"Sep 8th, 2021",baraazaid/cpu-and-gpu-stats
fa51ba2ef9ce9dd50179,Xeon E-2334,Rocket Lake-E,4,8,3.4,4.8,1200,14.0,8.0,65.0,2021-09-08,True,4 / 8,3.4 to 4.8 GHz,Socket 1200,14 nm,8MB,65 W,"Sep 8th, 2021",baraazaid/cpu-and-gpu-stats
1abdcdb557b98eafeb7b,Xeon E-2336,Rocket Lake-E,6,12,2.9,4.8,1200,14.0,12.0,65.0,2021-09-08,True,6 / 12,2.9 to 4.8 GHz,Socket 1200,14 nm,12MB,65 W,"Sep 8th, 2021",baraazaid/cpu-and-gpu-stats
7f72775f76eff76efb10,Xeon E-2356G,Rocket Lake-E,6,12,3.2,5.0,1200,14.0,12.0,80.0,2021-09-08,True,6 / 12,3.2 to 5 GHz,Socket 1200,14 nm,12MB,80 W,"Sep 8th, 2021",baraazaid/cpu-and-gpu-stats
5d7bfa26a57f44dd7780,Xeon E-2374G,Rocket Lake-E,4,8,3.7,5.0,1200,14.0,8.0,80.0,2021-09-08,True,4 / 8,3.7 to 5 GHz,Socket 1200,14 nm,8MB,80 W,"Sep 8th, 2021",baraazaid/cpu-and-gpu-stats
d99c306b35d25c078080,Xeon E-2378,Rocket Lake-E,8,16,2.6,4.8,1200,14.0,16.0,65.0,2021-09-08,True,8 / 16,2.6 to 4.8 GHz,Socket 1200,14 nm,16MB,65 W,"Sep 8th, 2021",baraazaid/cpu-and-gpu-stats
cc0cbcb24f6e7449030c,Xeon E-2378G,Rocket Lake-E,8,16,2.8,5.1,1200,14.0,16.0,80.0,2021-09-08,True,8 / 16,2.8 to 5.1 GHz,Socket 1200,14 nm,16MB,80 W,"Sep 8th, 2021",baraazaid/cpu-and-gpu-stats
25576d719bf6b8fb3e8e,Xeon E-2386G,Rocket Lake-E,6,12,3.5,5.1,1200,14.0,12.0,95.0,2021-09-08,True,6 / 12,3.5 to 5.1 GHz,Socket 1200,14 nm,12MB,95 W,"Sep 8th, 2021",baraazaid/cpu-and-gpu-stats
50d8ad5c87920c9d8943,Xeon E-2388G,Rocket Lake-E,8,16,3.2,5.1,1200,14.0,16.0,95.0,2021-09-08,True,8 / 16,3.2 to 5.1 GHz,Socket 1200,14 nm,16MB,95 W,"Sep 8th, 2021",baraazaid/cpu-and-gpu-stats
d10eae4d89f9b390af75,Xeon E3-1105C,Gladden,4,,1.0,1.0,BGA 1283,32.0,6.0,25.0,2012-05-14,True,4,1000 MHz,BGA 1283,32 nm,6MB,25 W,"May 14th, 2012",baraazaid/cpu-and-gpu-stats
c74a9b1893509ca0d3ce,Xeon E3-1125C,Gladden,4,,2.0,2.0,BGA 1283,32.0,8.0,40.0,2012-05-14,True,4,2000 MHz,BGA 1283,32 nm,8MB,40 W,"May 14th, 2012",baraazaid/cpu-and-gpu-stats
f9d022dcc286962b3fd6,Xeon E3-1220,Sandy Bridge,4,,3.1,3.4,1155,32.0,8.0,80.0,2011-04-03,True,4,3.1 to 3.4 GHz,Socket 1155,32 nm,8MB,80 W,"Apr 3rd, 2011",baraazaid/cpu-and-gpu-stats
ae1527c6fb077595ad4e,Xeon E3-1220 v2,Ivy Bridge,4,,3.1,3.5,1155,22.0,8.0,69.0,2012-05-14,True,4,3.1 to 3.5 GHz,Socket 1155,22 nm,8MB,69 W,"May 14th, 2012",baraazaid/cpu-and-gpu-stats
992b1b0549473076d1cf,Xeon E3-1220 v3,Haswell-WS,4,,3.1,3.5,1150,22.0,8.0,80.0,2013-06-02,True,4,3.1 to 3.5 GHz,Socket 1150,22 nm,8MB,80 W,"Jun 2nd, 2013",baraazaid/cpu-and-gpu-stats
84f81e3e362024ad5d19,Xeon E3-1220L,Sandy Bridge,2,4,2.2,3.4,1155,32.0,3.0,20.0,2011-04-03,True,2 / 4,2.2 to 3.4 GHz,Socket 1155,32 nm,3MB,20 W,"Apr 3rd, 2011",baraazaid/cpu-and-gpu-stats
92bbc513890d9564e4b5,Xeon E3-1220L v2,Ivy Bridge,2,4,2.3,3.5,1155,22.0,8.0,17.0,2012-05-14,True,2 / 4,2.3 to 3.5 GHz,Socket 1155,22 nm,8MB,17 W,"May 14th, 2012",baraazaid/cpu-and-gpu-stats
7f32080c310f51aa6b1c,Xeon E3-1220L v3,Haswell-WS,2,4,1.6,2.3,1150,22.0,4.0,16.0,2013-06-02,True,2 / 4,1.6 to 2.3 GHz,Socket 1150,22 nm,4MB,16 W,"Jun 2nd, 2013",baraazaid/cpu-and-gpu-stats
cf3add00167e610eddeb,Xeon E3-1225,Sandy Bridge,4,,3.1,3.4,1155,32.0,6.0,95.0,2011-04-03,True,4,3.1 to 3.4 GHz,Socket 1155,32 nm,6MB,95 W,"Apr 3rd, 2011",baraazaid/cpu-and-gpu-stats
7d97d44c64150ee53fb1,Xeon E3-1225 v2,Ivy Bridge,4,,3.2,3.6,1155,22.0,8.0,77.0,2012-05-14,True,4,3.2 to 3.6 GHz,Socket 1155,22 nm,8MB,77 W,"May 14th, 2012",baraazaid/cpu-and-gpu-stats
987f4483cdaab9e17b89,Xeon E3-1225 v3,Haswell-WS,4,,3.2,3.6,1150,22.0,8.0,84.0,2013-06-02,True,4,3.2 to 3.6 GHz,Socket 1150,22 nm,8MB,84 W,"Jun 2nd, 2013",baraazaid/cpu-and-gpu-stats
265e186207da55178d00,Xeon E3-1230,Sandy Bridge,4,8,3.2,3.6,1155,32.0,8.0,80.0,2011-04-03,True,4 / 8,3.2 to 3.6 GHz,Socket 1155,32 nm,8MB,80 W,"Apr 3rd, 2011",baraazaid/cpu-and-gpu-stats
d68a0597b28c1cf2ee79,Xeon E3-1230 v2,Ivy Bridge,4,8,3.3,3.7,1155,22.0,8.0,69.0,2012-05-14,True,4 / 8,3.3 to 3.7 GHz,Socket 1155,22 nm,8MB,69 W,"May 14th, 2012",baraazaid/cpu-and-gpu-stats
6fb4a76db8fbd4a9ba1f,Xeon E3-1230 v3,Haswell-WS,4,8,3.3,3.7,1150,22.0,8.0,80.0,2013-06-02,True,4 / 8,3.3 to 3.7 GHz,Socket 1150,22 nm,8MB,80 W,"Jun 2nd, 2013",baraazaid/cpu-and-gpu-stats
0ef4f74208bc4875d3d3,Xeon E3-1230L v3,Haswell-WS,4,8,1.8,2.8,1150,22.0,8.0,25.0,2013-06-02,True,4 / 8,1.8 to 2.8 GHz,Socket 1150,22 nm,8MB,25 W,"Jun 2nd, 2013",baraazaid/cpu-and-gpu-stats
854ed65dd190e5daa3dc,Xeon E3-1235,Sandy Bridge,4,8,3.2,3.6,1155,32.0,8.0,95.0,2011-04-03,True,4 / 8,3.2 to 3.6 GHz,Socket 1155,32 nm,8MB,95 W,"Apr 3rd, 2011",baraazaid/cpu-and-gpu-stats
87a587137e44f279f40b,Xeon E3-1240,Sandy Bridge,4,8,3.3,3.7,1155,32.0,8.0,80.0,2011-04-03,True,4 / 8,3.3 to 3.7 GHz,Socket 1155,32 nm,8MB,80 W,"Apr 3rd, 2011",baraazaid/cpu-and-gpu-stats
83020f9efbb5bcd09a7a,Xeon E3-1240 v2,Ivy Bridge,4,8,3.4,3.8,1155,22.0,8.0,69.0,2012-05-14,True,4 / 8,3.4 to 3.8 GHz,Socket 1155,22 nm,8MB,69 W,"May 14th, 2012",baraazaid/cpu-and-gpu-stats
a367d36206cc499bded8,Xeon E3-1240 v3,Haswell-WS,4,8,3.4,3.8,1150,22.0,8.0,80.0,2013-06-02,True,4 / 8,3.4 to 3.8 GHz,Socket 1150,22 nm,8MB,80 W,"Jun 2nd, 2013",baraazaid/cpu-and-gpu-stats
224d46411db4e36639d0,Xeon E3-1245,Sandy Bridge,4,8,3.3,3.7,1155,32.0,8.0,95.0,2011-04-03,True,4 / 8,3.3 to 3.7 GHz,Socket 1155,32 nm,8MB,95 W,"Apr 3rd, 2011",baraazaid/cpu-and-gpu-stats
695ec3b79ec57e84c139,Xeon E3-1245 v2,Ivy Bridge,4,8,3.4,3.8,1155,22.0,8.0,77.0,2012-05-14,True,4 / 8,3.4 to 3.8 GHz,Socket 1155,22 nm,8MB,77 W,"May 14th, 2012",baraazaid/cpu-and-gpu-stats
c8fb809a5fe5fc346ed3,Xeon E3-1245 v3,Haswell-WS,4,8,3.4,3.8,1150,22.0,8.0,84.0,2013-06-02,True,4 / 8,3.4 to 3.8 GHz,Socket 1150,22 nm,8MB,84 W,"Jun 2nd, 2013",baraazaid/cpu-and-gpu-stats
4be2f5fd860f442ed362,Xeon E3-1258L v4,,,,,,,,,,,False,,,,,,,,baraazaid/cpu-and-gpu-stats
d7c6e2c21323f70cf525,Xeon E3-1260L,Sandy Bridge,4,8,2.4,3.3,1155,32.0,8.0,45.0,2011-04-03,True,4 / 8,2.4 to 3.3 GHz,Socket 1155,32 nm,8MB,45 W,"Apr 3rd, 2011",baraazaid/cpu-and-gpu-stats
3eca9c4b10505cbb0514,Xeon E3-1265L v2,Ivy Bridge,4,8,2.5,3.5,1155,22.0,8.0,45.0,2012-05-14,True,4 / 8,2.5 to 3.5 GHz,Socket 1155,22 nm,8MB,45 W,"May 14th, 2012",baraazaid/cpu-and-gpu-stats
77808ff7e4b7d3494336,Xeon E3-1265L v3,Haswell-WS,4,8,2.5,3.7,1150,22.0,8.0,45.0,2013-06-02,True,4 / 8,2.5 to 3.7 GHz,Socket 1150,22 nm,8MB,45 W,"Jun 2nd, 2013",baraazaid/cpu-and-gpu-stats
31bf326b0b392fcd2f54,Xeon E3-1265L v4,,,,,,,,,,,False,,,,,,,,baraazaid/cpu-and-gpu-stats
e9bd18f497dd070bcd84,Xeon E3-1270,Sandy Bridge,4,8,3.4,3.8,1155,32.0,8.0,80.0,2011-04-03,True,4 / 8,3.4 to 3.8 GHz,Socket 1155,32 nm,8MB,80 W,"Apr 3rd, 2011",baraazaid/cpu-and-gpu-stats
6dbed36ba22c957be9c3,Xeon E3-1270 v2,Ivy Bridge,4,8,3.5,3.9,1155,22.0,8.0,69.0,2012-05-14,True,4 / 8,3.5 to 3.9 GHz,Socket 1155,22 nm,8MB,69 W,"May 14th, 2012",baraazaid/cpu-and-gpu-stats
1b84c8886cdc64311c0a,Xeon E3-1270 v3,Haswell-WS,4,8,3.5,3.9,1150,22.0,8.0,80.0,2013-06-02,True,4 / 8,3.5 to 3.9 GHz,Socket 1150,22 nm,8MB,80 W,"Jun 2nd, 2013",baraazaid/cpu-and-gpu-stats
628a88d16034f8479c4b,Xeon E3-1270L v4,,,,,,,,,,,False,,,,,,,,baraazaid/cpu-and-gpu-stats
fad376015e39d8ee0c44,Xeon E3-1275,Sandy Bridge,4,8,3.4,3.8,1155,32.0,8.0,95.0,2011-04-03,True,4 / 8,3.4 to 3.8 GHz,Socket 1155,32 nm,8MB,95 W,"Apr 3rd, 2011",baraazaid/cpu-and-gpu-stats
e3080b281029b34d9db6,Xeon E3-1275 v2,Ivy Bridge,4,8,3.5,3.9,1155,22.0,8.0,77.0,2012-05-14,True,4 / 8,3.5 to 3.9 GHz,Socket 1155,22 nm,8MB,77 W,"May 14th, 2012",baraazaid/cpu-and-gpu-stats
47759415551843ae9246,Xeon E3-1275 v3,Haswell-WS,4,8,3.5,3.9,1150,22.0,8.0,84.0,2013-06-02,True,4 / 8,3.5 to 3.9 GHz,Socket 1150,22 nm,8MB,84 W,"Jun 2nd, 2013",baraazaid/cpu-and-gpu-stats
369a08b94328700c9f5b,Xeon E3-1278L v4,,,,,,,,,,,False,,,,,,,,baraazaid/cpu-and-gpu-stats
193363b8b21298519e9e,Xeon E3-1280,Sandy Bridge,4,8,3.5,3.9,1155,32.0,8.0,95.0,2011-04-03,True,4 / 8,3.5 to 3.9 GHz,Socket 1155,32 nm,8MB,95 W,"Apr 3rd, 2011",baraazaid/cpu-and-gpu-stats
b3ebe2a0dffac63cd019,Xeon E3-1280 v2,Ivy Bridge,4,8,3.6,4.0,1155,22.0,8.0,69.0,2012-05-14,True,4 / 8,3.6 to 4 GHz,Socket 1155,22 nm,8MB,69 W,"May 14th, 2012",baraazaid/cpu-and-gpu-stats
0df9703d95eb907c4c1f,Xeon E3-1280 v3,Haswell-WS,4,8,3.6,4.0,1150,22.0,8.0,82.0,2013-06-02,True,4 / 8,3.6 to 4 GHz,Socket 1150,22 nm,8MB,82 W,"Jun 2nd, 2013",baraazaid/cpu-and-gpu-stats
10386cd5d1958516ded3,Xeon E3-1280 v5,,,,,,,,,,,False,,,,,,,,baraazaid/cpu-and-gpu-stats
75c212de25f340fd8705,Xeon E3-1283L v4,,,,,,,,,,,False,,,,,,,,baraazaid/cpu-and-gpu-stats
7e6db7416f2311973ad8,Xeon E3-1284L v4,,,,,,,,,,,False,,,,,,,,baraazaid/cpu-and-gpu-stats
60e4d7c6a6941f45a90d,Xeon E3-1285 v3,Haswell-WS,4,8,3.6,4.0,1150,22.0,8.0,84.0,2013-06-02,True,4 / 8,3.6 to 4 GHz,Socket 1150,22 nm,8MB,84 W,"Jun 2nd, 2013",baraazaid/cpu-and-gpu-stats
2119669df6363d05a0d9,Xeon E3-1285 v4,,,,,,,,,,,False,,,,,,,,baraazaid/cpu-and-gpu-stats
3fd98babe3fb65e46e8c,Xeon E3-1285 v6,Kaby Lake-DT,4,8,4.1,4.5,1151,14.0,8.0,79.0,2017-08-01,True,4 / 8,4.1 to 4.5 GHz,Socket 1151,14 nm,8MB,79 W,"Aug 1st, 2017",baraazaid/cpu-and-gpu-stats
4973a22aed47c60cc529,Xeon E3-1285L v3,Haswell-WS,4,8,3.1,3.9,1150,22.0,8.0,65.0,2013-06-02,True,4 / 8,3.1 to 3.9 GHz,Socket 1150,22 nm,8MB,65 W,"Jun 2nd, 2013",baraazaid/cpu-and-gpu-stats
4013de063e8a5a28b1fa,Xeon E3-1285L v4,,,,,,,,,,,False,,,,,,,,baraazaid/cpu-and-gpu-stats
ee1b42d7c812d38b98ed,Xeon E3-1290,Sandy Bridge,4,8,3.6,4.0,1155,32.0,8.0,95.0,2011-05-29,True,4 / 8,3.6 to 4 GHz,Socket 1155,32 nm,8MB,95 W,"May 29th, 2011",baraazaid/cpu-and-gpu-stats
e1738285bd790489b0b9,Xeon E3-1290 v2,Ivy Bridge,4,8,3.7,4.1,1155,22.0,8.0,87.0,2012-05-14,True,4 / 8,3.7 to 4.1 GHz,Socket 1155,22 nm,8MB,87 W,"May 14th, 2012",baraazaid/cpu-and-gpu-stats
9f832d172f74c429121a,Xeon E5-1410,Sandy Bridge-EN,4,8,2.8,3.2,1356,32.0,10.0,80.0,2012-05-14,True,4 / 8,2.8 to 3.2 GHz,Socket 1356,32 nm,10MB,80 W,"May 14th, 2012",baraazaid/cpu-and-gpu-stats
746107a3ca0ebd0bd5bd,Xeon E5-1428L,Sandy Bridge-EN,6,12,1.8,1.8,1356,32.0,15.0,60.0,2012-05-14,True,6 / 12,1800 MHz,Socket 1356,32 nm,15MB,60 W,"May 14th, 2012",baraazaid/cpu-and-gpu-stats
f75913fa2f9462728112,Xeon E5-1603 V3,,,,,,,,,,,False,,,,,,,,baraazaid/cpu-and-gpu-stats
97822219e12a3be639b7,Xeon E5-1607 V3,,,,,,,,,,,False,,,,,,,,baraazaid/cpu-and-gpu-stats
029b5683182311b7caa9,Xeon E5-1607 v2,Ivy Bridge-E,4,,3.0,3.0,2011,22.0,10.0,130.0,2013-09-10,True,4,3 GHz,Socket 2011,22 nm,10MB,130 W,"Sep 10th, 2013",baraazaid/cpu-and-gpu-stats
d10f614dffe60aafe522,Xeon E5-1620,Sandy Bridge-E,4,8,3.6,3.8,2011,32.0,10.0,130.0,2012-03-06,True,4 / 8,3.6 to 3.8 GHz,Socket 2011,32 nm,10MB,130 W,"Mar 6th, 2012",baraazaid/cpu-and-gpu-stats
a687830e84156de9fe03,Xeon E5-1620 V3,,,,,,,,,,,False,,,,,,,,baraazaid/cpu-and-gpu-stats
af0305c7e359564c39c8,Xeon E5-1620 v2,Ivy Bridge-E,4,8,3.7,3.9,2011,22.0,10.0,130.0,2013-09-10,True,4 / 8,3.7 to 3.9 GHz,Socket 2011,22 nm,10MB,130 W,"Sep 10th, 2013",baraazaid/cpu-and-gpu-stats
975e1c3f1239c57af356,Xeon E5-1630 V3,,,,,,,,,,,False,,,,,,,,baraazaid/cpu-and-gpu-stats
a1b6fb9b0b3f1c79bb7c,Xeon E5-1650,Sandy Bridge-E,6,12,3.2,3.8,2011,32.0,12.0,130.0,2012-03-06,True,6 / 12,3.2 to 3.8 GHz,Socket 2011,32 nm,12MB,130 W,"Mar 6th, 2012",baraazaid/cpu-and-gpu-stats
c104493e54d9692685c9,Xeon E5-1650 V3,,,,,,,,,,,False,,,,,,,,baraazaid/cpu-and-gpu-stats
32d021d5a22fa43af443,Xeon E5-1650 v2,Ivy Bridge-E,6,12,3.5,3.9,2011,22.0,12.0,130.0,2013-09-10,True,6 / 12,3.5 to 3.9 GHz,Socket 2011,22 nm,12MB,130 W,"Sep 10th, 2013",baraazaid/cpu-and-gpu-stats
880e92acaf004a957b74,Xeon E5-1660,Sandy Bridge-E,6,12,3.3,3.9,2011,32.0,15.0,130.0,2012-03-06,True,6 / 12,3.3 to 3.9 GHz,Socket 2011,32 nm,15MB,130 W,"Mar 6th, 2012",baraazaid/cpu-and-gpu-stats
8afdb7e82f3235425d55,Xeon E5-1660 V3,,,,,,,,,,,False,,,,,,,,baraazaid/cpu-and-gpu-stats
7e28c110ef0a000aa71a,Xeon E5-1660 v2,Ivy Bridge-E,6,12,3.7,4.0,2011,22.0,15.0,130.0,2013-09-10,True,6 / 12,3.7 to 4 GHz,Socket 2011,22 nm,15MB,130 W,"Sep 10th, 2013",baraazaid/cpu-and-gpu-stats
cb2af7987d3a2d07a0f3,Xeon E5-1680 V3,,,,,,,,,,,False,,,,,,,,baraazaid/cpu-and-gpu-stats
566d1df3955694d5b1f7,Xeon E5-1680 v2,Ivy Bridge-EP,8,16,3.0,3.9,2011,22.0,25.0,130.0,2013-09-10,True,8 / 16,3 to 3.9 GHz,Socket 2011,22 nm,25MB,130 W,"Sep 10th, 2013",baraazaid/cpu-and-gpu-stats
f1004fc8d04e3cf535cf,Xeon E5-1681 V3,Haswell-EP,10,20,2.9,3.5,2011-3,22.0,25.0,135.0,2014-09-08,True,10 / 20,2.9 to 3.5 GHz,Socket 2011-3,22 nm,25MB,135 W,"Sep 8th, 2014",baraazaid/cpu-and-gpu-stats
9304fbcdc31945d65fc9,Xeon E5-1686 V3,Haswell-EP,12,24,2.6,3.3,2011-3,22.0,30.0,135.0,2014-09-08,True,12 / 24,2.6 to 3.3 GHz,Socket 2011-3,22 nm,30MB,135 W,"Sep 8th, 2014",baraazaid/cpu-and-gpu-stats
a02182fdb9e8f332d672,Xeon E5-1691 V3,Haswell-EP,14,28,2.5,3.4,2011-3,22.0,35.0,135.0,2014-09-08,True,14 / 28,2.5 to 3.4 GHz,Socket 2011-3,22 nm,35MB,135 W,"Sep 8th, 2014",baraazaid/cpu-and-gpu-stats
e63d962e6a6b1da42157,Xeon E5-2403,Sandy Bridge-EN,4,8,1.8,1.8,1356,32.0,10.0,80.0,2012-05-14,True,4 / 8,1800 MHz,Socket 1356,32 nm,10MB,80 W,"May 14th, 2012",baraazaid/cpu-and-gpu-stats
b823b9f8c96141d385a9,Xeon E5-2403 v2,Ivy Bridge-EN,4,,1.8,1.8,1356,22.0,10.0,80.0,2013-09-01,True,4,1800 MHz,Socket 1356,22 nm,10MB,80 W,"Sep 1st, 2013",baraazaid/cpu-and-gpu-stats
14525b07b6878d212537,Xeon E5-2407,Sandy Bridge-EN,4,8,2.2,2.2,1356,32.0,10.0,80.0,2012-05-14,True,4 / 8,2.2 GHz,Socket 1356,32 nm,10MB,80 W,"May 14th, 2012",baraazaid/cpu-and-gpu-stats
d1103f39d88e3bdc9038,Xeon E5-2407 v2,Ivy Bridge-EN,4,,2.4,2.4,1356,22.0,10.0,80.0,2013-09-01,True,4,2.4 GHz,Socket 1356,22 nm,10MB,80 W,"Sep 1st, 2013",baraazaid/cpu-and-gpu-stats
27660ffee78984929729,Xeon E5-2418L,Sandy Bridge-EN,4,8,2.0,2.1,1356,32.0,10.0,50.0,2012-05-14,True,4 / 8,2 to 2.1 GHz,Socket 1356,32 nm,10MB,50 W,"May 14th, 2012",baraazaid/cpu-and-gpu-stats
ad8cc4632bc4752019c1,Xeon E5-2420,Sandy Bridge-EN,6,12,1.9,2.4,1356,32.0,15.0,95.0,2012-05-14,True,6 / 12,1.9 to 2.4 GHz,Socket 1356,32 nm,15MB,95 W,"May 14th, 2012",baraazaid/cpu-and-gpu-stats
280601a60d5760ae7ea6,Xeon E5-2420 v2,Ivy Bridge-EN,6,12,2.2,2.2,1356,22.0,15.0,80.0,2013-09-01,True,6 / 12,2.2 GHz,Socket 1356,22 nm,15MB,80 W,"Sep 1st, 2013",baraazaid/cpu-and-gpu-stats
f77797e49466bf2e69fe,Xeon E5-2428L,Sandy Bridge-EN,6,12,1.8,2.0,1356,32.0,15.0,60.0,2012-05-14,True,6 / 12,1.8 to 2 GHz,Socket 1356,32 nm,15MB,60 W,"May 14th, 2012",baraazaid/cpu-and-gpu-stats
2067e06319c2c76459d9,Xeon E5-2430,Sandy Bridge-EN,6,12,2.2,2.7,1356,32.0,15.0,95.0,2012-05-14,True,6 / 12,2.2 to 2.7 GHz,Socket 1356,32 nm,15MB,95 W,"May 14th, 2012",baraazaid/cpu-and-gpu-stats
65966945938ada4f7d36,Xeon E5-2430 v2,Ivy Bridge-EN,6,12,2.5,2.5,1356,22.0,15.0,80.0,2013-09-01,True,6 / 12,2.5 GHz,Socket 1356,22 nm,15MB,80 W,"Sep 1st, 2013",baraazaid/cpu-and-gpu-stats
f18d6200b35b76f0dbcd,Xeon E5-2430L,Sandy Bridge-EN,6,12,2.0,2.5,1356,32.0,15.0,60.0,2012-05-14,True,6 / 12,2 to 2.5 GHz,Socket 1356,32 nm,15MB,60 W,"May 14th, 2012",baraazaid/cpu-and-gpu-stats
7dd5637b76a76656e78a,Xeon E5-2440,Sandy Bridge-EN,6,12,2.4,2.9,1356,32.0,15.0,95.0,2012-05-14,True,6 / 12,2.4 to 2.9 GHz,Socket 1356,32 nm,15MB,95 W,"May 14th, 2012",baraazaid/cpu-and-gpu-stats
a4218da4378a6a835333,Xeon E5-2440 v2,Ivy Bridge-EN,8,16,1.9000000000000001,1.9000000000000001,1356,22.0,20.0,95.0,2013-09-01,True,8 / 16,1900 MHz,Socket 1356,22 nm,20MB,95 W,"Sep 1st, 2013",baraazaid/cpu-and-gpu-stats
34d16dbb393abe43ba0e,Xeon E5-2448L,Sandy Bridge-EN,8,16,1.8,2.1,1356,32.0,20.0,70.0,2012-05-14,True,8 / 16,1.8 to 2.1 GHz,Socket 1356,32 nm,20MB,70 W,"May 14th, 2012",baraazaid/cpu-and-gpu-stats
91a3db20897e148c9591,Xeon E5-2450,Sandy Bridge-EN,8,16,2.1,2.9,1356,32.0,20.0,95.0,2012-05-14,True,8 / 16,2.1 to 2.9 GHz,Socket 1356,32 nm,20MB,95 W,"May 14th, 2012",baraazaid/cpu-and-gpu-stats
dd8f290093cb5da9d465,Xeon E5-2450 v2,Ivy Bridge-EN,8,16,2.5,2.5,1356,22.0,20.0,95.0,2013-09-01,True,8 / 16,2.5 GHz,Socket 1356,22 nm,20MB,95 W,"Sep 1st, 2013",baraazaid/cpu-and-gpu-stats
7c7ca494f1a395ae6ada,Xeon E5-2450L,Sandy Bridge-EN,8,16,1.8,2.3,1356,32.0,20.0,70.0,2012-05-14,True,8 / 16,1.8 to 2.3 GHz,Socket 1356,32 nm,20MB,70 W,"May 14th, 2012",baraazaid/cpu-and-gpu-stats
f7a915d814b0354fd739,Xeon E5-2470,Sandy Bridge-EN,8,16,2.3,3.1,1356,32.0,20.0,95.0,2012-05-14,True,8 / 16,2.3 to 3.1 GHz,Socket 1356,32 nm,20MB,95 W,"May 14th, 2012",baraazaid/cpu-and-gpu-stats
e81a6605c71ea5966885,Xeon E5-2470 v2,Ivy Bridge-EN,10,20,2.4,2.4,1356,22.0,25.0,95.0,2013-09-01,True,10 / 20,2.4 GHz,Socket 1356,22 nm,25MB,95 W,"Sep 1st, 2013",baraazaid/cpu-and-gpu-stats
fbb8127de26fc21b551b,Xeon E5-2603,Sandy Bridge-EP,4,,1.8,1.8,2011,32.0,10.0,80.0,2012-03-06,True,4,1800 MHz,Socket 2011,32 nm,10MB,80 W,"Mar 6th, 2012",baraazaid/cpu-and-gpu-stats
797f700f26b3b48ee7fd,Xeon E5-2603 V3,,,,,,,,,,,False,,,,,,,,baraazaid/cpu-and-gpu-stats
7c1f5f2b9f894bbfa3c2,Xeon E5-2603 v2,Ivy Bridge-EP,4,,1.8,1.8,2011,22.0,10.0,80.0,2013-09-01,True,4,1800 MHz,Socket 2011,22 nm,10MB,80 W,"Sep 1st, 2013",baraazaid/cpu-and-gpu-stats
c915018f6c6c9ee1fab2,Xeon E5-2608L V3,,,,,,,,,,,False,,,,,,,,baraazaid/cpu-and-gpu-stats
5a0f510649e4ccdcc555,Xeon E5-2609,Sandy Bridge-EP,4,,2.4,2.4,2011,32.0,10.0,80.0,2012-03-06,True,4,2.4 GHz,Socket 2011,32 nm,10MB,80 W,"Mar 6th, 2012",baraazaid/cpu-and-gpu-stats
47b931aab4ab75304da2,Xeon E5-2609 V3,,,,,,,,,,,False,,,,,,,,baraazaid/cpu-and-gpu-stats
2a2958ecbdf7640a0aa3,Xeon E5-2609 v2,Ivy Bridge-EP,4,,2.5,2.5,2011,22.0,10.0,80.0,2013-09-01,True,4,2.5 GHz,Socket 2011,22 nm,10MB,80 W,"Sep 1st, 2013",baraazaid/cpu-and-gpu-stats
a6d9cdd3190c5fb3c75c,Xeon E5-2618L V3,,,,,,,,,,,False,,,,,,,,baraazaid/cpu-and-gpu-stats
87a72180ded6b3bf1ad0,Xeon E5-2620,Sandy Bridge-EP,6,12,2.0,2.5,2011,32.0,15.0,95.0,2012-03-06,True,6 / 12,2 to 2.5 GHz,Socket 2011,32 nm,15MB,95 W,"Mar 6th, 2012",baraazaid/cpu-and-gpu-stats
92f8c5c9086cda98cebf,Xeon E5-2620 V3,,,,,,,,,,,False,,,,,,,,baraazaid/cpu-and-gpu-stats
5f5f93eb3f1be1fc21b7,Xeon E5-2620 v2,Ivy Bridge-EP,6,12,2.1,2.1,2011,22.0,15.0,80.0,2013-09-01,True,6 / 12,2.1 GHz,Socket 2011,22 nm,15MB,80 W,"Sep 1st, 2013",baraazaid/cpu-and-gpu-stats
6fc99d3acf9c9ccc3be1,Xeon E5-2622 V3,,,,,,,,,,,False,,,,,,,,baraazaid/cpu-and-gpu-stats
666828dda9a31ad58db6,Xeon E5-2623 V3,,,,,,,,,,,False,,,,,,,,baraazaid/cpu-and-gpu-stats
3d6928d0af2fc23dc819,Xeon E5-2628 V3,,,,,,,,,,,False,,,,,,,,baraazaid/cpu-and-gpu-stats
cb3bcc21ceb691931eaf,Xeon E5-2628L V3,Haswell-EP,10,20,2.0,2.5,2011-3,22.0,25.0,75.0,2014-09-08,True,10 / 20,2 to 2.5 GHz,Socket 2011-3,22 nm,25MB,75 W,"Sep 8th, 2014",baraazaid/cpu-and-gpu-stats
90a7cb967194f43fd6cb,Xeon E5-2629 V3,,,,,,,,,,,False,,,,,,,,baraazaid/cpu-and-gpu-stats
bfb7b48c5cc6d769fc54,Xeon E5-2630,Sandy Bridge-EP,6,12,2.3,2.8,2011,32.0,15.0,95.0,2012-03-06,True,6 / 12,2.3 to 2.8 GHz,Socket 2011,32 nm,15MB,95 W,"Mar 6th, 2012",baraazaid/cpu-and-gpu-stats
7264dfa04b6d78d0bd7f,Xeon E5-2630 V3,,,,,,,,,,,False,,,,,,,,baraazaid/cpu-and-gpu-stats
929f7f72953c05b10637,Xeon E5-2630 v2,Ivy Bridge-EP,6,12,2.6,2.6,2011,22.0,15.0,80.0,2013-09-01,True,6 / 12,2.6 GHz,Socket 2011,22 nm,15MB,80 W,"Sep 1st, 2013",baraazaid/cpu-and-gpu-stats
77b23a623df2a126f3d2,Xeon E5-2630L,Sandy Bridge-EP,6,12,2.0,2.5,2011,32.0,15.0,60.0,2012-03-06,True,6 / 12,2 to 2.5 GHz,Socket 2011,32 nm,15MB,60 W,"Mar 6th, 2012",baraazaid/cpu-and-gpu-stats
9f9c4f72765e19148ed0,Xeon E5-2630L V3,,,,,,,,,,,False,,,,,,,,baraazaid/cpu-and-gpu-stats
54945c7bb9b80f4ed5d7,Xeon E5-2630L v2,Ivy Bridge-EP,6,12,2.4,2.4,2011,22.0,15.0,60.0,2013-09-01,True,6 / 12,2.4 GHz,Socket 2011,22 nm,15MB,60 W,"Sep 1st, 2013",baraazaid/cpu-and-gpu-stats
de3c259b6f141e250493,Xeon E5-2637,Sandy Bridge-EP,2,4,3.0,3.5,2011,32.0,5.0,80.0,2012-03-06,True,2 / 4,3 to 3.5 GHz,Socket 2011,32 nm,5MB,80 W,"Mar 6th, 2012",baraazaid/cpu-and-gpu-stats
0314b12faad7061690cf,Xeon E5-2637 V3,,,,,,,,,,,False,,,,,,,,baraazaid/cpu-and-gpu-stats
dcf9f58a4245ffa456ad,Xeon E5-2637 v2,Ivy Bridge-EP,4,8,3.5,3.5,2011,22.0,10.0,130.0,2013-09-01,True,4 / 8,3.5 GHz,Socket 2011,22 nm,10MB,130 W,"Sep 1st, 2013",baraazaid/cpu-and-gpu-stats
572d5b453ef15fbb2564,Xeon E5-2640,Sandy Bridge-EP,6,12,2.5,3.0,2011,32.0,15.0,95.0,2012-03-06,True,6 / 12,2.5 to 3 GHz,Socket 2011,32 nm,15MB,95 W,"Mar 6th, 2012",baraazaid/cpu-and-gpu-stats
2d144ec7013b0357b566,Xeon E5-2640 V3,,,,,,,,,,,False,,,,,,,,baraazaid/cpu-and-gpu-stats
cbe47e6f5ef3b9abb080,Xeon E5-2640 v2,Ivy Bridge-EP,8,16,2.0,2.0,2011,22.0,20.0,95.0,2013-09-01,True,8 / 16,2000 MHz,Socket 2011,22 nm,20MB,95 W,"Sep 1st, 2013",baraazaid/cpu-and-gpu-stats
d89608546fc0b0aa285c,Xeon E5-2643,Sandy Bridge-EP,4,8,3.3,3.5,2011,32.0,10.0,130.0,2012-03-06,True,4 / 8,3.3 to 3.5 GHz,Socket 2011,32 nm,10MB,130 W,"Mar 6th, 2012",baraazaid/cpu-and-gpu-stats
ae16347297ca5cd6d331,Xeon E5-2643 V3,,,,,,,,,,,False,,,,,,,,baraazaid/cpu-and-gpu-stats
0a7e83372097e80921e0,Xeon E5-2643 v2,Ivy Bridge-EP,6,12,3.5,3.5,2011,22.0,15.0,130.0,2013-09-01,True,6 / 12,3.5 GHz,Socket 2011,22 nm,15MB,130 W,"Sep 1st, 2013",baraazaid/cpu-and-gpu-stats
d1b1f8447964e71dd2ad,Xeon E5-2648L,Sandy Bridge-EP,8,16,1.8,2.3,2011,32.0,20.0,70.0,2012-03-06,True,8 / 16,1.8 to 2.3 GHz,Socket 2011,32 nm,20MB,70 W,"Mar 6th, 2012",baraazaid/cpu-and-gpu-stats
ac5b513d5a04873e387b,Xeon E5-2648L V3,Haswell-EP,12,24,1.8,2.5,2011-3,22.0,30.0,75.0,2014-09-08,True,12 / 24,1.8 to 2.5 GHz,Socket 2011-3,22 nm,30MB,75 W,"Sep 8th, 2014",baraazaid/cpu-and-gpu-stats
a189a3cfa6d9c6705147,Xeon E5-2649 V3,Haswell-EP,10,20,2.3,3.0,2011-3,22.0,25.0,105.0,2014-09-08,True,10 / 20,2.3 to 3 GHz,Socket 2011-3,22 nm,25MB,105 W,"Sep 8th, 2014",baraazaid/cpu-and-gpu-stats
38b1b5d9c4d1651114be,Xeon E5-2650,Sandy Bridge-EP,8,16,2.0,2.8,2011,32.0,20.0,95.0,2012-03-06,True,8 / 16,2 to 2.8 GHz,Socket 2011,32 nm,20MB,95 W,"Mar 6th, 2012",baraazaid/cpu-and-gpu-stats
818ed31d5702942c3d95,Xeon E5-2650 V3,Haswell-EP,10,20,2.3,3.0,2011-3,22.0,25.0,105.0,2014-09-08,True,10 / 20,2.3 to 3 GHz,Socket 2011-3,22 nm,25MB,105 W,"Sep 8th, 2014",baraazaid/cpu-and-gpu-stats
5064815a39d08e4a1c96,Xeon E5-2650 v2,Ivy Bridge-EP,8,16,2.6,3.4,2011,22.0,20.0,95.0,2013-09-01,True,8 / 16,2.6 to 3.4 GHz,Socket 2011,22 nm,20MB,95 W,"Sep 1st, 2013",baraazaid/cpu-and-gpu-stats
14dbd7ed77ecd5e71f8e,Xeon E5-2650L,Sandy Bridge-EP,8,16,1.8,2.3,2011,32.0,20.0,70.0,2012-03-06,True,8 / 16,1.8 to 2.3 GHz,Socket 2011,32 nm,20MB,70 W,"Mar 6th, 2012",baraazaid/cpu-and-gpu-stats
00761680509afcac429f,Xeon E5-2650L V3,Haswell-EP,12,24,1.8,2.5,2011-3,22.0,30.0,65.0,2014-09-08,True,12 / 24,1.8 to 2.5 GHz,Socket 2011-3,22 nm,30MB,65 W,"Sep 8th, 2014",baraazaid/cpu-and-gpu-stats
3bdf922490a37f800477,Xeon E5-2650L v2,Ivy Bridge-EP,10,20,1.7,1.7,2011,22.0,25.0,70.0,2013-09-01,True,10 / 20,1700 MHz,Socket 2011,22 nm,25MB,70 W,"Sep 1st, 2013",baraazaid/cpu-and-gpu-stats
a74cc6b4847ceee8f384,Xeon E5-2652 V3,Haswell-EP,10,20,2.3,2.8,2011-3,22.0,25.0,105.0,2014-09-08,True,10 / 20,2.3 to 2.8 GHz,Socket 2011-3,22 nm,25MB,105 W,"Sep 8th, 2014",baraazaid/cpu-and-gpu-stats
cf26bf72a8d0bc6a11e6,Xeon E5-2658,Sandy Bridge-EP,8,16,2.1,2.4,2011,32.0,20.0,95.0,2012-03-06,True,8 / 16,2.1 to 2.4 GHz,Socket 2011,32 nm,20MB,95 W,"Mar 6th, 2012",baraazaid/cpu-and-gpu-stats
e7e00df583a9fc81b693,Xeon E5-2658 V3,Haswell-EP,12,24,2.2,2.9,2011-3,22.0,30.0,105.0,2014-09-08,True,12 / 24,2.2 to 2.9 GHz,Socket 2011-3,22 nm,30MB,105 W,"Sep 8th, 2014",baraazaid/cpu-and-gpu-stats
cbae6a270ba5feaef685,Xeon E5-2658A V3,Haswell-EP,12,24,2.2,2.9,2011-3,22.0,30.0,105.0,2015-01-01,True,12 / 24,2.2 to 2.9 GHz,Socket 2011-3,22 nm,30MB,105 W,2015,baraazaid/cpu-and-gpu-stats
2b24812a1abf8b0e0cc2,Xeon E5-2660,Sandy Bridge-EP,8,16,2.2,3.0,2011,32.0,20.0,95.0,2012-03-06,True,8 / 16,2.2 to 3 GHz,Socket 2011,32 nm,20MB,95 W,"Mar 6th, 2012",baraazaid/cpu-and-gpu-stats
7f0ffbb37ee7ab9bb5e3,Xeon E5-2660 V3,Haswell-EP,10,20,2.6,3.3,2011-3,22.0,25.0,105.0,2014-09-08,True,10 / 20,2.6 to 3.3 GHz,Socket 2011-3,22 nm,25MB,105 W,"Sep 8th, 2014",baraazaid/cpu-and-gpu-stats
7dd2ad3dd5cb48a5c0a5,Xeon E5-2660 v2,Ivy Bridge-EP,10,20,2.2,3.0,2011,22.0,25.0,95.0,2013-09-01,True,10 / 20,2.2 to 3 GHz,Socket 2011,22 nm,25MB,95 W,"Sep 1st, 2013",baraazaid/cpu-and-gpu-stats
02d2c0dcc2fca32a6c7d,Xeon E5-2663 V3,Haswell-EP,10,20,2.8,3.5,2011-3,22.0,25.0,105.0,2014-09-08,True,10 / 20,2.8 to 3.5 GHz,Socket 2011-3,22 nm,25MB,105 W,"Sep 8th, 2014",baraazaid/cpu-and-gpu-stats
6c6f7744a918ffe04d4d,Xeon E5-2665,Sandy Bridge-EP,8,16,2.4,3.1,2011,32.0,20.0,115.0,2012-03-06,True,8 / 16,2.4 to 3.1 GHz,Socket 2011,32 nm,20MB,115 W,"Mar 6th, 2012",baraazaid/cpu-and-gpu-stats
cf50003ba5054100d11f,Xeon E5-2666 V3,Haswell-EP,10,20,2.9,3.5,2011-3,22.0,25.0,135.0,2014-11-13,True,10 / 20,2.9 to 3.5 GHz,Socket 2011-3,22 nm,25MB,135 W,"Nov 13th, 2014",baraazaid/cpu-and-gpu-stats
173fba1fd089e876eaca,Xeon E5-2667,Sandy Bridge-EP,6,12,2.9,3.5,2011,32.0,15.0,130.0,2012-03-06,True,6 / 12,2.9 to 3.5 GHz,Socket 2011,32 nm,15MB,130 W,"Mar 6th, 2012",baraazaid/cpu-and-gpu-stats
7673e794bde166badc49,Xeon E5-2667 V3,,,,,,,,,,,False,,,,,,,,baraazaid/cpu-and-gpu-stats
6d71f0038449b613bb64,Xeon E5-2667 v2,Ivy Bridge-EP,8,16,3.3,3.3,2011,22.0,20.0,130.0,2013-09-01,True,8 / 16,3.3 GHz,Socket 2011,22 nm,20MB,130 W,"Sep 1st, 2013",baraazaid/cpu-and-gpu-stats
8a29df67331c1f41f0f4,Xeon E5-2669 V3,Haswell-EP,12,24,2.3,3.1,2011-3,22.0,30.0,120.0,2015-01-01,True,12 / 24,2.3 to 3.1 GHz,Socket 2011-3,22 nm,30MB,120 W,2015,baraazaid/cpu-and-gpu-stats
6e29b11ac29b9c530393,Xeon E5-2670,Sandy Bridge-EP,8,16,2.6,3.3,2011,32.0,20.0,115.0,2012-03-06,True,8 / 16,2.6 to 3.3 GHz,Socket 2011,32 nm,20MB,115 W,"Mar 6th, 2012",baraazaid/cpu-and-gpu-stats
f3c3e2c9c83e815afef3,Xeon E5-2670 V3,Haswell-EP,12,24,2.3,3.1,2011-3,22.0,30.0,120.0,2014-09-08,True,12 / 24,2.3 to 3.1 GHz,Socket 2011-3,22 nm,30MB,120 W,"Sep 8th, 2014",baraazaid/cpu-and-gpu-stats
7d05e2b92c418501f246,Xeon E5-2670 v2,Ivy Bridge-EP,10,20,2.5,3.3,2011,22.0,25.0,115.0,2013-09-01,True,10 / 20,2.5 to 3.3 GHz,Socket 2011,22 nm,25MB,115 W,"Sep 1st, 2013",baraazaid/cpu-and-gpu-stats
ddf6254094f42e2223bc,Xeon E5-2673 V3,Haswell-EP,12,24,2.4,3.1,2011-3,22.0,30.0,105.0,2014-09-08,True,12 / 24,2.4 to 3.1 GHz,Socket 2011-3,22 nm,30MB,105 W,"Sep 8th, 2014",baraazaid/cpu-and-gpu-stats
e4ee0243daf59cf287ff,Xeon E5-2675 V3,Haswell-EP,16,32,1.8,2.3,2011-3,22.0,40.0,110.0,2014-09-08,True,16 / 32,1.8 to 2.3 GHz,Socket 2011-3,22 nm,40MB,110 W,"Sep 8th, 2014",baraazaid/cpu-and-gpu-stats
21a8c6a7216e438f6a52,Xeon E5-2676 V3,Haswell-EP,12,24,2.4,3.0,2011-3,22.0,30.0,120.0,2015-06-01,True,12 / 24,2.4 to 3 GHz,Socket 2011-3,22 nm,30MB,120 W,Jun 2015,baraazaid/cpu-and-gpu-stats
44285ce1a863d6e3c0bf,Xeon E5-2678 V3,Haswell-EP,12,24,2.5,3.3,2011-3,22.0,30.0,120.0,2015-01-01,True,12 / 24,2.5 to 3.3 GHz,Socket 2011-3,22 nm,30MB,120 W,2015,baraazaid/cpu-and-gpu-stats
a2b55eec2bd62dab0394,Xeon E5-2680,Sandy Bridge-EP,8,16,2.7,3.5,2011,32.0,20.0,130.0,2012-03-06,True,8 / 16,2.7 to 3.5 GHz,Socket 2011,32 nm,20MB,130 W,"Mar 6th, 2012",baraazaid/cpu-and-gpu-stats
b0a5a3765ca7406cfcee,Xeon E5-2680 V3,Haswell-EP,12,24,2.5,3.3,2011-3,22.0,30.0,120.0,2014-09-08,True,12 / 24,2.5 to 3.3 GHz,Socket 2011-3,22 nm,30MB,120 W,"Sep 8th, 2014",baraazaid/cpu-and-gpu-stats
14491f191954b9cb6e3a,Xeon E5-2680 v2,Ivy Bridge-EP,10,20,2.8,3.6,2011,22.0,25.0,115.0,2013-09-01,True,10 / 20,2.8 to 3.6 GHz,Socket 2011,22 nm,25MB,115 W,"Sep 1st, 2013",baraazaid/cpu-and-gpu-stats
79c9811c008a2ad3f921,Xeon E5-2683 V3,Haswell-EP,14,28,2.0,3.0,2011-3,22.0,35.0,120.0,2014-09-08,True,14 / 28,2 to 3 GHz,Socket 2011-3,22 nm,35MB,120 W,"Sep 8th, 2014",baraazaid/cpu-and-gpu-stats
536bf25648e8a2a85913,Xeon E5-2685 V3,Haswell-EP,12,,2.6,3.3,2011-3,22.0,30.0,120.0,2014-09-08,True,12,2.6 to 3.3 GHz,Socket 2011-3,22 nm,30MB,120 W,"Sep 8th, 2014",baraazaid/cpu-and-gpu-stats
65e0bc19debc61d95e30,Xeon E5-2686 V3,Haswell-EP,18,36,2.0,3.5,2011-3,22.0,45.0,120.0,2014-09-08,True,18 / 36,2 to 3.5 GHz,Socket 2011-3,22 nm,45MB,120 W,"Sep 8th, 2014",baraazaid/cpu-and-gpu-stats
a7ca68e982503138c605,Xeon E5-2687W,Sandy Bridge-EP,8,16,3.1,3.8,2011,32.0,20.0,150.0,2012-03-06,True,8 / 16,3.1 to 3.8 GHz,Socket 2011,32 nm,20MB,150 W,"Mar 6th, 2012",baraazaid/cpu-and-gpu-stats
5d2ca35f84955708b560,Xeon E5-2687W V3,Haswell-EP,10,20,3.1,3.5,2011-3,22.0,25.0,160.0,2014-09-08,True,10 / 20,3.1 to 3.5 GHz,Socket 2011-3,22 nm,25MB,160 W,"Sep 8th, 2014",baraazaid/cpu-and-gpu-stats
0251f9a3dd005fc08310,Xeon E5-2687W v2,Ivy Bridge-EP,8,16,3.4,4.0,2011,22.0,20.0,130.0,2013-09-01,True,8 / 16,3.4 to 4 GHz,Socket 2011,22 nm,20MB,130 W,"Sep 1st, 2013",baraazaid/cpu-and-gpu-stats
a444c0604873b0c65ff4,Xeon E5-2690,Sandy Bridge-EP,8,16,2.9,3.8,2011,32.0,20.0,135.0,2012-03-06,True,8 / 16,2.9 to 3.8 GHz,Socket 2011,32 nm,20MB,135 W,"Mar 6th, 2012",baraazaid/cpu-and-gpu-stats
8799d347b66d68acb4f5,Xeon E5-2690 V3,Haswell-EP,12,24,2.6,3.5,2011-3,22.0,30.0,135.0,2014-09-08,True,12 / 24,2.6 to 3.5 GHz,Socket 2011-3,22 nm,30MB,135 W,"Sep 8th, 2014",baraazaid/cpu-and-gpu-stats
3af55476d1416fb18dce,Xeon E5-2690 v2,Ivy Bridge-EP,10,20,3.0,3.8,2011,22.0,25.0,130.0,2013-09-01,True,10 / 20,3 to 3.8 GHz,Socket 2011,22 nm,25MB,130 W,"Sep 1st, 2013",baraazaid/cpu-and-gpu-stats
d3e4cf31bb7c7282fee7,Xeon E5-2692 V3,Haswell-EP,12,24,3.0,3.6,2011-3,22.0,30.0,165.0,2014-09-08,True,12 / 24,3 to 3.6 GHz,Socket 2011-3,22 nm,30MB,165 W,"Sep 8th, 2014",baraazaid/cpu-and-gpu-stats
245659d6912ad7a7a639,Xeon E5-2692 v2,Ivy Bridge-EP,12,24,2.2,3.0,2011,22.0,30.0,100.0,2013-09-01,True,12 / 24,2.2 to 3 GHz,Socket 2011,22 nm,30MB,100 W,"Sep 1st, 2013",baraazaid/cpu-and-gpu-stats
92fd77a0cc4663c5b9a4,Xeon E5-2693 V3,Haswell-EP,12,24,2.8,3.4,2011-3,22.0,30.0,160.0,,True,12 / 24,2.8 to 3.4 GHz,Socket 2011-3,22 nm,30MB,160 W,Never Released,baraazaid/cpu-and-gpu-stats
5d3ce91b1b8936895939,Xeon E5-2695 V3,Haswell-EP,14,28,2.3,3.3,2011-3,22.0,35.0,120.0,2014-09-08,True,14 / 28,2.3 to 3.3 GHz,Socket 2011-3,22 nm,35MB,120 W,"Sep 8th, 2014",baraazaid/cpu-and-gpu-stats
6f2fc4430ad9319179f0,Xeon E5-2695 v2,Ivy Bridge-EP,12,24,2.4,3.2,2011,22.0,30.0,115.0,2013-09-01,True,12 / 24,2.4 to 3.2 GHz,Socket 2011,22 nm,30MB,115 W,"Sep 1st, 2013",baraazaid/cpu-and-gpu-stats
0f79567c0af9cf3d3193,Xeon E5-2696 V3,Haswell-EP,18,36,2.3,3.8,2011-3,22.0,45.0,145.0,2014-09-08,True,18 / 36,2.3 to 3.8 GHz,Socket 2011-3,22 nm,45MB,145 W,"Sep 8th, 2014",baraazaid/cpu-and-gpu-stats
57c45cb0276dddcbe8d8,Xeon E5-2697 V3,Haswell-EP,14,28,2.6,3.6,2011-3,22.0,35.0,145.0,2014-09-08,True,14 / 28,2.6 to 3.6 GHz,Socket 2011-3,22 nm,35MB,145 W,"Sep 8th, 2014",baraazaid/cpu-and-gpu-stats
78cd869267d3e22866ed,Xeon E5-2697 v2,Ivy Bridge-EP,12,24,2.7,3.5,2011,22.0,30.0,130.0,2013-09-01,True,12 / 24,2.7 to 3.5 GHz,Socket 2011,22 nm,30MB,130 W,"Sep 1st, 2013",baraazaid/cpu-and-gpu-stats
e750b88327c068a19ae1,Xeon E5-2698 V3,Haswell-EP,16,32,2.3,3.6,2011-3,22.0,40.0,135.0,2014-09-08,True,16 / 32,2.3 to 3.6 GHz,Socket 2011-3,22 nm,40MB,135 W,"Sep 8th, 2014",baraazaid/cpu-and-gpu-stats
a2248759107a459b1a91,Xeon E5-2698A V3,Haswell-EP,16,32,2.8,3.2,2011-3,22.0,40.0,165.0,2014-11-18,True,16 / 32,2.8 to 3.2 GHz,Socket 2011-3,22 nm,40MB,165 W,"Nov 18th, 2014",baraazaid/cpu-and-gpu-stats
9cf52d8efe91125c326b,Xeon E5-2698B V3,Haswell-EP,16,32,2.0,3.4,2011-3,22.0,40.0,135.0,2015-01-01,True,16 / 32,2 to 3.4 GHz,Socket 2011-3,22 nm,40MB,135 W,Jan 2015,baraazaid/cpu-and-gpu-stats
70665272f1f603d335f7,Xeon E5-2699 V3,Haswell-EP,18,36,2.3,3.6,2011-3,22.0,45.0,145.0,2014-09-08,True,18 / 36,2.3 to 3.6 GHz,Socket 2011-3,22 nm,45MB,145 W,"Sep 8th, 2014",baraazaid/cpu-and-gpu-stats
22506cf9e303e5188e30,Xeon E5-4603,Sandy Bridge-EP,4,8,2.0,2.0,2011,32.0,10.0,95.0,2012-05-14,True,4 / 8,2000 MHz,Socket 2011,32 nm,10MB,95 W,"May 14th, 2012",baraazaid/cpu-and-gpu-stats
0228d59a897aa8b76ff3,Xeon E5-4607,Sandy Bridge-EP,6,12,2.2,2.2,2011,32.0,15.0,95.0,2012-05-14,True,6 / 12,2.2 GHz,Socket 2011,32 nm,15MB,95 W,"May 14th, 2012",baraazaid/cpu-and-gpu-stats
3b63080c26ffd5d43955,Xeon E5-4610,Sandy Bridge-EP,6,12,2.4,2.9,2011,32.0,15.0,130.0,2012-05-14,True,6 / 12,2.4 to 2.9 GHz,Socket 2011,32 nm,15MB,130 W,"May 14th, 2012",baraazaid/cpu-and-gpu-stats
917cc778338944f9935d,Xeon E5-4610 V3,Haswell-EP,10,20,1.7,1.7,2011-3,22.0,25.0,105.0,2015-06-01,True,10 / 20,1700 MHz,Socket 2011-3,22 nm,25MB,105 W,"Jun 1st, 2015",baraazaid/cpu-and-gpu-stats
80924cde5bdcd64c3545,Xeon E5-4617,Sandy Bridge-EP,6,12,2.9,3.4,2011,32.0,15.0,130.0,2012-05-14,True,6 / 12,2.9 to 3.4 GHz,Socket 2011,32 nm,15MB,130 W,"May 14th, 2012",baraazaid/cpu-and-gpu-stats
d00ed1cab4e601cba107,Xeon E5-4620,Sandy Bridge-EP,8,16,2.7,2.6,2011,32.0,16.0,130.0,2012-05-14,True,8 / 16,2.7 to 2.6 GHz,Socket 2011,32 nm,16MB,130 W,"May 14th, 2012",baraazaid/cpu-and-gpu-stats
52b1cdc5da761235bee6,Xeon E5-4620 V3,Haswell-EP,10,20,2.0,2.6,2011-3,22.0,25.0,105.0,2015-06-01,True,10 / 20,2 to 2.6 GHz,Socket 2011-3,22 nm,25MB,105 W,"Jun 1st, 2015",baraazaid/cpu-and-gpu-stats
3d38fb280a3086330b52,Xeon E5-4627 V3,Haswell-EP,10,20,2.6,3.2,2011-3,22.0,25.0,135.0,2015-06-01,True,10 / 20,2.6 to 3.2 GHz,Socket 2011-3,22 nm,25MB,135 W,"Jun 1st, 2015",baraazaid/cpu-and-gpu-stats
ce9959763aebec52a314,Xeon E5-4640,Sandy Bridge-EP,8,16,2.4,2.8,2011,32.0,20.0,95.0,2012-05-14,True,8 / 16,2.4 to 2.8 GHz,Socket 2011,32 nm,20MB,95 W,"May 14th, 2012",baraazaid/cpu-and-gpu-stats
585a8be6ae31f66924e9,Xeon E5-4640 V3,Haswell-EP,12,24,1.9,2.6,2011-3,22.0,30.0,105.0,2015-06-01,True,12 / 24,1.9 to 2.6 GHz,Socket 2011-3,22 nm,30MB,105 W,"Jun 1st, 2015",baraazaid/cpu-and-gpu-stats
2a6b013de04dcbbc61f2,Xeon E5-4648 V3,Haswell-EP,12,24,1.7,2.2,2011-3,22.0,30.0,105.0,2015-06-01,True,12 / 24,1.7 to 2.2 GHz,Socket 2011-3,22 nm,30MB,105 W,"Jun 1st, 2015",baraazaid/cpu-and-gpu-stats
b23923548830aef20d78,Xeon E5-4650,Sandy Bridge-EP,8,16,2.7,3.3,2011,32.0,20.0,130.0,2012-05-14,True,8 / 16,2.7 to 3.3 GHz,Socket 2011,32 nm,20MB,130 W,"May 14th, 2012",baraazaid/cpu-and-gpu-stats
bb1f7f52d92fe54f3471,Xeon E5-4650 V3,Haswell-EP,12,24,2.1,2.8,2011-3,22.0,30.0,105.0,2015-06-01,True,12 / 24,2.1 to 2.8 GHz,Socket 2011-3,22 nm,30MB,105 W,"Jun 1st, 2015",baraazaid/cpu-and-gpu-stats
c5b7a8e7a0fb7b61438c,Xeon E5-4650L,Sandy Bridge-EP,8,16,2.6,3.1,2011,32.0,20.0,115.0,2012-05-14,True,8 / 16,2.6 to 3.1 GHz,Socket 2011,32 nm,20MB,115 W,"May 14th, 2012",baraazaid/cpu-and-gpu-stats
4fbdc1d903f3502461b6,Xeon E5-4655 V3,Haswell-EP,6,12,2.9,3.2,2011-3,22.0,30.0,135.0,2015-06-01,True,6 / 12,2.9 to 3.2 GHz,Socket 2011-3,22 nm,30MB,135 W,"Jun 1st, 2015",baraazaid/cpu-and-gpu-stats
fa648fe89eb39db5afdc,Xeon E5-4660 V3,Haswell-EP,14,28,2.1,2.9,2011-3,22.0,35.0,120.0,2015-06-01,True,14 / 28,2.1 to 2.9 GHz,Socket 2011-3,22 nm,35MB,120 W,"Jun 1st, 2015",baraazaid/cpu-and-gpu-stats
6a606d0ca5f3c2855029,Xeon E5-4667 V3,Haswell-EP,16,32,2.0,2.9,2011-3,22.0,40.0,135.0,2015-06-01,True,16 / 32,2 to 2.9 GHz,Socket 2011-3,22 nm,40MB,135 W,"Jun 1st, 2015",baraazaid/cpu-and-gpu-stats
5a5b0bf22ad1587d591e,Xeon E5-4669 V3,Haswell-EP,18,36,2.1,2.9,2011-3,22.0,45.0,135.0,2015-06-01,True,18 / 36,2.1 to 2.9 GHz,Socket 2011-3,22 nm,45MB,135 W,"Jun 1st, 2015",baraazaid/cpu-and-gpu-stats
f2c80d12a53d44987929,Xeon E5502,Gainestown,2,,1.866,1.866,1366,45.0,4.0,80.0,2009-03-30,True,2,1866 MHz,Socket 1366,45 nm,4MB,80 W,"Mar 30th, 2009",baraazaid/cpu-and-gpu-stats
fe4f0fa9e43b455824c8,Xeon E5503,Gainestown,2,,2.0,2.0,1366,45.0,4.0,80.0,2010-03-16,True,2,2000 MHz,Socket 1366,45 nm,4MB,80 W,"Mar 16th, 2010",baraazaid/cpu-and-gpu-stats
224cb92baae7acb54712,Xeon E5507,Gainestown,4,,2.266,2.266,1366,45.0,4.0,80.0,2010-03-16,True,4,2.266 GHz,Socket 1366,45 nm,4MB,80 W,"Mar 16th, 2010",baraazaid/cpu-and-gpu-stats
d1bac2c4449231e0401c,Xeon E5603,Westmere-EP,4,,1.6,1.6,1366,32.0,4.0,80.0,2011-02-14,True,4,1600 MHz,Socket 1366,32 nm,4MB,80 W,"Feb 14th, 2011",baraazaid/cpu-and-gpu-stats
bdf10203633513c9c547,Xeon E5606,Westmere-EP,4,,2.133,2.133,1366,32.0,8.0,80.0,2011-02-14,True,4,2.133 GHz,Socket 1366,32 nm,8MB,80 W,"Feb 14th, 2011",baraazaid/cpu-and-gpu-stats
e331638bae3b7a569d41,Xeon E5607,Westmere-EP,4,,2.266,2.266,1366,32.0,8.0,80.0,2011-02-14,True,4,2.266 GHz,Socket 1366,32 nm,8MB,80 W,"Feb 14th, 2011",baraazaid/cpu-and-gpu-stats
460091ee4db8cbe45bf1,Xeon E5620,Westmere-EP,4,8,2.4,2.666,1366,32.0,12.0,80.0,2010-03-16,True,4 / 8,2.4 to 2.666 GHz,Socket 1366,32 nm,12MB,80 W,"Mar 16th, 2010",baraazaid/cpu-and-gpu-stats
d3af7caa0253efc41ac2,Xeon E5630,Westmere-EP,4,8,2.533,2.8,1366,32.0,12.0,80.0,2010-03-16,True,4 / 8,2.533 to 2.8 GHz,Socket 1366,32 nm,12MB,80 W,"Mar 16th, 2010",baraazaid/cpu-and-gpu-stats
b53307b896e1a369cf84,Xeon E5640,Westmere-EP,4,8,2.666,2.933,1366,32.0,12.0,80.0,2010-03-16,True,4 / 8,2.666 to 2.933 GHz,Socket 1366,32 nm,12MB,80 W,"Mar 16th, 2010",baraazaid/cpu-and-gpu-stats
4e63312bc56561e6eda1,Xeon E5645,Westmere-EP,6,12,2.4,2.666,1366,32.0,12.0,80.0,2010-03-16,True,6 / 12,2.4 to 2.666 GHz,Socket 1366,32 nm,12MB,80 W,"Mar 16th, 2010",baraazaid/cpu-and-gpu-stats
325a4846a500b5ef1e46,Xeon E5649,Westmere-EP,6,12,2.533,2.8,1366,32.0,12.0,80.0,2011-02-14,True,6 / 12,2.533 to 2.8 GHz,Socket 1366,32 nm,12MB,80 W,"Feb 14th, 2011",baraazaid/cpu-and-gpu-stats
1c255165c7f9b6df5b43,Xeon E7-4809 v3,Haswell-EX,8,16,2.0,2.0,2011-1,22.0,20.0,115.0,2015-06-01,True,8 / 16,2000 MHz,Socket 2011-1,22 nm,20MB,115 W,"Jun 1st, 2015",baraazaid/cpu-and-gpu-stats
0674a3f6b7f3e841c29b,Xeon E7-4820 v3,Haswell-EX,10,20,1.9000000000000001,1.9000000000000001,2011-1,22.0,25.0,115.0,2015-06-01,True,10 / 20,1900 MHz,Socket 2011-1,22 nm,25MB,115 W,"Jun 1st, 2015",baraazaid/cpu-and-gpu-stats
49f5fabd77c764661732,Xeon E7-4830 v3,Haswell-EX,12,24,2.1,2.7,2011-3,22.0,30.0,115.0,2015-06-01,True,12 / 24,2.1 to 2.7 GHz,Socket 2011-3,22 nm,30MB,115 W,"Jun 1st, 2015",baraazaid/cpu-and-gpu-stats
e77deeb8617af290465b,Xeon E7-4850 v3,Haswell-EX,14,28,2.2,2.8,2011-3,22.0,35.0,115.0,2015-06-01,True,14 / 28,2.2 to 2.8 GHz,Socket 2011-3,22 nm,35MB,115 W,"Jun 1st, 2015",baraazaid/cpu-and-gpu-stats
41ade6b4eada262ce659,Xeon E7-8850,Westmere-EX,10,20,2.0,2.4,1567,32.0,30.0,130.0,2011-04-03,True,10 / 20,2 to 2.4 GHz,Socket 1567,32 nm,30MB,130 W,"Apr 3rd, 2011",baraazaid/cpu-and-gpu-stats
ee74199866baa1efff9f,Xeon E7-8860,Westmere-EX,10,20,2.276,2.667,1567,32.0,30.0,130.0,2011-04-03,True,10 / 20,2.276 to 2.667 GHz,Socket 1567,32 nm,30MB,130 W,"Apr 3rd, 2011",baraazaid/cpu-and-gpu-stats
edda9e737cee15511b13,Xeon E7-8860 v3,Haswell-EX,16,32,2.2,3.2,2011-3,22.0,40.0,140.0,2015-06-01,True,16 / 32,2.2 to 3.2 GHz,Socket 2011-3,22 nm,40MB,140 W,"Jun 1st, 2015",baraazaid/cpu-and-gpu-stats
2669d7568343bd740fdf,Xeon E7-8867 v3,Haswell-EX,16,32,2.5,3.3,2011-3,22.0,45.0,165.0,2015-06-01,True,16 / 32,2.5 to 3.3 GHz,Socket 2011-3,22 nm,45MB,165 W,"Jun 1st, 2015",baraazaid/cpu-and-gpu-stats
ec1734f10592a05ab598,Xeon E7-8870,Westmere-EX,10,20,2.4,2.8,1567,32.0,30.0,130.0,2011-04-03,True,10 / 20,2.4 to 2.8 GHz,Socket 1567,32 nm,30MB,130 W,"Apr 3rd, 2011",baraazaid/cpu-and-gpu-stats
317f8aab6d171a11f1ab,Xeon E7-8870 v3,Haswell-EX,18,36,2.1,2.9,2011-3,22.0,45.0,140.0,2015-06-01,True,18 / 36,2.1 to 2.9 GHz,Socket 2011-3,22 nm,45MB,140 W,"Jun 1st, 2015",baraazaid/cpu-and-gpu-stats
ca3e385ec2f4abc53d90,Xeon E7-8880 v3,Haswell-EX,18,36,2.3,3.1,2011-3,22.0,45.0,150.0,2015-06-01,True,18 / 36,2.3 to 3.1 GHz,Socket 2011-3,22 nm,45MB,150 W,"Jun 1st, 2015",baraazaid/cpu-and-gpu-stats
ba911b7b91db3639b069,Xeon E7-8880L v3,Haswell-EX,18,36,2.0,2.8,2011-3,22.0,45.0,115.0,2015-06-01,True,18 / 36,2 to 2.8 GHz,Socket 2011-3,22 nm,45MB,115 W,"Jun 1st, 2015",baraazaid/cpu-and-gpu-stats
9dc7c96d03f314fff648,Xeon E7-8890 v3,Haswell-EX,18,36,2.5,3.3,2011-3,22.0,45.0,165.0,2015-06-01,True,18 / 36,2.5 to 3.3 GHz,Socket 2011-3,22 nm,45MB,165 W,"Jun 1st, 2015",baraazaid/cpu-and-gpu-stats
4c53bebeb8569662692f,Xeon E7-8891 v3,Haswell-EX,10,20,2.8,3.5,2011-3,22.0,45.0,165.0,2015-06-01,True,10 / 20,2.8 to 3.5 GHz,Socket 2011-3,22 nm,45MB,165 W,"Jun 1st, 2015",baraazaid/cpu-and-gpu-stats
e27531467c9054471f05,Xeon E7-8893 v3,,,,,,,,,,,False,,,,,,,,baraazaid/cpu-and-gpu-stats
7c3a69c783b6bbefc2c7,Xeon Gold 5315Y,Ice Lake-SP,8,16,3.2,3.6,4189,10.0,12.0,140.0,2021-04-06,True,8 / 16,3.2 to 3.6 GHz,Socket 4189,10 nm,12MB,140 W,"Apr 6th, 2021",baraazaid/cpu-and-gpu-stats
1a42921f2778edd2c482,Xeon Gold 5317,Ice Lake-SP,12,24,3.0,3.6,4189,10.0,18.0,150.0,2021-04-06,True,12 / 24,3 to 3.6 GHz,Socket 4189,10 nm,18MB,150 W,"Apr 6th, 2021",baraazaid/cpu-and-gpu-stats
6392e8e05d641a9e2840,Xeon Gold 5318H,Cooper Lake-SP,18,36,2.5,3.8,4189,14.0,24.75,150.0,2021-04-06,True,18 / 36,2.5 to 3.8 GHz,Socket 4189,14 nm,24.75MB,150 W,"Apr 6th, 2021",baraazaid/cpu-and-gpu-stats
c866be61311b282283ed,Xeon Gold 5318N,Ice Lake-SP,24,48,2.1,3.4,4189,10.0,36.0,150.0,2021-04-06,True,24 / 48,2.1 to 3.4 GHz,Socket 4189,10 nm,36MB,150 W,"Apr 6th, 2021",baraazaid/cpu-and-gpu-stats
268c58da14a83f0c58af,Xeon Gold 5318S,Ice Lake-SP,24,48,2.1,3.4,4189,10.0,36.0,165.0,2021-04-06,True,24 / 48,2.1 to 3.4 GHz,Socket 4189,10 nm,36MB,165 W,"Apr 6th, 2021",baraazaid/cpu-and-gpu-stats
08558fda85537111f5f5,Xeon Gold 5318Y,Ice Lake-SP,24,48,2.1,3.4,4189,10.0,36.0,165.0,2021-04-06,True,24 / 48,2.1 to 3.4 GHz,Socket 4189,10 nm,36MB,165 W,"Apr 6th, 2021",baraazaid/cpu-and-gpu-stats
5ab6eccd912cdf4fe9f2,Xeon Gold 5320,Ice Lake-SP,26,52,2.2,3.4,4189,10.0,39.0,185.0,2021-04-06,True,26 / 52,2.2 to 3.4 GHz,Socket 4189,10 nm,39MB,185 W,"Apr 6th, 2021",baraazaid/cpu-and-gpu-stats
f52addabdfae94ddf33d,Xeon Gold 5320H,Cooper Lake-SP,20,40,2.4,4.2,4189,14.0,27.5,150.0,2021-04-06,True,20 / 40,2.4 to 4.2 GHz,Socket 4189,14 nm,27.5MB,150 W,"Apr 6th, 2021",baraazaid/cpu-and-gpu-stats
7b9ddc7c8ef718586038,Xeon Gold 5320T,Ice Lake-SP,20,40,2.3,3.5,4189,10.0,30.0,150.0,2021-04-06,True,20 / 40,2.3 to 3.5 GHz,Socket 4189,10 nm,30MB,150 W,"Apr 6th, 2021",baraazaid/cpu-and-gpu-stats
f6457fb57bf627a4ecf0,Xeon Gold 6154,Skylake-SP,18,36,3.0,3.7,3647,14.0,24.75,200.0,2017-07-11,True,18 / 36,3 to 3.7 GHz,Socket 3647,14 nm,24.75MB,200 W,"Jul 11th, 2017",baraazaid/cpu-and-gpu-stats
c3ac5e509839fa158ce4,Xeon Gold 6312U,Ice Lake-SP,24,48,2.4,3.6,4189,10.0,36.0,185.0,2021-04-06,True,24 / 48,2.4 to 3.6 GHz,Socket 4189,10 nm,36MB,185 W,"Apr 6th, 2021",baraazaid/cpu-and-gpu-stats
b782a36b944910c6d495,Xeon Gold 6314U,Ice Lake-SP,32,64,2.3,3.4,4189,10.0,48.0,205.0,2021-04-06,True,32 / 64,2.3 to 3.4 GHz,Socket 4189,10 nm,48MB,205 W,"Apr 6th, 2021",baraazaid/cpu-and-gpu-stats
d924a93ef84a571099c0,Xeon Gold 6326,Ice Lake-SP,16,32,2.9,3.5,4189,10.0,24.0,185.0,2021-04-06,True,16 / 32,2.9 to 3.5 GHz,Socket 4189,10 nm,24MB,185 W,"Apr 6th, 2021",baraazaid/cpu-and-gpu-stats
a9ca2277ac74429510a3,Xeon Gold 6328H,Cooper Lake-SP,16,32,2.8,4.3,4189,14.0,22.0,165.0,2021-04-06,True,16 / 32,2.8 to 4.3 GHz,Socket 4189,14 nm,22MB,165 W,"Apr 6th, 2021",baraazaid/cpu-and-gpu-stats
b2209da11ce6c9c23927,Xeon Gold 6328HL,Cooper Lake-SP,16,32,2.8,4.3,4189,14.0,22.0,165.0,2021-04-06,True,16 / 32,2.8 to 4.3 GHz,Socket 4189,14 nm,22MB,165 W,"Apr 6th, 2021",baraazaid/cpu-and-gpu-stats
639988046d324890f811,Xeon Gold 6330,Ice Lake-SP,28,56,2.0,3.1,4189,10.0,42.0,205.0,2021-04-06,True,28 / 56,2 to 3.1 GHz,Socket 4189,10 nm,42MB,205 W,"Apr 6th, 2021",baraazaid/cpu-and-gpu-stats
156a20d0853a4c00d121,Xeon Gold 6330H,Cooper Lake-SP,24,48,2.0,3.7,4189,14.0,33.0,150.0,2021-04-06,True,24 / 48,2 to 3.7 GHz,Socket 4189,14 nm,33MB,150 W,"Apr 6th, 2021",baraazaid/cpu-and-gpu-stats
61d73185dbd7cb055fc6,Xeon Gold 6334,Ice Lake-SP,8,16,3.6,3.7,4189,10.0,18.0,165.0,2021-04-06,True,8 / 16,3.6 to 3.7 GHz,Socket 4189,10 nm,18MB,165 W,"Apr 6th, 2021",baraazaid/cpu-and-gpu-stats
a3b19d9d531f458eed27,Xeon Gold 6336Y,Ice Lake-SP,24,48,2.4,3.6,4189,10.0,36.0,185.0,2021-04-06,True,24 / 48,2.4 to 3.6 GHz,Socket 4189,10 nm,36MB,185 W,"Apr 6th, 2021",baraazaid/cpu-and-gpu-stats
6d88c8d229e45b194999,Xeon Gold 6338N,Ice Lake-SP,32,64,2.2,3.5,4189,10.0,48.0,185.0,2021-04-06,True,32 / 64,2.2 to 3.5 GHz,Socket 4189,10 nm,48MB,185 W,"Apr 6th, 2021",baraazaid/cpu-and-gpu-stats
c9223aa4e88d91f4f04c,Xeon Gold 6338T,Ice Lake-SP,24,48,2.1,3.4,4189,10.0,36.0,165.0,2021-04-06,True,24 / 48,2.1 to 3.4 GHz,Socket 4189,10 nm,36MB,165 W,"Apr 6th, 2021",baraazaid/cpu-and-gpu-stats
042197ad6b88472cd6e3,Xeon Gold 6342,Ice Lake-SP,24,48,2.8,3.5,4189,10.0,36.0,230.0,2021-04-06,True,24 / 48,2.8 to 3.5 GHz,Socket 4189,10 nm,36MB,230 W,"Apr 6th, 2021",baraazaid/cpu-and-gpu-stats
23949ff8032ca69a8e57,Xeon Gold 6346,Ice Lake-SP,16,32,3.1,3.6,4189,10.0,36.0,205.0,2021-04-06,True,16 / 32,3.1 to 3.6 GHz,Socket 4189,10 nm,36MB,205 W,"Apr 6th, 2021",baraazaid/cpu-and-gpu-stats
a50a3175705e539c9182,Xeon Gold 6348,Ice Lake-SP,28,56,2.6,3.5,4189,10.0,42.0,235.0,2021-04-06,True,28 / 56,2.6 to 3.5 GHz,Socket 4189,10 nm,42MB,235 W,"Apr 6th, 2021",baraazaid/cpu-and-gpu-stats
eb01d24eb4eac64d7caf,Xeon Gold 6348H,Cooper Lake-SP,24,48,2.3,4.2,4189,14.0,33.0,165.0,2021-04-06,True,24 / 48,2.3 to 4.2 GHz,Socket 4189,14 nm,33MB,165 W,"Apr 6th, 2021",baraazaid/cpu-and-gpu-stats
12cb7bc1c5ff24dc5636,Xeon Gold 6354,Ice Lake-SP,18,36,3.0,3.6,4189,10.0,39.0,205.0,2021-04-06,True,18 / 36,3 to 3.6 GHz,Socket 4189,10 nm,39MB,205 W,"Apr 6th, 2021",baraazaid/cpu-and-gpu-stats
28ee3125a1aca45811af,Xeon L5508,Gainestown,2,4,2.0,2.4,1366,45.0,8.0,38.0,2009-03-30,True,2 / 4,2 to 2.4 GHz,Socket 1366,45 nm,8MB,38 W,"Mar 30th, 2009",baraazaid/cpu-and-gpu-stats
1e5d074cf22ac8ca78cc,Xeon L5609,Westmere-EP,4,,1.866,1.866,1366,32.0,12.0,40.0,2010-03-16,True,4,1866 MHz,Socket 1366,32 nm,12MB,40 W,"Mar 16th, 2010",baraazaid/cpu-and-gpu-stats
9268fa6c8644f7fe5f46,Xeon L5618,Westmere-EP,4,8,1.866,2.266,1366,32.0,12.0,40.0,2010-03-16,True,4 / 8,1.866 to 2.266 GHz,Socket 1366,32 nm,12MB,40 W,"Mar 16th, 2010",baraazaid/cpu-and-gpu-stats
38076563a50360375a8c,Xeon L5630,Westmere-EP,4,8,2.133,2.4,1366,32.0,12.0,40.0,2010-03-16,True,4 / 8,2.133 to 2.4 GHz,Socket 1366,32 nm,12MB,40 W,"Mar 16th, 2010",baraazaid/cpu-and-gpu-stats
f801862a0b2dfc5dcced,Xeon L5638,Westmere-EP,6,12,2.0,2.4,1366,32.0,12.0,60.0,2010-03-16,True,6 / 12,2 to 2.4 GHz,Socket 1366,32 nm,12MB,60 W,"Mar 16th, 2010",baraazaid/cpu-and-gpu-stats
cf7c7596597151a86c48,Xeon L5640,Westmere-EP,6,12,2.266,2.8,1366,32.0,12.0,60.0,2010-03-16,True,6 / 12,2.266 to 2.8 GHz,Socket 1366,32 nm,12MB,60 W,"Mar 16th, 2010",baraazaid/cpu-and-gpu-stats
c2063129b817339ae7d4,Xeon MP 2.83,Potomac,1,,2.833,2.833,604,90.0,4.0,129.0,2005-03-29,True,1,2.833 GHz,Socket 604,90 nm,4MB,129 W,"Mar 29th, 2005",baraazaid/cpu-and-gpu-stats
29263f2669bfc487d3b5,Xeon MP 2.83,Potomac,1,,2.833,2.833,604,90.0,8.0,135.0,2005-03-29,True,1,2.833 GHz,Socket 604,90 nm,8MB,135 W,"Mar 29th, 2005",baraazaid/cpu-and-gpu-stats
1c9ddaaf330684b0b038,Xeon MP 3.00,Potomac,1,,3.0,3.0,604,90.0,4.0,135.0,2005-03-29,True,1,3 GHz,Socket 604,90 nm,4MB,135 W,"Mar 29th, 2005",baraazaid/cpu-and-gpu-stats
6f11a094c681ed078cf0,Xeon MP 3.00,Potomac,1,,3.0,3.0,604,90.0,8.0,135.0,2005-03-29,True,1,3 GHz,Socket 604,90 nm,8MB,135 W,"Mar 29th, 2005",baraazaid/cpu-and-gpu-stats
1e4751a29d2e856ca7f0,Xeon MP 3.16,Cranford,1,,3.167,3.167,604,90.0,,135.0,2005-03-29,True,1,3.167 GHz,Socket 604,90 nm,,135 W,"Mar 29th, 2005",baraazaid/cpu-and-gpu-stats
c309b766ff827520625d,Xeon MP 3.16,Potomac,1,,3.167,3.167,604,90.0,4.0,135.0,2005-03-29,True,1,3.167 GHz,Socket 604,90 nm,4MB,135 W,"Mar 29th, 2005",baraazaid/cpu-and-gpu-stats
4f6890cfa6f21f71d12e,Xeon MP 3.16,Potomac,1,,3.167,3.167,604,90.0,8.0,135.0,2005-03-29,True,1,3.167 GHz,Socket 604,90 nm,8MB,135 W,"Mar 29th, 2005",baraazaid/cpu-and-gpu-stats
a20a0ac557e4c0fb7850,Xeon MP 3.33,Potomac,1,,3.333,3.333,604,90.0,4.0,135.0,2005-03-29,True,1,3.333 GHz,Socket 604,90 nm,4MB,135 W,"Mar 29th, 2005",baraazaid/cpu-and-gpu-stats
222db091eaea06f96929,Xeon MP 3.33,Potomac,1,,3.333,3.333,604,90.0,8.0,135.0,2005-03-29,True,1,3.333 GHz,Socket 604,90 nm,8MB,135 W,"Mar 29th, 2005",baraazaid/cpu-and-gpu-stats
9af92892882e718b0b72,Xeon MP 3.33,Cranford,1,,3.334,3.334,604,90.0,,135.0,2005-03-29,True,1,3.334 GHz,Socket 604,90 nm,,135 W,"Mar 29th, 2005",baraazaid/cpu-and-gpu-stats
0b933638e3f5d9b630b4,Xeon MP 3.50,Cranford,1,,3.5,3.5,604,90.0,,135.0,2005-03-29,True,1,3.5 GHz,Socket 604,90 nm,,135 W,"Mar 29th, 2005",baraazaid/cpu-and-gpu-stats
7482ae2276fada1c9313,Xeon MP 3.66,Cranford,1,,3.667,3.667,604,90.0,,135.0,2005-03-29,True,1,3.667 GHz,Socket 604,90 nm,,135 W,"Mar 29th, 2005",baraazaid/cpu-and-gpu-stats
a58d83e276fd930e12a2,Xeon MP 7020 Dual-Core,Paxville,2,,2.667,2.667,604,90.0,,135.0,2005-12-01,True,2,2.667 GHz,Socket 604,90 nm,,135 W,"Dec 1st, 2005",baraazaid/cpu-and-gpu-stats
3a328dd67eb1dd270261,Xeon MP 7030 Dual-Core,Paxville,2,,2.833,2.833,604,90.0,,135.0,2005-12-01,True,2,2.833 GHz,Socket 604,90 nm,,135 W,"Dec 1st, 2005",baraazaid/cpu-and-gpu-stats
456a310297cff3c2ecc6,Xeon MP 7030 Dual-Core,Paxville,2,,2.8,2.8,604,90.0,,135.0,2005-12-01,True,2,2.8 GHz,Socket 604,90 nm,,135 W,"Dec 1st, 2005",baraazaid/cpu-and-gpu-stats
cd77a5da488eb676a76d,Xeon MP 7040 Dual-Core,Paxville,2,,3.0,3.0,604,90.0,,135.0,2005-12-01,True,2,3 GHz,Socket 604,90 nm,,135 W,"Dec 1st, 2005",baraazaid/cpu-and-gpu-stats
431599524bd5299c6fb9,Xeon MP 7041 Dual-Core,Paxville,2,,3.0,3.0,604,90.0,,135.0,2005-12-01,True,2,3 GHz,Socket 604,90 nm,,135 W,"Dec 1st, 2005",baraazaid/cpu-and-gpu-stats
1b869481a83577a15843,Xeon Phi 3110X,Knights Corner,61,244,1.053,1.053,PCIE X16,22.0,,300.0,2012-11-12,True,61 / 244,1053 MHz,PCIe x16,22 nm,,300 W,"Nov 12th, 2012",baraazaid/cpu-and-gpu-stats
e5d6828955ca4bdb8a05,Xeon Phi 3120A,Knights Corner,57,228,1.1,1.1,PCIE X16,22.0,,300.0,2013-06-17,True,57 / 228,1100 MHz,PCIe x16,22 nm,,300 W,"Jun 17th, 2013",baraazaid/cpu-and-gpu-stats
9e94981445fee297820d,Xeon Phi 3120P,Knights Corner,57,228,1.1,1.1,PCIE X16,22.0,,300.0,2013-06-17,True,57 / 228,1100 MHz,PCIe x16,22 nm,,300 W,"Jun 17th, 2013",baraazaid/cpu-and-gpu-stats
b6b935669886e9c47f60,Xeon Phi 31S1P,Knights Corner,57,228,1.1,1.1,PCIE X16,22.0,,270.0,2013-06-17,True,57 / 228,1100 MHz,PCIe x16,22 nm,,270 W,"Jun 17th, 2013",baraazaid/cpu-and-gpu-stats
232a031e3cd6df1c0ef7,Xeon Phi 5110P,Knights Corner,60,240,1.053,1.053,PCIE X16,22.0,,225.0,2012-11-12,True,60 / 240,1053 MHz,PCIe x16,22 nm,,225 W,"Nov 12th, 2012",baraazaid/cpu-and-gpu-stats
3374ae3b57807ed71781,Xeon Phi 5120D,Knights Corner,60,240,1.053,1.053,SFF 230-PIN,22.0,,245.0,2013-06-17,True,60 / 240,1053 MHz,SFF 230-Pin,22 nm,,245 W,"Jun 17th, 2013",baraazaid/cpu-and-gpu-stats
21c46d5a8ce2138caf4e,Xeon Phi 7110P,Knights Corner,61,244,1.25,1.25,PCIE X16,22.0,,300.0,2012-11-12,True,61 / 244,1250 MHz,PCIe x16,22 nm,,300 W,"Nov 12th, 2012",baraazaid/cpu-and-gpu-stats
bfd0fc113cea17f478f8,Xeon Phi 7110X,Knights Corner,61,244,1.25,1.25,PCIE X16,22.0,,300.0,2012-11-12,True,61 / 244,1250 MHz,PCIe x16,22 nm,,300 W,"Nov 12th, 2012",baraazaid/cpu-and-gpu-stats
cad443ed0a47e13f6ae6,Xeon Phi 7120A,Knights Corner,61,244,1.238,1.333,PCIE X16,22.0,,300.0,2014-04-06,True,61 / 244,1238 to 1333 MHz,PCIe x16,22 nm,,300 W,"Apr 6th, 2014",baraazaid/cpu-and-gpu-stats
9b6f32a8559402e4e0b8,Xeon Phi 7120D,Knights Corner,61,244,1.238,1.333,SFF 230-PIN,22.0,,270.0,2014-03-01,True,61 / 244,1238 to 1333 MHz,SFF 230-Pin,22 nm,,270 W,"Mar 1st, 2014",baraazaid/cpu-and-gpu-stats
4810f455ea82d7fd8a38,Xeon Phi 7120P,Knights Corner,61,244,1.238,1.333,PCIE X16,22.0,,300.0,2013-06-17,True,61 / 244,1238 to 1333 MHz,PCIe x16,22 nm,,300 W,"Jun 17th, 2013",baraazaid/cpu-and-gpu-stats
d5bd5ea0f157c6457a38,Xeon Phi 7120X,Knights Corner,61,244,1.238,1.333,PCIE X16,22.0,,300.0,2013-06-17,True,61 / 244,1238 to 1333 MHz,PCIe x16,22 nm,,300 W,"Jun 17th, 2013",baraazaid/cpu-and-gpu-stats
f377ea839cea7fdb141f,Xeon Phi 7210,Knights Landing,64,256,1.3,1.5,3647,14.0,,215.0,2016-06-20,True,64 / 256,1300 to 1500 MHz,Socket 3647,14 nm,,215 W,"Jun 20th, 2016",baraazaid/cpu-and-gpu-stats
e57d514d26c70d1ac7b9,Xeon Phi 7210F,Knights Landing,64,256,1.3,1.5,3647,14.0,,230.0,2016-06-20,True,64 / 256,1300 to 1500 MHz,Socket 3647,14 nm,,230 W,"Jun 20th, 2016",baraazaid/cpu-and-gpu-stats
bf8f8155312ae2181d15,Xeon Phi 7230,Knights Landing,64,256,1.3,1.5,3647,14.0,,215.0,2016-06-20,True,64 / 256,1300 to 1500 MHz,Socket 3647,14 nm,,215 W,"Jun 20th, 2016",baraazaid/cpu-and-gpu-stats
8d430178ed9e06c309cf,Xeon Phi 7230F,Knights Landing,64,256,1.3,1.5,3647,14.0,,230.0,2016-06-20,True,64 / 256,1300 to 1500 MHz,Socket 3647,14 nm,,230 W,"Jun 20th, 2016",baraazaid/cpu-and-gpu-stats
41cca63fdd01adde9751,Xeon Phi 7235,Knights Mill,64,256,1.3,1.4000000000000001,3647,14.0,,250.0,2017-12-01,True,64 / 256,1300 to 1400 MHz,Socket 3647,14 nm,,250 W,"Dec 1st, 2017",baraazaid/cpu-and-gpu-stats
c68016bced060dc1f11a,Xeon Phi 7250,Knights Landing,68,272,1.4000000000000001,1.6,3647,14.0,,215.0,2016-06-20,True,68 / 272,1400 to 1600 MHz,Socket 3647,14 nm,,215 W,"Jun 20th, 2016",baraazaid/cpu-and-gpu-stats
9d810fff7e593c5303a6,Xeon Phi 7250F,Knights Landing,68,272,1.4000000000000001,1.6,3647,14.0,,230.0,2016-06-20,True,68 / 272,1400 to 1600 MHz,Socket 3647,14 nm,,230 W,"Jun 20th, 2016",baraazaid/cpu-and-gpu-stats
36ece0151157a86b0cfd,Xeon Phi 7285,Knights Mill,68,272,1.3,1.4000000000000001,3647,14.0,,250.0,2017-12-01,True,68 / 272,1300 to 1400 MHz,Socket 3647,14 nm,,250 W,"Dec 1st, 2017",baraazaid/cpu-and-gpu-stats
a96151067f03315b3b15,Xeon Phi 7290,Knights Landing,72,288,1.5,1.7,3647,14.0,,245.0,2016-06-20,True,72 / 288,1500 to 1700 MHz,Socket 3647,14 nm,,245 W,"Jun 20th, 2016",baraazaid/cpu-and-gpu-stats
df4199429e3a3d90eac2,Xeon Phi 7290F,Knights Landing,72,288,1.5,1.7,3647,14.0,,260.0,2016-06-20,True,72 / 288,1500 to 1700 MHz,Socket 3647,14 nm,,260 W,"Jun 20th, 2016",baraazaid/cpu-and-gpu-stats
6fe4a5da05f19db99eba,Xeon Phi 7295,Knights Mill,72,288,1.5,1.6,3647,14.0,,320.0,2017-12-01,True,72 / 288,1500 to 1600 MHz,Socket 3647,14 nm,,320 W,"Dec 1st, 2017",baraazaid/cpu-and-gpu-stats
71fbc6d442895f8a7abb,Xeon Phi SE10P,Knights Corner,61,244,1.1,1.1,PCIE X16,22.0,,300.0,2012-11-12,True,61 / 244,1100 MHz,PCIe x16,22 nm,,300 W,"Nov 12th, 2012",baraazaid/cpu-and-gpu-stats
cc1c52185dce07e4bc2f,Xeon Phi SE10X,Knights Corner,61,244,1.1,1.1,PCIE X16,22.0,,300.0,2012-11-12,True,61 / 244,1100 MHz,PCIe x16,22 nm,,300 W,"Nov 12th, 2012",baraazaid/cpu-and-gpu-stats
a58ff49f1e01a162e8ca,Xeon Platinum 8180,Skylake-SP,28,56,2.5,3.8,3647,14.0,38.5,205.0,2017-07-11,True,28 / 56,2.5 to 3.8 GHz,Socket 3647,14 nm,38.5MB,205 W,"Jul 11th, 2017",baraazaid/cpu-and-gpu-stats
7dd08292e8d637021646,Xeon Platinum 8180M,Skylake-SP,28,56,2.5,3.8,3647,14.0,38.5,205.0,2017-07-11,True,28 / 56,2.5 to 3.8 GHz,Socket 3647,14 nm,38.5MB,205 W,"Jul 11th, 2017",baraazaid/cpu-and-gpu-stats
7a1a4f0a68f510968314,Xeon Platinum 8253,Cascade Lake-SP,16,32,2.2,3.0,3647,14.0,22.0,125.0,2018-12-11,True,16 / 32,2.2 to 3 GHz,Socket 3647,14 nm,22MB,125 W,"Dec 11th, 2018",baraazaid/cpu-and-gpu-stats
5bcb46139f3e9208db10,Xeon Platinum 8260,Cascade Lake-SP,24,48,2.4,3.9,3647,14.0,35.75,165.0,2018-12-11,True,24 / 48,2.4 to 3.9 GHz,Socket 3647,14 nm,35.75MB,165 W,"Dec 11th, 2018",baraazaid/cpu-and-gpu-stats
a0e9c78508582a18db70,Xeon Platinum 8260M,Cascade Lake-SP,24,48,2.4,3.9,3647,14.0,35.75,165.0,2018-12-11,True,24 / 48,2.4 to 3.9 GHz,Socket 3647,14 nm,35.75MB,165 W,"Dec 11th, 2018",baraazaid/cpu-and-gpu-stats
f52df9f690a34ba9c832,Xeon Platinum 8268,Cascade Lake-SP,24,48,2.9,3.9,3647,14.0,35.75,205.0,2018-12-11,True,24 / 48,2.9 to 3.9 GHz,Socket 3647,14 nm,35.75MB,205 W,"Dec 11th, 2018",baraazaid/cpu-and-gpu-stats
9afbcd5a2a96410c49fb,Xeon Platinum 8270,Cascade Lake-SP,26,52,2.7,4.0,3647,14.0,35.75,205.0,2018-12-11,True,26 / 52,2.7 to 4 GHz,Socket 3647,14 nm,35.75MB,205 W,"Dec 11th, 2018",baraazaid/cpu-and-gpu-stats
efeef4b36616ebca7f8f,Xeon Platinum 8276,Cascade Lake-SP,28,56,2.2,4.0,3647,14.0,38.5,165.0,2018-12-11,True,28 / 56,2.2 to 4 GHz,Socket 3647,14 nm,38.5MB,165 W,"Dec 11th, 2018",baraazaid/cpu-and-gpu-stats
7dc93f2416e2f799e399,Xeon Platinum 8280,Cascade Lake-SP,28,56,2.7,4.0,3647,14.0,38.5,205.0,2018-12-11,True,28 / 56,2.7 to 4 GHz,Socket 3647,14 nm,38.5MB,205 W,"Dec 11th, 2018",baraazaid/cpu-and-gpu-stats
02ec2bd8324968630ad5,Xeon Platinum 8280M,Cascade Lake-SP,28,56,2.7,4.0,3647,14.0,38.5,205.0,2018-12-11,True,28 / 56,2.7 to 4 GHz,Socket 3647,14 nm,38.5MB,205 W,"Dec 11th, 2018",baraazaid/cpu-and-gpu-stats
fdea21e595b591652ffc,Xeon Platinum 8351N,Ice Lake-SP,36,72,2.4,3.5,4189,10.0,54.0,225.0,2021-04-06,True,36 / 72,2.4 to 3.5 GHz,Socket 4189,10 nm,54MB,225 W,"Apr 6th, 2021",baraazaid/cpu-and-gpu-stats
042000f303c0957239c2,Xeon Platinum 8352M,Ice Lake-SP,32,64,2.3,3.5,4189,10.0,48.0,185.0,2021-04-06,True,32 / 64,2.3 to 3.5 GHz,Socket 4189,10 nm,48MB,185 W,"Apr 6th, 2021",baraazaid/cpu-and-gpu-stats
344b8f33aafc25dae8ae,Xeon Platinum 8352S,Ice Lake-SP,32,64,2.2,3.4,4189,10.0,48.0,205.0,2021-04-06,True,32 / 64,2.2 to 3.4 GHz,Socket 4189,10 nm,48MB,205 W,"Apr 6th, 2021",baraazaid/cpu-and-gpu-stats
2eeb18e26cf116690b14,Xeon Platinum 8352V,Ice Lake-SP,36,72,2.5,3.5,4189,10.0,54.0,195.0,2021-04-06,True,36 / 72,2.5 to 3.5 GHz,Socket 4189,10 nm,54MB,195 W,"Apr 6th, 2021",baraazaid/cpu-and-gpu-stats
44625b824646f14065cd,Xeon Platinum 8353H,Cooper Lake-SP,18,36,2.5,3.8,4189,14.0,24.75,150.0,2021-04-06,True,18 / 36,2.5 to 3.8 GHz,Socket 4189,14 nm,24.75MB,150 W,"Apr 6th, 2021",baraazaid/cpu-and-gpu-stats
b17bf16399b27803769e,Xeon Platinum 8354H,Cooper Lake-SP,18,36,3.1,4.3,4189,14.0,24.75,205.0,2021-04-06,True,18 / 36,3.1 to 4.3 GHz,Socket 4189,14 nm,24.75MB,205 W,"Apr 6th, 2021",baraazaid/cpu-and-gpu-stats
31cb7c00c1ba2e3178ea,Xeon Platinum 8356H,Cooper Lake-SP,8,16,3.9,4.4,4189,14.0,35.75,190.0,2021-04-06,True,8 / 16,3.9 to 4.4 GHz,Socket 4189,14 nm,35.75MB,190 W,"Apr 6th, 2021",baraazaid/cpu-and-gpu-stats
0afb4397c1bb6505008d,Xeon Platinum 8358,Ice Lake-SP,32,64,2.6,3.4,4189,10.0,48.0,250.0,2021-04-06,True,32 / 64,2.6 to 3.4 GHz,Socket 4189,10 nm,48MB,250 W,"Apr 6th, 2021",baraazaid/cpu-and-gpu-stats
2ce7fdd468fb2e864086,Xeon Platinum 8358P,Ice Lake-SP,32,64,2.6,3.4,4189,10.0,48.0,240.0,2021-04-06,True,32 / 64,2.6 to 3.4 GHz,Socket 4189,10 nm,48MB,240 W,"Apr 6th, 2021",baraazaid/cpu-and-gpu-stats
c42a7a093a3e38d518c5,Xeon Platinum 8360H,Cooper Lake-SP,24,48,3.0,4.2,4189,14.0,33.0,225.0,2021-04-06,True,24 / 48,3 to 4.2 GHz,Socket 4189,14 nm,33MB,225 W,"Apr 6th, 2021",baraazaid/cpu-and-gpu-stats
29b7b122aa2433a47cc0,Xeon Platinum 8360HL,Cooper Lake-SP,24,48,3.0,4.2,4189,14.0,33.0,225.0,2021-04-06,True,24 / 48,3 to 4.2 GHz,Socket 4189,14 nm,33MB,225 W,"Apr 6th, 2021",baraazaid/cpu-and-gpu-stats
c56857d2f51576ff5f8f,Xeon Platinum 8360Y,Ice Lake-SP,36,72,2.4,3.5,4189,10.0,54.0,250.0,2021-04-06,True,36 / 72,2.4 to 3.5 GHz,Socket 4189,10 nm,54MB,250 W,"Apr 6th, 2021",baraazaid/cpu-and-gpu-stats
7587f02a72c108fcd6fb,Xeon Platinum 8362,Ice Lake-SP,32,64,2.8,3.6,4189,10.0,48.0,265.0,2021-04-06,True,32 / 64,2.8 to 3.6 GHz,Socket 4189,10 nm,48MB,265 W,"Apr 6th, 2021",baraazaid/cpu-and-gpu-stats
605db05c34a6bb583cfe,Xeon Platinum 8368,Ice Lake-SP,38,76,2.4,3.4,4189,10.0,57.0,270.0,2021-04-06,True,38 / 76,2.4 to 3.4 GHz,Socket 4189,10 nm,57MB,270 W,"Apr 6th, 2021",baraazaid/cpu-and-gpu-stats
954bac8e94595d352ccc,Xeon Platinum 8368Q,Ice Lake-SP,38,76,2.6,3.7,4189,10.0,57.0,270.0,2021-04-06,True,38 / 76,2.6 to 3.7 GHz,Socket 4189,10 nm,57MB,270 W,"Apr 6th, 2021",baraazaid/cpu-and-gpu-stats
b524c40b060d5fa5931c,Xeon Platinum 8376H,Cooper Lake-SP,28,56,2.6,4.3,4189,14.0,38.5,205.0,2021-04-06,True,28 / 56,2.6 to 4.3 GHz,Socket 4189,14 nm,38.5MB,205 W,"Apr 6th, 2021",baraazaid/cpu-and-gpu-stats
d6e3a2152c47a02add5d,Xeon Platinum 8376HL,Cooper Lake-SP,28,56,2.6,4.3,4189,14.0,38.5,205.0,2021-04-06,True,28 / 56,2.6 to 4.3 GHz,Socket 4189,14 nm,38.5MB,205 W,"Apr 6th, 2021",baraazaid/cpu-and-gpu-stats
826afecefc0bc18c5123,Xeon Platinum 8380,Ice Lake-SP,40,80,2.3,3.4,4189,10.0,60.0,270.0,2021-04-06,True,40 / 80,2.3 to 3.4 GHz,Socket 4189,10 nm,60MB,270 W,"Apr 6th, 2021",baraazaid/cpu-and-gpu-stats
62b23afabda38834eb5b,Xeon Platinum 8380H,Cooper Lake-SP,28,56,2.9,4.3,4189,14.0,38.5,250.0,2021-04-06,True,28 / 56,2.9 to 4.3 GHz,Socket 4189,14 nm,38.5MB,250 W,"Apr 6th, 2021",baraazaid/cpu-and-gpu-stats
44a2af8a4e5f65a73a5d,Xeon Platinum 8380HL,Cooper Lake-SP,28,56,2.9,4.3,4189,14.0,38.5,250.0,2021-04-06,True,28 / 56,2.9 to 4.3 GHz,Socket 4189,14 nm,38.5MB,250 W,"Apr 6th, 2021",baraazaid/cpu-and-gpu-stats
8a0ea2684a647543c742,Xeon Platinum 8480,Sapphire Rapids,56,112,2.0,3.8,4677,10.0,105.0,350.0,2023-01-01,True,56 / 112,2 to 3.8 GHz,Socket 4677,10 nm,105MB,350 W,2023,baraazaid/cpu-and-gpu-stats
debc7885fcfa06d954ae,Xeon Platinum 8490H,Sapphire Rapids,60,120,1.9,3.5,4677,10.0,112.5,350.0,2023-01-01,True,60 / 120,1.9 to 3.5 GHz,Socket 4677,10 nm,112.5MB,350 W,2023,baraazaid/cpu-and-gpu-stats
3c4ea984f2706da78bea,Xeon Platinum 9221,Cascade Lake-AP,32,64,2.1,3.7,BGA 5903,14.0,71.5,250.0,2019-04-02,True,32 / 64,2.1 to 3.7 GHz,BGA 5903,14 nm,71.5MB,250 W,"Apr 2nd, 2019",baraazaid/cpu-and-gpu-stats
e5ae6d937d86fdebb186,Xeon Platinum 9222,Cascade Lake-AP,32,64,2.3,3.7,BGA 5903,14.0,71.5,250.0,2019-04-02,True,32 / 64,2.3 to 3.7 GHz,BGA 5903,14 nm,71.5MB,250 W,"Apr 2nd, 2019",baraazaid/cpu-and-gpu-stats
87df335a70682ac86052,Xeon Platinum 9242,Cascade Lake-AP,48,96,2.3,3.8,BGA 5903,14.0,71.5,350.0,2019-04-02,True,48 / 96,2.3 to 3.8 GHz,BGA 5903,14 nm,71.5MB,350 W,"Apr 2nd, 2019",baraazaid/cpu-and-gpu-stats
34cd57280a6563921e87,Xeon Platinum 9282,Cascade Lake-AP,56,112,2.6,3.8,BGA 5903,14.0,77.0,400.0,2019-04-02,True,56 / 112,2.6 to 3.8 GHz,BGA 5903,14 nm,77MB,400 W,"Apr 2nd, 2019",baraazaid/cpu-and-gpu-stats
579a4edc78d0cbba9fb5,Xeon Silver 4116,Skylake-SP,12,24,2.1,3.0,3647,14.0,16.5,85.0,2017-07-11,True,12 / 24,2.1 to 3 GHz,Socket 3647,14 nm,16.5MB,85 W,"Jul 11th, 2017",baraazaid/cpu-and-gpu-stats
7372581f14130251d0aa,Xeon Silver 4309Y,Ice Lake-SP,8,16,2.8,3.6,4189,10.0,12.0,105.0,2021-04-06,True,8 / 16,2.8 to 3.6 GHz,Socket 4189,10 nm,12MB,105 W,"Apr 6th, 2021",baraazaid/cpu-and-gpu-stats
ecb6c2e590e021c5361b,Xeon Silver 4310,Ice Lake-SP,12,24,2.1,3.3,4189,10.0,18.0,120.0,2021-04-06,True,12 / 24,2.1 to 3.3 GHz,Socket 4189,10 nm,18MB,120 W,"Apr 6th, 2021",baraazaid/cpu-and-gpu-stats
e945c8aea75d4be0363c,Xeon Silver 4310T,Ice Lake-SP,10,20,2.3,3.4,4189,10.0,15.0,105.0,2021-04-06,True,10 / 20,2.3 to 3.4 GHz,Socket 4189,10 nm,15MB,105 W,"Apr 6th, 2021",baraazaid/cpu-and-gpu-stats
fda722ed7244dda87c46,Xeon Silver 4314,Ice Lake-SP,16,32,2.4,3.4,4189,10.0,24.0,135.0,2021-04-06,True,16 / 32,2.4 to 3.4 GHz,Socket 4189,10 nm,24MB,135 W,"Apr 6th, 2021",baraazaid/cpu-and-gpu-stats
0de584dc8e52edd95bc3,Xeon Silver 4316,Ice Lake-SP,20,40,2.3,3.4,4189,10.0,30.0,150.0,2021-04-06,True,20 / 40,2.3 to 3.4 GHz,Socket 4189,10 nm,30MB,150 W,"Apr 6th, 2021",baraazaid/cpu-and-gpu-stats
d6e4083c08041860fd08,Xeon W-11855M,Tiger Lake-H,6,12,3.2,4.9,BGA 1787,10.0,18.0,35.0,2021-05-11,True,6 / 12,3.2 to 4.9 GHz,BGA 1787,10 nm,18MB,35 W,"May 11th, 2021",baraazaid/cpu-and-gpu-stats
b5b04cd119030498deeb,Xeon W-11955M,Tiger Lake-H,8,16,2.1,5.0,BGA 1499,10.0,24.0,35.0,2021-05-11,True,8 / 16,2.1 to 5 GHz,BGA 1499,10 nm,24MB,35 W,"May 11th, 2021",baraazaid/cpu-and-gpu-stats
1d5c9625987358fe3c72,Xeon W-1290,Comet Lake,10,20,3.2,5.2,1200,14.0,20.0,80.0,2020-05-13,True,10 / 20,3.2 to 5.2 GHz,Socket 1200,14 nm,20MB,80 W,"May 13th, 2020",baraazaid/cpu-and-gpu-stats
90e5d2035364b09673ed,Xeon W-1290P,Comet Lake,10,20,3.7,5.3,1200,10.0,20.0,125.0,2020-05-13,True,10 / 20,3.7 to 5.3 GHz,Socket 1200,10 nm,20MB,125 W,"May 13th, 2020",baraazaid/cpu-and-gpu-stats
4ef781f7a2f4d098e65b,Xeon W-2102,Skylake-W,4,,2.9,2.9,2066,14.0,8.25,120.0,2017-08-29,True,4,2.9 GHz,Socket 2066,14 nm,8.25MB,120 W,"Aug 29th, 2017",baraazaid/cpu-and-gpu-stats
cc2ba039c43917bec976,Xeon W-2104,Skylake-W,4,,3.2,3.2,2066,14.0,8.25,120.0,2017-08-29,True,4,3.2 GHz,Socket 2066,14 nm,8.25MB,120 W,"Aug 29th, 2017",baraazaid/cpu-and-gpu-stats
f28325d1f48bbb1f23bf,Xeon W-2123,Skylake-W,4,8,3.6,3.9,2066,14.0,8.25,120.0,2017-08-29,True,4 / 8,3.6 to 3.9 GHz,Socket 2066,14 nm,8.25MB,120 W,"Aug 29th, 2017",baraazaid/cpu-and-gpu-stats
7f1ce62c6b8e4abd154f,Xeon W-2125,Skylake-W,4,8,4.0,4.5,2066,14.0,8.25,120.0,2017-08-29,True,4 / 8,4 to 4.5 GHz,Socket 2066,14 nm,8.25MB,120 W,"Aug 29th, 2017",baraazaid/cpu-and-gpu-stats
7c7afa0dc98463036161,Xeon W-2133,Skylake-W,6,12,3.6,3.9,2066,14.0,8.25,140.0,2017-08-29,True,6 / 12,3.6 to 3.9 GHz,Socket 2066,14 nm,8.25MB,140 W,"Aug 29th, 2017",baraazaid/cpu-and-gpu-stats
43d5fe08c4c7c0c260f4,Xeon W-2135,Skylake-W,6,12,3.7,4.5,2066,14.0,8.25,140.0,2017-08-29,True,6 / 12,3.7 to 4.5 GHz,Socket 2066,14 nm,8.25MB,140 W,"Aug 29th, 2017",baraazaid/cpu-and-gpu-stats
0a536b0fce5d527ed782,Xeon W-2150B,Skylake-W,10,20,3.0,4.5,2066,14.0,13.75,120.0,2017-12-21,True,10 / 20,3 to 4.5 GHz,Socket 2066,14 nm,13.75MB,120 W,"Dec 21st, 2017",baraazaid/cpu-and-gpu-stats
8129c0c83881d8f90a58,Xeon W-2155,Skylake-W,10,20,3.3,4.5,2066,14.0,13.75,140.0,2017-08-29,True,10 / 20,3.3 to 4.5 GHz,Socket 2066,14 nm,13.75MB,140 W,"Aug 29th, 2017",baraazaid/cpu-and-gpu-stats
054eb399a43e57d06445,Xeon W-2170B,Skylake-W,14,28,2.5,4.3,2066,14.0,19.25,140.0,2017-12-21,True,14 / 28,2.5 to 4.3 GHz,Socket 2066,14 nm,19.25MB,140 W,"Dec 21st, 2017",baraazaid/cpu-and-gpu-stats
ebc612819056c2b420f3,Xeon W-2175,Skylake-W,14,28,2.5,4.3,2066,14.0,19.25,140.0,2017-10-15,True,14 / 28,2.5 to 4.3 GHz,Socket 2066,14 nm,19.25MB,140 W,"Oct 15th, 2017",baraazaid/cpu-and-gpu-stats
d658697757f56b91b8a3,Xeon W-2191B,Skylake-W,18,36,2.3,4.3,2066,14.0,24.75,140.0,2017-12-21,True,18 / 36,2.3 to 4.3 GHz,Socket 2066,14 nm,24.75MB,140 W,"Dec 21st, 2017",baraazaid/cpu-and-gpu-stats
c883cdae91ea4ace31cf,Xeon W-2195,Skylake-W,18,36,2.3,4.3,2066,14.0,24.75,140.0,2017-08-29,True,18 / 36,2.3 to 4.3 GHz,Socket 2066,14 nm,24.75MB,140 W,"Aug 29th, 2017",baraazaid/cpu-and-gpu-stats
1e678683c0d15dbc33c8,Xeon W-3175X,Skylake-W,28,56,3.1,4.3,3647,14.0,38.5,255.0,2018-12-19,True,28 / 56,3.1 to 4.3 GHz,Socket 3647,14 nm,38.5MB,255 W,"Dec 19th, 2018",baraazaid/cpu-and-gpu-stats
6e4696aea5b2ea1d221b,Xeon W-3323,Ice Lake-W,12,24,3.5,4.0,4189,10.0,18.0,220.0,2021-07-29,True,12 / 24,3.5 to 4 GHz,Socket 4189,10 nm,18MB,220 W,"Jul 29th, 2021",baraazaid/cpu-and-gpu-stats
686da9442c33f5caabcd,Xeon W-3335,Ice Lake-W,16,32,3.4,4.0,4189,10.0,24.0,250.0,2021-07-29,True,16 / 32,3.4 to 4 GHz,Socket 4189,10 nm,24MB,250 W,"Jul 29th, 2021",baraazaid/cpu-and-gpu-stats
054324f7c61620e54795,Xeon W-3345,Ice Lake-W,24,48,3.0,4.0,4189,10.0,36.0,250.0,2021-07-29,True,24 / 48,3 to 4 GHz,Socket 4189,10 nm,36MB,250 W,"Jul 29th, 2021",baraazaid/cpu-and-gpu-stats
be84cc78866e6a7421b6,Xeon W-3365,Ice Lake-W,32,64,2.7,4.0,4189,10.0,48.0,270.0,2021-07-29,True,32 / 64,2.7 to 4 GHz,Socket 4189,10 nm,48MB,270 W,"Jul 29th, 2021",baraazaid/cpu-and-gpu-stats
f2a1bab24e0a488e33d7,Xeon W-3375,Ice Lake-W,38,76,2.5,4.0,4189,10.0,57.0,270.0,2021-07-29,True,38 / 76,2.5 to 4 GHz,Socket 4189,10 nm,57MB,270 W,"Jul 29th, 2021",baraazaid/cpu-and-gpu-stats
141d90c1e081244a903c,Xeon W3503,Bloomfield,2,,2.4,2.4,1366,45.0,4.0,130.0,2009-03-30,True,2,2.4 GHz,Socket 1366,45 nm,4MB,130 W,"Mar 30th, 2009",baraazaid/cpu-and-gpu-stats
65562e00aaf51213e0cd,Xeon W3505,Bloomfield,2,,2.533,2.533,1366,45.0,4.0,130.0,2009-03-30,True,2,2.533 GHz,Socket 1366,45 nm,4MB,130 W,"Mar 30th, 2009",baraazaid/cpu-and-gpu-stats
52d2b31351f94f6796a3,Xeon W3530,Bloomfield,4,8,2.8,3.066,1366,45.0,8.0,130.0,2010-03-16,True,4 / 8,2.8 to 3.066 GHz,Socket 1366,45 nm,8MB,130 W,"Mar 16th, 2010",baraazaid/cpu-and-gpu-stats
171111ca1fe67fa9ab68,Xeon W3670,Gulftown,6,12,3.2,3.466,1366,32.0,12.0,130.0,2010-08-29,True,6 / 12,3.2 to 3.466 GHz,Socket 1366,32 nm,12MB,130 W,"Aug 29th, 2010",baraazaid/cpu-and-gpu-stats
814452f9e42ab431d18f,Xeon W3680,Gulftown,6,12,3.333,3.6,1366,32.0,12.0,130.0,2010-03-16,True,6 / 12,3.333 to 3.6 GHz,Socket 1366,32 nm,12MB,130 W,"Mar 16th, 2010",baraazaid/cpu-and-gpu-stats
2fbb9dd0a859f830aef6,Xeon W3690,Gulftown,6,12,3.466,3.733,1366,32.0,12.0,130.0,2011-02-14,True,6 / 12,3.466 to 3.733 GHz,Socket 1366,32 nm,12MB,130 W,"Feb 14th, 2011",baraazaid/cpu-and-gpu-stats
8d9d1c9c6afe8d94c0a4,Xeon X5647,Westmere-EP,4,8,2.933,3.2,1366,32.0,12.0,130.0,2011-02-14,True,4 / 8,2.933 to 3.2 GHz,Socket 1366,32 nm,12MB,130 W,"Feb 14th, 2011",baraazaid/cpu-and-gpu-stats
637c9efd709d51dc8831,Xeon X5650,Westmere-EP,6,12,2.666,3.066,1366,32.0,12.0,95.0,2010-03-16,True,6 / 12,2.666 to 3.066 GHz,Socket 1366,32 nm,12MB,95 W,"Mar 16th, 2010",baraazaid/cpu-and-gpu-stats
b414ae72f582e8e15641,Xeon X5660,Westmere-EP,6,12,2.8,3.2,1366,32.0,12.0,95.0,2010-03-16,True,6 / 12,2.8 to 3.2 GHz,Socket 1366,32 nm,12MB,95 W,"Mar 16th, 2010",baraazaid/cpu-and-gpu-stats
8be603c8c0e01091b59a,Xeon X5667,Westmere-EP,4,8,3.066,3.466,1366,32.0,12.0,95.0,2010-03-16,True,4 / 8,3.066 to 3.466 GHz,Socket 1366,32 nm,12MB,95 W,"Mar 16th, 2010",baraazaid/cpu-and-gpu-stats
b0156a50595ce7983f21,Xeon X5670,Westmere-EP,6,12,2.933,3.333,1366,32.0,12.0,95.0,2010-03-16,True,6 / 12,2.933 to 3.333 GHz,Socket 1366,32 nm,12MB,95 W,"Mar 16th, 2010",baraazaid/cpu-and-gpu-stats
2461204fda48fa61543b,Xeon X5672,Westmere-EP,4,8,3.2,3.6,1366,32.0,12.0,95.0,2011-02-14,True,4 / 8,3.2 to 3.6 GHz,Socket 1366,32 nm,12MB,95 W,"Feb 14th, 2011",baraazaid/cpu-and-gpu-stats
cce6d85e7c437fa180aa,Xeon X5675,Westmere-EP,6,12,3.066,3.466,1366,32.0,12.0,95.0,2011-02-14,True,6 / 12,3.066 to 3.466 GHz,Socket 1366,32 nm,12MB,95 W,"Feb 14th, 2011",baraazaid/cpu-and-gpu-stats
24214c929bb04ca0810b,Xeon X5677,Westmere-EP,4,8,3.466,3.733,1366,32.0,12.0,130.0,2010-03-16,True,4 / 8,3.466 to 3.733 GHz,Socket 1366,32 nm,12MB,130 W,"Mar 16th, 2010",baraazaid/cpu-and-gpu-stats
3d287b7c323f678d0e05,Xeon X5680,Westmere-EP,6,12,3.333,3.6,1366,32.0,12.0,130.0,2010-02-14,True,6 / 12,3.333 to 3.6 GHz,Socket 1366,32 nm,12MB,130 W,"Feb 14th, 2010",baraazaid/cpu-and-gpu-stats
e7a62dd82911a07d6af5,Xeon X5687,Westmere-EP,4,8,3.6,3.866,1366,32.0,12.0,130.0,2011-02-14,True,4 / 8,3.6 to 3.866 GHz,Socket 1366,32 nm,12MB,130 W,"Feb 14th, 2011",baraazaid/cpu-and-gpu-stats
1921a43701a414bfa292,Xeon X5690,Westmere-EP,6,12,3.466,3.733,1366,32.0,12.0,130.0,2011-02-14,True,6 / 12,3.466 to 3.733 GHz,Socket 1366,32 nm,12MB,130 W,"Feb 14th, 2011",baraazaid/cpu-and-gpu-stats
21d4c3cb785a14d6dc78,Xeon X5698,Westmere-EP,2,4,4.4,4.4,1366,32.0,12.0,130.0,2011-02-14,True,2 / 4,4.4 GHz,Socket 1366,32 nm,12MB,130 W,"Feb 14th, 2011",baraazaid/cpu-and-gpu-stats
c2b5f493d6d21b3cd415,Z-01,Desna,2,,1.0,1.0,FT1,40.0,,6.0,2011-06-01,True,2,1000 MHz,Socket FT1,40 nm,,6 W,"Jun 1st, 2011",baraazaid/cpu-and-gpu-stats
0597c41c197de3ccf52f,Z-60,Hondo,2,,1.0,1.0,FT1,40.0,,5.0,2012-10-09,True,2,1000 MHz,Socket FT1,40 nm,,5 W,"Oct 9th, 2012",baraazaid/cpu-and-gpu-stats
