source_record_id,manufacturer,device,cuda,metal,opencl,vulkan,supplementary_only,eligible_for_compatibility,source_file,source_dataset
6bec4075e02c33be9550,AMD,15D8:C8,,,14666.0,14730.0,True,False,GPU_scores_graphicsAPIs.csv,alanjo/gpu-scores-with-cuda-metal-opencl-vulkan
f158db00c0b739ca6d6c,AMD,15D8:C9,,,11132.0,12149.0,True,False,GPU_scores_graphicsAPIs.csv,alanjo/gpu-scores-with-cuda-metal-opencl-vulkan
fee5d98d1adccf6bb355,AMD,15D8:CA,,,12963.0,,True,False,GPU_scores_graphicsAPIs.csv,alanjo/gpu-scores-with-cuda-metal-opencl-vulkan
553a37be3329956dd7bf,AMD,15D8:CB,,,9362.0,,True,False,GPU_scores_graphicsAPIs.csv,alanjo/gpu-scores-with-cuda-metal-opencl-vulkan
4ad88ee2bf01c9e8956c,AMD,15D8:CC,,,5048.0,5436.0,True,False,GPU_scores_graphicsAPIs.csv,alanjo/gpu-scores-with-cuda-metal-opencl-vulkan
30c275549bb18c31489f,AMD,15D8:D8,,,13598.0,14047.0,True,False,GPU_scores_graphicsAPIs.csv,alanjo/gpu-scores-with-cuda-metal-opencl-vulkan
eb5a18159c2e8ca86174,AMD,15D8:D9,,,10898.0,,True,False,GPU_scores_graphicsAPIs.csv,alanjo/gpu-scores-with-cuda-metal-opencl-vulkan
a708192140a5b41087a7,AMD,15D8:DA,,,15119.0,,True,False,GPU_scores_graphicsAPIs.csv,alanjo/gpu-scores-with-cuda-metal-opencl-vulkan
6f862fc79d30590fcf50,AMD,15D8:DB,,,10395.0,,True,False,GPU_scores_graphicsAPIs.csv,alanjo/gpu-scores-with-cuda-metal-opencl-vulkan
afdf688f2766b20441ea,AMD,67EF:C0,,,19535.0,,True,False,GPU_scores_graphicsAPIs.csv,alanjo/gpu-scores-with-cuda-metal-opencl-vulkan
316e7ef808f0b52cde53,,67EF:C0,,,19535.0,,True,False,GPU_scores_graphics_API_v2_noCUDA.csv,alanjo/gpu-scores-with-cuda-metal-opencl-vulkan
7d35fb035c1fefda0060,AMD,67EF:CF,,,17262.0,,True,False,GPU_scores_graphicsAPIs.csv,alanjo/gpu-scores-with-cuda-metal-opencl-vulkan
6f548c47f2deb0099fdd,AMD,7360:41 (NAVI 12),,,27548.0,37442.0,True,False,GPU_scores_graphicsAPIs.csv,alanjo/gpu-scores-with-cuda-metal-opencl-vulkan
5b1f8e82d2ffdcbb9f2f,Nvidia,A10,186108.0,,,,True,False,GPU_scores_graphicsAPIs.csv,alanjo/gpu-scores-with-cuda-metal-opencl-vulkan
c19291b8adac81c951a8,Apple,A10 GPU,,3065.0,,,True,False,GPU_scores_graphicsAPIs.csv,alanjo/gpu-scores-with-cuda-metal-opencl-vulkan
be2ad9951b0513c8ebe9,Nvidia,A100 80GB PCIe,259828.0,,214586.0,,True,False,GPU_scores_graphicsAPIs.csv,alanjo/gpu-scores-with-cuda-metal-opencl-vulkan
a95007142475054af0a9,Nvidia,A100-PCIE-40GB,215434.0,,161590.0,92245.0,True,False,GPU_scores_graphicsAPIs.csv,alanjo/gpu-scores-with-cuda-metal-opencl-vulkan
82830df47099feabca1e,Nvidia,A100-PCIE-80GB,256292.0,,207124.0,,True,False,GPU_scores_graphicsAPIs.csv,alanjo/gpu-scores-with-cuda-metal-opencl-vulkan
94ad4c770e827f019d2a,Nvidia,A100-SXM4-40GB,237220.0,,190489.0,,True,False,GPU_scores_graphicsAPIs.csv,alanjo/gpu-scores-with-cuda-metal-opencl-vulkan
e32478d6e9d869703423,Nvidia,A10G,187763.0,,126737.0,,True,False,GPU_scores_graphicsAPIs.csv,alanjo/gpu-scores-with-cuda-metal-opencl-vulkan
1b3104c906bbd9a8e2d8,Apple,A10X GPU,,6910.0,,,True,False,GPU_scores_graphicsAPIs.csv,alanjo/gpu-scores-with-cuda-metal-opencl-vulkan
9833e00153fa5ea84f02,Apple,A11 GPU,,3805.0,,,True,False,GPU_scores_graphicsAPIs.csv,alanjo/gpu-scores-with-cuda-metal-opencl-vulkan
5e226dc0d909efbd8b29,Apple,A12 GPU,,5378.0,,,True,False,GPU_scores_graphicsAPIs.csv,alanjo/gpu-scores-with-cuda-metal-opencl-vulkan
7c1b9f9d4a4c86287613,Apple,A12X GPU,,11235.0,,,True,False,GPU_scores_graphicsAPIs.csv,alanjo/gpu-scores-with-cuda-metal-opencl-vulkan
780dd8eebc1b232e4b28,Apple,A12Z,,,11391.0,,True,False,GPU_scores_graphicsAPIs.csv,alanjo/gpu-scores-with-cuda-metal-opencl-vulkan
69a58ad0d2d1c6f29547,Apple,A12Z GPU,,12105.0,,,True,False,GPU_scores_graphicsAPIs.csv,alanjo/gpu-scores-with-cuda-metal-opencl-vulkan
a460a8aa5f5a21a58165,Apple,A13 GPU,,7176.0,,,True,False,GPU_scores_graphicsAPIs.csv,alanjo/gpu-scores-with-cuda-metal-opencl-vulkan
c217584ef114a956e7d9,Apple,A14 GPU,,9425.0,,,True,False,GPU_scores_graphicsAPIs.csv,alanjo/gpu-scores-with-cuda-metal-opencl-vulkan
5ae36f6c77c5707b1f84,Apple,A15 GPU,,13427.0,,,True,False,GPU_scores_graphicsAPIs.csv,alanjo/gpu-scores-with-cuda-metal-opencl-vulkan
a41cf3590b12a0447c03,Nvidia,A2,38140.0,,37130.0,,True,False,GPU_scores_graphicsAPIs.csv,alanjo/gpu-scores-with-cuda-metal-opencl-vulkan
de3af271c18c84aea011,Nvidia,A30,139688.0,,118447.0,,True,False,GPU_scores_graphicsAPIs.csv,alanjo/gpu-scores-with-cuda-metal-opencl-vulkan
2e34e556225604a64a9d,Nvidia,A40,205120.0,,185972.0,,True,False,GPU_scores_graphicsAPIs.csv,alanjo/gpu-scores-with-cuda-metal-opencl-vulkan
855f49f533dced8b8319,,A40,,,149033.0,,True,False,GPU_scores_graphics_API_v2_noCUDA.csv,alanjo/gpu-scores-with-cuda-metal-opencl-vulkan
c42926fdc464c46c8dc8,Nvidia,A40-12Q,95329.0,,156643.0,,True,False,GPU_scores_graphicsAPIs.csv,alanjo/gpu-scores-with-cuda-metal-opencl-vulkan
6e3f1f678050a3778a88,,A40-12Q,,,156643.0,,True,False,GPU_scores_graphics_API_v2_noCUDA.csv,alanjo/gpu-scores-with-cuda-metal-opencl-vulkan
47630af637e8c585d4fe,Nvidia,A40-8Q,183852.0,,188056.0,,True,False,GPU_scores_graphicsAPIs.csv,alanjo/gpu-scores-with-cuda-metal-opencl-vulkan
e61eb011895a8569c074,Apple,A7 GPU,,26.0,,,True,False,GPU_scores_graphicsAPIs.csv,alanjo/gpu-scores-with-cuda-metal-opencl-vulkan
9c129a459a65f0da9ad5,Apple,A8 GPU,,476.0,,,True,False,GPU_scores_graphicsAPIs.csv,alanjo/gpu-scores-with-cuda-metal-opencl-vulkan
098500121749402caac2,Apple,A8X GPU,,754.0,,,True,False,GPU_scores_graphicsAPIs.csv,alanjo/gpu-scores-with-cuda-metal-opencl-vulkan
3292561939e904e49ea4,Apple,A9 GPU,,2388.0,,,True,False,GPU_scores_graphicsAPIs.csv,alanjo/gpu-scores-with-cuda-metal-opencl-vulkan
c932753fdfabef28b129,Apple,A9X GPU,,4279.0,,,True,False,GPU_scores_graphicsAPIs.csv,alanjo/gpu-scores-with-cuda-metal-opencl-vulkan
46622660f23f9dd9dd93,Qualcomm,Adreno 430,,,,520.0,True,False,GPU_scores_graphicsAPIs.csv,alanjo/gpu-scores-with-cuda-metal-opencl-vulkan
9165a71b623435273d3c,Qualcomm,Adreno 506,,,,130.0,True,False,GPU_scores_graphicsAPIs.csv,alanjo/gpu-scores-with-cuda-metal-opencl-vulkan
164467d1c5d2665a1d2d,Qualcomm,Adreno 509,,,,229.0,True,False,GPU_scores_graphicsAPIs.csv,alanjo/gpu-scores-with-cuda-metal-opencl-vulkan
247265a14b484b70fde8,Qualcomm,Adreno 512,,,,302.0,True,False,GPU_scores_graphicsAPIs.csv,alanjo/gpu-scores-with-cuda-metal-opencl-vulkan
e3126c45d0fcd2aff323,Qualcomm,Adreno 530,,,,582.0,True,False,GPU_scores_graphicsAPIs.csv,alanjo/gpu-scores-with-cuda-metal-opencl-vulkan
c175d4d3203cae0c3c34,Qualcomm,Adreno 540,,,,636.0,True,False,GPU_scores_graphicsAPIs.csv,alanjo/gpu-scores-with-cuda-metal-opencl-vulkan
27ef536dc230859558d3,Qualcomm,Adreno 610,,,,471.0,True,False,GPU_scores_graphicsAPIs.csv,alanjo/gpu-scores-with-cuda-metal-opencl-vulkan
e3983ccb5d5013c37337,Qualcomm,Adreno 612,,,,543.0,True,False,GPU_scores_graphicsAPIs.csv,alanjo/gpu-scores-with-cuda-metal-opencl-vulkan
a6a395f3c65c14c507dd,Qualcomm,Adreno 615,,,,653.0,True,False,GPU_scores_graphicsAPIs.csv,alanjo/gpu-scores-with-cuda-metal-opencl-vulkan
e404a590851692d2112c,Qualcomm,Adreno 616,,,,830.0,True,False,GPU_scores_graphicsAPIs.csv,alanjo/gpu-scores-with-cuda-metal-opencl-vulkan
16a8f827674c584737bf,Qualcomm,Adreno 618,,,,1071.0,True,False,GPU_scores_graphicsAPIs.csv,alanjo/gpu-scores-with-cuda-metal-opencl-vulkan
de06a4981aad4d97f287,Qualcomm,Adreno 619,,,,1112.0,True,False,GPU_scores_graphicsAPIs.csv,alanjo/gpu-scores-with-cuda-metal-opencl-vulkan
dfc814813a9c9e39f3c5,Qualcomm,Adreno 620,,,,1174.0,True,False,GPU_scores_graphicsAPIs.csv,alanjo/gpu-scores-with-cuda-metal-opencl-vulkan
a82ec0000945b8350ca4,Qualcomm,Adreno 630,,,,1812.0,True,False,GPU_scores_graphicsAPIs.csv,alanjo/gpu-scores-with-cuda-metal-opencl-vulkan
12f3fb02c0bcf8e1f088,Qualcomm,Adreno 640,,,,2539.0,True,False,GPU_scores_graphicsAPIs.csv,alanjo/gpu-scores-with-cuda-metal-opencl-vulkan
50ed4f0e4a0693c72040,Qualcomm,Adreno 642,,,,2867.0,True,False,GPU_scores_graphicsAPIs.csv,alanjo/gpu-scores-with-cuda-metal-opencl-vulkan
7574af9078f602a024c8,Qualcomm,Adreno 642L,,,,2375.0,True,False,GPU_scores_graphicsAPIs.csv,alanjo/gpu-scores-with-cuda-metal-opencl-vulkan
72f51ffb2fd5ba30a48c,Qualcomm,Adreno 643,,,,2495.0,True,False,GPU_scores_graphicsAPIs.csv,alanjo/gpu-scores-with-cuda-metal-opencl-vulkan
00b8eb16dec6845e9572,Qualcomm,Adreno 650,,,,3454.0,True,False,GPU_scores_graphicsAPIs.csv,alanjo/gpu-scores-with-cuda-metal-opencl-vulkan
5a1f3e75677db8d0b477,Qualcomm,Adreno 660,,,,4550.0,True,False,GPU_scores_graphicsAPIs.csv,alanjo/gpu-scores-with-cuda-metal-opencl-vulkan
4ff37a2435ceca62aed0,Qualcomm,Adreno 730,,,,6233.0,True,False,GPU_scores_graphicsAPIs.csv,alanjo/gpu-scores-with-cuda-metal-opencl-vulkan
caf3c033f248bd273b46,,Adreno(TM) 741,,,20564.0,,True,False,GPU_scores_graphics_API_v2_noCUDA.csv,alanjo/gpu-scores-with-cuda-metal-opencl-vulkan
d5cbe0376aa952fb317b,Intel,AlderLake-S Mobile Graphics Controller,,,8753.0,8526.0,True,False,GPU_scores_graphicsAPIs.csv,alanjo/gpu-scores-with-cuda-metal-opencl-vulkan
4588dcea57252373dc91,Intel,Amber Lake (Kabylake) GT2,,,,738.0,True,False,GPU_scores_graphicsAPIs.csv,alanjo/gpu-scores-with-cuda-metal-opencl-vulkan
39f233d9b89c15574756,,AMD 15D8:C8,,,15190.0,14501.0,True,False,GPU_scores_graphics_API_v2_noCUDA.csv,alanjo/gpu-scores-with-cuda-metal-opencl-vulkan
2a1ce711d72f7edb697c,,AMD 15D8:C9,,,11213.0,10683.0,True,False,GPU_scores_graphics_API_v2_noCUDA.csv,alanjo/gpu-scores-with-cuda-metal-opencl-vulkan
4cf48e71f52ad6959978,,AMD 15D8:CC,,,4243.0,,True,False,GPU_scores_graphics_API_v2_noCUDA.csv,alanjo/gpu-scores-with-cuda-metal-opencl-vulkan
6d843236d221c79e22bf,,AMD Compute Engine,,,104674.0,,True,False,GPU_scores_graphics_API_v2_noCUDA.csv,alanjo/gpu-scores-with-cuda-metal-opencl-vulkan
6f6e01fb7d47cb809fa7,,AMD Custom GPU 0405,,,15975.0,17660.0,True,False,GPU_scores_graphics_API_v2_noCUDA.csv,alanjo/gpu-scores-with-cuda-metal-opencl-vulkan
447f15c2a13a44004a11,,AMD Embedded Radeon E9173,,,9428.0,,True,False,GPU_scores_graphics_API_v2_noCUDA.csv,alanjo/gpu-scores-with-cuda-metal-opencl-vulkan
93f81171e6b05d803ae6,,AMD FirePro D300 (FireGL V),,,19979.0,20165.0,True,False,GPU_scores_graphics_API_v2_noCUDA.csv,alanjo/gpu-scores-with-cuda-metal-opencl-vulkan
4d6a3f9d836ec23c20c7,,AMD FirePro D500 (FireGL V),,,17807.0,18775.0,True,False,GPU_scores_graphics_API_v2_noCUDA.csv,alanjo/gpu-scores-with-cuda-metal-opencl-vulkan
7fedcdd6d0399982bc7c,,AMD FirePro D700 (FireGL V),,,25244.0,27675.0,True,False,GPU_scores_graphics_API_v2_noCUDA.csv,alanjo/gpu-scores-with-cuda-metal-opencl-vulkan
ee24e6b55d27a8f9b719,,AMD FirePro M2000,,,1168.0,,True,False,GPU_scores_graphics_API_v2_noCUDA.csv,alanjo/gpu-scores-with-cuda-metal-opencl-vulkan
6d483e1c19efa97304e3,,AMD FirePro M4000,,,5530.0,,True,False,GPU_scores_graphics_API_v2_noCUDA.csv,alanjo/gpu-scores-with-cuda-metal-opencl-vulkan
f6a23d02a562218dd929,,AMD FirePro M4150,,,3412.0,,True,False,GPU_scores_graphics_API_v2_noCUDA.csv,alanjo/gpu-scores-with-cuda-metal-opencl-vulkan
d31a80a23a3f81106d54,,AMD Firepro M5100,,,6347.0,,True,False,GPU_scores_graphics_API_v2_noCUDA.csv,alanjo/gpu-scores-with-cuda-metal-opencl-vulkan
efcc62852b4e51725fca,,AMD FirePro M5100 FireGL V,,,7613.0,,True,False,GPU_scores_graphics_API_v2_noCUDA.csv,alanjo/gpu-scores-with-cuda-metal-opencl-vulkan
9853c6b645efe3d25f6f,,AMD FirePro M5950,,,1135.0,,True,False,GPU_scores_graphics_API_v2_noCUDA.csv,alanjo/gpu-scores-with-cuda-metal-opencl-vulkan
e7ac9fe14a2daedc5260,,AMD FirePro M6000 Mobility Pro Graphics,,,8095.0,,True,False,GPU_scores_graphics_API_v2_noCUDA.csv,alanjo/gpu-scores-with-cuda-metal-opencl-vulkan
cc34348c0dfec815e703,,AMD FirePro M6100,,,12550.0,,True,False,GPU_scores_graphics_API_v2_noCUDA.csv,alanjo/gpu-scores-with-cuda-metal-opencl-vulkan
a947991068dfc6f9271e,,AMD FirePro S10000,,,30631.0,34145.0,True,False,GPU_scores_graphics_API_v2_noCUDA.csv,alanjo/gpu-scores-with-cuda-metal-opencl-vulkan
7a9cfbf47d025932690f,,AMD FirePro (TM) S9300 x2,,,27971.0,37109.0,True,False,GPU_scores_graphics_API_v2_noCUDA.csv,alanjo/gpu-scores-with-cuda-metal-opencl-vulkan
01dc3d4dc6be746b5d0c,,AMD FirePro (TM) W4190M,,,4130.0,,True,False,GPU_scores_graphics_API_v2_noCUDA.csv,alanjo/gpu-scores-with-cuda-metal-opencl-vulkan
4726a3d2610f9fb84166,,AMD FirePro V3900,,,1564.0,,True,False,GPU_scores_graphics_API_v2_noCUDA.csv,alanjo/gpu-scores-with-cuda-metal-opencl-vulkan
cd46ad77af2c9c6bcf48,,AMD FirePro W2100,,,3697.0,,True,False,GPU_scores_graphics_API_v2_noCUDA.csv,alanjo/gpu-scores-with-cuda-metal-opencl-vulkan
e0be1a2985c4afbc7614,,AMD FirePro W2100 (FireGL V) Graphics Adapter,,,3698.0,,True,False,GPU_scores_graphics_API_v2_noCUDA.csv,alanjo/gpu-scores-with-cuda-metal-opencl-vulkan
b75c76b1bb75cabe8772,,AMD FirePro W2100 Graphics Adapter,,,3005.0,,True,False,GPU_scores_graphics_API_v2_noCUDA.csv,alanjo/gpu-scores-with-cuda-metal-opencl-vulkan
00d7fbddea11a078a918,,AMD FirePro W4100,,,5491.0,6523.0,True,False,GPU_scores_graphics_API_v2_noCUDA.csv,alanjo/gpu-scores-with-cuda-metal-opencl-vulkan
751b9dd9a13792b6bd8b,,AMD FirePro W4100 Graphics Adapter,,,5347.0,,True,False,GPU_scores_graphics_API_v2_noCUDA.csv,alanjo/gpu-scores-with-cuda-metal-opencl-vulkan
99992bdd6b88b1fbb636,,AMD FirePro W4170M (FireGL V),,,5034.0,,True,False,GPU_scores_graphics_API_v2_noCUDA.csv,alanjo/gpu-scores-with-cuda-metal-opencl-vulkan
da61a35c535eede35224,,AMD FirePro W5000,,,9969.0,,True,False,GPU_scores_graphics_API_v2_noCUDA.csv,alanjo/gpu-scores-with-cuda-metal-opencl-vulkan
9f8911cde6252e505bbb,,AMD FirePro W5100,,,12053.0,13787.0,True,False,GPU_scores_graphics_API_v2_noCUDA.csv,alanjo/gpu-scores-with-cuda-metal-opencl-vulkan
99f2a858a1adbb3645d9,,AMD FirePro W5100 Graphics Adapter,,,10851.0,,True,False,GPU_scores_graphics_API_v2_noCUDA.csv,alanjo/gpu-scores-with-cuda-metal-opencl-vulkan
357b69a9aa83e1927598,,AMD FirePro W5130M,,,4819.0,,True,False,GPU_scores_graphics_API_v2_noCUDA.csv,alanjo/gpu-scores-with-cuda-metal-opencl-vulkan
38123238aa1dfc00a6cf,,AMD FirePro W5170M,,,9198.0,,True,False,GPU_scores_graphics_API_v2_noCUDA.csv,alanjo/gpu-scores-with-cuda-metal-opencl-vulkan
3e832438942a61fb7193,,AMD FirePro W600,,,6178.0,,True,False,GPU_scores_graphics_API_v2_noCUDA.csv,alanjo/gpu-scores-with-cuda-metal-opencl-vulkan
4178184c455d062dea69,,AMD FirePro W7000,,,17770.0,,True,False,GPU_scores_graphics_API_v2_noCUDA.csv,alanjo/gpu-scores-with-cuda-metal-opencl-vulkan
fd26421115b9bff7b775,,AMD FirePro W7100,,,24742.0,,True,False,GPU_scores_graphics_API_v2_noCUDA.csv,alanjo/gpu-scores-with-cuda-metal-opencl-vulkan
d13f18357d04ef31d15c,,AMD FirePro W9100,,,43046.0,,True,False,GPU_scores_graphics_API_v2_noCUDA.csv,alanjo/gpu-scores-with-cuda-metal-opencl-vulkan
ceee8aba4a0a546f1572,,AMD Instinct MI300X,,,341515.0,,True,False,GPU_scores_graphics_API_v2_noCUDA.csv,alanjo/gpu-scores-with-cuda-metal-opencl-vulkan
5f6adab0fefef242778f,,AMD Mobility Radeon HD 5000,,,1310.0,,True,False,GPU_scores_graphics_API_v2_noCUDA.csv,alanjo/gpu-scores-with-cuda-metal-opencl-vulkan
94d96014fccdca1b3dac,,AMD Mobility Radeon HD 5000 Series,,,1058.0,,True,False,GPU_scores_graphics_API_v2_noCUDA.csv,alanjo/gpu-scores-with-cuda-metal-opencl-vulkan
5a64ed991cfb44dc4349,,AMD Mobility Radeon HD 5570,,,1186.0,,True,False,GPU_scores_graphics_API_v2_noCUDA.csv,alanjo/gpu-scores-with-cuda-metal-opencl-vulkan
fb2606a234c5e9a3b81b,,AMD Mobility Radeon HD 5800 Series,,,2860.0,,True,False,GPU_scores_graphics_API_v2_noCUDA.csv,alanjo/gpu-scores-with-cuda-metal-opencl-vulkan
2c50394b9ffdaa984906,,AMD Radeon 550X,,,10522.0,,True,False,GPU_scores_graphics_API_v2_noCUDA.csv,alanjo/gpu-scores-with-cuda-metal-opencl-vulkan
a4b3680ac8b39b850537,,AMD Radeon 5700XT Compute Engine,,,64666.0,,True,False,GPU_scores_graphics_API_v2_noCUDA.csv,alanjo/gpu-scores-with-cuda-metal-opencl-vulkan
9f678a8570db3ed160c2,,AMD Radeon 610 Series,,,5420.0,,True,False,GPU_scores_graphics_API_v2_noCUDA.csv,alanjo/gpu-scores-with-cuda-metal-opencl-vulkan
c799784e7a8b60faf9a8,,AMD Radeon 6600M and 6700M Series,,,1283.0,,True,False,GPU_scores_graphics_API_v2_noCUDA.csv,alanjo/gpu-scores-with-cuda-metal-opencl-vulkan
e7277fc33670f31e886f,,AMD Radeon 6700,,,91084.0,,True,False,GPU_scores_graphics_API_v2_noCUDA.csv,alanjo/gpu-scores-with-cuda-metal-opencl-vulkan
35318d74b29c846cc931,,AMD Radeon 740M Graphics,,,24514.0,29952.0,True,False,GPU_scores_graphics_API_v2_noCUDA.csv,alanjo/gpu-scores-with-cuda-metal-opencl-vulkan
cf2827995bde6db41ade,,AMD Radeon 760M Graphics,,,21961.0,27382.0,True,False,GPU_scores_graphics_API_v2_noCUDA.csv,alanjo/gpu-scores-with-cuda-metal-opencl-vulkan
1db511bafe86899afb9a,,AMD Radeon 780M,,,30617.0,34862.0,True,False,GPU_scores_graphics_API_v2_noCUDA.csv,alanjo/gpu-scores-with-cuda-metal-opencl-vulkan
df8198c1ee27b57b7f02,,AMD Radeon 780M Graphics,,,29893.0,33575.0,True,False,GPU_scores_graphics_API_v2_noCUDA.csv,alanjo/gpu-scores-with-cuda-metal-opencl-vulkan
203982de722c6d68686b,,"AMD Radeon 780M (radeonsi, gfx1103_r1, LLVM 17.0.6, DRM 3.54, 6.6.38-gentoo-x86_64)",,,18602.0,,True,False,GPU_scores_graphics_API_v2_noCUDA.csv,alanjo/gpu-scores-with-cuda-metal-opencl-vulkan
47e4b84ccbb63a589446,,AMD Radeon Graphics,,18144.0,26349.0,31256.0,True,False,GPU_scores_graphics_API_v2_noCUDA.csv,alanjo/gpu-scores-with-cuda-metal-opencl-vulkan
de61023c1e04d632ec54,,AMD Radeon Graphics Compute Engine,,,12072.0,,True,False,GPU_scores_graphics_API_v2_noCUDA.csv,alanjo/gpu-scores-with-cuda-metal-opencl-vulkan
5789cb79c51abf818713,,"AMD Radeon Graphics (rembrandt, LLVM 15.0.7, DRM 3.52, 6.4.7-zen1-2-zen)",,,22230.0,,True,False,GPU_scores_graphics_API_v2_noCUDA.csv,alanjo/gpu-scores-with-cuda-metal-opencl-vulkan
ea3c19d6edfda87bc68e,,AMD Radeon HD 5450,,,376.0,,True,False,GPU_scores_graphics_API_v2_noCUDA.csv,alanjo/gpu-scores-with-cuda-metal-opencl-vulkan
90ee8dd778860b73d1f6,,AMD Radeon HD 5500 Series,,,1104.0,,True,False,GPU_scores_graphics_API_v2_noCUDA.csv,alanjo/gpu-scores-with-cuda-metal-opencl-vulkan
684862068eaab2728fd6,,AMD Radeon HD 5570,,,1374.0,,True,False,GPU_scores_graphics_API_v2_noCUDA.csv,alanjo/gpu-scores-with-cuda-metal-opencl-vulkan
b484b754bc2696d80f1e,,AMD Radeon HD 5670,,,1630.0,,True,False,GPU_scores_graphics_API_v2_noCUDA.csv,alanjo/gpu-scores-with-cuda-metal-opencl-vulkan
60904311fb1b38746808,,AMD Radeon HD 5700 Series,,,3533.0,,True,False,GPU_scores_graphics_API_v2_noCUDA.csv,alanjo/gpu-scores-with-cuda-metal-opencl-vulkan
bf2a69fc59d2398e39aa,,AMD Radeon HD 5800 Series,,,6487.0,,True,False,GPU_scores_graphics_API_v2_noCUDA.csv,alanjo/gpu-scores-with-cuda-metal-opencl-vulkan
90d73370a354ac29c1e8,,AMD Radeon HD 6310 Graphics,,,254.0,,True,False,GPU_scores_graphics_API_v2_noCUDA.csv,alanjo/gpu-scores-with-cuda-metal-opencl-vulkan
2c2dbcafe6bb030b3c95,,AMD Radeon HD 6410D,,,576.0,,True,False,GPU_scores_graphics_API_v2_noCUDA.csv,alanjo/gpu-scores-with-cuda-metal-opencl-vulkan
6daa9eac7c037575ff6e,,AMD Radeon HD 6450,,,639.0,,True,False,GPU_scores_graphics_API_v2_noCUDA.csv,alanjo/gpu-scores-with-cuda-metal-opencl-vulkan
af44008d5d227e20a6c0,,AMD Radeon HD 6470M,,,719.0,,True,False,GPU_scores_graphics_API_v2_noCUDA.csv,alanjo/gpu-scores-with-cuda-metal-opencl-vulkan
d1ee07bc2982da74b4b2,,AMD Radeon HD 6480G,,,673.0,,True,False,GPU_scores_graphics_API_v2_noCUDA.csv,alanjo/gpu-scores-with-cuda-metal-opencl-vulkan
4f8e035fb21d7521d073,,AMD Radeon HD 6500 Series,,,1256.0,,True,False,GPU_scores_graphics_API_v2_noCUDA.csv,alanjo/gpu-scores-with-cuda-metal-opencl-vulkan
fbf917be0efa2162bf23,,AMD Radeon HD 6520G,,,749.0,,True,False,GPU_scores_graphics_API_v2_noCUDA.csv,alanjo/gpu-scores-with-cuda-metal-opencl-vulkan
9953c7e318690e014d0a,,AMD Radeon HD 6530D,,,890.0,,True,False,GPU_scores_graphics_API_v2_noCUDA.csv,alanjo/gpu-scores-with-cuda-metal-opencl-vulkan
43bdbb9abfbaa3900eb5,,AMD Radeon HD 6550D,,,1308.0,,True,False,GPU_scores_graphics_API_v2_noCUDA.csv,alanjo/gpu-scores-with-cuda-metal-opencl-vulkan
b07f5352c7a4bc7fc06f,,AMD Radeon HD 6570,,,1547.0,,True,False,GPU_scores_graphics_API_v2_noCUDA.csv,alanjo/gpu-scores-with-cuda-metal-opencl-vulkan
7f5cb89a6726a4247483,,AMD Radeon HD 6600A Series,,,1274.0,,True,False,GPU_scores_graphics_API_v2_noCUDA.csv,alanjo/gpu-scores-with-cuda-metal-opencl-vulkan
cf9288fec41757ddea54,,AMD Radeon HD 6620G,,,962.0,,True,False,GPU_scores_graphics_API_v2_noCUDA.csv,alanjo/gpu-scores-with-cuda-metal-opencl-vulkan
243ed54bb1b992b590fa,,AMD Radeon HD 6670,,,1885.0,,True,False,GPU_scores_graphics_API_v2_noCUDA.csv,alanjo/gpu-scores-with-cuda-metal-opencl-vulkan
31107d0928a30ad9eb68,,AMD Radeon HD 6700 Series,,,3496.0,,True,False,GPU_scores_graphics_API_v2_noCUDA.csv,alanjo/gpu-scores-with-cuda-metal-opencl-vulkan
41aa55dcbca152e354e0,,AMD Radeon HD 6700M Series,,,1659.0,,True,False,GPU_scores_graphics_API_v2_noCUDA.csv,alanjo/gpu-scores-with-cuda-metal-opencl-vulkan
51f23e0399447e744800,,AMD Radeon HD 6770,,,3799.0,,True,False,GPU_scores_graphics_API_v2_noCUDA.csv,alanjo/gpu-scores-with-cuda-metal-opencl-vulkan
981a024276a8550d26b6,,AMD Radeon HD 6800 Series,,,4804.0,,True,False,GPU_scores_graphics_API_v2_noCUDA.csv,alanjo/gpu-scores-with-cuda-metal-opencl-vulkan
dcd9ca024a9ffecb3f76,,AMD Radeon HD 6800M Series,,,2795.0,,True,False,GPU_scores_graphics_API_v2_noCUDA.csv,alanjo/gpu-scores-with-cuda-metal-opencl-vulkan
8cf89e0b73801a7f60e9,,AMD Radeon HD 6850 X2,,,3977.0,,True,False,GPU_scores_graphics_API_v2_noCUDA.csv,alanjo/gpu-scores-with-cuda-metal-opencl-vulkan
abb2353821f50359102f,,AMD Radeon HD 6900 Series,,,6468.0,,True,False,GPU_scores_graphics_API_v2_noCUDA.csv,alanjo/gpu-scores-with-cuda-metal-opencl-vulkan
ff4e2eb14d61417cb1c7,,AMD Radeon HD 6900M Series,,,3381.0,,True,False,GPU_scores_graphics_API_v2_noCUDA.csv,alanjo/gpu-scores-with-cuda-metal-opencl-vulkan
c522d37b767657bb2937,,AMD Radeon HD 6950,,,6102.0,,True,False,GPU_scores_graphics_API_v2_noCUDA.csv,alanjo/gpu-scores-with-cuda-metal-opencl-vulkan
6373da659561fc8bd7e2,,AMD Radeon HD 7000 series,,,765.0,,True,False,GPU_scores_graphics_API_v2_noCUDA.csv,alanjo/gpu-scores-with-cuda-metal-opencl-vulkan
66e018ee91e452b5adb5,,AMD Radeon HD 7310 Graphics,,,261.0,,True,False,GPU_scores_graphics_API_v2_noCUDA.csv,alanjo/gpu-scores-with-cuda-metal-opencl-vulkan
5a309f714c015034e4d9,,AMD Radeon HD 7400 Series,,,628.0,,True,False,GPU_scores_graphics_API_v2_noCUDA.csv,alanjo/gpu-scores-with-cuda-metal-opencl-vulkan
05263a06e533fb2249f6,,AMD Radeon HD 7400M Series,,,741.0,,True,False,GPU_scores_graphics_API_v2_noCUDA.csv,alanjo/gpu-scores-with-cuda-metal-opencl-vulkan
b176bf90dc0c4b1caf45,,AMD Radeon HD 7450,,,635.0,,True,False,GPU_scores_graphics_API_v2_noCUDA.csv,alanjo/gpu-scores-with-cuda-metal-opencl-vulkan
13083941ce5b4f9d6277,,AMD Radeon HD 7480D,,,679.0,,True,False,GPU_scores_graphics_API_v2_noCUDA.csv,alanjo/gpu-scores-with-cuda-metal-opencl-vulkan
c0a2baef361bb3e5dfe0,,AMD Radeon HD 7500/7600 Series,,,974.0,,True,False,GPU_scores_graphics_API_v2_noCUDA.csv,alanjo/gpu-scores-with-cuda-metal-opencl-vulkan
2c48df582a18fe1cee85,,AMD Radeon HD 7500 Series,,,1549.0,,True,False,GPU_scores_graphics_API_v2_noCUDA.csv,alanjo/gpu-scores-with-cuda-metal-opencl-vulkan
c20d7d9535cabd725c09,,AMD Radeon HD 7500G,,,752.0,,True,False,GPU_scores_graphics_API_v2_noCUDA.csv,alanjo/gpu-scores-with-cuda-metal-opencl-vulkan
91c01e6984ea5e01de30,,AMD Radeon HD 7500M/7600M Series,,,1185.0,,True,False,GPU_scores_graphics_API_v2_noCUDA.csv,alanjo/gpu-scores-with-cuda-metal-opencl-vulkan
361495c526383bc86bd8,,AMD Radeon HD 7520G,,,944.0,,True,False,GPU_scores_graphics_API_v2_noCUDA.csv,alanjo/gpu-scores-with-cuda-metal-opencl-vulkan
2bd34140819893880340,,AMD Radeon HD 7540D,,,1071.0,,True,False,GPU_scores_graphics_API_v2_noCUDA.csv,alanjo/gpu-scores-with-cuda-metal-opencl-vulkan
eea340d9f183a3911ba3,,AMD Radeon HD 7560D,,,1402.0,,True,False,GPU_scores_graphics_API_v2_noCUDA.csv,alanjo/gpu-scores-with-cuda-metal-opencl-vulkan
1ec9cdac1b0a29014e2f,,AMD Radeon HD 7570,,,1548.0,,True,False,GPU_scores_graphics_API_v2_noCUDA.csv,alanjo/gpu-scores-with-cuda-metal-opencl-vulkan
470e79d8a3cb0d26a830,,AMD Radeon HD 7570M,,,1077.0,,True,False,GPU_scores_graphics_API_v2_noCUDA.csv,alanjo/gpu-scores-with-cuda-metal-opencl-vulkan
da8f69ee8e4943e2dd9b,,AMD Radeon HD 7570M/HD 7670M Graphics,,,1416.0,,True,False,GPU_scores_graphics_API_v2_noCUDA.csv,alanjo/gpu-scores-with-cuda-metal-opencl-vulkan
abd5c6e22fdc2578f547,,AMD Radeon HD 7600G,,,1110.0,,True,False,GPU_scores_graphics_API_v2_noCUDA.csv,alanjo/gpu-scores-with-cuda-metal-opencl-vulkan
d31c8419d97771f3699c,,AMD Radeon HD 7600M Series,,,1408.0,,True,False,GPU_scores_graphics_API_v2_noCUDA.csv,alanjo/gpu-scores-with-cuda-metal-opencl-vulkan
592320cd3c30dd63bacc,,AMD Radeon HD 7640G,,,1194.0,,True,False,GPU_scores_graphics_API_v2_noCUDA.csv,alanjo/gpu-scores-with-cuda-metal-opencl-vulkan
68ecac845984af859194,,AMD Radeon HD 7650M,,,1207.0,,True,False,GPU_scores_graphics_API_v2_noCUDA.csv,alanjo/gpu-scores-with-cuda-metal-opencl-vulkan
dbd8f730ea207ecea0fe,,AMD Radeon HD 7660D,,,2008.0,,True,False,GPU_scores_graphics_API_v2_noCUDA.csv,alanjo/gpu-scores-with-cuda-metal-opencl-vulkan
a02a8509a31d0a73d1a1,,AMD Radeon HD 7660G,,,1766.0,,True,False,GPU_scores_graphics_API_v2_noCUDA.csv,alanjo/gpu-scores-with-cuda-metal-opencl-vulkan
4c0d5f5e2447ed837d18,,AMD Radeon HD 7670M,,,1411.0,,True,False,GPU_scores_graphics_API_v2_noCUDA.csv,alanjo/gpu-scores-with-cuda-metal-opencl-vulkan
cf98fb762c41b4047d84,,AMD Radeon HD 7700 Series,,,11094.0,10126.0,True,False,GPU_scores_graphics_API_v2_noCUDA.csv,alanjo/gpu-scores-with-cuda-metal-opencl-vulkan
0686f45670d6145284dd,,AMD Radeon HD 7700M Series,,,5778.0,5952.0,True,False,GPU_scores_graphics_API_v2_noCUDA.csv,alanjo/gpu-scores-with-cuda-metal-opencl-vulkan
e9e3fcf871a654652ae5,,AMD Radeon HD 7770 GHz Edition,,,14263.0,,True,False,GPU_scores_graphics_API_v2_noCUDA.csv,alanjo/gpu-scores-with-cuda-metal-opencl-vulkan
5130a8a9030feea5c713,,AMD Radeon HD 7790 Compute Engine,,,14832.0,,True,False,GPU_scores_graphics_API_v2_noCUDA.csv,alanjo/gpu-scores-with-cuda-metal-opencl-vulkan
1da4602181eba094a952,,AMD Radeon HD 7800 Series,,,21564.0,19887.0,True,False,GPU_scores_graphics_API_v2_noCUDA.csv,alanjo/gpu-scores-with-cuda-metal-opencl-vulkan
ec31e7bb3e931966b923,,AMD Radeon HD 7900 Series,,,31737.0,28755.0,True,False,GPU_scores_graphics_API_v2_noCUDA.csv,alanjo/gpu-scores-with-cuda-metal-opencl-vulkan
82115c7ef0a2a305c01b,,AMD Radeon HD 7950 Compute Engine,,,27008.0,,True,False,GPU_scores_graphics_API_v2_noCUDA.csv,alanjo/gpu-scores-with-cuda-metal-opencl-vulkan
7ba3d5c2815fd764eacd,,AMD Radeon HD 7970,,,34541.0,,True,False,GPU_scores_graphics_API_v2_noCUDA.csv,alanjo/gpu-scores-with-cuda-metal-opencl-vulkan
db49d7a2d6b84649b069,,AMD Radeon HD 8200 / R3 Series,,,913.0,1212.0,True,False,GPU_scores_graphics_API_v2_noCUDA.csv,alanjo/gpu-scores-with-cuda-metal-opencl-vulkan
e611c9b53102e9cfc984,,AMD Radeon HD 8210,,,637.0,,True,False,GPU_scores_graphics_API_v2_noCUDA.csv,alanjo/gpu-scores-with-cuda-metal-opencl-vulkan
593822af00edbbe6cc32,,AMD Radeon HD 8330,,,1136.0,,True,False,GPU_scores_graphics_API_v2_noCUDA.csv,alanjo/gpu-scores-with-cuda-metal-opencl-vulkan
803fb80bba4004f14b42,,AMD Radeon HD 8400,,,1200.0,,True,False,GPU_scores_graphics_API_v2_noCUDA.csv,alanjo/gpu-scores-with-cuda-metal-opencl-vulkan
4a93e9ec2d627a2db806,,AMD Radeon HD 8400 / R3 Series,,,1478.0,1494.0,True,False,GPU_scores_graphics_API_v2_noCUDA.csv,alanjo/gpu-scores-with-cuda-metal-opencl-vulkan
4333d28df7a8452b7792,,AMD Radeon HD 8470,,,785.0,,True,False,GPU_scores_graphics_API_v2_noCUDA.csv,alanjo/gpu-scores-with-cuda-metal-opencl-vulkan
0a038e0e3dffbdcb40a9,,AMD Radeon HD 8470D,,,1060.0,,True,False,GPU_scores_graphics_API_v2_noCUDA.csv,alanjo/gpu-scores-with-cuda-metal-opencl-vulkan
b70017ee79050630a7b7,,AMD Radeon HD 8490,,,871.0,,True,False,GPU_scores_graphics_API_v2_noCUDA.csv,alanjo/gpu-scores-with-cuda-metal-opencl-vulkan
8ae729afe0c366052a65,,AMD Radeon HD 8500 series,,,5216.0,,True,False,GPU_scores_graphics_API_v2_noCUDA.csv,alanjo/gpu-scores-with-cuda-metal-opencl-vulkan
3ab32929269dca9ace4d,,AMD Radeon HD 8500M,,,4229.0,3509.0,True,False,GPU_scores_graphics_API_v2_noCUDA.csv,alanjo/gpu-scores-with-cuda-metal-opencl-vulkan
147044ff501831a87bdf,,AMD Radeon HD 8500M Series,,,4927.0,,True,False,GPU_scores_graphics_API_v2_noCUDA.csv,alanjo/gpu-scores-with-cuda-metal-opencl-vulkan
be5c3d0a52f65f32cb91,,AMD Radeon HD 8550G,,,1234.0,,True,False,GPU_scores_graphics_API_v2_noCUDA.csv,alanjo/gpu-scores-with-cuda-metal-opencl-vulkan
ea7a0f0fd2645cdb4e84,,AMD Radeon HD 8570,,,5875.0,7233.0,True,False,GPU_scores_graphics_API_v2_noCUDA.csv,alanjo/gpu-scores-with-cuda-metal-opencl-vulkan
49bd2045540290884c42,,AMD Radeon HD 8570D,,,1476.0,,True,False,GPU_scores_graphics_API_v2_noCUDA.csv,alanjo/gpu-scores-with-cuda-metal-opencl-vulkan
a18e87f6fef4ad786b40,,AMD Radeon HD 8570M,,,5101.0,,True,False,GPU_scores_graphics_API_v2_noCUDA.csv,alanjo/gpu-scores-with-cuda-metal-opencl-vulkan
1d18850f04d75df389e9,,AMD Radeon HD 8600/8700M,,,6285.0,,True,False,GPU_scores_graphics_API_v2_noCUDA.csv,alanjo/gpu-scores-with-cuda-metal-opencl-vulkan
dbddb76771edb986dc13,,AMD Radeon HD 8600M Series,,,6422.0,4720.0,True,False,GPU_scores_graphics_API_v2_noCUDA.csv,alanjo/gpu-scores-with-cuda-metal-opencl-vulkan
76e85f98f2dc32c95f43,,AMD Radeon HD 8650G,,,1766.0,,True,False,GPU_scores_graphics_API_v2_noCUDA.csv,alanjo/gpu-scores-with-cuda-metal-opencl-vulkan
902f5945e4a30ea6622c,,AMD Radeon HD 8670D,,,2058.0,,True,False,GPU_scores_graphics_API_v2_noCUDA.csv,alanjo/gpu-scores-with-cuda-metal-opencl-vulkan
da9b265d32589bb3d0e5,,AMD Radeon HD 8670M,,,4910.0,,True,False,GPU_scores_graphics_API_v2_noCUDA.csv,alanjo/gpu-scores-with-cuda-metal-opencl-vulkan
bcf63dd74ea5e8ae5a78,,AMD Radeon HD 8690M,,,5079.0,,True,False,GPU_scores_graphics_API_v2_noCUDA.csv,alanjo/gpu-scores-with-cuda-metal-opencl-vulkan
167a59617bce4daaba14,,AMD Radeon HD 8730M,,,5964.0,,True,False,GPU_scores_graphics_API_v2_noCUDA.csv,alanjo/gpu-scores-with-cuda-metal-opencl-vulkan
26ddcb860793b39ee664,,AMD Radeon HD 8750M,,,6068.0,,True,False,GPU_scores_graphics_API_v2_noCUDA.csv,alanjo/gpu-scores-with-cuda-metal-opencl-vulkan
f4633f1d029526434f11,,AMD Radeon HD 8790M,,,4723.0,6856.0,True,False,GPU_scores_graphics_API_v2_noCUDA.csv,alanjo/gpu-scores-with-cuda-metal-opencl-vulkan
65cf051bfe33a4d5a94a,,AMD Radeon HD 8870M,,,8462.0,,True,False,GPU_scores_graphics_API_v2_noCUDA.csv,alanjo/gpu-scores-with-cuda-metal-opencl-vulkan
89402285791f8ab1fe51,,AMD Radeon HD 8950,,,13689.0,10381.0,True,False,GPU_scores_graphics_API_v2_noCUDA.csv,alanjo/gpu-scores-with-cuda-metal-opencl-vulkan
b282f7b8826f139bff46,,AMD Radeon HD Baffin Unknown Prototype Compute Engine,,,14159.0,,True,False,GPU_scores_graphics_API_v2_noCUDA.csv,alanjo/gpu-scores-with-cuda-metal-opencl-vulkan
8262a9f196f462d73fc8,,AMD Radeon HD Bonaire Unknown Prototype Compute Engine,,,14454.0,,True,False,GPU_scores_graphics_API_v2_noCUDA.csv,alanjo/gpu-scores-with-cuda-metal-opencl-vulkan
1da32daa2b538a38630c,,AMD Radeon HD Chelsea PRO Prototype Compute Engine,,,7269.0,,True,False,GPU_scores_graphics_API_v2_noCUDA.csv,alanjo/gpu-scores-with-cuda-metal-opencl-vulkan
48c0c732c72ae21f3872,,AMD Radeon HD Ellesmere Prototype Compute Engine,,,41095.0,,True,False,GPU_scores_graphics_API_v2_noCUDA.csv,alanjo/gpu-scores-with-cuda-metal-opencl-vulkan
595a37a330ae3cb33436,,AMD Radeon HD Ellesmere Unknown Prototype Compute Engine,,,19171.0,,True,False,GPU_scores_graphics_API_v2_noCUDA.csv,alanjo/gpu-scores-with-cuda-metal-opencl-vulkan
796ab39760af664feac3,,AMD Radeon HD Fiji XT Prototype Compute Engine,,,33429.0,,True,False,GPU_scores_graphics_API_v2_noCUDA.csv,alanjo/gpu-scores-with-cuda-metal-opencl-vulkan
7545242763ac0f8a9355,,AMD Radeon HD - FirePro D300 Compute Engine,,,20936.0,,True,False,GPU_scores_graphics_API_v2_noCUDA.csv,alanjo/gpu-scores-with-cuda-metal-opencl-vulkan
0c08e5223e985f053c66,,AMD Radeon HD - FirePro D500 Compute Engine,,,20279.0,,True,False,GPU_scores_graphics_API_v2_noCUDA.csv,alanjo/gpu-scores-with-cuda-metal-opencl-vulkan
0a764d67533bc2a119af,,AMD Radeon HD - FirePro D700 Compute Engine,,,27181.0,,True,False,GPU_scores_graphics_API_v2_noCUDA.csv,alanjo/gpu-scores-with-cuda-metal-opencl-vulkan
bf647e0bb80436f19835,,AMD Radeon HD Hawaii XT Prototype Compute Engine,,,38566.0,,True,False,GPU_scores_graphics_API_v2_noCUDA.csv,alanjo/gpu-scores-with-cuda-metal-opencl-vulkan
115f5cd3721d38b51e2f,,AMD Radeon HD Pitcairn PRO Prototype Compute Engine,,,22721.0,,True,False,GPU_scores_graphics_API_v2_noCUDA.csv,alanjo/gpu-scores-with-cuda-metal-opencl-vulkan
7ea7fa40640824acab5d,,AMD Radeon HD Pitcairn Unknown Prototype Compute Engine,,,22502.0,,True,False,GPU_scores_graphics_API_v2_noCUDA.csv,alanjo/gpu-scores-with-cuda-metal-opencl-vulkan
091ce6d02a8e29333910,,AMD Radeon HD Pitcairn XT Prototype Compute Engine,,,22517.0,,True,False,GPU_scores_graphics_API_v2_noCUDA.csv,alanjo/gpu-scores-with-cuda-metal-opencl-vulkan
c8dcb3632c24360e03ce,,AMD Radeon HD Saturn XT Prototype Compute Engine,,,15738.0,,True,False,GPU_scores_graphics_API_v2_noCUDA.csv,alanjo/gpu-scores-with-cuda-metal-opencl-vulkan
ab1473f29f3e2dc76d71,,AMD Radeon HD Tahiti XT Prototype Compute Engine,,,32930.0,,True,False,GPU_scores_graphics_API_v2_noCUDA.csv,alanjo/gpu-scores-with-cuda-metal-opencl-vulkan
c089871896d4a96ac0a1,,AMD Radeon HD Tonga PRO Prototype Compute Engine,,,26440.0,,True,False,GPU_scores_graphics_API_v2_noCUDA.csv,alanjo/gpu-scores-with-cuda-metal-opencl-vulkan
f40ce236b62fb8f7f623,,AMD Radeon HD Tonga Unknown Prototype Compute Engine,,,25552.0,,True,False,GPU_scores_graphics_API_v2_noCUDA.csv,alanjo/gpu-scores-with-cuda-metal-opencl-vulkan
32a85f46b9ffbeda46af,,AMD Radeon HD Venus XTX Prototype Compute Engine,,,8455.0,,True,False,GPU_scores_graphics_API_v2_noCUDA.csv,alanjo/gpu-scores-with-cuda-metal-opencl-vulkan
43fde951cb0f2e3fda17,,AMD Radeon HD Verde PRO Prototype Compute Engine,,,9873.0,,True,False,GPU_scores_graphics_API_v2_noCUDA.csv,alanjo/gpu-scores-with-cuda-metal-opencl-vulkan
f5aa5f9f6a10bb261f26,,AMD Radeon HD Verde XT Prototype Compute Engine,,,11929.0,,True,False,GPU_scores_graphics_API_v2_noCUDA.csv,alanjo/gpu-scores-with-cuda-metal-opencl-vulkan
8c44ff60b028b027f145,,AMD Radeon Navi14 Compute Engine,,,37904.0,,True,False,GPU_scores_graphics_API_v2_noCUDA.csv,alanjo/gpu-scores-with-cuda-metal-opencl-vulkan
82b590628df4b1240d9d,,AMD Radeon Navi21 Compute Engine,,,117197.0,,True,False,GPU_scores_graphics_API_v2_noCUDA.csv,alanjo/gpu-scores-with-cuda-metal-opencl-vulkan
4e8cf64f248a3533fea7,,AMD Radeon Navi23 Compute Engine,,,58590.0,,True,False,GPU_scores_graphics_API_v2_noCUDA.csv,alanjo/gpu-scores-with-cuda-metal-opencl-vulkan
84ae68cea62db0446b6e,,AMD Radeon Polaris Compute Engine,,,15045.0,,True,False,GPU_scores_graphics_API_v2_noCUDA.csv,alanjo/gpu-scores-with-cuda-metal-opencl-vulkan
d712b3b88faec64f0222,,AMD Radeon Pro 450,,12809.0,9016.0,10518.0,True,False,GPU_scores_graphics_API_v2_noCUDA.csv,alanjo/gpu-scores-with-cuda-metal-opencl-vulkan
6caefa4f9c5f2145e7e3,,AMD Radeon Pro 450 Compute Engine,,,10344.0,,True,False,GPU_scores_graphics_API_v2_noCUDA.csv,alanjo/gpu-scores-with-cuda-metal-opencl-vulkan
0eeb0f6876c2d97b9e78,,AMD Radeon Pro 455 Compute Engine,,,12654.0,,True,False,GPU_scores_graphics_API_v2_noCUDA.csv,alanjo/gpu-scores-with-cuda-metal-opencl-vulkan
dfb4663d3c146c294d37,,AMD Radeon Pro 460,,20426.0,15515.0,,True,False,GPU_scores_graphics_API_v2_noCUDA.csv,alanjo/gpu-scores-with-cuda-metal-opencl-vulkan
78dd933b1730c6d17372,,AMD Radeon Pro 460 Compute Engine,,,16530.0,,True,False,GPU_scores_graphics_API_v2_noCUDA.csv,alanjo/gpu-scores-with-cuda-metal-opencl-vulkan
45b2d970e64104475b22,,AMD Radeon Pro 5300,,49848.0,38348.0,36312.0,True,False,GPU_scores_graphics_API_v2_noCUDA.csv,alanjo/gpu-scores-with-cuda-metal-opencl-vulkan
cd537aafb1e6eb858461,,AMD Radeon Pro 5300 Compute Engine,,,34469.0,,True,False,GPU_scores_graphics_API_v2_noCUDA.csv,alanjo/gpu-scores-with-cuda-metal-opencl-vulkan
dc739d480a761c616c2a,,AMD Radeon Pro 5300M,,32159.0,29560.0,26698.0,True,False,GPU_scores_graphics_API_v2_noCUDA.csv,alanjo/gpu-scores-with-cuda-metal-opencl-vulkan
5acfe97f6350536d182b,,AMD Radeon Pro 5300M Compute Engine,,,24262.0,,True,False,GPU_scores_graphics_API_v2_noCUDA.csv,alanjo/gpu-scores-with-cuda-metal-opencl-vulkan
077380ab590b2fcf1a3a,,AMD Radeon Pro 5500 XT,,55349.0,43230.0,41008.0,True,False,GPU_scores_graphics_API_v2_noCUDA.csv,alanjo/gpu-scores-with-cuda-metal-opencl-vulkan
a537d7eb630f824786df,,AMD Radeon Pro 5500 XT Compute Engine,,,38694.0,,True,False,GPU_scores_graphics_API_v2_noCUDA.csv,alanjo/gpu-scores-with-cuda-metal-opencl-vulkan
8af18347aaf470381c74,,AMD Radeon Pro 5500M,,37083.0,36757.0,34800.0,True,False,GPU_scores_graphics_API_v2_noCUDA.csv,alanjo/gpu-scores-with-cuda-metal-opencl-vulkan
3ccb700907a35e54706b,,AMD Radeon Pro 5500M Compute Engine,,,28735.0,,True,False,GPU_scores_graphics_API_v2_noCUDA.csv,alanjo/gpu-scores-with-cuda-metal-opencl-vulkan
7473047cc8e38c739e7c,,AMD Radeon Pro 5500XT Compute Engine,,,38896.0,,True,False,GPU_scores_graphics_API_v2_noCUDA.csv,alanjo/gpu-scores-with-cuda-metal-opencl-vulkan
40b9495730fcc118db17,,AMD Radeon Pro 555 Compute Engine,,,12875.0,,True,False,GPU_scores_graphics_API_v2_noCUDA.csv,alanjo/gpu-scores-with-cuda-metal-opencl-vulkan
db93cfb22d84dfd073a5,,AMD Radeon Pro 555X Compute Engine,,,13621.0,,True,False,GPU_scores_graphics_API_v2_noCUDA.csv,alanjo/gpu-scores-with-cuda-metal-opencl-vulkan
816dfbf25a7c9fcecc66,,AMD Radeon Pro 560 Compute Engine,,,16670.0,,True,False,GPU_scores_graphics_API_v2_noCUDA.csv,alanjo/gpu-scores-with-cuda-metal-opencl-vulkan
317535895d96caf3aa72,,AMD Radeon Pro 5600 XT Compute Engine,,,44486.0,,True,False,GPU_scores_graphics_API_v2_noCUDA.csv,alanjo/gpu-scores-with-cuda-metal-opencl-vulkan
3a2aa14246e1b929ad74,,AMD Radeon Pro 5600M,,54949.0,47987.0,46691.0,True,False,GPU_scores_graphics_API_v2_noCUDA.csv,alanjo/gpu-scores-with-cuda-metal-opencl-vulkan
143a0bb8a0993bb22624,,AMD Radeon Pro 5600M Compute Engine,,,37373.0,,True,False,GPU_scores_graphics_API_v2_noCUDA.csv,alanjo/gpu-scores-with-cuda-metal-opencl-vulkan
a05124a426b5ca5e83d5,,AMD Radeon Pro 5600XT Compute Engine,,,52917.0,,True,False,GPU_scores_graphics_API_v2_noCUDA.csv,alanjo/gpu-scores-with-cuda-metal-opencl-vulkan
0940b5f14034f3e66e53,,AMD Radeon Pro 560X Compute Engine,,,18141.0,,True,False,GPU_scores_graphics_API_v2_noCUDA.csv,alanjo/gpu-scores-with-cuda-metal-opencl-vulkan
0e18a951bb001056ae00,,AMD Radeon Pro 570 Compute Engine,,,30272.0,,True,False,GPU_scores_graphics_API_v2_noCUDA.csv,alanjo/gpu-scores-with-cuda-metal-opencl-vulkan
0207ccb5cfe8b19535a0,,AMD Radeon Pro 5700,,71432.0,64325.0,,True,False,GPU_scores_graphics_API_v2_noCUDA.csv,alanjo/gpu-scores-with-cuda-metal-opencl-vulkan
466dc4eaa7b5d4154381,,AMD Radeon Pro 5700 Compute Engine,,,46141.0,,True,False,GPU_scores_graphics_API_v2_noCUDA.csv,alanjo/gpu-scores-with-cuda-metal-opencl-vulkan
5bb282e733b520227da1,,AMD Radeon Pro 5700 XT,,77191.0,59913.0,50632.0,True,False,GPU_scores_graphics_API_v2_noCUDA.csv,alanjo/gpu-scores-with-cuda-metal-opencl-vulkan
be19cdfc720b692c1d55,,AMD Radeon Pro 5700 XT Compute Engine,,,53783.0,,True,False,GPU_scores_graphics_API_v2_noCUDA.csv,alanjo/gpu-scores-with-cuda-metal-opencl-vulkan
54196a8cab1060fa6b4a,,AMD Radeon Pro 5700X Compute Engine,,,42645.0,,True,False,GPU_scores_graphics_API_v2_noCUDA.csv,alanjo/gpu-scores-with-cuda-metal-opencl-vulkan
5ff6a20e4cca1935fb59,,AMD Radeon Pro 570X Compute Engine,,,30399.0,,True,False,GPU_scores_graphics_API_v2_noCUDA.csv,alanjo/gpu-scores-with-cuda-metal-opencl-vulkan
e3617325e368399c86f2,,AMD Radeon Pro 575 Compute Engine,,,36213.0,,True,False,GPU_scores_graphics_API_v2_noCUDA.csv,alanjo/gpu-scores-with-cuda-metal-opencl-vulkan
f2d0aa2be32bc061c045,,AMD Radeon Pro 575X Compute Engine,,,31255.0,,True,False,GPU_scores_graphics_API_v2_noCUDA.csv,alanjo/gpu-scores-with-cuda-metal-opencl-vulkan
75123fea6647614965f1,,AMD Radeon Pro 580 Compute Engine,,,40307.0,,True,False,GPU_scores_graphics_API_v2_noCUDA.csv,alanjo/gpu-scores-with-cuda-metal-opencl-vulkan
f2165c8b6ebbc273ad28,,AMD Radeon Pro 580X,,50512.0,41262.0,44445.0,True,False,GPU_scores_graphics_API_v2_noCUDA.csv,alanjo/gpu-scores-with-cuda-metal-opencl-vulkan
0af62e1baf5dcdd5aee1,,AMD Radeon Pro 580X Compute Engine,,,41513.0,,True,False,GPU_scores_graphics_API_v2_noCUDA.csv,alanjo/gpu-scores-with-cuda-metal-opencl-vulkan
f251cfbafa96e0031e36,,AMD Radeon Pro AMD RADEON RX 5700 XT Compute Engine,,,51559.0,,True,False,GPU_scores_graphics_API_v2_noCUDA.csv,alanjo/gpu-scores-with-cuda-metal-opencl-vulkan
658c7e950abdd7d0f8d5,,AMD Radeon PRO Graphics,,,22061.0,24092.0,True,False,GPU_scores_graphics_API_v2_noCUDA.csv,alanjo/gpu-scores-with-cuda-metal-opencl-vulkan
b05c7377db11ec33b469,,AMD Radeon Pro RX580 Compute Engine,,,44066.0,,True,False,GPU_scores_graphics_API_v2_noCUDA.csv,alanjo/gpu-scores-with-cuda-metal-opencl-vulkan
f125526851f53d27a6e5,,AMD Radeon Pro RX6600M Compute Engine,,,47957.0,,True,False,GPU_scores_graphics_API_v2_noCUDA.csv,alanjo/gpu-scores-with-cuda-metal-opencl-vulkan
6ef01b254a732e844734,,AMD Radeon Pro RX6600XT Compute Engine,,,70927.0,,True,False,GPU_scores_graphics_API_v2_noCUDA.csv,alanjo/gpu-scores-with-cuda-metal-opencl-vulkan
dbb62190d8f8bdc40846,,AMD Radeon Pro V520 MxGPU,,,21268.0,,True,False,GPU_scores_graphics_API_v2_noCUDA.csv,alanjo/gpu-scores-with-cuda-metal-opencl-vulkan
348ddad0db63bad55de3,,AMD Radeon Pro Vega 16 Compute Engine,,,20657.0,,True,False,GPU_scores_graphics_API_v2_noCUDA.csv,alanjo/gpu-scores-with-cuda-metal-opencl-vulkan
8a7a0d8a7c7bbd48ec6c,,AMD Radeon Pro Vega 20 Compute Engine,,,23882.0,,True,False,GPU_scores_graphics_API_v2_noCUDA.csv,alanjo/gpu-scores-with-cuda-metal-opencl-vulkan
ab4c7d82447d372bca79,,AMD Radeon Pro Vega 48 Compute Engine,,,48980.0,,True,False,GPU_scores_graphics_API_v2_noCUDA.csv,alanjo/gpu-scores-with-cuda-metal-opencl-vulkan
2f83e28e86321bd07845,,AMD Radeon Pro Vega 56 Compute Engine,,,49743.0,,True,False,GPU_scores_graphics_API_v2_noCUDA.csv,alanjo/gpu-scores-with-cuda-metal-opencl-vulkan
cbe7edc4c0c385c63e9c,,AMD Radeon Pro Vega 64 Compute Engine,,,54282.0,,True,False,GPU_scores_graphics_API_v2_noCUDA.csv,alanjo/gpu-scores-with-cuda-metal-opencl-vulkan
46e2e43fc122b994d96a,,AMD Radeon Pro Vega 64X Compute Engine,,,56422.0,,True,False,GPU_scores_graphics_API_v2_noCUDA.csv,alanjo/gpu-scores-with-cuda-metal-opencl-vulkan
5f8e9bbf38884817124c,,AMD Radeon Pro Vega II,,129378.0,99518.0,100127.0,True,False,GPU_scores_graphics_API_v2_noCUDA.csv,alanjo/gpu-scores-with-cuda-metal-opencl-vulkan
37673e445ca7ffbbc7f5,,AMD Radeon Pro Vega II Compute Engine,,,78364.0,,True,False,GPU_scores_graphics_API_v2_noCUDA.csv,alanjo/gpu-scores-with-cuda-metal-opencl-vulkan
b1b8bc94dd4663a3ee5b,,AMD Radeon Pro Vega II Duo Compute Engine,,,76755.0,,True,False,GPU_scores_graphics_API_v2_noCUDA.csv,alanjo/gpu-scores-with-cuda-metal-opencl-vulkan
3440732f16a1ad316829,,AMD Radeon Pro VII,,,89453.0,88580.0,True,False,GPU_scores_graphics_API_v2_noCUDA.csv,alanjo/gpu-scores-with-cuda-metal-opencl-vulkan
5464cb8876f6ac4eb2fb,,AMD Radeon Pro VII Compute Engine,,,80653.0,,True,False,GPU_scores_graphics_API_v2_noCUDA.csv,alanjo/gpu-scores-with-cuda-metal-opencl-vulkan
04ca683edf09cdd7ea9a,,AMD Radeon Pro W5500,,53558.0,45603.0,42967.0,True,False,GPU_scores_graphics_API_v2_noCUDA.csv,alanjo/gpu-scores-with-cuda-metal-opencl-vulkan
474765314b86851fd172,,AMD Radeon Pro W5500 Compute Engine,,,35877.0,,True,False,GPU_scores_graphics_API_v2_noCUDA.csv,alanjo/gpu-scores-with-cuda-metal-opencl-vulkan
9c2f38cef1c850091b76,,AMD Radeon Pro W5500X Compute Engine,,,38642.0,,True,False,GPU_scores_graphics_API_v2_noCUDA.csv,alanjo/gpu-scores-with-cuda-metal-opencl-vulkan
0f4630c8977c45ce29a4,,AMD Radeon Pro W5700,,80620.0,69671.0,66096.0,True,False,GPU_scores_graphics_API_v2_noCUDA.csv,alanjo/gpu-scores-with-cuda-metal-opencl-vulkan
50a22ec5ab17c57d3172,,AMD Radeon Pro W5700 Compute Engine,,,50728.0,,True,False,GPU_scores_graphics_API_v2_noCUDA.csv,alanjo/gpu-scores-with-cuda-metal-opencl-vulkan
7ca9cda1d7a5d0a1470c,,AMD Radeon Pro W5700X,,93489.0,78786.0,,True,False,GPU_scores_graphics_API_v2_noCUDA.csv,alanjo/gpu-scores-with-cuda-metal-opencl-vulkan
6015fd75ae8e41be34e5,,AMD Radeon Pro W5700X Compute Engine,,,59339.0,,True,False,GPU_scores_graphics_API_v2_noCUDA.csv,alanjo/gpu-scores-with-cuda-metal-opencl-vulkan
55ac8966a00e7b1882c8,,AMD Radeon Pro W5700XT Compute Engine,,,51910.0,,True,False,GPU_scores_graphics_API_v2_noCUDA.csv,alanjo/gpu-scores-with-cuda-metal-opencl-vulkan
40c9f08d655d55b12f9b,,AMD Radeon PRO W6400,,,34360.0,,True,False,GPU_scores_graphics_API_v2_noCUDA.csv,alanjo/gpu-scores-with-cuda-metal-opencl-vulkan
dc0454429ebfcc86a158,,AMD Radeon PRO W6600,,92296.0,72671.0,79000.0,True,False,GPU_scores_graphics_API_v2_noCUDA.csv,alanjo/gpu-scores-with-cuda-metal-opencl-vulkan
da09a97167e8b922a8a1,,AMD Radeon PRO W6600 Compute Engine,,,58118.0,,True,False,GPU_scores_graphics_API_v2_noCUDA.csv,alanjo/gpu-scores-with-cuda-metal-opencl-vulkan
bc06b43d46386d2e0dfa,,AMD Radeon PRO W6600X,,106335.0,67420.0,,True,False,GPU_scores_graphics_API_v2_noCUDA.csv,alanjo/gpu-scores-with-cuda-metal-opencl-vulkan
16e046774db730ea7d15,,AMD Radeon Pro W6600X Compute Engine,,,60116.0,,True,False,GPU_scores_graphics_API_v2_noCUDA.csv,alanjo/gpu-scores-with-cuda-metal-opencl-vulkan
c515dffca9547be21e27,,AMD Radeon Pro W6800,,172041.0,132321.0,124950.0,True,False,GPU_scores_graphics_API_v2_noCUDA.csv,alanjo/gpu-scores-with-cuda-metal-opencl-vulkan
eba9f35a2c8b94a77fe2,,AMD Radeon PRO W6800 Compute Engine,,,83545.0,,True,False,GPU_scores_graphics_API_v2_noCUDA.csv,alanjo/gpu-scores-with-cuda-metal-opencl-vulkan
dfee6ec3be4c40b8ed62,,AMD Radeon Pro W6800X,,198294.0,124439.0,,True,False,GPU_scores_graphics_API_v2_noCUDA.csv,alanjo/gpu-scores-with-cuda-metal-opencl-vulkan
39e3479f185b509e2d0f,,AMD Radeon PRO W6800X Compute Engine,,,89939.0,,True,False,GPU_scores_graphics_API_v2_noCUDA.csv,alanjo/gpu-scores-with-cuda-metal-opencl-vulkan
ccbb125dfd6a7a296cc8,,AMD Radeon PRO W6800X Duo Compute Engine,,,91927.0,,True,False,GPU_scores_graphics_API_v2_noCUDA.csv,alanjo/gpu-scores-with-cuda-metal-opencl-vulkan
62df4a685ca2da4df1ab,,AMD Radeon Pro W6900X,,211415.0,151211.0,143082.0,True,False,GPU_scores_graphics_API_v2_noCUDA.csv,alanjo/gpu-scores-with-cuda-metal-opencl-vulkan
c142fa1591ce2462ade5,,AMD Radeon PRO W6900X Compute Engine,,,116376.0,,True,False,GPU_scores_graphics_API_v2_noCUDA.csv,alanjo/gpu-scores-with-cuda-metal-opencl-vulkan
ef7f6bbe0bac7de7070d,,AMD Radeon PRO W7600,,,81058.0,,True,False,GPU_scores_graphics_API_v2_noCUDA.csv,alanjo/gpu-scores-with-cuda-metal-opencl-vulkan
68883e2574b0cadfcfd9,,AMD Radeon PRO W7700,,,114975.0,,True,False,GPU_scores_graphics_API_v2_noCUDA.csv,alanjo/gpu-scores-with-cuda-metal-opencl-vulkan
5c4c3472899d40b05ca5,,AMD Radeon PRO W7800,,,148607.0,,True,False,GPU_scores_graphics_API_v2_noCUDA.csv,alanjo/gpu-scores-with-cuda-metal-opencl-vulkan
ef535fa0e845e1a3c1d6,,AMD Radeon PRO W7900,,,194001.0,118577.0,True,False,GPU_scores_graphics_API_v2_noCUDA.csv,alanjo/gpu-scores-with-cuda-metal-opencl-vulkan
daee4ba3faa67342ce14,,AMD Radeon Pro WX 2100,,,10227.0,10772.0,True,False,GPU_scores_graphics_API_v2_noCUDA.csv,alanjo/gpu-scores-with-cuda-metal-opencl-vulkan
ef541f48744fedf82fb9,,AMD Radeon Pro WX 3100,,,10587.0,12226.0,True,False,GPU_scores_graphics_API_v2_noCUDA.csv,alanjo/gpu-scores-with-cuda-metal-opencl-vulkan
d46d46de22a8282a2286,,AMD Radeon Pro WX 3200 Series,,,14140.0,15163.0,True,False,GPU_scores_graphics_API_v2_noCUDA.csv,alanjo/gpu-scores-with-cuda-metal-opencl-vulkan
ecec31d2d7968785e8c9,,AMD Radeon Pro WX 4100 Compute Engine,,,16456.0,,True,False,GPU_scores_graphics_API_v2_noCUDA.csv,alanjo/gpu-scores-with-cuda-metal-opencl-vulkan
be7b57a4b13c824800b8,,AMD Radeon Pro WX 5100 Compute Engine,,,21912.0,,True,False,GPU_scores_graphics_API_v2_noCUDA.csv,alanjo/gpu-scores-with-cuda-metal-opencl-vulkan
14fc490dde340bbb71c4,,AMD Radeon Pro WX 7100 Compute Engine,,,28431.0,,True,False,GPU_scores_graphics_API_v2_noCUDA.csv,alanjo/gpu-scores-with-cuda-metal-opencl-vulkan
e351a8ddbb2bb1466ea4,,AMD Radeon Pro WX 9100 Compute Engine,,,45884.0,,True,False,GPU_scores_graphics_API_v2_noCUDA.csv,alanjo/gpu-scores-with-cuda-metal-opencl-vulkan
0300a1db6e612dbe659b,,AMD Radeon Pro WX3200 Graphics,,,10214.0,,True,False,GPU_scores_graphics_API_v2_noCUDA.csv,alanjo/gpu-scores-with-cuda-metal-opencl-vulkan
3c9a809f8b38011f8161,,AMD Radeon Pro WX8200 Compute Engine,,,35060.0,,True,False,GPU_scores_graphics_API_v2_noCUDA.csv,alanjo/gpu-scores-with-cuda-metal-opencl-vulkan
a1d574106ad682d8748b,,AMD Radeon R5 200 Series,,,636.0,,True,False,GPU_scores_graphics_API_v2_noCUDA.csv,alanjo/gpu-scores-with-cuda-metal-opencl-vulkan
641f0201453fefce0cfd,,AMD Radeon R5 430,,,5777.0,4795.0,True,False,GPU_scores_graphics_API_v2_noCUDA.csv,alanjo/gpu-scores-with-cuda-metal-opencl-vulkan
3a93f9ee174a1d353c5a,,AMD Radeon R5 Graphics,,,5281.0,5002.0,True,False,GPU_scores_graphics_API_v2_noCUDA.csv,alanjo/gpu-scores-with-cuda-metal-opencl-vulkan
67f9ae8e8bceaf2f019d,,AMD Radeon R5 M230,,,4596.0,,True,False,GPU_scores_graphics_API_v2_noCUDA.csv,alanjo/gpu-scores-with-cuda-metal-opencl-vulkan
036258cd611febc70856,,AMD Radeon R5 M230 Series,,,5054.0,,True,False,GPU_scores_graphics_API_v2_noCUDA.csv,alanjo/gpu-scores-with-cuda-metal-opencl-vulkan
3018bfd517089fbe9ed2,,AMD Radeon R5 M255,,,4631.0,,True,False,GPU_scores_graphics_API_v2_noCUDA.csv,alanjo/gpu-scores-with-cuda-metal-opencl-vulkan
b7c7687f36f22489eafd,,AMD Radeon R5 M330,,,5881.0,,True,False,GPU_scores_graphics_API_v2_noCUDA.csv,alanjo/gpu-scores-with-cuda-metal-opencl-vulkan
d8e5619c60f063e184f5,,AMD Radeon R5 M335,,,4566.0,,True,False,GPU_scores_graphics_API_v2_noCUDA.csv,alanjo/gpu-scores-with-cuda-metal-opencl-vulkan
8ea00817f2e78d6a1938,,AMD Radeon R5 M435,,,5668.0,,True,False,GPU_scores_graphics_API_v2_noCUDA.csv,alanjo/gpu-scores-with-cuda-metal-opencl-vulkan
1aafa589663d27d0a228,,AMD Radeon R6 Graphics,,,3987.0,3425.0,True,False,GPU_scores_graphics_API_v2_noCUDA.csv,alanjo/gpu-scores-with-cuda-metal-opencl-vulkan
173eae9332a9def28cd8,,AMD Radeon R7 200 Series,,,9173.0,9074.0,True,False,GPU_scores_graphics_API_v2_noCUDA.csv,alanjo/gpu-scores-with-cuda-metal-opencl-vulkan
aeb5a5e70d980917b123,,AMD Radeon R7 240,,,4968.0,,True,False,GPU_scores_graphics_API_v2_noCUDA.csv,alanjo/gpu-scores-with-cuda-metal-opencl-vulkan
f08a42dfcff12f24df05,,AMD Radeon R7 240 Series,,,5095.0,,True,False,GPU_scores_graphics_API_v2_noCUDA.csv,alanjo/gpu-scores-with-cuda-metal-opencl-vulkan
9d114efe037a3247c11e,,AMD Radeon R7 250 Series,,,9555.0,8020.0,True,False,GPU_scores_graphics_API_v2_noCUDA.csv,alanjo/gpu-scores-with-cuda-metal-opencl-vulkan
ff34b1a31f6665a3d1f9,,AMD Radeon R7 250X Series,,,7639.0,7110.0,True,False,GPU_scores_graphics_API_v2_noCUDA.csv,alanjo/gpu-scores-with-cuda-metal-opencl-vulkan
7425b35460f4a93b77a9,,AMD Radeon R7 430,,,5870.0,4980.0,True,False,GPU_scores_graphics_API_v2_noCUDA.csv,alanjo/gpu-scores-with-cuda-metal-opencl-vulkan
aa4e7a43e709d607c7e4,,AMD Radeon R7 450,,,9832.0,8445.0,True,False,GPU_scores_graphics_API_v2_noCUDA.csv,alanjo/gpu-scores-with-cuda-metal-opencl-vulkan
966c0e88bb7b9b5687ae,,AMD Radeon R7 Graphics,,,6397.0,5925.0,True,False,GPU_scores_graphics_API_v2_noCUDA.csv,alanjo/gpu-scores-with-cuda-metal-opencl-vulkan
914140e593aa325667e8,,AMD Radeon R7 M260,,,5065.0,5275.0,True,False,GPU_scores_graphics_API_v2_noCUDA.csv,alanjo/gpu-scores-with-cuda-metal-opencl-vulkan
745f44fc375d69cb0fba,,AMD Radeon R7 M260X,,,6051.0,,True,False,GPU_scores_graphics_API_v2_noCUDA.csv,alanjo/gpu-scores-with-cuda-metal-opencl-vulkan
7fbdbbf57f5e9abbac0f,,AMD Radeon R7 M265 Series,,,6390.0,,True,False,GPU_scores_graphics_API_v2_noCUDA.csv,alanjo/gpu-scores-with-cuda-metal-opencl-vulkan
1432b8d283a4af035345,,AMD Radeon R7 M340,,,5179.0,,True,False,GPU_scores_graphics_API_v2_noCUDA.csv,alanjo/gpu-scores-with-cuda-metal-opencl-vulkan
eb849ccedb2edd010b20,,AMD Radeon R7 M360,,,5211.0,,True,False,GPU_scores_graphics_API_v2_noCUDA.csv,alanjo/gpu-scores-with-cuda-metal-opencl-vulkan
328f20347174d4437bd0,,AMD Radeon R7 M370,,,7247.0,,True,False,GPU_scores_graphics_API_v2_noCUDA.csv,alanjo/gpu-scores-with-cuda-metal-opencl-vulkan
24fb4b207d6f5f91bd5d,,AMD Radeon R7 M440,,,5130.0,5779.0,True,False,GPU_scores_graphics_API_v2_noCUDA.csv,alanjo/gpu-scores-with-cuda-metal-opencl-vulkan
0ce6be8ea09a9260247a,,AMD Radeon R7 M460,,,6610.0,,True,False,GPU_scores_graphics_API_v2_noCUDA.csv,alanjo/gpu-scores-with-cuda-metal-opencl-vulkan
4858c566dce90a851cf2,,AMD Radeon R7E Graphics,,,2480.0,,True,False,GPU_scores_graphics_API_v2_noCUDA.csv,alanjo/gpu-scores-with-cuda-metal-opencl-vulkan
3ced717079a36831b293,,AMD Radeon R9 200 / HD 7900 Series,,,34370.0,33444.0,True,False,GPU_scores_graphics_API_v2_noCUDA.csv,alanjo/gpu-scores-with-cuda-metal-opencl-vulkan
860bff0e71eae530cdec,,AMD Radeon R9 200 Series,,,34641.0,35789.0,True,False,GPU_scores_graphics_API_v2_noCUDA.csv,alanjo/gpu-scores-with-cuda-metal-opencl-vulkan
1e6a0d573c41505a8e52,,AMD Radeon R9 360,,,14269.0,,True,False,GPU_scores_graphics_API_v2_noCUDA.csv,alanjo/gpu-scores-with-cuda-metal-opencl-vulkan
f6a105675fbb6a892694,,AMD Radeon R9 370X Series,,,25659.0,,True,False,GPU_scores_graphics_API_v2_noCUDA.csv,alanjo/gpu-scores-with-cuda-metal-opencl-vulkan
258762cfb7d46a223ba9,,AMD Radeon R9 M200X Series,,,7786.0,7838.0,True,False,GPU_scores_graphics_API_v2_noCUDA.csv,alanjo/gpu-scores-with-cuda-metal-opencl-vulkan
acfc7cc4da98d3facef8,,AMD Radeon R9 M265X,,,8843.0,,True,False,GPU_scores_graphics_API_v2_noCUDA.csv,alanjo/gpu-scores-with-cuda-metal-opencl-vulkan
a8f468f909b6567034e9,,AMD RADEON R9 M290,,24246.0,22028.0,,True,False,GPU_scores_graphics_API_v2_noCUDA.csv,alanjo/gpu-scores-with-cuda-metal-opencl-vulkan
3774f3707f274ce79e91,,AMD Radeon R9 M290 Compute Engine,,,20057.0,,True,False,GPU_scores_graphics_API_v2_noCUDA.csv,alanjo/gpu-scores-with-cuda-metal-opencl-vulkan
97bbeb796bb974c08b46,,AMD RADEON R9 M290X,,28194.0,23383.0,,True,False,GPU_scores_graphics_API_v2_noCUDA.csv,alanjo/gpu-scores-with-cuda-metal-opencl-vulkan
b1dc4a868c224051e3d1,,AMD Radeon R9 M290X Compute Engine,,,22453.0,,True,False,GPU_scores_graphics_API_v2_noCUDA.csv,alanjo/gpu-scores-with-cuda-metal-opencl-vulkan
16ca9309668e28370fda,,AMD RADEON R9 M295X,,33827.0,22575.0,29143.0,True,False,GPU_scores_graphics_API_v2_noCUDA.csv,alanjo/gpu-scores-with-cuda-metal-opencl-vulkan
e5b60d85a47c4b4c78c1,,AMD Radeon R9 M295X Compute Engine,,,27048.0,,True,False,GPU_scores_graphics_API_v2_noCUDA.csv,alanjo/gpu-scores-with-cuda-metal-opencl-vulkan
5ed57090843c40241d5e,,AMD Radeon R9 M370X,,12552.0,9104.0,8160.0,True,False,GPU_scores_graphics_API_v2_noCUDA.csv,alanjo/gpu-scores-with-cuda-metal-opencl-vulkan
208e62b4372f41549042,,AMD Radeon R9 M370X Compute Engine,,,9611.0,,True,False,GPU_scores_graphics_API_v2_noCUDA.csv,alanjo/gpu-scores-with-cuda-metal-opencl-vulkan
117fbcf061eae33032ef,,AMD Radeon R9 M380,,18081.0,12662.0,18210.0,True,False,GPU_scores_graphics_API_v2_noCUDA.csv,alanjo/gpu-scores-with-cuda-metal-opencl-vulkan
7edc57e00ab514c835e5,,AMD Radeon R9 M380 Compute Engine,,,14638.0,,True,False,GPU_scores_graphics_API_v2_noCUDA.csv,alanjo/gpu-scores-with-cuda-metal-opencl-vulkan
0efcc2b973c26afb412f,,AMD RADEON R9 M390,,24346.0,20234.0,,True,False,GPU_scores_graphics_API_v2_noCUDA.csv,alanjo/gpu-scores-with-cuda-metal-opencl-vulkan
9ea417f0dbf498faa534,,AMD Radeon R9 M390 Compute Engine,,,19533.0,,True,False,GPU_scores_graphics_API_v2_noCUDA.csv,alanjo/gpu-scores-with-cuda-metal-opencl-vulkan
f5e91fd95388d2cd0af5,,AMD RADEON R9 M395,,29245.0,17293.0,,True,False,GPU_scores_graphics_API_v2_noCUDA.csv,alanjo/gpu-scores-with-cuda-metal-opencl-vulkan
ada4c6e6c1a0032fa956,,AMD Radeon R9 M395 Compute Engine,,,23556.0,,True,False,GPU_scores_graphics_API_v2_noCUDA.csv,alanjo/gpu-scores-with-cuda-metal-opencl-vulkan
c43728561f4819d7310a,,AMD Radeon R9 M395X Compute Engine,,,27645.0,,True,False,GPU_scores_graphics_API_v2_noCUDA.csv,alanjo/gpu-scores-with-cuda-metal-opencl-vulkan
ddd82e51b1bad77e9b01,,AMD Radeon RX 460 Compute Engine,,,16714.0,,True,False,GPU_scores_graphics_API_v2_noCUDA.csv,alanjo/gpu-scores-with-cuda-metal-opencl-vulkan
bef7c9aec7893ed16159,,AMD Radeon RX 460 Graphics,,,18066.0,,True,False,GPU_scores_graphics_API_v2_noCUDA.csv,alanjo/gpu-scores-with-cuda-metal-opencl-vulkan
2bd525135398da49ea16,,AMD Radeon RX 470 Compute Engine,,,32146.0,,True,False,GPU_scores_graphics_API_v2_noCUDA.csv,alanjo/gpu-scores-with-cuda-metal-opencl-vulkan
ccd85c49ca1e305ed964,,AMD Radeon RX 480 Compute Engine,,,36230.0,,True,False,GPU_scores_graphics_API_v2_noCUDA.csv,alanjo/gpu-scores-with-cuda-metal-opencl-vulkan
bddad6bd30116ee64d5c,,AMD Radeon RX 550,,19675.0,11584.0,12452.0,True,False,GPU_scores_graphics_API_v2_noCUDA.csv,alanjo/gpu-scores-with-cuda-metal-opencl-vulkan
aac841a294366faa6b9e,,AMD Radeon RX 550 Compute Engine,,,13972.0,,True,False,GPU_scores_graphics_API_v2_noCUDA.csv,alanjo/gpu-scores-with-cuda-metal-opencl-vulkan
e9d8c9bae655fbd94836,,AMD Radeon RX 5500,,,43675.0,41039.0,True,False,GPU_scores_graphics_API_v2_noCUDA.csv,alanjo/gpu-scores-with-cuda-metal-opencl-vulkan
8b89f0075c9ee1e2a1e5,,AMD Radeon RX 5500 XT,,55413.0,48021.0,,True,False,GPU_scores_graphics_API_v2_noCUDA.csv,alanjo/gpu-scores-with-cuda-metal-opencl-vulkan
96692e5026733ee48311,,AMD Radeon RX 5500 XT Compute Engine,,,34783.0,,True,False,GPU_scores_graphics_API_v2_noCUDA.csv,alanjo/gpu-scores-with-cuda-metal-opencl-vulkan
4542e16201e6b14468dc,,AMD Radeon RX 5500M Series,,,36948.0,,True,False,GPU_scores_graphics_API_v2_noCUDA.csv,alanjo/gpu-scores-with-cuda-metal-opencl-vulkan
e1b5c0f5fb1cb4327f60,,AMD Radeon RX 560 Compute Engine,,,19280.0,,True,False,GPU_scores_graphics_API_v2_noCUDA.csv,alanjo/gpu-scores-with-cuda-metal-opencl-vulkan
084179a06e3cabb2ee7b,,AMD Radeon RX 560 Series,,,21792.0,,True,False,GPU_scores_graphics_API_v2_noCUDA.csv,alanjo/gpu-scores-with-cuda-metal-opencl-vulkan
d82fd721ef02d1f254ca,,AMD Radeon RX 5600 Compute Engine,,,46673.0,,True,False,GPU_scores_graphics_API_v2_noCUDA.csv,alanjo/gpu-scores-with-cuda-metal-opencl-vulkan
db984040c12577fd5953,,AMD Radeon RX 5600 OEM,,,61560.0,53776.0,True,False,GPU_scores_graphics_API_v2_noCUDA.csv,alanjo/gpu-scores-with-cuda-metal-opencl-vulkan
709053858495062b5988,,AMD Radeon RX 5600 XT,,79620.0,64788.0,61807.0,True,False,GPU_scores_graphics_API_v2_noCUDA.csv,alanjo/gpu-scores-with-cuda-metal-opencl-vulkan
3372253e35dab8ca39eb,,AMD Radeon RX 5600 XT Compute Engine,,,45882.0,,True,False,GPU_scores_graphics_API_v2_noCUDA.csv,alanjo/gpu-scores-with-cuda-metal-opencl-vulkan
aaf8868e5842ec7a5902,,AMD Radeon RX 5600M,,,55109.0,47907.0,True,False,GPU_scores_graphics_API_v2_noCUDA.csv,alanjo/gpu-scores-with-cuda-metal-opencl-vulkan
375acc485f783932afc6,,AMD Radeon RX 570 Compute Engine,,,33843.0,,True,False,GPU_scores_graphics_API_v2_noCUDA.csv,alanjo/gpu-scores-with-cuda-metal-opencl-vulkan
8dc5c3816a305dd5a0e8,,"AMD Radeon RX 570 Series (polaris10, LLVM 15.0.7, DRM 3.49, 6.2.0-20-generic)",,,28454.0,,True,False,GPU_scores_graphics_API_v2_noCUDA.csv,alanjo/gpu-scores-with-cuda-metal-opencl-vulkan
f32f40810c85e8ba908f,,"AMD Radeon RX 570 Series (radeonsi, polaris10, LLVM 17.0.6, DRM 3.57, 6.7.4-1-default)",,,21717.0,,True,False,GPU_scores_graphics_API_v2_noCUDA.csv,alanjo/gpu-scores-with-cuda-metal-opencl-vulkan
48281cd278db2d25218b,,AMD Radeon RX 5700,,82166.0,65814.0,63403.0,True,False,GPU_scores_graphics_API_v2_noCUDA.csv,alanjo/gpu-scores-with-cuda-metal-opencl-vulkan
0887f21f21de46c66000,,AMD Radeon RX 5700 Compute Engine,,,45934.0,,True,False,GPU_scores_graphics_API_v2_noCUDA.csv,alanjo/gpu-scores-with-cuda-metal-opencl-vulkan
c923295d8e4cb4a039b8,,AMD Radeon RX 5700 XT,,93184.0,77108.0,72434.0,True,False,GPU_scores_graphics_API_v2_noCUDA.csv,alanjo/gpu-scores-with-cuda-metal-opencl-vulkan
f41473cd22eaaa21f2f4,,AMD Radeon RX 5700 XT 50th Anniversary,,85498.0,76793.0,73884.0,True,False,GPU_scores_graphics_API_v2_noCUDA.csv,alanjo/gpu-scores-with-cuda-metal-opencl-vulkan
853a4f6bf470d5e853a3,,AMD Radeon RX 5700 XT 50th Anniversary Compute Engine,,,41571.0,,True,False,GPU_scores_graphics_API_v2_noCUDA.csv,alanjo/gpu-scores-with-cuda-metal-opencl-vulkan
cbcc0edc1770ac9a2391,,AMD Radeon RX 5700 XT Compute Engine,,,55061.0,,True,False,GPU_scores_graphics_API_v2_noCUDA.csv,alanjo/gpu-scores-with-cuda-metal-opencl-vulkan
c2c0cdd0ca39c6e59d22,,AMD Radeon RX 5700XT Compute Engine,,,53692.0,,True,False,GPU_scores_graphics_API_v2_noCUDA.csv,alanjo/gpu-scores-with-cuda-metal-opencl-vulkan
9a23c0091807dd37e78c,,AMD Radeon RX 580 2048SP,,,34708.0,40534.0,True,False,GPU_scores_graphics_API_v2_noCUDA.csv,alanjo/gpu-scores-with-cuda-metal-opencl-vulkan
c85f424d9f56b2cc9e8e,,AMD Radeon RX 580 Compute Engine,,,40606.0,,True,False,GPU_scores_graphics_API_v2_noCUDA.csv,alanjo/gpu-scores-with-cuda-metal-opencl-vulkan
dc95b2982c240e7e50b6,,AMD Radeon RX 580 Series,,,45276.0,46409.0,True,False,GPU_scores_graphics_API_v2_noCUDA.csv,alanjo/gpu-scores-with-cuda-metal-opencl-vulkan
d9c79c092d7c5814e8f5,,AMD Radeon RX 590 Compute Engine,,,44115.0,,True,False,GPU_scores_graphics_API_v2_noCUDA.csv,alanjo/gpu-scores-with-cuda-metal-opencl-vulkan
1a842e0ab657c56a2cf8,,AMD Radeon RX 590 Series,,,44342.0,,True,False,GPU_scores_graphics_API_v2_noCUDA.csv,alanjo/gpu-scores-with-cuda-metal-opencl-vulkan
d29d3319a2d2c92ecdad,,AMD Radeon RX 6000 Series Compute Engine,,,62083.0,,True,False,GPU_scores_graphics_API_v2_noCUDA.csv,alanjo/gpu-scores-with-cuda-metal-opencl-vulkan
56df350bb40c51576b28,,AMD Radeon RX 6300,,,24151.0,29340.0,True,False,GPU_scores_graphics_API_v2_noCUDA.csv,alanjo/gpu-scores-with-cuda-metal-opencl-vulkan
22d180ff40723a3ce1d8,,AMD Radeon RX 640,,,14485.0,,True,False,GPU_scores_graphics_API_v2_noCUDA.csv,alanjo/gpu-scores-with-cuda-metal-opencl-vulkan
90e00a0650df0ae28c3c,,AMD Radeon RX 6400,,,32678.0,38716.0,True,False,GPU_scores_graphics_API_v2_noCUDA.csv,alanjo/gpu-scores-with-cuda-metal-opencl-vulkan
1eccd46e781dab053697,,AMD Radeon RX 6500,,,35975.0,,True,False,GPU_scores_graphics_API_v2_noCUDA.csv,alanjo/gpu-scores-with-cuda-metal-opencl-vulkan
519302edb67de04726f1,,AMD Radeon RX 6500 XT,,,48800.0,54594.0,True,False,GPU_scores_graphics_API_v2_noCUDA.csv,alanjo/gpu-scores-with-cuda-metal-opencl-vulkan
542f4457a163f36a8f38,,AMD Radeon RX 6500M,,,38775.0,46479.0,True,False,GPU_scores_graphics_API_v2_noCUDA.csv,alanjo/gpu-scores-with-cuda-metal-opencl-vulkan
69f2e301c8bc704d7c17,,AMD Radeon RX 6550M,,,45161.0,54659.0,True,False,GPU_scores_graphics_API_v2_noCUDA.csv,alanjo/gpu-scores-with-cuda-metal-opencl-vulkan
54311a3060adcbef8e26,,AMD Radeon RX 6570 GRE Compute Engine,,,51239.0,,True,False,GPU_scores_graphics_API_v2_noCUDA.csv,alanjo/gpu-scores-with-cuda-metal-opencl-vulkan
78abfe6e3526e9905ec0,,AMD Radeon RX 6600,,98496.0,71877.0,80555.0,True,False,GPU_scores_graphics_API_v2_noCUDA.csv,alanjo/gpu-scores-with-cuda-metal-opencl-vulkan
423b6a5269fd0880eb68,,AMD Radeon RX 6600 Compute Engine,,,52434.0,,True,False,GPU_scores_graphics_API_v2_noCUDA.csv,alanjo/gpu-scores-with-cuda-metal-opencl-vulkan
7c51937eba1255c982d3,,AMD Radeon RX 6600 XT,,109002.0,82112.0,88960.0,True,False,GPU_scores_graphics_API_v2_noCUDA.csv,alanjo/gpu-scores-with-cuda-metal-opencl-vulkan
1146cf9b9e29d807d97c,,AMD Radeon RX 6600 XT Compute Engine,,,62368.0,,True,False,GPU_scores_graphics_API_v2_noCUDA.csv,alanjo/gpu-scores-with-cuda-metal-opencl-vulkan
b807ba6b8cb002a3a0fb,,AMD Radeon RX 6600M,,98028.0,65316.0,72786.0,True,False,GPU_scores_graphics_API_v2_noCUDA.csv,alanjo/gpu-scores-with-cuda-metal-opencl-vulkan
a87f0f660642321ff95a,,AMD Radeon RX 6600S,,,66815.0,,True,False,GPU_scores_graphics_API_v2_noCUDA.csv,alanjo/gpu-scores-with-cuda-metal-opencl-vulkan
82f773a3cf0b9602288a,,AMD Radeon RX 6650 XT,,111215.0,85766.0,92411.0,True,False,GPU_scores_graphics_API_v2_noCUDA.csv,alanjo/gpu-scores-with-cuda-metal-opencl-vulkan
86ca659fffc3d3de705f,,AMD Radeon RX 6650 XT Compute Engine,,,53752.0,,True,False,GPU_scores_graphics_API_v2_noCUDA.csv,alanjo/gpu-scores-with-cuda-metal-opencl-vulkan
a03f0edec09f95d6e008,,AMD Radeon RX 6650M,,,64343.0,76100.0,True,False,GPU_scores_graphics_API_v2_noCUDA.csv,alanjo/gpu-scores-with-cuda-metal-opencl-vulkan
5f41e5ce928d01812242,,AMD Radeon RX 6700,,126974.0,90129.0,93895.0,True,False,GPU_scores_graphics_API_v2_noCUDA.csv,alanjo/gpu-scores-with-cuda-metal-opencl-vulkan
8c5ebbf296efb70d569b,,AMD Radeon RX 6700 Compute Engine,,,50839.0,,True,False,GPU_scores_graphics_API_v2_noCUDA.csv,alanjo/gpu-scores-with-cuda-metal-opencl-vulkan
a5940e1f2cc14f8669a7,,AMD Radeon RX 6700 XT,,138530.0,98394.0,106963.0,True,False,GPU_scores_graphics_API_v2_noCUDA.csv,alanjo/gpu-scores-with-cuda-metal-opencl-vulkan
80184de2b601323181f1,,AMD Radeon RX 6700 XT Compute Engine,,,57453.0,,True,False,GPU_scores_graphics_API_v2_noCUDA.csv,alanjo/gpu-scores-with-cuda-metal-opencl-vulkan
e2db5fcb389a8f286205,,"AMD Radeon RX 6700 XT (navi22, LLVM 15.0.7, DRM 3.54, 6.5.0-x64v3-xanmod1)",,,80946.0,,True,False,GPU_scores_graphics_API_v2_noCUDA.csv,alanjo/gpu-scores-with-cuda-metal-opencl-vulkan
227767c07f4cae46a7d2,,AMD Radeon RX 6700M,,93259.0,78236.0,85211.0,True,False,GPU_scores_graphics_API_v2_noCUDA.csv,alanjo/gpu-scores-with-cuda-metal-opencl-vulkan
6227b25ecbff41eccc22,,AMD Radeon RX 6700M Compute Engine,,,49875.0,,True,False,GPU_scores_graphics_API_v2_noCUDA.csv,alanjo/gpu-scores-with-cuda-metal-opencl-vulkan
bf9cdddd238cef1a9b5e,,AMD Radeon RX 6700S,,,63204.0,72411.0,True,False,GPU_scores_graphics_API_v2_noCUDA.csv,alanjo/gpu-scores-with-cuda-metal-opencl-vulkan
823663970f24b0ed6318,,AMD Radeon RX 6700S Compute Engine,,,45621.0,,True,False,GPU_scores_graphics_API_v2_noCUDA.csv,alanjo/gpu-scores-with-cuda-metal-opencl-vulkan
e57bb7ea8d4dbff90030,,AMD Radeon RX 6750 GRE 10GB,,,92251.0,103638.0,True,False,GPU_scores_graphics_API_v2_noCUDA.csv,alanjo/gpu-scores-with-cuda-metal-opencl-vulkan
9d905761f773554d9129,,AMD Radeon RX 6750 GRE 12GB,,,100673.0,113034.0,True,False,GPU_scores_graphics_API_v2_noCUDA.csv,alanjo/gpu-scores-with-cuda-metal-opencl-vulkan
fa8fa6b10e32fa4f4434,,AMD Radeon RX 6750 GRE Compute Engine,,,65668.0,,True,False,GPU_scores_graphics_API_v2_noCUDA.csv,alanjo/gpu-scores-with-cuda-metal-opencl-vulkan
d629a0612578051b0e02,,AMD Radeon RX 6750 XT,,145793.0,105210.0,113155.0,True,False,GPU_scores_graphics_API_v2_noCUDA.csv,alanjo/gpu-scores-with-cuda-metal-opencl-vulkan
981185ba0d2bcd431040,,AMD Radeon RX 6750 XT Compute Engine,,,65626.0,,True,False,GPU_scores_graphics_API_v2_noCUDA.csv,alanjo/gpu-scores-with-cuda-metal-opencl-vulkan
045e2e5ba56c0d788f29,,AMD Radeon RX 6800,,171832.0,126840.0,130276.0,True,False,GPU_scores_graphics_API_v2_noCUDA.csv,alanjo/gpu-scores-with-cuda-metal-opencl-vulkan
a631b4ae3e046168aa14,,AMD Radeon RX 6800 Compute Engine,,,82909.0,,True,False,GPU_scores_graphics_API_v2_noCUDA.csv,alanjo/gpu-scores-with-cuda-metal-opencl-vulkan
d5722cb57fd6193c5f6b,,AMD Radeon RX 6800 XT,,196887.0,150215.0,154750.0,True,False,GPU_scores_graphics_API_v2_noCUDA.csv,alanjo/gpu-scores-with-cuda-metal-opencl-vulkan
0b5f99b468f49b252915,,AMD Radeon RX 6800 XT Compute Engine,,,94358.0,,True,False,GPU_scores_graphics_API_v2_noCUDA.csv,alanjo/gpu-scores-with-cuda-metal-opencl-vulkan
536b10a3f6dd71dec747,,AMD Radeon RX 6800M,,,87842.0,99300.0,True,False,GPU_scores_graphics_API_v2_noCUDA.csv,alanjo/gpu-scores-with-cuda-metal-opencl-vulkan
e1d84d2c703c44a5815b,,AMD Radeon RX 6800S,,,72397.0,80367.0,True,False,GPU_scores_graphics_API_v2_noCUDA.csv,alanjo/gpu-scores-with-cuda-metal-opencl-vulkan
e191ae26a0ee3132ae29,,AMD Radeon RX 6800S Compute Engine,,,47344.0,,True,False,GPU_scores_graphics_API_v2_noCUDA.csv,alanjo/gpu-scores-with-cuda-metal-opencl-vulkan
3c0c33be368f9465092a,,AMD Radeon RX 6850M XT,,,78907.0,99865.0,True,False,GPU_scores_graphics_API_v2_noCUDA.csv,alanjo/gpu-scores-with-cuda-metal-opencl-vulkan
f15af0913d124d5057e2,,AMD Radeon RX 6900 XT,,206721.0,161964.0,165335.0,True,False,GPU_scores_graphics_API_v2_noCUDA.csv,alanjo/gpu-scores-with-cuda-metal-opencl-vulkan
83a16c778db454177473,,AMD Radeon RX 6900 XT Compute Engine,,,97755.0,,True,False,GPU_scores_graphics_API_v2_noCUDA.csv,alanjo/gpu-scores-with-cuda-metal-opencl-vulkan
e286dbbb681b1c76afce,,AMD Radeon RX 6900 XTXH Compute Engine,,,58010.0,,True,False,GPU_scores_graphics_API_v2_noCUDA.csv,alanjo/gpu-scores-with-cuda-metal-opencl-vulkan
b217e94b60fa0e33d3fd,,AMD Radeon RX 6950 XT,,219864.0,170668.0,178550.0,True,False,GPU_scores_graphics_API_v2_noCUDA.csv,alanjo/gpu-scores-with-cuda-metal-opencl-vulkan
6f1977114b7f0c05b65e,,AMD Radeon RX 6950 XT Compute Engine,,,104800.0,,True,False,GPU_scores_graphics_API_v2_noCUDA.csv,alanjo/gpu-scores-with-cuda-metal-opencl-vulkan
ca1d8a9cbcb9924c4839,,AMD Radeon RX 7600,,,81725.0,91254.0,True,False,GPU_scores_graphics_API_v2_noCUDA.csv,alanjo/gpu-scores-with-cuda-metal-opencl-vulkan
d14d7127e278be6c311e,,AMD Radeon RX 7600 XT,,,83704.0,88535.0,True,False,GPU_scores_graphics_API_v2_noCUDA.csv,alanjo/gpu-scores-with-cuda-metal-opencl-vulkan
5b8eb215f19154c36225,,AMD Radeon RX 7600M XT,,,71346.0,79579.0,True,False,GPU_scores_graphics_API_v2_noCUDA.csv,alanjo/gpu-scores-with-cuda-metal-opencl-vulkan
f9b634de87ed4cc2ef27,,AMD Radeon RX 7600S,,,64961.0,77390.0,True,False,GPU_scores_graphics_API_v2_noCUDA.csv,alanjo/gpu-scores-with-cuda-metal-opencl-vulkan
54ee8844a70b67b8731c,,AMD Radeon RX 7700 XT,,,126653.0,139895.0,True,False,GPU_scores_graphics_API_v2_noCUDA.csv,alanjo/gpu-scores-with-cuda-metal-opencl-vulkan
80d8b9709143896b2ba0,,AMD Radeon RX 7700S,,,71858.0,92291.0,True,False,GPU_scores_graphics_API_v2_noCUDA.csv,alanjo/gpu-scores-with-cuda-metal-opencl-vulkan
886f8a6c8a03d75f1f13,,AMD Radeon RX 7800 XT,,,139953.0,154862.0,True,False,GPU_scores_graphics_API_v2_noCUDA.csv,alanjo/gpu-scores-with-cuda-metal-opencl-vulkan
580394675c46ca645084,,AMD Radeon RX 7800 XT,,,136562.0,154862.0,True,False,GPU_scores_graphics_API_v2_noCUDA.csv,alanjo/gpu-scores-with-cuda-metal-opencl-vulkan
c78a9cc257175afe6c0f,,AMD Radeon RX 7900 GRE,,,165133.0,175045.0,True,False,GPU_scores_graphics_API_v2_noCUDA.csv,alanjo/gpu-scores-with-cuda-metal-opencl-vulkan
03e99be9895c3fc3e28f,,AMD Radeon RX 7900 XT,,,168463.0,207939.0,True,False,GPU_scores_graphics_API_v2_noCUDA.csv,alanjo/gpu-scores-with-cuda-metal-opencl-vulkan
fe74afde343a4d0e2d0a,,AMD Radeon RX 7900 XTX,,,187097.0,234677.0,True,False,GPU_scores_graphics_API_v2_noCUDA.csv,alanjo/gpu-scores-with-cuda-metal-opencl-vulkan
b31a9bb7d820386bca3e,,AMD Radeon RX RX 5600 XT Compute Engine,,,39545.0,,True,False,GPU_scores_graphics_API_v2_noCUDA.csv,alanjo/gpu-scores-with-cuda-metal-opencl-vulkan
89d21eb15ae03c340cc4,,AMD Radeon RX Vega,,,67957.0,71579.0,True,False,GPU_scores_graphics_API_v2_noCUDA.csv,alanjo/gpu-scores-with-cuda-metal-opencl-vulkan
721edb3d43daa1118987,,AMD Radeon RX Vega 11 Graphics,,,11916.0,,True,False,GPU_scores_graphics_API_v2_noCUDA.csv,alanjo/gpu-scores-with-cuda-metal-opencl-vulkan
da9cf0ce8ae8dbe712c2,,AMD Radeon RX Vega 56 Compute Engine,,,47735.0,,True,False,GPU_scores_graphics_API_v2_noCUDA.csv,alanjo/gpu-scores-with-cuda-metal-opencl-vulkan
d1db8f1c4192f4fc5f7e,,AMD Radeon RX Vega 64 Compute Engine,,,52971.0,,True,False,GPU_scores_graphics_API_v2_noCUDA.csv,alanjo/gpu-scores-with-cuda-metal-opencl-vulkan
f7969f248126b9871f52,,AMD Radeon RX Vega 7 Compute Engine,,,11203.0,,True,False,GPU_scores_graphics_API_v2_noCUDA.csv,alanjo/gpu-scores-with-cuda-metal-opencl-vulkan
65721224e23a7d31e9c5,,AMD Radeon RX Vega10 Unknown Prototype Compute Engine,,,10230.0,,True,False,GPU_scores_graphics_API_v2_noCUDA.csv,alanjo/gpu-scores-with-cuda-metal-opencl-vulkan
2136274092a08a942430,,AMD Radeon RX550 series,,,11474.0,,True,False,GPU_scores_graphics_API_v2_noCUDA.csv,alanjo/gpu-scores-with-cuda-metal-opencl-vulkan
a2e5a637ea490d13efe7,,AMD Radeon RX5700xt Compute Engine,,,63708.0,,True,False,GPU_scores_graphics_API_v2_noCUDA.csv,alanjo/gpu-scores-with-cuda-metal-opencl-vulkan
a908b7c977094d3dec37,,AMD Radeon RX590 GME,,,39798.0,48448.0,True,False,GPU_scores_graphics_API_v2_noCUDA.csv,alanjo/gpu-scores-with-cuda-metal-opencl-vulkan
4b8fb1aef4f92fde865f,,AMD Radeon RX6500 XT,,,49747.0,54127.0,True,False,GPU_scores_graphics_API_v2_noCUDA.csv,alanjo/gpu-scores-with-cuda-metal-opencl-vulkan
cf2340ce33f230c9cc57,,AMD Radeon Series,,,1338.0,,True,False,GPU_scores_graphics_API_v2_noCUDA.csv,alanjo/gpu-scores-with-cuda-metal-opencl-vulkan
b0e4421c4897f2b0303f,,AMD Radeon(TM) 530,,,5002.0,,True,False,GPU_scores_graphics_API_v2_noCUDA.csv,alanjo/gpu-scores-with-cuda-metal-opencl-vulkan
8316b7096e9070d7a8ca,,AMD Radeon(TM) 530 series,,,5526.0,,True,False,GPU_scores_graphics_API_v2_noCUDA.csv,alanjo/gpu-scores-with-cuda-metal-opencl-vulkan
e469aebc8204bc5d219d,,AMD Radeon(TM) 535,,,6165.0,,True,False,GPU_scores_graphics_API_v2_noCUDA.csv,alanjo/gpu-scores-with-cuda-metal-opencl-vulkan
307ab3fa4f1a8b4f48d1,,AMD Radeon (TM) 535DX,,,5366.0,5320.0,True,False,GPU_scores_graphics_API_v2_noCUDA.csv,alanjo/gpu-scores-with-cuda-metal-opencl-vulkan
94d57ef5b46397d0c604,,AMD Radeon(TM) 540,,,10366.0,,True,False,GPU_scores_graphics_API_v2_noCUDA.csv,alanjo/gpu-scores-with-cuda-metal-opencl-vulkan
9a1b5258c36bf279c77b,,AMD Radeon(TM) 540 Graphics,,,7196.0,,True,False,GPU_scores_graphics_API_v2_noCUDA.csv,alanjo/gpu-scores-with-cuda-metal-opencl-vulkan
daa6fac347dc39cd7071,,AMD Radeon(TM) 610M,,,4930.0,6858.0,True,False,GPU_scores_graphics_API_v2_noCUDA.csv,alanjo/gpu-scores-with-cuda-metal-opencl-vulkan
8d7ad851b5722c197507,,AMD Radeon (TM) 625,,,6436.0,,True,False,GPU_scores_graphics_API_v2_noCUDA.csv,alanjo/gpu-scores-with-cuda-metal-opencl-vulkan
1862031047f8664abfde,,AMD Radeon(TM) 660M,,,13238.0,16223.0,True,False,GPU_scores_graphics_API_v2_noCUDA.csv,alanjo/gpu-scores-with-cuda-metal-opencl-vulkan
8fe771f93ca3600d1052,,AMD Radeon(TM) 740M,,,9873.0,15943.0,True,False,GPU_scores_graphics_API_v2_noCUDA.csv,alanjo/gpu-scores-with-cuda-metal-opencl-vulkan
6a9e67c4bd77ca4c58b7,,AMD Radeon (TM) 740M Graphics,,,10812.0,,True,False,GPU_scores_graphics_API_v2_noCUDA.csv,alanjo/gpu-scores-with-cuda-metal-opencl-vulkan
d9d638ba508a47e9b187,,AMD Radeon(TM) 760M,,,20218.0,25647.0,True,False,GPU_scores_graphics_API_v2_noCUDA.csv,alanjo/gpu-scores-with-cuda-metal-opencl-vulkan
cf031f7d6e1482fe821d,,AMD Radeon(TM) 780M,,,27794.0,30953.0,True,False,GPU_scores_graphics_API_v2_noCUDA.csv,alanjo/gpu-scores-with-cuda-metal-opencl-vulkan
56a8ba8c7df99e283dfc,,AMD Radeon (TM) 780M Graphics,,,25814.0,31342.0,True,False,GPU_scores_graphics_API_v2_noCUDA.csv,alanjo/gpu-scores-with-cuda-metal-opencl-vulkan
673e00b7d4984159456c,,AMD Radeon(TM) 880M Graphics,,,29622.0,37300.0,True,False,GPU_scores_graphics_API_v2_noCUDA.csv,alanjo/gpu-scores-with-cuda-metal-opencl-vulkan
074ca932cf4c81e4aa9c,,AMD Radeon(TM) 890M Graphics,,,36761.0,43019.0,True,False,GPU_scores_graphics_API_v2_noCUDA.csv,alanjo/gpu-scores-with-cuda-metal-opencl-vulkan
0c5dd192b304675335b7,,AMD Radeon TM Graphics,,,21289.0,25631.0,True,False,GPU_scores_graphics_API_v2_noCUDA.csv,alanjo/gpu-scores-with-cuda-metal-opencl-vulkan
9e528d5aa452d7049f6e,,AMD Radeon(TM) Graphics,,,14962.0,16179.0,True,False,GPU_scores_graphics_API_v2_noCUDA.csv,alanjo/gpu-scores-with-cuda-metal-opencl-vulkan
2358e40976be7a223212,,AMD Radeon (TM) Graphics,,,12771.0,13778.0,True,False,GPU_scores_graphics_API_v2_noCUDA.csv,alanjo/gpu-scores-with-cuda-metal-opencl-vulkan
bb7ff083273c6225b6a6,,AMD Radeon(TM) HD 8490,,,744.0,,True,False,GPU_scores_graphics_API_v2_noCUDA.csv,alanjo/gpu-scores-with-cuda-metal-opencl-vulkan
1800649693a9f3c7fcf7,,AMD Radeon (TM) HD 8500M/8700M,,,5617.0,,True,False,GPU_scores_graphics_API_v2_noCUDA.csv,alanjo/gpu-scores-with-cuda-metal-opencl-vulkan
994110f50f5b1749ff94,,AMD Radeon(TM) HD 8610G,,,1585.0,,True,False,GPU_scores_graphics_API_v2_noCUDA.csv,alanjo/gpu-scores-with-cuda-metal-opencl-vulkan
33330e6a88c0624c882e,,AMD Radeon(TM) HD8490,,,835.0,,True,False,GPU_scores_graphics_API_v2_noCUDA.csv,alanjo/gpu-scores-with-cuda-metal-opencl-vulkan
4c8bad66bd4faa6c7170,,AMD Radeon(TM) HD8970M,,,20588.0,25611.0,True,False,GPU_scores_graphics_API_v2_noCUDA.csv,alanjo/gpu-scores-with-cuda-metal-opencl-vulkan
56002d89ae7c6bb9e968,,AMD Radeon(TM) Pro Graphics,,,13354.0,13393.0,True,False,GPU_scores_graphics_API_v2_noCUDA.csv,alanjo/gpu-scores-with-cuda-metal-opencl-vulkan
5e343c767b314c357b63,,AMD Radeon (TM) Pro VII,,,57186.0,,True,False,GPU_scores_graphics_API_v2_noCUDA.csv,alanjo/gpu-scores-with-cuda-metal-opencl-vulkan
fb71d011a15253ffb035,,AMD Radeon (TM) Pro WX 3200 Graphics,,,10976.0,,True,False,GPU_scores_graphics_API_v2_noCUDA.csv,alanjo/gpu-scores-with-cuda-metal-opencl-vulkan
2e3f3b35fa60f53e19bb,,AMD Radeon (TM) Pro WX 3200 Series,,,14637.0,,True,False,GPU_scores_graphics_API_v2_noCUDA.csv,alanjo/gpu-scores-with-cuda-metal-opencl-vulkan
54cd131f3ed763abed49,,AMD Radeon (TM) Pro WX 7100 Graphics,,,36618.0,40433.0,True,False,GPU_scores_graphics_API_v2_noCUDA.csv,alanjo/gpu-scores-with-cuda-metal-opencl-vulkan
1186f45d493b17fc7ffb,,AMD Radeon (TM) Pro WX 7130 Graphics,,,27801.0,,True,False,GPU_scores_graphics_API_v2_noCUDA.csv,alanjo/gpu-scores-with-cuda-metal-opencl-vulkan
1e2cad3419cdfd42db46,,AMD Radeon(TM) R2 Graphics,,,1156.0,1380.0,True,False,GPU_scores_graphics_API_v2_noCUDA.csv,alanjo/gpu-scores-with-cuda-metal-opencl-vulkan
ee7fda75097df55e3b9a,,AMD Radeon(TM) R3 Graphics,,,1518.0,1725.0,True,False,GPU_scores_graphics_API_v2_noCUDA.csv,alanjo/gpu-scores-with-cuda-metal-opencl-vulkan
041656b32eaa641183f6,,AMD Radeon(TM) R4 Graphics,,,2089.0,2144.0,True,False,GPU_scores_graphics_API_v2_noCUDA.csv,alanjo/gpu-scores-with-cuda-metal-opencl-vulkan
eac4db9c71acd541c8cc,,AMD Radeon(TM) R5 240,,,4949.0,4484.0,True,False,GPU_scores_graphics_API_v2_noCUDA.csv,alanjo/gpu-scores-with-cuda-metal-opencl-vulkan
637652f223bfd79c363d,,AMD Radeon (TM) R5 340,,,5315.0,,True,False,GPU_scores_graphics_API_v2_noCUDA.csv,alanjo/gpu-scores-with-cuda-metal-opencl-vulkan
ff822a29a4af6ec34f2f,,AMD Radeon(TM) R5 340X,,,5338.0,4731.0,True,False,GPU_scores_graphics_API_v2_noCUDA.csv,alanjo/gpu-scores-with-cuda-metal-opencl-vulkan
81e0f2eb3b8c89e2eddb,,AMD Radeon(TM) R5 Graphics,,,2927.0,2954.0,True,False,GPU_scores_graphics_API_v2_noCUDA.csv,alanjo/gpu-scores-with-cuda-metal-opencl-vulkan
9c3f1127310768d6f929,,AMD Radeon (TM) R5 Graphics,,,2316.0,,True,False,GPU_scores_graphics_API_v2_noCUDA.csv,alanjo/gpu-scores-with-cuda-metal-opencl-vulkan
856f0010478b7d04fc41,,AMD Radeon (TM) R5 M320,,,4996.0,,True,False,GPU_scores_graphics_API_v2_noCUDA.csv,alanjo/gpu-scores-with-cuda-metal-opencl-vulkan
4e1688721268d32aa764,,AMD Radeon (TM) R5 M330,,,5077.0,4660.0,True,False,GPU_scores_graphics_API_v2_noCUDA.csv,alanjo/gpu-scores-with-cuda-metal-opencl-vulkan
001474a0edf59d0b2dc0,,AMD Radeon(TM) R5 M330,,,4527.0,,True,False,GPU_scores_graphics_API_v2_noCUDA.csv,alanjo/gpu-scores-with-cuda-metal-opencl-vulkan
5e450a87a881e5a91d6f,,AMD Radeon (TM) R5 M335,,,4970.0,,True,False,GPU_scores_graphics_API_v2_noCUDA.csv,alanjo/gpu-scores-with-cuda-metal-opencl-vulkan
fd99eb795b892e9b340f,,AMD Radeon(TM) R5 M430,,,5241.0,,True,False,GPU_scores_graphics_API_v2_noCUDA.csv,alanjo/gpu-scores-with-cuda-metal-opencl-vulkan
a7a6d483af603c5037c1,,AMD Radeon (TM) R5 M430,,,4985.0,4624.0,True,False,GPU_scores_graphics_API_v2_noCUDA.csv,alanjo/gpu-scores-with-cuda-metal-opencl-vulkan
473e0373115ffc84b8d0,,AMD Radeon(TM) R6 Graphics,,,3634.0,,True,False,GPU_scores_graphics_API_v2_noCUDA.csv,alanjo/gpu-scores-with-cuda-metal-opencl-vulkan
00aa30866d8b5b549528,,AMD Radeon (TM) R6 Graphics,,,3244.0,,True,False,GPU_scores_graphics_API_v2_noCUDA.csv,alanjo/gpu-scores-with-cuda-metal-opencl-vulkan
7beaa1e463501bfba330,,AMD Radeon(TM) R7 200 Series Graphics,,,6238.0,5727.0,True,False,GPU_scores_graphics_API_v2_noCUDA.csv,alanjo/gpu-scores-with-cuda-metal-opencl-vulkan
67b7e49da1c9dad3c16e,,AMD Radeon(TM) R7 250,,,7220.0,,True,False,GPU_scores_graphics_API_v2_noCUDA.csv,alanjo/gpu-scores-with-cuda-metal-opencl-vulkan
8642d2ea4451463dfb00,,AMD Radeon (TM) R7 350,,,7654.0,,True,False,GPU_scores_graphics_API_v2_noCUDA.csv,alanjo/gpu-scores-with-cuda-metal-opencl-vulkan
e6a703723a17f71f75a2,,AMD Radeon(TM) R7 350X,,,7892.0,6930.0,True,False,GPU_scores_graphics_API_v2_noCUDA.csv,alanjo/gpu-scores-with-cuda-metal-opencl-vulkan
3bd93f4f922eb192df4f,,AMD Radeon(TM) R7 360 Series,,,16433.0,,True,False,GPU_scores_graphics_API_v2_noCUDA.csv,alanjo/gpu-scores-with-cuda-metal-opencl-vulkan
953a64577596dd997f50,,AMD Radeon (TM) R7 360 Series,,,14418.0,15326.0,True,False,GPU_scores_graphics_API_v2_noCUDA.csv,alanjo/gpu-scores-with-cuda-metal-opencl-vulkan
f98165764125f55c2c68,,AMD Radeon (TM) R7 370 Series,,,21715.0,19453.0,True,False,GPU_scores_graphics_API_v2_noCUDA.csv,alanjo/gpu-scores-with-cuda-metal-opencl-vulkan
20310ef48162bf615e4d,,AMD Radeon (TM) R7 370 Series Graphics,,,21926.0,,True,False,GPU_scores_graphics_API_v2_noCUDA.csv,alanjo/gpu-scores-with-cuda-metal-opencl-vulkan
6f153c2b6fd4dbe946ad,,AMD Radeon (TM) R7 450,,,9895.0,,True,False,GPU_scores_graphics_API_v2_noCUDA.csv,alanjo/gpu-scores-with-cuda-metal-opencl-vulkan
ceab675e69671c46399f,,AMD Radeon(TM) R7 Graphics,,,5342.0,5585.0,True,False,GPU_scores_graphics_API_v2_noCUDA.csv,alanjo/gpu-scores-with-cuda-metal-opencl-vulkan
199e0af0965fdf29dfee,,AMD Radeon (TM) R7 Graphics,,,4575.0,4330.0,True,False,GPU_scores_graphics_API_v2_noCUDA.csv,alanjo/gpu-scores-with-cuda-metal-opencl-vulkan
5c3d5061a8b50217061f,,AMD Radeon (TM) R7 M260,,,3965.0,,True,False,GPU_scores_graphics_API_v2_noCUDA.csv,alanjo/gpu-scores-with-cuda-metal-opencl-vulkan
e99d6dc8d70d5a685f8e,,AMD Radeon (TM) R7 M340,,,4891.0,5220.0,True,False,GPU_scores_graphics_API_v2_noCUDA.csv,alanjo/gpu-scores-with-cuda-metal-opencl-vulkan
f4a5eb8baf4286218412,,AMD Radeon (TM) R7 M350,,,6718.0,,True,False,GPU_scores_graphics_API_v2_noCUDA.csv,alanjo/gpu-scores-with-cuda-metal-opencl-vulkan
d971f62b201b21f78d11,,AMD Radeon (TM) R7 M360,,,5086.0,5189.0,True,False,GPU_scores_graphics_API_v2_noCUDA.csv,alanjo/gpu-scores-with-cuda-metal-opencl-vulkan
ecb65399a5f815043c11,,AMD Radeon (TM) R7 M370,,,6835.0,,True,False,GPU_scores_graphics_API_v2_noCUDA.csv,alanjo/gpu-scores-with-cuda-metal-opencl-vulkan
539654f33692e737aba2,,AMD Radeon (TM) R7 M380,,,9313.0,,True,False,GPU_scores_graphics_API_v2_noCUDA.csv,alanjo/gpu-scores-with-cuda-metal-opencl-vulkan
941fc30e223ad84cf908,,AMD Radeon (TM) R8 M445DX,,,4542.0,,True,False,GPU_scores_graphics_API_v2_noCUDA.csv,alanjo/gpu-scores-with-cuda-metal-opencl-vulkan
4819703016381166024a,,AMD Radeon (TM) R9 200 Series,,,23254.0,21043.0,True,False,GPU_scores_graphics_API_v2_noCUDA.csv,alanjo/gpu-scores-with-cuda-metal-opencl-vulkan
22abb7524f41d41cc431,,AMD Radeon(TM) R9 290X,,,43656.0,44278.0,True,False,GPU_scores_graphics_API_v2_noCUDA.csv,alanjo/gpu-scores-with-cuda-metal-opencl-vulkan
bc9234bf5bb0cf91b545,,AMD Radeon (TM) R9 350,,,9870.0,,True,False,GPU_scores_graphics_API_v2_noCUDA.csv,alanjo/gpu-scores-with-cuda-metal-opencl-vulkan
2ba9e846f6cb8d7bc5c7,,AMD Radeon (TM) R9 360,,,12497.0,,True,False,GPU_scores_graphics_API_v2_noCUDA.csv,alanjo/gpu-scores-with-cuda-metal-opencl-vulkan
0059c79d5042c54b5fff,,AMD Radeon (TM) R9 370 Series,,,24603.0,,True,False,GPU_scores_graphics_API_v2_noCUDA.csv,alanjo/gpu-scores-with-cuda-metal-opencl-vulkan
175d02e3fb07d823285f,,AMD Radeon(TM) R9 370 series,,,14535.0,,True,False,GPU_scores_graphics_API_v2_noCUDA.csv,alanjo/gpu-scores-with-cuda-metal-opencl-vulkan
d20590d72ab0a72ee264,,AMD Radeon (TM) R9 380 Series,,,28310.0,30326.0,True,False,GPU_scores_graphics_API_v2_noCUDA.csv,alanjo/gpu-scores-with-cuda-metal-opencl-vulkan
5702a932968f05200c0d,,AMD Radeon (TM) R9 390 Series,,,43968.0,45841.0,True,False,GPU_scores_graphics_API_v2_noCUDA.csv,alanjo/gpu-scores-with-cuda-metal-opencl-vulkan
8a745a5e849b7049c2fe,,AMD Radeon (TM) R9 Fury Series,,,53127.0,58411.0,True,False,GPU_scores_graphics_API_v2_noCUDA.csv,alanjo/gpu-scores-with-cuda-metal-opencl-vulkan
b0954625223a6affa9d5,,AMD Radeon (TM) R9 M360,,,8200.0,8076.0,True,False,GPU_scores_graphics_API_v2_noCUDA.csv,alanjo/gpu-scores-with-cuda-metal-opencl-vulkan
36a5b1f6c051f895282a,,AMD Radeon (TM) R9 M375,,,10855.0,9682.0,True,False,GPU_scores_graphics_API_v2_noCUDA.csv,alanjo/gpu-scores-with-cuda-metal-opencl-vulkan
00bdbbe9d0dc5914c90c,,AMD Radeon (TM) R9 M375X,,,8833.0,,True,False,GPU_scores_graphics_API_v2_noCUDA.csv,alanjo/gpu-scores-with-cuda-metal-opencl-vulkan
7e2ac91f6d7be4afcf57,,AMD Radeon (TM) R9 M380,,,14552.0,,True,False,GPU_scores_graphics_API_v2_noCUDA.csv,alanjo/gpu-scores-with-cuda-metal-opencl-vulkan
719bbbdd62d3a1c8af02,,AMD Radeon (TM) RX 480,,,41189.0,,True,False,GPU_scores_graphics_API_v2_noCUDA.csv,alanjo/gpu-scores-with-cuda-metal-opencl-vulkan
d54dc5197c299226b803,,AMD Radeon (TM) RX 480 Graphics,,,42732.0,48947.0,True,False,GPU_scores_graphics_API_v2_noCUDA.csv,alanjo/gpu-scores-with-cuda-metal-opencl-vulkan
900470ed5e6e99e930da,,AMD Radeon(TM) RX 5500M,,,40164.0,40954.0,True,False,GPU_scores_graphics_API_v2_noCUDA.csv,alanjo/gpu-scores-with-cuda-metal-opencl-vulkan
974df8b72f133d3ff39c,,AMD Radeon (TM) RX 560,,,17752.0,,True,False,GPU_scores_graphics_API_v2_noCUDA.csv,alanjo/gpu-scores-with-cuda-metal-opencl-vulkan
e7a983b9b308852d8c98,,AMD Radeon(TM) RX 560 Series,,,17974.0,20223.0,True,False,GPU_scores_graphics_API_v2_noCUDA.csv,alanjo/gpu-scores-with-cuda-metal-opencl-vulkan
bd44334765d735344fa9,,AMD Radeon(TM) RX 5600M Series,,,55527.0,50173.0,True,False,GPU_scores_graphics_API_v2_noCUDA.csv,alanjo/gpu-scores-with-cuda-metal-opencl-vulkan
2b066bf250eb27d3b8a4,,AMD Radeon (TM) RX 560X,,,20572.0,,True,False,GPU_scores_graphics_API_v2_noCUDA.csv,alanjo/gpu-scores-with-cuda-metal-opencl-vulkan
33bfb690cfa6eb28e34c,,AMD Radeon (TM) RX 570,,,33913.0,,True,False,GPU_scores_graphics_API_v2_noCUDA.csv,alanjo/gpu-scores-with-cuda-metal-opencl-vulkan
3b1b4cdcba3014e38f76,,AMD Radeon (TM) RX 570X,,,38939.0,,True,False,GPU_scores_graphics_API_v2_noCUDA.csv,alanjo/gpu-scores-with-cuda-metal-opencl-vulkan
1ccc422eca5fd6e4e72a,,AMD Radeon (TM) RX 580,,,39558.0,45252.0,True,False,GPU_scores_graphics_API_v2_noCUDA.csv,alanjo/gpu-scores-with-cuda-metal-opencl-vulkan
05f11e333ff486ccd1af,,AMD Radeon (TM) RX 640,,,11546.0,,True,False,GPU_scores_graphics_API_v2_noCUDA.csv,alanjo/gpu-scores-with-cuda-metal-opencl-vulkan
f8f34974a29f7b1b5c71,,AMD Radeon(TM) RX 6400,,,32885.0,37666.0,True,False,GPU_scores_graphics_API_v2_noCUDA.csv,alanjo/gpu-scores-with-cuda-metal-opencl-vulkan
d8b773b45ff77a07c019,,AMD Radeon(TM) RX 6500 XT,,,48910.0,54536.0,True,False,GPU_scores_graphics_API_v2_noCUDA.csv,alanjo/gpu-scores-with-cuda-metal-opencl-vulkan
665024a64c492a088703,,AMD Radeon(TM) RX 6500M,,,38048.0,45652.0,True,False,GPU_scores_graphics_API_v2_noCUDA.csv,alanjo/gpu-scores-with-cuda-metal-opencl-vulkan
a8ed844b516a942e891a,,AMD Radeon(TM) RX 6850M XT,,,94858.0,103932.0,True,False,GPU_scores_graphics_API_v2_noCUDA.csv,alanjo/gpu-scores-with-cuda-metal-opencl-vulkan
46cba713cd78fd56ed84,,AMD Radeon(TM) RX 7600M XT,,,75796.0,,True,False,GPU_scores_graphics_API_v2_noCUDA.csv,alanjo/gpu-scores-with-cuda-metal-opencl-vulkan
0e9e7ac50d98f17f0048,,AMD Radeon(TM) RX 7700S,,,71012.0,85814.0,True,False,GPU_scores_graphics_API_v2_noCUDA.csv,alanjo/gpu-scores-with-cuda-metal-opencl-vulkan
2b170276ff5a5800750e,,AMD Radeon(TM) RX 7900M,,,111468.0,142702.0,True,False,GPU_scores_graphics_API_v2_noCUDA.csv,alanjo/gpu-scores-with-cuda-metal-opencl-vulkan
4f53a5a0d66b66ded581,,AMD Radeon(TM) RX Vega 10 Graphics,,,10009.0,8806.0,True,False,GPU_scores_graphics_API_v2_noCUDA.csv,alanjo/gpu-scores-with-cuda-metal-opencl-vulkan
c4606618b8bbfe1a7453,,AMD Radeon(TM) RX Vega 11 Graphics,,,14590.0,13926.0,True,False,GPU_scores_graphics_API_v2_noCUDA.csv,alanjo/gpu-scores-with-cuda-metal-opencl-vulkan
2a49e97d834d457124de,,AMD Radeon(TM) RX Vega 11 Processor Graphics,,,13141.0,,True,False,GPU_scores_graphics_API_v2_noCUDA.csv,alanjo/gpu-scores-with-cuda-metal-opencl-vulkan
fd54024d51ea37a78ad3,,AMD Radeon(TM) RX Vega 8 Graphics,,,11842.0,,True,False,GPU_scores_graphics_API_v2_noCUDA.csv,alanjo/gpu-scores-with-cuda-metal-opencl-vulkan
257d39509da159eddbb1,,AMD Radeon(TM) RX Vega11 Graphics,,,10671.0,,True,False,GPU_scores_graphics_API_v2_noCUDA.csv,alanjo/gpu-scores-with-cuda-metal-opencl-vulkan
25246bd5bffc00a0e5c2,,AMD Radeon(TM) RX460,,,17736.0,,True,False,GPU_scores_graphics_API_v2_noCUDA.csv,alanjo/gpu-scores-with-cuda-metal-opencl-vulkan
2b5b9ffce13674d8de90,,AMD Radeon(TM) Vega 10 Graphics,,,9546.0,8234.0,True,False,GPU_scores_graphics_API_v2_noCUDA.csv,alanjo/gpu-scores-with-cuda-metal-opencl-vulkan
c404ad2f287509262514,,AMD Radeon(TM) Vega 11 Graphics,,,13153.0,11985.0,True,False,GPU_scores_graphics_API_v2_noCUDA.csv,alanjo/gpu-scores-with-cuda-metal-opencl-vulkan
c4107564f8ce5a17accc,,AMD Radeon(TM) Vega 3 Graphics,,,3925.0,3993.0,True,False,GPU_scores_graphics_API_v2_noCUDA.csv,alanjo/gpu-scores-with-cuda-metal-opencl-vulkan
edeec70cb52cbf39b8a3,,AMD Radeon(TM) Vega 6 Graphics,,,7187.0,5963.0,True,False,GPU_scores_graphics_API_v2_noCUDA.csv,alanjo/gpu-scores-with-cuda-metal-opencl-vulkan
4e4557e120d3f07babb8,,AMD Radeon(TM) Vega 8 Graphics,,,8797.0,8156.0,True,False,GPU_scores_graphics_API_v2_noCUDA.csv,alanjo/gpu-scores-with-cuda-metal-opencl-vulkan
c63ab4c702175b357d6e,,AMD Radeon(TM) Vega 8 Mobile Graphics,,,6703.0,6461.0,True,False,GPU_scores_graphics_API_v2_noCUDA.csv,alanjo/gpu-scores-with-cuda-metal-opencl-vulkan
031a4d8dffa92b6160c5,,AMD Radeon(TM) Vega 9 Graphics,,,9693.0,,True,False,GPU_scores_graphics_API_v2_noCUDA.csv,alanjo/gpu-scores-with-cuda-metal-opencl-vulkan
793a98dac9a32e22aa4c,,AMD Radeon Unknown Prototype Compute Engine,,,80179.0,,True,False,GPU_scores_graphics_API_v2_noCUDA.csv,alanjo/gpu-scores-with-cuda-metal-opencl-vulkan
6924cfb0a5ab444a5952,,AMD Radeon Vega 10 Compute Engine,,,7276.0,,True,False,GPU_scores_graphics_API_v2_noCUDA.csv,alanjo/gpu-scores-with-cuda-metal-opencl-vulkan
2a154ae70d522574184a,,AMD Radeon Vega 11 Compute Engine,,,9519.0,,True,False,GPU_scores_graphics_API_v2_noCUDA.csv,alanjo/gpu-scores-with-cuda-metal-opencl-vulkan
d7bfc6b9ab22a51058bb,,AMD Radeon Vega 3 Compute Engine,,,3657.0,,True,False,GPU_scores_graphics_API_v2_noCUDA.csv,alanjo/gpu-scores-with-cuda-metal-opencl-vulkan
f3c32ce8faf018ec17e9,,AMD Radeon Vega 8 Compute Engine,,,6892.0,,True,False,GPU_scores_graphics_API_v2_noCUDA.csv,alanjo/gpu-scores-with-cuda-metal-opencl-vulkan
783cc715048e109a4fba,,AMD Radeon Vega Compute Engine,,,50306.0,,True,False,GPU_scores_graphics_API_v2_noCUDA.csv,alanjo/gpu-scores-with-cuda-metal-opencl-vulkan
5e31741323a3453fc55c,,AMD Radeon Vega Frontier Edition Compute Engine,,,50537.0,,True,False,GPU_scores_graphics_API_v2_noCUDA.csv,alanjo/gpu-scores-with-cuda-metal-opencl-vulkan
12a9031e0b0c0d7db536,,AMD Radeon VII,,76941.0,91146.0,91785.0,True,False,GPU_scores_graphics_API_v2_noCUDA.csv,alanjo/gpu-scores-with-cuda-metal-opencl-vulkan
0fb84a9f752cf34360ae,,AMD Radeon VII Compute Engine,,,50821.0,,True,False,GPU_scores_graphics_API_v2_noCUDA.csv,alanjo/gpu-scores-with-cuda-metal-opencl-vulkan
c68710cadb5525b76d70,,AMD RadeonPro 580X Compute Engine,,,37160.0,,True,False,GPU_scores_graphics_API_v2_noCUDA.csv,alanjo/gpu-scores-with-cuda-metal-opencl-vulkan
09faa5f2a7ea952cec3a,,AMD RadeonT 610M,,,4359.0,,True,False,GPU_scores_graphics_API_v2_noCUDA.csv,alanjo/gpu-scores-with-cuda-metal-opencl-vulkan
6d5cd889a7c3a20b5917,,AMD RadeonT 660M,,,13765.0,18237.0,True,False,GPU_scores_graphics_API_v2_noCUDA.csv,alanjo/gpu-scores-with-cuda-metal-opencl-vulkan
b3277033e24b70504f1e,,AMD RadeonT 680M,,,26225.0,26485.0,True,False,GPU_scores_graphics_API_v2_noCUDA.csv,alanjo/gpu-scores-with-cuda-metal-opencl-vulkan
e343eb4b52e7c7b27309,,AMD RadeonT 780M,,,29514.0,34866.0,True,False,GPU_scores_graphics_API_v2_noCUDA.csv,alanjo/gpu-scores-with-cuda-metal-opencl-vulkan
45dcdb8aec9b532ae63a,,AMD RadeonT RX 5300,,,39363.0,,True,False,GPU_scores_graphics_API_v2_noCUDA.csv,alanjo/gpu-scores-with-cuda-metal-opencl-vulkan
a8f006f3173dddf609fe,,AMD RadeonT RX 640,,,10111.0,,True,False,GPU_scores_graphics_API_v2_noCUDA.csv,alanjo/gpu-scores-with-cuda-metal-opencl-vulkan
d203dd34d47a4504cf08,,AMD RadeonT RX 6850M XT,,,94104.0,99811.0,True,False,GPU_scores_graphics_API_v2_noCUDA.csv,alanjo/gpu-scores-with-cuda-metal-opencl-vulkan
ae3095be11e2521340a6,,Apple M1,,30819.0,18829.0,,True,False,GPU_scores_graphics_API_v2_noCUDA.csv,alanjo/gpu-scores-with-cuda-metal-opencl-vulkan
e80efd0cd1f02473a15f,,Apple M1 Max,,110399.0,66031.0,,True,False,GPU_scores_graphics_API_v2_noCUDA.csv,alanjo/gpu-scores-with-cuda-metal-opencl-vulkan
02d18c7b4dc31ffd4d71,,Apple M1 Pro,,65242.0,39468.0,,True,False,GPU_scores_graphics_API_v2_noCUDA.csv,alanjo/gpu-scores-with-cuda-metal-opencl-vulkan
294805efe9906bccce6b,,Apple M1 Ultra,,160072.0,94025.0,,True,False,GPU_scores_graphics_API_v2_noCUDA.csv,alanjo/gpu-scores-with-cuda-metal-opencl-vulkan
2098dc37ba194c58726a,,Apple M2,,43121.0,26418.0,,True,False,GPU_scores_graphics_API_v2_noCUDA.csv,alanjo/gpu-scores-with-cuda-metal-opencl-vulkan
1330d5340ca8de47df2c,,Apple M2 Max,,131832.0,80173.0,,True,False,GPU_scores_graphics_API_v2_noCUDA.csv,alanjo/gpu-scores-with-cuda-metal-opencl-vulkan
a3fa1d639a1f5977bc43,,Apple M2 Pro,,76933.0,47367.0,,True,False,GPU_scores_graphics_API_v2_noCUDA.csv,alanjo/gpu-scores-with-cuda-metal-opencl-vulkan
603dddce9292d28e65c5,,Apple M2 Ultra,,207961.0,119203.0,,True,False,GPU_scores_graphics_API_v2_noCUDA.csv,alanjo/gpu-scores-with-cuda-metal-opencl-vulkan
77f06e243bff4213cd4e,,Apple M3,,46221.0,29343.0,,True,False,GPU_scores_graphics_API_v2_noCUDA.csv,alanjo/gpu-scores-with-cuda-metal-opencl-vulkan
4a291f2eb2ffd8917ea7,,Apple M3 Max,,142455.0,86008.0,,True,False,GPU_scores_graphics_API_v2_noCUDA.csv,alanjo/gpu-scores-with-cuda-metal-opencl-vulkan
446b4afed297fa71a15d,,Apple M3 Pro,,73717.0,46498.0,,True,False,GPU_scores_graphics_API_v2_noCUDA.csv,alanjo/gpu-scores-with-cuda-metal-opencl-vulkan
52124dd0be60ac74628d,Intel,Arc A350M Graphics,,,23107.0,,True,False,GPU_scores_graphicsAPIs.csv,alanjo/gpu-scores-with-cuda-metal-opencl-vulkan
f684b09834eb65fbbf91,,ASUS R5 230 Series,,,641.0,,True,False,GPU_scores_graphics_API_v2_noCUDA.csv,alanjo/gpu-scores-with-cuda-metal-opencl-vulkan
3e9922d313babaa7eb57,,ASUS R7 250X Series,,,13220.0,,True,False,GPU_scores_graphics_API_v2_noCUDA.csv,alanjo/gpu-scores-with-cuda-metal-opencl-vulkan
efd3112ca1558b34d0af,,ASUS R7 265 Series,,,20140.0,,True,False,GPU_scores_graphics_API_v2_noCUDA.csv,alanjo/gpu-scores-with-cuda-metal-opencl-vulkan
8a6e7a702f5b1ba82ed9,,ASUS Radeon RX 470 Series,,,33421.0,37811.0,True,False,GPU_scores_graphics_API_v2_noCUDA.csv,alanjo/gpu-scores-with-cuda-metal-opencl-vulkan
7d5a63868bd9cba33a90,,ATI FirePro 3800 (FireGL) Graphics Adapter,,,1360.0,,True,False,GPU_scores_graphics_API_v2_noCUDA.csv,alanjo/gpu-scores-with-cuda-metal-opencl-vulkan
76b3c017722b2ea96085,,ATI FirePro V (FireGL V) Graphics Adapter,,,2247.0,,True,False,GPU_scores_graphics_API_v2_noCUDA.csv,alanjo/gpu-scores-with-cuda-metal-opencl-vulkan
e0321b309d8675802b34,,ATI FirePro V4800 (FireGL) Graphics Adapter,,,1672.0,,True,False,GPU_scores_graphics_API_v2_noCUDA.csv,alanjo/gpu-scores-with-cuda-metal-opencl-vulkan
6fee04f25b7337e77042,,ATI FirePro V7800 (FireGL) Graphics Adapter,,,4894.0,,True,False,GPU_scores_graphics_API_v2_noCUDA.csv,alanjo/gpu-scores-with-cuda-metal-opencl-vulkan
e8ce61984331e7f124f2,,ATI Radeon HD 5670,,,654.0,,True,False,GPU_scores_graphics_API_v2_noCUDA.csv,alanjo/gpu-scores-with-cuda-metal-opencl-vulkan
28a77259c28333cffbfc,,ATI Radeon HD 5750,,,1012.0,,True,False,GPU_scores_graphics_API_v2_noCUDA.csv,alanjo/gpu-scores-with-cuda-metal-opencl-vulkan
ec833d28185714ba84db,,ATI Radeon HD 5770,,,1190.0,,True,False,GPU_scores_graphics_API_v2_noCUDA.csv,alanjo/gpu-scores-with-cuda-metal-opencl-vulkan
13bcb5e6eb1d085796a2,,ATI Radeon HD 5870,,,1853.0,,True,False,GPU_scores_graphics_API_v2_noCUDA.csv,alanjo/gpu-scores-with-cuda-metal-opencl-vulkan
d88ea74e76215f1a1da2,,ATI Radeon HD 6630M,,,326.0,,True,False,GPU_scores_graphics_API_v2_noCUDA.csv,alanjo/gpu-scores-with-cuda-metal-opencl-vulkan
564827f0957127df7e25,,ATI Radeon HD 6750M,,,485.0,,True,False,GPU_scores_graphics_API_v2_noCUDA.csv,alanjo/gpu-scores-with-cuda-metal-opencl-vulkan
46d59d60c70fb89154bd,,ATI Radeon HD 6770M,,,569.0,,True,False,GPU_scores_graphics_API_v2_noCUDA.csv,alanjo/gpu-scores-with-cuda-metal-opencl-vulkan
d39a7a3eba70e4fe8993,,ATI Radeon HD 6970M,,,1254.0,,True,False,GPU_scores_graphics_API_v2_noCUDA.csv,alanjo/gpu-scores-with-cuda-metal-opencl-vulkan
e89bde054f5914fe605a,,ATI Radeon HD 7950 Compute Engine,,,27319.0,,True,False,GPU_scores_graphics_API_v2_noCUDA.csv,alanjo/gpu-scores-with-cuda-metal-opencl-vulkan
c3bfd7bf54769420c069,,ATI Radeon HD Baffin Unknown Prototype Compute Engine,,,20764.0,,True,False,GPU_scores_graphics_API_v2_noCUDA.csv,alanjo/gpu-scores-with-cuda-metal-opencl-vulkan
3667844a0b9e2605c42d,,ATI Radeon HD Ellesmere Prototype Compute Engine,,,23268.0,,True,False,GPU_scores_graphics_API_v2_noCUDA.csv,alanjo/gpu-scores-with-cuda-metal-opencl-vulkan
68b765f274a37b75e840,,ATI Radeon HD Fiji XT Prototype Compute Engine,,,34993.0,,True,False,GPU_scores_graphics_API_v2_noCUDA.csv,alanjo/gpu-scores-with-cuda-metal-opencl-vulkan
50fca00b833229cbd8ff,,ATI Radeon HD - FirePro D300 Compute Engine,,,20706.0,,True,False,GPU_scores_graphics_API_v2_noCUDA.csv,alanjo/gpu-scores-with-cuda-metal-opencl-vulkan
25cc1debacd26c4492f5,,ATI Radeon HD - FirePro D500 Compute Engine,,,20371.0,,True,False,GPU_scores_graphics_API_v2_noCUDA.csv,alanjo/gpu-scores-with-cuda-metal-opencl-vulkan
90d503ccc6ac2d05df45,,ATI Radeon HD - FirePro D700 Compute Engine,,,28514.0,,True,False,GPU_scores_graphics_API_v2_noCUDA.csv,alanjo/gpu-scores-with-cuda-metal-opencl-vulkan
36d2826c7a180a6d3bc7,,ATI Radeon HD Hawaii PRO Prototype Compute Engine,,,39145.0,,True,False,GPU_scores_graphics_API_v2_noCUDA.csv,alanjo/gpu-scores-with-cuda-metal-opencl-vulkan
9abee9b199d3fb4d19c0,,ATI Radeon HD Hawaii Unknown Prototype Compute Engine,,,38084.0,,True,False,GPU_scores_graphics_API_v2_noCUDA.csv,alanjo/gpu-scores-with-cuda-metal-opencl-vulkan
0a0e3c2b247f985c2c42,,ATI Radeon HD Hawaii XT Prototype Compute Engine,,,41187.0,,True,False,GPU_scores_graphics_API_v2_noCUDA.csv,alanjo/gpu-scores-with-cuda-metal-opencl-vulkan
6fd1793900af4570dfa1,,ATI Radeon HD Pitcairn PRO Prototype Compute Engine,,,23282.0,,True,False,GPU_scores_graphics_API_v2_noCUDA.csv,alanjo/gpu-scores-with-cuda-metal-opencl-vulkan
0c2c0ea42d23126122e6,,ATI Radeon HD Pitcairn Unknown Prototype Compute Engine,,,21796.0,,True,False,GPU_scores_graphics_API_v2_noCUDA.csv,alanjo/gpu-scores-with-cuda-metal-opencl-vulkan
108669b9dea012aa8083,,ATI Radeon HD Pitcairn XT Prototype Compute Engine,,,21531.0,,True,False,GPU_scores_graphics_API_v2_noCUDA.csv,alanjo/gpu-scores-with-cuda-metal-opencl-vulkan
9b2bd87360c2b2c306e4,,ATI Radeon HD Tahiti XT Prototype Compute Engine,,,33845.0,,True,False,GPU_scores_graphics_API_v2_noCUDA.csv,alanjo/gpu-scores-with-cuda-metal-opencl-vulkan
9ce667b8bbfba491a17c,,ATI Radeon HD Tonga PRO Prototype Compute Engine,,,24867.0,,True,False,GPU_scores_graphics_API_v2_noCUDA.csv,alanjo/gpu-scores-with-cuda-metal-opencl-vulkan
13ee5cee683d3343a7d4,,ATI Radeon HD Tonga XT Prototype Compute Engine,,,27082.0,,True,False,GPU_scores_graphics_API_v2_noCUDA.csv,alanjo/gpu-scores-with-cuda-metal-opencl-vulkan
8178ded48522f9df0969,,ATI Radeon HD Vega10 XT Prototype Compute Engine,,,58926.0,,True,False,GPU_scores_graphics_API_v2_noCUDA.csv,alanjo/gpu-scores-with-cuda-metal-opencl-vulkan
6ec53c1d96825718ed59,,ATI Radeon HD Verde PRO Prototype Compute Engine,,,8464.0,,True,False,GPU_scores_graphics_API_v2_noCUDA.csv,alanjo/gpu-scores-with-cuda-metal-opencl-vulkan
88b15555d9cd3714094b,,ATI Radeon HD Verde XT Prototype Compute Engine,,,13536.0,,True,False,GPU_scores_graphics_API_v2_noCUDA.csv,alanjo/gpu-scores-with-cuda-metal-opencl-vulkan
e68842675e583f9ff9a5,,ATI Radeon Polaris Compute Engine,,,23363.0,,True,False,GPU_scores_graphics_API_v2_noCUDA.csv,alanjo/gpu-scores-with-cuda-metal-opencl-vulkan
35a0b48892df1878e2a3,,ATI Radeon Pro 450 Compute Engine,,,9754.0,,True,False,GPU_scores_graphics_API_v2_noCUDA.csv,alanjo/gpu-scores-with-cuda-metal-opencl-vulkan
33d3b6e255a9d4ebb0b3,,ATI Radeon Pro 455 Compute Engine,,,11888.0,,True,False,GPU_scores_graphics_API_v2_noCUDA.csv,alanjo/gpu-scores-with-cuda-metal-opencl-vulkan
0d86d83e305295a31d78,,ATI Radeon Pro 460 Compute Engine,,,15199.0,,True,False,GPU_scores_graphics_API_v2_noCUDA.csv,alanjo/gpu-scores-with-cuda-metal-opencl-vulkan
c52b255a7fe2d6ddaf8b,,ATI Radeon Pro 5300M Compute Engine,,,23509.0,,True,False,GPU_scores_graphics_API_v2_noCUDA.csv,alanjo/gpu-scores-with-cuda-metal-opencl-vulkan
f76e04499c891d35f87e,,ATI Radeon Pro 5500 XT Compute Engine,,,40620.0,,True,False,GPU_scores_graphics_API_v2_noCUDA.csv,alanjo/gpu-scores-with-cuda-metal-opencl-vulkan
d0b5e632b7f56977f1ca,,ATI Radeon Pro 5500M Compute Engine,,,28053.0,,True,False,GPU_scores_graphics_API_v2_noCUDA.csv,alanjo/gpu-scores-with-cuda-metal-opencl-vulkan
643108175d3d545a8f3b,,ATI Radeon Pro 555 Compute Engine,,,12044.0,,True,False,GPU_scores_graphics_API_v2_noCUDA.csv,alanjo/gpu-scores-with-cuda-metal-opencl-vulkan
292b6343dbb2d05f9630,,ATI Radeon Pro 555X Compute Engine,,,12360.0,,True,False,GPU_scores_graphics_API_v2_noCUDA.csv,alanjo/gpu-scores-with-cuda-metal-opencl-vulkan
347a106dbc20b6faf6a9,,ATI Radeon Pro 560 Compute Engine,,,14709.0,,True,False,GPU_scores_graphics_API_v2_noCUDA.csv,alanjo/gpu-scores-with-cuda-metal-opencl-vulkan
d5690568a961b02a2ef4,,ATI Radeon Pro 560X Compute Engine,,,16485.0,,True,False,GPU_scores_graphics_API_v2_noCUDA.csv,alanjo/gpu-scores-with-cuda-metal-opencl-vulkan
d75977e245dde3d02660,,ATI Radeon Pro 570 Compute Engine,,,26781.0,,True,False,GPU_scores_graphics_API_v2_noCUDA.csv,alanjo/gpu-scores-with-cuda-metal-opencl-vulkan
cb025471b87cd8378a50,,ATI Radeon Pro 5700X Compute Engine,,,53286.0,,True,False,GPU_scores_graphics_API_v2_noCUDA.csv,alanjo/gpu-scores-with-cuda-metal-opencl-vulkan
ea44f01df0e94d8caeea,,ATI Radeon Pro 570X Compute Engine,,,26899.0,,True,False,GPU_scores_graphics_API_v2_noCUDA.csv,alanjo/gpu-scores-with-cuda-metal-opencl-vulkan
25d2838dad511120a051,,ATI Radeon Pro 575 Compute Engine,,,31460.0,,True,False,GPU_scores_graphics_API_v2_noCUDA.csv,alanjo/gpu-scores-with-cuda-metal-opencl-vulkan
6bea9c3bbcaa7b6cb154,,ATI Radeon Pro 575X Compute Engine,,,31319.0,,True,False,GPU_scores_graphics_API_v2_noCUDA.csv,alanjo/gpu-scores-with-cuda-metal-opencl-vulkan
da11ea8cff38babfaab5,,ATI Radeon Pro 580 Compute Engine,,,34801.0,,True,False,GPU_scores_graphics_API_v2_noCUDA.csv,alanjo/gpu-scores-with-cuda-metal-opencl-vulkan
a763e3ac05b8d0a5e116,,ATI Radeon Pro 580X Compute Engine,,,35767.0,,True,False,GPU_scores_graphics_API_v2_noCUDA.csv,alanjo/gpu-scores-with-cuda-metal-opencl-vulkan
c377ca734513be369d72,,ATI Radeon Pro Vega 16 Compute Engine,,,20539.0,,True,False,GPU_scores_graphics_API_v2_noCUDA.csv,alanjo/gpu-scores-with-cuda-metal-opencl-vulkan
160f07c4c1202f881e69,,ATI Radeon Pro Vega 20 Compute Engine,,,23888.0,,True,False,GPU_scores_graphics_API_v2_noCUDA.csv,alanjo/gpu-scores-with-cuda-metal-opencl-vulkan
1e74681ffbb3223b781e,,ATI Radeon Pro Vega 48 Compute Engine,,,47418.0,,True,False,GPU_scores_graphics_API_v2_noCUDA.csv,alanjo/gpu-scores-with-cuda-metal-opencl-vulkan
7d248eb494954c20626f,,ATI Radeon Pro Vega 56 Compute Engine,,,55927.0,,True,False,GPU_scores_graphics_API_v2_noCUDA.csv,alanjo/gpu-scores-with-cuda-metal-opencl-vulkan
ad50af6d3c055d490eeb,,ATI Radeon Pro Vega 64 Compute Engine,,,61980.0,,True,False,GPU_scores_graphics_API_v2_noCUDA.csv,alanjo/gpu-scores-with-cuda-metal-opencl-vulkan
0bef60626d11b9f83230,,ATI Radeon Pro Vega 64X Compute Engine,,,66033.0,,True,False,GPU_scores_graphics_API_v2_noCUDA.csv,alanjo/gpu-scores-with-cuda-metal-opencl-vulkan
32fc347a9aeb8c17d7de,,ATI Radeon Pro Vega II Compute Engine,,,81785.0,,True,False,GPU_scores_graphics_API_v2_noCUDA.csv,alanjo/gpu-scores-with-cuda-metal-opencl-vulkan
df3a6e503bd370663c8e,,ATI Radeon Pro Vega II Duo Compute Engine,,,81498.0,,True,False,GPU_scores_graphics_API_v2_noCUDA.csv,alanjo/gpu-scores-with-cuda-metal-opencl-vulkan
6cd0fc1a40c47d0ac5e7,,ATI Radeon Pro W5500X Compute Engine,,,26480.0,,True,False,GPU_scores_graphics_API_v2_noCUDA.csv,alanjo/gpu-scores-with-cuda-metal-opencl-vulkan
af0bb47215f9d42cbe5c,,ATI Radeon Pro W5700X Compute Engine,,,58479.0,,True,False,GPU_scores_graphics_API_v2_noCUDA.csv,alanjo/gpu-scores-with-cuda-metal-opencl-vulkan
2de7d1f1d0f284aaa1ba,,ATI Radeon Pro WX 4100 Compute Engine,,,19327.0,,True,False,GPU_scores_graphics_API_v2_noCUDA.csv,alanjo/gpu-scores-with-cuda-metal-opencl-vulkan
352dba015d5da085a539,,ATI Radeon Pro WX 5100 Compute Engine,,,28072.0,,True,False,GPU_scores_graphics_API_v2_noCUDA.csv,alanjo/gpu-scores-with-cuda-metal-opencl-vulkan
0eafecb232626dfa353c,,ATI Radeon Pro WX 7100 Compute Engine,,,35790.0,,True,False,GPU_scores_graphics_API_v2_noCUDA.csv,alanjo/gpu-scores-with-cuda-metal-opencl-vulkan
6e0d41f7f9cee87e900d,,ATI Radeon Pro WX 9100 Compute Engine,,,48656.0,,True,False,GPU_scores_graphics_API_v2_noCUDA.csv,alanjo/gpu-scores-with-cuda-metal-opencl-vulkan
11cf14f3a14fb626197e,,ATI Radeon R9 M290 Compute Engine,,,20068.0,,True,False,GPU_scores_graphics_API_v2_noCUDA.csv,alanjo/gpu-scores-with-cuda-metal-opencl-vulkan
931c6c4a7f82fd5b59f5,,ATI Radeon R9 M290X Compute Engine,,,22590.0,,True,False,GPU_scores_graphics_API_v2_noCUDA.csv,alanjo/gpu-scores-with-cuda-metal-opencl-vulkan
d45b9353e7ddd2042589,,ATI Radeon R9 M295X Compute Engine,,,26881.0,,True,False,GPU_scores_graphics_API_v2_noCUDA.csv,alanjo/gpu-scores-with-cuda-metal-opencl-vulkan
bce88d56e610cca9b4af,,ATI Radeon R9 M370X Compute Engine,,,10272.0,,True,False,GPU_scores_graphics_API_v2_noCUDA.csv,alanjo/gpu-scores-with-cuda-metal-opencl-vulkan
56e72ce0048479f58c58,,ATI Radeon R9 M380 Compute Engine,,,14617.0,,True,False,GPU_scores_graphics_API_v2_noCUDA.csv,alanjo/gpu-scores-with-cuda-metal-opencl-vulkan
5657bdfe245408d955ac,,ATI Radeon R9 M390 Compute Engine,,,19360.0,,True,False,GPU_scores_graphics_API_v2_noCUDA.csv,alanjo/gpu-scores-with-cuda-metal-opencl-vulkan
498bdd097e6f8222e800,,ATI Radeon R9 M395 Compute Engine,,,23189.0,,True,False,GPU_scores_graphics_API_v2_noCUDA.csv,alanjo/gpu-scores-with-cuda-metal-opencl-vulkan
9ec10bbd57e5efbdaab1,,ATI Radeon R9 M395X Compute Engine,,,27323.0,,True,False,GPU_scores_graphics_API_v2_noCUDA.csv,alanjo/gpu-scores-with-cuda-metal-opencl-vulkan
d0b6b0ce52b5c68636fb,,ATI Radeon RX 460 Compute Engine,,,18308.0,,True,False,GPU_scores_graphics_API_v2_noCUDA.csv,alanjo/gpu-scores-with-cuda-metal-opencl-vulkan
ef03666e67901095dba2,,ATI Radeon RX 470 Compute Engine,,,34251.0,,True,False,GPU_scores_graphics_API_v2_noCUDA.csv,alanjo/gpu-scores-with-cuda-metal-opencl-vulkan
764be88d84640a8ca052,,ATI Radeon RX 480 Compute Engine,,,36813.0,,True,False,GPU_scores_graphics_API_v2_noCUDA.csv,alanjo/gpu-scores-with-cuda-metal-opencl-vulkan
278e2ec4509b41782719,,ATI Radeon RX 550 Compute Engine,,,13952.0,,True,False,GPU_scores_graphics_API_v2_noCUDA.csv,alanjo/gpu-scores-with-cuda-metal-opencl-vulkan
82a2aa005e71f4869775,,ATI Radeon RX 5500 XT Compute Engine,,,30154.0,,True,False,GPU_scores_graphics_API_v2_noCUDA.csv,alanjo/gpu-scores-with-cuda-metal-opencl-vulkan
060a4a03241dac917469,,ATI Radeon RX 560 Compute Engine,,,19923.0,,True,False,GPU_scores_graphics_API_v2_noCUDA.csv,alanjo/gpu-scores-with-cuda-metal-opencl-vulkan
8337cccbf54379f5189d,,ATI Radeon RX 5600 XT Compute Engine,,,40624.0,,True,False,GPU_scores_graphics_API_v2_noCUDA.csv,alanjo/gpu-scores-with-cuda-metal-opencl-vulkan
e42f03cde2ce098882d2,,ATI Radeon RX 570 Compute Engine,,,35784.0,,True,False,GPU_scores_graphics_API_v2_noCUDA.csv,alanjo/gpu-scores-with-cuda-metal-opencl-vulkan
168186655fdc1c04f14b,,ATI Radeon RX 5700 Compute Engine,,,37443.0,,True,False,GPU_scores_graphics_API_v2_noCUDA.csv,alanjo/gpu-scores-with-cuda-metal-opencl-vulkan
2c6efecfdd523a091fe9,,ATI Radeon RX 5700 XT 50th Anniversary Compute Engine,,,47952.0,,True,False,GPU_scores_graphics_API_v2_noCUDA.csv,alanjo/gpu-scores-with-cuda-metal-opencl-vulkan
16262d8d1aeb4ac1ee3d,,ATI Radeon RX 5700 XT Compute Engine,,,45995.0,,True,False,GPU_scores_graphics_API_v2_noCUDA.csv,alanjo/gpu-scores-with-cuda-metal-opencl-vulkan
a98c73e1467e49bb0eab,,ATI Radeon RX 580 Compute Engine,,,40224.0,,True,False,GPU_scores_graphics_API_v2_noCUDA.csv,alanjo/gpu-scores-with-cuda-metal-opencl-vulkan
701c91fad3b9f1a56491,,ATI Radeon RX 590 Compute Engine,,,44246.0,,True,False,GPU_scores_graphics_API_v2_noCUDA.csv,alanjo/gpu-scores-with-cuda-metal-opencl-vulkan
99a4389e247022ad8c53,,ATI Radeon RX Vega 56 Compute Engine,,,49112.0,,True,False,GPU_scores_graphics_API_v2_noCUDA.csv,alanjo/gpu-scores-with-cuda-metal-opencl-vulkan
11b2b230afa2f8496199,,ATI Radeon RX Vega 64 Compute Engine,,,51447.0,,True,False,GPU_scores_graphics_API_v2_noCUDA.csv,alanjo/gpu-scores-with-cuda-metal-opencl-vulkan
0fb14b97ead699fa3b92,,ATI Radeon RX Vega10 Unknown Prototype Compute Engine,,,53388.0,,True,False,GPU_scores_graphics_API_v2_noCUDA.csv,alanjo/gpu-scores-with-cuda-metal-opencl-vulkan
eb3aca9f348ba3095591,,ATI Radeon Unknown Prototype Compute Engine,,,47143.0,,True,False,GPU_scores_graphics_API_v2_noCUDA.csv,alanjo/gpu-scores-with-cuda-metal-opencl-vulkan
84793478df9e49f46a11,,ATI Radeon Vega Compute Engine,,,50683.0,,True,False,GPU_scores_graphics_API_v2_noCUDA.csv,alanjo/gpu-scores-with-cuda-metal-opencl-vulkan
8ddee266f6daff6df427,,ATI Radeon Vega Frontier Edition Compute Engine,,,52132.0,,True,False,GPU_scores_graphics_API_v2_noCUDA.csv,alanjo/gpu-scores-with-cuda-metal-opencl-vulkan
3a759cbf26c8c64afc15,,ATI Radeon VII Compute Engine,,,49525.0,,True,False,GPU_scores_graphics_API_v2_noCUDA.csv,alanjo/gpu-scores-with-cuda-metal-opencl-vulkan
cc9525a1c867da35a85e,Intel,Bay Trail,,,,156.0,True,False,GPU_scores_graphicsAPIs.csv,alanjo/gpu-scores-with-cuda-metal-opencl-vulkan
c7430d637264bb8acc51,AMD,Device 6863,,,49493.0,,True,False,GPU_scores_graphicsAPIs.csv,alanjo/gpu-scores-with-cuda-metal-opencl-vulkan
e10eb00564e764765307,,Device 6863,,,49493.0,,True,False,GPU_scores_graphics_API_v2_noCUDA.csv,alanjo/gpu-scores-with-cuda-metal-opencl-vulkan
271592790f67f89679d2,,Device 73bf,,,134606.0,,True,False,GPU_scores_graphics_API_v2_noCUDA.csv,alanjo/gpu-scores-with-cuda-metal-opencl-vulkan
bfdf38fdb1d354cb06c2,AMD,Ellesmere [Radeon RX 470/480/570/570X/580/580X/590],,,49236.0,,True,False,GPU_scores_graphicsAPIs.csv,alanjo/gpu-scores-with-cuda-metal-opencl-vulkan
8068a42bc6f23b0ee438,AMD,Fiji [Radeon R9 FURY / NANO],,,59624.0,,True,False,GPU_scores_graphicsAPIs.csv,alanjo/gpu-scores-with-cuda-metal-opencl-vulkan
4d3ad927960f2784f345,,Fiji [Radeon R9 FURY / NANO Series],,,59624.0,,True,False,GPU_scores_graphics_API_v2_noCUDA.csv,alanjo/gpu-scores-with-cuda-metal-opencl-vulkan
88279d485356f2aa1480,AMD,FirePro D300,,23163.0,21243.0,19931.0,True,False,GPU_scores_graphicsAPIs.csv,alanjo/gpu-scores-with-cuda-metal-opencl-vulkan
29664af4607a63507792,AMD,FirePro D500,,23398.0,20890.0,24101.0,True,False,GPU_scores_graphicsAPIs.csv,alanjo/gpu-scores-with-cuda-metal-opencl-vulkan
d304468474253974249f,AMD,FirePro D700,,32000.0,28896.0,33106.0,True,False,GPU_scores_graphicsAPIs.csv,alanjo/gpu-scores-with-cuda-metal-opencl-vulkan
05a194e656d4a2543987,AMD,FirePro M4000,,,6494.0,,True,False,GPU_scores_graphicsAPIs.csv,alanjo/gpu-scores-with-cuda-metal-opencl-vulkan
5045f7ea69846b17353a,AMD,Firepro M4100,,,5067.0,,True,False,GPU_scores_graphicsAPIs.csv,alanjo/gpu-scores-with-cuda-metal-opencl-vulkan
de8d81af8908c9e26ed4,AMD,FirePro M4150,,,5063.0,6685.0,True,False,GPU_scores_graphicsAPIs.csv,alanjo/gpu-scores-with-cuda-metal-opencl-vulkan
40547875445733b99ffa,AMD,FirePro M4170,,,6347.0,,True,False,GPU_scores_graphicsAPIs.csv,alanjo/gpu-scores-with-cuda-metal-opencl-vulkan
ecd8cea09061bc3b3d38,AMD,FirePro M5100,,,9305.0,10692.0,True,False,GPU_scores_graphicsAPIs.csv,alanjo/gpu-scores-with-cuda-metal-opencl-vulkan
4491c44263e37b02d5b5,AMD,FirePro M5950,,,1505.0,,True,False,GPU_scores_graphicsAPIs.csv,alanjo/gpu-scores-with-cuda-metal-opencl-vulkan
23569e6e45be5396e667,AMD,FirePro M6000,,,9420.0,,True,False,GPU_scores_graphicsAPIs.csv,alanjo/gpu-scores-with-cuda-metal-opencl-vulkan
04a4ceb09f997567d5aa,AMD,FirePro M6100,,,15612.0,16951.0,True,False,GPU_scores_graphicsAPIs.csv,alanjo/gpu-scores-with-cuda-metal-opencl-vulkan
d46b9a4043b069136c99,AMD,FirePro S10000,,,30631.0,34145.0,True,False,GPU_scores_graphicsAPIs.csv,alanjo/gpu-scores-with-cuda-metal-opencl-vulkan
35357ade7a8bf95e218e,AMD,FirePro S7150,,,29623.0,33575.0,True,False,GPU_scores_graphicsAPIs.csv,alanjo/gpu-scores-with-cuda-metal-opencl-vulkan
487798fecaa3a2d7ac40,AMD,FirePro S9300 x2,,,27971.0,37109.0,True,False,GPU_scores_graphicsAPIs.csv,alanjo/gpu-scores-with-cuda-metal-opencl-vulkan
b548775cdfc728f2d071,AMD,FirePro V,,,3109.0,,True,False,GPU_scores_graphicsAPIs.csv,alanjo/gpu-scores-with-cuda-metal-opencl-vulkan
f194a92c972d588f55ab,AMD,FirePro V3900,,,1395.0,,True,False,GPU_scores_graphicsAPIs.csv,alanjo/gpu-scores-with-cuda-metal-opencl-vulkan
efdd01782c28777eada4,AMD,FirePro V4800,,,1490.0,,True,False,GPU_scores_graphicsAPIs.csv,alanjo/gpu-scores-with-cuda-metal-opencl-vulkan
049a0b94745d9bb79508,AMD,FirePro V4900,,,1666.0,,True,False,GPU_scores_graphicsAPIs.csv,alanjo/gpu-scores-with-cuda-metal-opencl-vulkan
af0aab42de4a548a17b2,AMD,FirePro V5800,,,2740.0,,True,False,GPU_scores_graphicsAPIs.csv,alanjo/gpu-scores-with-cuda-metal-opencl-vulkan
f754dfb84c14c444dc77,AMD,FirePro V5900,,,2880.0,,True,False,GPU_scores_graphicsAPIs.csv,alanjo/gpu-scores-with-cuda-metal-opencl-vulkan
2f2d604f88c41f34504f,AMD,FirePro V7800,,,4894.0,,True,False,GPU_scores_graphicsAPIs.csv,alanjo/gpu-scores-with-cuda-metal-opencl-vulkan
7d0326f715cd6e9e1d4b,AMD,FirePro W2100,,,4425.0,,True,False,GPU_scores_graphicsAPIs.csv,alanjo/gpu-scores-with-cuda-metal-opencl-vulkan
20726c9e691c1d9a2db5,AMD,FirePro W4100,,,6575.0,7852.0,True,False,GPU_scores_graphicsAPIs.csv,alanjo/gpu-scores-with-cuda-metal-opencl-vulkan
72d92d252a37814edb17,AMD,FirePro W4170M,,,5507.0,,True,False,GPU_scores_graphicsAPIs.csv,alanjo/gpu-scores-with-cuda-metal-opencl-vulkan
28d25828b08d69119cc9,AMD,FirePro W4190M,,,5705.0,,True,False,GPU_scores_graphicsAPIs.csv,alanjo/gpu-scores-with-cuda-metal-opencl-vulkan
fc33acc8e8f135905e5d,AMD,FirePro W5000,,,12387.0,16955.0,True,False,GPU_scores_graphicsAPIs.csv,alanjo/gpu-scores-with-cuda-metal-opencl-vulkan
7bd5b2a711575b18e8bb,AMD,FirePro W5100,,,13903.0,16106.0,True,False,GPU_scores_graphicsAPIs.csv,alanjo/gpu-scores-with-cuda-metal-opencl-vulkan
754c399a0279d665626c,AMD,FirePro W5130M,,,7779.0,8337.0,True,False,GPU_scores_graphicsAPIs.csv,alanjo/gpu-scores-with-cuda-metal-opencl-vulkan
3c8d6d3351eb19d88cec,AMD,FirePro W5170M,,,8775.0,,True,False,GPU_scores_graphicsAPIs.csv,alanjo/gpu-scores-with-cuda-metal-opencl-vulkan
3b4bef7d2c647dab2ecf,AMD,FirePro W7000,,,21082.0,,True,False,GPU_scores_graphicsAPIs.csv,alanjo/gpu-scores-with-cuda-metal-opencl-vulkan
5da3e9abaac2ae250745,AMD,FirePro W7100,,,26357.0,25403.0,True,False,GPU_scores_graphicsAPIs.csv,alanjo/gpu-scores-with-cuda-metal-opencl-vulkan
ded2c436171d275c131c,AMD,FirePro W8100,,,34705.0,,True,False,GPU_scores_graphicsAPIs.csv,alanjo/gpu-scores-with-cuda-metal-opencl-vulkan
4d977210cdfcef83ff18,AMD,FirePro W9000,,,31775.0,,True,False,GPU_scores_graphicsAPIs.csv,alanjo/gpu-scores-with-cuda-metal-opencl-vulkan
b6ec606a23f1a4c8251c,AMD,FirePro W9100,,,43046.0,,True,False,GPU_scores_graphicsAPIs.csv,alanjo/gpu-scores-with-cuda-metal-opencl-vulkan
7246d36eaa9482a7f2cb,Nvidia,GeForce 410M,,,872.0,,True,False,GPU_scores_graphicsAPIs.csv,alanjo/gpu-scores-with-cuda-metal-opencl-vulkan
14a3d76ebc2a6c69ce4a,,GeForce 410M,,,1008.0,,True,False,GPU_scores_graphics_API_v2_noCUDA.csv,alanjo/gpu-scores-with-cuda-metal-opencl-vulkan
06d3cfbdddaf478d7b62,Nvidia,GeForce 510,,,758.0,,True,False,GPU_scores_graphicsAPIs.csv,alanjo/gpu-scores-with-cuda-metal-opencl-vulkan
cb72d6e188826f738de0,,GeForce 510,,,758.0,,True,False,GPU_scores_graphics_API_v2_noCUDA.csv,alanjo/gpu-scores-with-cuda-metal-opencl-vulkan
4e143a0f25e85279a118,Nvidia,GeForce 605,,,764.0,,True,False,GPU_scores_graphicsAPIs.csv,alanjo/gpu-scores-with-cuda-metal-opencl-vulkan
334993a57502f82de30a,,GeForce 605,,,883.0,,True,False,GPU_scores_graphics_API_v2_noCUDA.csv,alanjo/gpu-scores-with-cuda-metal-opencl-vulkan
49a97e16a719c673d513,Nvidia,GeForce 610M,,,1086.0,,True,False,GPU_scores_graphicsAPIs.csv,alanjo/gpu-scores-with-cuda-metal-opencl-vulkan
ae2ddb2bc1c3e151b415,,GeForce 610M,,,1396.0,,True,False,GPU_scores_graphics_API_v2_noCUDA.csv,alanjo/gpu-scores-with-cuda-metal-opencl-vulkan
fdfe52abef1bbbfddba9,Nvidia,GeForce 615,,,1162.0,,True,False,GPU_scores_graphicsAPIs.csv,alanjo/gpu-scores-with-cuda-metal-opencl-vulkan
f0e16b357976e06538b9,,GeForce 615,,,1322.0,,True,False,GPU_scores_graphics_API_v2_noCUDA.csv,alanjo/gpu-scores-with-cuda-metal-opencl-vulkan
33e8ebdca314b23454f4,Nvidia,GeForce 710A,,,2638.0,,True,False,GPU_scores_graphicsAPIs.csv,alanjo/gpu-scores-with-cuda-metal-opencl-vulkan
844921f078751bebd9d8,Nvidia,GeForce 710M,,,1976.0,,True,False,GPU_scores_graphicsAPIs.csv,alanjo/gpu-scores-with-cuda-metal-opencl-vulkan
2753b78b2bccffa22a32,,GeForce 710M,,,2461.0,,True,False,GPU_scores_graphics_API_v2_noCUDA.csv,alanjo/gpu-scores-with-cuda-metal-opencl-vulkan
530c13334b28c27bd76d,Nvidia,GeForce 730A,,,3088.0,,True,False,GPU_scores_graphicsAPIs.csv,alanjo/gpu-scores-with-cuda-metal-opencl-vulkan
739f2d6103653cb23e45,,GeForce 730A,,,3491.0,,True,False,GPU_scores_graphics_API_v2_noCUDA.csv,alanjo/gpu-scores-with-cuda-metal-opencl-vulkan
d638cdfeae9aa2b01d5b,Nvidia,GeForce 800M,,,1303.0,,True,False,GPU_scores_graphicsAPIs.csv,alanjo/gpu-scores-with-cuda-metal-opencl-vulkan
94ad90f911a6c466a69b,Nvidia,GeForce 810A,,,1828.0,,True,False,GPU_scores_graphicsAPIs.csv,alanjo/gpu-scores-with-cuda-metal-opencl-vulkan
6d220e169f2552a73901,Nvidia,GeForce 810M,,,1644.0,,True,False,GPU_scores_graphicsAPIs.csv,alanjo/gpu-scores-with-cuda-metal-opencl-vulkan
5029926d92536ecd4979,Nvidia,GeForce 820A,,,2708.0,,True,False,GPU_scores_graphicsAPIs.csv,alanjo/gpu-scores-with-cuda-metal-opencl-vulkan
38fc133f899687ae03d0,,GeForce 820A,,,3032.0,,True,False,GPU_scores_graphics_API_v2_noCUDA.csv,alanjo/gpu-scores-with-cuda-metal-opencl-vulkan
56685b67d453a956cc72,Nvidia,GeForce 820M,,,2347.0,,True,False,GPU_scores_graphicsAPIs.csv,alanjo/gpu-scores-with-cuda-metal-opencl-vulkan
df73c1a20dc6b1001507,,GeForce 820M,,,2777.0,,True,False,GPU_scores_graphics_API_v2_noCUDA.csv,alanjo/gpu-scores-with-cuda-metal-opencl-vulkan
92e1a405f358a9ce5d81,Nvidia,GeForce 830A,,,4315.0,,True,False,GPU_scores_graphicsAPIs.csv,alanjo/gpu-scores-with-cuda-metal-opencl-vulkan
5698e0f4c34d4c581634,Nvidia,GeForce 830M,4342.0,,4422.0,4078.0,True,False,GPU_scores_graphicsAPIs.csv,alanjo/gpu-scores-with-cuda-metal-opencl-vulkan
854735693181cb18ff05,,GeForce 830M,,,4426.0,4078.0,True,False,GPU_scores_graphics_API_v2_noCUDA.csv,alanjo/gpu-scores-with-cuda-metal-opencl-vulkan
b7d6989c0a8032189afa,Nvidia,GeForce 840A,,,5596.0,,True,False,GPU_scores_graphicsAPIs.csv,alanjo/gpu-scores-with-cuda-metal-opencl-vulkan
79b99af08740ee5eba7d,Nvidia,GeForce 840M,5629.0,,5938.0,5207.0,True,False,GPU_scores_graphicsAPIs.csv,alanjo/gpu-scores-with-cuda-metal-opencl-vulkan
a0b1f2e7d40447813117,,GeForce 840M,,,5744.0,5001.0,True,False,GPU_scores_graphics_API_v2_noCUDA.csv,alanjo/gpu-scores-with-cuda-metal-opencl-vulkan
e587259e3a16c42732c0,Nvidia,GeForce 845M,,,6112.0,,True,False,GPU_scores_graphicsAPIs.csv,alanjo/gpu-scores-with-cuda-metal-opencl-vulkan
0b6abe9ab18f52c665d7,Nvidia,GeForce 910M,,,2629.0,,True,False,GPU_scores_graphicsAPIs.csv,alanjo/gpu-scores-with-cuda-metal-opencl-vulkan
e60ad413222033bf9923,Nvidia,GeForce 920M,2766.0,,3462.0,3215.0,True,False,GPU_scores_graphicsAPIs.csv,alanjo/gpu-scores-with-cuda-metal-opencl-vulkan
5e77b3744cd136cb841d,,GeForce 920M,,,3682.0,,True,False,GPU_scores_graphics_API_v2_noCUDA.csv,alanjo/gpu-scores-with-cuda-metal-opencl-vulkan
141522cdee89b2ed4917,Nvidia,GeForce 920MX,4274.0,,4210.0,3723.0,True,False,GPU_scores_graphicsAPIs.csv,alanjo/gpu-scores-with-cuda-metal-opencl-vulkan
3ccded63d2e8566c3d72,,GeForce 920MX,,,3894.0,,True,False,GPU_scores_graphics_API_v2_noCUDA.csv,alanjo/gpu-scores-with-cuda-metal-opencl-vulkan
c91141a1b95b6576dcff,Nvidia,GeForce 930A,,,5317.0,,True,False,GPU_scores_graphicsAPIs.csv,alanjo/gpu-scores-with-cuda-metal-opencl-vulkan
b9e1b039178a6a773b8c,,GeForce 930A,,,5317.0,,True,False,GPU_scores_graphics_API_v2_noCUDA.csv,alanjo/gpu-scores-with-cuda-metal-opencl-vulkan
b8365a211db8977dd756,Nvidia,GeForce 930M,5123.0,,5333.0,4601.0,True,False,GPU_scores_graphicsAPIs.csv,alanjo/gpu-scores-with-cuda-metal-opencl-vulkan
714bfbee4f3f1057168b,,GeForce 930M,,,5060.0,,True,False,GPU_scores_graphics_API_v2_noCUDA.csv,alanjo/gpu-scores-with-cuda-metal-opencl-vulkan
cdd4af05b47c84152d6a,Nvidia,GeForce 930MX,5599.0,,5764.0,5367.0,True,False,GPU_scores_graphicsAPIs.csv,alanjo/gpu-scores-with-cuda-metal-opencl-vulkan
1198e653bd7ae5f8fc13,,GeForce 930MX,,,5516.0,3967.0,True,False,GPU_scores_graphics_API_v2_noCUDA.csv,alanjo/gpu-scores-with-cuda-metal-opencl-vulkan
5acd254d8440c948702c,Nvidia,GeForce 940M,5882.0,,6193.0,5469.0,True,False,GPU_scores_graphicsAPIs.csv,alanjo/gpu-scores-with-cuda-metal-opencl-vulkan
c037b297bfe6b542fcbc,,GeForce 940M,,,5979.0,4908.0,True,False,GPU_scores_graphics_API_v2_noCUDA.csv,alanjo/gpu-scores-with-cuda-metal-opencl-vulkan
f400bcb4e0059ef9b92f,Nvidia,GeForce 940MX,6363.0,,6582.0,5823.0,True,False,GPU_scores_graphicsAPIs.csv,alanjo/gpu-scores-with-cuda-metal-opencl-vulkan
667f194ba49259defaa8,,GeForce 940MX,,,6301.0,4957.0,True,False,GPU_scores_graphics_API_v2_noCUDA.csv,alanjo/gpu-scores-with-cuda-metal-opencl-vulkan
50c7ec81615c0a347698,Nvidia,GeForce 945M,,,8099.0,,True,False,GPU_scores_graphicsAPIs.csv,alanjo/gpu-scores-with-cuda-metal-opencl-vulkan
d1a9ba5c13c6e97eb438,,GeForce 945M,,,8099.0,,True,False,GPU_scores_graphics_API_v2_noCUDA.csv,alanjo/gpu-scores-with-cuda-metal-opencl-vulkan
3c6b4c8e7d4a14702ac5,,GeForce GPU,,,6526.0,,True,False,GPU_scores_graphics_API_v2_noCUDA.csv,alanjo/gpu-scores-with-cuda-metal-opencl-vulkan
a2695c3ba032f90d30d9,Nvidia,GeForce GT 1030,10307.0,,10713.0,10201.0,True,False,GPU_scores_graphicsAPIs.csv,alanjo/gpu-scores-with-cuda-metal-opencl-vulkan
0f07978f476a412ab817,,GeForce GT 1030,,,9738.0,9423.0,True,False,GPU_scores_graphics_API_v2_noCUDA.csv,alanjo/gpu-scores-with-cuda-metal-opencl-vulkan
679ccf7f94846a9845f5,Nvidia,GeForce GT 415M,,,751.0,,True,False,GPU_scores_graphicsAPIs.csv,alanjo/gpu-scores-with-cuda-metal-opencl-vulkan
c780062f311d248defbd,,GeForce GT 415M,,,751.0,,True,False,GPU_scores_graphics_API_v2_noCUDA.csv,alanjo/gpu-scores-with-cuda-metal-opencl-vulkan
9df2eec36d023d00a856,Nvidia,GeForce GT 420,,,1055.0,,True,False,GPU_scores_graphicsAPIs.csv,alanjo/gpu-scores-with-cuda-metal-opencl-vulkan
587075a43cf434692f45,,GeForce GT 420,,,1163.0,,True,False,GPU_scores_graphics_API_v2_noCUDA.csv,alanjo/gpu-scores-with-cuda-metal-opencl-vulkan
0fea893d203d7930816a,Nvidia,GeForce GT 420M,,,1334.0,,True,False,GPU_scores_graphicsAPIs.csv,alanjo/gpu-scores-with-cuda-metal-opencl-vulkan
c7ae74ba92b2fab61ae0,Nvidia,GeForce GT 425M,,,1581.0,,True,False,GPU_scores_graphicsAPIs.csv,alanjo/gpu-scores-with-cuda-metal-opencl-vulkan
581ea57a522d21c22057,,GeForce GT 425M,,,1875.0,,True,False,GPU_scores_graphics_API_v2_noCUDA.csv,alanjo/gpu-scores-with-cuda-metal-opencl-vulkan
360e20a4c38b15e80895,Nvidia,GeForce GT 430,,,1974.0,,True,False,GPU_scores_graphicsAPIs.csv,alanjo/gpu-scores-with-cuda-metal-opencl-vulkan
3405085c2dae45576d66,,GeForce GT 430,,,2239.0,,True,False,GPU_scores_graphics_API_v2_noCUDA.csv,alanjo/gpu-scores-with-cuda-metal-opencl-vulkan
9b9d66b44bb3bcf56f69,Nvidia,GeForce GT 435M,,,1634.0,,True,False,GPU_scores_graphicsAPIs.csv,alanjo/gpu-scores-with-cuda-metal-opencl-vulkan
c87b116c6ee675bea2e5,Nvidia,GeForce GT 440,,,2380.0,,True,False,GPU_scores_graphicsAPIs.csv,alanjo/gpu-scores-with-cuda-metal-opencl-vulkan
bce8304e2af7503c4a5e,,GeForce GT 440,,,2610.0,,True,False,GPU_scores_graphics_API_v2_noCUDA.csv,alanjo/gpu-scores-with-cuda-metal-opencl-vulkan
3d6d91ed12414515d186,Nvidia,GeForce GT 520,,,1139.0,,True,False,GPU_scores_graphicsAPIs.csv,alanjo/gpu-scores-with-cuda-metal-opencl-vulkan
74ec5bf3094d69004719,,GeForce GT 520,,,1260.0,,True,False,GPU_scores_graphics_API_v2_noCUDA.csv,alanjo/gpu-scores-with-cuda-metal-opencl-vulkan
fa0ac7f0f57cc2a0d72a,Nvidia,GeForce GT 520M,,,1013.0,,True,False,GPU_scores_graphicsAPIs.csv,alanjo/gpu-scores-with-cuda-metal-opencl-vulkan
cb6ded984389d68bea31,,GeForce GT 520M,,,1333.0,,True,False,GPU_scores_graphics_API_v2_noCUDA.csv,alanjo/gpu-scores-with-cuda-metal-opencl-vulkan
f1422fe6378572bb6f32,Nvidia,GeForce GT 520MX,,,1081.0,,True,False,GPU_scores_graphicsAPIs.csv,alanjo/gpu-scores-with-cuda-metal-opencl-vulkan
b051ad6cbe4cc692a73d,,GeForce GT 520MX,,,1465.0,,True,False,GPU_scores_graphics_API_v2_noCUDA.csv,alanjo/gpu-scores-with-cuda-metal-opencl-vulkan
722f9709108b19b63160,Nvidia,GeForce GT 525M,,,1562.0,,True,False,GPU_scores_graphicsAPIs.csv,alanjo/gpu-scores-with-cuda-metal-opencl-vulkan
8243aa08c9813bcdb696,,GeForce GT 525M,,,1861.0,,True,False,GPU_scores_graphics_API_v2_noCUDA.csv,alanjo/gpu-scores-with-cuda-metal-opencl-vulkan
09ccb5da2dcaae3f0970,Nvidia,GeForce GT 530,,,1947.0,,True,False,GPU_scores_graphicsAPIs.csv,alanjo/gpu-scores-with-cuda-metal-opencl-vulkan
d0136c7bb00558493b07,,GeForce GT 530,,,2269.0,,True,False,GPU_scores_graphics_API_v2_noCUDA.csv,alanjo/gpu-scores-with-cuda-metal-opencl-vulkan
2d9d841f21e90f8b764f,Nvidia,GeForce GT 540M,,,1797.0,,True,False,GPU_scores_graphicsAPIs.csv,alanjo/gpu-scores-with-cuda-metal-opencl-vulkan
fdbd4ebedb658ee5943b,,GeForce GT 540M,,,2146.0,,True,False,GPU_scores_graphics_API_v2_noCUDA.csv,alanjo/gpu-scores-with-cuda-metal-opencl-vulkan
2dedfade5f82496497c3,Nvidia,GeForce GT 545,,,3261.0,,True,False,GPU_scores_graphicsAPIs.csv,alanjo/gpu-scores-with-cuda-metal-opencl-vulkan
2e426999695324f13b8a,,GeForce GT 545,,,3693.0,,True,False,GPU_scores_graphics_API_v2_noCUDA.csv,alanjo/gpu-scores-with-cuda-metal-opencl-vulkan
e4b70a27e72b25412b9c,Nvidia,GeForce GT 550M,,,2137.0,,True,False,GPU_scores_graphicsAPIs.csv,alanjo/gpu-scores-with-cuda-metal-opencl-vulkan
a00e9d9bbaa29f0378e7,,GeForce GT 550M,,,2351.0,,True,False,GPU_scores_graphics_API_v2_noCUDA.csv,alanjo/gpu-scores-with-cuda-metal-opencl-vulkan
e558e9112e88b36bce50,Nvidia,GeForce GT 555M,,,2629.0,,True,False,GPU_scores_graphicsAPIs.csv,alanjo/gpu-scores-with-cuda-metal-opencl-vulkan
ea0faca0cacfdcf9e90c,,GeForce GT 555M,,,2833.0,,True,False,GPU_scores_graphics_API_v2_noCUDA.csv,alanjo/gpu-scores-with-cuda-metal-opencl-vulkan
43d82d6bd79da7816d6f,Nvidia,GeForce GT 610,,,1164.0,,True,False,GPU_scores_graphicsAPIs.csv,alanjo/gpu-scores-with-cuda-metal-opencl-vulkan
2d345b8c8c571fb8d96b,,GeForce GT 610,,,1283.0,,True,False,GPU_scores_graphics_API_v2_noCUDA.csv,alanjo/gpu-scores-with-cuda-metal-opencl-vulkan
46e8acfda1a898cd8fcc,Nvidia,GeForce GT 620,,,1337.0,,True,False,GPU_scores_graphicsAPIs.csv,alanjo/gpu-scores-with-cuda-metal-opencl-vulkan
c17736be020233a843cd,,GeForce GT 620,,,1545.0,,True,False,GPU_scores_graphics_API_v2_noCUDA.csv,alanjo/gpu-scores-with-cuda-metal-opencl-vulkan
3a44410f780dcb91908c,Nvidia,GeForce GT 620M,,,1605.0,,True,False,GPU_scores_graphicsAPIs.csv,alanjo/gpu-scores-with-cuda-metal-opencl-vulkan
11461962faede410fabb,,GeForce GT 620M,,,2137.0,,True,False,GPU_scores_graphics_API_v2_noCUDA.csv,alanjo/gpu-scores-with-cuda-metal-opencl-vulkan
bf517d5e62d3d2c2a5ca,Nvidia,GeForce GT 625,,,1026.0,,True,False,GPU_scores_graphicsAPIs.csv,alanjo/gpu-scores-with-cuda-metal-opencl-vulkan
7c6b51339472c607770c,Nvidia,GeForce GT 625 (OEM),,,1345.0,,True,False,GPU_scores_graphicsAPIs.csv,alanjo/gpu-scores-with-cuda-metal-opencl-vulkan
c7a4f56546fd866cae1e,Nvidia,GeForce GT 625M,,,2229.0,,True,False,GPU_scores_graphicsAPIs.csv,alanjo/gpu-scores-with-cuda-metal-opencl-vulkan
9992a758779133834dad,Nvidia,GeForce GT 630,2317.0,1239.0,2654.0,2548.0,True,False,GPU_scores_graphicsAPIs.csv,alanjo/gpu-scores-with-cuda-metal-opencl-vulkan
599565182d9737cda17b,,GeForce GT 630,,,2414.0,2511.0,True,False,GPU_scores_graphics_API_v2_noCUDA.csv,alanjo/gpu-scores-with-cuda-metal-opencl-vulkan
4e623f7a4e06a5353303,Nvidia,GeForce GT 630M,,,1860.0,,True,False,GPU_scores_graphicsAPIs.csv,alanjo/gpu-scores-with-cuda-metal-opencl-vulkan
7b125cc1b0ec685f9fab,,GeForce GT 630M,,,2406.0,,True,False,GPU_scores_graphics_API_v2_noCUDA.csv,alanjo/gpu-scores-with-cuda-metal-opencl-vulkan
290464a0fc317cd8803c,Nvidia,GeForce GT 635,2794.0,,3732.0,3417.0,True,False,GPU_scores_graphicsAPIs.csv,alanjo/gpu-scores-with-cuda-metal-opencl-vulkan
00f8878515e2fedcc16b,,GeForce GT 635,,,3763.0,3417.0,True,False,GPU_scores_graphics_API_v2_noCUDA.csv,alanjo/gpu-scores-with-cuda-metal-opencl-vulkan
bc40a5a7fdb40f262e6e,Nvidia,GeForce GT 635M,,,1901.0,,True,False,GPU_scores_graphicsAPIs.csv,alanjo/gpu-scores-with-cuda-metal-opencl-vulkan
2966349a7a8226a9fb50,,GeForce GT 635M,,,2532.0,,True,False,GPU_scores_graphics_API_v2_noCUDA.csv,alanjo/gpu-scores-with-cuda-metal-opencl-vulkan
d29e1db985609c7d90c2,Nvidia,GeForce GT 640,2853.0,,3876.0,3620.0,True,False,GPU_scores_graphicsAPIs.csv,alanjo/gpu-scores-with-cuda-metal-opencl-vulkan
ff37b1417f307dc4db3b,,GeForce GT 640,,,3721.0,3683.0,True,False,GPU_scores_graphics_API_v2_noCUDA.csv,alanjo/gpu-scores-with-cuda-metal-opencl-vulkan
332f674693976cecdca1,Nvidia,GeForce GT 640M,2200.0,1435.0,2485.0,2732.0,True,False,GPU_scores_graphicsAPIs.csv,alanjo/gpu-scores-with-cuda-metal-opencl-vulkan
5a320bcdb44e16c62536,,GeForce GT 640M,,,3187.0,,True,False,GPU_scores_graphics_API_v2_noCUDA.csv,alanjo/gpu-scores-with-cuda-metal-opencl-vulkan
bcb3a1901cb6572bd8c5,Nvidia,GeForce GT 640M LE,,,1915.0,2240.0,True,False,GPU_scores_graphicsAPIs.csv,alanjo/gpu-scores-with-cuda-metal-opencl-vulkan
ac4e4fc7cb8a45eb185f,,GeForce GT 640M LE,,,2265.0,2240.0,True,False,GPU_scores_graphics_API_v2_noCUDA.csv,alanjo/gpu-scores-with-cuda-metal-opencl-vulkan
a85c446e8c52645ad415,Nvidia,GeForce GT 645M,,,2445.0,,True,False,GPU_scores_graphicsAPIs.csv,alanjo/gpu-scores-with-cuda-metal-opencl-vulkan
de01cbe17db743dccbc6,,GeForce GT 645M,,,2642.0,,True,False,GPU_scores_graphics_API_v2_noCUDA.csv,alanjo/gpu-scores-with-cuda-metal-opencl-vulkan
3728090ec68f815eaa1a,Nvidia,GeForce GT 650M,2651.0,1850.0,1793.0,3247.0,True,False,GPU_scores_graphicsAPIs.csv,alanjo/gpu-scores-with-cuda-metal-opencl-vulkan
db08beaa5549f523ba44,,GeForce GT 650M,,,3792.0,,True,False,GPU_scores_graphics_API_v2_noCUDA.csv,alanjo/gpu-scores-with-cuda-metal-opencl-vulkan
d3e4a2e02c404c7048a7,Nvidia,GeForce GT 705,,,1247.0,,True,False,GPU_scores_graphicsAPIs.csv,alanjo/gpu-scores-with-cuda-metal-opencl-vulkan
975168bdf2b8e4bbcf03,,GeForce GT 705,,,1373.0,,True,False,GPU_scores_graphics_API_v2_noCUDA.csv,alanjo/gpu-scores-with-cuda-metal-opencl-vulkan
041c77f32167e54ad8f6,Nvidia,GeForce GT 710,1534.0,1108.0,2079.0,1939.0,True,False,GPU_scores_graphicsAPIs.csv,alanjo/gpu-scores-with-cuda-metal-opencl-vulkan
9fcd5e45620c3d5fc52c,,GeForce GT 710,,,1949.0,1942.0,True,False,GPU_scores_graphics_API_v2_noCUDA.csv,alanjo/gpu-scores-with-cuda-metal-opencl-vulkan
4631088e94d960d39a1b,Nvidia,GeForce GT 710M,,,2103.0,,True,False,GPU_scores_graphicsAPIs.csv,alanjo/gpu-scores-with-cuda-metal-opencl-vulkan
3b01d9e65a81cd97fa7c,,GeForce GT 710M,,,2476.0,,True,False,GPU_scores_graphics_API_v2_noCUDA.csv,alanjo/gpu-scores-with-cuda-metal-opencl-vulkan
cb01cf7b2316498af1f4,Nvidia,GeForce GT 720,1514.0,1343.0,2372.0,2361.0,True,False,GPU_scores_graphicsAPIs.csv,alanjo/gpu-scores-with-cuda-metal-opencl-vulkan
8eac90782bbaf326bc94,,GeForce GT 720,,,2241.0,,True,False,GPU_scores_graphics_API_v2_noCUDA.csv,alanjo/gpu-scores-with-cuda-metal-opencl-vulkan
7fe8d5d8bbc9324c92b3,Nvidia,GeForce GT 720M,,,2056.0,,True,False,GPU_scores_graphicsAPIs.csv,alanjo/gpu-scores-with-cuda-metal-opencl-vulkan
132fdfe48113587fadfc,,GeForce GT 720M,,,2606.0,,True,False,GPU_scores_graphics_API_v2_noCUDA.csv,alanjo/gpu-scores-with-cuda-metal-opencl-vulkan
79e0792b5f13167f8f52,Nvidia,GeForce GT 730,2743.0,1933.0,3690.0,3447.0,True,False,GPU_scores_graphicsAPIs.csv,alanjo/gpu-scores-with-cuda-metal-opencl-vulkan
1be011c0a186e167a67e,,GeForce GT 730,,,2911.0,3628.0,True,False,GPU_scores_graphics_API_v2_noCUDA.csv,alanjo/gpu-scores-with-cuda-metal-opencl-vulkan
937f307b4d1a034733f1,Nvidia,GeForce GT 730M,2459.0,,3437.0,3025.0,True,False,GPU_scores_graphicsAPIs.csv,alanjo/gpu-scores-with-cuda-metal-opencl-vulkan
585e49ee581c9c8de5f5,,GeForce GT 730M,,,3233.0,,True,False,GPU_scores_graphics_API_v2_noCUDA.csv,alanjo/gpu-scores-with-cuda-metal-opencl-vulkan
9920e808fe255aa8ec20,Nvidia,GeForce GT 735M,,,3550.0,,True,False,GPU_scores_graphicsAPIs.csv,alanjo/gpu-scores-with-cuda-metal-opencl-vulkan
cb882a01a920342b1222,Nvidia,GeForce GT 740,3302.0,,4243.0,4201.0,True,False,GPU_scores_graphicsAPIs.csv,alanjo/gpu-scores-with-cuda-metal-opencl-vulkan
415ce738f09d60c0c407,,GeForce GT 740,,,4387.0,4199.0,True,False,GPU_scores_graphics_API_v2_noCUDA.csv,alanjo/gpu-scores-with-cuda-metal-opencl-vulkan
0a030c5d9ede00ac0a3f,Nvidia,GeForce GT 740M,2783.0,,3590.0,3564.0,True,False,GPU_scores_graphicsAPIs.csv,alanjo/gpu-scores-with-cuda-metal-opencl-vulkan
eef20944f9c507656205,,GeForce GT 740M,,,3891.0,3538.0,True,False,GPU_scores_graphics_API_v2_noCUDA.csv,alanjo/gpu-scores-with-cuda-metal-opencl-vulkan
8a1d1650372ebb0659e7,Nvidia,GeForce GT 745M,2836.0,,3470.0,3644.0,True,False,GPU_scores_graphicsAPIs.csv,alanjo/gpu-scores-with-cuda-metal-opencl-vulkan
d8a0e53efca640d9cd36,,GeForce GT 745M,,,3367.0,,True,False,GPU_scores_graphics_API_v2_noCUDA.csv,alanjo/gpu-scores-with-cuda-metal-opencl-vulkan
c836b65161ddef279753,Nvidia,GeForce GT 750M,3118.0,2044.0,1958.0,3874.0,True,False,GPU_scores_graphicsAPIs.csv,alanjo/gpu-scores-with-cuda-metal-opencl-vulkan
f89a4f6ce7fcfae85f23,,GeForce GT 750M,,,4257.0,,True,False,GPU_scores_graphics_API_v2_noCUDA.csv,alanjo/gpu-scores-with-cuda-metal-opencl-vulkan
194c654da16ed79d5842,Nvidia,GeForce GT 755M,,2407.0,2199.0,4226.0,True,False,GPU_scores_graphicsAPIs.csv,alanjo/gpu-scores-with-cuda-metal-opencl-vulkan
72b3bf27757951bcc959,,GeForce GT 755M,,,4944.0,,True,False,GPU_scores_graphics_API_v2_noCUDA.csv,alanjo/gpu-scores-with-cuda-metal-opencl-vulkan
2e4ad451bf85ffa11f7b,Nvidia,GeForce GT 820M,,,1508.0,,True,False,GPU_scores_graphicsAPIs.csv,alanjo/gpu-scores-with-cuda-metal-opencl-vulkan
8719df7332e67c54f3bd,,GeForce GT 820M,,,2498.0,,True,False,GPU_scores_graphics_API_v2_noCUDA.csv,alanjo/gpu-scores-with-cuda-metal-opencl-vulkan
8c0c59921e5628f50610,Nvidia,GeForce GT625M,,,1994.0,,True,False,GPU_scores_graphicsAPIs.csv,alanjo/gpu-scores-with-cuda-metal-opencl-vulkan
8c1d78085c2c8ee92045,,GeForce GT625M,,,1994.0,,True,False,GPU_scores_graphics_API_v2_noCUDA.csv,alanjo/gpu-scores-with-cuda-metal-opencl-vulkan
d19445758d2244afb3e5,Nvidia,GeForce GTS 450,,,4501.0,,True,False,GPU_scores_graphicsAPIs.csv,alanjo/gpu-scores-with-cuda-metal-opencl-vulkan
a75937f07b97bb29969b,,GeForce GTS 450,,,4992.0,,True,False,GPU_scores_graphics_API_v2_noCUDA.csv,alanjo/gpu-scores-with-cuda-metal-opencl-vulkan
ce493e8a606eac3df004,Nvidia,GeForce GTX 1050,17206.0,7823.0,18573.0,17953.0,True,False,GPU_scores_graphicsAPIs.csv,alanjo/gpu-scores-with-cuda-metal-opencl-vulkan
7b2a5a1755310aefde40,,GeForce GTX 1050,,,17448.0,15413.0,True,False,GPU_scores_graphics_API_v2_noCUDA.csv,alanjo/gpu-scores-with-cuda-metal-opencl-vulkan
9c54479960b938e41606,Nvidia,GeForce GTX 1050 Ti,20616.0,7834.0,22192.0,21230.0,True,False,GPU_scores_graphicsAPIs.csv,alanjo/gpu-scores-with-cuda-metal-opencl-vulkan
e326afb215b8884485be,,GeForce GTX 1050 Ti,,,20723.0,19792.0,True,False,GPU_scores_graphics_API_v2_noCUDA.csv,alanjo/gpu-scores-with-cuda-metal-opencl-vulkan
4c66fc58cffcc5333246,Nvidia,GeForce GTX 1050 Ti with Max-Q Design,18936.0,,20678.0,18970.0,True,False,GPU_scores_graphicsAPIs.csv,alanjo/gpu-scores-with-cuda-metal-opencl-vulkan
f696a405dcb8ca5b5212,,GeForce GTX 1050 Ti with Max-Q Design,,,19710.0,,True,False,GPU_scores_graphics_API_v2_noCUDA.csv,alanjo/gpu-scores-with-cuda-metal-opencl-vulkan
a7e0b5044125c5d7aa7c,Nvidia,GeForce GTX 1050 with Max-Q Design,15058.0,,17020.0,16857.0,True,False,GPU_scores_graphicsAPIs.csv,alanjo/gpu-scores-with-cuda-metal-opencl-vulkan
82c2a066dff126487b5e,,GeForce GTX 1050 with Max-Q Design,,,13861.0,,True,False,GPU_scores_graphics_API_v2_noCUDA.csv,alanjo/gpu-scores-with-cuda-metal-opencl-vulkan
35175e07130ae81c63cc,Nvidia,GeForce GTX 1060,31129.0,13531.0,32388.0,31476.0,True,False,GPU_scores_graphicsAPIs.csv,alanjo/gpu-scores-with-cuda-metal-opencl-vulkan
ce747a8b2c3371084299,,GeForce GTX 1060,,,30954.0,29529.0,True,False,GPU_scores_graphics_API_v2_noCUDA.csv,alanjo/gpu-scores-with-cuda-metal-opencl-vulkan
4d036d6330cbf96e2759,Nvidia,GeForce GTX 1060 3GB,31922.0,13527.0,33958.0,33939.0,True,False,GPU_scores_graphicsAPIs.csv,alanjo/gpu-scores-with-cuda-metal-opencl-vulkan
590e81abf8607ce2ec5e,,GeForce GTX 1060 3GB,,,32374.0,31962.0,True,False,GPU_scores_graphics_API_v2_noCUDA.csv,alanjo/gpu-scores-with-cuda-metal-opencl-vulkan
8c0e0710846f89594810,Nvidia,GeForce GTX 1060 5GB,30206.0,,33671.0,36656.0,True,False,GPU_scores_graphicsAPIs.csv,alanjo/gpu-scores-with-cuda-metal-opencl-vulkan
6ca79190cae2bd159e7d,,GeForce GTX 1060 5GB,,,33397.0,,True,False,GPU_scores_graphics_API_v2_noCUDA.csv,alanjo/gpu-scores-with-cuda-metal-opencl-vulkan
a1484895e0311e13b61e,Nvidia,GeForce GTX 1060 6GB,34034.0,14587.0,36416.0,37241.0,True,False,GPU_scores_graphicsAPIs.csv,alanjo/gpu-scores-with-cuda-metal-opencl-vulkan
cfff4c50a5968ca593ef,,GeForce GTX 1060 6GB,,,35227.0,34213.0,True,False,GPU_scores_graphics_API_v2_noCUDA.csv,alanjo/gpu-scores-with-cuda-metal-opencl-vulkan
d858afacf125618806e9,Nvidia,GeForce GTX 1060 with Max-Q Design,28312.0,,29934.0,32085.0,True,False,GPU_scores_graphicsAPIs.csv,alanjo/gpu-scores-with-cuda-metal-opencl-vulkan
623c446202bfa0c53198,,GeForce GTX 1060 with Max-Q Design,,,30225.0,27485.0,True,False,GPU_scores_graphics_API_v2_noCUDA.csv,alanjo/gpu-scores-with-cuda-metal-opencl-vulkan
c3739abf26db47d0e33d,Nvidia,GeForce GTX 1070,45558.0,18801.0,47750.0,53125.0,True,False,GPU_scores_graphicsAPIs.csv,alanjo/gpu-scores-with-cuda-metal-opencl-vulkan
8c3300d09ae03701746c,,GeForce GTX 1070,,,47312.0,47993.0,True,False,GPU_scores_graphics_API_v2_noCUDA.csv,alanjo/gpu-scores-with-cuda-metal-opencl-vulkan
1427ecf6f763366c0e23,Nvidia,GeForce GTX 1070 Ti,50088.0,22180.0,52434.0,59088.0,True,False,GPU_scores_graphicsAPIs.csv,alanjo/gpu-scores-with-cuda-metal-opencl-vulkan
33383f4b83aa5b280b30,,GeForce GTX 1070 Ti,,,55396.0,61066.0,True,False,GPU_scores_graphics_API_v2_noCUDA.csv,alanjo/gpu-scores-with-cuda-metal-opencl-vulkan
00723fded86f00dfb5db,Nvidia,GeForce GTX 1070 with Max-Q Design,38193.0,,39907.0,41167.0,True,False,GPU_scores_graphicsAPIs.csv,alanjo/gpu-scores-with-cuda-metal-opencl-vulkan
743a91c374b17ba0b631,,GeForce GTX 1070 with Max-Q Design,,,41185.0,,True,False,GPU_scores_graphics_API_v2_noCUDA.csv,alanjo/gpu-scores-with-cuda-metal-opencl-vulkan
97b9af6ac46d094ec85a,Nvidia,GeForce GTX 1080,51531.0,23824.0,54640.0,66552.0,True,False,GPU_scores_graphicsAPIs.csv,alanjo/gpu-scores-with-cuda-metal-opencl-vulkan
f907a8ef905cf22a212a,,GeForce GTX 1080,,,55395.0,65625.0,True,False,GPU_scores_graphics_API_v2_noCUDA.csv,alanjo/gpu-scores-with-cuda-metal-opencl-vulkan
c97d4397bed7fa7c0470,Nvidia,GeForce GTX 1080 Ti,55628.0,30624.0,61295.0,85662.0,True,False,GPU_scores_graphicsAPIs.csv,alanjo/gpu-scores-with-cuda-metal-opencl-vulkan
63364abe16d127b22007,,GeForce GTX 1080 Ti,,,67339.0,85846.0,True,False,GPU_scores_graphics_API_v2_noCUDA.csv,alanjo/gpu-scores-with-cuda-metal-opencl-vulkan
aba2694546a4fd15a816,Nvidia,GeForce GTX 1080 with Max-Q Design,46955.0,,46870.0,58341.0,True,False,GPU_scores_graphicsAPIs.csv,alanjo/gpu-scores-with-cuda-metal-opencl-vulkan
e9a2c928dacf028c8eda,Nvidia,GeForce GTX 1650,40258.0,,38315.0,35907.0,True,False,GPU_scores_graphicsAPIs.csv,alanjo/gpu-scores-with-cuda-metal-opencl-vulkan
428145f2568eb6fa6195,,GeForce GTX 1650,,,39222.0,36174.0,True,False,GPU_scores_graphics_API_v2_noCUDA.csv,alanjo/gpu-scores-with-cuda-metal-opencl-vulkan
62c4990a8e767f1ec53e,Nvidia,GeForce GTX 1650 SUPER,57126.0,,53834.0,49211.0,True,False,GPU_scores_graphicsAPIs.csv,alanjo/gpu-scores-with-cuda-metal-opencl-vulkan
8944c9ac4b7c7eed37d4,,GeForce GTX 1650 SUPER,,,55415.0,53985.0,True,False,GPU_scores_graphics_API_v2_noCUDA.csv,alanjo/gpu-scores-with-cuda-metal-opencl-vulkan
2462298836144b5d35d1,Nvidia,GeForce GTX 1650 Ti,48337.0,,43645.0,38972.0,True,False,GPU_scores_graphicsAPIs.csv,alanjo/gpu-scores-with-cuda-metal-opencl-vulkan
9e233463b8e9f4a15e54,,GeForce GTX 1650 Ti,,,42040.0,39389.0,True,False,GPU_scores_graphics_API_v2_noCUDA.csv,alanjo/gpu-scores-with-cuda-metal-opencl-vulkan
bc4523a614f04607b2f1,Nvidia,GeForce GTX 1650 Ti with Max-Q Design,41158.0,,40474.0,36968.0,True,False,GPU_scores_graphicsAPIs.csv,alanjo/gpu-scores-with-cuda-metal-opencl-vulkan
d2863a9b72a1d3ef6293,,GeForce GTX 1650 Ti with Max-Q Design,,,39301.0,38931.0,True,False,GPU_scores_graphics_API_v2_noCUDA.csv,alanjo/gpu-scores-with-cuda-metal-opencl-vulkan
caf4e4b3252d0264f2db,Nvidia,GeForce GTX 1650 with Max-Q Design,37945.0,,36447.0,32737.0,True,False,GPU_scores_graphicsAPIs.csv,alanjo/gpu-scores-with-cuda-metal-opencl-vulkan
cd30d266904a64224bf1,,GeForce GTX 1650 with Max-Q Design,,,36679.0,34432.0,True,False,GPU_scores_graphics_API_v2_noCUDA.csv,alanjo/gpu-scores-with-cuda-metal-opencl-vulkan
850c340ec43fbd2d2e52,Nvidia,GeForce GTX 1660,60503.0,,55712.0,51028.0,True,False,GPU_scores_graphicsAPIs.csv,alanjo/gpu-scores-with-cuda-metal-opencl-vulkan
b927abf4a508e7c05ee3,,GeForce GTX 1660,,,57744.0,55763.0,True,False,GPU_scores_graphics_API_v2_noCUDA.csv,alanjo/gpu-scores-with-cuda-metal-opencl-vulkan
d71645420a5a7f32ce55,Nvidia,GeForce GTX 1660 SUPER,65154.0,,60772.0,55624.0,True,False,GPU_scores_graphicsAPIs.csv,alanjo/gpu-scores-with-cuda-metal-opencl-vulkan
8bb75246f94bad0bd790,,GeForce GTX 1660 SUPER,,,62637.0,60240.0,True,False,GPU_scores_graphics_API_v2_noCUDA.csv,alanjo/gpu-scores-with-cuda-metal-opencl-vulkan
2c5cf91530ff6a23b693,Nvidia,GeForce GTX 1660 Ti,66368.0,,61373.0,53550.0,True,False,GPU_scores_graphicsAPIs.csv,alanjo/gpu-scores-with-cuda-metal-opencl-vulkan
0613236d48832f93fd5a,Nvidia,GeForce GTX 1660 Ti,,,,51863.0,True,False,GPU_scores_graphicsAPIs.csv,alanjo/gpu-scores-with-cuda-metal-opencl-vulkan
fce7c58bb22075e25e91,,GeForce GTX 1660 Ti,,,60731.0,58703.0,True,False,GPU_scores_graphics_API_v2_noCUDA.csv,alanjo/gpu-scores-with-cuda-metal-opencl-vulkan
6eda1fd619d8aaf78f59,Nvidia,GeForce GTX 1660 Ti with Max-Q Design,61528.0,,54310.0,48658.0,True,False,GPU_scores_graphicsAPIs.csv,alanjo/gpu-scores-with-cuda-metal-opencl-vulkan
bd2a2aeb53c25afbdfc1,,GeForce GTX 1660 Ti with Max-Q Design,,,53091.0,,True,False,GPU_scores_graphics_API_v2_noCUDA.csv,alanjo/gpu-scores-with-cuda-metal-opencl-vulkan
9aa7807af2d6967b0a3c,Nvidia,GeForce GTX 460,,,6630.0,,True,False,GPU_scores_graphicsAPIs.csv,alanjo/gpu-scores-with-cuda-metal-opencl-vulkan
efdf288522b364604b9b,,GeForce GTX 460,,,7738.0,,True,False,GPU_scores_graphics_API_v2_noCUDA.csv,alanjo/gpu-scores-with-cuda-metal-opencl-vulkan
67e87bccb96dea7d718b,Nvidia,GeForce GTX 460 SE,,,5358.0,,True,False,GPU_scores_graphicsAPIs.csv,alanjo/gpu-scores-with-cuda-metal-opencl-vulkan
542e36eb745dd6ad8e37,,GeForce GTX 460 SE,,,6636.0,,True,False,GPU_scores_graphics_API_v2_noCUDA.csv,alanjo/gpu-scores-with-cuda-metal-opencl-vulkan
74f9cf4a1964d0d91024,Nvidia,GeForce GTX 460 v2,,,7872.0,,True,False,GPU_scores_graphicsAPIs.csv,alanjo/gpu-scores-with-cuda-metal-opencl-vulkan
a9f001b2c6fd390dd7df,Nvidia,GeForce GTX 460M,,,3483.0,,True,False,GPU_scores_graphicsAPIs.csv,alanjo/gpu-scores-with-cuda-metal-opencl-vulkan
3cc156eb46b2fb8369de,,GeForce GTX 460M,,,4090.0,,True,False,GPU_scores_graphics_API_v2_noCUDA.csv,alanjo/gpu-scores-with-cuda-metal-opencl-vulkan
eb46b5976a688408d486,Nvidia,GeForce GTX 465,,,8081.0,,True,False,GPU_scores_graphicsAPIs.csv,alanjo/gpu-scores-with-cuda-metal-opencl-vulkan
e08f45c5feb80f5b8df6,Nvidia,GeForce GTX 470,,,10408.0,,True,False,GPU_scores_graphicsAPIs.csv,alanjo/gpu-scores-with-cuda-metal-opencl-vulkan
d1d34a9325365c8458c1,,GeForce GTX 470,,,11144.0,,True,False,GPU_scores_graphics_API_v2_noCUDA.csv,alanjo/gpu-scores-with-cuda-metal-opencl-vulkan
733b726e172772615cec,Nvidia,GeForce GTX 480,,,12241.0,,True,False,GPU_scores_graphicsAPIs.csv,alanjo/gpu-scores-with-cuda-metal-opencl-vulkan
474bac796ceec32d663e,,GeForce GTX 480,,,13113.0,,True,False,GPU_scores_graphics_API_v2_noCUDA.csv,alanjo/gpu-scores-with-cuda-metal-opencl-vulkan
33d2b906eb4fb855e84a,Nvidia,GeForce GTX 550 Ti,,,5305.0,,True,False,GPU_scores_graphicsAPIs.csv,alanjo/gpu-scores-with-cuda-metal-opencl-vulkan
44b21c645f916f2bf5f6,,GeForce GTX 550 Ti,,,5778.0,,True,False,GPU_scores_graphics_API_v2_noCUDA.csv,alanjo/gpu-scores-with-cuda-metal-opencl-vulkan
b5bcd05f31d3b59d7a8c,Nvidia,GeForce GTX 560,,,8094.0,,True,False,GPU_scores_graphicsAPIs.csv,alanjo/gpu-scores-with-cuda-metal-opencl-vulkan
b6f063a5da1af45813e2,,GeForce GTX 560,,,9080.0,,True,False,GPU_scores_graphics_API_v2_noCUDA.csv,alanjo/gpu-scores-with-cuda-metal-opencl-vulkan
0f8daacc02368a81892a,Nvidia,GeForce GTX 560 SE,,,6235.0,,True,False,GPU_scores_graphicsAPIs.csv,alanjo/gpu-scores-with-cuda-metal-opencl-vulkan
a5f9b21fc8904c277a76,Nvidia,GeForce GTX 560 Ti,,,9263.0,,True,False,GPU_scores_graphicsAPIs.csv,alanjo/gpu-scores-with-cuda-metal-opencl-vulkan
e19c1563c1c1fa54d954,,GeForce GTX 560 Ti,,,10701.0,,True,False,GPU_scores_graphics_API_v2_noCUDA.csv,alanjo/gpu-scores-with-cuda-metal-opencl-vulkan
9c606f8646dffb124b75,Nvidia,GeForce GTX 560M,,,4284.0,,True,False,GPU_scores_graphicsAPIs.csv,alanjo/gpu-scores-with-cuda-metal-opencl-vulkan
a9aa1c59cb54d5c5722b,,GeForce GTX 560M,,,4927.0,,True,False,GPU_scores_graphics_API_v2_noCUDA.csv,alanjo/gpu-scores-with-cuda-metal-opencl-vulkan
b2fb7e3c1e9ffd6d7734,Nvidia,GeForce GTX 570,,,12316.0,,True,False,GPU_scores_graphicsAPIs.csv,alanjo/gpu-scores-with-cuda-metal-opencl-vulkan
acce98e5b5a5952001de,,GeForce GTX 570,,,13593.0,,True,False,GPU_scores_graphics_API_v2_noCUDA.csv,alanjo/gpu-scores-with-cuda-metal-opencl-vulkan
eb68e73003cf1d7734c8,Nvidia,GeForce GTX 580,,,14740.0,,True,False,GPU_scores_graphicsAPIs.csv,alanjo/gpu-scores-with-cuda-metal-opencl-vulkan
7ba97947cf4a3239e4bf,,GeForce GTX 580,,,14918.0,,True,False,GPU_scores_graphics_API_v2_noCUDA.csv,alanjo/gpu-scores-with-cuda-metal-opencl-vulkan
55ece719adf81d12b50a,Nvidia,GeForce GTX 580M,,,5837.0,,True,False,GPU_scores_graphicsAPIs.csv,alanjo/gpu-scores-with-cuda-metal-opencl-vulkan
fbc97dffbdfd5c5e5dce,,GeForce GTX 580M,,,6389.0,,True,False,GPU_scores_graphics_API_v2_noCUDA.csv,alanjo/gpu-scores-with-cuda-metal-opencl-vulkan
0261c7c1489a065c3f47,Nvidia,GeForce GTX 590,,,11950.0,,True,False,GPU_scores_graphicsAPIs.csv,alanjo/gpu-scores-with-cuda-metal-opencl-vulkan
3183865ccf0c027c7481,Nvidia,GeForce GTX 645,3630.0,2716.0,5217.0,,True,False,GPU_scores_graphicsAPIs.csv,alanjo/gpu-scores-with-cuda-metal-opencl-vulkan
97fc72fc36231e784d71,,GeForce GTX 645,,,5344.0,,True,False,GPU_scores_graphics_API_v2_noCUDA.csv,alanjo/gpu-scores-with-cuda-metal-opencl-vulkan
e7304f354f0f8a416416,Nvidia,GeForce GTX 650,3469.0,2446.0,4712.0,4293.0,True,False,GPU_scores_graphicsAPIs.csv,alanjo/gpu-scores-with-cuda-metal-opencl-vulkan
169fc26a5005c0137968,,GeForce GTX 650,,,4514.0,4593.0,True,False,GPU_scores_graphics_API_v2_noCUDA.csv,alanjo/gpu-scores-with-cuda-metal-opencl-vulkan
1f7df1e50877964b0586,Nvidia,GeForce GTX 650 Ti,6223.0,3858.0,8083.0,7772.0,True,False,GPU_scores_graphicsAPIs.csv,alanjo/gpu-scores-with-cuda-metal-opencl-vulkan
b9cb3968b4296b879096,,GeForce GTX 650 Ti,,,7996.0,,True,False,GPU_scores_graphics_API_v2_noCUDA.csv,alanjo/gpu-scores-with-cuda-metal-opencl-vulkan
652a341f9ac72bb35a38,Nvidia,GeForce GTX 650 Ti BOOST,7132.0,,9450.0,8863.0,True,False,GPU_scores_graphicsAPIs.csv,alanjo/gpu-scores-with-cuda-metal-opencl-vulkan
1200f46d681974803aec,,GeForce GTX 650 Ti BOOST,,,9323.0,8785.0,True,False,GPU_scores_graphics_API_v2_noCUDA.csv,alanjo/gpu-scores-with-cuda-metal-opencl-vulkan
9393d16ffe2817cb9d8e,Nvidia,GeForce GTX 660,8583.0,5449.0,11381.0,10693.0,True,False,GPU_scores_graphicsAPIs.csv,alanjo/gpu-scores-with-cuda-metal-opencl-vulkan
040de0a635bd64cd3d1b,,GeForce GTX 660,,,11397.0,11416.0,True,False,GPU_scores_graphics_API_v2_noCUDA.csv,alanjo/gpu-scores-with-cuda-metal-opencl-vulkan
5845dcd90fb2938b7f3d,Nvidia,GeForce GTX 660 Ti,11298.0,6670.0,14647.0,14555.0,True,False,GPU_scores_graphicsAPIs.csv,alanjo/gpu-scores-with-cuda-metal-opencl-vulkan
a72ce6572c502c563125,,GeForce GTX 660 Ti,,,15364.0,15491.0,True,False,GPU_scores_graphics_API_v2_noCUDA.csv,alanjo/gpu-scores-with-cuda-metal-opencl-vulkan
8c4bc9498fbfbd544e47,Nvidia,GeForce GTX 660M,2901.0,2083.0,3649.0,3524.0,True,False,GPU_scores_graphicsAPIs.csv,alanjo/gpu-scores-with-cuda-metal-opencl-vulkan
5b0641696adcbdcc63eb,,GeForce GTX 660M,,,4028.0,3524.0,True,False,GPU_scores_graphics_API_v2_noCUDA.csv,alanjo/gpu-scores-with-cuda-metal-opencl-vulkan
1adabfd833b647d6ca08,Nvidia,GeForce GTX 670,11969.0,7421.0,14780.0,14358.0,True,False,GPU_scores_graphicsAPIs.csv,alanjo/gpu-scores-with-cuda-metal-opencl-vulkan
e92dbd4ba153ecf21c60,,GeForce GTX 670,,,15626.0,15634.0,True,False,GPU_scores_graphics_API_v2_noCUDA.csv,alanjo/gpu-scores-with-cuda-metal-opencl-vulkan
227e1d7519176f5f149e,Nvidia,GeForce GTX 670M,,,5785.0,,True,False,GPU_scores_graphicsAPIs.csv,alanjo/gpu-scores-with-cuda-metal-opencl-vulkan
b37df31d746b0fde89d7,,GeForce GTX 670M,,,6316.0,,True,False,GPU_scores_graphics_API_v2_noCUDA.csv,alanjo/gpu-scores-with-cuda-metal-opencl-vulkan
d0671db6115381e92268,Nvidia,GeForce GTX 670MX,,,6033.0,5316.0,True,False,GPU_scores_graphicsAPIs.csv,alanjo/gpu-scores-with-cuda-metal-opencl-vulkan
3cb0461d794e2bfe50b1,,GeForce GTX 670MX,,,6032.0,5316.0,True,False,GPU_scores_graphics_API_v2_noCUDA.csv,alanjo/gpu-scores-with-cuda-metal-opencl-vulkan
3ada755222688e230cdf,Nvidia,GeForce GTX 675M,,,5752.0,,True,False,GPU_scores_graphicsAPIs.csv,alanjo/gpu-scores-with-cuda-metal-opencl-vulkan
455824fa1b6c9840551d,Nvidia,GeForce GTX 675MX,7085.0,4660.0,4095.0,,True,False,GPU_scores_graphicsAPIs.csv,alanjo/gpu-scores-with-cuda-metal-opencl-vulkan
f3b83a5ab2e04ffd24e6,,GeForce GTX 675MX,,,10685.0,,True,False,GPU_scores_graphics_API_v2_noCUDA.csv,alanjo/gpu-scores-with-cuda-metal-opencl-vulkan
f2f53fba65d858b04947,Nvidia,GeForce GTX 680,13627.0,8002.0,16368.0,16340.0,True,False,GPU_scores_graphicsAPIs.csv,alanjo/gpu-scores-with-cuda-metal-opencl-vulkan
31e92de0007350a3b7ef,,GeForce GTX 680,,,18427.0,17566.0,True,False,GPU_scores_graphics_API_v2_noCUDA.csv,alanjo/gpu-scores-with-cuda-metal-opencl-vulkan
1496d94693b1625057f1,Nvidia,GeForce GTX 680M,,4815.0,8385.0,,True,False,GPU_scores_graphicsAPIs.csv,alanjo/gpu-scores-with-cuda-metal-opencl-vulkan
c88347352b66e19a68f2,,GeForce GTX 680M,,,10446.0,,True,False,GPU_scores_graphics_API_v2_noCUDA.csv,alanjo/gpu-scores-with-cuda-metal-opencl-vulkan
b0d97171bbb3c8f70df2,Nvidia,GeForce GTX 680MX,11307.0,5069.0,4568.0,,True,False,GPU_scores_graphicsAPIs.csv,alanjo/gpu-scores-with-cuda-metal-opencl-vulkan
2ea54a9064a5d72099a0,,GeForce GTX 680MX,,,12233.0,,True,False,GPU_scores_graphics_API_v2_noCUDA.csv,alanjo/gpu-scores-with-cuda-metal-opencl-vulkan
2c18f565d7ee00747889,Nvidia,GeForce GTX 690,12549.0,7870.0,15421.0,15021.0,True,False,GPU_scores_graphicsAPIs.csv,alanjo/gpu-scores-with-cuda-metal-opencl-vulkan
0813f167590d1d27297d,,GeForce GTX 690,,,18772.0,14979.0,True,False,GPU_scores_graphics_API_v2_noCUDA.csv,alanjo/gpu-scores-with-cuda-metal-opencl-vulkan
752b5cd7790e00bcb60c,Nvidia,GeForce GTX 745,6443.0,2777.0,6300.0,6087.0,True,False,GPU_scores_graphicsAPIs.csv,alanjo/gpu-scores-with-cuda-metal-opencl-vulkan
51a465428cda2fe33c88,,GeForce GTX 745,,,6123.0,,True,False,GPU_scores_graphics_API_v2_noCUDA.csv,alanjo/gpu-scores-with-cuda-metal-opencl-vulkan
349d2921a325a36ade77,Nvidia,GeForce GTX 750,10510.0,4274.0,10644.0,10015.0,True,False,GPU_scores_graphicsAPIs.csv,alanjo/gpu-scores-with-cuda-metal-opencl-vulkan
1cff62adaefa97963c30,,GeForce GTX 750,,,9553.0,8939.0,True,False,GPU_scores_graphics_API_v2_noCUDA.csv,alanjo/gpu-scores-with-cuda-metal-opencl-vulkan
f7ee4a510c8f68d2bbfd,Nvidia,GeForce GTX 750 Ti,12510.0,5182.0,12954.0,12372.0,True,False,GPU_scores_graphicsAPIs.csv,alanjo/gpu-scores-with-cuda-metal-opencl-vulkan
252ffd8843ab9a947a4e,,GeForce GTX 750 Ti,,,11434.0,10065.0,True,False,GPU_scores_graphics_API_v2_noCUDA.csv,alanjo/gpu-scores-with-cuda-metal-opencl-vulkan
25c0dfaffced0ebd75ef,Nvidia,GeForce GTX 760,10683.0,6570.0,12578.0,12985.0,True,False,GPU_scores_graphicsAPIs.csv,alanjo/gpu-scores-with-cuda-metal-opencl-vulkan
4c0a49050760a4fce4e4,,GeForce GTX 760,,,14299.0,13738.0,True,False,GPU_scores_graphics_API_v2_noCUDA.csv,alanjo/gpu-scores-with-cuda-metal-opencl-vulkan
c2f0abcba9312c26c268,Nvidia,GeForce GTX 760 (192-bit),9058.0,,11189.0,10748.0,True,False,GPU_scores_graphicsAPIs.csv,alanjo/gpu-scores-with-cuda-metal-opencl-vulkan
a4ebe7761e565059ba8a,,GeForce GTX 760 (192-bit),,,12002.0,,True,False,GPU_scores_graphics_API_v2_noCUDA.csv,alanjo/gpu-scores-with-cuda-metal-opencl-vulkan
55087105765a5706ef23,Nvidia,GeForce GTX 760 Ti OEM,,,14380.0,,True,False,GPU_scores_graphicsAPIs.csv,alanjo/gpu-scores-with-cuda-metal-opencl-vulkan
21ba6b9d038f10bd1a3d,Nvidia,GeForce GTX 760M,4287.0,,5553.0,4868.0,True,False,GPU_scores_graphicsAPIs.csv,alanjo/gpu-scores-with-cuda-metal-opencl-vulkan
277eb9d0c8ccf65e1a4e,,GeForce GTX 760M,,,5568.0,4868.0,True,False,GPU_scores_graphics_API_v2_noCUDA.csv,alanjo/gpu-scores-with-cuda-metal-opencl-vulkan
1030a3020b33817032a8,Nvidia,GeForce GTX 765M,5514.0,3189.0,5299.0,6714.0,True,False,GPU_scores_graphicsAPIs.csv,alanjo/gpu-scores-with-cuda-metal-opencl-vulkan
1429b684ca5743b077b4,,GeForce GTX 765M,,,7268.0,6714.0,True,False,GPU_scores_graphics_API_v2_noCUDA.csv,alanjo/gpu-scores-with-cuda-metal-opencl-vulkan
962efec1e4b383558262,Nvidia,GeForce GTX 770,13824.0,8636.0,17483.0,17236.0,True,False,GPU_scores_graphicsAPIs.csv,alanjo/gpu-scores-with-cuda-metal-opencl-vulkan
d844ac748350401933df,,GeForce GTX 770,,,17942.0,17543.0,True,False,GPU_scores_graphics_API_v2_noCUDA.csv,alanjo/gpu-scores-with-cuda-metal-opencl-vulkan
709213a8984b2e27b6d2,Nvidia,GeForce GTX 770M,6572.0,4147.0,6585.0,,True,False,GPU_scores_graphicsAPIs.csv,alanjo/gpu-scores-with-cuda-metal-opencl-vulkan
2128faa205daeeeed88e,,GeForce GTX 770M,,,8561.0,,True,False,GPU_scores_graphics_API_v2_noCUDA.csv,alanjo/gpu-scores-with-cuda-metal-opencl-vulkan
c6384c856374c1e4cd0f,Nvidia,GeForce GTX 775M,,5183.0,4424.0,,True,False,GPU_scores_graphicsAPIs.csv,alanjo/gpu-scores-with-cuda-metal-opencl-vulkan
a2e8f4adec0f20f453fa,,GeForce GTX 775M,,,11960.0,,True,False,GPU_scores_graphics_API_v2_noCUDA.csv,alanjo/gpu-scores-with-cuda-metal-opencl-vulkan
f940d0822e29aa8f9df3,Nvidia,GeForce GTX 780,18049.0,9797.0,21004.0,21940.0,True,False,GPU_scores_graphicsAPIs.csv,alanjo/gpu-scores-with-cuda-metal-opencl-vulkan
001140428a81e32a2c35,,GeForce GTX 780,,,23131.0,,True,False,GPU_scores_graphics_API_v2_noCUDA.csv,alanjo/gpu-scores-with-cuda-metal-opencl-vulkan
9ce0a3d03da6c2773aca,Nvidia,GeForce GTX 780 Ti,20877.0,12375.0,25535.0,27453.0,True,False,GPU_scores_graphicsAPIs.csv,alanjo/gpu-scores-with-cuda-metal-opencl-vulkan
64f7edf9119a2181cf16,,GeForce GTX 780 Ti,,,28119.0,,True,False,GPU_scores_graphics_API_v2_noCUDA.csv,alanjo/gpu-scores-with-cuda-metal-opencl-vulkan
33fda23c2924b4e8197f,Nvidia,GeForce GTX 780M,9535.0,5641.0,5211.0,11135.0,True,False,GPU_scores_graphicsAPIs.csv,alanjo/gpu-scores-with-cuda-metal-opencl-vulkan
94475435c85877a31f1b,,GeForce GTX 780M,,,12759.0,12696.0,True,False,GPU_scores_graphics_API_v2_noCUDA.csv,alanjo/gpu-scores-with-cuda-metal-opencl-vulkan
d2e77d0709ce6ac36e97,Nvidia,GeForce GTX 850M,9545.0,,10030.0,9370.0,True,False,GPU_scores_graphicsAPIs.csv,alanjo/gpu-scores-with-cuda-metal-opencl-vulkan
00600b690263839d14ce,,GeForce GTX 850M,,,9711.0,,True,False,GPU_scores_graphics_API_v2_noCUDA.csv,alanjo/gpu-scores-with-cuda-metal-opencl-vulkan
9b2bdbd569b295cc9f40,Nvidia,GeForce GTX 860M,11144.0,4900.0,11550.0,10627.0,True,False,GPU_scores_graphicsAPIs.csv,alanjo/gpu-scores-with-cuda-metal-opencl-vulkan
3ff29b24ceddd215cb79,,GeForce GTX 860M,,,10286.0,10627.0,True,False,GPU_scores_graphics_API_v2_noCUDA.csv,alanjo/gpu-scores-with-cuda-metal-opencl-vulkan
bee59516c2ff0bbd3c28,Nvidia,GeForce GTX 870M,9499.0,5899.0,11021.0,11207.0,True,False,GPU_scores_graphicsAPIs.csv,alanjo/gpu-scores-with-cuda-metal-opencl-vulkan
87e9195469c5aa4038ad,,GeForce GTX 870M,,,12595.0,,True,False,GPU_scores_graphics_API_v2_noCUDA.csv,alanjo/gpu-scores-with-cuda-metal-opencl-vulkan
9d34ace6e337adef8d07,Nvidia,GeForce GTX 880M,10249.0,6863.0,13023.0,13675.0,True,False,GPU_scores_graphicsAPIs.csv,alanjo/gpu-scores-with-cuda-metal-opencl-vulkan
ac2f596ac15aa9814947,,GeForce GTX 880M,,,14543.0,,True,False,GPU_scores_graphics_API_v2_noCUDA.csv,alanjo/gpu-scores-with-cuda-metal-opencl-vulkan
4f54a544eb21f9312677,Nvidia,GeForce GTX 950,15998.0,7172.0,18233.0,18345.0,True,False,GPU_scores_graphicsAPIs.csv,alanjo/gpu-scores-with-cuda-metal-opencl-vulkan
e5ac76191aa4bcc5c891,,GeForce GTX 950,,,16643.0,,True,False,GPU_scores_graphics_API_v2_noCUDA.csv,alanjo/gpu-scores-with-cuda-metal-opencl-vulkan
4ff63b3867a52a1743eb,Nvidia,GeForce GTX 950A,,,10489.0,,True,False,GPU_scores_graphicsAPIs.csv,alanjo/gpu-scores-with-cuda-metal-opencl-vulkan
ddf9099da7b8b5b7979e,,GeForce GTX 950A,,,9986.0,,True,False,GPU_scores_graphics_API_v2_noCUDA.csv,alanjo/gpu-scores-with-cuda-metal-opencl-vulkan
9ad77ab35addcee9c8ae,Nvidia,GeForce GTX 950M,9777.0,,10170.0,9069.0,True,False,GPU_scores_graphicsAPIs.csv,alanjo/gpu-scores-with-cuda-metal-opencl-vulkan
a4d81659b17792f48ab1,,GeForce GTX 950M,,,9669.0,6802.0,True,False,GPU_scores_graphics_API_v2_noCUDA.csv,alanjo/gpu-scores-with-cuda-metal-opencl-vulkan
ee9be2ded663ed5397ea,Nvidia,GeForce GTX 960,17784.0,8773.0,21072.0,22380.0,True,False,GPU_scores_graphicsAPIs.csv,alanjo/gpu-scores-with-cuda-metal-opencl-vulkan
f9d9d74329c47b92ac45,,GeForce GTX 960,,,18685.0,20507.0,True,False,GPU_scores_graphics_API_v2_noCUDA.csv,alanjo/gpu-scores-with-cuda-metal-opencl-vulkan
0f6c53af655255a314b3,Nvidia,GeForce GTX 960M,11818.0,,12257.0,10582.0,True,False,GPU_scores_graphicsAPIs.csv,alanjo/gpu-scores-with-cuda-metal-opencl-vulkan
06c0febf8d766fc358bc,,GeForce GTX 960M,,,10887.0,8742.0,True,False,GPU_scores_graphics_API_v2_noCUDA.csv,alanjo/gpu-scores-with-cuda-metal-opencl-vulkan
e9c748343b25a8f7fa09,Nvidia,GeForce GTX 965M,13861.0,,16496.0,16483.0,True,False,GPU_scores_graphicsAPIs.csv,alanjo/gpu-scores-with-cuda-metal-opencl-vulkan
59ce951c3fa43da73b07,,GeForce GTX 965M,,,14528.0,,True,False,GPU_scores_graphics_API_v2_noCUDA.csv,alanjo/gpu-scores-with-cuda-metal-opencl-vulkan
e3f507004a47dcdb77a0,Nvidia,GeForce GTX 970,25908.0,13595.0,29153.0,34107.0,True,False,GPU_scores_graphicsAPIs.csv,alanjo/gpu-scores-with-cuda-metal-opencl-vulkan
7b8a37dec532fda1dd51,,GeForce GTX 970,,,28410.0,31161.0,True,False,GPU_scores_graphics_API_v2_noCUDA.csv,alanjo/gpu-scores-with-cuda-metal-opencl-vulkan
4d73ae06847d2fc1199d,Nvidia,GeForce GTX 970M,18285.0,,20012.0,21753.0,True,False,GPU_scores_graphicsAPIs.csv,alanjo/gpu-scores-with-cuda-metal-opencl-vulkan
ea0f81b437bcac3ebcf6,,GeForce GTX 970M,,,18996.0,,True,False,GPU_scores_graphics_API_v2_noCUDA.csv,alanjo/gpu-scores-with-cuda-metal-opencl-vulkan
826d23f880203a92c496,Nvidia,GeForce GTX 980,29848.0,15163.0,33463.0,41306.0,True,False,GPU_scores_graphicsAPIs.csv,alanjo/gpu-scores-with-cuda-metal-opencl-vulkan
70bfc54c948981aa0afb,,GeForce GTX 980,,,34824.0,,True,False,GPU_scores_graphics_API_v2_noCUDA.csv,alanjo/gpu-scores-with-cuda-metal-opencl-vulkan
105411a5f3edef2d54ad,Nvidia,GeForce GTX 980 Ti,36268.0,19520.0,40025.0,54616.0,True,False,GPU_scores_graphicsAPIs.csv,alanjo/gpu-scores-with-cuda-metal-opencl-vulkan
e2c78d53a90e0eadefe3,,GeForce GTX 980 Ti,,,42812.0,,True,False,GPU_scores_graphics_API_v2_noCUDA.csv,alanjo/gpu-scores-with-cuda-metal-opencl-vulkan
679ac6abc611f30ae5c6,Nvidia,GeForce GTX 980M,21520.0,,23785.0,26093.0,True,False,GPU_scores_graphicsAPIs.csv,alanjo/gpu-scores-with-cuda-metal-opencl-vulkan
3bdab4cfa197818136f2,,GeForce GTX 980M,,,23672.0,,True,False,GPU_scores_graphics_API_v2_noCUDA.csv,alanjo/gpu-scores-with-cuda-metal-opencl-vulkan
fd831ed58f4e3163ae41,Nvidia,GeForce GTX GTX880M,,,5622.0,,True,False,GPU_scores_graphicsAPIs.csv,alanjo/gpu-scores-with-cuda-metal-opencl-vulkan
098f7f836a33841abf3a,Nvidia,GeForce GTX TITAN,17933.0,10616.0,21881.0,23382.0,True,False,GPU_scores_graphicsAPIs.csv,alanjo/gpu-scores-with-cuda-metal-opencl-vulkan
78a03908db0d8e816096,,GeForce GTX TITAN,,,24511.0,21830.0,True,False,GPU_scores_graphics_API_v2_noCUDA.csv,alanjo/gpu-scores-with-cuda-metal-opencl-vulkan
e2133789fb3c193693af,Nvidia,GeForce GTX TITAN Black,20282.0,12005.0,25112.0,23559.0,True,False,GPU_scores_graphicsAPIs.csv,alanjo/gpu-scores-with-cuda-metal-opencl-vulkan
f6672d2e8178cc17a9f2,,GeForce GTX TITAN Black,,,30000.0,,True,False,GPU_scores_graphics_API_v2_noCUDA.csv,alanjo/gpu-scores-with-cuda-metal-opencl-vulkan
24ed790bacdb981c3928,Nvidia,GeForce GTX TITAN X,33701.0,18723.0,39047.0,53345.0,True,False,GPU_scores_graphicsAPIs.csv,alanjo/gpu-scores-with-cuda-metal-opencl-vulkan
796aeae19ff9b1bafad8,,GeForce GTX TITAN X,,,41155.0,,True,False,GPU_scores_graphics_API_v2_noCUDA.csv,alanjo/gpu-scores-with-cuda-metal-opencl-vulkan
b20b5b03c03320afc2be,Nvidia,GeForce GTX TITAN Z,18422.0,,22732.0,22006.0,True,False,GPU_scores_graphicsAPIs.csv,alanjo/gpu-scores-with-cuda-metal-opencl-vulkan
06bae3a71f9b14acd364,,GeForce GTX880M,,,5622.0,,True,False,GPU_scores_graphics_API_v2_noCUDA.csv,alanjo/gpu-scores-with-cuda-metal-opencl-vulkan
8230d4a5ce0875d46a27,Nvidia,GeForce MX110,4625.0,,4623.0,4132.0,True,False,GPU_scores_graphicsAPIs.csv,alanjo/gpu-scores-with-cuda-metal-opencl-vulkan
796c5702cdbec3b39f4b,,GeForce MX110,,,4280.0,3434.0,True,False,GPU_scores_graphics_API_v2_noCUDA.csv,alanjo/gpu-scores-with-cuda-metal-opencl-vulkan
10cd18a5598011bb3267,Nvidia,GeForce MX130,7156.0,,7199.0,6515.0,True,False,GPU_scores_graphicsAPIs.csv,alanjo/gpu-scores-with-cuda-metal-opencl-vulkan
992635573e9392557907,,GeForce MX130,,,6490.0,5051.0,True,False,GPU_scores_graphics_API_v2_noCUDA.csv,alanjo/gpu-scores-with-cuda-metal-opencl-vulkan
789720d28103a696c97f,Nvidia,GeForce MX150,9799.0,,10459.0,9867.0,True,False,GPU_scores_graphicsAPIs.csv,alanjo/gpu-scores-with-cuda-metal-opencl-vulkan
1913b30d2548e961c1a0,,GeForce MX150,,,9528.0,8206.0,True,False,GPU_scores_graphics_API_v2_noCUDA.csv,alanjo/gpu-scores-with-cuda-metal-opencl-vulkan
b81bdd4ddaafee1b148e,Nvidia,GeForce MX230,6914.0,,7146.0,7117.0,True,False,GPU_scores_graphicsAPIs.csv,alanjo/gpu-scores-with-cuda-metal-opencl-vulkan
c15c6f54db6e2c8153b9,,GeForce MX230,,,6512.0,,True,False,GPU_scores_graphics_API_v2_noCUDA.csv,alanjo/gpu-scores-with-cuda-metal-opencl-vulkan
a7f95e2e553fbfc5d8b1,Nvidia,GeForce MX250,9734.0,,10197.0,9939.0,True,False,GPU_scores_graphicsAPIs.csv,alanjo/gpu-scores-with-cuda-metal-opencl-vulkan
4d9e0663740dbc4454d2,,GeForce MX250,,,9278.0,9465.0,True,False,GPU_scores_graphics_API_v2_noCUDA.csv,alanjo/gpu-scores-with-cuda-metal-opencl-vulkan
a76f8be91b4b137a62e2,Nvidia,GeForce MX330,9906.0,,10474.0,10022.0,True,False,GPU_scores_graphicsAPIs.csv,alanjo/gpu-scores-with-cuda-metal-opencl-vulkan
1f82a4d4b745f3c7ff14,,GeForce MX330,,,10892.0,,True,False,GPU_scores_graphics_API_v2_noCUDA.csv,alanjo/gpu-scores-with-cuda-metal-opencl-vulkan
372040db6dc3998e00c2,Nvidia,GeForce MX350,12572.0,,13872.0,13882.0,True,False,GPU_scores_graphicsAPIs.csv,alanjo/gpu-scores-with-cuda-metal-opencl-vulkan
727b34ef8b9b2bab0e6c,,GeForce MX350,,,13512.0,14049.0,True,False,GPU_scores_graphics_API_v2_noCUDA.csv,alanjo/gpu-scores-with-cuda-metal-opencl-vulkan
7720f4ad8a41daf9d503,Nvidia,GeForce MX450,29969.0,,29000.0,26378.0,True,False,GPU_scores_graphicsAPIs.csv,alanjo/gpu-scores-with-cuda-metal-opencl-vulkan
0d72fe253733342bce2d,,GeForce MX450,,,29232.0,27944.0,True,False,GPU_scores_graphics_API_v2_noCUDA.csv,alanjo/gpu-scores-with-cuda-metal-opencl-vulkan
37e2319636f892a49927,Nvidia,GeForce MX550,,,36084.0,,True,False,GPU_scores_graphicsAPIs.csv,alanjo/gpu-scores-with-cuda-metal-opencl-vulkan
1a3c68385bac3c0a8ed6,Nvidia,GeForce RTX 2050,,,45986.0,,True,False,GPU_scores_graphicsAPIs.csv,alanjo/gpu-scores-with-cuda-metal-opencl-vulkan
1507f70829ae0048da27,Nvidia,GeForce RTX 2060,78091.0,,70754.0,60775.0,True,False,GPU_scores_graphicsAPIs.csv,alanjo/gpu-scores-with-cuda-metal-opencl-vulkan
9459031ea1d466d8e244,,GeForce RTX 2060,,,71836.0,66881.0,True,False,GPU_scores_graphics_API_v2_noCUDA.csv,alanjo/gpu-scores-with-cuda-metal-opencl-vulkan
0f638388f38aa4f3da39,Nvidia,GeForce RTX 2060 SUPER,95114.0,,85216.0,73672.0,True,False,GPU_scores_graphicsAPIs.csv,alanjo/gpu-scores-with-cuda-metal-opencl-vulkan
8aaaa9d65701bac0314d,,GeForce RTX 2060 SUPER,,,87249.0,84687.0,True,False,GPU_scores_graphics_API_v2_noCUDA.csv,alanjo/gpu-scores-with-cuda-metal-opencl-vulkan
98fd7bb060ee54b4296f,Nvidia,GeForce RTX 2060 with Max-Q Design,67657.0,,61701.0,51683.0,True,False,GPU_scores_graphicsAPIs.csv,alanjo/gpu-scores-with-cuda-metal-opencl-vulkan
1bed298316312ace7aa4,,GeForce RTX 2060 with Max-Q Design,,,64091.0,,True,False,GPU_scores_graphics_API_v2_noCUDA.csv,alanjo/gpu-scores-with-cuda-metal-opencl-vulkan
d6058e537b76a19d8916,Nvidia,GeForce RTX 2070,96024.0,,85818.0,73515.0,True,False,GPU_scores_graphicsAPIs.csv,alanjo/gpu-scores-with-cuda-metal-opencl-vulkan
b66dfbd4fd62bfe911fd,,GeForce RTX 2070,,,87552.0,82964.0,True,False,GPU_scores_graphics_API_v2_noCUDA.csv,alanjo/gpu-scores-with-cuda-metal-opencl-vulkan
6b38de4669e7f9caa6d4,Nvidia,GeForce RTX 2070 SUPER,108083.0,,97485.0,82471.0,True,False,GPU_scores_graphicsAPIs.csv,alanjo/gpu-scores-with-cuda-metal-opencl-vulkan
bb6f8d5f8cdd00781e29,,GeForce RTX 2070 SUPER,,,99453.0,99784.0,True,False,GPU_scores_graphics_API_v2_noCUDA.csv,alanjo/gpu-scores-with-cuda-metal-opencl-vulkan
f3370020507d312ad673,Nvidia,GeForce RTX 2070 Super with Max-Q Design,89663.0,,81209.0,62918.0,True,False,GPU_scores_graphicsAPIs.csv,alanjo/gpu-scores-with-cuda-metal-opencl-vulkan
b33f274f9296f78a8620,,GeForce RTX 2070 Super with Max-Q Design,,,75671.0,,True,False,GPU_scores_graphics_API_v2_noCUDA.csv,alanjo/gpu-scores-with-cuda-metal-opencl-vulkan
213af8e15c0b6d122ca7,Nvidia,GeForce RTX 2070 with Max-Q Design,86778.0,,74397.0,62864.0,True,False,GPU_scores_graphicsAPIs.csv,alanjo/gpu-scores-with-cuda-metal-opencl-vulkan
1113777260e08608378c,,GeForce RTX 2070 with Max-Q Design,,,76059.0,,True,False,GPU_scores_graphics_API_v2_noCUDA.csv,alanjo/gpu-scores-with-cuda-metal-opencl-vulkan
5c0d2731834f4185e19a,Nvidia,GeForce RTX 2080,120612.0,,105930.0,87178.0,True,False,GPU_scores_graphicsAPIs.csv,alanjo/gpu-scores-with-cuda-metal-opencl-vulkan
bd4d7b60179150045860,,GeForce RTX 2080,,,103783.0,,True,False,GPU_scores_graphics_API_v2_noCUDA.csv,alanjo/gpu-scores-with-cuda-metal-opencl-vulkan
d456cd978540fdcc4f03,Nvidia,GeForce RTX 2080 SUPER,126130.0,,114956.0,93540.0,True,False,GPU_scores_graphicsAPIs.csv,alanjo/gpu-scores-with-cuda-metal-opencl-vulkan
ab48e782e36b50873950,,GeForce RTX 2080 SUPER,,,117129.0,109789.0,True,False,GPU_scores_graphics_API_v2_noCUDA.csv,alanjo/gpu-scores-with-cuda-metal-opencl-vulkan
dc03a7523b6c0525db3e,Nvidia,GeForce RTX 2080 Super with Max-Q Design,104422.0,,87462.0,70522.0,True,False,GPU_scores_graphicsAPIs.csv,alanjo/gpu-scores-with-cuda-metal-opencl-vulkan
82ea9167017678126a99,,GeForce RTX 2080 Super with Max-Q Design,,,94019.0,,True,False,GPU_scores_graphics_API_v2_noCUDA.csv,alanjo/gpu-scores-with-cuda-metal-opencl-vulkan
c398ad31b4850233d87d,Nvidia,GeForce RTX 2080 Ti,176681.0,,145322.0,132328.0,True,False,GPU_scores_graphicsAPIs.csv,alanjo/gpu-scores-with-cuda-metal-opencl-vulkan
9b5114934181af859359,,GeForce RTX 2080 Ti,,,136839.0,130888.0,True,False,GPU_scores_graphics_API_v2_noCUDA.csv,alanjo/gpu-scores-with-cuda-metal-opencl-vulkan
c14e4a118bb0a1bfc452,Nvidia,GeForce RTX 2080 with Max-Q Design,104025.0,,87150.0,65188.0,True,False,GPU_scores_graphicsAPIs.csv,alanjo/gpu-scores-with-cuda-metal-opencl-vulkan
2ecba3848e86b66bdb03,,GeForce RTX 2080 with Max-Q Design,,,81976.0,,True,False,GPU_scores_graphics_API_v2_noCUDA.csv,alanjo/gpu-scores-with-cuda-metal-opencl-vulkan
5e70b71628787da9b057,Nvidia,GeForce RTX 3050,72998.0,,71667.0,56109.0,True,False,GPU_scores_graphicsAPIs.csv,alanjo/gpu-scores-with-cuda-metal-opencl-vulkan
a15e40b802ef2d195f5b,Nvidia,GeForce RTX 3050 Laptop GPU,58544.0,,55123.0,47251.0,True,False,GPU_scores_graphicsAPIs.csv,alanjo/gpu-scores-with-cuda-metal-opencl-vulkan
096e297affd394ec6b6a,,GeForce RTX 3050 Laptop GPU,,,49531.0,53428.0,True,False,GPU_scores_graphics_API_v2_noCUDA.csv,alanjo/gpu-scores-with-cuda-metal-opencl-vulkan
ac18241d3266f42b231e,Nvidia,GeForce RTX 3050 Ti Laptop GPU,66487.0,,62154.0,52643.0,True,False,GPU_scores_graphicsAPIs.csv,alanjo/gpu-scores-with-cuda-metal-opencl-vulkan
4036a1fc3b15b2910844,,GeForce RTX 3050 Ti Laptop GPU,,,57748.0,53574.0,True,False,GPU_scores_graphics_API_v2_noCUDA.csv,alanjo/gpu-scores-with-cuda-metal-opencl-vulkan
18a7464d9b3bc5ea4ad5,Nvidia,GeForce RTX 3060,99213.0,,96416.0,74845.0,True,False,GPU_scores_graphicsAPIs.csv,alanjo/gpu-scores-with-cuda-metal-opencl-vulkan
b72644cb92d6bdc717e0,,GeForce RTX 3060,,,88646.0,,True,False,GPU_scores_graphics_API_v2_noCUDA.csv,alanjo/gpu-scores-with-cuda-metal-opencl-vulkan
9b619741d715bae210ee,Nvidia,GeForce RTX 3060 Laptop GPU,98709.0,,92420.0,71210.0,True,False,GPU_scores_graphicsAPIs.csv,alanjo/gpu-scores-with-cuda-metal-opencl-vulkan
2b5ea9029e0de2405d11,,GeForce RTX 3060 Laptop GPU,,,77926.0,84555.0,True,False,GPU_scores_graphics_API_v2_noCUDA.csv,alanjo/gpu-scores-with-cuda-metal-opencl-vulkan
fe46af3cf73da319863c,Nvidia,GeForce RTX 3060 Ti,128321.0,,120183.0,95490.0,True,False,GPU_scores_graphicsAPIs.csv,alanjo/gpu-scores-with-cuda-metal-opencl-vulkan
61588fe8d1b9af1b7c0b,,GeForce RTX 3060 Ti,,,108344.0,115945.0,True,False,GPU_scores_graphics_API_v2_noCUDA.csv,alanjo/gpu-scores-with-cuda-metal-opencl-vulkan
095f7a73d04e43b06c33,Nvidia,GeForce RTX 3070,149734.0,,135064.0,99979.0,True,False,GPU_scores_graphicsAPIs.csv,alanjo/gpu-scores-with-cuda-metal-opencl-vulkan
248412e169d63e98d726,,GeForce RTX 3070,,,122529.0,120599.0,True,False,GPU_scores_graphics_API_v2_noCUDA.csv,alanjo/gpu-scores-with-cuda-metal-opencl-vulkan
dc54ba6ef98f9bc3a342,Nvidia,GeForce RTX 3070 Laptop GPU,122041.0,,111833.0,84673.0,True,False,GPU_scores_graphicsAPIs.csv,alanjo/gpu-scores-with-cuda-metal-opencl-vulkan
546b5224f181afc4c573,,GeForce RTX 3070 Laptop GPU,,,93813.0,86319.0,True,False,GPU_scores_graphics_API_v2_noCUDA.csv,alanjo/gpu-scores-with-cuda-metal-opencl-vulkan
be805ec967eede45fd25,Nvidia,GeForce RTX 3070 Ti,165866.0,,147200.0,104828.0,True,False,GPU_scores_graphicsAPIs.csv,alanjo/gpu-scores-with-cuda-metal-opencl-vulkan
9f9ddfa0dbe073fc009e,Nvidia,GeForce RTX 3070 Ti Laptop GPU,141168.0,,119528.0,82032.0,True,False,GPU_scores_graphicsAPIs.csv,alanjo/gpu-scores-with-cuda-metal-opencl-vulkan
ac6794845c9b3062d7a5,Nvidia,GeForce RTX 3080,206390.0,,181771.0,126138.0,True,False,GPU_scores_graphicsAPIs.csv,alanjo/gpu-scores-with-cuda-metal-opencl-vulkan
d8391ff4d607d4697ce5,,GeForce RTX 3080,,,166759.0,143827.0,True,False,GPU_scores_graphics_API_v2_noCUDA.csv,alanjo/gpu-scores-with-cuda-metal-opencl-vulkan
d4c08a1e9fcd708433fa,Nvidia,GeForce RTX 3080 Laptop GPU,138398.0,,125425.0,91922.0,True,False,GPU_scores_graphicsAPIs.csv,alanjo/gpu-scores-with-cuda-metal-opencl-vulkan
c17a80c59b599850e38d,,GeForce RTX 3080 Laptop GPU,,,98391.0,,True,False,GPU_scores_graphics_API_v2_noCUDA.csv,alanjo/gpu-scores-with-cuda-metal-opencl-vulkan
9cd1b2b22887aa71bb5f,Nvidia,GeForce RTX 3080 Ti,235513.0,,209081.0,131975.0,True,False,GPU_scores_graphicsAPIs.csv,alanjo/gpu-scores-with-cuda-metal-opencl-vulkan
305c4ff11b985ee24a7d,Nvidia,GeForce RTX 3080 Ti Laptop GPU,148511.0,,136008.0,90751.0,True,False,GPU_scores_graphicsAPIs.csv,alanjo/gpu-scores-with-cuda-metal-opencl-vulkan
4eeee240aa2c386961d3,Nvidia,GeForce RTX 3090,238123.0,,204921.0,138859.0,True,False,GPU_scores_graphicsAPIs.csv,alanjo/gpu-scores-with-cuda-metal-opencl-vulkan
668c1b10e5b3ec0aa7f5,,GeForce RTX 3090,,,190809.0,177293.0,True,False,GPU_scores_graphics_API_v2_noCUDA.csv,alanjo/gpu-scores-with-cuda-metal-opencl-vulkan
27c5865f26adf899b82d,Nvidia,GeForce RTX 3090 Ti,260346.0,,229738.0,141134.0,True,False,GPU_scores_graphicsAPIs.csv,alanjo/gpu-scores-with-cuda-metal-opencl-vulkan
db1ea7ab13f4c117170e,Intel,Gen12 Desktop Graphics Controller,,,15964.0,14128.0,True,False,GPU_scores_graphicsAPIs.csv,alanjo/gpu-scores-with-cuda-metal-opencl-vulkan
a7e99be254efb81ee111,Intel,Gen12 Mobile Graphics Controller,,,7958.0,7341.0,True,False,GPU_scores_graphicsAPIs.csv,alanjo/gpu-scores-with-cuda-metal-opencl-vulkan
33974e0ee86e71cd312b,Intel,Gen12LP HD Graphics NEO,,,12321.0,,True,False,GPU_scores_graphicsAPIs.csv,alanjo/gpu-scores-with-cuda-metal-opencl-vulkan
b50b1d790f391ffbcccd,Intel,Gen8 HD Graphics NEO,,,3277.0,,True,False,GPU_scores_graphicsAPIs.csv,alanjo/gpu-scores-with-cuda-metal-opencl-vulkan
081a93f68ab5cdc461ef,Intel,Gen9 HD Graphics NEO,,,5784.0,,True,False,GPU_scores_graphicsAPIs.csv,alanjo/gpu-scores-with-cuda-metal-opencl-vulkan
ef0ec098967d7a4c59b1,Intel,Graphics [0x3ea0],,,4685.0,,True,False,GPU_scores_graphicsAPIs.csv,alanjo/gpu-scores-with-cuda-metal-opencl-vulkan
ca65571d4721565c17a1,Intel,Graphics [0x4905],,,22230.0,,True,False,GPU_scores_graphicsAPIs.csv,alanjo/gpu-scores-with-cuda-metal-opencl-vulkan
9616b6d135e5330663c0,Intel,Graphics [0x5917],,,4994.0,,True,False,GPU_scores_graphicsAPIs.csv,alanjo/gpu-scores-with-cuda-metal-opencl-vulkan
669179c16bcf873fe20b,Intel,Graphics [0x9a49],,,14403.0,,True,False,GPU_scores_graphicsAPIs.csv,alanjo/gpu-scores-with-cuda-metal-opencl-vulkan
eaee109caaf52e96b833,Intel,Graphics [0x9b41],,,5242.0,,True,False,GPU_scores_graphicsAPIs.csv,alanjo/gpu-scores-with-cuda-metal-opencl-vulkan
70f2c1827234ce84dd65,Intel,Graphics 630,,4424.0,,,True,False,GPU_scores_graphicsAPIs.csv,alanjo/gpu-scores-with-cuda-metal-opencl-vulkan
53d1e020ac4b48854d92,Intel,Graphics (ADL-S GT1),,,,6339.0,True,False,GPU_scores_graphicsAPIs.csv,alanjo/gpu-scores-with-cuda-metal-opencl-vulkan
29a5905c2a0ccf836b8e,Nvidia,Graphics Device,,,95793.0,72635.0,True,False,GPU_scores_graphicsAPIs.csv,alanjo/gpu-scores-with-cuda-metal-opencl-vulkan
77b765a63f501f1d7a4c,,Graphics Device,,,22145.0,,True,False,GPU_scores_graphics_API_v2_noCUDA.csv,alanjo/gpu-scores-with-cuda-metal-opencl-vulkan
60395500504586a3dfd0,Intel,Graphics Gen12LP [0x9a49],,,9252.0,,True,False,GPU_scores_graphicsAPIs.csv,alanjo/gpu-scores-with-cuda-metal-opencl-vulkan
eac5d9d9f190d0ccfa4f,Intel,Graphics Gen9 [0x5916],,,4884.0,,True,False,GPU_scores_graphicsAPIs.csv,alanjo/gpu-scores-with-cuda-metal-opencl-vulkan
39e0262c852919bf2c9c,Intel,Graphics (RKL GT1),,,,5563.0,True,False,GPU_scores_graphicsAPIs.csv,alanjo/gpu-scores-with-cuda-metal-opencl-vulkan
5f0924edfdb01a0bc448,Nvidia,GRID A100-1-5C MIG 1g.5gb,41284.0,,42750.0,,True,False,GPU_scores_graphicsAPIs.csv,alanjo/gpu-scores-with-cuda-metal-opencl-vulkan
811381194567c858ce33,,GRID A100-1-5C MIG 1g.5gb,,,42750.0,,True,False,GPU_scores_graphics_API_v2_noCUDA.csv,alanjo/gpu-scores-with-cuda-metal-opencl-vulkan
14651484e01d8953fd0d,Nvidia,GRID A100-2-10C MIG 2g.10gb,84208.0,,78806.0,,True,False,GPU_scores_graphicsAPIs.csv,alanjo/gpu-scores-with-cuda-metal-opencl-vulkan
58478b57203e1901325c,,GRID A100-2-10C MIG 2g.10gb,,,78806.0,,True,False,GPU_scores_graphics_API_v2_noCUDA.csv,alanjo/gpu-scores-with-cuda-metal-opencl-vulkan
2682f0acef0d5227da32,Nvidia,GRID A100-4C,219037.0,,,,True,False,GPU_scores_graphicsAPIs.csv,alanjo/gpu-scores-with-cuda-metal-opencl-vulkan
83e1009b767ded796d22,Nvidia,GRID A100-7-40C MIG 7g.40gb,233910.0,,196825.0,,True,False,GPU_scores_graphicsAPIs.csv,alanjo/gpu-scores-with-cuda-metal-opencl-vulkan
47bea95b449bdfdb37b7,,GRID A100-7-40C MIG 7g.40gb,,,196825.0,,True,False,GPU_scores_graphics_API_v2_noCUDA.csv,alanjo/gpu-scores-with-cuda-metal-opencl-vulkan
7a678ee4600778fd2809,Nvidia,GRID K1,,,1976.0,,True,False,GPU_scores_graphicsAPIs.csv,alanjo/gpu-scores-with-cuda-metal-opencl-vulkan
49b236d32286b633f21b,,GRID K1,,,1976.0,,True,False,GPU_scores_graphics_API_v2_noCUDA.csv,alanjo/gpu-scores-with-cuda-metal-opencl-vulkan
b0b9ed81eda70f7b1500,Nvidia,GRID K2,,5557.0,8287.0,,True,False,GPU_scores_graphicsAPIs.csv,alanjo/gpu-scores-with-cuda-metal-opencl-vulkan
c22e349da434dd97f411,,GRID K2,,,10532.0,,True,False,GPU_scores_graphics_API_v2_noCUDA.csv,alanjo/gpu-scores-with-cuda-metal-opencl-vulkan
5987e04cbd241141e9f7,Nvidia,GRID K520,,,10864.0,,True,False,GPU_scores_graphicsAPIs.csv,alanjo/gpu-scores-with-cuda-metal-opencl-vulkan
8e080130c13cfa156fd4,Nvidia,GRID M10-1B,,,,10869.0,True,False,GPU_scores_graphicsAPIs.csv,alanjo/gpu-scores-with-cuda-metal-opencl-vulkan
12e60859be902a8d18a4,Nvidia,GRID M10-1Q,,,,11603.0,True,False,GPU_scores_graphicsAPIs.csv,alanjo/gpu-scores-with-cuda-metal-opencl-vulkan
56c1cf83c3b5d9b62017,Nvidia,GRID M10-8Q,10107.0,,11769.0,,True,False,GPU_scores_graphicsAPIs.csv,alanjo/gpu-scores-with-cuda-metal-opencl-vulkan
dc81871b5fd6ca3e17ea,Nvidia,GRID M60-1Q,,,,31220.0,True,False,GPU_scores_graphicsAPIs.csv,alanjo/gpu-scores-with-cuda-metal-opencl-vulkan
63e7708a425145fb70bd,,GRID P100-4Q,,,32598.0,,True,False,GPU_scores_graphics_API_v2_noCUDA.csv,alanjo/gpu-scores-with-cuda-metal-opencl-vulkan
78d9ecca8bc9314a6c4e,,GRID P4-4Q,,,34089.0,,True,False,GPU_scores_graphics_API_v2_noCUDA.csv,alanjo/gpu-scores-with-cuda-metal-opencl-vulkan
ee6509dba00a5e5cad79,Nvidia,GRID P4-8Q,,,38427.0,,True,False,GPU_scores_graphicsAPIs.csv,alanjo/gpu-scores-with-cuda-metal-opencl-vulkan
8acd8dd0fdd073142d91,,GRID P4-8Q,,,36334.0,36814.0,True,False,GPU_scores_graphics_API_v2_noCUDA.csv,alanjo/gpu-scores-with-cuda-metal-opencl-vulkan
8ea8be51e5197991cdfc,,GRID P40-2B,,,74559.0,82847.0,True,False,GPU_scores_graphics_API_v2_noCUDA.csv,alanjo/gpu-scores-with-cuda-metal-opencl-vulkan
26feec61c1403a63d2d6,Nvidia,GRID P40-2Q,41169.0,,41280.0,,True,False,GPU_scores_graphicsAPIs.csv,alanjo/gpu-scores-with-cuda-metal-opencl-vulkan
7bdb8a68534c10c1754f,,GRID P40-2Q,,,42148.0,,True,False,GPU_scores_graphics_API_v2_noCUDA.csv,alanjo/gpu-scores-with-cuda-metal-opencl-vulkan
0d772d24789b67ae022d,,GRID P40-4Q,,,43971.0,69671.0,True,False,GPU_scores_graphics_API_v2_noCUDA.csv,alanjo/gpu-scores-with-cuda-metal-opencl-vulkan
0e9dcfb149ced71b179e,,GRID P40-8Q,,,55905.0,61754.0,True,False,GPU_scores_graphics_API_v2_noCUDA.csv,alanjo/gpu-scores-with-cuda-metal-opencl-vulkan
01f5a03617b48baf82ad,Nvidia,GRID RTX6000-1Q,,,,57868.0,True,False,GPU_scores_graphicsAPIs.csv,alanjo/gpu-scores-with-cuda-metal-opencl-vulkan
e5301da3e6c47683fd7a,Nvidia,GRID RTX6000-2Q,137891.0,,133165.0,81079.0,True,False,GPU_scores_graphicsAPIs.csv,alanjo/gpu-scores-with-cuda-metal-opencl-vulkan
c233dc2ec03f5a64b650,,GRID RTX6000-2Q,,,133165.0,,True,False,GPU_scores_graphics_API_v2_noCUDA.csv,alanjo/gpu-scores-with-cuda-metal-opencl-vulkan
a48901facf80c45054f4,Nvidia,GRID RTX6000-3Q,152526.0,,,,True,False,GPU_scores_graphicsAPIs.csv,alanjo/gpu-scores-with-cuda-metal-opencl-vulkan
a958dff6bd54c0b08d83,Nvidia,GRID RTX6000-4Q,132933.0,,,61698.0,True,False,GPU_scores_graphicsAPIs.csv,alanjo/gpu-scores-with-cuda-metal-opencl-vulkan
e789496b584e5b82acf8,Nvidia,GRID RTX6000-6Q,149498.0,,,,True,False,GPU_scores_graphicsAPIs.csv,alanjo/gpu-scores-with-cuda-metal-opencl-vulkan
9363fd0087fd9e91a200,Nvidia,GRID RTX6000-8Q,134624.0,,,,True,False,GPU_scores_graphicsAPIs.csv,alanjo/gpu-scores-with-cuda-metal-opencl-vulkan
84e24e52a197c979610b,Nvidia,GRID RTX6000P-24Q,,,109662.0,,True,False,GPU_scores_graphicsAPIs.csv,alanjo/gpu-scores-with-cuda-metal-opencl-vulkan
eea11468baec39e85528,Nvidia,GRID RTX6000P-6Q,,,26590.0,,True,False,GPU_scores_graphicsAPIs.csv,alanjo/gpu-scores-with-cuda-metal-opencl-vulkan
d97aa00064b711622465,,GRID RTX6000P-6Q,,,64813.0,,True,False,GPU_scores_graphics_API_v2_noCUDA.csv,alanjo/gpu-scores-with-cuda-metal-opencl-vulkan
feb247cdca1b029370d2,Nvidia,GRID RTX6000P-8Q,,,79528.0,,True,False,GPU_scores_graphicsAPIs.csv,alanjo/gpu-scores-with-cuda-metal-opencl-vulkan
4a701a4801d65de998ae,,GRID RTX6000P-8Q,,,79528.0,,True,False,GPU_scores_graphics_API_v2_noCUDA.csv,alanjo/gpu-scores-with-cuda-metal-opencl-vulkan
7e5d9645091b2edf40f6,Nvidia,GRID RTX8000P-6Q,125055.0,,119079.0,,True,False,GPU_scores_graphicsAPIs.csv,alanjo/gpu-scores-with-cuda-metal-opencl-vulkan
953b0a10329acd3922c2,Nvidia,GRID T4-16A,,,,59779.0,True,False,GPU_scores_graphicsAPIs.csv,alanjo/gpu-scores-with-cuda-metal-opencl-vulkan
0c0341797e285cd8ad36,Nvidia,GRID T4-16C,,,67838.0,,True,False,GPU_scores_graphicsAPIs.csv,alanjo/gpu-scores-with-cuda-metal-opencl-vulkan
42d427251f4851aa9e14,,GRID T4-16C,,,67838.0,,True,False,GPU_scores_graphics_API_v2_noCUDA.csv,alanjo/gpu-scores-with-cuda-metal-opencl-vulkan
30077ebc202665f7e216,Nvidia,GRID T4-16Q,70576.0,,58147.0,49068.0,True,False,GPU_scores_graphicsAPIs.csv,alanjo/gpu-scores-with-cuda-metal-opencl-vulkan
f49e852ad6bb2f39b22f,,GRID T4-16Q,,,75036.0,,True,False,GPU_scores_graphics_API_v2_noCUDA.csv,alanjo/gpu-scores-with-cuda-metal-opencl-vulkan
c75c27ce5773861b06e1,Nvidia,GRID T4-1B,,,,49938.0,True,False,GPU_scores_graphicsAPIs.csv,alanjo/gpu-scores-with-cuda-metal-opencl-vulkan
8c584ce48debd7a6d1c5,Nvidia,GRID T4-2B,,,,48033.0,True,False,GPU_scores_graphicsAPIs.csv,alanjo/gpu-scores-with-cuda-metal-opencl-vulkan
5ca37d3a9b6b5eab50c7,Nvidia,GRID T4-2Q,77714.0,,64664.0,,True,False,GPU_scores_graphicsAPIs.csv,alanjo/gpu-scores-with-cuda-metal-opencl-vulkan
3157af3fc6acadc0a6a6,,GRID T4-2Q,,,57457.0,,True,False,GPU_scores_graphics_API_v2_noCUDA.csv,alanjo/gpu-scores-with-cuda-metal-opencl-vulkan
5e0e6aff4b299d9cad4c,Nvidia,GRID T4-4C,,,57969.0,,True,False,GPU_scores_graphicsAPIs.csv,alanjo/gpu-scores-with-cuda-metal-opencl-vulkan
aead612281f0172ef0c3,,GRID T4-4C,,,57969.0,,True,False,GPU_scores_graphics_API_v2_noCUDA.csv,alanjo/gpu-scores-with-cuda-metal-opencl-vulkan
95b3a07b88d6727f6bc2,Nvidia,GRID T4-4Q,59903.0,,61943.0,47210.0,True,False,GPU_scores_graphicsAPIs.csv,alanjo/gpu-scores-with-cuda-metal-opencl-vulkan
22b6e86b1474af7a720c,,GRID T4-4Q,,,69937.0,64425.0,True,False,GPU_scores_graphics_API_v2_noCUDA.csv,alanjo/gpu-scores-with-cuda-metal-opencl-vulkan
d5df50e598a0154951e2,Nvidia,GRID T4-8C,,,50827.0,,True,False,GPU_scores_graphicsAPIs.csv,alanjo/gpu-scores-with-cuda-metal-opencl-vulkan
7a53b71ff048b23d2a2f,Nvidia,GRID T4-8Q,52866.0,,59749.0,52333.0,True,False,GPU_scores_graphicsAPIs.csv,alanjo/gpu-scores-with-cuda-metal-opencl-vulkan
1759132093a25c71cad6,,GRID T4-8Q,,,72278.0,,True,False,GPU_scores_graphics_API_v2_noCUDA.csv,alanjo/gpu-scores-with-cuda-metal-opencl-vulkan
35111f83286c955870a5,Nvidia,GRID V100D-16Q,163420.0,,,,True,False,GPU_scores_graphicsAPIs.csv,alanjo/gpu-scores-with-cuda-metal-opencl-vulkan
4a7847d8827ba052784f,Nvidia,GRID V100D-32Q,178886.0,,,,True,False,GPU_scores_graphicsAPIs.csv,alanjo/gpu-scores-with-cuda-metal-opencl-vulkan
9f72062bdac8d8f9831e,Nvidia,GRID V100D-4Q,,,136323.0,,True,False,GPU_scores_graphicsAPIs.csv,alanjo/gpu-scores-with-cuda-metal-opencl-vulkan
6a03a8ea5986e7bfe633,,GRID V100D-4Q,,,136323.0,,True,False,GPU_scores_graphics_API_v2_noCUDA.csv,alanjo/gpu-scores-with-cuda-metal-opencl-vulkan
068121dc059fdb1a27e1,Nvidia,GRID V100S-32Q,,,154397.0,,True,False,GPU_scores_graphicsAPIs.csv,alanjo/gpu-scores-with-cuda-metal-opencl-vulkan
d449150372a2ebfc3221,,GRID V100S-32Q,,,154397.0,,True,False,GPU_scores_graphics_API_v2_noCUDA.csv,alanjo/gpu-scores-with-cuda-metal-opencl-vulkan
a959f86ac1665a5c020d,Intel,Haswell Desktop,,,,558.0,True,False,GPU_scores_graphicsAPIs.csv,alanjo/gpu-scores-with-cuda-metal-opencl-vulkan
3322e39357c6b126e6d8,Intel,HD Graphics,,,965.0,4783.0,True,False,GPU_scores_graphicsAPIs.csv,alanjo/gpu-scores-with-cuda-metal-opencl-vulkan
c162451ae46194672cf6,Intel,HD Graphics 2500,,,401.0,,True,False,GPU_scores_graphicsAPIs.csv,alanjo/gpu-scores-with-cuda-metal-opencl-vulkan
73cad88d0c2e5777b960,Intel,HD Graphics 2500 (IVB GT1),,,,654.0,True,False,GPU_scores_graphicsAPIs.csv,alanjo/gpu-scores-with-cuda-metal-opencl-vulkan
6faa2d663a6bf9a68751,Intel,HD Graphics 400,,,1243.0,,True,False,GPU_scores_graphicsAPIs.csv,alanjo/gpu-scores-with-cuda-metal-opencl-vulkan
1b5d3bc4b781ffd51da0,Intel,HD Graphics 4000,,147.0,990.0,,True,False,GPU_scores_graphicsAPIs.csv,alanjo/gpu-scores-with-cuda-metal-opencl-vulkan
fdabdf3fd68673b657d3,,HD Graphics 4000,,,539.0,,True,False,GPU_scores_graphics_API_v2_noCUDA.csv,alanjo/gpu-scores-with-cuda-metal-opencl-vulkan
d1450cf779b09b8b8380,Intel,HD Graphics 4000 (IVB GT2),,,,1287.0,True,False,GPU_scores_graphicsAPIs.csv,alanjo/gpu-scores-with-cuda-metal-opencl-vulkan
0f02bd26690c1f5e2397,Intel,HD Graphics 405,,,1751.0,,True,False,GPU_scores_graphicsAPIs.csv,alanjo/gpu-scores-with-cuda-metal-opencl-vulkan
1502eec692973d13c486,Intel,HD Graphics 4200,,,1893.0,,True,False,GPU_scores_graphicsAPIs.csv,alanjo/gpu-scores-with-cuda-metal-opencl-vulkan
31abd80ee2e74f81ed4d,Intel,HD Graphics 4400,,,2299.0,,True,False,GPU_scores_graphicsAPIs.csv,alanjo/gpu-scores-with-cuda-metal-opencl-vulkan
5eb6ec4cafd6bb3826cb,Intel,HD Graphics 4400 (HSW GT2),,,,2249.0,True,False,GPU_scores_graphicsAPIs.csv,alanjo/gpu-scores-with-cuda-metal-opencl-vulkan
20aa88900217b2983473,Intel,HD Graphics 4600,,,3076.0,,True,False,GPU_scores_graphicsAPIs.csv,alanjo/gpu-scores-with-cuda-metal-opencl-vulkan
bbec578d340128048bbd,Intel,HD Graphics 4600 (HSW GT2),,,,2810.0,True,False,GPU_scores_graphicsAPIs.csv,alanjo/gpu-scores-with-cuda-metal-opencl-vulkan
f1b92cd4516906678b95,Intel,HD Graphics 500,,,1070.0,1362.0,True,False,GPU_scores_graphicsAPIs.csv,alanjo/gpu-scores-with-cuda-metal-opencl-vulkan
1e4b92fd3c600d0d0226,Intel,HD Graphics 5000,,408.0,3444.0,,True,False,GPU_scores_graphicsAPIs.csv,alanjo/gpu-scores-with-cuda-metal-opencl-vulkan
8d7c95825825da530987,,HD Graphics 5000,,,3299.0,,True,False,GPU_scores_graphics_API_v2_noCUDA.csv,alanjo/gpu-scores-with-cuda-metal-opencl-vulkan
28f21f3b66ff4f996f7a,Intel,HD Graphics 5000 (HSW GT3),,,,2636.0,True,False,GPU_scores_graphicsAPIs.csv,alanjo/gpu-scores-with-cuda-metal-opencl-vulkan
1109b4fa189cef5071c1,Intel,HD Graphics 505,,,1433.0,1760.0,True,False,GPU_scores_graphicsAPIs.csv,alanjo/gpu-scores-with-cuda-metal-opencl-vulkan
1ace0f8cf37023521d1a,Intel,HD Graphics 505 (APL 3),,,,1632.0,True,False,GPU_scores_graphicsAPIs.csv,alanjo/gpu-scores-with-cuda-metal-opencl-vulkan
ae0e958fc71a03a1a1f9,Intel,HD Graphics 510,,,2699.0,2757.0,True,False,GPU_scores_graphicsAPIs.csv,alanjo/gpu-scores-with-cuda-metal-opencl-vulkan
305a146d44fc8b64d8de,Intel,HD Graphics 515,,3103.0,3332.0,3491.0,True,False,GPU_scores_graphicsAPIs.csv,alanjo/gpu-scores-with-cuda-metal-opencl-vulkan
270d87faf13f29b062ae,Intel,HD Graphics 515 (SKL GT2),,,,2649.0,True,False,GPU_scores_graphicsAPIs.csv,alanjo/gpu-scores-with-cuda-metal-opencl-vulkan
b649eb8e9bb4df03c544,Intel,HD Graphics 520,,,4231.0,3998.0,True,False,GPU_scores_graphicsAPIs.csv,alanjo/gpu-scores-with-cuda-metal-opencl-vulkan
29bcbb1278580b55014a,Intel,HD Graphics 520 [0x1916],,,2201.0,,True,False,GPU_scores_graphicsAPIs.csv,alanjo/gpu-scores-with-cuda-metal-opencl-vulkan
f266395a33e7b5b42c80,Intel,HD Graphics 520 (SKL GT2),,,,3165.0,True,False,GPU_scores_graphicsAPIs.csv,alanjo/gpu-scores-with-cuda-metal-opencl-vulkan
a1703b662aea9e31660a,Intel,HD Graphics 530,,4018.0,4602.0,4874.0,True,False,GPU_scores_graphicsAPIs.csv,alanjo/gpu-scores-with-cuda-metal-opencl-vulkan
b0ed9658e467780396ad,Intel,HD Graphics 530 [0x1912],,,962.0,,True,False,GPU_scores_graphicsAPIs.csv,alanjo/gpu-scores-with-cuda-metal-opencl-vulkan
e8a186a425c67bda7447,Intel,HD Graphics 530 (SKL GT2),,,,3412.0,True,False,GPU_scores_graphicsAPIs.csv,alanjo/gpu-scores-with-cuda-metal-opencl-vulkan
8beb81fdb7f5f1540b31,Intel,HD Graphics 530 (Skylake GT2),,,,3253.0,True,False,GPU_scores_graphicsAPIs.csv,alanjo/gpu-scores-with-cuda-metal-opencl-vulkan
e486d317141984a8d377,Intel,HD Graphics 5300,,2534.0,1901.0,,True,False,GPU_scores_graphicsAPIs.csv,alanjo/gpu-scores-with-cuda-metal-opencl-vulkan
57d38b1b0c05f6a952c4,Intel,HD Graphics 5300 (BDW GT2),,,,2160.0,True,False,GPU_scores_graphicsAPIs.csv,alanjo/gpu-scores-with-cuda-metal-opencl-vulkan
1c1417d10a69538d6551,Intel,HD Graphics 5300 (Broadwell GT2),,,,1937.0,True,False,GPU_scores_graphicsAPIs.csv,alanjo/gpu-scores-with-cuda-metal-opencl-vulkan
2dfa7b433938e93079fc,Intel,HD Graphics 5500,,,2564.0,,True,False,GPU_scores_graphicsAPIs.csv,alanjo/gpu-scores-with-cuda-metal-opencl-vulkan
d2db8ed906ca5a8f6801,Intel,HD Graphics 5500 (BDW GT2),,,,2804.0,True,False,GPU_scores_graphicsAPIs.csv,alanjo/gpu-scores-with-cuda-metal-opencl-vulkan
f7ae6187bf5be01a9ef5,Intel,HD Graphics 5600,,,2872.0,,True,False,GPU_scores_graphicsAPIs.csv,alanjo/gpu-scores-with-cuda-metal-opencl-vulkan
100f1c64f4756d34f3b4,Intel,HD Graphics 6000,,,3987.0,,True,False,GPU_scores_graphicsAPIs.csv,alanjo/gpu-scores-with-cuda-metal-opencl-vulkan
9f8a3f85f9dd96e8f8a1,Intel,HD Graphics 6000 (BDW GT3),,,,3526.0,True,False,GPU_scores_graphicsAPIs.csv,alanjo/gpu-scores-with-cuda-metal-opencl-vulkan
0e0eb9d9add07c42e12c,Intel,HD Graphics 610,,,2823.0,2859.0,True,False,GPU_scores_graphicsAPIs.csv,alanjo/gpu-scores-with-cuda-metal-opencl-vulkan
ed9a432140cb6288bc35,Intel,HD Graphics 610 (Kaby Lake GT1),,,,678.0,True,False,GPU_scores_graphicsAPIs.csv,alanjo/gpu-scores-with-cuda-metal-opencl-vulkan
3d1b7406e4c48b159c17,Intel,HD Graphics 615,,3518.0,3612.0,3848.0,True,False,GPU_scores_graphicsAPIs.csv,alanjo/gpu-scores-with-cuda-metal-opencl-vulkan
7eb657e5837d3ad00c82,Intel,HD Graphics 615 (Kaby Lake GT2),,,,882.0,True,False,GPU_scores_graphicsAPIs.csv,alanjo/gpu-scores-with-cuda-metal-opencl-vulkan
0f45762c57e3d82c24ff,Intel,HD Graphics 615 (KBL GT2),,,,2831.0,True,False,GPU_scores_graphicsAPIs.csv,alanjo/gpu-scores-with-cuda-metal-opencl-vulkan
884ab0029d4be2050420,Intel,HD Graphics 620,,,4496.0,4551.0,True,False,GPU_scores_graphicsAPIs.csv,alanjo/gpu-scores-with-cuda-metal-opencl-vulkan
eaed5fbc4c8527b8807f,Intel,HD Graphics 620 (KBL GT2),,,,3239.0,True,False,GPU_scores_graphicsAPIs.csv,alanjo/gpu-scores-with-cuda-metal-opencl-vulkan
8180a0412f4101711dac,Intel,HD Graphics 630,,4414.0,4894.0,5156.0,True,False,GPU_scores_graphicsAPIs.csv,alanjo/gpu-scores-with-cuda-metal-opencl-vulkan
89b507cbca8d90b91b04,Intel,HD Graphics 630 (Kaby Lake GT2),,,,3480.0,True,False,GPU_scores_graphicsAPIs.csv,alanjo/gpu-scores-with-cuda-metal-opencl-vulkan
ac758105dac96ce45c79,Intel,HD Graphics 630 (KBL GT2),,,,3561.0,True,False,GPU_scores_graphicsAPIs.csv,alanjo/gpu-scores-with-cuda-metal-opencl-vulkan
a795c3817c5ebde6dda3,Intel,HD Graphics Family,,,3278.0,,True,False,GPU_scores_graphicsAPIs.csv,alanjo/gpu-scores-with-cuda-metal-opencl-vulkan
7811e5fe0151e8691be9,Intel,HD Graphics Gen11,,,2751.0,2648.0,True,False,GPU_scores_graphicsAPIs.csv,alanjo/gpu-scores-with-cuda-metal-opencl-vulkan
73fcce6297b56f4fe6a6,Intel,HD Graphics Gen9,,,5603.0,,True,False,GPU_scores_graphicsAPIs.csv,alanjo/gpu-scores-with-cuda-metal-opencl-vulkan
0d988e9f728c88012125,Intel,HD Graphics P4000,,,1071.0,,True,False,GPU_scores_graphicsAPIs.csv,alanjo/gpu-scores-with-cuda-metal-opencl-vulkan
8735c920ae99f64163ac,Intel,HD Graphics P4600,,,3147.0,,True,False,GPU_scores_graphicsAPIs.csv,alanjo/gpu-scores-with-cuda-metal-opencl-vulkan
811a6294810d4930cd5d,Intel,HD Graphics P530,,,4854.0,4448.0,True,False,GPU_scores_graphicsAPIs.csv,alanjo/gpu-scores-with-cuda-metal-opencl-vulkan
8105c35ac15c6cc24909,Intel,HD Graphics P630,,,5190.0,5414.0,True,False,GPU_scores_graphicsAPIs.csv,alanjo/gpu-scores-with-cuda-metal-opencl-vulkan
7f347aa536948aa00cbe,Intel,HD Graphics Unknown,,4036.0,,,True,False,GPU_scores_graphicsAPIs.csv,alanjo/gpu-scores-with-cuda-metal-opencl-vulkan
3d8038fbb814ab4d246b,Intel,HD Graphics (Whiskey Lake 3x8 GT2),,,,2213.0,True,False,GPU_scores_graphicsAPIs.csv,alanjo/gpu-scores-with-cuda-metal-opencl-vulkan
dbaf66e5dee649f975ce,Intel,HD Graphics XXX (BSW),,,,1313.0,True,False,GPU_scores_graphicsAPIs.csv,alanjo/gpu-scores-with-cuda-metal-opencl-vulkan
033f691277aeb862c049,,Intel(R) AlderLake-S Mobile Graphics Controller,,,6445.0,8526.0,True,False,GPU_scores_graphics_API_v2_noCUDA.csv,alanjo/gpu-scores-with-cuda-metal-opencl-vulkan
11985f98e049182df1f7,,Intel(R) Arc(TM) A310 Graphics,,,30009.0,28930.0,True,False,GPU_scores_graphics_API_v2_noCUDA.csv,alanjo/gpu-scores-with-cuda-metal-opencl-vulkan
a5dc0b86183aafda0568,,Intel(R) Arc(TM) A310 LP Graphics,,,26740.0,,True,False,GPU_scores_graphics_API_v2_noCUDA.csv,alanjo/gpu-scores-with-cuda-metal-opencl-vulkan
04e125701893a15614d5,,Intel(R) Arc(TM) A350M Graphics,,,23499.0,24688.0,True,False,GPU_scores_graphics_API_v2_noCUDA.csv,alanjo/gpu-scores-with-cuda-metal-opencl-vulkan
03e7055397d269bf2213,,Intel(R) Arc(TM) A370M Graphics,,,29523.0,28633.0,True,False,GPU_scores_graphics_API_v2_noCUDA.csv,alanjo/gpu-scores-with-cuda-metal-opencl-vulkan
37e2291c1b3924467647,,Intel(R) Arc(TM) A380 Graphics,,,37684.0,37203.0,True,False,GPU_scores_graphics_API_v2_noCUDA.csv,alanjo/gpu-scores-with-cuda-metal-opencl-vulkan
46167673db5bee7f1e6b,,Intel(R) Arc(TM) A530M Graphics,,,46572.0,43881.0,True,False,GPU_scores_graphics_API_v2_noCUDA.csv,alanjo/gpu-scores-with-cuda-metal-opencl-vulkan
935c7a984f6a40515c0f,,Intel(R) Arc(TM) A550M Graphics,,,47401.0,50190.0,True,False,GPU_scores_graphics_API_v2_noCUDA.csv,alanjo/gpu-scores-with-cuda-metal-opencl-vulkan
e5787bbe56c09354902d,,Intel(R) Arc(TM) A570M Graphics,,,57815.0,,True,False,GPU_scores_graphics_API_v2_noCUDA.csv,alanjo/gpu-scores-with-cuda-metal-opencl-vulkan
b6edd156191afb09d4d4,,Intel(R) Arc(TM) A580 Graphics,,,88990.0,80825.0,True,False,GPU_scores_graphics_API_v2_noCUDA.csv,alanjo/gpu-scores-with-cuda-metal-opencl-vulkan
917c282c0d1a0d855af6,,Intel(R) Arc(TM) A730M Graphics,,,70696.0,64796.0,True,False,GPU_scores_graphics_API_v2_noCUDA.csv,alanjo/gpu-scores-with-cuda-metal-opencl-vulkan
40adb2e0a5577930850f,,Intel(R) Arc(TM) A750 Graphics,,,95392.0,85297.0,True,False,GPU_scores_graphics_API_v2_noCUDA.csv,alanjo/gpu-scores-with-cuda-metal-opencl-vulkan
8c3929d9a802e9aa449c,,Intel(R) Arc(TM) A770 Graphics,,,105998.0,94225.0,True,False,GPU_scores_graphics_API_v2_noCUDA.csv,alanjo/gpu-scores-with-cuda-metal-opencl-vulkan
baece81a33dadc386c24,,Intel(R) Arc(TM) A770M Graphics,,,87879.0,74857.0,True,False,GPU_scores_graphics_API_v2_noCUDA.csv,alanjo/gpu-scores-with-cuda-metal-opencl-vulkan
921f9eb12b81e5af1833,,Intel(R) Arc(TM) Graphics,,,29454.0,30981.0,True,False,GPU_scores_graphics_API_v2_noCUDA.csv,alanjo/gpu-scores-with-cuda-metal-opencl-vulkan
26173a90b2030593b918,,Intel(R) Arc(TM) Pro A30M Graphics,,,30959.0,,True,False,GPU_scores_graphics_API_v2_noCUDA.csv,alanjo/gpu-scores-with-cuda-metal-opencl-vulkan
1628c4036eee209081bb,,Intel(R) Arc(TM) Pro A40/A50 Graphics,,,33073.0,32293.0,True,False,GPU_scores_graphics_API_v2_noCUDA.csv,alanjo/gpu-scores-with-cuda-metal-opencl-vulkan
76e34acaa4761ebc9085,,Intel(R) Arc(TM) Pro A60 Graphics,,,64551.0,58151.0,True,False,GPU_scores_graphics_API_v2_noCUDA.csv,alanjo/gpu-scores-with-cuda-metal-opencl-vulkan
8ae278de0b61a2cde36c,,Intel(R) Data Center GPU Flex Series 140,,,23517.0,,True,False,GPU_scores_graphics_API_v2_noCUDA.csv,alanjo/gpu-scores-with-cuda-metal-opencl-vulkan
e2ea702014f1c5f67b1b,,Intel(R) Data Center GPU Flex Series 170,,,49987.0,46578.0,True,False,GPU_scores_graphics_API_v2_noCUDA.csv,alanjo/gpu-scores-with-cuda-metal-opencl-vulkan
50b61a33cfcc622d4a02,,Intel(R) Gen12 Desktop Graphics Controller,,,15964.0,,True,False,GPU_scores_graphics_API_v2_noCUDA.csv,alanjo/gpu-scores-with-cuda-metal-opencl-vulkan
494981582688386cea3d,,Intel(R) Gen12 Mobile Graphics Controller,,,6179.0,,True,False,GPU_scores_graphics_API_v2_noCUDA.csv,alanjo/gpu-scores-with-cuda-metal-opencl-vulkan
88422e090941c7023486,,Intel(R) Gen8 HD Graphics NEO,,,3277.0,,True,False,GPU_scores_graphics_API_v2_noCUDA.csv,alanjo/gpu-scores-with-cuda-metal-opencl-vulkan
9f4d29c96c497d7cff0e,,Intel(R) Gen9 HD Graphics NEO,,,2588.0,,True,False,GPU_scores_graphics_API_v2_noCUDA.csv,alanjo/gpu-scores-with-cuda-metal-opencl-vulkan
67d1290d7b1a6fe6afac,,Intel(R) Graphics,,,16308.0,19310.0,True,False,GPU_scores_graphics_API_v2_noCUDA.csv,alanjo/gpu-scores-with-cuda-metal-opencl-vulkan
ddad88464c3a6f9e1263,,Intel(R) Graphics [0x3ea0],,,4685.0,,True,False,GPU_scores_graphics_API_v2_noCUDA.csv,alanjo/gpu-scores-with-cuda-metal-opencl-vulkan
1620c743e3bfbd9ababc,,Intel(R) Graphics [0x46a6],,,12652.0,,True,False,GPU_scores_graphics_API_v2_noCUDA.csv,alanjo/gpu-scores-with-cuda-metal-opencl-vulkan
fe52d7f786e29a7ea3dd,,Intel(R) Graphics [0x46a8],,,10347.0,,True,False,GPU_scores_graphics_API_v2_noCUDA.csv,alanjo/gpu-scores-with-cuda-metal-opencl-vulkan
3bcd3db4949ea3e96bcc,,Intel(R) Graphics [0x46b3],,,8064.0,,True,False,GPU_scores_graphics_API_v2_noCUDA.csv,alanjo/gpu-scores-with-cuda-metal-opencl-vulkan
d1a8f7431c731486a123,,Intel(R) Graphics [0x4905],,,22230.0,,True,False,GPU_scores_graphics_API_v2_noCUDA.csv,alanjo/gpu-scores-with-cuda-metal-opencl-vulkan
ba150dab1e7c3b00d3be,,Intel(R) Graphics [0x56a0],,,101854.0,,True,False,GPU_scores_graphics_API_v2_noCUDA.csv,alanjo/gpu-scores-with-cuda-metal-opencl-vulkan
b25856e948f0a532a02e,,Intel(R) Graphics [0x5917],,,4994.0,,True,False,GPU_scores_graphics_API_v2_noCUDA.csv,alanjo/gpu-scores-with-cuda-metal-opencl-vulkan
d205077821a63b2cd629,,Intel(R) Graphics [0x9b41],,,5242.0,,True,False,GPU_scores_graphics_API_v2_noCUDA.csv,alanjo/gpu-scores-with-cuda-metal-opencl-vulkan
677204e536192f10eb62,,Intel(R) Graphics [0xa780],,,8484.0,,True,False,GPU_scores_graphics_API_v2_noCUDA.csv,alanjo/gpu-scores-with-cuda-metal-opencl-vulkan
2ea082afb398a8881427,,Intel(R) Graphics [0xa7a0],,,14898.0,,True,False,GPU_scores_graphics_API_v2_noCUDA.csv,alanjo/gpu-scores-with-cuda-metal-opencl-vulkan
755b9e054ad1479bc4dd,,Intel(R) Graphics Gen12LP [0x9a49],,,9252.0,,True,False,GPU_scores_graphics_API_v2_noCUDA.csv,alanjo/gpu-scores-with-cuda-metal-opencl-vulkan
e965f289dd9315ec1f9d,,Intel(R) Graphics Gen9 [0x5916],,,4884.0,,True,False,GPU_scores_graphics_API_v2_noCUDA.csv,alanjo/gpu-scores-with-cuda-metal-opencl-vulkan
4977e7dc1542df4e342b,,Intel(R) HD Graphics,,,1088.0,,True,False,GPU_scores_graphics_API_v2_noCUDA.csv,alanjo/gpu-scores-with-cuda-metal-opencl-vulkan
1c773f7389d6baf77ac7,,Intel(R) HD Graphics 2500,,,249.0,,True,False,GPU_scores_graphics_API_v2_noCUDA.csv,alanjo/gpu-scores-with-cuda-metal-opencl-vulkan
72e1c4cce030cb138758,,Intel(R) HD Graphics 400,,,1091.0,,True,False,GPU_scores_graphics_API_v2_noCUDA.csv,alanjo/gpu-scores-with-cuda-metal-opencl-vulkan
11a049dfbdb874f9297e,,Intel(R) HD Graphics 4000,,,539.0,,True,False,GPU_scores_graphics_API_v2_noCUDA.csv,alanjo/gpu-scores-with-cuda-metal-opencl-vulkan
e16faed87351820bb7f6,,Intel(R) HD Graphics 405,,,1594.0,,True,False,GPU_scores_graphics_API_v2_noCUDA.csv,alanjo/gpu-scores-with-cuda-metal-opencl-vulkan
c09055ed38db22353d19,,Intel(R) HD Graphics 4200,,,1720.0,,True,False,GPU_scores_graphics_API_v2_noCUDA.csv,alanjo/gpu-scores-with-cuda-metal-opencl-vulkan
4de4fbf2ead89e4d2f14,,Intel(R) HD Graphics 4400,,,2149.0,,True,False,GPU_scores_graphics_API_v2_noCUDA.csv,alanjo/gpu-scores-with-cuda-metal-opencl-vulkan
d62040ae99b86b87880b,,Intel(R) HD Graphics 4600,,,3226.0,,True,False,GPU_scores_graphics_API_v2_noCUDA.csv,alanjo/gpu-scores-with-cuda-metal-opencl-vulkan
bf132af1a4ee911c0cae,,Intel(R) HD Graphics 500,,,915.0,1205.0,True,False,GPU_scores_graphics_API_v2_noCUDA.csv,alanjo/gpu-scores-with-cuda-metal-opencl-vulkan
270027a31630fe3553b4,,Intel(R) HD Graphics 5000,,,3151.0,,True,False,GPU_scores_graphics_API_v2_noCUDA.csv,alanjo/gpu-scores-with-cuda-metal-opencl-vulkan
3c70c0dcedfea22da54e,,Intel(R) HD Graphics 505,,,1329.0,1607.0,True,False,GPU_scores_graphics_API_v2_noCUDA.csv,alanjo/gpu-scores-with-cuda-metal-opencl-vulkan
08d1357a9825c23e7477,,Intel(R) HD Graphics 510,,,2394.0,2587.0,True,False,GPU_scores_graphics_API_v2_noCUDA.csv,alanjo/gpu-scores-with-cuda-metal-opencl-vulkan
975ed051b109833ba0ae,,Intel(R) HD Graphics 515,,3910.0,2858.0,3410.0,True,False,GPU_scores_graphics_API_v2_noCUDA.csv,alanjo/gpu-scores-with-cuda-metal-opencl-vulkan
a525a6d2282d5161006a,,Intel(R) HD Graphics 520,,,3993.0,4371.0,True,False,GPU_scores_graphics_API_v2_noCUDA.csv,alanjo/gpu-scores-with-cuda-metal-opencl-vulkan
f062c34ce6d240ab4529,,Intel(R) HD Graphics 530,,5030.0,4385.0,4981.0,True,False,GPU_scores_graphics_API_v2_noCUDA.csv,alanjo/gpu-scores-with-cuda-metal-opencl-vulkan
b36b5dfd9fa354d9e709,,Intel(R) HD Graphics 530 [0x1912],,,4605.0,,True,False,GPU_scores_graphics_API_v2_noCUDA.csv,alanjo/gpu-scores-with-cuda-metal-opencl-vulkan
db6b2233b5ec040a9347,,Intel(R) HD Graphics 5300,,2733.0,1451.0,,True,False,GPU_scores_graphics_API_v2_noCUDA.csv,alanjo/gpu-scores-with-cuda-metal-opencl-vulkan
521ecf1ca65b47b501d1,,Intel(R) HD Graphics 5500,,,2262.0,,True,False,GPU_scores_graphics_API_v2_noCUDA.csv,alanjo/gpu-scores-with-cuda-metal-opencl-vulkan
f8a6205eb51fdc1b84a2,,Intel(R) HD Graphics 5500 [0x1616],,,2934.0,,True,False,GPU_scores_graphics_API_v2_noCUDA.csv,alanjo/gpu-scores-with-cuda-metal-opencl-vulkan
2fee96745cf8e333c50e,,Intel(R) HD Graphics 5600,,,2400.0,,True,False,GPU_scores_graphics_API_v2_noCUDA.csv,alanjo/gpu-scores-with-cuda-metal-opencl-vulkan
eedf8b7ea4a4fe81446c,,Intel(R) HD Graphics 6000,,,3572.0,,True,False,GPU_scores_graphics_API_v2_noCUDA.csv,alanjo/gpu-scores-with-cuda-metal-opencl-vulkan
bae0988287494d70f8e7,,Intel(R) HD Graphics 610,,,2455.0,2693.0,True,False,GPU_scores_graphics_API_v2_noCUDA.csv,alanjo/gpu-scores-with-cuda-metal-opencl-vulkan
06c24c97f5f00ebaf6ba,,Intel(R) HD Graphics 615,,4412.0,3046.0,3413.0,True,False,GPU_scores_graphics_API_v2_noCUDA.csv,alanjo/gpu-scores-with-cuda-metal-opencl-vulkan
34ff831b7cc0b0140ef2,,Intel(R) HD Graphics 620,,,4193.0,4764.0,True,False,GPU_scores_graphics_API_v2_noCUDA.csv,alanjo/gpu-scores-with-cuda-metal-opencl-vulkan
fc0e47c98350bff9060b,,Intel(R) HD Graphics 620 [0x5916],,,4943.0,,True,False,GPU_scores_graphics_API_v2_noCUDA.csv,alanjo/gpu-scores-with-cuda-metal-opencl-vulkan
fa4ef75abad35aec69aa,,Intel(R) HD Graphics 630,,5552.0,4599.0,5253.0,True,False,GPU_scores_graphics_API_v2_noCUDA.csv,alanjo/gpu-scores-with-cuda-metal-opencl-vulkan
a62ecedf2f9962d9b65d,,Intel(R) HD Graphics 630 [0x5912],,,4956.0,,True,False,GPU_scores_graphics_API_v2_noCUDA.csv,alanjo/gpu-scores-with-cuda-metal-opencl-vulkan
5d743966a250ac4b8a96,,Intel(R) HD Graphics Gen11,,,2455.0,2995.0,True,False,GPU_scores_graphics_API_v2_noCUDA.csv,alanjo/gpu-scores-with-cuda-metal-opencl-vulkan
5f8972098b348bfe604e,,Intel(R) HD Graphics Gen9,,,5603.0,,True,False,GPU_scores_graphics_API_v2_noCUDA.csv,alanjo/gpu-scores-with-cuda-metal-opencl-vulkan
9b56d18c36a254b92e7a,,Intel(R) HD Graphics Haswell GT2 Desktop,,,2065.0,,True,False,GPU_scores_graphics_API_v2_noCUDA.csv,alanjo/gpu-scores-with-cuda-metal-opencl-vulkan
44015bc8af576e46065c,,Intel(R) HD Graphics P4600,,,3403.0,,True,False,GPU_scores_graphics_API_v2_noCUDA.csv,alanjo/gpu-scores-with-cuda-metal-opencl-vulkan
fbb1873e378e02e8615e,,Intel(R) HD Graphics P530,,,4481.0,5015.0,True,False,GPU_scores_graphics_API_v2_noCUDA.csv,alanjo/gpu-scores-with-cuda-metal-opencl-vulkan
9ba96ce709d7aa7ee164,,Intel(R) HD Graphics P630,,,5131.0,5602.0,True,False,GPU_scores_graphics_API_v2_noCUDA.csv,alanjo/gpu-scores-with-cuda-metal-opencl-vulkan
1de664690dde332e5e13,,Intel(R) Iris(R) Graphics 540,,,6411.0,6544.0,True,False,GPU_scores_graphics_API_v2_noCUDA.csv,alanjo/gpu-scores-with-cuda-metal-opencl-vulkan
27d576e8c1780fd0ea03,,Intel(R) Iris(R) Graphics 550,,,6945.0,6839.0,True,False,GPU_scores_graphics_API_v2_noCUDA.csv,alanjo/gpu-scores-with-cuda-metal-opencl-vulkan
1d23e2ba17df9fac94d8,,Intel(R) Iris(R) Plus Graphics,,,7413.0,8731.0,True,False,GPU_scores_graphics_API_v2_noCUDA.csv,alanjo/gpu-scores-with-cuda-metal-opencl-vulkan
236597aa8e2a196c0408,,Intel(R) Iris(R) Plus Graphics 640,,,6532.0,6798.0,True,False,GPU_scores_graphics_API_v2_noCUDA.csv,alanjo/gpu-scores-with-cuda-metal-opencl-vulkan
4da23a9ebd788747551d,,Intel(R) Iris(R) Plus Graphics 645,,,6933.0,8290.0,True,False,GPU_scores_graphics_API_v2_noCUDA.csv,alanjo/gpu-scores-with-cuda-metal-opencl-vulkan
4d1882e4dffe2c235222,,Intel(R) Iris(R) Plus Graphics 650,,,7062.0,8259.0,True,False,GPU_scores_graphics_API_v2_noCUDA.csv,alanjo/gpu-scores-with-cuda-metal-opencl-vulkan
c6c0c1c2f9b9274180bc,,Intel(R) Iris(R) Plus Graphics 655,,,7351.0,8097.0,True,False,GPU_scores_graphics_API_v2_noCUDA.csv,alanjo/gpu-scores-with-cuda-metal-opencl-vulkan
dadaeac7d984251a6bbd,,Intel(R) Iris(R) Pro Graphics 580,,,9064.0,10146.0,True,False,GPU_scores_graphics_API_v2_noCUDA.csv,alanjo/gpu-scores-with-cuda-metal-opencl-vulkan
46c3c59528e75838a4fa,,Intel(R) Iris(R) Pro Graphics P580,,,10003.0,,True,False,GPU_scores_graphics_API_v2_noCUDA.csv,alanjo/gpu-scores-with-cuda-metal-opencl-vulkan
40d840ebf1aa4cb322b2,,Intel(R) Iris(R) Xe Graphics,,,12032.0,16823.0,True,False,GPU_scores_graphics_API_v2_noCUDA.csv,alanjo/gpu-scores-with-cuda-metal-opencl-vulkan
ee9d663b98fef5c5964b,,Intel(R) Iris(R) Xe Graphics [0x9a49],,,10656.0,,True,False,GPU_scores_graphics_API_v2_noCUDA.csv,alanjo/gpu-scores-with-cuda-metal-opencl-vulkan
9d0cbad11ba850161c88,,Intel(R) Iris(R) Xe MAX Graphics,,,12960.0,,True,False,GPU_scores_graphics_API_v2_noCUDA.csv,alanjo/gpu-scores-with-cuda-metal-opencl-vulkan
b4d06634092760abfbf9,,Intel(R) Iris(R) Xe MAX Graphics [0x4905],,,22236.0,,True,False,GPU_scores_graphics_API_v2_noCUDA.csv,alanjo/gpu-scores-with-cuda-metal-opencl-vulkan
f8f7446a7677ae19c181,,Intel(R) Iris(TM) Graphics 5100,,,4014.0,,True,False,GPU_scores_graphics_API_v2_noCUDA.csv,alanjo/gpu-scores-with-cuda-metal-opencl-vulkan
088c621fe47a1f1f6c0a,,Intel(R) Iris(TM) Graphics 540,,7314.0,5665.0,2018.0,True,False,GPU_scores_graphics_API_v2_noCUDA.csv,alanjo/gpu-scores-with-cuda-metal-opencl-vulkan
b7f7999ecb04f308f245,,Intel(R) Iris(TM) Graphics 550,,7398.0,5976.0,,True,False,GPU_scores_graphics_API_v2_noCUDA.csv,alanjo/gpu-scores-with-cuda-metal-opencl-vulkan
c0d1150ff68f0a1dfa29,,Intel(R) Iris(TM) Graphics 6100,,5446.0,3022.0,,True,False,GPU_scores_graphics_API_v2_noCUDA.csv,alanjo/gpu-scores-with-cuda-metal-opencl-vulkan
64b5b74c34e7acb142b4,,Intel(R) Iris(TM) Graphics 650,,,6046.0,,True,False,GPU_scores_graphics_API_v2_noCUDA.csv,alanjo/gpu-scores-with-cuda-metal-opencl-vulkan
7dbe792df40e3f7fc969,,Intel(R) Iris(TM) Plus Graphics,,8781.0,5419.0,,True,False,GPU_scores_graphics_API_v2_noCUDA.csv,alanjo/gpu-scores-with-cuda-metal-opencl-vulkan
701b6424cc980b581b0e,,Intel(R) Iris(TM) Plus Graphics 640,,7939.0,5890.0,,True,False,GPU_scores_graphics_API_v2_noCUDA.csv,alanjo/gpu-scores-with-cuda-metal-opencl-vulkan
fced93d3a252cfb72f99,,Intel(R) Iris(TM) Plus Graphics 645,,8362.0,6365.0,,True,False,GPU_scores_graphics_API_v2_noCUDA.csv,alanjo/gpu-scores-with-cuda-metal-opencl-vulkan
a5c81069343b40667374,,Intel(R) Iris(TM) Plus Graphics 650,,8423.0,6239.0,,True,False,GPU_scores_graphics_API_v2_noCUDA.csv,alanjo/gpu-scores-with-cuda-metal-opencl-vulkan
24c8a59569f1e1fd0e87,,Intel(R) Iris(TM) Plus Graphics 655,,8330.0,6563.0,,True,False,GPU_scores_graphics_API_v2_noCUDA.csv,alanjo/gpu-scores-with-cuda-metal-opencl-vulkan
54b8ea414031bc530937,,Intel(R) Iris(TM) Pro Graphics 5200,,,5096.0,,True,False,GPU_scores_graphics_API_v2_noCUDA.csv,alanjo/gpu-scores-with-cuda-metal-opencl-vulkan
b15eca4feebfd79bf9d2,,Intel(R) Iris(TM) Pro Graphics 6200,,7668.0,4465.0,,True,False,GPU_scores_graphics_API_v2_noCUDA.csv,alanjo/gpu-scores-with-cuda-metal-opencl-vulkan
215e3b660b18510fa64b,,Intel(R) Iris(TM) Pro Graphics P580,,,9182.0,,True,False,GPU_scores_graphics_API_v2_noCUDA.csv,alanjo/gpu-scores-with-cuda-metal-opencl-vulkan
8cbd9af3abebe8192cc1,,Intel(R) Iris(TM) Pro Graphics P6300,,,5848.0,,True,False,GPU_scores_graphics_API_v2_noCUDA.csv,alanjo/gpu-scores-with-cuda-metal-opencl-vulkan
b2ceeb30fe2130660e88,,Intel(R) LakeField Mobile Graphics Controller,,,4176.0,4246.0,True,False,GPU_scores_graphics_API_v2_noCUDA.csv,alanjo/gpu-scores-with-cuda-metal-opencl-vulkan
6830dd87f0cb491db718,,Intel(R) RaptorLake-S Mobile Graphics Controller,,,7339.0,8696.0,True,False,GPU_scores_graphics_API_v2_noCUDA.csv,alanjo/gpu-scores-with-cuda-metal-opencl-vulkan
b1e0dd7533eca1029593,,Intel(R) UHD Graphics,,,6292.0,7990.0,True,False,GPU_scores_graphics_API_v2_noCUDA.csv,alanjo/gpu-scores-with-cuda-metal-opencl-vulkan
21bb0d98d97aa5bc624d,,Intel(R) UHD Graphics 600,,,996.0,1169.0,True,False,GPU_scores_graphics_API_v2_noCUDA.csv,alanjo/gpu-scores-with-cuda-metal-opencl-vulkan
34d7448852256a60bb37,,Intel(R) UHD Graphics 600 [0x3185],,,822.0,,True,False,GPU_scores_graphics_API_v2_noCUDA.csv,alanjo/gpu-scores-with-cuda-metal-opencl-vulkan
3cd75dec9798f377337e,,Intel(R) UHD Graphics 605,,,1469.0,1815.0,True,False,GPU_scores_graphics_API_v2_noCUDA.csv,alanjo/gpu-scores-with-cuda-metal-opencl-vulkan
ccf9853d51c11c8adae3,,Intel(R) UHD Graphics 610,,,2702.0,2865.0,True,False,GPU_scores_graphics_API_v2_noCUDA.csv,alanjo/gpu-scores-with-cuda-metal-opencl-vulkan
6d4a533e0bc72a99dd17,,Intel(R) UHD Graphics 615,,,3237.0,4075.0,True,False,GPU_scores_graphics_API_v2_noCUDA.csv,alanjo/gpu-scores-with-cuda-metal-opencl-vulkan
0c982b64d6e0369a59bd,,Intel(R) UHD Graphics 617,,4735.0,3293.0,,True,False,GPU_scores_graphics_API_v2_noCUDA.csv,alanjo/gpu-scores-with-cuda-metal-opencl-vulkan
1bb27bba1e26163b01af,,Intel(R) UHD Graphics 620,,,4575.0,5030.0,True,False,GPU_scores_graphics_API_v2_noCUDA.csv,alanjo/gpu-scores-with-cuda-metal-opencl-vulkan
53676f8cd47c3834d97d,,Intel(R) UHD Graphics 630,,5795.0,4634.0,5454.0,True,False,GPU_scores_graphics_API_v2_noCUDA.csv,alanjo/gpu-scores-with-cuda-metal-opencl-vulkan
b8ea253c51aa863fa73b,,Intel(R) UHD Graphics 710,,,3478.0,4084.0,True,False,GPU_scores_graphics_API_v2_noCUDA.csv,alanjo/gpu-scores-with-cuda-metal-opencl-vulkan
1d43de318ef2be79b3a9,,Intel(R) UHD Graphics 730,,,5970.0,6890.0,True,False,GPU_scores_graphics_API_v2_noCUDA.csv,alanjo/gpu-scores-with-cuda-metal-opencl-vulkan
197b0f937c1251a58080,,Intel(R) UHD Graphics 750,,,6475.0,7639.0,True,False,GPU_scores_graphics_API_v2_noCUDA.csv,alanjo/gpu-scores-with-cuda-metal-opencl-vulkan
a883feb2e83113c3a824,,Intel(R) UHD Graphics 770,,,7664.0,8501.0,True,False,GPU_scores_graphics_API_v2_noCUDA.csv,alanjo/gpu-scores-with-cuda-metal-opencl-vulkan
524edfa21cf977e265c5,,Intel(R) UHD Graphics P630,,,5682.0,5919.0,True,False,GPU_scores_graphics_API_v2_noCUDA.csv,alanjo/gpu-scores-with-cuda-metal-opencl-vulkan
082b51688755a0096089,,Intel(R) UHD Graphics P630 [0x3e96],,,6248.0,,True,False,GPU_scores_graphics_API_v2_noCUDA.csv,alanjo/gpu-scores-with-cuda-metal-opencl-vulkan
2023eda40729f447c229,,Iris,,,3834.0,,True,False,GPU_scores_graphics_API_v2_noCUDA.csv,alanjo/gpu-scores-with-cuda-metal-opencl-vulkan
774ef0c1cbbe76c2331a,Intel,Iris Graphics,,457.0,3909.0,,True,False,GPU_scores_graphicsAPIs.csv,alanjo/gpu-scores-with-cuda-metal-opencl-vulkan
e5b936df5525c6c3db53,Intel,Iris Graphics 5100,,,4150.0,,True,False,GPU_scores_graphicsAPIs.csv,alanjo/gpu-scores-with-cuda-metal-opencl-vulkan
da89a24fe59dd977ee40,Intel,Iris Graphics 540,,6079.0,6252.0,2018.0,True,False,GPU_scores_graphicsAPIs.csv,alanjo/gpu-scores-with-cuda-metal-opencl-vulkan
b019e1efc62804576656,Intel,Iris Graphics 550,,5855.0,6213.0,,True,False,GPU_scores_graphicsAPIs.csv,alanjo/gpu-scores-with-cuda-metal-opencl-vulkan
ecdc6a75a7172be4e1ea,Intel,Iris Graphics 6000,,4603.0,,,True,False,GPU_scores_graphicsAPIs.csv,alanjo/gpu-scores-with-cuda-metal-opencl-vulkan
5438627451b717d2329b,Intel,Iris Graphics 6100,,4919.0,3575.0,,True,False,GPU_scores_graphicsAPIs.csv,alanjo/gpu-scores-with-cuda-metal-opencl-vulkan
7b9ed728531696e9844b,Intel,Iris Graphics 650,,,6046.0,,True,False,GPU_scores_graphicsAPIs.csv,alanjo/gpu-scores-with-cuda-metal-opencl-vulkan
8c707bb88a50ec867598,Intel,Iris Plus Graphics,,8996.0,7546.0,,True,False,GPU_scores_graphicsAPIs.csv,alanjo/gpu-scores-with-cuda-metal-opencl-vulkan
3b026dbc910d869ac185,Intel,Iris Plus Graphics 640,,6247.0,6601.0,,True,False,GPU_scores_graphicsAPIs.csv,alanjo/gpu-scores-with-cuda-metal-opencl-vulkan
ac395b8f8e0ba4f9d66a,Intel,Iris Plus Graphics 645,,6765.0,7232.0,,True,False,GPU_scores_graphicsAPIs.csv,alanjo/gpu-scores-with-cuda-metal-opencl-vulkan
fc849b66e3fac5e77445,Intel,Iris Plus Graphics 650,,6726.0,7106.0,,True,False,GPU_scores_graphicsAPIs.csv,alanjo/gpu-scores-with-cuda-metal-opencl-vulkan
9d59699081542a0b270e,Intel,Iris Plus Graphics 655,,6879.0,7357.0,,True,False,GPU_scores_graphicsAPIs.csv,alanjo/gpu-scores-with-cuda-metal-opencl-vulkan
f424c54f09d15603d175,Intel,Iris Pro,,,4419.0,,True,False,GPU_scores_graphicsAPIs.csv,alanjo/gpu-scores-with-cuda-metal-opencl-vulkan
3b6b73826b9865a1a906,,Iris Pro,,,4548.0,,True,False,GPU_scores_graphics_API_v2_noCUDA.csv,alanjo/gpu-scores-with-cuda-metal-opencl-vulkan
4b53eeb786ee4dc8c397,Intel,Iris Pro Graphics,,478.0,,,True,False,GPU_scores_graphicsAPIs.csv,alanjo/gpu-scores-with-cuda-metal-opencl-vulkan
c6b52dca2ffdca7dcb26,Intel,Iris Pro Graphics 5200,,,5106.0,,True,False,GPU_scores_graphicsAPIs.csv,alanjo/gpu-scores-with-cuda-metal-opencl-vulkan
c3d250e622dcd9504771,Intel,Iris Pro Graphics 580,,,7470.0,,True,False,GPU_scores_graphicsAPIs.csv,alanjo/gpu-scores-with-cuda-metal-opencl-vulkan
50c3d67e4fd43482384c,Intel,Iris Pro Graphics 580 (Skylake GT4e),,,,5258.0,True,False,GPU_scores_graphicsAPIs.csv,alanjo/gpu-scores-with-cuda-metal-opencl-vulkan
748b8a38da9ed6493c12,Intel,Iris Pro Graphics 6200,,6681.0,4913.0,,True,False,GPU_scores_graphicsAPIs.csv,alanjo/gpu-scores-with-cuda-metal-opencl-vulkan
62bc74a72b691ed8a7be,Intel,Iris Pro Graphics P580,,,9182.0,,True,False,GPU_scores_graphicsAPIs.csv,alanjo/gpu-scores-with-cuda-metal-opencl-vulkan
7f633533b17fcb7d092c,Intel,Iris Pro Graphics P6300,,,6273.0,,True,False,GPU_scores_graphicsAPIs.csv,alanjo/gpu-scores-with-cuda-metal-opencl-vulkan
335758f2ef44049088bd,Intel,Iris(R) Graphics 540,,,5885.0,6697.0,True,False,GPU_scores_graphicsAPIs.csv,alanjo/gpu-scores-with-cuda-metal-opencl-vulkan
02985ea8539c908da4ca,Intel,Iris(R) Graphics 550,,,6574.0,7277.0,True,False,GPU_scores_graphicsAPIs.csv,alanjo/gpu-scores-with-cuda-metal-opencl-vulkan
4cc2e91de64a1e864b74,Intel,Iris(R) Graphics 6100 (BDW GT3),,,,4075.0,True,False,GPU_scores_graphicsAPIs.csv,alanjo/gpu-scores-with-cuda-metal-opencl-vulkan
75f42096e564293949c8,Intel,Iris(R) Plus Graphics,,,7576.0,7931.0,True,False,GPU_scores_graphicsAPIs.csv,alanjo/gpu-scores-with-cuda-metal-opencl-vulkan
e28fea449b0b4fb0c733,Intel,Iris(R) Plus Graphics 640,,,5217.0,6827.0,True,False,GPU_scores_graphicsAPIs.csv,alanjo/gpu-scores-with-cuda-metal-opencl-vulkan
71b87c24b7c025032233,Intel,Iris(R) Plus Graphics 645,,,7638.0,7672.0,True,False,GPU_scores_graphicsAPIs.csv,alanjo/gpu-scores-with-cuda-metal-opencl-vulkan
fd30caec0e09377f2c62,Intel,Iris(R) Plus Graphics 650,,,5792.0,7880.0,True,False,GPU_scores_graphicsAPIs.csv,alanjo/gpu-scores-with-cuda-metal-opencl-vulkan
43b3612d3b705fccb0da,Intel,Iris(R) Plus Graphics 655,,,7413.0,8124.0,True,False,GPU_scores_graphicsAPIs.csv,alanjo/gpu-scores-with-cuda-metal-opencl-vulkan
7290ceca43ea7472a6ba,Intel,Iris(R) Plus Graphics 655 (CFL GT3),,,,5422.0,True,False,GPU_scores_graphicsAPIs.csv,alanjo/gpu-scores-with-cuda-metal-opencl-vulkan
bdcdcd45bc44f15bee5c,Intel,Iris(R) Plus Graphics (ICL GT2),,,,5658.0,True,False,GPU_scores_graphicsAPIs.csv,alanjo/gpu-scores-with-cuda-metal-opencl-vulkan
d7b45abf8e107ac72c70,Intel,Iris(R) Pro Graphics 580,,,8684.0,9581.0,True,False,GPU_scores_graphicsAPIs.csv,alanjo/gpu-scores-with-cuda-metal-opencl-vulkan
b3f5ed85184cd8f7f0d4,Intel,Iris(R) Pro Graphics P5200 (HSW GT3),,,,3851.0,True,False,GPU_scores_graphicsAPIs.csv,alanjo/gpu-scores-with-cuda-metal-opencl-vulkan
fbc620bf524c9481b3e0,Intel,Iris(R) Pro Graphics P580,,,9690.0,,True,False,GPU_scores_graphicsAPIs.csv,alanjo/gpu-scores-with-cuda-metal-opencl-vulkan
aa2f87ef1f194d7a3b89,Intel,Iris(R) Xe Graphics,,,14184.0,14105.0,True,False,GPU_scores_graphicsAPIs.csv,alanjo/gpu-scores-with-cuda-metal-opencl-vulkan
17bdcb302db126b9e593,Intel,Iris(R) Xe Graphics [0x9a49],,,10156.0,,True,False,GPU_scores_graphicsAPIs.csv,alanjo/gpu-scores-with-cuda-metal-opencl-vulkan
a98d171b3251ee208780,Intel,Iris(R) Xe MAX Graphics,,,17398.0,15155.0,True,False,GPU_scores_graphicsAPIs.csv,alanjo/gpu-scores-with-cuda-metal-opencl-vulkan
9617e4a62fa39a107a76,Intel,Iris(R) Xe MAX Graphics [0x4905],,,22236.0,,True,False,GPU_scores_graphicsAPIs.csv,alanjo/gpu-scores-with-cuda-metal-opencl-vulkan
fa47dfded940d78c6baa,Intel,KBL Graphics,,,4506.0,,True,False,GPU_scores_graphicsAPIs.csv,alanjo/gpu-scores-with-cuda-metal-opencl-vulkan
7710c90c2b8e98aa8b40,,KBL Graphics,,,3963.0,,True,False,GPU_scores_graphics_API_v2_noCUDA.csv,alanjo/gpu-scores-with-cuda-metal-opencl-vulkan
d0ebd074becf7be58939,Intel,KBL Unknown,,4459.0,,,True,False,GPU_scores_graphicsAPIs.csv,alanjo/gpu-scores-with-cuda-metal-opencl-vulkan
8339c1c744626a266a0b,Intel,LakeField Mobile Graphics Controller,,,4636.0,4177.0,True,False,GPU_scores_graphicsAPIs.csv,alanjo/gpu-scores-with-cuda-metal-opencl-vulkan
924804576a8b1077b673,Other,"llvmpipe (LLVM 12.0.0, 256 bits)",,,,265.0,True,False,GPU_scores_graphicsAPIs.csv,alanjo/gpu-scores-with-cuda-metal-opencl-vulkan
651cc96cbd22a83c04ed,Apple,M1,,20440.0,18171.0,,True,False,GPU_scores_graphicsAPIs.csv,alanjo/gpu-scores-with-cuda-metal-opencl-vulkan
37980c6f5d22f9c74e71,Apple,M1 GPU,,21001.0,,,True,False,GPU_scores_graphicsAPIs.csv,alanjo/gpu-scores-with-cuda-metal-opencl-vulkan
d94eebc3cb16cc9e8b5a,Apple,M1 Max,,64708.0,56581.0,,True,False,GPU_scores_graphicsAPIs.csv,alanjo/gpu-scores-with-cuda-metal-opencl-vulkan
8f54f37fcc5895bb764e,Apple,M1 Pro,,39758.0,35724.0,,True,False,GPU_scores_graphicsAPIs.csv,alanjo/gpu-scores-with-cuda-metal-opencl-vulkan
4174548aac41964d4336,Apple,M1 Ultra,,94583.0,76040.0,,True,False,GPU_scores_graphicsAPIs.csv,alanjo/gpu-scores-with-cuda-metal-opencl-vulkan
ac06f46029574c5815a2,,Maleoon 910,,,3128.0,1825.0,True,False,GPU_scores_graphics_API_v2_noCUDA.csv,alanjo/gpu-scores-with-cuda-metal-opencl-vulkan
642cf2ced8f3889ad98a,ARM,Mali-G31,,,,362.0,True,False,GPU_scores_graphicsAPIs.csv,alanjo/gpu-scores-with-cuda-metal-opencl-vulkan
f0c1e319bbf275e75241,ARM,Mali-G51,,,992.0,1020.0,True,False,GPU_scores_graphicsAPIs.csv,alanjo/gpu-scores-with-cuda-metal-opencl-vulkan
816bee2f42efb6d6cd2e,,Mali-G51,,,447.0,909.0,True,False,GPU_scores_graphics_API_v2_noCUDA.csv,alanjo/gpu-scores-with-cuda-metal-opencl-vulkan
163b07b4c6ba03c92eb9,ARM,Mali-G52,,,1866.0,1152.0,True,False,GPU_scores_graphicsAPIs.csv,alanjo/gpu-scores-with-cuda-metal-opencl-vulkan
2908f2abf02f3ebfc4eb,,Mali-G52,,,1122.0,1038.0,True,False,GPU_scores_graphics_API_v2_noCUDA.csv,alanjo/gpu-scores-with-cuda-metal-opencl-vulkan
be29769e69050f4cce06,ARM,Mali-G52 MC1,,,531.0,489.0,True,False,GPU_scores_graphicsAPIs.csv,alanjo/gpu-scores-with-cuda-metal-opencl-vulkan
e3b77d878e191612994e,,Mali-G52 MC1,,,265.0,489.0,True,False,GPU_scores_graphics_API_v2_noCUDA.csv,alanjo/gpu-scores-with-cuda-metal-opencl-vulkan
3d8c97ad631bbad3a891,ARM,Mali-G52 MC2,,,932.0,1100.0,True,False,GPU_scores_graphicsAPIs.csv,alanjo/gpu-scores-with-cuda-metal-opencl-vulkan
82033bd75d2996e8d20c,,Mali-G52 MC2,,,435.0,1056.0,True,False,GPU_scores_graphics_API_v2_noCUDA.csv,alanjo/gpu-scores-with-cuda-metal-opencl-vulkan
30b624b988b1de2e8463,ARM,Mali-G52 MC2 r1p0,,,1079.0,,True,False,GPU_scores_graphicsAPIs.csv,alanjo/gpu-scores-with-cuda-metal-opencl-vulkan
b190e7b9533b9f2f7fe4,,Mali-G52 MC2 r1p0,,,754.0,,True,False,GPU_scores_graphics_API_v2_noCUDA.csv,alanjo/gpu-scores-with-cuda-metal-opencl-vulkan
fca94bc6522d90f393b4,ARM,Mali-G52 r0p0,,,633.0,,True,False,GPU_scores_graphicsAPIs.csv,alanjo/gpu-scores-with-cuda-metal-opencl-vulkan
37084df7303c32e0abf5,,Mali-G52 r0p0,,,408.0,,True,False,GPU_scores_graphics_API_v2_noCUDA.csv,alanjo/gpu-scores-with-cuda-metal-opencl-vulkan
f4a204b14b0e8f9bafe6,ARM,Mali-G52 r1p0,,,1101.0,,True,False,GPU_scores_graphicsAPIs.csv,alanjo/gpu-scores-with-cuda-metal-opencl-vulkan
90f507582a4ec170c834,,Mali-G52 r1p0,,,887.0,,True,False,GPU_scores_graphics_API_v2_noCUDA.csv,alanjo/gpu-scores-with-cuda-metal-opencl-vulkan
1938f1a91c5b0f73e806,ARM,Mali-G57,,,,1769.0,True,False,GPU_scores_graphicsAPIs.csv,alanjo/gpu-scores-with-cuda-metal-opencl-vulkan
e269aba4289f6c04d11f,ARM,Mali-G57 MC2,,,,1449.0,True,False,GPU_scores_graphicsAPIs.csv,alanjo/gpu-scores-with-cuda-metal-opencl-vulkan
10180357d7e5b531a226,,Mali-G57 MC2 r0p0,,,1048.0,,True,False,GPU_scores_graphics_API_v2_noCUDA.csv,alanjo/gpu-scores-with-cuda-metal-opencl-vulkan
c396ce3f7653abb3345e,ARM,Mali-G57 MC2 r0p1,,,1453.0,,True,False,GPU_scores_graphicsAPIs.csv,alanjo/gpu-scores-with-cuda-metal-opencl-vulkan
bb00bd94f55305016bba,,Mali-G57 MC2 r0p1,,,1283.0,,True,False,GPU_scores_graphics_API_v2_noCUDA.csv,alanjo/gpu-scores-with-cuda-metal-opencl-vulkan
2517b1c48fce1e5ae349,ARM,Mali-G57 MC3,,,,1787.0,True,False,GPU_scores_graphicsAPIs.csv,alanjo/gpu-scores-with-cuda-metal-opencl-vulkan
f871485fe0eca73907d0,ARM,Mali-G57 MC3 r0p0,,,1937.0,,True,False,GPU_scores_graphicsAPIs.csv,alanjo/gpu-scores-with-cuda-metal-opencl-vulkan
8579722b9f8ca1dcd592,,Mali-G57 MC3 r0p0,,,1610.0,,True,False,GPU_scores_graphics_API_v2_noCUDA.csv,alanjo/gpu-scores-with-cuda-metal-opencl-vulkan
6f7b53922efcdce7450e,ARM,Mali-G57 MC4,,,,2090.0,True,False,GPU_scores_graphicsAPIs.csv,alanjo/gpu-scores-with-cuda-metal-opencl-vulkan
d2a6492be9411393d1bc,ARM,Mali-G57 MC4 r0p0,,,2134.0,,True,False,GPU_scores_graphicsAPIs.csv,alanjo/gpu-scores-with-cuda-metal-opencl-vulkan
0a6255582d8168a427b6,,Mali-G57 MC4 r0p0,,,1914.0,,True,False,GPU_scores_graphics_API_v2_noCUDA.csv,alanjo/gpu-scores-with-cuda-metal-opencl-vulkan
6e905165fafd96a4fc24,ARM,Mali-G57 MC5,,,,2947.0,True,False,GPU_scores_graphicsAPIs.csv,alanjo/gpu-scores-with-cuda-metal-opencl-vulkan
eab1b26722c4d9974a93,ARM,Mali-G57 MC5 r0p0,,,2928.0,,True,False,GPU_scores_graphicsAPIs.csv,alanjo/gpu-scores-with-cuda-metal-opencl-vulkan
585c32e199c186edf71d,,Mali-G57 MC5 r0p0,,,2709.0,,True,False,GPU_scores_graphics_API_v2_noCUDA.csv,alanjo/gpu-scores-with-cuda-metal-opencl-vulkan
71bf7561f5fff92dc85f,ARM,Mali-G57 r0p0,,,2273.0,,True,False,GPU_scores_graphicsAPIs.csv,alanjo/gpu-scores-with-cuda-metal-opencl-vulkan
7bb4a7d0d2b0690ef4a5,,Mali-G57 r0p0,,,2004.0,,True,False,GPU_scores_graphics_API_v2_noCUDA.csv,alanjo/gpu-scores-with-cuda-metal-opencl-vulkan
20b392b9cb3e12aa2df6,ARM,Mali-G57 r0p1,,,2008.0,,True,False,GPU_scores_graphicsAPIs.csv,alanjo/gpu-scores-with-cuda-metal-opencl-vulkan
ef9f53d7e352b0cf1ae1,,Mali-G57 r0p1,,,754.0,,True,False,GPU_scores_graphics_API_v2_noCUDA.csv,alanjo/gpu-scores-with-cuda-metal-opencl-vulkan
33c64ff8dec3484660fc,,Mali-G610 MC3 r0p0,,,1927.0,,True,False,GPU_scores_graphics_API_v2_noCUDA.csv,alanjo/gpu-scores-with-cuda-metal-opencl-vulkan
73859bd856cec8994e18,,Mali-G610 MC4 r0p0,,,3340.0,,True,False,GPU_scores_graphics_API_v2_noCUDA.csv,alanjo/gpu-scores-with-cuda-metal-opencl-vulkan
a16a090efff7dd5e63e8,ARM,Mali-G610 MC6,,,,4336.0,True,False,GPU_scores_graphicsAPIs.csv,alanjo/gpu-scores-with-cuda-metal-opencl-vulkan
4cba27213b723373728f,ARM,Mali-G610 MC6 r0p0,,,4483.0,,True,False,GPU_scores_graphicsAPIs.csv,alanjo/gpu-scores-with-cuda-metal-opencl-vulkan
929fd90044b96a243da7,,Mali-G610 MC6 r0p0,,,3705.0,,True,False,GPU_scores_graphics_API_v2_noCUDA.csv,alanjo/gpu-scores-with-cuda-metal-opencl-vulkan
ae7e534e27fc30e37099,ARM,Mali-G610 r0p0,,,3382.0,,True,False,GPU_scores_graphicsAPIs.csv,alanjo/gpu-scores-with-cuda-metal-opencl-vulkan
4650d502af2313529bb8,,Mali-G610 r0p0,,,3226.0,,True,False,GPU_scores_graphics_API_v2_noCUDA.csv,alanjo/gpu-scores-with-cuda-metal-opencl-vulkan
a05add044d565f5275c6,,Mali-G615 MC2 r1p3,,,2496.0,,True,False,GPU_scores_graphics_API_v2_noCUDA.csv,alanjo/gpu-scores-with-cuda-metal-opencl-vulkan
4047e557d01c23990a54,,Mali-G615 MC5 r1p3,,,7604.0,,True,False,GPU_scores_graphics_API_v2_noCUDA.csv,alanjo/gpu-scores-with-cuda-metal-opencl-vulkan
338e2fe226ed172d2b52,,Mali-G615 MC6 r1p3,,,4677.0,,True,False,GPU_scores_graphics_API_v2_noCUDA.csv,alanjo/gpu-scores-with-cuda-metal-opencl-vulkan
47e07991bec9be759461,ARM,Mali-G68,,,,2518.0,True,False,GPU_scores_graphicsAPIs.csv,alanjo/gpu-scores-with-cuda-metal-opencl-vulkan
6ada4c2ae61e63c31dc8,ARM,Mali-G68 MC4,,,,2669.0,True,False,GPU_scores_graphicsAPIs.csv,alanjo/gpu-scores-with-cuda-metal-opencl-vulkan
98a08bca789412742f81,ARM,Mali-G68 MC4 r1p1,,,2641.0,,True,False,GPU_scores_graphicsAPIs.csv,alanjo/gpu-scores-with-cuda-metal-opencl-vulkan
52129584aa465a008e70,,Mali-G68 MC4 r1p1,,,2357.0,,True,False,GPU_scores_graphics_API_v2_noCUDA.csv,alanjo/gpu-scores-with-cuda-metal-opencl-vulkan
3dab47d2773ee777d64b,ARM,Mali-G68 r1p1,,,2527.0,,True,False,GPU_scores_graphicsAPIs.csv,alanjo/gpu-scores-with-cuda-metal-opencl-vulkan
d44fd6acdfecf99cdd89,,Mali-G68 r1p1,,,2652.0,,True,False,GPU_scores_graphics_API_v2_noCUDA.csv,alanjo/gpu-scores-with-cuda-metal-opencl-vulkan
9da7ee48f89d10097bb5,ARM,Mali-G71,,,2628.0,839.0,True,False,GPU_scores_graphicsAPIs.csv,alanjo/gpu-scores-with-cuda-metal-opencl-vulkan
4579f6f8e2a2324c7bdc,,Mali-G71,,,1445.0,1362.0,True,False,GPU_scores_graphics_API_v2_noCUDA.csv,alanjo/gpu-scores-with-cuda-metal-opencl-vulkan
8da159a4aec28a6eddf6,ARM,Mali-G71 MP2,,,,739.0,True,False,GPU_scores_graphicsAPIs.csv,alanjo/gpu-scores-with-cuda-metal-opencl-vulkan
31fc74ccc2ec55ce921c,ARM,Mali-G71 MP2 r0p0,,,724.0,,True,False,GPU_scores_graphicsAPIs.csv,alanjo/gpu-scores-with-cuda-metal-opencl-vulkan
b9778673bd78a71013b8,,Mali-G71 MP2 r0p0,,,722.0,,True,False,GPU_scores_graphics_API_v2_noCUDA.csv,alanjo/gpu-scores-with-cuda-metal-opencl-vulkan
0a47d62f0a3e5d58e4ce,ARM,Mali-G71 r0p0,,,817.0,,True,False,GPU_scores_graphicsAPIs.csv,alanjo/gpu-scores-with-cuda-metal-opencl-vulkan
3e700737868061714185,,Mali-G71 r0p0,,,820.0,,True,False,GPU_scores_graphics_API_v2_noCUDA.csv,alanjo/gpu-scores-with-cuda-metal-opencl-vulkan
64a27cdcefa5bd5313a0,ARM,Mali-G710 MC10,,,,5972.0,True,False,GPU_scores_graphicsAPIs.csv,alanjo/gpu-scores-with-cuda-metal-opencl-vulkan
45fcf60a9a32e5767423,ARM,Mali-G710 MC10 r0p0,,,6666.0,,True,False,GPU_scores_graphicsAPIs.csv,alanjo/gpu-scores-with-cuda-metal-opencl-vulkan
9b2cb6ec74cb5ae363a7,,Mali-G710 MC10 r0p0,,,5965.0,,True,False,GPU_scores_graphics_API_v2_noCUDA.csv,alanjo/gpu-scores-with-cuda-metal-opencl-vulkan
90b3978363e895f691d8,,Mali-G710 r0p0,,,3972.0,,True,False,GPU_scores_graphics_API_v2_noCUDA.csv,alanjo/gpu-scores-with-cuda-metal-opencl-vulkan
07f645f4cb33bec15c7d,,Mali-G715-Immortalis MC11 r1p2,,,8839.0,,True,False,GPU_scores_graphics_API_v2_noCUDA.csv,alanjo/gpu-scores-with-cuda-metal-opencl-vulkan
d597a24665f5c37a4a46,,Mali-G715 r0p0,,,5665.0,,True,False,GPU_scores_graphics_API_v2_noCUDA.csv,alanjo/gpu-scores-with-cuda-metal-opencl-vulkan
a9101581798a73495d52,,Mali-G715 r1p2,,,5116.0,,True,False,GPU_scores_graphics_API_v2_noCUDA.csv,alanjo/gpu-scores-with-cuda-metal-opencl-vulkan
ab671b6abdb14ff0a659,ARM,Mali-G72,,,3044.0,2626.0,True,False,GPU_scores_graphicsAPIs.csv,alanjo/gpu-scores-with-cuda-metal-opencl-vulkan
79f61dfa882d621e2279,,Mali-G72,,,1497.0,3051.0,True,False,GPU_scores_graphics_API_v2_noCUDA.csv,alanjo/gpu-scores-with-cuda-metal-opencl-vulkan
75efb697c585353c93cb,ARM,Mali-G72 MP3,,,1113.0,1252.0,True,False,GPU_scores_graphicsAPIs.csv,alanjo/gpu-scores-with-cuda-metal-opencl-vulkan
18067a5712f1eb8c80b9,,Mali-G72 MP3,,,510.0,1150.0,True,False,GPU_scores_graphics_API_v2_noCUDA.csv,alanjo/gpu-scores-with-cuda-metal-opencl-vulkan
b990e8bde9aeea87cec9,ARM,Mali-G72 MP3 r0p3,,,1222.0,,True,False,GPU_scores_graphicsAPIs.csv,alanjo/gpu-scores-with-cuda-metal-opencl-vulkan
d41ca46b123191375a19,,Mali-G72 MP3 r0p3,,,1192.0,,True,False,GPU_scores_graphics_API_v2_noCUDA.csv,alanjo/gpu-scores-with-cuda-metal-opencl-vulkan
0fcfac2287468182b8f3,ARM,Mali-G72 r0p1,,,1768.0,,True,False,GPU_scores_graphicsAPIs.csv,alanjo/gpu-scores-with-cuda-metal-opencl-vulkan
94dc452c7e8ab7944c15,,Mali-G72 r0p1,,,1282.0,,True,False,GPU_scores_graphics_API_v2_noCUDA.csv,alanjo/gpu-scores-with-cuda-metal-opencl-vulkan
e69f5964a3f12f65074a,ARM,Mali-G72 r0p3,,,1212.0,,True,False,GPU_scores_graphicsAPIs.csv,alanjo/gpu-scores-with-cuda-metal-opencl-vulkan
6b974189145a489729f7,,Mali-G720-Immortalis MC12 r0p0,,,13828.0,,True,False,GPU_scores_graphics_API_v2_noCUDA.csv,alanjo/gpu-scores-with-cuda-metal-opencl-vulkan
d76a3ea61cb8a8196718,ARM,Mali-G76,,,3785.0,3783.0,True,False,GPU_scores_graphicsAPIs.csv,alanjo/gpu-scores-with-cuda-metal-opencl-vulkan
e86fe0119995c964ee35,,Mali-G76,,,1483.0,3936.0,True,False,GPU_scores_graphics_API_v2_noCUDA.csv,alanjo/gpu-scores-with-cuda-metal-opencl-vulkan
6e4803e46b3fc6d9a29a,ARM,Mali-G76 MC4,,,1906.0,2044.0,True,False,GPU_scores_graphicsAPIs.csv,alanjo/gpu-scores-with-cuda-metal-opencl-vulkan
e86b1754dc744f716695,,Mali-G76 MC4,,,806.0,1919.0,True,False,GPU_scores_graphics_API_v2_noCUDA.csv,alanjo/gpu-scores-with-cuda-metal-opencl-vulkan
58f828cd2e3143f7277b,ARM,Mali-G76 MC4 r0p0,,,2066.0,,True,False,GPU_scores_graphicsAPIs.csv,alanjo/gpu-scores-with-cuda-metal-opencl-vulkan
ed1aa6c9cd4341aab8f5,,Mali-G76 MC4 r0p0,,,1805.0,,True,False,GPU_scores_graphics_API_v2_noCUDA.csv,alanjo/gpu-scores-with-cuda-metal-opencl-vulkan
aa4e54c6d0e0132f17c5,ARM,Mali-G76 r0p0,,,4399.0,,True,False,GPU_scores_graphicsAPIs.csv,alanjo/gpu-scores-with-cuda-metal-opencl-vulkan
247dc3c40a5b1727e569,,Mali-G76 r0p0,,,3641.0,,True,False,GPU_scores_graphics_API_v2_noCUDA.csv,alanjo/gpu-scores-with-cuda-metal-opencl-vulkan
83cb3dc75a032d12b511,ARM,Mali-G77,,,,4176.0,True,False,GPU_scores_graphicsAPIs.csv,alanjo/gpu-scores-with-cuda-metal-opencl-vulkan
079cf87c113b6e6f7dc8,ARM,Mali-G77 MC7,,,,3261.0,True,False,GPU_scores_graphicsAPIs.csv,alanjo/gpu-scores-with-cuda-metal-opencl-vulkan
8c4190c238550c5a1be2,ARM,Mali-G77 MC7 r0p1,,,3229.0,,True,False,GPU_scores_graphicsAPIs.csv,alanjo/gpu-scores-with-cuda-metal-opencl-vulkan
51d919a3e2d9265f7d03,ARM,Mali-G77 MC9,,,,5014.0,True,False,GPU_scores_graphicsAPIs.csv,alanjo/gpu-scores-with-cuda-metal-opencl-vulkan
44ef565bb4c44e87d2ff,ARM,Mali-G77 MC9 r0p1,,,5061.0,,True,False,GPU_scores_graphicsAPIs.csv,alanjo/gpu-scores-with-cuda-metal-opencl-vulkan
6b6787067f74b4eb9ea1,,Mali-G77 MC9 r0p1,,,4432.0,,True,False,GPU_scores_graphics_API_v2_noCUDA.csv,alanjo/gpu-scores-with-cuda-metal-opencl-vulkan
0728902bdea0c71f7822,ARM,Mali-G77 r0p1,,,4875.0,,True,False,GPU_scores_graphicsAPIs.csv,alanjo/gpu-scores-with-cuda-metal-opencl-vulkan
60ced268617a06eb1c90,,Mali-G77 r0p1,,,4180.0,,True,False,GPU_scores_graphics_API_v2_noCUDA.csv,alanjo/gpu-scores-with-cuda-metal-opencl-vulkan
f657080484ad8ad0086b,ARM,Mali-G78,,,,6436.0,True,False,GPU_scores_graphicsAPIs.csv,alanjo/gpu-scores-with-cuda-metal-opencl-vulkan
268f6ec164f8f26e5668,,Mali-G78 r0p0,,,6370.0,,True,False,GPU_scores_graphics_API_v2_noCUDA.csv,alanjo/gpu-scores-with-cuda-metal-opencl-vulkan
36a60a8e3c408393e18a,ARM,Mali-G78 r0p1,,,6692.0,,True,False,GPU_scores_graphicsAPIs.csv,alanjo/gpu-scores-with-cuda-metal-opencl-vulkan
4d1fcdc3329fe16068cd,,Mali-G78 r0p1,,,5845.0,,True,False,GPU_scores_graphics_API_v2_noCUDA.csv,alanjo/gpu-scores-with-cuda-metal-opencl-vulkan
e235a603e5556e10b84f,,Mali-LODX r0p0,,,2951.0,,True,False,GPU_scores_graphics_API_v2_noCUDA.csv,alanjo/gpu-scores-with-cuda-metal-opencl-vulkan
7e25b0286cda6fb8f6c7,ARM,Mali-T628,,,399.0,,True,False,GPU_scores_graphicsAPIs.csv,alanjo/gpu-scores-with-cuda-metal-opencl-vulkan
0624230bae06567dd1b5,,Mali-T628,,,399.0,,True,False,GPU_scores_graphics_API_v2_noCUDA.csv,alanjo/gpu-scores-with-cuda-metal-opencl-vulkan
6b84d69cfdc131904c4b,ARM,Mali-T720,,,182.0,,True,False,GPU_scores_graphicsAPIs.csv,alanjo/gpu-scores-with-cuda-metal-opencl-vulkan
e083a887311bcbfd7662,,Mali-T720,,,104.0,,True,False,GPU_scores_graphics_API_v2_noCUDA.csv,alanjo/gpu-scores-with-cuda-metal-opencl-vulkan
7a8cc2f847e4e95be96d,ARM,Mali-T760,,,992.0,108.0,True,False,GPU_scores_graphicsAPIs.csv,alanjo/gpu-scores-with-cuda-metal-opencl-vulkan
f4a73f716c66087d6932,,Mali-T760,,,681.0,108.0,True,False,GPU_scores_graphics_API_v2_noCUDA.csv,alanjo/gpu-scores-with-cuda-metal-opencl-vulkan
3b355a7ea4d6b797a802,ARM,Mali-T820,,,,23.0,True,False,GPU_scores_graphicsAPIs.csv,alanjo/gpu-scores-with-cuda-metal-opencl-vulkan
1180611e93237c07847b,ARM,Mali-T830,,,437.0,50.0,True,False,GPU_scores_graphicsAPIs.csv,alanjo/gpu-scores-with-cuda-metal-opencl-vulkan
dbb5515ab0fd996e5d27,,Mali-T830,,,262.0,258.0,True,False,GPU_scores_graphics_API_v2_noCUDA.csv,alanjo/gpu-scores-with-cuda-metal-opencl-vulkan
61e65c97860a8a595979,ARM,Mali-T860,,,502.0,67.0,True,False,GPU_scores_graphicsAPIs.csv,alanjo/gpu-scores-with-cuda-metal-opencl-vulkan
db05f197f46d29f75b69,,Mali-T860,,,398.0,67.0,True,False,GPU_scores_graphics_API_v2_noCUDA.csv,alanjo/gpu-scores-with-cuda-metal-opencl-vulkan
ea5882a7581820f40eba,ARM,Mali-T880,,,1617.0,107.0,True,False,GPU_scores_graphicsAPIs.csv,alanjo/gpu-scores-with-cuda-metal-opencl-vulkan
ab5f294eb8862be1152f,,Mali-T880,,,1012.0,938.0,True,False,GPU_scores_graphics_API_v2_noCUDA.csv,alanjo/gpu-scores-with-cuda-metal-opencl-vulkan
89afa44ff484a3d922df,ARM,Mali-TNAX,,,,1609.0,True,False,GPU_scores_graphicsAPIs.csv,alanjo/gpu-scores-with-cuda-metal-opencl-vulkan
130ba3b4a8f39171565f,ARM,Mali-TNAX r0p0,,,2167.0,,True,False,GPU_scores_graphicsAPIs.csv,alanjo/gpu-scores-with-cuda-metal-opencl-vulkan
e82af0153adde1b00b17,,Mesa Intel(R) UHD Graphics (CML GT2),,,3132.0,,True,False,GPU_scores_graphics_API_v2_noCUDA.csv,alanjo/gpu-scores-with-cuda-metal-opencl-vulkan
0defb594a48a5c1d555a,,Microsoft Basic Render Driver,,,4.0,,True,False,GPU_scores_graphics_API_v2_noCUDA.csv,alanjo/gpu-scores-with-cuda-metal-opencl-vulkan
f716675cadf584c29628,AMD,Mobility Radeon HD 5000,,,1212.0,,True,False,GPU_scores_graphicsAPIs.csv,alanjo/gpu-scores-with-cuda-metal-opencl-vulkan
0979a8ec6e1248a32012,AMD,Mobility Radeon HD 5570,,,1070.0,,True,False,GPU_scores_graphicsAPIs.csv,alanjo/gpu-scores-with-cuda-metal-opencl-vulkan
786d8344d0d4ff8a0dfc,AMD,Mobility Radeon HD 5800,,,2443.0,,True,False,GPU_scores_graphicsAPIs.csv,alanjo/gpu-scores-with-cuda-metal-opencl-vulkan
4a0c9c514cc4ad635249,Other,MuMu GL/VK,,,,42318.0,True,False,GPU_scores_graphicsAPIs.csv,alanjo/gpu-scores-with-cuda-metal-opencl-vulkan
6b5dc4eebc850a2a4d80,AMD,MxGPU,,,11673.0,,True,False,GPU_scores_graphicsAPIs.csv,alanjo/gpu-scores-with-cuda-metal-opencl-vulkan
e9cbf1fa439091c62978,AMD,Navi 10 [Radeon RX 5600 OEM/5600 XT / 5700/5700 XT],,,58558.0,,True,False,GPU_scores_graphicsAPIs.csv,alanjo/gpu-scores-with-cuda-metal-opencl-vulkan
e44bff6a133d46329a2c,,Navi 10 [Radeon RX 5600 OEM/5600 XT / 5700/5700 XT],,,58558.0,,True,False,GPU_scores_graphics_API_v2_noCUDA.csv,alanjo/gpu-scores-with-cuda-metal-opencl-vulkan
efefae7ab34afe413163,AMD,Navi 14 [Radeon RX 5500/5500M / Pro 5500M],,,39899.0,,True,False,GPU_scores_graphicsAPIs.csv,alanjo/gpu-scores-with-cuda-metal-opencl-vulkan
54110f1ef2c53bd8627f,,Navi 14 [Radeon RX 5500/5500M / Pro 5500M],,,39899.0,,True,False,GPU_scores_graphics_API_v2_noCUDA.csv,alanjo/gpu-scores-with-cuda-metal-opencl-vulkan
f1260f3a33b6be63a73f,AMD,Navi 21 [Radeon RX 6800/6800 XT / 6900 XT],,,143171.0,,True,False,GPU_scores_graphicsAPIs.csv,alanjo/gpu-scores-with-cuda-metal-opencl-vulkan
438ae30190243c1fdcde,,Navi 21 [Radeon RX 6800/6800 XT / 6900 XT],,,143171.0,,True,False,GPU_scores_graphics_API_v2_noCUDA.csv,alanjo/gpu-scores-with-cuda-metal-opencl-vulkan
a87f0c2d1d92aa3095f6,AMD,Navi 22 [Radeon RX 6700/6700 XT / 6800M],,,93993.0,,True,False,GPU_scores_graphicsAPIs.csv,alanjo/gpu-scores-with-cuda-metal-opencl-vulkan
bdf82bfed28818d1b6e7,,Navi 22 [Radeon RX 6700/6700 XT / 6800M],,,93993.0,,True,False,GPU_scores_graphics_API_v2_noCUDA.csv,alanjo/gpu-scores-with-cuda-metal-opencl-vulkan
d15ee7ea6b5211ce2319,,NVIDIA A10,,,157992.0,135215.0,True,False,GPU_scores_graphics_API_v2_noCUDA.csv,alanjo/gpu-scores-with-cuda-metal-opencl-vulkan
7e5a9b62c2cdc12f44d3,,NVIDIA A10-12Q,,,73391.0,120426.0,True,False,GPU_scores_graphics_API_v2_noCUDA.csv,alanjo/gpu-scores-with-cuda-metal-opencl-vulkan
06fa19f7185c99de5df9,,NVIDIA A10-24Q,,,148791.0,,True,False,GPU_scores_graphics_API_v2_noCUDA.csv,alanjo/gpu-scores-with-cuda-metal-opencl-vulkan
8533d63840b6a53f5000,,NVIDIA A10-2Q,,,86244.0,,True,False,GPU_scores_graphics_API_v2_noCUDA.csv,alanjo/gpu-scores-with-cuda-metal-opencl-vulkan
afcc6c64ce4cda7c6e99,,NVIDIA A10-4Q,,,77703.0,,True,False,GPU_scores_graphics_API_v2_noCUDA.csv,alanjo/gpu-scores-with-cuda-metal-opencl-vulkan
9ab62121dd2b32a53647,,NVIDIA A10-6Q,,,38189.0,,True,False,GPU_scores_graphics_API_v2_noCUDA.csv,alanjo/gpu-scores-with-cuda-metal-opencl-vulkan
7ce08069b6310113831d,,NVIDIA A10-8Q,,,48294.0,47671.0,True,False,GPU_scores_graphics_API_v2_noCUDA.csv,alanjo/gpu-scores-with-cuda-metal-opencl-vulkan
89eb3b85b1aba267908d,,NVIDIA A100 80GB PCIe,,,203720.0,,True,False,GPU_scores_graphics_API_v2_noCUDA.csv,alanjo/gpu-scores-with-cuda-metal-opencl-vulkan
525f114359333952dfad,,NVIDIA A100-PCIE-40GB,,,177661.0,150949.0,True,False,GPU_scores_graphics_API_v2_noCUDA.csv,alanjo/gpu-scores-with-cuda-metal-opencl-vulkan
51ffbd7346fed80b8129,,NVIDIA A100-PCIE-80GB,,,207124.0,,True,False,GPU_scores_graphics_API_v2_noCUDA.csv,alanjo/gpu-scores-with-cuda-metal-opencl-vulkan
f79bdd52c8d614f1c3a3,,NVIDIA A100-SXM4-40GB,,,200534.0,,True,False,GPU_scores_graphics_API_v2_noCUDA.csv,alanjo/gpu-scores-with-cuda-metal-opencl-vulkan
1f92b9c9904c90689f85,,NVIDIA A100-SXM4-80GB,,,209395.0,,True,False,GPU_scores_graphics_API_v2_noCUDA.csv,alanjo/gpu-scores-with-cuda-metal-opencl-vulkan
69a1c3d14dfc8076947c,,NVIDIA A10G,,,164992.0,142953.0,True,False,GPU_scores_graphics_API_v2_noCUDA.csv,alanjo/gpu-scores-with-cuda-metal-opencl-vulkan
eced89542c49e507f0ae,,NVIDIA A16,,,33748.0,,True,False,GPU_scores_graphics_API_v2_noCUDA.csv,alanjo/gpu-scores-with-cuda-metal-opencl-vulkan
61b004adba0498f9bf11,,NVIDIA A16-16Q,,,33660.0,,True,False,GPU_scores_graphics_API_v2_noCUDA.csv,alanjo/gpu-scores-with-cuda-metal-opencl-vulkan
bcaa2b43f955f29cb858,,NVIDIA A16-4Q,,,34562.0,33636.0,True,False,GPU_scores_graphics_API_v2_noCUDA.csv,alanjo/gpu-scores-with-cuda-metal-opencl-vulkan
24272f6f6825dee82cd2,,NVIDIA A2,,,35467.0,34563.0,True,False,GPU_scores_graphics_API_v2_noCUDA.csv,alanjo/gpu-scores-with-cuda-metal-opencl-vulkan
b69339d077746c59f580,,NVIDIA A30,,,126812.0,,True,False,GPU_scores_graphics_API_v2_noCUDA.csv,alanjo/gpu-scores-with-cuda-metal-opencl-vulkan
9ffda8f94fc2668e73cd,,NVIDIA A30-1-6C MIG 1g.6gb,,,35435.0,,True,False,GPU_scores_graphics_API_v2_noCUDA.csv,alanjo/gpu-scores-with-cuda-metal-opencl-vulkan
513bed8c9b6ed6a324ee,,NVIDIA A30-6C,,,87683.0,,True,False,GPU_scores_graphics_API_v2_noCUDA.csv,alanjo/gpu-scores-with-cuda-metal-opencl-vulkan
3fe00aa0258c8e1859b5,,NVIDIA A40,,,193429.0,,True,False,GPU_scores_graphics_API_v2_noCUDA.csv,alanjo/gpu-scores-with-cuda-metal-opencl-vulkan
5343deb944f98556a924,,NVIDIA A40-4Q,,,80908.0,,True,False,GPU_scores_graphics_API_v2_noCUDA.csv,alanjo/gpu-scores-with-cuda-metal-opencl-vulkan
eb11583af1b5c218849e,,NVIDIA A40-6Q,,,170164.0,161951.0,True,False,GPU_scores_graphics_API_v2_noCUDA.csv,alanjo/gpu-scores-with-cuda-metal-opencl-vulkan
66b9c6609fe106938533,,NVIDIA A40-8Q,,,128174.0,156873.0,True,False,GPU_scores_graphics_API_v2_noCUDA.csv,alanjo/gpu-scores-with-cuda-metal-opencl-vulkan
97a1988dd95162292766,,NVIDIA CMP 30HX,,,68128.0,,True,False,GPU_scores_graphics_API_v2_noCUDA.csv,alanjo/gpu-scores-with-cuda-metal-opencl-vulkan
d05cbbf993134b461e47,,NVIDIA CMP 40HX,,,95994.0,77879.0,True,False,GPU_scores_graphics_API_v2_noCUDA.csv,alanjo/gpu-scores-with-cuda-metal-opencl-vulkan
97ac56b0c3712e417db4,,NVIDIA CMP 50HX,,,38889.0,,True,False,GPU_scores_graphics_API_v2_noCUDA.csv,alanjo/gpu-scores-with-cuda-metal-opencl-vulkan
21e7aba2f7dd403cf3a6,,NVIDIA CMP 70HX,,,42211.0,,True,False,GPU_scores_graphics_API_v2_noCUDA.csv,alanjo/gpu-scores-with-cuda-metal-opencl-vulkan
8c590d00103629267f6b,,NVIDIA GeForce 830A,,,4315.0,,True,False,GPU_scores_graphics_API_v2_noCUDA.csv,alanjo/gpu-scores-with-cuda-metal-opencl-vulkan
1776dd743acb6be5919e,,NVIDIA GeForce 830M,,,4160.0,,True,False,GPU_scores_graphics_API_v2_noCUDA.csv,alanjo/gpu-scores-with-cuda-metal-opencl-vulkan
8787ab643ff7f405616b,,NVIDIA GeForce 840M,,,6123.0,5200.0,True,False,GPU_scores_graphics_API_v2_noCUDA.csv,alanjo/gpu-scores-with-cuda-metal-opencl-vulkan
34449918ad432fbaf950,,NVIDIA GeForce 920MX,,,4143.0,3531.0,True,False,GPU_scores_graphics_API_v2_noCUDA.csv,alanjo/gpu-scores-with-cuda-metal-opencl-vulkan
b5074536c7cb9fd33802,,NVIDIA GeForce 930M,,,5068.0,4729.0,True,False,GPU_scores_graphics_API_v2_noCUDA.csv,alanjo/gpu-scores-with-cuda-metal-opencl-vulkan
648925c92c01415f0b17,,NVIDIA GeForce 930MX,,,5627.0,4948.0,True,False,GPU_scores_graphics_API_v2_noCUDA.csv,alanjo/gpu-scores-with-cuda-metal-opencl-vulkan
0cf5eac165a5074b88b2,,NVIDIA GeForce 940M,,,6247.0,5535.0,True,False,GPU_scores_graphics_API_v2_noCUDA.csv,alanjo/gpu-scores-with-cuda-metal-opencl-vulkan
4e1287c2e14707930b8d,,NVIDIA GeForce 940MX,,,6341.0,5498.0,True,False,GPU_scores_graphics_API_v2_noCUDA.csv,alanjo/gpu-scores-with-cuda-metal-opencl-vulkan
01c7f2b5f6d15d7990bd,,NVIDIA GeForce GPU,,,8369.0,6978.0,True,False,GPU_scores_graphics_API_v2_noCUDA.csv,alanjo/gpu-scores-with-cuda-metal-opencl-vulkan
617e8158012a104292ac,,NVIDIA GeForce GT 1030,,4637.0,9976.0,9404.0,True,False,GPU_scores_graphics_API_v2_noCUDA.csv,alanjo/gpu-scores-with-cuda-metal-opencl-vulkan
e3e69e9b7b7e82854253,,NVIDIA GeForce GT 630,,1119.0,2637.0,2617.0,True,False,GPU_scores_graphics_API_v2_noCUDA.csv,alanjo/gpu-scores-with-cuda-metal-opencl-vulkan
19f1d518b8afb04c3ca1,,NVIDIA GeForce GT 635,,,3761.0,,True,False,GPU_scores_graphics_API_v2_noCUDA.csv,alanjo/gpu-scores-with-cuda-metal-opencl-vulkan
5f92211435e6212c89b8,,NVIDIA GeForce GT 640,,1819.0,3728.0,3817.0,True,False,GPU_scores_graphics_API_v2_noCUDA.csv,alanjo/gpu-scores-with-cuda-metal-opencl-vulkan
e05e5c1f9e947cb12a82,,NVIDIA GeForce GT 710,,969.0,1979.0,2045.0,True,False,GPU_scores_graphics_API_v2_noCUDA.csv,alanjo/gpu-scores-with-cuda-metal-opencl-vulkan
f0e18ea49619b34a8950,,NVIDIA GeForce GT 720,,918.0,2397.0,,True,False,GPU_scores_graphics_API_v2_noCUDA.csv,alanjo/gpu-scores-with-cuda-metal-opencl-vulkan
5a73e0dc341c7d03487c,,NVIDIA GeForce GT 730,,1661.0,3625.0,3764.0,True,False,GPU_scores_graphics_API_v2_noCUDA.csv,alanjo/gpu-scores-with-cuda-metal-opencl-vulkan
6375dd319e23c7aab956,,NVIDIA GeForce GT 740,,1827.0,3786.0,3717.0,True,False,GPU_scores_graphics_API_v2_noCUDA.csv,alanjo/gpu-scores-with-cuda-metal-opencl-vulkan
0e461d59c8775b4f02da,,NVIDIA GeForce GTX 1050,,7823.0,17907.0,17112.0,True,False,GPU_scores_graphics_API_v2_noCUDA.csv,alanjo/gpu-scores-with-cuda-metal-opencl-vulkan
f2303b0ec99bb4bd55fb,,NVIDIA GeForce GTX 1050 Ti,,7834.0,21555.0,20156.0,True,False,GPU_scores_graphics_API_v2_noCUDA.csv,alanjo/gpu-scores-with-cuda-metal-opencl-vulkan
cec929c04b7870da559e,,NVIDIA GeForce GTX 1050 Ti with Max-Q Design,,,19754.0,18001.0,True,False,GPU_scores_graphics_API_v2_noCUDA.csv,alanjo/gpu-scores-with-cuda-metal-opencl-vulkan
51c2f86fc87d1649ae25,,NVIDIA GeForce GTX 1050 with Max-Q Design,,,16228.0,15990.0,True,False,GPU_scores_graphics_API_v2_noCUDA.csv,alanjo/gpu-scores-with-cuda-metal-opencl-vulkan
0c7f22b914b6f262e22c,,NVIDIA GeForce GTX 1060,,13531.0,31870.0,30158.0,True,False,GPU_scores_graphics_API_v2_noCUDA.csv,alanjo/gpu-scores-with-cuda-metal-opencl-vulkan
c2151ec3efa1b612f366,,NVIDIA GeForce GTX 1060 3GB,,13527.0,33567.0,32249.0,True,False,GPU_scores_graphics_API_v2_noCUDA.csv,alanjo/gpu-scores-with-cuda-metal-opencl-vulkan
afb94b022b49be0a2d92,,NVIDIA GeForce GTX 1060 5GB,,,35355.0,32807.0,True,False,GPU_scores_graphics_API_v2_noCUDA.csv,alanjo/gpu-scores-with-cuda-metal-opencl-vulkan
3f45cc4cf24d9a1ccbd5,,NVIDIA GeForce GTX 1060 6GB,,14587.0,36588.0,35304.0,True,False,GPU_scores_graphics_API_v2_noCUDA.csv,alanjo/gpu-scores-with-cuda-metal-opencl-vulkan
e523f17444250232522f,,NVIDIA GeForce GTX 1060 with Max-Q Design,,,33008.0,28416.0,True,False,GPU_scores_graphics_API_v2_noCUDA.csv,alanjo/gpu-scores-with-cuda-metal-opencl-vulkan
ed9f0373d4fb306bfe6f,,NVIDIA GeForce GTX 1070,,18801.0,50382.0,49382.0,True,False,GPU_scores_graphics_API_v2_noCUDA.csv,alanjo/gpu-scores-with-cuda-metal-opencl-vulkan
3d86fcba2c179385b421,,NVIDIA GeForce GTX 1070 Ti,,22180.0,56932.0,58804.0,True,False,GPU_scores_graphics_API_v2_noCUDA.csv,alanjo/gpu-scores-with-cuda-metal-opencl-vulkan
1f40467883e4a3ccb719,,NVIDIA GeForce GTX 1070 with Max-Q Design,,,40552.0,37212.0,True,False,GPU_scores_graphics_API_v2_noCUDA.csv,alanjo/gpu-scores-with-cuda-metal-opencl-vulkan
70bf1170993e1aaf0b44,,NVIDIA GeForce GTX 1080,,23824.0,60312.0,64728.0,True,False,GPU_scores_graphics_API_v2_noCUDA.csv,alanjo/gpu-scores-with-cuda-metal-opencl-vulkan
1d9f3c3f050fc97912f8,,NVIDIA GeForce GTX 1080 Ti,,30624.0,68895.0,82851.0,True,False,GPU_scores_graphics_API_v2_noCUDA.csv,alanjo/gpu-scores-with-cuda-metal-opencl-vulkan
210f5046af505ba08333,,NVIDIA GeForce GTX 1080 with Max-Q Design,,,50425.0,54364.0,True,False,GPU_scores_graphics_API_v2_noCUDA.csv,alanjo/gpu-scores-with-cuda-metal-opencl-vulkan
8cf07ff0c5b84d8cb0c0,,NVIDIA GeForce GTX 1630,,,24854.0,23661.0,True,False,GPU_scores_graphics_API_v2_noCUDA.csv,alanjo/gpu-scores-with-cuda-metal-opencl-vulkan
8ac9da4d63d81298b1fd,,NVIDIA GeForce GTX 1650,,,39606.0,37421.0,True,False,GPU_scores_graphics_API_v2_noCUDA.csv,alanjo/gpu-scores-with-cuda-metal-opencl-vulkan
d95b050850134825b170,,NVIDIA GeForce GTX 1650 SUPER,,,56661.0,53972.0,True,False,GPU_scores_graphics_API_v2_noCUDA.csv,alanjo/gpu-scores-with-cuda-metal-opencl-vulkan
c999a9988ff85589a061,,NVIDIA GeForce GTX 1650 Ti,,,44825.0,40219.0,True,False,GPU_scores_graphics_API_v2_noCUDA.csv,alanjo/gpu-scores-with-cuda-metal-opencl-vulkan
90b7a63acef052c5db12,,NVIDIA GeForce GTX 1650 Ti with Max-Q Design,,,39471.0,35275.0,True,False,GPU_scores_graphics_API_v2_noCUDA.csv,alanjo/gpu-scores-with-cuda-metal-opencl-vulkan
c371a02193251b85ee57,,NVIDIA GeForce GTX 1650 with Max-Q Design,,,36544.0,33973.0,True,False,GPU_scores_graphics_API_v2_noCUDA.csv,alanjo/gpu-scores-with-cuda-metal-opencl-vulkan
dea33d702cd11f727a32,,NVIDIA GeForce GTX 1660,,,59495.0,54958.0,True,False,GPU_scores_graphics_API_v2_noCUDA.csv,alanjo/gpu-scores-with-cuda-metal-opencl-vulkan
df88a1370d9318970b80,,NVIDIA GeForce GTX 1660 SUPER,,,64130.0,59789.0,True,False,GPU_scores_graphics_API_v2_noCUDA.csv,alanjo/gpu-scores-with-cuda-metal-opencl-vulkan
11320772b74707a74773,,NVIDIA GeForce GTX 1660 Ti,,,65752.0,61974.0,True,False,GPU_scores_graphics_API_v2_noCUDA.csv,alanjo/gpu-scores-with-cuda-metal-opencl-vulkan
7b021f337af0e9735720,,NVIDIA GeForce GTX 1660 Ti with Max-Q Design,,,56508.0,52944.0,True,False,GPU_scores_graphics_API_v2_noCUDA.csv,alanjo/gpu-scores-with-cuda-metal-opencl-vulkan
228bf1c02f78357a9418,,NVIDIA GeForce GTX 645,,,5289.0,,True,False,GPU_scores_graphics_API_v2_noCUDA.csv,alanjo/gpu-scores-with-cuda-metal-opencl-vulkan
9606664bc954b4fc4d20,,NVIDIA GeForce GTX 650,,2038.0,4534.0,4699.0,True,False,GPU_scores_graphics_API_v2_noCUDA.csv,alanjo/gpu-scores-with-cuda-metal-opencl-vulkan
d0668f397ed4240a8c3a,,NVIDIA GeForce GTX 650 Ti,,,7997.0,8185.0,True,False,GPU_scores_graphics_API_v2_noCUDA.csv,alanjo/gpu-scores-with-cuda-metal-opencl-vulkan
c0f5f6a1993418f99968,,NVIDIA GeForce GTX 650 Ti BOOST,,,9596.0,10054.0,True,False,GPU_scores_graphics_API_v2_noCUDA.csv,alanjo/gpu-scores-with-cuda-metal-opencl-vulkan
45e4fb3185e308dfbab5,,NVIDIA GeForce GTX 660,,,11303.0,11743.0,True,False,GPU_scores_graphics_API_v2_noCUDA.csv,alanjo/gpu-scores-with-cuda-metal-opencl-vulkan
30dd932d870568c761c5,,NVIDIA GeForce GTX 660 Ti,,,15088.0,16004.0,True,False,GPU_scores_graphics_API_v2_noCUDA.csv,alanjo/gpu-scores-with-cuda-metal-opencl-vulkan
ccd69cba7a6f00338f9d,,NVIDIA GeForce GTX 670,,5234.0,15097.0,15948.0,True,False,GPU_scores_graphics_API_v2_noCUDA.csv,alanjo/gpu-scores-with-cuda-metal-opencl-vulkan
399005da2b42a34a7c13,,NVIDIA GeForce GTX 680,,5928.0,16678.0,17723.0,True,False,GPU_scores_graphics_API_v2_noCUDA.csv,alanjo/gpu-scores-with-cuda-metal-opencl-vulkan
5f639d84d624b7888471,,NVIDIA GeForce GTX 690,,,16744.0,,True,False,GPU_scores_graphics_API_v2_noCUDA.csv,alanjo/gpu-scores-with-cuda-metal-opencl-vulkan
c7ba1c6e53887b09a20d,,NVIDIA GeForce GTX 745,,2777.0,6238.0,5517.0,True,False,GPU_scores_graphics_API_v2_noCUDA.csv,alanjo/gpu-scores-with-cuda-metal-opencl-vulkan
b37ec5b6e27fc9fe9892,,NVIDIA GeForce GTX 750,,4274.0,10034.0,8901.0,True,False,GPU_scores_graphics_API_v2_noCUDA.csv,alanjo/gpu-scores-with-cuda-metal-opencl-vulkan
f63e4e063bf83657d442,,NVIDIA GeForce GTX 750 Ti,,5182.0,12356.0,10720.0,True,False,GPU_scores_graphics_API_v2_noCUDA.csv,alanjo/gpu-scores-with-cuda-metal-opencl-vulkan
3857eb9a1acc4640803c,,NVIDIA GeForce GTX 760,,5222.0,13683.0,14412.0,True,False,GPU_scores_graphics_API_v2_noCUDA.csv,alanjo/gpu-scores-with-cuda-metal-opencl-vulkan
b37432870086dc74c8b0,,NVIDIA GeForce GTX 760 (192-bit),,,11731.0,12499.0,True,False,GPU_scores_graphics_API_v2_noCUDA.csv,alanjo/gpu-scores-with-cuda-metal-opencl-vulkan
1ef92320e9d0c502d2d4,,NVIDIA GeForce GTX 770,,5831.0,18040.0,18959.0,True,False,GPU_scores_graphics_API_v2_noCUDA.csv,alanjo/gpu-scores-with-cuda-metal-opencl-vulkan
c0cff5c177ce04f1b848,,NVIDIA GeForce GTX 780,,8352.0,22953.0,24883.0,True,False,GPU_scores_graphics_API_v2_noCUDA.csv,alanjo/gpu-scores-with-cuda-metal-opencl-vulkan
345e6e8ca54328bf00f2,,NVIDIA GeForce GTX 780 Ti,,,26858.0,26612.0,True,False,GPU_scores_graphics_API_v2_noCUDA.csv,alanjo/gpu-scores-with-cuda-metal-opencl-vulkan
f0d07e7d4fcea72f6381,,NVIDIA GeForce GTX 850M,,,10034.0,9126.0,True,False,GPU_scores_graphics_API_v2_noCUDA.csv,alanjo/gpu-scores-with-cuda-metal-opencl-vulkan
0e97807c2ff80a76cbba,,NVIDIA GeForce GTX 860M,,4900.0,11081.0,9595.0,True,False,GPU_scores_graphics_API_v2_noCUDA.csv,alanjo/gpu-scores-with-cuda-metal-opencl-vulkan
4fc6a601138c975628ef,,NVIDIA GeForce GTX 880M,,4706.0,15023.0,,True,False,GPU_scores_graphics_API_v2_noCUDA.csv,alanjo/gpu-scores-with-cuda-metal-opencl-vulkan
034d001560da384d1c49,,NVIDIA GeForce GTX 950,,7172.0,16864.0,16768.0,True,False,GPU_scores_graphics_API_v2_noCUDA.csv,alanjo/gpu-scores-with-cuda-metal-opencl-vulkan
1bb8b3598ac138f49e63,,NVIDIA GeForce GTX 950M,,,9730.0,8885.0,True,False,GPU_scores_graphics_API_v2_noCUDA.csv,alanjo/gpu-scores-with-cuda-metal-opencl-vulkan
e4d9d5eed6df8a943fd3,,NVIDIA GeForce GTX 960,,8773.0,19856.0,21368.0,True,False,GPU_scores_graphics_API_v2_noCUDA.csv,alanjo/gpu-scores-with-cuda-metal-opencl-vulkan
b408986838026ddc1127,,NVIDIA GeForce GTX 960A,,,11996.0,,True,False,GPU_scores_graphics_API_v2_noCUDA.csv,alanjo/gpu-scores-with-cuda-metal-opencl-vulkan
d274772d145c6f9ed833,,NVIDIA GeForce GTX 960M,,,11649.0,10563.0,True,False,GPU_scores_graphics_API_v2_noCUDA.csv,alanjo/gpu-scores-with-cuda-metal-opencl-vulkan
b96095374977d10eabe2,,NVIDIA GeForce GTX 965M,,,15811.0,16201.0,True,False,GPU_scores_graphics_API_v2_noCUDA.csv,alanjo/gpu-scores-with-cuda-metal-opencl-vulkan
6a51e776f78e3291b8a8,,NVIDIA GeForce GTX 970,,13595.0,29278.0,31882.0,True,False,GPU_scores_graphics_API_v2_noCUDA.csv,alanjo/gpu-scores-with-cuda-metal-opencl-vulkan
2b17a303731e5be85c88,,NVIDIA GeForce GTX 970M,,,19665.0,19647.0,True,False,GPU_scores_graphics_API_v2_noCUDA.csv,alanjo/gpu-scores-with-cuda-metal-opencl-vulkan
5daf7ffef711968bca53,,NVIDIA GeForce GTX 980,,15163.0,33125.0,38810.0,True,False,GPU_scores_graphics_API_v2_noCUDA.csv,alanjo/gpu-scores-with-cuda-metal-opencl-vulkan
1245ec0e8fb773cb1478,,NVIDIA GeForce GTX 980 Ti,,19520.0,43878.0,47909.0,True,False,GPU_scores_graphics_API_v2_noCUDA.csv,alanjo/gpu-scores-with-cuda-metal-opencl-vulkan
aa25baeda447bc7ee87d,,NVIDIA GeForce GTX 980M,,,24813.0,24383.0,True,False,GPU_scores_graphics_API_v2_noCUDA.csv,alanjo/gpu-scores-with-cuda-metal-opencl-vulkan
2bc2e0bbb127716e5b5c,,NVIDIA GeForce GTX TITAN,,,25547.0,26353.0,True,False,GPU_scores_graphics_API_v2_noCUDA.csv,alanjo/gpu-scores-with-cuda-metal-opencl-vulkan
21498323de00db79f75e,,NVIDIA GeForce GTX TITAN Black,,,26752.0,,True,False,GPU_scores_graphics_API_v2_noCUDA.csv,alanjo/gpu-scores-with-cuda-metal-opencl-vulkan
198eef41ce4afe6b04ed,,NVIDIA GeForce GTX TITAN X,,18723.0,41446.0,48487.0,True,False,GPU_scores_graphics_API_v2_noCUDA.csv,alanjo/gpu-scores-with-cuda-metal-opencl-vulkan
0519a7d3802156550bbd,,NVIDIA GeForce MX110,,,4359.0,3817.0,True,False,GPU_scores_graphics_API_v2_noCUDA.csv,alanjo/gpu-scores-with-cuda-metal-opencl-vulkan
b2ea841fc5a4d8744e53,,NVIDIA GeForce MX130,,,6617.0,5567.0,True,False,GPU_scores_graphics_API_v2_noCUDA.csv,alanjo/gpu-scores-with-cuda-metal-opencl-vulkan
64649db16b3d0460af81,,NVIDIA GeForce MX150,,,10398.0,9458.0,True,False,GPU_scores_graphics_API_v2_noCUDA.csv,alanjo/gpu-scores-with-cuda-metal-opencl-vulkan
f67ce7bf77b8c16ed908,,NVIDIA GeForce MX230,,,6415.0,6451.0,True,False,GPU_scores_graphics_API_v2_noCUDA.csv,alanjo/gpu-scores-with-cuda-metal-opencl-vulkan
c8a2c4224457eda739bb,,NVIDIA GeForce MX250,,,9244.0,9147.0,True,False,GPU_scores_graphics_API_v2_noCUDA.csv,alanjo/gpu-scores-with-cuda-metal-opencl-vulkan
a0a80c24de999c489670,,NVIDIA GeForce MX330,,,9148.0,9016.0,True,False,GPU_scores_graphics_API_v2_noCUDA.csv,alanjo/gpu-scores-with-cuda-metal-opencl-vulkan
033882573f3b7708a174,,NVIDIA GeForce MX350,,,13042.0,12829.0,True,False,GPU_scores_graphics_API_v2_noCUDA.csv,alanjo/gpu-scores-with-cuda-metal-opencl-vulkan
cf39aba8b672272b5080,,NVIDIA GeForce MX450,,,29979.0,25284.0,True,False,GPU_scores_graphics_API_v2_noCUDA.csv,alanjo/gpu-scores-with-cuda-metal-opencl-vulkan
c051e9dbf25f19204dd5,,NVIDIA GeForce MX550,,,34363.0,31445.0,True,False,GPU_scores_graphics_API_v2_noCUDA.csv,alanjo/gpu-scores-with-cuda-metal-opencl-vulkan
aac2459bb45732a52413,,NVIDIA GeForce MX570,,,38080.0,,True,False,GPU_scores_graphics_API_v2_noCUDA.csv,alanjo/gpu-scores-with-cuda-metal-opencl-vulkan
66e22c6e0da8cea530de,,NVIDIA GeForce MX570 A,,,41133.0,35030.0,True,False,GPU_scores_graphics_API_v2_noCUDA.csv,alanjo/gpu-scores-with-cuda-metal-opencl-vulkan
1387563c97511519fc9f,,NVIDIA GeForce RTX 2050,,,42941.0,41590.0,True,False,GPU_scores_graphics_API_v2_noCUDA.csv,alanjo/gpu-scores-with-cuda-metal-opencl-vulkan
95eeaa9d46e839f9bc0c,,NVIDIA GeForce RTX 2060,,,76630.0,71843.0,True,False,GPU_scores_graphics_API_v2_noCUDA.csv,alanjo/gpu-scores-with-cuda-metal-opencl-vulkan
63ac5f25d45bb27614dc,,NVIDIA GeForce RTX 2060 SUPER,,,90182.0,83290.0,True,False,GPU_scores_graphics_API_v2_noCUDA.csv,alanjo/gpu-scores-with-cuda-metal-opencl-vulkan
64985b220fb0d46228c2,,NVIDIA GeForce RTX 2060 with Max-Q Design,,,63283.0,59220.0,True,False,GPU_scores_graphics_API_v2_noCUDA.csv,alanjo/gpu-scores-with-cuda-metal-opencl-vulkan
56b81d33cacfd1b01da3,,NVIDIA GeForce RTX 2070,,,91130.0,83225.0,True,False,GPU_scores_graphics_API_v2_noCUDA.csv,alanjo/gpu-scores-with-cuda-metal-opencl-vulkan
0e570e10a63a213a4ea3,,NVIDIA GeForce RTX 2070 SUPER,,,103082.0,94284.0,True,False,GPU_scores_graphics_API_v2_noCUDA.csv,alanjo/gpu-scores-with-cuda-metal-opencl-vulkan
dff37798e8f5250d664f,,NVIDIA GeForce RTX 2070 Super with Max-Q Design,,,84522.0,76607.0,True,False,GPU_scores_graphics_API_v2_noCUDA.csv,alanjo/gpu-scores-with-cuda-metal-opencl-vulkan
4a42016fd0829a354ab2,,NVIDIA GeForce RTX 2070 with Max-Q Design,,,76611.0,72440.0,True,False,GPU_scores_graphics_API_v2_noCUDA.csv,alanjo/gpu-scores-with-cuda-metal-opencl-vulkan
0700a78d761b0faab842,,NVIDIA GeForce RTX 2080,,,111622.0,100676.0,True,False,GPU_scores_graphics_API_v2_noCUDA.csv,alanjo/gpu-scores-with-cuda-metal-opencl-vulkan
39faab7397dca5a9cd02,,NVIDIA GeForce RTX 2080 SUPER,,,118345.0,106103.0,True,False,GPU_scores_graphics_API_v2_noCUDA.csv,alanjo/gpu-scores-with-cuda-metal-opencl-vulkan
152bc91e6e7200e50d1a,,NVIDIA GeForce RTX 2080 Super with Max-Q Design,,,89201.0,83785.0,True,False,GPU_scores_graphics_API_v2_noCUDA.csv,alanjo/gpu-scores-with-cuda-metal-opencl-vulkan
0cbf1ff5e745d18a3178,,NVIDIA GeForce RTX 2080 Ti,,,146154.0,132451.0,True,False,GPU_scores_graphics_API_v2_noCUDA.csv,alanjo/gpu-scores-with-cuda-metal-opencl-vulkan
da1b904fef74d2027096,,NVIDIA GeForce RTX 2080 with Max-Q Design,,,91030.0,81484.0,True,False,GPU_scores_graphics_API_v2_noCUDA.csv,alanjo/gpu-scores-with-cuda-metal-opencl-vulkan
814ecd78c157a47444dc,,NVIDIA GeForce RTX 3050,,,65000.0,62265.0,True,False,GPU_scores_graphics_API_v2_noCUDA.csv,alanjo/gpu-scores-with-cuda-metal-opencl-vulkan
b93ab9883e0f523a3c59,,NVIDIA GeForce RTX 3050 4GB Laptop GPU,,,45625.0,45675.0,True,False,GPU_scores_graphics_API_v2_noCUDA.csv,alanjo/gpu-scores-with-cuda-metal-opencl-vulkan
64f9ad12732b151f1665,,NVIDIA GeForce RTX 3050 6GB Laptop GPU,,,56158.0,56197.0,True,False,GPU_scores_graphics_API_v2_noCUDA.csv,alanjo/gpu-scores-with-cuda-metal-opencl-vulkan
ba66bdd304ceb238327d,,NVIDIA GeForce RTX 3050 Laptop GPU,,,50579.0,49391.0,True,False,GPU_scores_graphics_API_v2_noCUDA.csv,alanjo/gpu-scores-with-cuda-metal-opencl-vulkan
048e2215f2054cdd231c,,NVIDIA GeForce RTX 3050 OEM,,,60595.0,57465.0,True,False,GPU_scores_graphics_API_v2_noCUDA.csv,alanjo/gpu-scores-with-cuda-metal-opencl-vulkan
7fcb1b07cca438d2649e,,NVIDIA GeForce RTX 3050 Ti Laptop GPU,,,57571.0,56158.0,True,False,GPU_scores_graphics_API_v2_noCUDA.csv,alanjo/gpu-scores-with-cuda-metal-opencl-vulkan
dc4223413f5d7991a319,,NVIDIA GeForce RTX 3060,,,89091.0,84735.0,True,False,GPU_scores_graphics_API_v2_noCUDA.csv,alanjo/gpu-scores-with-cuda-metal-opencl-vulkan
30dec1c2c35afa41236a,,NVIDIA GeForce RTX 3060 Laptop GPU,,,84440.0,79709.0,True,False,GPU_scores_graphics_API_v2_noCUDA.csv,alanjo/gpu-scores-with-cuda-metal-opencl-vulkan
fd8f9a993a00e2bbe297,,NVIDIA GeForce RTX 3060 Ti,,,112358.0,106832.0,True,False,GPU_scores_graphics_API_v2_noCUDA.csv,alanjo/gpu-scores-with-cuda-metal-opencl-vulkan
589da8e6c254c33d2dd3,,NVIDIA GeForce RTX 3070,,,128055.0,119448.0,True,False,GPU_scores_graphics_API_v2_noCUDA.csv,alanjo/gpu-scores-with-cuda-metal-opencl-vulkan
e90067e9881f74b78b75,,NVIDIA GeForce RTX 3070 Laptop GPU,,,102376.0,94297.0,True,False,GPU_scores_graphics_API_v2_noCUDA.csv,alanjo/gpu-scores-with-cuda-metal-opencl-vulkan
30c2f0021818ba5674ec,,NVIDIA GeForce RTX 3070 Ti,,,137951.0,129487.0,True,False,GPU_scores_graphics_API_v2_noCUDA.csv,alanjo/gpu-scores-with-cuda-metal-opencl-vulkan
3bc610bb0cf4fb8f406f,,NVIDIA GeForce RTX 3070 Ti Laptop GPU,,,106417.0,100217.0,True,False,GPU_scores_graphics_API_v2_noCUDA.csv,alanjo/gpu-scores-with-cuda-metal-opencl-vulkan
64bd98d8871c067d0e07,,NVIDIA GeForce RTX 3080,,,173961.0,155121.0,True,False,GPU_scores_graphics_API_v2_noCUDA.csv,alanjo/gpu-scores-with-cuda-metal-opencl-vulkan
2d60fc5259ba9bb1bfe0,,NVIDIA GeForce RTX 3080 Laptop GPU,,,115462.0,103602.0,True,False,GPU_scores_graphics_API_v2_noCUDA.csv,alanjo/gpu-scores-with-cuda-metal-opencl-vulkan
585798b51c2f7f1b312b,,NVIDIA GeForce RTX 3080 Ti,,,191917.0,168555.0,True,False,GPU_scores_graphics_API_v2_noCUDA.csv,alanjo/gpu-scores-with-cuda-metal-opencl-vulkan
b935665d814e69db1ae4,,NVIDIA GeForce RTX 3080 Ti Laptop GPU,,,118517.0,107223.0,True,False,GPU_scores_graphics_API_v2_noCUDA.csv,alanjo/gpu-scores-with-cuda-metal-opencl-vulkan
4e09ecd0ff075e4593c4,,NVIDIA GeForce RTX 3090,,,193401.0,170667.0,True,False,GPU_scores_graphics_API_v2_noCUDA.csv,alanjo/gpu-scores-with-cuda-metal-opencl-vulkan
1facff375bd1a1a610a8,,NVIDIA GeForce RTX 3090 Ti,,,205756.0,178478.0,True,False,GPU_scores_graphics_API_v2_noCUDA.csv,alanjo/gpu-scores-with-cuda-metal-opencl-vulkan
63ff56bdf700508c3c5b,,NVIDIA GeForce RTX 4050 Laptop GPU,,,73338.0,73032.0,True,False,GPU_scores_graphics_API_v2_noCUDA.csv,alanjo/gpu-scores-with-cuda-metal-opencl-vulkan
3ae32ec1da7f436c9ee5,,NVIDIA GeForce RTX 4060,,,101941.0,96435.0,True,False,GPU_scores_graphics_API_v2_noCUDA.csv,alanjo/gpu-scores-with-cuda-metal-opencl-vulkan
138207573594cc931604,,NVIDIA GeForce RTX 4060 Laptop GPU,,,88707.0,86320.0,True,False,GPU_scores_graphics_API_v2_noCUDA.csv,alanjo/gpu-scores-with-cuda-metal-opencl-vulkan
0052e6f1b964b1126457,,NVIDIA GeForce RTX 4060 Ti,,,130174.0,121628.0,True,False,GPU_scores_graphics_API_v2_noCUDA.csv,alanjo/gpu-scores-with-cuda-metal-opencl-vulkan
3f77ed95a9b84a489856,,NVIDIA GeForce RTX 4070,,,167939.0,155845.0,True,False,GPU_scores_graphics_API_v2_noCUDA.csv,alanjo/gpu-scores-with-cuda-metal-opencl-vulkan
ff26e75c5b5f0fbc6f1d,,NVIDIA GeForce RTX 4070 Laptop GPU,,,107203.0,105232.0,True,False,GPU_scores_graphics_API_v2_noCUDA.csv,alanjo/gpu-scores-with-cuda-metal-opencl-vulkan
c7db879248bc43fd982a,,NVIDIA GeForce RTX 4070 SUPER,,,193035.0,176358.0,True,False,GPU_scores_graphics_API_v2_noCUDA.csv,alanjo/gpu-scores-with-cuda-metal-opencl-vulkan
760a72554ca80be70862,,NVIDIA GeForce RTX 4070 Ti,,,205390.0,183766.0,True,False,GPU_scores_graphics_API_v2_noCUDA.csv,alanjo/gpu-scores-with-cuda-metal-opencl-vulkan
71db824f8845b27c9f43,,NVIDIA GeForce RTX 4070 Ti SUPER,,,224403.0,198926.0,True,False,GPU_scores_graphics_API_v2_noCUDA.csv,alanjo/gpu-scores-with-cuda-metal-opencl-vulkan
e7a16e54be73b99b26c8,,NVIDIA GeForce RTX 4080,,,238744.0,213636.0,True,False,GPU_scores_graphics_API_v2_noCUDA.csv,alanjo/gpu-scores-with-cuda-metal-opencl-vulkan
8300a1c1bcc3ffcf97db,,NVIDIA GeForce RTX 4080 Laptop GPU,,,161360.0,143183.0,True,False,GPU_scores_graphics_API_v2_noCUDA.csv,alanjo/gpu-scores-with-cuda-metal-opencl-vulkan
ad7d097841bbec9a596c,,NVIDIA GeForce RTX 4080 SUPER,,,249237.0,215358.0,True,False,GPU_scores_graphics_API_v2_noCUDA.csv,alanjo/gpu-scores-with-cuda-metal-opencl-vulkan
21dfc72044965ec7974d,,NVIDIA GeForce RTX 4090,,,317536.0,262120.0,True,False,GPU_scores_graphics_API_v2_noCUDA.csv,alanjo/gpu-scores-with-cuda-metal-opencl-vulkan
76fb400e61c65614363e,,NVIDIA GeForce RTX 4090 D,,,312016.0,250503.0,True,False,GPU_scores_graphics_API_v2_noCUDA.csv,alanjo/gpu-scores-with-cuda-metal-opencl-vulkan
4904d2f6d670999d9580,,NVIDIA GeForce RTX 4090 Laptop GPU,,,182043.0,166067.0,True,False,GPU_scores_graphics_API_v2_noCUDA.csv,alanjo/gpu-scores-with-cuda-metal-opencl-vulkan
7143de8f58ea55273d0e,,NVIDIA Graphics Device,,,153841.0,65620.0,True,False,GPU_scores_graphics_API_v2_noCUDA.csv,alanjo/gpu-scores-with-cuda-metal-opencl-vulkan
1a78161bb381912cdea6,,NVIDIA H100 80GB HBM3,,,340819.0,,True,False,GPU_scores_graphics_API_v2_noCUDA.csv,alanjo/gpu-scores-with-cuda-metal-opencl-vulkan
04b21c959278b9dc8bf1,,NVIDIA H100 NVL,,,315542.0,,True,False,GPU_scores_graphics_API_v2_noCUDA.csv,alanjo/gpu-scores-with-cuda-metal-opencl-vulkan
a48e758f9640a985df5d,,NVIDIA H100 PCIe,,,282328.0,,True,False,GPU_scores_graphics_API_v2_noCUDA.csv,alanjo/gpu-scores-with-cuda-metal-opencl-vulkan
de84ec5888c3e99e81dd,,NVIDIA L4,,,140440.0,111925.0,True,False,GPU_scores_graphics_API_v2_noCUDA.csv,alanjo/gpu-scores-with-cuda-metal-opencl-vulkan
1e7bc60e2b2981dc88c8,,NVIDIA L4-8Q,,,104051.0,,True,False,GPU_scores_graphics_API_v2_noCUDA.csv,alanjo/gpu-scores-with-cuda-metal-opencl-vulkan
517e9bd159d1a5df7b94,,NVIDIA L40,,,329891.0,246199.0,True,False,GPU_scores_graphics_API_v2_noCUDA.csv,alanjo/gpu-scores-with-cuda-metal-opencl-vulkan
5c85855da7ba1ecf4ef6,,NVIDIA L40-12Q,,,150839.0,,True,False,GPU_scores_graphics_API_v2_noCUDA.csv,alanjo/gpu-scores-with-cuda-metal-opencl-vulkan
f6070fd2462bd5fa05e5,,NVIDIA L40-6Q,,,287878.0,,True,False,GPU_scores_graphics_API_v2_noCUDA.csv,alanjo/gpu-scores-with-cuda-metal-opencl-vulkan
0cb383a8538ee14e561d,,NVIDIA L40S,,,349129.0,,True,False,GPU_scores_graphics_API_v2_noCUDA.csv,alanjo/gpu-scores-with-cuda-metal-opencl-vulkan
5c549405c6e5a59c1f94,,NVIDIA P102-100,,,65754.0,,True,False,GPU_scores_graphics_API_v2_noCUDA.csv,alanjo/gpu-scores-with-cuda-metal-opencl-vulkan
5388c3ed0b9a1a44d36b,,NVIDIA P104-100,,,52593.0,48169.0,True,False,GPU_scores_graphics_API_v2_noCUDA.csv,alanjo/gpu-scores-with-cuda-metal-opencl-vulkan
631bab3782624d663dbc,,NVIDIA P106-090,,,21280.0,18895.0,True,False,GPU_scores_graphics_API_v2_noCUDA.csv,alanjo/gpu-scores-with-cuda-metal-opencl-vulkan
33d70e9a0b5049fd7276,,NVIDIA P106-100,,,36299.0,32693.0,True,False,GPU_scores_graphics_API_v2_noCUDA.csv,alanjo/gpu-scores-with-cuda-metal-opencl-vulkan
3522dff4c22e976064a9,,NVIDIA Quadro K2000,,,4071.0,,True,False,GPU_scores_graphics_API_v2_noCUDA.csv,alanjo/gpu-scores-with-cuda-metal-opencl-vulkan
58af9b32df67e69e7eb5,,NVIDIA Quadro K4000,,2877.0,6816.0,,True,False,GPU_scores_graphics_API_v2_noCUDA.csv,alanjo/gpu-scores-with-cuda-metal-opencl-vulkan
5444e4d7ef1ff155f615,,NVIDIA Quadro M1000M,,,8849.0,,True,False,GPU_scores_graphics_API_v2_noCUDA.csv,alanjo/gpu-scores-with-cuda-metal-opencl-vulkan
7f7b12fd2f52b061782d,,NVIDIA Quadro M1200,,,10582.0,,True,False,GPU_scores_graphics_API_v2_noCUDA.csv,alanjo/gpu-scores-with-cuda-metal-opencl-vulkan
a226eb20c06968556236,,NVIDIA Quadro M2200,,,16429.0,,True,False,GPU_scores_graphics_API_v2_noCUDA.csv,alanjo/gpu-scores-with-cuda-metal-opencl-vulkan
9e3dcd70335de7ad6fc8,,NVIDIA Quadro P4000,,,42289.0,,True,False,GPU_scores_graphics_API_v2_noCUDA.csv,alanjo/gpu-scores-with-cuda-metal-opencl-vulkan
030c59641cba20324c4e,,NVIDIA Quadro P600,,,11181.0,,True,False,GPU_scores_graphics_API_v2_noCUDA.csv,alanjo/gpu-scores-with-cuda-metal-opencl-vulkan
ec3c30a2eebe0bac6792,,NVIDIA Quadro RTX 3000 with Max-Q Design,,,68305.0,,True,False,GPU_scores_graphics_API_v2_noCUDA.csv,alanjo/gpu-scores-with-cuda-metal-opencl-vulkan
cf7a46133461affb5f47,,NVIDIA Quadro RTX 5000 with Max-Q Design,,,91343.0,,True,False,GPU_scores_graphics_API_v2_noCUDA.csv,alanjo/gpu-scores-with-cuda-metal-opencl-vulkan
1f4a3d1da0bb7c17b392,,NVIDIA Quadro RTX 6000,,,74179.0,,True,False,GPU_scores_graphics_API_v2_noCUDA.csv,alanjo/gpu-scores-with-cuda-metal-opencl-vulkan
bb62f308ff9c035f343c,,NVIDIA Quadro RTX 8000,,,125554.0,,True,False,GPU_scores_graphics_API_v2_noCUDA.csv,alanjo/gpu-scores-with-cuda-metal-opencl-vulkan
c41006e137adff8398a4,,NVIDIA Quadro T2000,,,38863.0,,True,False,GPU_scores_graphics_API_v2_noCUDA.csv,alanjo/gpu-scores-with-cuda-metal-opencl-vulkan
bc57dc444fe82453ae2e,,NVIDIA RTX 1000 Ada Generation Laptop GPU,,,71003.0,,True,False,GPU_scores_graphics_API_v2_noCUDA.csv,alanjo/gpu-scores-with-cuda-metal-opencl-vulkan
9c90441808737a458ad4,,NVIDIA RTX 2000 Ada Generation,,,86747.0,84494.0,True,False,GPU_scores_graphics_API_v2_noCUDA.csv,alanjo/gpu-scores-with-cuda-metal-opencl-vulkan
d4edc3cbfb6bd30c0027,,NVIDIA RTX 2000 Ada Generation Embedded GPU,,,93013.0,,True,False,GPU_scores_graphics_API_v2_noCUDA.csv,alanjo/gpu-scores-with-cuda-metal-opencl-vulkan
9a8935b31a3d890e7eb0,,NVIDIA RTX 2000 Ada Generation Laptop GPU,,,79955.0,75753.0,True,False,GPU_scores_graphics_API_v2_noCUDA.csv,alanjo/gpu-scores-with-cuda-metal-opencl-vulkan
6336ebaa7655c22b8db2,,NVIDIA RTX 3000 Ada Generation Laptop GPU,,,98135.0,92759.0,True,False,GPU_scores_graphics_API_v2_noCUDA.csv,alanjo/gpu-scores-with-cuda-metal-opencl-vulkan
efd2eea0147990bfcad3,,NVIDIA RTX 3500 Ada Generation Laptop GPU,,,112197.0,100119.0,True,False,GPU_scores_graphics_API_v2_noCUDA.csv,alanjo/gpu-scores-with-cuda-metal-opencl-vulkan
62691eebbe1914af82a7,,NVIDIA RTX 4000 Ada Generation,,,148238.0,117355.0,True,False,GPU_scores_graphics_API_v2_noCUDA.csv,alanjo/gpu-scores-with-cuda-metal-opencl-vulkan
d3aa2e1d1343b2a6bb9f,,NVIDIA RTX 4000 Ada Generation Laptop GPU,,,140854.0,100009.0,True,False,GPU_scores_graphics_API_v2_noCUDA.csv,alanjo/gpu-scores-with-cuda-metal-opencl-vulkan
2d3fb639d3deece51dff,,NVIDIA RTX 4000 SFF Ada Generation,,,120282.0,105178.0,True,False,GPU_scores_graphics_API_v2_noCUDA.csv,alanjo/gpu-scores-with-cuda-metal-opencl-vulkan
83ace5f59a8a1f1a7d13,,NVIDIA RTX 4500 Ada Generation,,,202396.0,175943.0,True,False,GPU_scores_graphics_API_v2_noCUDA.csv,alanjo/gpu-scores-with-cuda-metal-opencl-vulkan
c39ba4a6cac2683e2ae5,,NVIDIA RTX 500 Ada Generation Laptop GPU,,,59623.0,58391.0,True,False,GPU_scores_graphics_API_v2_noCUDA.csv,alanjo/gpu-scores-with-cuda-metal-opencl-vulkan
df642019b91af202a61a,,NVIDIA RTX 5000 Ada Generation,,,200685.0,170026.0,True,False,GPU_scores_graphics_API_v2_noCUDA.csv,alanjo/gpu-scores-with-cuda-metal-opencl-vulkan
99ccb03821a187381206,,NVIDIA RTX 5000 Ada Generation Laptop GPU,,,181788.0,155111.0,True,False,GPU_scores_graphics_API_v2_noCUDA.csv,alanjo/gpu-scores-with-cuda-metal-opencl-vulkan
f6882873cb750d75df6c,,NVIDIA RTX 6000 Ada Generation,,,292687.0,234163.0,True,False,GPU_scores_graphics_API_v2_noCUDA.csv,alanjo/gpu-scores-with-cuda-metal-opencl-vulkan
f8ef979a7c80df72af90,,NVIDIA RTX A1000,,,53585.0,,True,False,GPU_scores_graphics_API_v2_noCUDA.csv,alanjo/gpu-scores-with-cuda-metal-opencl-vulkan
92dc2e2ab8e703dae205,,NVIDIA RTX A1000 6GB Laptop GPU,,,53982.0,55381.0,True,False,GPU_scores_graphics_API_v2_noCUDA.csv,alanjo/gpu-scores-with-cuda-metal-opencl-vulkan
eb575a9bf792b5d75aec,,NVIDIA RTX A1000 Laptop GPU,,,49592.0,47420.0,True,False,GPU_scores_graphics_API_v2_noCUDA.csv,alanjo/gpu-scores-with-cuda-metal-opencl-vulkan
b5d8d2ddf416963bb849,,NVIDIA RTX A2000,,,73437.0,68557.0,True,False,GPU_scores_graphics_API_v2_noCUDA.csv,alanjo/gpu-scores-with-cuda-metal-opencl-vulkan
d109238837ae9d916c3d,,NVIDIA RTX A2000 12GB,,,72766.0,69986.0,True,False,GPU_scores_graphics_API_v2_noCUDA.csv,alanjo/gpu-scores-with-cuda-metal-opencl-vulkan
9a33d5688ef3f9673e20,,NVIDIA RTX A2000 8GB Laptop GPU,,,56889.0,51098.0,True,False,GPU_scores_graphics_API_v2_noCUDA.csv,alanjo/gpu-scores-with-cuda-metal-opencl-vulkan
39c0171c6d5379f7f5c7,,NVIDIA RTX A2000 Embedded GPU,,,56639.0,,True,False,GPU_scores_graphics_API_v2_noCUDA.csv,alanjo/gpu-scores-with-cuda-metal-opencl-vulkan
24824387be1c41806688,,NVIDIA RTX A2000 Laptop GPU,,,57005.0,53101.0,True,False,GPU_scores_graphics_API_v2_noCUDA.csv,alanjo/gpu-scores-with-cuda-metal-opencl-vulkan
5b4ac6fd68b18efb347d,,NVIDIA RTX A3000 12GB Laptop GPU,,,81005.0,66484.0,True,False,GPU_scores_graphics_API_v2_noCUDA.csv,alanjo/gpu-scores-with-cuda-metal-opencl-vulkan
6551ab5c86dc51ca5394,,NVIDIA RTX A3000 Laptop GPU,,,79550.0,76551.0,True,False,GPU_scores_graphics_API_v2_noCUDA.csv,alanjo/gpu-scores-with-cuda-metal-opencl-vulkan
fe5cf5869fa2e87f0702,,NVIDIA RTX A4000,,,122704.0,110159.0,True,False,GPU_scores_graphics_API_v2_noCUDA.csv,alanjo/gpu-scores-with-cuda-metal-opencl-vulkan
3d6db373135a9fb5294f,,NVIDIA RTX A4000 Laptop GPU,,,99038.0,91166.0,True,False,GPU_scores_graphics_API_v2_noCUDA.csv,alanjo/gpu-scores-with-cuda-metal-opencl-vulkan
482c2cf046f12f80e2b4,,NVIDIA RTX A4500,,,141820.0,131890.0,True,False,GPU_scores_graphics_API_v2_noCUDA.csv,alanjo/gpu-scores-with-cuda-metal-opencl-vulkan
370ff63291d51600efdf,,NVIDIA RTX A4500 Laptop GPU,,,108359.0,60645.0,True,False,GPU_scores_graphics_API_v2_noCUDA.csv,alanjo/gpu-scores-with-cuda-metal-opencl-vulkan
b63303fc130e1bc1af81,,NVIDIA RTX A500 Embedded GPU,,,39861.0,38945.0,True,False,GPU_scores_graphics_API_v2_noCUDA.csv,alanjo/gpu-scores-with-cuda-metal-opencl-vulkan
12ad1edc70e094198fcf,,NVIDIA RTX A500 Laptop GPU,,,41384.0,37604.0,True,False,GPU_scores_graphics_API_v2_noCUDA.csv,alanjo/gpu-scores-with-cuda-metal-opencl-vulkan
f935afa387d272f35576,,NVIDIA RTX A5000,,,154332.0,139720.0,True,False,GPU_scores_graphics_API_v2_noCUDA.csv,alanjo/gpu-scores-with-cuda-metal-opencl-vulkan
ae5a631ecaafc9b22b2d,,NVIDIA RTX A5000 Laptop GPU,,,112453.0,101671.0,True,False,GPU_scores_graphics_API_v2_noCUDA.csv,alanjo/gpu-scores-with-cuda-metal-opencl-vulkan
6f39cb57d23bd78f14d9,,NVIDIA RTX A5500,,,177503.0,147513.0,True,False,GPU_scores_graphics_API_v2_noCUDA.csv,alanjo/gpu-scores-with-cuda-metal-opencl-vulkan
86c50ea8599a2feb997b,,NVIDIA RTX A5500 Laptop GPU,,,125238.0,,True,False,GPU_scores_graphics_API_v2_noCUDA.csv,alanjo/gpu-scores-with-cuda-metal-opencl-vulkan
df737658d7ba16b3d092,,NVIDIA RTX A6000,,,180812.0,169922.0,True,False,GPU_scores_graphics_API_v2_noCUDA.csv,alanjo/gpu-scores-with-cuda-metal-opencl-vulkan
cdd4bdbd22de20bbfbf0,,NVIDIA RTXA6000-12Q,,,187330.0,,True,False,GPU_scores_graphics_API_v2_noCUDA.csv,alanjo/gpu-scores-with-cuda-metal-opencl-vulkan
c4416ddca324df1bc784,,NVIDIA T1000,,,37565.0,34586.0,True,False,GPU_scores_graphics_API_v2_noCUDA.csv,alanjo/gpu-scores-with-cuda-metal-opencl-vulkan
36ed7a2a0dde11c6ba6e,,NVIDIA T1000 8GB,,,38118.0,33815.0,True,False,GPU_scores_graphics_API_v2_noCUDA.csv,alanjo/gpu-scores-with-cuda-metal-opencl-vulkan
153fb54adecc33bebbbc,,NVIDIA T1200 Laptop GPU,,,38966.0,40075.0,True,False,GPU_scores_graphics_API_v2_noCUDA.csv,alanjo/gpu-scores-with-cuda-metal-opencl-vulkan
8a2dad75f6f0a606f8c0,,NVIDIA T400,,,16955.0,15828.0,True,False,GPU_scores_graphics_API_v2_noCUDA.csv,alanjo/gpu-scores-with-cuda-metal-opencl-vulkan
3596558e81ff83dc824d,,NVIDIA T400 4GB,,,17209.0,16291.0,True,False,GPU_scores_graphics_API_v2_noCUDA.csv,alanjo/gpu-scores-with-cuda-metal-opencl-vulkan
ffe565b4ae8fe6c39d20,,NVIDIA T500,,,28349.0,24378.0,True,False,GPU_scores_graphics_API_v2_noCUDA.csv,alanjo/gpu-scores-with-cuda-metal-opencl-vulkan
58d8c064a6f630571b28,,NVIDIA T550 Laptop GPU,,,35628.0,30823.0,True,False,GPU_scores_graphics_API_v2_noCUDA.csv,alanjo/gpu-scores-with-cuda-metal-opencl-vulkan
0bfc55ccfcc3cd78770d,,NVIDIA T600,,,27775.0,25990.0,True,False,GPU_scores_graphics_API_v2_noCUDA.csv,alanjo/gpu-scores-with-cuda-metal-opencl-vulkan
0c04f71d471b9006e6fe,,NVIDIA T600 Laptop GPU,,,35444.0,30228.0,True,False,GPU_scores_graphics_API_v2_noCUDA.csv,alanjo/gpu-scores-with-cuda-metal-opencl-vulkan
26411fab54a0f2ba77fb,,NVIDIA Tesla K40c,,,17468.0,,True,False,GPU_scores_graphics_API_v2_noCUDA.csv,alanjo/gpu-scores-with-cuda-metal-opencl-vulkan
89a527b0be125c43637a,,NVIDIA Tesla T4,,,61276.0,,True,False,GPU_scores_graphics_API_v2_noCUDA.csv,alanjo/gpu-scores-with-cuda-metal-opencl-vulkan
b5b46e36239471aef01d,,NVIDIA TITAN RTX,,,146257.0,121605.0,True,False,GPU_scores_graphics_API_v2_noCUDA.csv,alanjo/gpu-scores-with-cuda-metal-opencl-vulkan
9a67707515ad237d6f4f,,NVIDIA TITAN V,,,154289.0,144760.0,True,False,GPU_scores_graphics_API_v2_noCUDA.csv,alanjo/gpu-scores-with-cuda-metal-opencl-vulkan
c6b0ac66253cba1b3054,,NVIDIA TITAN X (Pascal),,,68373.0,80349.0,True,False,GPU_scores_graphics_API_v2_noCUDA.csv,alanjo/gpu-scores-with-cuda-metal-opencl-vulkan
c8d69a5c1f7dc5d047b5,,NVIDIA TITAN Xp,,,72715.0,85953.0,True,False,GPU_scores_graphics_API_v2_noCUDA.csv,alanjo/gpu-scores-with-cuda-metal-opencl-vulkan
adb6979770ca4882cc29,,NVIDIA TITAN Xp COLLECTORS EDITION,,41063.0,70291.0,,True,False,GPU_scores_graphics_API_v2_noCUDA.csv,alanjo/gpu-scores-with-cuda-metal-opencl-vulkan
0f1f39a5717271582497,Nvidia,NVS 310,,,851.0,,True,False,GPU_scores_graphicsAPIs.csv,alanjo/gpu-scores-with-cuda-metal-opencl-vulkan
fdabbb12e453a198059a,,NVS 310,,,882.0,,True,False,GPU_scores_graphics_API_v2_noCUDA.csv,alanjo/gpu-scores-with-cuda-metal-opencl-vulkan
a59bf8e38fd54e25ce5c,Nvidia,NVS 315,,,851.0,,True,False,GPU_scores_graphicsAPIs.csv,alanjo/gpu-scores-with-cuda-metal-opencl-vulkan
c0a5aab2d4c635b6abad,,NVS 315,,,883.0,,True,False,GPU_scores_graphics_API_v2_noCUDA.csv,alanjo/gpu-scores-with-cuda-metal-opencl-vulkan
5865d3c106ae3f3f9d2c,Nvidia,NVS 4200M,,,1155.0,,True,False,GPU_scores_graphicsAPIs.csv,alanjo/gpu-scores-with-cuda-metal-opencl-vulkan
4af77e060a7fd9308c0b,Nvidia,NVS 510,1282.0,987.0,1436.0,,True,False,GPU_scores_graphicsAPIs.csv,alanjo/gpu-scores-with-cuda-metal-opencl-vulkan
5958a0ea4cd685d4e0f6,,NVS 510,,,1708.0,1868.0,True,False,GPU_scores_graphics_API_v2_noCUDA.csv,alanjo/gpu-scores-with-cuda-metal-opencl-vulkan
4e03926b5f4118596bc1,Nvidia,NVS 5200M,,,1556.0,,True,False,GPU_scores_graphicsAPIs.csv,alanjo/gpu-scores-with-cuda-metal-opencl-vulkan
ee3a3945c5ac488c1064,,NVS 5200M,,,2200.0,,True,False,GPU_scores_graphics_API_v2_noCUDA.csv,alanjo/gpu-scores-with-cuda-metal-opencl-vulkan
59e9aa53cb00c939a33f,Nvidia,NVS 5400M,,,2151.0,,True,False,GPU_scores_graphicsAPIs.csv,alanjo/gpu-scores-with-cuda-metal-opencl-vulkan
9fb7dc0fb62b5fd09328,,NVS 5400M,,,2029.0,,True,False,GPU_scores_graphics_API_v2_noCUDA.csv,alanjo/gpu-scores-with-cuda-metal-opencl-vulkan
43c4debef0010be697a8,Nvidia,P102-100,,,49602.0,,True,False,GPU_scores_graphicsAPIs.csv,alanjo/gpu-scores-with-cuda-metal-opencl-vulkan
0b56068f30286b6913a8,,P102-100,,,49602.0,,True,False,GPU_scores_graphics_API_v2_noCUDA.csv,alanjo/gpu-scores-with-cuda-metal-opencl-vulkan
47c445347236b2ad2b0b,Nvidia,P104-100,,,44280.0,,True,False,GPU_scores_graphicsAPIs.csv,alanjo/gpu-scores-with-cuda-metal-opencl-vulkan
3ab24f73d7a5c773bd20,Nvidia,P106-090,20839.0,,20947.0,18684.0,True,False,GPU_scores_graphicsAPIs.csv,alanjo/gpu-scores-with-cuda-metal-opencl-vulkan
8029ad59f97bd5d767e9,Nvidia,P106-100,34239.0,,35963.0,34985.0,True,False,GPU_scores_graphicsAPIs.csv,alanjo/gpu-scores-with-cuda-metal-opencl-vulkan
acd6dd846dceae9c95b8,,P106-100,,,35376.0,,True,False,GPU_scores_graphics_API_v2_noCUDA.csv,alanjo/gpu-scores-with-cuda-metal-opencl-vulkan
57637bc54075886f6dea,Apple,Paravirtual device,,30603.0,,,True,False,GPU_scores_graphicsAPIs.csv,alanjo/gpu-scores-with-cuda-metal-opencl-vulkan
cdc7ca7192e6bfc1a67b,,PowerVR BXM-8-256,,,156.0,140.0,True,False,GPU_scores_graphics_API_v2_noCUDA.csv,alanjo/gpu-scores-with-cuda-metal-opencl-vulkan
98dfc3e235e4ff708e79,PowerVR,PowerVR Rogue G6110,,,,71.0,True,False,GPU_scores_graphicsAPIs.csv,alanjo/gpu-scores-with-cuda-metal-opencl-vulkan
f8182732167d7e074d2e,PowerVR,PowerVR Rogue GE8100,,,,43.0,True,False,GPU_scores_graphicsAPIs.csv,alanjo/gpu-scores-with-cuda-metal-opencl-vulkan
644b8583aca6af464d62,PowerVR,PowerVR Rogue GE8300,,,,69.0,True,False,GPU_scores_graphicsAPIs.csv,alanjo/gpu-scores-with-cuda-metal-opencl-vulkan
8c5823a202e0ea9093fb,PowerVR,PowerVR Rogue GE8320,,,,82.0,True,False,GPU_scores_graphicsAPIs.csv,alanjo/gpu-scores-with-cuda-metal-opencl-vulkan
8d712f7f46916c812a57,PowerVR,PowerVR Rogue GE8322,,,,92.0,True,False,GPU_scores_graphicsAPIs.csv,alanjo/gpu-scores-with-cuda-metal-opencl-vulkan
7b92ef4fa999bbb8b756,PowerVR,PowerVR Rogue GE9215,,,,75.0,True,False,GPU_scores_graphicsAPIs.csv,alanjo/gpu-scores-with-cuda-metal-opencl-vulkan
f75247f50cfbc822fb10,PowerVR,PowerVR Rogue GE9608,,,,97.0,True,False,GPU_scores_graphicsAPIs.csv,alanjo/gpu-scores-with-cuda-metal-opencl-vulkan
7ed88ab3ec0e9b99c363,PowerVR,PowerVR Rogue GE9920,,,,96.0,True,False,GPU_scores_graphicsAPIs.csv,alanjo/gpu-scores-with-cuda-metal-opencl-vulkan
76d9ee0708416bea1b4b,PowerVR,PowerVR Rogue GM9446,,,,112.0,True,False,GPU_scores_graphicsAPIs.csv,alanjo/gpu-scores-with-cuda-metal-opencl-vulkan
2f82ae46978d9c204364,PowerVR,PowerVR Rogue GT7400 Plus,,,,588.0,True,False,GPU_scores_graphicsAPIs.csv,alanjo/gpu-scores-with-cuda-metal-opencl-vulkan
d3a0cd17e3ccb8f69c4f,Nvidia,Quadro 1000M,,,1598.0,,True,False,GPU_scores_graphicsAPIs.csv,alanjo/gpu-scores-with-cuda-metal-opencl-vulkan
8255730f1f649dbf49cb,,Quadro 1000M,,,2113.0,,True,False,GPU_scores_graphics_API_v2_noCUDA.csv,alanjo/gpu-scores-with-cuda-metal-opencl-vulkan
5ab59669dec36bb72324,Nvidia,Quadro 2000,,,3240.0,,True,False,GPU_scores_graphicsAPIs.csv,alanjo/gpu-scores-with-cuda-metal-opencl-vulkan
94f57d80b738b4fa14bc,,Quadro 2000,,,3903.0,,True,False,GPU_scores_graphics_API_v2_noCUDA.csv,alanjo/gpu-scores-with-cuda-metal-opencl-vulkan
ab8606d60fcaaa2a4cde,Nvidia,Quadro 2000D,,,3236.0,,True,False,GPU_scores_graphicsAPIs.csv,alanjo/gpu-scores-with-cuda-metal-opencl-vulkan
9f0c04397f296dbc292d,,Quadro 2000D,,,3926.0,,True,False,GPU_scores_graphics_API_v2_noCUDA.csv,alanjo/gpu-scores-with-cuda-metal-opencl-vulkan
fc992b91d435679da1ff,Nvidia,Quadro 2000M,,,2794.0,,True,False,GPU_scores_graphicsAPIs.csv,alanjo/gpu-scores-with-cuda-metal-opencl-vulkan
781ae6157f663f51d928,,Quadro 2000M,,,3422.0,,True,False,GPU_scores_graphics_API_v2_noCUDA.csv,alanjo/gpu-scores-with-cuda-metal-opencl-vulkan
8f8e6e82f3eb89663368,Nvidia,Quadro 3000M,,,2894.0,,True,False,GPU_scores_graphicsAPIs.csv,alanjo/gpu-scores-with-cuda-metal-opencl-vulkan
1d23e829d9795d32fd99,,Quadro 3000M,,,3807.0,,True,False,GPU_scores_graphics_API_v2_noCUDA.csv,alanjo/gpu-scores-with-cuda-metal-opencl-vulkan
7f5436a0bc43f91f0338,Nvidia,Quadro 4000,,,4183.0,,True,False,GPU_scores_graphicsAPIs.csv,alanjo/gpu-scores-with-cuda-metal-opencl-vulkan
2f4e7678e9f4744894ea,,Quadro 4000,,,5040.0,,True,False,GPU_scores_graphics_API_v2_noCUDA.csv,alanjo/gpu-scores-with-cuda-metal-opencl-vulkan
f965342561ee2e063f07,Nvidia,Quadro 4000M,,,4216.0,,True,False,GPU_scores_graphicsAPIs.csv,alanjo/gpu-scores-with-cuda-metal-opencl-vulkan
220b4f5f6a872e7f15df,,Quadro 4000M,,,5240.0,,True,False,GPU_scores_graphics_API_v2_noCUDA.csv,alanjo/gpu-scores-with-cuda-metal-opencl-vulkan
015c4a861d7754800250,Nvidia,Quadro 410,,804.0,1446.0,,True,False,GPU_scores_graphicsAPIs.csv,alanjo/gpu-scores-with-cuda-metal-opencl-vulkan
7b900978d69c1437b43c,,Quadro 410,,,1446.0,,True,False,GPU_scores_graphics_API_v2_noCUDA.csv,alanjo/gpu-scores-with-cuda-metal-opencl-vulkan
aadfc99fcbc2e2d8f71a,Nvidia,Quadro 5000,,,6232.0,,True,False,GPU_scores_graphicsAPIs.csv,alanjo/gpu-scores-with-cuda-metal-opencl-vulkan
21cfcf39ddaa1e9e0a87,,Quadro 5000,,,7376.0,,True,False,GPU_scores_graphics_API_v2_noCUDA.csv,alanjo/gpu-scores-with-cuda-metal-opencl-vulkan
20d9ff65ba47cb8f8bec,Nvidia,Quadro 600,,,1849.0,,True,False,GPU_scores_graphicsAPIs.csv,alanjo/gpu-scores-with-cuda-metal-opencl-vulkan
573d7d5521eb1b4db1c8,,Quadro 600,,,2070.0,,True,False,GPU_scores_graphics_API_v2_noCUDA.csv,alanjo/gpu-scores-with-cuda-metal-opencl-vulkan
5b8e3ee7104baf28bdd0,Nvidia,Quadro 6000,,,8990.0,,True,False,GPU_scores_graphicsAPIs.csv,alanjo/gpu-scores-with-cuda-metal-opencl-vulkan
68236ad22807c0582b4b,,Quadro 6000,,,9845.0,,True,False,GPU_scores_graphics_API_v2_noCUDA.csv,alanjo/gpu-scores-with-cuda-metal-opencl-vulkan
a30f9a68de206d137eb3,Nvidia,Quadro GP100,92763.0,,82724.0,,True,False,GPU_scores_graphicsAPIs.csv,alanjo/gpu-scores-with-cuda-metal-opencl-vulkan
38923d03ab45e21302e5,,Quadro GP100,,,88540.0,,True,False,GPU_scores_graphics_API_v2_noCUDA.csv,alanjo/gpu-scores-with-cuda-metal-opencl-vulkan
c4ef04cf3f923411efb4,Nvidia,Quadro GV100,180942.0,,143059.0,,True,False,GPU_scores_graphicsAPIs.csv,alanjo/gpu-scores-with-cuda-metal-opencl-vulkan
a5214b7dc8eed78499c9,,Quadro GV100,,,144865.0,,True,False,GPU_scores_graphics_API_v2_noCUDA.csv,alanjo/gpu-scores-with-cuda-metal-opencl-vulkan
9aec76c6311e41b4d360,Nvidia,Quadro K1000M,1335.0,947.0,1590.0,1509.0,True,False,GPU_scores_graphicsAPIs.csv,alanjo/gpu-scores-with-cuda-metal-opencl-vulkan
066642278d1d73246668,,Quadro K1000M,,,1714.0,1509.0,True,False,GPU_scores_graphics_API_v2_noCUDA.csv,alanjo/gpu-scores-with-cuda-metal-opencl-vulkan
ccb16be09c638655dc80,Nvidia,Quadro K1100M,2205.0,1523.0,2245.0,2664.0,True,False,GPU_scores_graphicsAPIs.csv,alanjo/gpu-scores-with-cuda-metal-opencl-vulkan
8cd9e390fc9452eaa43d,,Quadro K1100M,,,3068.0,2929.0,True,False,GPU_scores_graphics_API_v2_noCUDA.csv,alanjo/gpu-scores-with-cuda-metal-opencl-vulkan
a20058f51c664704aa39,Nvidia,Quadro K1200,9073.0,,9031.0,8697.0,True,False,GPU_scores_graphicsAPIs.csv,alanjo/gpu-scores-with-cuda-metal-opencl-vulkan
67fac808cfb286a37fb4,,Quadro K1200,,,8815.0,7677.0,True,False,GPU_scores_graphics_API_v2_noCUDA.csv,alanjo/gpu-scores-with-cuda-metal-opencl-vulkan
61cdefca8424cd823e2d,Nvidia,Quadro K2000,3055.0,2044.0,4071.0,3710.0,True,False,GPU_scores_graphicsAPIs.csv,alanjo/gpu-scores-with-cuda-metal-opencl-vulkan
5cbf2a0cb955d4f749a2,,Quadro K2000,,,3965.0,4090.0,True,False,GPU_scores_graphics_API_v2_noCUDA.csv,alanjo/gpu-scores-with-cuda-metal-opencl-vulkan
37abaae1974db9521b4f,Nvidia,Quadro K2000D,,,3602.0,,True,False,GPU_scores_graphicsAPIs.csv,alanjo/gpu-scores-with-cuda-metal-opencl-vulkan
de35be0c06642eb5c20b,,Quadro K2000D,,,3973.0,,True,False,GPU_scores_graphics_API_v2_noCUDA.csv,alanjo/gpu-scores-with-cuda-metal-opencl-vulkan
800880c4c1f67f199b50,Nvidia,Quadro K2000M,2385.0,1676.0,2575.0,2616.0,True,False,GPU_scores_graphicsAPIs.csv,alanjo/gpu-scores-with-cuda-metal-opencl-vulkan
0dbdf08a8bb64e92c67c,,Quadro K2000M,,,2993.0,,True,False,GPU_scores_graphics_API_v2_noCUDA.csv,alanjo/gpu-scores-with-cuda-metal-opencl-vulkan
8e9acc2d5ef4c5e01d9f,Nvidia,Quadro K2100M,3028.0,2369.0,3163.0,3644.0,True,False,GPU_scores_graphicsAPIs.csv,alanjo/gpu-scores-with-cuda-metal-opencl-vulkan
29bb33892aee11e222ef,,Quadro K2100M,,,4597.0,4060.0,True,False,GPU_scores_graphics_API_v2_noCUDA.csv,alanjo/gpu-scores-with-cuda-metal-opencl-vulkan
c37e39ade2b70c9bf805,Nvidia,Quadro K2200,11549.0,,12020.0,11238.0,True,False,GPU_scores_graphicsAPIs.csv,alanjo/gpu-scores-with-cuda-metal-opencl-vulkan
ab29144c060ce4f8a927,,Quadro K2200,,,11393.0,10066.0,True,False,GPU_scores_graphics_API_v2_noCUDA.csv,alanjo/gpu-scores-with-cuda-metal-opencl-vulkan
b6d2ec97a28beea33f73,Nvidia,Quadro K2200M,,,10787.0,,True,False,GPU_scores_graphicsAPIs.csv,alanjo/gpu-scores-with-cuda-metal-opencl-vulkan
fed9a0b0948562bff9b7,Nvidia,Quadro K3000M,,2466.0,2958.0,,True,False,GPU_scores_graphicsAPIs.csv,alanjo/gpu-scores-with-cuda-metal-opencl-vulkan
7dc30614dd25fa1be1c6,,Quadro K3000M,,,4201.0,,True,False,GPU_scores_graphics_API_v2_noCUDA.csv,alanjo/gpu-scores-with-cuda-metal-opencl-vulkan
97ecd286b80253b3af21,Nvidia,Quadro K3100M,4121.0,3037.0,3517.0,4645.0,True,False,GPU_scores_graphicsAPIs.csv,alanjo/gpu-scores-with-cuda-metal-opencl-vulkan
807601c04f07c5a87fac,,Quadro K3100M,,,6100.0,,True,False,GPU_scores_graphics_API_v2_noCUDA.csv,alanjo/gpu-scores-with-cuda-metal-opencl-vulkan
54f34acf910631e7c6ea,Nvidia,Quadro K4000,5210.0,3574.0,6816.0,6504.0,True,False,GPU_scores_graphicsAPIs.csv,alanjo/gpu-scores-with-cuda-metal-opencl-vulkan
7ea2a5bad0cc12a257fb,,Quadro K4000,,,6698.0,6811.0,True,False,GPU_scores_graphics_API_v2_noCUDA.csv,alanjo/gpu-scores-with-cuda-metal-opencl-vulkan
5d7138f508895028a301,Nvidia,Quadro K4000M,4650.0,,4763.0,,True,False,GPU_scores_graphicsAPIs.csv,alanjo/gpu-scores-with-cuda-metal-opencl-vulkan
39327951322a15b59fa1,,Quadro K4000M,,,5525.0,,True,False,GPU_scores_graphics_API_v2_noCUDA.csv,alanjo/gpu-scores-with-cuda-metal-opencl-vulkan
a69fe763706cc6e4a30c,Nvidia,Quadro K4100M,6821.0,4915.0,5215.0,7058.0,True,False,GPU_scores_graphicsAPIs.csv,alanjo/gpu-scores-with-cuda-metal-opencl-vulkan
a3a5c9cc29d0f6f7c23f,,Quadro K4100M,,,8718.0,,True,False,GPU_scores_graphics_API_v2_noCUDA.csv,alanjo/gpu-scores-with-cuda-metal-opencl-vulkan
5ecef07eaa9f46c32baf,Nvidia,Quadro K420,1350.0,1060.0,1507.0,1740.0,True,False,GPU_scores_graphicsAPIs.csv,alanjo/gpu-scores-with-cuda-metal-opencl-vulkan
d336347c4834af0e941f,,Quadro K420,,,1833.0,1842.0,True,False,GPU_scores_graphics_API_v2_noCUDA.csv,alanjo/gpu-scores-with-cuda-metal-opencl-vulkan
f3d8b0820316d038e233,Nvidia,Quadro K4200,8973.0,5953.0,11745.0,11396.0,True,False,GPU_scores_graphicsAPIs.csv,alanjo/gpu-scores-with-cuda-metal-opencl-vulkan
180760e609eecd0cce3b,,Quadro K4200,,,12064.0,12538.0,True,False,GPU_scores_graphics_API_v2_noCUDA.csv,alanjo/gpu-scores-with-cuda-metal-opencl-vulkan
d1660ee7665e39982691,Nvidia,Quadro K5000,8558.0,5470.0,7115.0,10194.0,True,False,GPU_scores_graphicsAPIs.csv,alanjo/gpu-scores-with-cuda-metal-opencl-vulkan
6d3e5cad23e13cd801bc,,Quadro K5000,,,11475.0,11806.0,True,False,GPU_scores_graphics_API_v2_noCUDA.csv,alanjo/gpu-scores-with-cuda-metal-opencl-vulkan
9369c2dd665db884be86,Nvidia,Quadro K5000M,,,5107.0,,True,False,GPU_scores_graphicsAPIs.csv,alanjo/gpu-scores-with-cuda-metal-opencl-vulkan
d6fc6e42601785802f30,Nvidia,Quadro K5100M,,5204.0,7697.0,,True,False,GPU_scores_graphicsAPIs.csv,alanjo/gpu-scores-with-cuda-metal-opencl-vulkan
e9208ed58030b7120c51,,Quadro K5100M,,,12294.0,,True,False,GPU_scores_graphics_API_v2_noCUDA.csv,alanjo/gpu-scores-with-cuda-metal-opencl-vulkan
96fb1e0e63f72c51a6a4,Nvidia,Quadro K5200,13735.0,8704.0,16029.0,17881.0,True,False,GPU_scores_graphicsAPIs.csv,alanjo/gpu-scores-with-cuda-metal-opencl-vulkan
d5803a61416e8f0e849a,,Quadro K5200,,,19677.0,20024.0,True,False,GPU_scores_graphics_API_v2_noCUDA.csv,alanjo/gpu-scores-with-cuda-metal-opencl-vulkan
3417e440bc7039b56e64,Nvidia,Quadro K600,1356.0,1060.0,1572.0,1753.0,True,False,GPU_scores_graphicsAPIs.csv,alanjo/gpu-scores-with-cuda-metal-opencl-vulkan
87ab6ef8cb41dc0f0eb7,,Quadro K600,,,1826.0,1885.0,True,False,GPU_scores_graphics_API_v2_noCUDA.csv,alanjo/gpu-scores-with-cuda-metal-opencl-vulkan
157be1362a8ec828f578,Nvidia,Quadro K6000,17571.0,11048.0,17636.0,22673.0,True,False,GPU_scores_graphicsAPIs.csv,alanjo/gpu-scores-with-cuda-metal-opencl-vulkan
2d0aa7fc0b46bbd11cf5,,Quadro K6000,,,24055.0,24951.0,True,False,GPU_scores_graphics_API_v2_noCUDA.csv,alanjo/gpu-scores-with-cuda-metal-opencl-vulkan
22d7c8cde197ae5faadd,Nvidia,Quadro K610M,1504.0,1181.0,1833.0,1867.0,True,False,GPU_scores_graphicsAPIs.csv,alanjo/gpu-scores-with-cuda-metal-opencl-vulkan
4efcc5e9e41a86c84b00,,Quadro K610M,,,1991.0,1867.0,True,False,GPU_scores_graphics_API_v2_noCUDA.csv,alanjo/gpu-scores-with-cuda-metal-opencl-vulkan
d6ef26205778a18d4181,Nvidia,Quadro K620,6653.0,,6869.0,6567.0,True,False,GPU_scores_graphicsAPIs.csv,alanjo/gpu-scores-with-cuda-metal-opencl-vulkan
26ef7df8ead0f44ce04d,,Quadro K620,,,6674.0,5934.0,True,False,GPU_scores_graphics_API_v2_noCUDA.csv,alanjo/gpu-scores-with-cuda-metal-opencl-vulkan
cdcfb65927553582d730,Nvidia,Quadro K620M,,,6165.0,,True,False,GPU_scores_graphicsAPIs.csv,alanjo/gpu-scores-with-cuda-metal-opencl-vulkan
7aebf12bbd69695897fe,,Quadro K620M,,,4583.0,,True,False,GPU_scores_graphics_API_v2_noCUDA.csv,alanjo/gpu-scores-with-cuda-metal-opencl-vulkan
1e6bbb1d0cbb244c6787,Nvidia,Quadro M1000M,8471.0,,8927.0,7809.0,True,False,GPU_scores_graphicsAPIs.csv,alanjo/gpu-scores-with-cuda-metal-opencl-vulkan
22c4a0a677c5b7b5c892,,Quadro M1000M,,,8468.0,8010.0,True,False,GPU_scores_graphics_API_v2_noCUDA.csv,alanjo/gpu-scores-with-cuda-metal-opencl-vulkan
442eeda086c7b72393fa,Nvidia,Quadro M1200,10296.0,,10874.0,9255.0,True,False,GPU_scores_graphicsAPIs.csv,alanjo/gpu-scores-with-cuda-metal-opencl-vulkan
7238ce5b8580bd25c57e,,Quadro M1200,,,10011.0,9291.0,True,False,GPU_scores_graphics_API_v2_noCUDA.csv,alanjo/gpu-scores-with-cuda-metal-opencl-vulkan
f82552dfc2843210e135,Nvidia,Quadro M2000,13100.0,,14953.0,15367.0,True,False,GPU_scores_graphicsAPIs.csv,alanjo/gpu-scores-with-cuda-metal-opencl-vulkan
38fa3fd483fc4e282a11,,Quadro M2000,,,14548.0,14336.0,True,False,GPU_scores_graphics_API_v2_noCUDA.csv,alanjo/gpu-scores-with-cuda-metal-opencl-vulkan
44a42d44527247cc87f6,Nvidia,Quadro M2000M,11041.0,,10557.0,10308.0,True,False,GPU_scores_graphicsAPIs.csv,alanjo/gpu-scores-with-cuda-metal-opencl-vulkan
c2998d09e58685eb921a,,Quadro M2000M,,,9953.0,9463.0,True,False,GPU_scores_graphics_API_v2_noCUDA.csv,alanjo/gpu-scores-with-cuda-metal-opencl-vulkan
e45244a0849daf789364,Nvidia,Quadro M2200,12812.0,,16429.0,15588.0,True,False,GPU_scores_graphicsAPIs.csv,alanjo/gpu-scores-with-cuda-metal-opencl-vulkan
aee567e9b454fd4a9a19,,Quadro M2200,,,13104.0,15548.0,True,False,GPU_scores_graphics_API_v2_noCUDA.csv,alanjo/gpu-scores-with-cuda-metal-opencl-vulkan
0013d3cbaffddd29b67c,Nvidia,Quadro M3000M,15678.0,,17348.0,17520.0,True,False,GPU_scores_graphicsAPIs.csv,alanjo/gpu-scores-with-cuda-metal-opencl-vulkan
91f513564335f11c57ba,,Quadro M3000M,,,16532.0,16721.0,True,False,GPU_scores_graphics_API_v2_noCUDA.csv,alanjo/gpu-scores-with-cuda-metal-opencl-vulkan
c8b9839c98c3bb898f1b,Nvidia,Quadro M4000,16648.0,,18372.0,20969.0,True,False,GPU_scores_graphicsAPIs.csv,alanjo/gpu-scores-with-cuda-metal-opencl-vulkan
c6bab4726d5e2adabe59,,Quadro M4000,,,18876.0,19547.0,True,False,GPU_scores_graphics_API_v2_noCUDA.csv,alanjo/gpu-scores-with-cuda-metal-opencl-vulkan
1ffeb4fa910b54510028,Nvidia,Quadro M4000M,,,20025.0,23545.0,True,False,GPU_scores_graphicsAPIs.csv,alanjo/gpu-scores-with-cuda-metal-opencl-vulkan
f9badc82341b849df867,,Quadro M4000M,,,19972.0,21133.0,True,False,GPU_scores_graphics_API_v2_noCUDA.csv,alanjo/gpu-scores-with-cuda-metal-opencl-vulkan
10ee90f41d5bb7e0b502,Nvidia,Quadro M5000,24565.0,,28016.0,33588.0,True,False,GPU_scores_graphicsAPIs.csv,alanjo/gpu-scores-with-cuda-metal-opencl-vulkan
7f5fe05d7d44996d6683,,Quadro M5000,,,29495.0,32925.0,True,False,GPU_scores_graphics_API_v2_noCUDA.csv,alanjo/gpu-scores-with-cuda-metal-opencl-vulkan
ac5fb56e4ab460904060,Nvidia,Quadro M5000M,20269.0,,22881.0,22787.0,True,False,GPU_scores_graphicsAPIs.csv,alanjo/gpu-scores-with-cuda-metal-opencl-vulkan
93e4cbd77b5b904235e2,,Quadro M5000M,,,23115.0,25001.0,True,False,GPU_scores_graphics_API_v2_noCUDA.csv,alanjo/gpu-scores-with-cuda-metal-opencl-vulkan
4c660580c0b99ee287e9,Nvidia,Quadro M500M,5713.0,,5929.0,5222.0,True,False,GPU_scores_graphicsAPIs.csv,alanjo/gpu-scores-with-cuda-metal-opencl-vulkan
8be13b5200f99367212e,,Quadro M500M,,,6014.0,5222.0,True,False,GPU_scores_graphics_API_v2_noCUDA.csv,alanjo/gpu-scores-with-cuda-metal-opencl-vulkan
bebb48c3db151223a6e5,Nvidia,Quadro M520,7173.0,,6889.0,,True,False,GPU_scores_graphicsAPIs.csv,alanjo/gpu-scores-with-cuda-metal-opencl-vulkan
b273d847c6734e2a3939,,Quadro M520,,,6059.0,,True,False,GPU_scores_graphics_API_v2_noCUDA.csv,alanjo/gpu-scores-with-cuda-metal-opencl-vulkan
34cf9e4716beb4a44894,Nvidia,Quadro M6000,32385.0,,36685.0,45948.0,True,False,GPU_scores_graphicsAPIs.csv,alanjo/gpu-scores-with-cuda-metal-opencl-vulkan
f45a9dc7a3c256609f04,,Quadro M6000,,,40078.0,47041.0,True,False,GPU_scores_graphics_API_v2_noCUDA.csv,alanjo/gpu-scores-with-cuda-metal-opencl-vulkan
e4bcb501492ee4abd200,Nvidia,Quadro M6000 24GB,32156.0,,35572.0,,True,False,GPU_scores_graphicsAPIs.csv,alanjo/gpu-scores-with-cuda-metal-opencl-vulkan
0848e486fdf5ba19bf0f,,Quadro M6000 24GB,,,40368.0,,True,False,GPU_scores_graphics_API_v2_noCUDA.csv,alanjo/gpu-scores-with-cuda-metal-opencl-vulkan
6e42fc25f57a43537e5e,Nvidia,Quadro M600M,,,5969.0,,True,False,GPU_scores_graphicsAPIs.csv,alanjo/gpu-scores-with-cuda-metal-opencl-vulkan
3ea2127f55dc81e9d49d,,Quadro M600M,,,5927.0,,True,False,GPU_scores_graphics_API_v2_noCUDA.csv,alanjo/gpu-scores-with-cuda-metal-opencl-vulkan
db98cc66ac597658e93a,Nvidia,Quadro M620,8602.0,,8815.0,7859.0,True,False,GPU_scores_graphicsAPIs.csv,alanjo/gpu-scores-with-cuda-metal-opencl-vulkan
1fb7babac7f5c8d7725f,,Quadro M620,,,7870.0,6149.0,True,False,GPU_scores_graphics_API_v2_noCUDA.csv,alanjo/gpu-scores-with-cuda-metal-opencl-vulkan
6d1fd68e7ecdc4a3b524,Nvidia,Quadro P1000,14286.0,,15667.0,14310.0,True,False,GPU_scores_graphicsAPIs.csv,alanjo/gpu-scores-with-cuda-metal-opencl-vulkan
5add526907c71496ca4e,,Quadro P1000,,,14308.0,13073.0,True,False,GPU_scores_graphics_API_v2_noCUDA.csv,alanjo/gpu-scores-with-cuda-metal-opencl-vulkan
b9ce80b967a1b5cb13a2,Nvidia,Quadro P2000,21668.0,,23869.0,23151.0,True,False,GPU_scores_graphicsAPIs.csv,alanjo/gpu-scores-with-cuda-metal-opencl-vulkan
9dfaf4364a6b23b35a0f,,Quadro P2000,,,23057.0,23988.0,True,False,GPU_scores_graphics_API_v2_noCUDA.csv,alanjo/gpu-scores-with-cuda-metal-opencl-vulkan
e5ef3757088e8b44b0a7,Nvidia,Quadro P2000 with Max-Q Design,18218.0,,19715.0,18474.0,True,False,GPU_scores_graphicsAPIs.csv,alanjo/gpu-scores-with-cuda-metal-opencl-vulkan
1c47a102393782545a9b,,Quadro P2000 with Max-Q Design,,,19384.0,,True,False,GPU_scores_graphics_API_v2_noCUDA.csv,alanjo/gpu-scores-with-cuda-metal-opencl-vulkan
8113132905814579e83a,Nvidia,Quadro P2200,30389.0,,32972.0,33482.0,True,False,GPU_scores_graphicsAPIs.csv,alanjo/gpu-scores-with-cuda-metal-opencl-vulkan
559e157bfe6b1fc86465,,Quadro P2200,,,32446.0,30899.0,True,False,GPU_scores_graphics_API_v2_noCUDA.csv,alanjo/gpu-scores-with-cuda-metal-opencl-vulkan
60982d3ee2d9fae61664,Nvidia,Quadro P3000,22837.0,,25108.0,25030.0,True,False,GPU_scores_graphicsAPIs.csv,alanjo/gpu-scores-with-cuda-metal-opencl-vulkan
eea021421f1abb06a81c,,Quadro P3000,,,26398.0,,True,False,GPU_scores_graphics_API_v2_noCUDA.csv,alanjo/gpu-scores-with-cuda-metal-opencl-vulkan
9f418d1196dd20332e24,Nvidia,Quadro P3200,27741.0,,33597.0,32589.0,True,False,GPU_scores_graphicsAPIs.csv,alanjo/gpu-scores-with-cuda-metal-opencl-vulkan
2d8be592110eb1eebb8c,,Quadro P3200,,,34313.0,35873.0,True,False,GPU_scores_graphics_API_v2_noCUDA.csv,alanjo/gpu-scores-with-cuda-metal-opencl-vulkan
49ced1d61a5c7ee7bc7c,Nvidia,Quadro P3200 with Max-Q Design,31592.0,,31276.0,,True,False,GPU_scores_graphicsAPIs.csv,alanjo/gpu-scores-with-cuda-metal-opencl-vulkan
35a6aa0573279a7d2116,,Quadro P3200 with Max-Q Design,,,36022.0,34607.0,True,False,GPU_scores_graphics_API_v2_noCUDA.csv,alanjo/gpu-scores-with-cuda-metal-opencl-vulkan
487fb1e9eea6dd9d9c36,Nvidia,Quadro P400,5691.0,,5692.0,5511.0,True,False,GPU_scores_graphicsAPIs.csv,alanjo/gpu-scores-with-cuda-metal-opencl-vulkan
4b1f823ffe7de9f76813,,Quadro P400,,,5606.0,5123.0,True,False,GPU_scores_graphics_API_v2_noCUDA.csv,alanjo/gpu-scores-with-cuda-metal-opencl-vulkan
cc78ca5318c93d2fdd6f,Nvidia,Quadro P4000,39254.0,,42289.0,41279.0,True,False,GPU_scores_graphicsAPIs.csv,alanjo/gpu-scores-with-cuda-metal-opencl-vulkan
56b534df877439bc0ae4,,Quadro P4000,,,41718.0,42075.0,True,False,GPU_scores_graphics_API_v2_noCUDA.csv,alanjo/gpu-scores-with-cuda-metal-opencl-vulkan
bc99800b693a728ccf21,Nvidia,Quadro P4200,37676.0,,38169.0,,True,False,GPU_scores_graphicsAPIs.csv,alanjo/gpu-scores-with-cuda-metal-opencl-vulkan
806796fc06f2099e466a,,Quadro P4200,,,38639.0,,True,False,GPU_scores_graphics_API_v2_noCUDA.csv,alanjo/gpu-scores-with-cuda-metal-opencl-vulkan
ec31764faa27619bf6ac,Nvidia,Quadro P4200 with Max-Q Design,,,40459.0,,True,False,GPU_scores_graphicsAPIs.csv,alanjo/gpu-scores-with-cuda-metal-opencl-vulkan
d2e187be57bd43c61065,Nvidia,Quadro P500,6438.0,,6086.0,,True,False,GPU_scores_graphicsAPIs.csv,alanjo/gpu-scores-with-cuda-metal-opencl-vulkan
53ec74a41902e61630c0,,Quadro P500,,,6399.0,,True,False,GPU_scores_graphics_API_v2_noCUDA.csv,alanjo/gpu-scores-with-cuda-metal-opencl-vulkan
88868f7b207886a0852b,Nvidia,Quadro P5000,45153.0,,47424.0,55111.0,True,False,GPU_scores_graphicsAPIs.csv,alanjo/gpu-scores-with-cuda-metal-opencl-vulkan
fc6b5c7032594579ce65,,Quadro P5000,,,52179.0,55798.0,True,False,GPU_scores_graphics_API_v2_noCUDA.csv,alanjo/gpu-scores-with-cuda-metal-opencl-vulkan
4dad744cd6ac87d45b57,Nvidia,Quadro P520,7481.0,,8138.0,9230.0,True,False,GPU_scores_graphicsAPIs.csv,alanjo/gpu-scores-with-cuda-metal-opencl-vulkan
75916f0ac1660eb8b6d9,,Quadro P520,,,7553.0,7689.0,True,False,GPU_scores_graphics_API_v2_noCUDA.csv,alanjo/gpu-scores-with-cuda-metal-opencl-vulkan
1adffdce2548dd4c36d4,Nvidia,Quadro P5200,45689.0,,46858.0,51548.0,True,False,GPU_scores_graphicsAPIs.csv,alanjo/gpu-scores-with-cuda-metal-opencl-vulkan
9b24623db50140a8db8c,,Quadro P5200,,,43376.0,43297.0,True,False,GPU_scores_graphics_API_v2_noCUDA.csv,alanjo/gpu-scores-with-cuda-metal-opencl-vulkan
ab6bb23a3e295ffa0d8b,Nvidia,Quadro P5200 with Max-Q Design,46329.0,,47181.0,50223.0,True,False,GPU_scores_graphicsAPIs.csv,alanjo/gpu-scores-with-cuda-metal-opencl-vulkan
28a5a7f812d41ed93408,,Quadro P5200 with Max-Q Design,,,53815.0,,True,False,GPU_scores_graphics_API_v2_noCUDA.csv,alanjo/gpu-scores-with-cuda-metal-opencl-vulkan
6e73c8f63d68a4544843,Nvidia,Quadro P600,10634.0,,11181.0,10334.0,True,False,GPU_scores_graphicsAPIs.csv,alanjo/gpu-scores-with-cuda-metal-opencl-vulkan
e34cde4128a9d2cde0e5,,Quadro P600,,,10593.0,9691.0,True,False,GPU_scores_graphics_API_v2_noCUDA.csv,alanjo/gpu-scores-with-cuda-metal-opencl-vulkan
a717e64f2b7ee6c5bfcc,Nvidia,Quadro P6000,47462.0,,56151.0,78125.0,True,False,GPU_scores_graphicsAPIs.csv,alanjo/gpu-scores-with-cuda-metal-opencl-vulkan
252c5ab9910153488258,,Quadro P6000,,,64401.0,,True,False,GPU_scores_graphics_API_v2_noCUDA.csv,alanjo/gpu-scores-with-cuda-metal-opencl-vulkan
eb61c3849aac65faba5e,Nvidia,Quadro P620,11727.0,,12475.0,11923.0,True,False,GPU_scores_graphicsAPIs.csv,alanjo/gpu-scores-with-cuda-metal-opencl-vulkan
f7eda75025aa24b62e01,,Quadro P620,,,12016.0,11126.0,True,False,GPU_scores_graphics_API_v2_noCUDA.csv,alanjo/gpu-scores-with-cuda-metal-opencl-vulkan
50dccd554b97417a2444,Nvidia,Quadro RTX 3000,70456.0,,61102.0,54040.0,True,False,GPU_scores_graphicsAPIs.csv,alanjo/gpu-scores-with-cuda-metal-opencl-vulkan
6fdc604c532fdb6182d4,,Quadro RTX 3000,,,64034.0,59354.0,True,False,GPU_scores_graphics_API_v2_noCUDA.csv,alanjo/gpu-scores-with-cuda-metal-opencl-vulkan
10d130c9752851e1581c,Nvidia,Quadro RTX 3000 with Max-Q Design,64172.0,,65305.0,50239.0,True,False,GPU_scores_graphicsAPIs.csv,alanjo/gpu-scores-with-cuda-metal-opencl-vulkan
7f76aef74230e000c24d,,Quadro RTX 3000 with Max-Q Design,,,58497.0,48768.0,True,False,GPU_scores_graphics_API_v2_noCUDA.csv,alanjo/gpu-scores-with-cuda-metal-opencl-vulkan
914d8eb3dd4918e2e1d8,Nvidia,Quadro RTX 4000,94250.0,,85184.0,66795.0,True,False,GPU_scores_graphicsAPIs.csv,alanjo/gpu-scores-with-cuda-metal-opencl-vulkan
11aa5c026e7bf19a1445,,Quadro RTX 4000,,,85939.0,78648.0,True,False,GPU_scores_graphics_API_v2_noCUDA.csv,alanjo/gpu-scores-with-cuda-metal-opencl-vulkan
2cf8b2e9f3e75def650b,Nvidia,Quadro RTX 4000 with Max-Q Design,67141.0,,73097.0,55282.0,True,False,GPU_scores_graphicsAPIs.csv,alanjo/gpu-scores-with-cuda-metal-opencl-vulkan
d27ec421c99f6e6cc76e,,Quadro RTX 4000 with Max-Q Design,,,69792.0,,True,False,GPU_scores_graphics_API_v2_noCUDA.csv,alanjo/gpu-scores-with-cuda-metal-opencl-vulkan
57250a8b20277b65000e,Nvidia,Quadro RTX 5000,117173.0,,105171.0,73163.0,True,False,GPU_scores_graphicsAPIs.csv,alanjo/gpu-scores-with-cuda-metal-opencl-vulkan
94276f10fd3bb95b18b8,,Quadro RTX 5000,,,103159.0,94066.0,True,False,GPU_scores_graphics_API_v2_noCUDA.csv,alanjo/gpu-scores-with-cuda-metal-opencl-vulkan
d5c24f42ab52e99cad19,Nvidia,Quadro RTX 5000 with Max-Q Design,99084.0,,91343.0,67503.0,True,False,GPU_scores_graphicsAPIs.csv,alanjo/gpu-scores-with-cuda-metal-opencl-vulkan
6cc70e2a33c75115c4e1,,Quadro RTX 5000 with Max-Q Design,,,85602.0,76513.0,True,False,GPU_scores_graphics_API_v2_noCUDA.csv,alanjo/gpu-scores-with-cuda-metal-opencl-vulkan
da898ef327729aca16e4,Nvidia,Quadro RTX 6000,159550.0,,134522.0,103054.0,True,False,GPU_scores_graphicsAPIs.csv,alanjo/gpu-scores-with-cuda-metal-opencl-vulkan
2399e5b28a938709d2fa,,Quadro RTX 6000,,,146081.0,126146.0,True,False,GPU_scores_graphics_API_v2_noCUDA.csv,alanjo/gpu-scores-with-cuda-metal-opencl-vulkan
0f5868f61754692f876d,Nvidia,Quadro RTX 8000,144049.0,,125554.0,89911.0,True,False,GPU_scores_graphicsAPIs.csv,alanjo/gpu-scores-with-cuda-metal-opencl-vulkan
613d287bc0ed1275b359,,Quadro RTX 8000,,,152555.0,121497.0,True,False,GPU_scores_graphics_API_v2_noCUDA.csv,alanjo/gpu-scores-with-cuda-metal-opencl-vulkan
550a997b305abe897632,Nvidia,Quadro T1000,34236.0,,32981.0,29638.0,True,False,GPU_scores_graphicsAPIs.csv,alanjo/gpu-scores-with-cuda-metal-opencl-vulkan
47d8d059855aaa24829d,,Quadro T1000,,,33971.0,30020.0,True,False,GPU_scores_graphics_API_v2_noCUDA.csv,alanjo/gpu-scores-with-cuda-metal-opencl-vulkan
665e2d4c9fa281856050,Nvidia,Quadro T1000 with Max-Q Design,33978.0,,32596.0,28174.0,True,False,GPU_scores_graphicsAPIs.csv,alanjo/gpu-scores-with-cuda-metal-opencl-vulkan
6394c2516ad5fe28d027,,Quadro T1000 with Max-Q Design,,,33973.0,31850.0,True,False,GPU_scores_graphics_API_v2_noCUDA.csv,alanjo/gpu-scores-with-cuda-metal-opencl-vulkan
e80a8d752d7d3a6ddb87,Nvidia,Quadro T2000,41149.0,,39454.0,34653.0,True,False,GPU_scores_graphicsAPIs.csv,alanjo/gpu-scores-with-cuda-metal-opencl-vulkan
84d02b021612ee07ab38,,Quadro T2000,,,41345.0,37585.0,True,False,GPU_scores_graphics_API_v2_noCUDA.csv,alanjo/gpu-scores-with-cuda-metal-opencl-vulkan
dfc475b89a05083295fc,Nvidia,Quadro T2000 with Max-Q Design,41307.0,,40534.0,34553.0,True,False,GPU_scores_graphicsAPIs.csv,alanjo/gpu-scores-with-cuda-metal-opencl-vulkan
b769212b530bd6cc8ef1,,Quadro T2000 with Max-Q Design,,,41443.0,20422.0,True,False,GPU_scores_graphics_API_v2_noCUDA.csv,alanjo/gpu-scores-with-cuda-metal-opencl-vulkan
d543009b55e3a9218d84,Qualcomm,QUALCOMM Adreno,,,2381.0,,True,False,GPU_scores_graphicsAPIs.csv,alanjo/gpu-scores-with-cuda-metal-opencl-vulkan
a78693c37101f146d142,,QUALCOMM Adreno(TM),,,4616.0,,True,False,GPU_scores_graphics_API_v2_noCUDA.csv,alanjo/gpu-scores-with-cuda-metal-opencl-vulkan
089b52094f4bd3ffff0d,,QUALCOMM Adreno(TM) 610,,,185.0,,True,False,GPU_scores_graphics_API_v2_noCUDA.csv,alanjo/gpu-scores-with-cuda-metal-opencl-vulkan
070d1045784bfa7999db,,QUALCOMM Adreno(TM) 618,,,1381.0,,True,False,GPU_scores_graphics_API_v2_noCUDA.csv,alanjo/gpu-scores-with-cuda-metal-opencl-vulkan
af5094d5d94c9b9f5371,,QUALCOMM Adreno(TM) 619,,,1539.0,,True,False,GPU_scores_graphics_API_v2_noCUDA.csv,alanjo/gpu-scores-with-cuda-metal-opencl-vulkan
95a4efe92f8f00fe163e,,QUALCOMM Adreno(TM) 630,,,2674.0,,True,False,GPU_scores_graphics_API_v2_noCUDA.csv,alanjo/gpu-scores-with-cuda-metal-opencl-vulkan
2178192c9b5b463c6f2f,,QUALCOMM Adreno(TM) 640,,,3438.0,,True,False,GPU_scores_graphics_API_v2_noCUDA.csv,alanjo/gpu-scores-with-cuda-metal-opencl-vulkan
9caffc6c155f6ea2d187,,QUALCOMM Adreno(TM) 642,,,2913.0,,True,False,GPU_scores_graphics_API_v2_noCUDA.csv,alanjo/gpu-scores-with-cuda-metal-opencl-vulkan
8e810b31434db154d2d6,,QUALCOMM Adreno(TM) 642L,,,2304.0,,True,False,GPU_scores_graphics_API_v2_noCUDA.csv,alanjo/gpu-scores-with-cuda-metal-opencl-vulkan
46683ff08b2135ff6207,,QUALCOMM Adreno(TM) 650,,,4051.0,,True,False,GPU_scores_graphics_API_v2_noCUDA.csv,alanjo/gpu-scores-with-cuda-metal-opencl-vulkan
5df17faa47bd8a9dae9d,,QUALCOMM Adreno(TM) 660,,,4673.0,,True,False,GPU_scores_graphics_API_v2_noCUDA.csv,alanjo/gpu-scores-with-cuda-metal-opencl-vulkan
5bf9fac05dd1ca7b9a4c,,QUALCOMM Adreno(TM) 725,,,6014.0,,True,False,GPU_scores_graphics_API_v2_noCUDA.csv,alanjo/gpu-scores-with-cuda-metal-opencl-vulkan
2c004b8e5d7b9a23e256,,QUALCOMM Adreno(TM) 730,,,7933.0,,True,False,GPU_scores_graphics_API_v2_noCUDA.csv,alanjo/gpu-scores-with-cuda-metal-opencl-vulkan
4229e042af7c5cb2066e,,QUALCOMM Adreno(TM) 732,,,8046.0,,True,False,GPU_scores_graphics_API_v2_noCUDA.csv,alanjo/gpu-scores-with-cuda-metal-opencl-vulkan
ee15e6abc4d506b99780,,QUALCOMM Adreno(TM) 735,,,8594.0,,True,False,GPU_scores_graphics_API_v2_noCUDA.csv,alanjo/gpu-scores-with-cuda-metal-opencl-vulkan
ca871a2b8bbf8d615e1f,,QUALCOMM Adreno(TM) 740,,,9536.0,,True,False,GPU_scores_graphics_API_v2_noCUDA.csv,alanjo/gpu-scores-with-cuda-metal-opencl-vulkan
1d8c71bcf4085ad8e785,,QUALCOMM Adreno(TM) 750,,,14044.0,,True,False,GPU_scores_graphics_API_v2_noCUDA.csv,alanjo/gpu-scores-with-cuda-metal-opencl-vulkan
6041e27294913dabe04c,,Qualcomm(R) Adreno(TM) 618 GPU,,,40.0,,True,False,GPU_scores_graphics_API_v2_noCUDA.csv,alanjo/gpu-scores-with-cuda-metal-opencl-vulkan
c7b10a706f7e53eb91d4,,Qualcomm(R) Adreno(TM) 680 GPU,,,364.0,,True,False,GPU_scores_graphics_API_v2_noCUDA.csv,alanjo/gpu-scores-with-cuda-metal-opencl-vulkan
696401d588678040c64c,,Qualcomm(R) Adreno(TM) 685 GPU,,,156.0,,True,False,GPU_scores_graphics_API_v2_noCUDA.csv,alanjo/gpu-scores-with-cuda-metal-opencl-vulkan
8016fcdc2e5aa2360042,,Qualcomm(R) Adreno(TM) 7c+ Gen 3,,,331.0,,True,False,GPU_scores_graphics_API_v2_noCUDA.csv,alanjo/gpu-scores-with-cuda-metal-opencl-vulkan
6b6fc93cfd1c64fd2c72,,Qualcomm(R) Adreno(TM) 8cx Gen 3,,,1422.0,9149.0,True,False,GPU_scores_graphics_API_v2_noCUDA.csv,alanjo/gpu-scores-with-cuda-metal-opencl-vulkan
8d28660b42e8c3d20499,,Qualcomm(R) Adreno(TM) 8cx Gen 3 GPU,,,882.0,,True,False,GPU_scores_graphics_API_v2_noCUDA.csv,alanjo/gpu-scores-with-cuda-metal-opencl-vulkan
3c6a5f319b3e579f65c3,,Qualcomm(R) Adreno(TM) X1-85 GPU,,,20210.0,23747.0,True,False,GPU_scores_graphics_API_v2_noCUDA.csv,alanjo/gpu-scores-with-cuda-metal-opencl-vulkan
eac6a4620ac64b1cdfee,AMD,Radeon,,,1681.0,,True,False,GPU_scores_graphicsAPIs.csv,alanjo/gpu-scores-with-cuda-metal-opencl-vulkan
131cc818e07e4ffe6f19,,Radeon 5,,,23548.0,28459.0,True,False,GPU_scores_graphics_API_v2_noCUDA.csv,alanjo/gpu-scores-with-cuda-metal-opencl-vulkan
bbdb4ee185e786d4eef1,AMD,Radeon 500,,,8536.0,9903.0,True,False,GPU_scores_graphicsAPIs.csv,alanjo/gpu-scores-with-cuda-metal-opencl-vulkan
e2988fdbe8aa0cf592f3,,Radeon 500 Series,,,7231.0,9401.0,True,False,GPU_scores_graphics_API_v2_noCUDA.csv,alanjo/gpu-scores-with-cuda-metal-opencl-vulkan
5eaac98a798a9fa0238c,AMD,Radeon 520,,,6363.0,6539.0,True,False,GPU_scores_graphicsAPIs.csv,alanjo/gpu-scores-with-cuda-metal-opencl-vulkan
ca4ab932c41cdc51daa2,,Radeon 520,,,5352.0,,True,False,GPU_scores_graphics_API_v2_noCUDA.csv,alanjo/gpu-scores-with-cuda-metal-opencl-vulkan
cd5ed5204926a62ae01e,AMD,Radeon 530,,,5879.0,7945.0,True,False,GPU_scores_graphicsAPIs.csv,alanjo/gpu-scores-with-cuda-metal-opencl-vulkan
67849b36d919758ffe80,,Radeon 530 Series,,,5160.0,6052.0,True,False,GPU_scores_graphics_API_v2_noCUDA.csv,alanjo/gpu-scores-with-cuda-metal-opencl-vulkan
be150890ec9db6e1c252,AMD,Radeon 535,,,7082.0,8424.0,True,False,GPU_scores_graphicsAPIs.csv,alanjo/gpu-scores-with-cuda-metal-opencl-vulkan
39778509b8cb9491107a,AMD,Radeon 535DX,,,5277.0,,True,False,GPU_scores_graphicsAPIs.csv,alanjo/gpu-scores-with-cuda-metal-opencl-vulkan
d66e17e1d4699cd71291,AMD,Radeon 540,,,8270.0,7254.0,True,False,GPU_scores_graphicsAPIs.csv,alanjo/gpu-scores-with-cuda-metal-opencl-vulkan
023e382ff2de2b3987b5,AMD,Radeon 540X,,,9234.0,7966.0,True,False,GPU_scores_graphicsAPIs.csv,alanjo/gpu-scores-with-cuda-metal-opencl-vulkan
a4c5684f80a265e4d26d,,Radeon 540X Series,,,8192.0,10108.0,True,False,GPU_scores_graphics_API_v2_noCUDA.csv,alanjo/gpu-scores-with-cuda-metal-opencl-vulkan
33edf5d5100daadd4347,AMD,Radeon 550,,,12413.0,11360.0,True,False,GPU_scores_graphicsAPIs.csv,alanjo/gpu-scores-with-cuda-metal-opencl-vulkan
fb90e92afd1dcc7006a9,,Radeon 550,,,10466.0,,True,False,GPU_scores_graphics_API_v2_noCUDA.csv,alanjo/gpu-scores-with-cuda-metal-opencl-vulkan
fde0d21852fefa4a70d6,AMD,Radeon 550X,,,10870.0,,True,False,GPU_scores_graphicsAPIs.csv,alanjo/gpu-scores-with-cuda-metal-opencl-vulkan
2186e3051a55388ad62c,,Radeon 550X Series,,,9195.0,,True,False,GPU_scores_graphics_API_v2_noCUDA.csv,alanjo/gpu-scores-with-cuda-metal-opencl-vulkan
1001af98a3a01713843a,AMD,Radeon 5700XT,,74647.0,64666.0,,True,False,GPU_scores_graphicsAPIs.csv,alanjo/gpu-scores-with-cuda-metal-opencl-vulkan
539eefd7c7e8d35ff025,AMD,Radeon 610,,,5258.0,,True,False,GPU_scores_graphicsAPIs.csv,alanjo/gpu-scores-with-cuda-metal-opencl-vulkan
66a2401ead86930ac013,AMD,Radeon 620,,,5914.0,,True,False,GPU_scores_graphicsAPIs.csv,alanjo/gpu-scores-with-cuda-metal-opencl-vulkan
ef52d5543ce92dbfd42d,AMD,Radeon 625,,,6656.0,,True,False,GPU_scores_graphicsAPIs.csv,alanjo/gpu-scores-with-cuda-metal-opencl-vulkan
8a0d96b30acaf00a65ed,AMD,Radeon 630,,,9651.0,,True,False,GPU_scores_graphicsAPIs.csv,alanjo/gpu-scores-with-cuda-metal-opencl-vulkan
4a52e66a1d4206e48888,AMD,Radeon 6600M and 6700M,,,1118.0,,True,False,GPU_scores_graphicsAPIs.csv,alanjo/gpu-scores-with-cuda-metal-opencl-vulkan
3ce4326fb21506fa90a0,AMD,Radeon 6600XT,,96900.0,,,True,False,GPU_scores_graphicsAPIs.csv,alanjo/gpu-scores-with-cuda-metal-opencl-vulkan
2cb3f138b4935561d8c0,,Radeon 7,,,35672.0,39694.0,True,False,GPU_scores_graphics_API_v2_noCUDA.csv,alanjo/gpu-scores-with-cuda-metal-opencl-vulkan
08a12b8ce85846b168a0,AMD,Radeon Barts XT Prototype,,,1333.0,,True,False,GPU_scores_graphicsAPIs.csv,alanjo/gpu-scores-with-cuda-metal-opencl-vulkan
bcdb93abc7eafadb8c16,AMD,Radeon E9550,,,36624.0,,True,False,GPU_scores_graphicsAPIs.csv,alanjo/gpu-scores-with-cuda-metal-opencl-vulkan
6c5f21978bdb765be582,AMD,Radeon HD 5400,,,385.0,,True,False,GPU_scores_graphicsAPIs.csv,alanjo/gpu-scores-with-cuda-metal-opencl-vulkan
392f20a782fba543e4dc,AMD,Radeon HD 5450,,,392.0,,True,False,GPU_scores_graphicsAPIs.csv,alanjo/gpu-scores-with-cuda-metal-opencl-vulkan
33ccfce1a0df7be74c0e,AMD,Radeon HD 5500,,,1085.0,,True,False,GPU_scores_graphicsAPIs.csv,alanjo/gpu-scores-with-cuda-metal-opencl-vulkan
49152165067f6135db58,AMD,Radeon HD 5570,,,1275.0,,True,False,GPU_scores_graphicsAPIs.csv,alanjo/gpu-scores-with-cuda-metal-opencl-vulkan
1c42e02c3a8cfc8431dc,AMD,Radeon HD 5600/5700,,,2586.0,,True,False,GPU_scores_graphicsAPIs.csv,alanjo/gpu-scores-with-cuda-metal-opencl-vulkan
bd5b09844d1e67964a26,AMD,Radeon HD 5670,,,1508.0,,True,False,GPU_scores_graphicsAPIs.csv,alanjo/gpu-scores-with-cuda-metal-opencl-vulkan
c3a76af43d95df28a811,AMD,Radeon HD 5700,,,3318.0,,True,False,GPU_scores_graphicsAPIs.csv,alanjo/gpu-scores-with-cuda-metal-opencl-vulkan
ab0f86d95a36239ee573,AMD,Radeon HD 5700 XT,,59012.0,,,True,False,GPU_scores_graphicsAPIs.csv,alanjo/gpu-scores-with-cuda-metal-opencl-vulkan
0f29e289249833c383aa,AMD,Radeon HD 5700X,,39179.0,,,True,False,GPU_scores_graphicsAPIs.csv,alanjo/gpu-scores-with-cuda-metal-opencl-vulkan
9080f30af5fbea316d0e,AMD,Radeon HD 5750,,,859.0,,True,False,GPU_scores_graphicsAPIs.csv,alanjo/gpu-scores-with-cuda-metal-opencl-vulkan
e70d21a03cf104a9b7ec,AMD,Radeon HD 5770,,,1000.0,,True,False,GPU_scores_graphicsAPIs.csv,alanjo/gpu-scores-with-cuda-metal-opencl-vulkan
5ce2741de66d05415284,AMD,Radeon HD 5800,,,5466.0,,True,False,GPU_scores_graphicsAPIs.csv,alanjo/gpu-scores-with-cuda-metal-opencl-vulkan
6fa2f943472c0c318dc6,AMD,Radeon HD 5870,,,1531.0,,True,False,GPU_scores_graphicsAPIs.csv,alanjo/gpu-scores-with-cuda-metal-opencl-vulkan
13385ec908749e81656e,AMD,Radeon HD 5900,,,5338.0,,True,False,GPU_scores_graphicsAPIs.csv,alanjo/gpu-scores-with-cuda-metal-opencl-vulkan
1591b445bd18a524a5bd,AMD,Radeon HD 6290,,,220.0,,True,False,GPU_scores_graphicsAPIs.csv,alanjo/gpu-scores-with-cuda-metal-opencl-vulkan
2fd1e9e7cee027104688,AMD,Radeon HD 6300M,,,456.0,,True,False,GPU_scores_graphicsAPIs.csv,alanjo/gpu-scores-with-cuda-metal-opencl-vulkan
63022c2931b4cf340965,AMD,Radeon HD 6310,,,302.0,,True,False,GPU_scores_graphicsAPIs.csv,alanjo/gpu-scores-with-cuda-metal-opencl-vulkan
266111734396a08f8d98,AMD,Radeon HD 6320,,,354.0,,True,False,GPU_scores_graphicsAPIs.csv,alanjo/gpu-scores-with-cuda-metal-opencl-vulkan
59ef6dd3a576d300dda5,AMD,Radeon HD 6380G,,,426.0,,True,False,GPU_scores_graphicsAPIs.csv,alanjo/gpu-scores-with-cuda-metal-opencl-vulkan
95ce8321516d7664f02e,AMD,Radeon HD 6410D,,,610.0,,True,False,GPU_scores_graphicsAPIs.csv,alanjo/gpu-scores-with-cuda-metal-opencl-vulkan
ecbcd6477dda80e5d904,AMD,Radeon HD 6450,,,632.0,,True,False,GPU_scores_graphicsAPIs.csv,alanjo/gpu-scores-with-cuda-metal-opencl-vulkan
523fbfa13877938b2799,AMD,Radeon HD 6470M,,,747.0,,True,False,GPU_scores_graphicsAPIs.csv,alanjo/gpu-scores-with-cuda-metal-opencl-vulkan
72ffcb020a48772cd95a,AMD,Radeon HD 6480G,,,618.0,,True,False,GPU_scores_graphicsAPIs.csv,alanjo/gpu-scores-with-cuda-metal-opencl-vulkan
9f4c8d76f8e386130aaf,AMD,Radeon HD 6500,,,1256.0,,True,False,GPU_scores_graphicsAPIs.csv,alanjo/gpu-scores-with-cuda-metal-opencl-vulkan
027b5ddb5f0690e31d09,AMD,Radeon HD 6520G,,,704.0,,True,False,GPU_scores_graphicsAPIs.csv,alanjo/gpu-scores-with-cuda-metal-opencl-vulkan
677ee86a939e45d1ac38,AMD,Radeon HD 6530D,,,845.0,,True,False,GPU_scores_graphicsAPIs.csv,alanjo/gpu-scores-with-cuda-metal-opencl-vulkan
788c4c7d97603e84b745,AMD,Radeon HD 6550D,,,1189.0,,True,False,GPU_scores_graphicsAPIs.csv,alanjo/gpu-scores-with-cuda-metal-opencl-vulkan
2bb884382295aec7bdf0,AMD,Radeon HD 6570,,,1404.0,,True,False,GPU_scores_graphicsAPIs.csv,alanjo/gpu-scores-with-cuda-metal-opencl-vulkan
50268bb427f6e01f6c94,AMD,Radeon HD 6600A,,,1274.0,,True,False,GPU_scores_graphicsAPIs.csv,alanjo/gpu-scores-with-cuda-metal-opencl-vulkan
51ed504bda833ebd8a9d,AMD,Radeon HD 6620G,,,863.0,,True,False,GPU_scores_graphicsAPIs.csv,alanjo/gpu-scores-with-cuda-metal-opencl-vulkan
d1d5d99b49a391eed6af,AMD,Radeon HD 6670,,,1657.0,,True,False,GPU_scores_graphicsAPIs.csv,alanjo/gpu-scores-with-cuda-metal-opencl-vulkan
be424932bc3b460797b5,AMD,Radeon HD 6700,,,3275.0,,True,False,GPU_scores_graphicsAPIs.csv,alanjo/gpu-scores-with-cuda-metal-opencl-vulkan
6011946ed1944415cb9a,AMD,Radeon HD 6700M,,,1398.0,,True,False,GPU_scores_graphicsAPIs.csv,alanjo/gpu-scores-with-cuda-metal-opencl-vulkan
167e0b77effcff892afd,AMD,Radeon HD 6750M,,,405.0,,True,False,GPU_scores_graphicsAPIs.csv,alanjo/gpu-scores-with-cuda-metal-opencl-vulkan
a62c55ffebcf1d4a8a34,AMD,Radeon HD 6770,,,3269.0,,True,False,GPU_scores_graphicsAPIs.csv,alanjo/gpu-scores-with-cuda-metal-opencl-vulkan
3df4848cd5d20a8652ef,AMD,Radeon HD 6770M,,,448.0,,True,False,GPU_scores_graphicsAPIs.csv,alanjo/gpu-scores-with-cuda-metal-opencl-vulkan
d1425690334b00077362,AMD,Radeon HD 6800,,,4310.0,,True,False,GPU_scores_graphicsAPIs.csv,alanjo/gpu-scores-with-cuda-metal-opencl-vulkan
8754ab4890c772bccbac,AMD,Radeon HD 6800M,,,2490.0,,True,False,GPU_scores_graphicsAPIs.csv,alanjo/gpu-scores-with-cuda-metal-opencl-vulkan
6f1c059b820985f3ef25,AMD,Radeon HD 6850 X2,,,3977.0,,True,False,GPU_scores_graphicsAPIs.csv,alanjo/gpu-scores-with-cuda-metal-opencl-vulkan
1d3677dbefde44407874,AMD,Radeon HD 6870,,,4950.0,,True,False,GPU_scores_graphicsAPIs.csv,alanjo/gpu-scores-with-cuda-metal-opencl-vulkan
7d3d7a54972111fe059e,AMD,Radeon HD 6900,,,5599.0,,True,False,GPU_scores_graphicsAPIs.csv,alanjo/gpu-scores-with-cuda-metal-opencl-vulkan
b32b42b4cd04b1a5ea72,AMD,Radeon HD 6900 XT,,121732.0,,,True,False,GPU_scores_graphicsAPIs.csv,alanjo/gpu-scores-with-cuda-metal-opencl-vulkan
e72e97732be1abf94747,AMD,Radeon HD 6900M,,,3259.0,,True,False,GPU_scores_graphicsAPIs.csv,alanjo/gpu-scores-with-cuda-metal-opencl-vulkan
2dde56907bdc8ba5a1e3,AMD,Radeon HD 6950,,,5252.0,,True,False,GPU_scores_graphicsAPIs.csv,alanjo/gpu-scores-with-cuda-metal-opencl-vulkan
64840cf1007a9a7d9616,AMD,Radeon HD 6970M,,,3349.0,,True,False,GPU_scores_graphicsAPIs.csv,alanjo/gpu-scores-with-cuda-metal-opencl-vulkan
3da37c7923f8b05303df,AMD,Radeon HD 7000,,,790.0,,True,False,GPU_scores_graphicsAPIs.csv,alanjo/gpu-scores-with-cuda-metal-opencl-vulkan
9757f6b12a2dc5e70d62,AMD,Radeon HD 7310,,,312.0,,True,False,GPU_scores_graphicsAPIs.csv,alanjo/gpu-scores-with-cuda-metal-opencl-vulkan
fff8f24b4ecb6c372173,AMD,Radeon HD 7340,,,389.0,,True,False,GPU_scores_graphicsAPIs.csv,alanjo/gpu-scores-with-cuda-metal-opencl-vulkan
d785402cec4248241c05,AMD,Radeon HD 7400,,,634.0,,True,False,GPU_scores_graphicsAPIs.csv,alanjo/gpu-scores-with-cuda-metal-opencl-vulkan
66454980e7d148e45226,AMD,Radeon HD 7400G,,,592.0,,True,False,GPU_scores_graphicsAPIs.csv,alanjo/gpu-scores-with-cuda-metal-opencl-vulkan
abf1878aa33dad798843,AMD,Radeon HD 7400M,,,726.0,,True,False,GPU_scores_graphicsAPIs.csv,alanjo/gpu-scores-with-cuda-metal-opencl-vulkan
eda844a74429bf3842cc,AMD,Radeon HD 7420G,,,675.0,,True,False,GPU_scores_graphicsAPIs.csv,alanjo/gpu-scores-with-cuda-metal-opencl-vulkan
8cac166b8908f086fabd,AMD,Radeon HD 7450,,,642.0,,True,False,GPU_scores_graphicsAPIs.csv,alanjo/gpu-scores-with-cuda-metal-opencl-vulkan
f9add88a5bdc080d6225,AMD,Radeon HD 7450A,,,668.0,,True,False,GPU_scores_graphicsAPIs.csv,alanjo/gpu-scores-with-cuda-metal-opencl-vulkan
5c1c6b26050d1dabf206,AMD,Radeon HD 7450M,,,476.0,,True,False,GPU_scores_graphicsAPIs.csv,alanjo/gpu-scores-with-cuda-metal-opencl-vulkan
1bbf97a0d852cb352c23,AMD,Radeon HD 7470,,,791.0,,True,False,GPU_scores_graphicsAPIs.csv,alanjo/gpu-scores-with-cuda-metal-opencl-vulkan
91cf2ef9477696a4e977,AMD,Radeon HD 7480D,,,751.0,,True,False,GPU_scores_graphicsAPIs.csv,alanjo/gpu-scores-with-cuda-metal-opencl-vulkan
f7599ed5c852ee64d6e9,AMD,Radeon HD 7500,,,1352.0,,True,False,GPU_scores_graphicsAPIs.csv,alanjo/gpu-scores-with-cuda-metal-opencl-vulkan
3288534269e18d8d4614,AMD,Radeon HD 7500/7600,,,928.0,,True,False,GPU_scores_graphicsAPIs.csv,alanjo/gpu-scores-with-cuda-metal-opencl-vulkan
4944b45821bf745a28a2,AMD,Radeon HD 7500G,,,824.0,,True,False,GPU_scores_graphicsAPIs.csv,alanjo/gpu-scores-with-cuda-metal-opencl-vulkan
f51fd77303344b73936a,AMD,Radeon HD 7500M/7600M,,,1062.0,,True,False,GPU_scores_graphicsAPIs.csv,alanjo/gpu-scores-with-cuda-metal-opencl-vulkan
bd42304574e92132b725,AMD,Radeon HD 7520G,,,966.0,,True,False,GPU_scores_graphicsAPIs.csv,alanjo/gpu-scores-with-cuda-metal-opencl-vulkan
332ca92ff52e1f65fb49,AMD,Radeon HD 7540D,,,1073.0,,True,False,GPU_scores_graphicsAPIs.csv,alanjo/gpu-scores-with-cuda-metal-opencl-vulkan
ca9a742620ff7b5c3ba3,AMD,Radeon HD 7560D,,,1450.0,,True,False,GPU_scores_graphicsAPIs.csv,alanjo/gpu-scores-with-cuda-metal-opencl-vulkan
936755d267e992d07d6b,AMD,Radeon HD 7570,,,1344.0,,True,False,GPU_scores_graphicsAPIs.csv,alanjo/gpu-scores-with-cuda-metal-opencl-vulkan
7c6f0bd0ca7ab7786084,AMD,Radeon HD 7570M,,,1004.0,,True,False,GPU_scores_graphicsAPIs.csv,alanjo/gpu-scores-with-cuda-metal-opencl-vulkan
b1c9ae13ac60908dbdd8,AMD,Radeon HD 7570M/HD 7670M,,,1416.0,,True,False,GPU_scores_graphicsAPIs.csv,alanjo/gpu-scores-with-cuda-metal-opencl-vulkan
5b7fa3d3da7f239bb443,AMD,Radeon HD 7600,,,1497.0,,True,False,GPU_scores_graphicsAPIs.csv,alanjo/gpu-scores-with-cuda-metal-opencl-vulkan
9a34eaec19f2c7cb4abb,AMD,Radeon HD 7600G,,,1086.0,,True,False,GPU_scores_graphicsAPIs.csv,alanjo/gpu-scores-with-cuda-metal-opencl-vulkan
c9a930100690a0d3bf14,AMD,Radeon HD 7600M,,,1249.0,,True,False,GPU_scores_graphicsAPIs.csv,alanjo/gpu-scores-with-cuda-metal-opencl-vulkan
3c6efec173a92d09f8d7,AMD,Radeon HD 7620G,,,1232.0,,True,False,GPU_scores_graphicsAPIs.csv,alanjo/gpu-scores-with-cuda-metal-opencl-vulkan
0ad32879bda44083ab8e,AMD,Radeon HD 7640G,,,1255.0,,True,False,GPU_scores_graphicsAPIs.csv,alanjo/gpu-scores-with-cuda-metal-opencl-vulkan
64238144f28c7bc8508f,AMD,Radeon HD 7650A,,,1261.0,,True,False,GPU_scores_graphicsAPIs.csv,alanjo/gpu-scores-with-cuda-metal-opencl-vulkan
139fcb3c8823ddc88bab,AMD,Radeon HD 7650M,,,1043.0,,True,False,GPU_scores_graphicsAPIs.csv,alanjo/gpu-scores-with-cuda-metal-opencl-vulkan
e1e087f4cb112763468c,AMD,Radeon HD 7660D,,,2017.0,,True,False,GPU_scores_graphicsAPIs.csv,alanjo/gpu-scores-with-cuda-metal-opencl-vulkan
a018803bf18e819d1a6c,AMD,Radeon HD 7660G,,,1714.0,,True,False,GPU_scores_graphicsAPIs.csv,alanjo/gpu-scores-with-cuda-metal-opencl-vulkan
8b1f97700036f578702d,AMD,Radeon HD 7670M,,,1247.0,,True,False,GPU_scores_graphicsAPIs.csv,alanjo/gpu-scores-with-cuda-metal-opencl-vulkan
9b1db4c0b8b8f6a00d6c,AMD,Radeon HD 7690M,,,1242.0,,True,False,GPU_scores_graphicsAPIs.csv,alanjo/gpu-scores-with-cuda-metal-opencl-vulkan
4e110526e910b24561a3,AMD,Radeon HD 7700,,,12569.0,13181.0,True,False,GPU_scores_graphicsAPIs.csv,alanjo/gpu-scores-with-cuda-metal-opencl-vulkan
580f3edc894b4acb1968,AMD,Radeon HD 7700M,,,6944.0,7224.0,True,False,GPU_scores_graphicsAPIs.csv,alanjo/gpu-scores-with-cuda-metal-opencl-vulkan
d8fa8c1c0dc754c44481,AMD,Radeon HD 7730M,,,6787.0,,True,False,GPU_scores_graphicsAPIs.csv,alanjo/gpu-scores-with-cuda-metal-opencl-vulkan
e23e6e39d10bddd52ef6,AMD,Radeon HD 7770,,13536.0,,,True,False,GPU_scores_graphicsAPIs.csv,alanjo/gpu-scores-with-cuda-metal-opencl-vulkan
0981897df1464e82b002,AMD,Radeon HD 7770 GHz Edition,,,14263.0,,True,False,GPU_scores_graphicsAPIs.csv,alanjo/gpu-scores-with-cuda-metal-opencl-vulkan
a914855d1d7d1cc57b06,AMD,Radeon HD 7800,,,23666.0,24101.0,True,False,GPU_scores_graphicsAPIs.csv,alanjo/gpu-scores-with-cuda-metal-opencl-vulkan
75797de304aa07977e81,AMD,Radeon HD 7800M,,,9761.0,,True,False,GPU_scores_graphicsAPIs.csv,alanjo/gpu-scores-with-cuda-metal-opencl-vulkan
d147b00c5d7025e94efa,AMD,Radeon HD 7900,,,32996.0,33694.0,True,False,GPU_scores_graphicsAPIs.csv,alanjo/gpu-scores-with-cuda-metal-opencl-vulkan
c2a947a009cc1cf1cc75,AMD,Radeon HD 7950,,30593.0,28521.0,,True,False,GPU_scores_graphicsAPIs.csv,alanjo/gpu-scores-with-cuda-metal-opencl-vulkan
74255468498e146609da,AMD,Radeon HD 7970M,,,22410.0,,True,False,GPU_scores_graphicsAPIs.csv,alanjo/gpu-scores-with-cuda-metal-opencl-vulkan
1f17dbb36d02a26a5c25,AMD,Radeon HD 8200 / R3,,,1137.0,1212.0,True,False,GPU_scores_graphicsAPIs.csv,alanjo/gpu-scores-with-cuda-metal-opencl-vulkan
832a2b20536075650d85,AMD,Radeon HD 8210,,,784.0,,True,False,GPU_scores_graphicsAPIs.csv,alanjo/gpu-scores-with-cuda-metal-opencl-vulkan
caebf38e3520d10a1400,AMD,Radeon HD 8240,,,978.0,,True,False,GPU_scores_graphicsAPIs.csv,alanjo/gpu-scores-with-cuda-metal-opencl-vulkan
e629808c2147af495c9e,AMD,Radeon HD 8250,,,1075.0,,True,False,GPU_scores_graphicsAPIs.csv,alanjo/gpu-scores-with-cuda-metal-opencl-vulkan
fca689214d5b33608782,AMD,Radeon HD 8280E,,,1210.0,,True,False,GPU_scores_graphicsAPIs.csv,alanjo/gpu-scores-with-cuda-metal-opencl-vulkan
34b5110e2dacef4ee239,AMD,Radeon HD 8330,,,1726.0,,True,False,GPU_scores_graphicsAPIs.csv,alanjo/gpu-scores-with-cuda-metal-opencl-vulkan
c71ad0314a94b79cc204,AMD,Radeon HD 8330E,,,1214.0,,True,False,GPU_scores_graphicsAPIs.csv,alanjo/gpu-scores-with-cuda-metal-opencl-vulkan
87f40aea669924080d35,AMD,Radeon HD 8370D,,,783.0,,True,False,GPU_scores_graphicsAPIs.csv,alanjo/gpu-scores-with-cuda-metal-opencl-vulkan
1b882200683ba1dfada5,AMD,Radeon HD 8400,,,1453.0,,True,False,GPU_scores_graphicsAPIs.csv,alanjo/gpu-scores-with-cuda-metal-opencl-vulkan
b3f2105f6f7eb71ed694,AMD,Radeon HD 8400 / R3,,,1796.0,1494.0,True,False,GPU_scores_graphicsAPIs.csv,alanjo/gpu-scores-with-cuda-metal-opencl-vulkan
a689e6906eaf6a4eee52,AMD,Radeon HD 8450G,,,984.0,,True,False,GPU_scores_graphicsAPIs.csv,alanjo/gpu-scores-with-cuda-metal-opencl-vulkan
ad9f3165a011eb9af0eb,AMD,Radeon HD 8470,,,785.0,,True,False,GPU_scores_graphicsAPIs.csv,alanjo/gpu-scores-with-cuda-metal-opencl-vulkan
9b2a50a61fd48e223fa6,AMD,Radeon HD 8470D,,,1115.0,,True,False,GPU_scores_graphicsAPIs.csv,alanjo/gpu-scores-with-cuda-metal-opencl-vulkan
54e0e5b78a720c97d3f4,AMD,Radeon HD 8490,,,897.0,,True,False,GPU_scores_graphicsAPIs.csv,alanjo/gpu-scores-with-cuda-metal-opencl-vulkan
2fb5d400d3edeccae221,AMD,Radeon HD 8500,,,5216.0,,True,False,GPU_scores_graphicsAPIs.csv,alanjo/gpu-scores-with-cuda-metal-opencl-vulkan
45f212ff71e07573d736,AMD,Radeon HD 8500M,,,4861.0,4632.0,True,False,GPU_scores_graphicsAPIs.csv,alanjo/gpu-scores-with-cuda-metal-opencl-vulkan
66bf25c5e0147f6f9a19,AMD,Radeon HD 8500M/8700M,,,5860.0,6245.0,True,False,GPU_scores_graphicsAPIs.csv,alanjo/gpu-scores-with-cuda-metal-opencl-vulkan
3b7177f61d69dfde170d,AMD,Radeon HD 8510G,,,1370.0,,True,False,GPU_scores_graphicsAPIs.csv,alanjo/gpu-scores-with-cuda-metal-opencl-vulkan
37db54bfb07adb9a9c62,AMD,Radeon HD 8550G,,,1360.0,,True,False,GPU_scores_graphicsAPIs.csv,alanjo/gpu-scores-with-cuda-metal-opencl-vulkan
f6a7c44bbf811c1a670f,AMD,Radeon HD 8570,,,6887.0,7233.0,True,False,GPU_scores_graphicsAPIs.csv,alanjo/gpu-scores-with-cuda-metal-opencl-vulkan
0920a64405a6ca331936,AMD,Radeon HD 8570D,,,1521.0,,True,False,GPU_scores_graphicsAPIs.csv,alanjo/gpu-scores-with-cuda-metal-opencl-vulkan
ddc46229929e7980cae7,AMD,Radeon HD 8570M,,,4646.0,,True,False,GPU_scores_graphicsAPIs.csv,alanjo/gpu-scores-with-cuda-metal-opencl-vulkan
7a42c2769c463cbd6973,AMD,Radeon HD 8600/8700M,,,6791.0,6582.0,True,False,GPU_scores_graphicsAPIs.csv,alanjo/gpu-scores-with-cuda-metal-opencl-vulkan
234c565feeb8a919b37b,AMD,Radeon HD 8600M,,,5491.0,5212.0,True,False,GPU_scores_graphicsAPIs.csv,alanjo/gpu-scores-with-cuda-metal-opencl-vulkan
8b5fb4ea86ca8d64ddc0,AMD,Radeon HD 8610G,,,1490.0,,True,False,GPU_scores_graphicsAPIs.csv,alanjo/gpu-scores-with-cuda-metal-opencl-vulkan
1745a9bccc9e9534e656,AMD,Radeon HD 8650G,,,1735.0,,True,False,GPU_scores_graphicsAPIs.csv,alanjo/gpu-scores-with-cuda-metal-opencl-vulkan
b8c4065564fede68ad40,AMD,Radeon HD 8670D,,,2159.0,,True,False,GPU_scores_graphicsAPIs.csv,alanjo/gpu-scores-with-cuda-metal-opencl-vulkan
3d662013209628fe2472,AMD,Radeon HD 8670M,,,5532.0,,True,False,GPU_scores_graphicsAPIs.csv,alanjo/gpu-scores-with-cuda-metal-opencl-vulkan
97fc19e1360bb411fa35,AMD,Radeon HD 8690M,,,5887.0,,True,False,GPU_scores_graphicsAPIs.csv,alanjo/gpu-scores-with-cuda-metal-opencl-vulkan
49454d46afa95f63e64e,AMD,Radeon HD 8700M,,,7496.0,,True,False,GPU_scores_graphicsAPIs.csv,alanjo/gpu-scores-with-cuda-metal-opencl-vulkan
3d0aa60bfc7d6cbf661f,AMD,Radeon HD 8730M,,,6236.0,,True,False,GPU_scores_graphicsAPIs.csv,alanjo/gpu-scores-with-cuda-metal-opencl-vulkan
cf3c705687ee113d05d2,AMD,Radeon HD 8750M,,,6508.0,,True,False,GPU_scores_graphicsAPIs.csv,alanjo/gpu-scores-with-cuda-metal-opencl-vulkan
149037e8770c47760f9d,AMD,Radeon HD 8790M,,,7019.0,7602.0,True,False,GPU_scores_graphicsAPIs.csv,alanjo/gpu-scores-with-cuda-metal-opencl-vulkan
768a05acbf37523354b8,AMD,Radeon HD 8800M,,,9852.0,,True,False,GPU_scores_graphicsAPIs.csv,alanjo/gpu-scores-with-cuda-metal-opencl-vulkan
bf23cd88f802c973e9a9,AMD,Radeon HD 8850M,,,8067.0,,True,False,GPU_scores_graphicsAPIs.csv,alanjo/gpu-scores-with-cuda-metal-opencl-vulkan
f5f13e7ce2ff68c04661,AMD,Radeon HD 8870M,,,9065.0,,True,False,GPU_scores_graphicsAPIs.csv,alanjo/gpu-scores-with-cuda-metal-opencl-vulkan
a3f991cfb99c377cf3db,AMD,Radeon HD 8950,,,16214.0,19779.0,True,False,GPU_scores_graphicsAPIs.csv,alanjo/gpu-scores-with-cuda-metal-opencl-vulkan
06f87b70672cfbd44e9a,AMD,Radeon HD Amethyst XT Prototype,,,18907.0,,True,False,GPU_scores_graphicsAPIs.csv,alanjo/gpu-scores-with-cuda-metal-opencl-vulkan
3380b63c055bf3af40d2,AMD,Radeon HD Baffin Mobile GL PRO Prototype,,,14438.0,,True,False,GPU_scores_graphicsAPIs.csv,alanjo/gpu-scores-with-cuda-metal-opencl-vulkan
eeee02a3f033bfb49c95,AMD,Radeon HD Baffin Prototype,,,19937.0,,True,False,GPU_scores_graphicsAPIs.csv,alanjo/gpu-scores-with-cuda-metal-opencl-vulkan
3757ccc566041ddb9327,AMD,Radeon HD Baffin Unknown Prototype,,,20764.0,,True,False,GPU_scores_graphicsAPIs.csv,alanjo/gpu-scores-with-cuda-metal-opencl-vulkan
21ebd539459df8e8ce12,AMD,Radeon HD Bonaire Unknown Prototype,,15985.0,13020.0,,True,False,GPU_scores_graphicsAPIs.csv,alanjo/gpu-scores-with-cuda-metal-opencl-vulkan
0db0e703dfaedd495bb7,AMD,Radeon HD Bonaire XT Prototype,,,16943.0,,True,False,GPU_scores_graphicsAPIs.csv,alanjo/gpu-scores-with-cuda-metal-opencl-vulkan
cacf54ea38518f956a65,AMD,Radeon HD Chelsea PRO Prototype,,,7269.0,,True,False,GPU_scores_graphicsAPIs.csv,alanjo/gpu-scores-with-cuda-metal-opencl-vulkan
843d73acc665a3496473,AMD,Radeon HD Chelsea XT Prototype,,8830.0,,,True,False,GPU_scores_graphicsAPIs.csv,alanjo/gpu-scores-with-cuda-metal-opencl-vulkan
ae12aa8566cc57381dba,AMD,Radeon HD Ellesmere Prototype,,,23268.0,,True,False,GPU_scores_graphicsAPIs.csv,alanjo/gpu-scores-with-cuda-metal-opencl-vulkan
aef732b5d5f9a76d76a9,AMD,Radeon HD Ellesmere Unknown Prototype,,,19171.0,,True,False,GPU_scores_graphicsAPIs.csv,alanjo/gpu-scores-with-cuda-metal-opencl-vulkan
1f50d8c8c5ead318bee4,AMD,Radeon HD Emerald XT Prototype,,17314.0,14424.0,,True,False,GPU_scores_graphicsAPIs.csv,alanjo/gpu-scores-with-cuda-metal-opencl-vulkan
c96dfc97c48117aff2f0,AMD,Radeon HD Fiji XT Prototype,,40136.0,34993.0,,True,False,GPU_scores_graphicsAPIs.csv,alanjo/gpu-scores-with-cuda-metal-opencl-vulkan
4bd07dbfca2f009c4004,AMD,Radeon HD GFX10 Family Unknown Prototype,,120858.0,,,True,False,GPU_scores_graphicsAPIs.csv,alanjo/gpu-scores-with-cuda-metal-opencl-vulkan
3d91eabbd2fa69dbf7e2,AMD,Radeon HD Hawaii PRO Prototype,,43232.0,41028.0,,True,False,GPU_scores_graphicsAPIs.csv,alanjo/gpu-scores-with-cuda-metal-opencl-vulkan
4e43aef6b56fd6619225,AMD,Radeon HD Hawaii Unknown Prototype,,41323.0,38084.0,,True,False,GPU_scores_graphicsAPIs.csv,alanjo/gpu-scores-with-cuda-metal-opencl-vulkan
c00502f57046381534df,AMD,Radeon HD Hawaii XT Prototype,,46101.0,43393.0,,True,False,GPU_scores_graphicsAPIs.csv,alanjo/gpu-scores-with-cuda-metal-opencl-vulkan
1b4851de6f235338e5c4,AMD,Radeon HD Pitcairn PRO Prototype,,24945.0,23282.0,,True,False,GPU_scores_graphicsAPIs.csv,alanjo/gpu-scores-with-cuda-metal-opencl-vulkan
1e21fb200c0a66ab6b96,AMD,Radeon HD Pitcairn Unknown Prototype,,25531.0,22794.0,,True,False,GPU_scores_graphicsAPIs.csv,alanjo/gpu-scores-with-cuda-metal-opencl-vulkan
c560177ec5194bdd7a5a,AMD,Radeon HD Pitcairn XT Prototype,,26737.0,23836.0,,True,False,GPU_scores_graphicsAPIs.csv,alanjo/gpu-scores-with-cuda-metal-opencl-vulkan
081f0b58c8dd813ef4c8,AMD,Radeon HD RX 6600 XT,,82723.0,,,True,False,GPU_scores_graphicsAPIs.csv,alanjo/gpu-scores-with-cuda-metal-opencl-vulkan
44163a65717bb6f836da,AMD,Radeon HD Saturn XT Prototype,,17504.0,16196.0,,True,False,GPU_scores_graphicsAPIs.csv,alanjo/gpu-scores-with-cuda-metal-opencl-vulkan
8cd2824e3aa2ca1308ff,AMD,Radeon HD Tahiti LE Prototype,,30680.0,25465.0,,True,False,GPU_scores_graphicsAPIs.csv,alanjo/gpu-scores-with-cuda-metal-opencl-vulkan
9090839ec78131ee6865,AMD,Radeon HD Tahiti XT Prototype,,38946.0,34900.0,,True,False,GPU_scores_graphicsAPIs.csv,alanjo/gpu-scores-with-cuda-metal-opencl-vulkan
ebdf9790b6d9b062dcd1,AMD,Radeon HD Tonga PRO Prototype,,25060.0,27951.0,,True,False,GPU_scores_graphicsAPIs.csv,alanjo/gpu-scores-with-cuda-metal-opencl-vulkan
df8bc5626fff819fca39,AMD,Radeon HD Tonga XT Prototype,,26000.0,31759.0,,True,False,GPU_scores_graphicsAPIs.csv,alanjo/gpu-scores-with-cuda-metal-opencl-vulkan
f2deac18b678fea3f988,AMD,Radeon HD Vega10 XT Prototype,,,58926.0,,True,False,GPU_scores_graphicsAPIs.csv,alanjo/gpu-scores-with-cuda-metal-opencl-vulkan
89c2366ce5573acca48d,AMD,Radeon HD Venus LE Prototype,,7370.0,6801.0,,True,False,GPU_scores_graphicsAPIs.csv,alanjo/gpu-scores-with-cuda-metal-opencl-vulkan
b1f87b358203f8a1d435,AMD,Radeon HD Venus XTX Prototype,,10232.0,9782.0,,True,False,GPU_scores_graphicsAPIs.csv,alanjo/gpu-scores-with-cuda-metal-opencl-vulkan
9194efbf18f48adfb13f,AMD,Radeon HD Verde PRO Prototype,,10779.0,9912.0,,True,False,GPU_scores_graphicsAPIs.csv,alanjo/gpu-scores-with-cuda-metal-opencl-vulkan
b6bfa8788d9db963374e,AMD,Radeon HD Verde Unknown Prototype,,,7752.0,,True,False,GPU_scores_graphicsAPIs.csv,alanjo/gpu-scores-with-cuda-metal-opencl-vulkan
b5c968cfc563d8c552b1,AMD,Radeon HD Verde XT Prototype,,14493.0,13536.0,,True,False,GPU_scores_graphicsAPIs.csv,alanjo/gpu-scores-with-cuda-metal-opencl-vulkan
13e06d416c111ccea4b3,AMD,Radeon HD5450,,,656.0,,True,False,GPU_scores_graphicsAPIs.csv,alanjo/gpu-scores-with-cuda-metal-opencl-vulkan
dd64af7e46c61eec5d66,AMD,Radeon HD8490,,,816.0,,True,False,GPU_scores_graphicsAPIs.csv,alanjo/gpu-scores-with-cuda-metal-opencl-vulkan
5e8a843d026e1fbdc7e5,AMD,Radeon HD8970M,,,24227.0,25611.0,True,False,GPU_scores_graphicsAPIs.csv,alanjo/gpu-scores-with-cuda-metal-opencl-vulkan
e2c691cd77872f23ac3e,,Radeon Instinct MI25,,,67679.0,,True,False,GPU_scores_graphics_API_v2_noCUDA.csv,alanjo/gpu-scores-with-cuda-metal-opencl-vulkan
3f6141cd8f78549325f1,AMD,Radeon Instinct MI25 MxGPU,,,11780.0,25682.0,True,False,GPU_scores_graphicsAPIs.csv,alanjo/gpu-scores-with-cuda-metal-opencl-vulkan
29ec50e0127f78491e63,,Radeon Instinct MI25 MxGPU,,,24119.0,31710.0,True,False,GPU_scores_graphics_API_v2_noCUDA.csv,alanjo/gpu-scores-with-cuda-metal-opencl-vulkan
2d5397412e505b8fb835,AMD,Radeon Navi10,,40872.0,40385.0,,True,False,GPU_scores_graphicsAPIs.csv,alanjo/gpu-scores-with-cuda-metal-opencl-vulkan
e5af8f4e0f5d769cb4be,AMD,Radeon Navi14,,34682.0,33574.0,,True,False,GPU_scores_graphicsAPIs.csv,alanjo/gpu-scores-with-cuda-metal-opencl-vulkan
5b3bda826cb9eb2e4a60,AMD,Radeon Navi21,,159946.0,91589.0,,True,False,GPU_scores_graphicsAPIs.csv,alanjo/gpu-scores-with-cuda-metal-opencl-vulkan
cd0b963845c723223750,AMD,Radeon Polaris,,19360.0,23363.0,,True,False,GPU_scores_graphicsAPIs.csv,alanjo/gpu-scores-with-cuda-metal-opencl-vulkan
2d7fde28fb6444951f69,AMD,Radeon PRO,,,13427.0,14847.0,True,False,GPU_scores_graphicsAPIs.csv,alanjo/gpu-scores-with-cuda-metal-opencl-vulkan
f4c0e5ac9d2921ef9ba5,AMD,Radeon Pro 450,,10560.0,10583.0,10982.0,True,False,GPU_scores_graphicsAPIs.csv,alanjo/gpu-scores-with-cuda-metal-opencl-vulkan
e11025d517067c9c48eb,AMD,Radeon Pro 455,,12897.0,13120.0,11450.0,True,False,GPU_scores_graphicsAPIs.csv,alanjo/gpu-scores-with-cuda-metal-opencl-vulkan
ec66625ad6c3790792f1,AMD,Radeon Pro 460,,16437.0,16987.0,16293.0,True,False,GPU_scores_graphicsAPIs.csv,alanjo/gpu-scores-with-cuda-metal-opencl-vulkan
5d82a845205126a3b872,AMD,Radeon Pro 480X,,34491.0,,,True,False,GPU_scores_graphicsAPIs.csv,alanjo/gpu-scores-with-cuda-metal-opencl-vulkan
d94b039fba30ff9416dd,AMD,Radeon Pro 5300,,37399.0,36134.0,27794.0,True,False,GPU_scores_graphicsAPIs.csv,alanjo/gpu-scores-with-cuda-metal-opencl-vulkan
5ed2deb1115361c9cb12,AMD,Radeon Pro 5300M,,24857.0,27388.0,22457.0,True,False,GPU_scores_graphicsAPIs.csv,alanjo/gpu-scores-with-cuda-metal-opencl-vulkan
f36eafb9ad6852cece17,AMD,Radeon Pro 5500 XT,,41995.0,41093.0,27120.0,True,False,GPU_scores_graphicsAPIs.csv,alanjo/gpu-scores-with-cuda-metal-opencl-vulkan
d12383257e6250c8989c,AMD,Radeon Pro 5500M,,29714.0,34864.0,27014.0,True,False,GPU_scores_graphicsAPIs.csv,alanjo/gpu-scores-with-cuda-metal-opencl-vulkan
61667ab97dee8e155218,AMD,Radeon Pro 5500XT,,,38896.0,,True,False,GPU_scores_graphicsAPIs.csv,alanjo/gpu-scores-with-cuda-metal-opencl-vulkan
bab87180e703c0f1ba1b,AMD,Radeon Pro 555,,12562.0,13281.0,16482.0,True,False,GPU_scores_graphicsAPIs.csv,alanjo/gpu-scores-with-cuda-metal-opencl-vulkan
af18c6a5b11cfbcb6c58,,Radeon Pro 555,,,11045.0,,True,False,GPU_scores_graphics_API_v2_noCUDA.csv,alanjo/gpu-scores-with-cuda-metal-opencl-vulkan
fa85580bc75c0ee3fdb9,AMD,Radeon Pro 555X,,13910.0,13877.0,13958.0,True,False,GPU_scores_graphicsAPIs.csv,alanjo/gpu-scores-with-cuda-metal-opencl-vulkan
bf7399dc5a5018844c32,,Radeon Pro 555X,,,12691.0,13037.0,True,False,GPU_scores_graphics_API_v2_noCUDA.csv,alanjo/gpu-scores-with-cuda-metal-opencl-vulkan
efc4f09f6ad0f01e5801,AMD,Radeon Pro 560,,16063.0,16903.0,16551.0,True,False,GPU_scores_graphicsAPIs.csv,alanjo/gpu-scores-with-cuda-metal-opencl-vulkan
920a4952a332996e75f1,,Radeon Pro 560,,,15877.0,16926.0,True,False,GPU_scores_graphics_API_v2_noCUDA.csv,alanjo/gpu-scores-with-cuda-metal-opencl-vulkan
0d0a20e1da6c5fca9674,AMD,Radeon Pro 5600 XT,,,44486.0,,True,False,GPU_scores_graphicsAPIs.csv,alanjo/gpu-scores-with-cuda-metal-opencl-vulkan
90ac5dd8c8e61bd3f333,AMD,Radeon Pro 5600M,,43100.0,44697.0,37726.0,True,False,GPU_scores_graphicsAPIs.csv,alanjo/gpu-scores-with-cuda-metal-opencl-vulkan
80e149e2b9671cea993c,AMD,Radeon Pro 5600XT,,,52917.0,,True,False,GPU_scores_graphicsAPIs.csv,alanjo/gpu-scores-with-cuda-metal-opencl-vulkan
d973fbd6321f6ce750d2,AMD,Radeon Pro 560X,,18758.0,18675.0,18771.0,True,False,GPU_scores_graphicsAPIs.csv,alanjo/gpu-scores-with-cuda-metal-opencl-vulkan
d2aa949ab2e177915e8a,,Radeon Pro 560X,,,17533.0,16871.0,True,False,GPU_scores_graphics_API_v2_noCUDA.csv,alanjo/gpu-scores-with-cuda-metal-opencl-vulkan
deb786763d5c500951ab,AMD,Radeon Pro 570,,30780.0,30331.0,34877.0,True,False,GPU_scores_graphicsAPIs.csv,alanjo/gpu-scores-with-cuda-metal-opencl-vulkan
d864bf6f4d7138320487,,Radeon Pro 570,,,27393.0,,True,False,GPU_scores_graphics_API_v2_noCUDA.csv,alanjo/gpu-scores-with-cuda-metal-opencl-vulkan
56674a3abd5813311562,AMD,Radeon Pro 5700,,51845.0,48108.0,,True,False,GPU_scores_graphicsAPIs.csv,alanjo/gpu-scores-with-cuda-metal-opencl-vulkan
3d887cda4022d2531f0f,AMD,Radeon Pro 5700 XT,,59317.0,54300.0,43511.0,True,False,GPU_scores_graphicsAPIs.csv,alanjo/gpu-scores-with-cuda-metal-opencl-vulkan
9b1e3910a14d4f3ae35c,AMD,Radeon Pro 5700X,,,56931.0,,True,False,GPU_scores_graphicsAPIs.csv,alanjo/gpu-scores-with-cuda-metal-opencl-vulkan
1d5350269fb1dcdfa49d,AMD,Radeon Pro 5700XT,,77202.0,66795.0,,True,False,GPU_scores_graphicsAPIs.csv,alanjo/gpu-scores-with-cuda-metal-opencl-vulkan
6542c195f3c0a65793d8,AMD,Radeon Pro 570X,,32285.0,29459.0,34694.0,True,False,GPU_scores_graphicsAPIs.csv,alanjo/gpu-scores-with-cuda-metal-opencl-vulkan
b5f05ee0e932afdfa6c2,,Radeon Pro 570X,,,28350.0,,True,False,GPU_scores_graphics_API_v2_noCUDA.csv,alanjo/gpu-scores-with-cuda-metal-opencl-vulkan
ec65d84975a8382b1ab7,AMD,Radeon Pro 575,,36188.0,35081.0,31842.0,True,False,GPU_scores_graphicsAPIs.csv,alanjo/gpu-scores-with-cuda-metal-opencl-vulkan
eba4583df823194d634a,,Radeon Pro 575,,,34848.0,38239.0,True,False,GPU_scores_graphics_API_v2_noCUDA.csv,alanjo/gpu-scores-with-cuda-metal-opencl-vulkan
eb655411374c027e2326,AMD,Radeon Pro 575X,,37296.0,34921.0,36448.0,True,False,GPU_scores_graphicsAPIs.csv,alanjo/gpu-scores-with-cuda-metal-opencl-vulkan
c4fa3d7713902dd2a5ce,,Radeon Pro 575X,,,35084.0,,True,False,GPU_scores_graphics_API_v2_noCUDA.csv,alanjo/gpu-scores-with-cuda-metal-opencl-vulkan
381f60364fe14ac8fbf4,AMD,Radeon Pro 580,,51062.0,40582.0,44559.0,True,False,GPU_scores_graphicsAPIs.csv,alanjo/gpu-scores-with-cuda-metal-opencl-vulkan
dbe9a338c99cd85e97de,,Radeon Pro 580,,,37239.0,43847.0,True,False,GPU_scores_graphics_API_v2_noCUDA.csv,alanjo/gpu-scores-with-cuda-metal-opencl-vulkan
c986911299863e9b4170,AMD,Radeon Pro 580X,,41240.0,42002.0,37589.0,True,False,GPU_scores_graphicsAPIs.csv,alanjo/gpu-scores-with-cuda-metal-opencl-vulkan
ec232cba2ec89fcce30e,,Radeon Pro 580X,,,36243.0,38105.0,True,False,GPU_scores_graphics_API_v2_noCUDA.csv,alanjo/gpu-scores-with-cuda-metal-opencl-vulkan
e91fd3bdb5cbd6455e73,AMD,Radeon Pro Duo,,,50232.0,61450.0,True,False,GPU_scores_graphicsAPIs.csv,alanjo/gpu-scores-with-cuda-metal-opencl-vulkan
5f02d57a9b670f214a34,AMD,Radeon Pro RADEON RX 5700 XT,,,51559.0,,True,False,GPU_scores_graphicsAPIs.csv,alanjo/gpu-scores-with-cuda-metal-opencl-vulkan
a8a65f834b7d9f48e93a,AMD,Radeon Pro Radeon RX 580,,42866.0,38732.0,,True,False,GPU_scores_graphicsAPIs.csv,alanjo/gpu-scores-with-cuda-metal-opencl-vulkan
add55705580e057d7b29,AMD,Radeon Pro RX 5600XT,,63945.0,,,True,False,GPU_scores_graphicsAPIs.csv,alanjo/gpu-scores-with-cuda-metal-opencl-vulkan
86e6229db60bc8197ab8,AMD,Radeon Pro RX 580,,52863.0,,,True,False,GPU_scores_graphicsAPIs.csv,alanjo/gpu-scores-with-cuda-metal-opencl-vulkan
3544cdbb6938bd6d4dd1,AMD,Radeon Pro RX5700,,60126.0,,,True,False,GPU_scores_graphicsAPIs.csv,alanjo/gpu-scores-with-cuda-metal-opencl-vulkan
236c2663091b481a6ecc,AMD,Radeon Pro RX580,,52332.0,44066.0,,True,False,GPU_scores_graphicsAPIs.csv,alanjo/gpu-scores-with-cuda-metal-opencl-vulkan
8939ad71d281d46d4bcf,,Radeon Pro Series,,,16201.0,16543.0,True,False,GPU_scores_graphics_API_v2_noCUDA.csv,alanjo/gpu-scores-with-cuda-metal-opencl-vulkan
c467afea310383b1898c,AMD,Radeon Pro V520 MxGPU,,,59837.0,63176.0,True,False,GPU_scores_graphicsAPIs.csv,alanjo/gpu-scores-with-cuda-metal-opencl-vulkan
e3533edb7dd05dffdc13,AMD,Radeon Pro Vega 16,,21201.0,22421.0,,True,False,GPU_scores_graphicsAPIs.csv,alanjo/gpu-scores-with-cuda-metal-opencl-vulkan
148cc32bc0e4ac3efac1,AMD,Radeon Pro Vega 20,,26396.0,27443.0,26203.0,True,False,GPU_scores_graphicsAPIs.csv,alanjo/gpu-scores-with-cuda-metal-opencl-vulkan
c3dea8a11cfec7f0115d,,Radeon Pro Vega 20,,,26775.0,,True,False,GPU_scores_graphics_API_v2_noCUDA.csv,alanjo/gpu-scores-with-cuda-metal-opencl-vulkan
020151c7ba1e4d57038d,AMD,Radeon Pro Vega 48,,55212.0,51123.0,56184.0,True,False,GPU_scores_graphicsAPIs.csv,alanjo/gpu-scores-with-cuda-metal-opencl-vulkan
f015f93d3b17f126d36b,,Radeon Pro Vega 48,,,53695.0,58125.0,True,False,GPU_scores_graphics_API_v2_noCUDA.csv,alanjo/gpu-scores-with-cuda-metal-opencl-vulkan
21227d439355ce3e54da,AMD,Radeon Pro Vega 56,,59820.0,60993.0,68254.0,True,False,GPU_scores_graphicsAPIs.csv,alanjo/gpu-scores-with-cuda-metal-opencl-vulkan
81bc4de3e2bec9b1dc4a,,Radeon Pro Vega 56,,,61497.0,65862.0,True,False,GPU_scores_graphics_API_v2_noCUDA.csv,alanjo/gpu-scores-with-cuda-metal-opencl-vulkan
f8a35dbd56dc3be34112,AMD,Radeon Pro Vega 64,,61146.0,69055.0,75171.0,True,False,GPU_scores_graphicsAPIs.csv,alanjo/gpu-scores-with-cuda-metal-opencl-vulkan
256ccf44d3f5df06e93d,,Radeon Pro Vega 64,,,71418.0,74946.0,True,False,GPU_scores_graphics_API_v2_noCUDA.csv,alanjo/gpu-scores-with-cuda-metal-opencl-vulkan
0b96b88ef7c662f81986,AMD,Radeon Pro Vega 64X,,63830.0,75438.0,,True,False,GPU_scores_graphicsAPIs.csv,alanjo/gpu-scores-with-cuda-metal-opencl-vulkan
d02cd7af26944d3fc38a,AMD,Radeon Pro Vega II,,100963.0,86528.0,93942.0,True,False,GPU_scores_graphicsAPIs.csv,alanjo/gpu-scores-with-cuda-metal-opencl-vulkan
84dd974c09f07f9c4f77,AMD,Radeon Pro Vega II Duo,,100354.0,88483.0,92574.0,True,False,GPU_scores_graphicsAPIs.csv,alanjo/gpu-scores-with-cuda-metal-opencl-vulkan
e9b5566da6bc422af4ef,AMD,Radeon Pro Vega56,,69229.0,,,True,False,GPU_scores_graphicsAPIs.csv,alanjo/gpu-scores-with-cuda-metal-opencl-vulkan
f3fe022eecf84d74be28,AMD,Radeon Pro VII,,94556.0,88671.0,73595.0,True,False,GPU_scores_graphicsAPIs.csv,alanjo/gpu-scores-with-cuda-metal-opencl-vulkan
96b692ae4850feb0b2d9,AMD,Radeon Pro W5500,,40060.0,,32626.0,True,False,GPU_scores_graphicsAPIs.csv,alanjo/gpu-scores-with-cuda-metal-opencl-vulkan
f3089faffc5723e81aaf,AMD,Radeon Pro W5500X,,41982.0,38977.0,,True,False,GPU_scores_graphicsAPIs.csv,alanjo/gpu-scores-with-cuda-metal-opencl-vulkan
f4da2e56072a58d4f208,AMD,Radeon Pro W5700,,60319.0,50207.0,49341.0,True,False,GPU_scores_graphicsAPIs.csv,alanjo/gpu-scores-with-cuda-metal-opencl-vulkan
34e041c0ec5f9443360d,AMD,Radeon Pro W5700X,,73809.0,62529.0,50318.0,True,False,GPU_scores_graphicsAPIs.csv,alanjo/gpu-scores-with-cuda-metal-opencl-vulkan
4154920a7e1cd7c5ff76,,Radeon Pro W5700X,,,43810.0,45246.0,True,False,GPU_scores_graphics_API_v2_noCUDA.csv,alanjo/gpu-scores-with-cuda-metal-opencl-vulkan
06c54f0303c8177c3575,AMD,Radeon Pro W5700XT,,75427.0,51910.0,,True,False,GPU_scores_graphicsAPIs.csv,alanjo/gpu-scores-with-cuda-metal-opencl-vulkan
442e6dde7faa757c9e1f,AMD,Radeon PRO W6600,,73486.0,73560.0,57886.0,True,False,GPU_scores_graphicsAPIs.csv,alanjo/gpu-scores-with-cuda-metal-opencl-vulkan
24cb33c79fb24ac66458,AMD,Radeon Pro W6600X,,85580.0,68136.0,,True,False,GPU_scores_graphicsAPIs.csv,alanjo/gpu-scores-with-cuda-metal-opencl-vulkan
9d2766acccf80d04c229,AMD,Radeon PRO W6800,,123872.0,88393.0,80996.0,True,False,GPU_scores_graphicsAPIs.csv,alanjo/gpu-scores-with-cuda-metal-opencl-vulkan
deef4402aeec308bff3f,AMD,Radeon PRO W6800X,,138267.0,96704.0,,True,False,GPU_scores_graphicsAPIs.csv,alanjo/gpu-scores-with-cuda-metal-opencl-vulkan
fde4ff5ee43fa36eaf29,AMD,Radeon PRO W6800X Duo,,136289.0,93683.0,,True,False,GPU_scores_graphicsAPIs.csv,alanjo/gpu-scores-with-cuda-metal-opencl-vulkan
4bc454ef043d405e922b,AMD,Radeon Pro W6900X,,166946.0,141178.0,105424.0,True,False,GPU_scores_graphicsAPIs.csv,alanjo/gpu-scores-with-cuda-metal-opencl-vulkan
14f49d9421047c082d93,AMD,Radeon Pro WX 2100,,,11128.0,10972.0,True,False,GPU_scores_graphicsAPIs.csv,alanjo/gpu-scores-with-cuda-metal-opencl-vulkan
d5aae51c960105ff470c,AMD,Radeon Pro WX 3100,,,11300.0,13471.0,True,False,GPU_scores_graphicsAPIs.csv,alanjo/gpu-scores-with-cuda-metal-opencl-vulkan
7db953908c875e73b47d,,Radeon Pro WX 3100,,,8188.0,,True,False,GPU_scores_graphics_API_v2_noCUDA.csv,alanjo/gpu-scores-with-cuda-metal-opencl-vulkan
f6a4f33f6249326d2203,AMD,Radeon Pro WX 3200,,,15640.0,16510.0,True,False,GPU_scores_graphicsAPIs.csv,alanjo/gpu-scores-with-cuda-metal-opencl-vulkan
5f2d57dfb58c7d7f0679,AMD,Radeon Pro WX 4100,,19178.0,19770.0,20696.0,True,False,GPU_scores_graphicsAPIs.csv,alanjo/gpu-scores-with-cuda-metal-opencl-vulkan
372216dd3fe03c505e58,,Radeon Pro WX 4100,,,19073.0,,True,False,GPU_scores_graphics_API_v2_noCUDA.csv,alanjo/gpu-scores-with-cuda-metal-opencl-vulkan
e4120dfef558616c5fcf,AMD,Radeon Pro WX 4130,,,7588.0,,True,False,GPU_scores_graphicsAPIs.csv,alanjo/gpu-scores-with-cuda-metal-opencl-vulkan
4456012e4aa4bbb62317,AMD,Radeon Pro WX 4150,,,14094.0,,True,False,GPU_scores_graphicsAPIs.csv,alanjo/gpu-scores-with-cuda-metal-opencl-vulkan
2375751cc7d0fe6e896b,AMD,Radeon Pro WX 4170,,,20842.0,,True,False,GPU_scores_graphicsAPIs.csv,alanjo/gpu-scores-with-cuda-metal-opencl-vulkan
57e051a071faf6881f9b,AMD,Radeon Pro WX 5100,,24214.0,28072.0,32777.0,True,False,GPU_scores_graphicsAPIs.csv,alanjo/gpu-scores-with-cuda-metal-opencl-vulkan
45955477c241f82a4424,,Radeon Pro WX 5100,,,25596.0,,True,False,GPU_scores_graphics_API_v2_noCUDA.csv,alanjo/gpu-scores-with-cuda-metal-opencl-vulkan
991e5b3fa11ee0ec7d78,AMD,Radeon Pro WX 7100,,35023.0,39367.0,36978.0,True,False,GPU_scores_graphicsAPIs.csv,alanjo/gpu-scores-with-cuda-metal-opencl-vulkan
988631c116d74aaf870d,,Radeon Pro WX 7100,,,38420.0,,True,False,GPU_scores_graphics_API_v2_noCUDA.csv,alanjo/gpu-scores-with-cuda-metal-opencl-vulkan
8395029398e16cbf5940,AMD,Radeon Pro WX 7130,,,41335.0,,True,False,GPU_scores_graphicsAPIs.csv,alanjo/gpu-scores-with-cuda-metal-opencl-vulkan
f28a13cb0d719aadefac,AMD,Radeon Pro WX 8200,,56320.0,69116.0,63239.0,True,False,GPU_scores_graphicsAPIs.csv,alanjo/gpu-scores-with-cuda-metal-opencl-vulkan
a421ab5a724b4367551b,AMD,Radeon Pro WX 9100,,58447.0,65210.0,68739.0,True,False,GPU_scores_graphicsAPIs.csv,alanjo/gpu-scores-with-cuda-metal-opencl-vulkan
16dc05ebd09879ddcca8,AMD,Radeon Pro WX Vega M GL,,,17282.0,,True,False,GPU_scores_graphicsAPIs.csv,alanjo/gpu-scores-with-cuda-metal-opencl-vulkan
7fe4f092d044f1143395,,Radeon Pro WX Vega M GL Graphics,,,17282.0,,True,False,GPU_scores_graphics_API_v2_noCUDA.csv,alanjo/gpu-scores-with-cuda-metal-opencl-vulkan
aadbf907aad5e6273d38,AMD,Radeon Pro WX3200,,,11392.0,,True,False,GPU_scores_graphicsAPIs.csv,alanjo/gpu-scores-with-cuda-metal-opencl-vulkan
ac8105088768e0b7fe3b,AMD,Radeon Pro WX8200,,70759.0,35060.0,,True,False,GPU_scores_graphicsAPIs.csv,alanjo/gpu-scores-with-cuda-metal-opencl-vulkan
6a06c90330289c50121f,AMD,Radeon R2,,,1230.0,1380.0,True,False,GPU_scores_graphicsAPIs.csv,alanjo/gpu-scores-with-cuda-metal-opencl-vulkan
2533f37bcce84c539d48,AMD,Radeon R3,,,1569.0,2042.0,True,False,GPU_scores_graphicsAPIs.csv,alanjo/gpu-scores-with-cuda-metal-opencl-vulkan
283f1fca15e415eddb58,AMD,Radeon R4,,,1952.0,2362.0,True,False,GPU_scores_graphicsAPIs.csv,alanjo/gpu-scores-with-cuda-metal-opencl-vulkan
36000de22a1127ec2d15,AMD,Radeon R5,,,4869.0,5160.0,True,False,GPU_scores_graphicsAPIs.csv,alanjo/gpu-scores-with-cuda-metal-opencl-vulkan
958e1f2223a3ad9e3d21,AMD,Radeon R5 200,,,619.0,,True,False,GPU_scores_graphicsAPIs.csv,alanjo/gpu-scores-with-cuda-metal-opencl-vulkan
93901fc4cfcc58425369,AMD,Radeon R5 230,,,641.0,,True,False,GPU_scores_graphicsAPIs.csv,alanjo/gpu-scores-with-cuda-metal-opencl-vulkan
1d15da7568e4760f82d2,AMD,Radeon R5 235,,,779.0,,True,False,GPU_scores_graphicsAPIs.csv,alanjo/gpu-scores-with-cuda-metal-opencl-vulkan
e9181c56ce8c0d120215,AMD,Radeon R5 240,,,5055.0,4874.0,True,False,GPU_scores_graphicsAPIs.csv,alanjo/gpu-scores-with-cuda-metal-opencl-vulkan
991cbd16f111dfe13b82,AMD,Radeon R5 340,,,5498.0,,True,False,GPU_scores_graphicsAPIs.csv,alanjo/gpu-scores-with-cuda-metal-opencl-vulkan
63339a1033d97a6041d6,AMD,Radeon R5 340X,,,5341.0,4929.0,True,False,GPU_scores_graphicsAPIs.csv,alanjo/gpu-scores-with-cuda-metal-opencl-vulkan
103c57f714a36991ce73,AMD,Radeon R5 430,,,5855.0,5312.0,True,False,GPU_scores_graphicsAPIs.csv,alanjo/gpu-scores-with-cuda-metal-opencl-vulkan
bd0441040590494bd791,AMD,Radeon R5 435,,,7050.0,,True,False,GPU_scores_graphicsAPIs.csv,alanjo/gpu-scores-with-cuda-metal-opencl-vulkan
35bd292945419f648d70,AMD,Radeon R5 M200,,,5671.0,,True,False,GPU_scores_graphicsAPIs.csv,alanjo/gpu-scores-with-cuda-metal-opencl-vulkan
925e1f530e00cf38ae5d,AMD,Radeon R5 M230,,,5344.0,3971.0,True,False,GPU_scores_graphicsAPIs.csv,alanjo/gpu-scores-with-cuda-metal-opencl-vulkan
24e94db901f772ed835c,AMD,Radeon R5 M240,,,3721.0,,True,False,GPU_scores_graphicsAPIs.csv,alanjo/gpu-scores-with-cuda-metal-opencl-vulkan
38bf9516157111d76afa,AMD,Radeon R5 M255,,,5013.0,5527.0,True,False,GPU_scores_graphicsAPIs.csv,alanjo/gpu-scores-with-cuda-metal-opencl-vulkan
d5de1ecd7362cb7a46e5,AMD,Radeon R5 M315,,,3930.0,,True,False,GPU_scores_graphicsAPIs.csv,alanjo/gpu-scores-with-cuda-metal-opencl-vulkan
983bdb1113be61dbfd16,AMD,Radeon R5 M320,,,5175.0,4768.0,True,False,GPU_scores_graphicsAPIs.csv,alanjo/gpu-scores-with-cuda-metal-opencl-vulkan
3441458cdf71149c7484,AMD,Radeon R5 M330,,,5430.0,4983.0,True,False,GPU_scores_graphicsAPIs.csv,alanjo/gpu-scores-with-cuda-metal-opencl-vulkan
f57259093aaf58a82e61,AMD,Radeon R5 M335,,,5143.0,5131.0,True,False,GPU_scores_graphicsAPIs.csv,alanjo/gpu-scores-with-cuda-metal-opencl-vulkan
a55b6020e9d45d0c1458,AMD,Radeon R5 M420,,,4143.0,,True,False,GPU_scores_graphicsAPIs.csv,alanjo/gpu-scores-with-cuda-metal-opencl-vulkan
2d5d43135a5c8072d8cb,AMD,Radeon R5 M430,,,5314.0,4624.0,True,False,GPU_scores_graphicsAPIs.csv,alanjo/gpu-scores-with-cuda-metal-opencl-vulkan
c59e944f4578e76050f2,AMD,Radeon R5 M435,,,6493.0,,True,False,GPU_scores_graphicsAPIs.csv,alanjo/gpu-scores-with-cuda-metal-opencl-vulkan
928f0bc09cd9a2290aa4,AMD,Radeon R5 M445,,,5875.0,,True,False,GPU_scores_graphicsAPIs.csv,alanjo/gpu-scores-with-cuda-metal-opencl-vulkan
e4a8b2b8d187f69d3a3c,AMD,Radeon R5E,,,1991.0,,True,False,GPU_scores_graphicsAPIs.csv,alanjo/gpu-scores-with-cuda-metal-opencl-vulkan
dedbfe150c5ae1ddf7da,AMD,Radeon R6,,,4403.0,5062.0,True,False,GPU_scores_graphicsAPIs.csv,alanjo/gpu-scores-with-cuda-metal-opencl-vulkan
fc9f169a507a65902c60,AMD,Radeon R6 M255DX,,,,4867.0,True,False,GPU_scores_graphicsAPIs.csv,alanjo/gpu-scores-with-cuda-metal-opencl-vulkan
c56f24d788d5a4a6175e,AMD,Radeon R7,,,6100.0,7428.0,True,False,GPU_scores_graphicsAPIs.csv,alanjo/gpu-scores-with-cuda-metal-opencl-vulkan
7b87ac8f8d121d1cd20d,AMD,Radeon R7 200,,,10681.0,11537.0,True,False,GPU_scores_graphicsAPIs.csv,alanjo/gpu-scores-with-cuda-metal-opencl-vulkan
88da0e0b1279f78837a2,AMD,Radeon R7 240,,,5326.0,5023.0,True,False,GPU_scores_graphicsAPIs.csv,alanjo/gpu-scores-with-cuda-metal-opencl-vulkan
e7b860e2b3c31a5e7d0c,AMD,Radeon R7 250,,,10280.0,8744.0,True,False,GPU_scores_graphicsAPIs.csv,alanjo/gpu-scores-with-cuda-metal-opencl-vulkan
adb5ebd7a490a2629d99,AMD,Radeon R7 250X,,,14262.0,12579.0,True,False,GPU_scores_graphicsAPIs.csv,alanjo/gpu-scores-with-cuda-metal-opencl-vulkan
b6bd0fb163bc87f7fede,AMD,Radeon R7 265,,,20651.0,,True,False,GPU_scores_graphicsAPIs.csv,alanjo/gpu-scores-with-cuda-metal-opencl-vulkan
dbfed86f32c6c29c7b7b,AMD,Radeon R7 350,,,10951.0,9660.0,True,False,GPU_scores_graphicsAPIs.csv,alanjo/gpu-scores-with-cuda-metal-opencl-vulkan
fcf01387a21757086dd9,AMD,Radeon R7 350X,,,8761.0,9329.0,True,False,GPU_scores_graphicsAPIs.csv,alanjo/gpu-scores-with-cuda-metal-opencl-vulkan
774c4f187897896e3d51,AMD,Radeon R7 360,,,17603.0,17970.0,True,False,GPU_scores_graphicsAPIs.csv,alanjo/gpu-scores-with-cuda-metal-opencl-vulkan
8a43b3da1effc9a93b56,AMD,Radeon R7 370,,,23431.0,24521.0,True,False,GPU_scores_graphicsAPIs.csv,alanjo/gpu-scores-with-cuda-metal-opencl-vulkan
158eb9948331d2ea6d6f,AMD,Radeon R7 430,,,6738.0,6940.0,True,False,GPU_scores_graphicsAPIs.csv,alanjo/gpu-scores-with-cuda-metal-opencl-vulkan
181c95f7d9bede435ac0,AMD,Radeon R7 450,,,10702.0,9779.0,True,False,GPU_scores_graphicsAPIs.csv,alanjo/gpu-scores-with-cuda-metal-opencl-vulkan
4caa214051813c19421c,AMD,Radeon R7 A360,,,5809.0,,True,False,GPU_scores_graphicsAPIs.csv,alanjo/gpu-scores-with-cuda-metal-opencl-vulkan
2de4b3ad6a25474a0e4a,AMD,Radeon R7 / HD 9000,,,11610.0,,True,False,GPU_scores_graphicsAPIs.csv,alanjo/gpu-scores-with-cuda-metal-opencl-vulkan
3154a83d4d357e7f5159,AMD,Radeon R7 M260,,,5767.0,5710.0,True,False,GPU_scores_graphicsAPIs.csv,alanjo/gpu-scores-with-cuda-metal-opencl-vulkan
8018e9fc69fbca121ddb,AMD,Radeon R7 M260X,,,5979.0,,True,False,GPU_scores_graphicsAPIs.csv,alanjo/gpu-scores-with-cuda-metal-opencl-vulkan
9d518014ae1cf4e05133,AMD,Radeon R7 M265,,,6785.0,6701.0,True,False,GPU_scores_graphicsAPIs.csv,alanjo/gpu-scores-with-cuda-metal-opencl-vulkan
dbc749ec92d25b186ad9,AMD,Radeon R7 M270,,,6810.0,,True,False,GPU_scores_graphicsAPIs.csv,alanjo/gpu-scores-with-cuda-metal-opencl-vulkan
ea52d0592333c5a7830d,AMD,Radeon R7 M340,,,5396.0,5574.0,True,False,GPU_scores_graphicsAPIs.csv,alanjo/gpu-scores-with-cuda-metal-opencl-vulkan
40904e8dd6148f1e6129,AMD,Radeon R7 M350,,,5924.0,,True,False,GPU_scores_graphicsAPIs.csv,alanjo/gpu-scores-with-cuda-metal-opencl-vulkan
6c251cbc3505356f5478,AMD,Radeon R7 M360,,,5396.0,5761.0,True,False,GPU_scores_graphicsAPIs.csv,alanjo/gpu-scores-with-cuda-metal-opencl-vulkan
e119cb85d05ba9b49267,AMD,Radeon R7 M365X,,,6237.0,,True,False,GPU_scores_graphicsAPIs.csv,alanjo/gpu-scores-with-cuda-metal-opencl-vulkan
3e31e9a5e23e6d043b3a,AMD,Radeon R7 M370,,,7863.0,5392.0,True,False,GPU_scores_graphicsAPIs.csv,alanjo/gpu-scores-with-cuda-metal-opencl-vulkan
c6b5bd91a8574ab1a0c2,AMD,Radeon R7 M440,,,5879.0,6489.0,True,False,GPU_scores_graphicsAPIs.csv,alanjo/gpu-scores-with-cuda-metal-opencl-vulkan
261fb31347e4faae0c67,AMD,Radeon R7 M445,,,5920.0,,True,False,GPU_scores_graphicsAPIs.csv,alanjo/gpu-scores-with-cuda-metal-opencl-vulkan
7206d0cbb22398ba29cd,AMD,Radeon R7 M460,,,7310.0,,True,False,GPU_scores_graphicsAPIs.csv,alanjo/gpu-scores-with-cuda-metal-opencl-vulkan
8c17b2f98e03808c120c,AMD,Radeon R7 M465,,,7339.0,,True,False,GPU_scores_graphicsAPIs.csv,alanjo/gpu-scores-with-cuda-metal-opencl-vulkan
ed739134301f3fe2b243,AMD,Radeon R7 + R7 200 Dual,,,6922.0,,True,False,GPU_scores_graphicsAPIs.csv,alanjo/gpu-scores-with-cuda-metal-opencl-vulkan
ab1643fd56b170da9919,AMD,Radeon R7E,,,2945.0,,True,False,GPU_scores_graphicsAPIs.csv,alanjo/gpu-scores-with-cuda-metal-opencl-vulkan
c0a48f0c91cc8d65556c,AMD,Radeon R8 M365DX,,,5601.0,,True,False,GPU_scores_graphicsAPIs.csv,alanjo/gpu-scores-with-cuda-metal-opencl-vulkan
724639bc98e4fc501673,AMD,Radeon R8 M445DX,,,5183.0,,True,False,GPU_scores_graphicsAPIs.csv,alanjo/gpu-scores-with-cuda-metal-opencl-vulkan
3ed58947ebd3f719f5e1,AMD,Radeon R8 M535DX,,,4620.0,,True,False,GPU_scores_graphicsAPIs.csv,alanjo/gpu-scores-with-cuda-metal-opencl-vulkan
bf53aafee86c7a1cbd7f,AMD,Radeon R9 200,,,37582.0,38925.0,True,False,GPU_scores_graphicsAPIs.csv,alanjo/gpu-scores-with-cuda-metal-opencl-vulkan
c22728fe807efce0e569,AMD,Radeon R9 270,,,22331.0,,True,False,GPU_scores_graphicsAPIs.csv,alanjo/gpu-scores-with-cuda-metal-opencl-vulkan
0c94af023e776f762266,AMD,Radeon R9 270X,,28112.0,,,True,False,GPU_scores_graphicsAPIs.csv,alanjo/gpu-scores-with-cuda-metal-opencl-vulkan
3b6145385a13d6d06718,AMD,Radeon R9 280,,,35831.0,36785.0,True,False,GPU_scores_graphicsAPIs.csv,alanjo/gpu-scores-with-cuda-metal-opencl-vulkan
3b73b75d8e70d5316fd3,AMD,Radeon R9 290X,,,43067.0,48969.0,True,False,GPU_scores_graphicsAPIs.csv,alanjo/gpu-scores-with-cuda-metal-opencl-vulkan
5f09bdd257b9e3390d5e,AMD,Radeon R9 350,,,10504.0,,True,False,GPU_scores_graphicsAPIs.csv,alanjo/gpu-scores-with-cuda-metal-opencl-vulkan
ed9480d16ecbf45710fb,AMD,Radeon R9 360,,,14815.0,,True,False,GPU_scores_graphicsAPIs.csv,alanjo/gpu-scores-with-cuda-metal-opencl-vulkan
0c57c16d0f2df5ee3157,AMD,Radeon R9 370,,,24591.0,26499.0,True,False,GPU_scores_graphicsAPIs.csv,alanjo/gpu-scores-with-cuda-metal-opencl-vulkan
28b5f4574173b9548b01,AMD,Radeon R9 380,,,29877.0,33763.0,True,False,GPU_scores_graphicsAPIs.csv,alanjo/gpu-scores-with-cuda-metal-opencl-vulkan
81ace6000937d57b7eb7,AMD,Radeon R9 390,,,46328.0,49594.0,True,False,GPU_scores_graphicsAPIs.csv,alanjo/gpu-scores-with-cuda-metal-opencl-vulkan
685319f236701c8c45e8,AMD,Radeon R9 Fury,,,53458.0,67144.0,True,False,GPU_scores_graphicsAPIs.csv,alanjo/gpu-scores-with-cuda-metal-opencl-vulkan
57f1c83af7874b86f3a8,AMD,Radeon R9 M200X,,,8722.0,11328.0,True,False,GPU_scores_graphicsAPIs.csv,alanjo/gpu-scores-with-cuda-metal-opencl-vulkan
0f0b05522f63723e659e,AMD,Radeon R9 M265X,,,9044.0,,True,False,GPU_scores_graphicsAPIs.csv,alanjo/gpu-scores-with-cuda-metal-opencl-vulkan
2efc49190d083c940e46,AMD,Radeon R9 M275X,,,11041.0,,True,False,GPU_scores_graphicsAPIs.csv,alanjo/gpu-scores-with-cuda-metal-opencl-vulkan
07bf74a65e712273ffe5,AMD,Radeon R9 M290,,21799.0,21696.0,,True,False,GPU_scores_graphicsAPIs.csv,alanjo/gpu-scores-with-cuda-metal-opencl-vulkan
99dfdf63c8a47e93bf48,AMD,Radeon R9 M290X,,24894.0,23226.0,,True,False,GPU_scores_graphicsAPIs.csv,alanjo/gpu-scores-with-cuda-metal-opencl-vulkan
e836bfb1844cd3470a62,AMD,Radeon R9 M295X,,30471.0,27174.0,,True,False,GPU_scores_graphicsAPIs.csv,alanjo/gpu-scores-with-cuda-metal-opencl-vulkan
cec2d6b61d6a804acd10,AMD,Radeon R9 M360,,,9392.0,10902.0,True,False,GPU_scores_graphicsAPIs.csv,alanjo/gpu-scores-with-cuda-metal-opencl-vulkan
a349bdac416465caa8d1,AMD,Radeon R9 M370X,,11286.0,10500.0,11486.0,True,False,GPU_scores_graphicsAPIs.csv,alanjo/gpu-scores-with-cuda-metal-opencl-vulkan
e963487705fb239fe58a,AMD,Radeon R9 M375,,,10389.0,9682.0,True,False,GPU_scores_graphicsAPIs.csv,alanjo/gpu-scores-with-cuda-metal-opencl-vulkan
4b9550dd9ac13707cacc,AMD,Radeon R9 M375X,,,9759.0,,True,False,GPU_scores_graphicsAPIs.csv,alanjo/gpu-scores-with-cuda-metal-opencl-vulkan
a5d64630391c948f501c,AMD,Radeon R9 M380,,16811.0,14979.0,18210.0,True,False,GPU_scores_graphicsAPIs.csv,alanjo/gpu-scores-with-cuda-metal-opencl-vulkan
e477efe47516f150af71,AMD,Radeon R9 M390,,21960.0,20261.0,,True,False,GPU_scores_graphicsAPIs.csv,alanjo/gpu-scores-with-cuda-metal-opencl-vulkan
109c59df2515afa56d19,AMD,Radeon R9 M390X,,,22044.0,,True,False,GPU_scores_graphicsAPIs.csv,alanjo/gpu-scores-with-cuda-metal-opencl-vulkan
fb78e053ed3d11b870d3,AMD,Radeon R9 M395,,26526.0,23764.0,,True,False,GPU_scores_graphicsAPIs.csv,alanjo/gpu-scores-with-cuda-metal-opencl-vulkan
8d0a711a2a606e2882b0,AMD,Radeon R9 M395X,,31808.0,27725.0,,True,False,GPU_scores_graphicsAPIs.csv,alanjo/gpu-scores-with-cuda-metal-opencl-vulkan
1741aee1e0a1c328a301,AMD,Radeon Rro W5500X,,27973.0,,,True,False,GPU_scores_graphicsAPIs.csv,alanjo/gpu-scores-with-cuda-metal-opencl-vulkan
fccf64976b301208a13d,AMD,Radeon RX 350,,,2251.0,,True,False,GPU_scores_graphicsAPIs.csv,alanjo/gpu-scores-with-cuda-metal-opencl-vulkan
e1e97230b8c55c874da7,AMD,Radeon RX 460,,17920.0,20002.0,20340.0,True,False,GPU_scores_graphicsAPIs.csv,alanjo/gpu-scores-with-cuda-metal-opencl-vulkan
b48ef23550a05ece0fd0,AMD,Radeon RX 470,,38292.0,37864.0,40232.0,True,False,GPU_scores_graphicsAPIs.csv,alanjo/gpu-scores-with-cuda-metal-opencl-vulkan
9f6488579602b9a6ec73,,Radeon RX 470 Series,,,30325.0,37601.0,True,False,GPU_scores_graphics_API_v2_noCUDA.csv,alanjo/gpu-scores-with-cuda-metal-opencl-vulkan
28948fb06f7ec5a3e34e,AMD,Radeon RX 480,,42415.0,44522.0,48947.0,True,False,GPU_scores_graphicsAPIs.csv,alanjo/gpu-scores-with-cuda-metal-opencl-vulkan
ea0783747bd4fb076045,AMD,Radeon RX 5300,,,39363.0,,True,False,GPU_scores_graphicsAPIs.csv,alanjo/gpu-scores-with-cuda-metal-opencl-vulkan
8c295a8c69bce984895e,AMD,Radeon RX 5300M,,,30608.0,23885.0,True,False,GPU_scores_graphicsAPIs.csv,alanjo/gpu-scores-with-cuda-metal-opencl-vulkan
de34d5e7eb5476b596ec,,Radeon RX 5300M,,,36449.0,,True,False,GPU_scores_graphics_API_v2_noCUDA.csv,alanjo/gpu-scores-with-cuda-metal-opencl-vulkan
43eed6450c09038e812e,AMD,Radeon RX 540,,,10620.0,,True,False,GPU_scores_graphicsAPIs.csv,alanjo/gpu-scores-with-cuda-metal-opencl-vulkan
a2d50208310bdf553f81,,Radeon RX 540 Series,,,7914.0,,True,False,GPU_scores_graphics_API_v2_noCUDA.csv,alanjo/gpu-scores-with-cuda-metal-opencl-vulkan
b8b88b3e9fd4ca05b8da,AMD,Radeon RX 550,,18838.0,13952.0,15900.0,True,False,GPU_scores_graphicsAPIs.csv,alanjo/gpu-scores-with-cuda-metal-opencl-vulkan
6de0645741372b77694e,,Radeon RX 550,,,11299.0,,True,False,GPU_scores_graphics_API_v2_noCUDA.csv,alanjo/gpu-scores-with-cuda-metal-opencl-vulkan
14c61dc2901e7274d06e,AMD,Radeon RX 5500,,,40204.0,34601.0,True,False,GPU_scores_graphicsAPIs.csv,alanjo/gpu-scores-with-cuda-metal-opencl-vulkan
7b5dcd7ce2fc2f53b510,,Radeon RX 5500,,,42899.0,,True,False,GPU_scores_graphics_API_v2_noCUDA.csv,alanjo/gpu-scores-with-cuda-metal-opencl-vulkan
9a734e382f644c6e818e,AMD,Radeon RX 5500 XT,,41242.0,41385.0,33781.0,True,False,GPU_scores_graphicsAPIs.csv,alanjo/gpu-scores-with-cuda-metal-opencl-vulkan
c2ef0cf3043544908482,,Radeon RX 5500 XT,,,44702.0,42179.0,True,False,GPU_scores_graphics_API_v2_noCUDA.csv,alanjo/gpu-scores-with-cuda-metal-opencl-vulkan
d3b7fdde0da7c878c310,AMD,Radeon RX 5500M,,,36948.0,34067.0,True,False,GPU_scores_graphicsAPIs.csv,alanjo/gpu-scores-with-cuda-metal-opencl-vulkan
877b6ecd646930d6096c,,Radeon RX 5500M,,,38149.0,35456.0,True,False,GPU_scores_graphics_API_v2_noCUDA.csv,alanjo/gpu-scores-with-cuda-metal-opencl-vulkan
e7bcc35d8d3ab1f07487,AMD,Radeon RX 550X,,,12373.0,13079.0,True,False,GPU_scores_graphicsAPIs.csv,alanjo/gpu-scores-with-cuda-metal-opencl-vulkan
2ef32662c338eb41ba07,,Radeon RX 550X,,,11290.0,12448.0,True,False,GPU_scores_graphics_API_v2_noCUDA.csv,alanjo/gpu-scores-with-cuda-metal-opencl-vulkan
245f3183cbb7837314cc,AMD,Radeon RX 560,,21032.0,19745.0,19493.0,True,False,GPU_scores_graphicsAPIs.csv,alanjo/gpu-scores-with-cuda-metal-opencl-vulkan
86bab72fda42fa5386ae,,Radeon RX 560,,,17302.0,18272.0,True,False,GPU_scores_graphics_API_v2_noCUDA.csv,alanjo/gpu-scores-with-cuda-metal-opencl-vulkan
295b442e1ad54b8948c1,,Radeon RX 560 Series,,,18642.0,20488.0,True,False,GPU_scores_graphics_API_v2_noCUDA.csv,alanjo/gpu-scores-with-cuda-metal-opencl-vulkan
9245eb3b252ab8c095ff,,Radeon RX 560 XT,,,32146.0,37467.0,True,False,GPU_scores_graphics_API_v2_noCUDA.csv,alanjo/gpu-scores-with-cuda-metal-opencl-vulkan
c9590bb7fdbf2ffc380c,AMD,Radeon RX 5600,,,48650.0,37453.0,True,False,GPU_scores_graphicsAPIs.csv,alanjo/gpu-scores-with-cuda-metal-opencl-vulkan
eac161c465900eaaa0b8,AMD,Radeon RX 5600 XT,,56432.0,57968.0,48131.0,True,False,GPU_scores_graphicsAPIs.csv,alanjo/gpu-scores-with-cuda-metal-opencl-vulkan
079cd770f989145b885f,AMD,Radeon RX 5600M,,,51426.0,40406.0,True,False,GPU_scores_graphicsAPIs.csv,alanjo/gpu-scores-with-cuda-metal-opencl-vulkan
440f411b38353e3e14ba,AMD,Radeon RX 560X,,,20889.0,19900.0,True,False,GPU_scores_graphicsAPIs.csv,alanjo/gpu-scores-with-cuda-metal-opencl-vulkan
df5f959b3d1cd98c3668,,Radeon RX 560X,,,16512.0,19900.0,True,False,GPU_scores_graphics_API_v2_noCUDA.csv,alanjo/gpu-scores-with-cuda-metal-opencl-vulkan
0c233349afe09faca584,,Radeon RX 560X Series,,,17776.0,20557.0,True,False,GPU_scores_graphics_API_v2_noCUDA.csv,alanjo/gpu-scores-with-cuda-metal-opencl-vulkan
909c2d84d3f980042057,AMD,Radeon RX 570,,40200.0,40810.0,42870.0,True,False,GPU_scores_graphicsAPIs.csv,alanjo/gpu-scores-with-cuda-metal-opencl-vulkan
32460c5faeb265a49aa8,,Radeon RX 570,,,31978.0,,True,False,GPU_scores_graphics_API_v2_noCUDA.csv,alanjo/gpu-scores-with-cuda-metal-opencl-vulkan
3891551acfe9879cbe29,,Radeon RX 570 Series,,,35505.0,39592.0,True,False,GPU_scores_graphics_API_v2_noCUDA.csv,alanjo/gpu-scores-with-cuda-metal-opencl-vulkan
8df1bbef39229116f957,AMD,Radeon RX 5700,,57679.0,50932.0,51919.0,True,False,GPU_scores_graphicsAPIs.csv,alanjo/gpu-scores-with-cuda-metal-opencl-vulkan
2ebc5efcdaa920b8027d,,Radeon RX 5700,,,68991.0,64069.0,True,False,GPU_scores_graphics_API_v2_noCUDA.csv,alanjo/gpu-scores-with-cuda-metal-opencl-vulkan
0240198285d4a25d96f1,AMD,Radeon RX 5700 XT,,68311.0,70091.0,56806.0,True,False,GPU_scores_graphicsAPIs.csv,alanjo/gpu-scores-with-cuda-metal-opencl-vulkan
052b906e5c5882df6f8e,AMD,Radeon RX 5700 XT 50th Anniversary,,71572.0,57556.0,57257.0,True,False,GPU_scores_graphicsAPIs.csv,alanjo/gpu-scores-with-cuda-metal-opencl-vulkan
6a27fa8c8da7d0578d28,AMD,Radeon RX 5700xt,,,63708.0,,True,False,GPU_scores_graphicsAPIs.csv,alanjo/gpu-scores-with-cuda-metal-opencl-vulkan
62767816569b7e3e06f2,AMD,Radeon RX 570X,,,38939.0,,True,False,GPU_scores_graphicsAPIs.csv,alanjo/gpu-scores-with-cuda-metal-opencl-vulkan
6119eb3eca7a98f3d977,AMD,Radeon RX 580,,44601.0,44351.0,47248.0,True,False,GPU_scores_graphicsAPIs.csv,alanjo/gpu-scores-with-cuda-metal-opencl-vulkan
a339d1870c32564197e5,AMD,Radeon RX 580 2048SP,,,40609.0,37797.0,True,False,GPU_scores_graphicsAPIs.csv,alanjo/gpu-scores-with-cuda-metal-opencl-vulkan
79e408e2d659981b5fda,,Radeon RX 580 Series,,,40883.0,47169.0,True,False,GPU_scores_graphics_API_v2_noCUDA.csv,alanjo/gpu-scores-with-cuda-metal-opencl-vulkan
8159ef0e43ac44254dd8,AMD,Radeon RX 580X,,,41822.0,,True,False,GPU_scores_graphicsAPIs.csv,alanjo/gpu-scores-with-cuda-metal-opencl-vulkan
acc8d229aaff5d9ada8e,AMD,Radeon RX 590,,49268.0,52086.0,48483.0,True,False,GPU_scores_graphicsAPIs.csv,alanjo/gpu-scores-with-cuda-metal-opencl-vulkan
8654489b28cebdf3cbba,AMD,Radeon RX 590 GME,,,48735.0,,True,False,GPU_scores_graphicsAPIs.csv,alanjo/gpu-scores-with-cuda-metal-opencl-vulkan
2fec4da9bec5bfbbf8f6,,Radeon RX 590 Series,,,45942.0,52853.0,True,False,GPU_scores_graphics_API_v2_noCUDA.csv,alanjo/gpu-scores-with-cuda-metal-opencl-vulkan
85568a667cc22249067a,AMD,Radeon RX 640,,,15883.0,15859.0,True,False,GPU_scores_graphicsAPIs.csv,alanjo/gpu-scores-with-cuda-metal-opencl-vulkan
d0887fbec76df1845db2,AMD,Radeon RX 6500 XT,,,52512.0,39991.0,True,False,GPU_scores_graphicsAPIs.csv,alanjo/gpu-scores-with-cuda-metal-opencl-vulkan
b4d4891f7d44ccf7c77b,AMD,Radeon RX 6600,,75685.0,76157.0,61842.0,True,False,GPU_scores_graphicsAPIs.csv,alanjo/gpu-scores-with-cuda-metal-opencl-vulkan
869cdee213af9ebca9f1,AMD,Radeon RX 6600 XT,,83409.0,72559.0,64460.0,True,False,GPU_scores_graphicsAPIs.csv,alanjo/gpu-scores-with-cuda-metal-opencl-vulkan
a39b1d2d27d18fcbb822,AMD,Radeon RX 6600M,,,63711.0,47653.0,True,False,GPU_scores_graphicsAPIs.csv,alanjo/gpu-scores-with-cuda-metal-opencl-vulkan
6fa7a280cb20a29e7a1d,AMD,Radeon RX 6700 XT,,,102988.0,70085.0,True,False,GPU_scores_graphicsAPIs.csv,alanjo/gpu-scores-with-cuda-metal-opencl-vulkan
51576f3654e303e3a12d,AMD,Radeon RX 6700M,,,80710.0,63096.0,True,False,GPU_scores_graphicsAPIs.csv,alanjo/gpu-scores-with-cuda-metal-opencl-vulkan
7fbeb515d46f576f4712,AMD,Radeon RX 6700S,,,72317.0,,True,False,GPU_scores_graphicsAPIs.csv,alanjo/gpu-scores-with-cuda-metal-opencl-vulkan
bdc4e0f3435faf437ba7,AMD,Radeon RX 6800,,129800.0,100322.0,93163.0,True,False,GPU_scores_graphicsAPIs.csv,alanjo/gpu-scores-with-cuda-metal-opencl-vulkan
1834d0aac0c557161b85,AMD,Radeon RX 6800 XT,,150488.0,157812.0,100571.0,True,False,GPU_scores_graphicsAPIs.csv,alanjo/gpu-scores-with-cuda-metal-opencl-vulkan
fd02fc58fc0ccadc1cff,AMD,Radeon RX 6800M,,,93784.0,55272.0,True,False,GPU_scores_graphicsAPIs.csv,alanjo/gpu-scores-with-cuda-metal-opencl-vulkan
6dc06de4a9b1485d839d,AMD,Radeon RX 6800S,,,78332.0,,True,False,GPU_scores_graphicsAPIs.csv,alanjo/gpu-scores-with-cuda-metal-opencl-vulkan
6bd9fa11ecbc9ed26fb0,AMD,Radeon RX 6900 XT,,159528.0,135942.0,114610.0,True,False,GPU_scores_graphicsAPIs.csv,alanjo/gpu-scores-with-cuda-metal-opencl-vulkan
c5e9b178984127345351,AMD,Radeon RX 6900XT,,,134606.0,,True,False,GPU_scores_graphicsAPIs.csv,alanjo/gpu-scores-with-cuda-metal-opencl-vulkan
276145ec262eaa84137e,,Radeon RX 7900 XT,,,189972.0,,True,False,GPU_scores_graphics_API_v2_noCUDA.csv,alanjo/gpu-scores-with-cuda-metal-opencl-vulkan
3826b11f5bbd91fddb98,,Radeon RX 7900 XTX,,,211391.0,193018.0,True,False,GPU_scores_graphics_API_v2_noCUDA.csv,alanjo/gpu-scores-with-cuda-metal-opencl-vulkan
c4afef450b801509937f,AMD,Radeon RX RX 5600 XT,,,39545.0,,True,False,GPU_scores_graphicsAPIs.csv,alanjo/gpu-scores-with-cuda-metal-opencl-vulkan
00b9b211a80dde47190e,AMD,Radeon RX Vega,,,77618.0,70183.0,True,False,GPU_scores_graphicsAPIs.csv,alanjo/gpu-scores-with-cuda-metal-opencl-vulkan
f8d898f9834be301b5d6,,Radeon RX Vega,,,78601.0,77519.0,True,False,GPU_scores_graphics_API_v2_noCUDA.csv,alanjo/gpu-scores-with-cuda-metal-opencl-vulkan
d221025ec40ff84c0838,AMD,Radeon RX Vega 10,,,9418.0,10204.0,True,False,GPU_scores_graphicsAPIs.csv,alanjo/gpu-scores-with-cuda-metal-opencl-vulkan
075529bb601359a428e5,AMD,Radeon RX Vega 11,,,14198.0,14883.0,True,False,GPU_scores_graphicsAPIs.csv,alanjo/gpu-scores-with-cuda-metal-opencl-vulkan
fc56250b893c5e0d5690,AMD,Radeon RX Vega 11 Processor,,,12716.0,,True,False,GPU_scores_graphicsAPIs.csv,alanjo/gpu-scores-with-cuda-metal-opencl-vulkan
067a29fe0acddaf9c0c8,AMD,Radeon RX Vega 56,,57015.0,53003.0,,True,False,GPU_scores_graphicsAPIs.csv,alanjo/gpu-scores-with-cuda-metal-opencl-vulkan
f6b28f54132aa1c7f557,AMD,Radeon RX Vega 64,,61607.0,55306.0,,True,False,GPU_scores_graphicsAPIs.csv,alanjo/gpu-scores-with-cuda-metal-opencl-vulkan
f3946f059b1c425bb179,AMD,Radeon RX Vega 8,,,11842.0,10148.0,True,False,GPU_scores_graphicsAPIs.csv,alanjo/gpu-scores-with-cuda-metal-opencl-vulkan
1f756f2924bd33fd2f1e,AMD,Radeon RX Vega M GH,,,29055.0,31567.0,True,False,GPU_scores_graphicsAPIs.csv,alanjo/gpu-scores-with-cuda-metal-opencl-vulkan
824f82bf79e0f2442a0f,,Radeon RX Vega M GH Graphics,,,27137.0,31239.0,True,False,GPU_scores_graphics_API_v2_noCUDA.csv,alanjo/gpu-scores-with-cuda-metal-opencl-vulkan
8f09fac44e14aa693070,AMD,Radeon RX Vega M GL,,,20414.0,22274.0,True,False,GPU_scores_graphicsAPIs.csv,alanjo/gpu-scores-with-cuda-metal-opencl-vulkan
d25e8569e9b7ade89571,,Radeon RX Vega M GL Graphics,,,19261.0,22506.0,True,False,GPU_scores_graphics_API_v2_noCUDA.csv,alanjo/gpu-scores-with-cuda-metal-opencl-vulkan
1b9fbfa6ddc82473697e,AMD,Radeon RX Vega10 Unknown Prototype,,,53388.0,,True,False,GPU_scores_graphicsAPIs.csv,alanjo/gpu-scores-with-cuda-metal-opencl-vulkan
3460dde85bf46e2e5a3a,AMD,Radeon RX Vega11,,,11505.0,11647.0,True,False,GPU_scores_graphicsAPIs.csv,alanjo/gpu-scores-with-cuda-metal-opencl-vulkan
1bb1dbeb345c991ca1a5,AMD,Radeon RX460,,,19398.0,,True,False,GPU_scores_graphicsAPIs.csv,alanjo/gpu-scores-with-cuda-metal-opencl-vulkan
3a363f8be30b4e5323ad,AMD,Radeon RX480,,,43967.0,,True,False,GPU_scores_graphicsAPIs.csv,alanjo/gpu-scores-with-cuda-metal-opencl-vulkan
892028641279829b0d7d,,Radeon RX550/550 Series,,,10986.0,12711.0,True,False,GPU_scores_graphics_API_v2_noCUDA.csv,alanjo/gpu-scores-with-cuda-metal-opencl-vulkan
38583bd44376d7ee6c47,,Radeon (TM) 520,,,6097.0,5289.0,True,False,GPU_scores_graphics_API_v2_noCUDA.csv,alanjo/gpu-scores-with-cuda-metal-opencl-vulkan
bf4196c12bd61db782bc,,Radeon(TM) 520,,,5742.0,4373.0,True,False,GPU_scores_graphics_API_v2_noCUDA.csv,alanjo/gpu-scores-with-cuda-metal-opencl-vulkan
1458b5363ad561b6fda0,,Radeon (TM) 530,,,6320.0,6994.0,True,False,GPU_scores_graphics_API_v2_noCUDA.csv,alanjo/gpu-scores-with-cuda-metal-opencl-vulkan
a5cbe535cfa51a84d810,,Radeon(TM) 530,,,4592.0,5107.0,True,False,GPU_scores_graphics_API_v2_noCUDA.csv,alanjo/gpu-scores-with-cuda-metal-opencl-vulkan
0c337f67bda63415d0e1,,Radeon (TM) 535,,,6758.0,,True,False,GPU_scores_graphics_API_v2_noCUDA.csv,alanjo/gpu-scores-with-cuda-metal-opencl-vulkan
6fd704a427500442d24a,,Radeon(TM) 540 Graphics,,,8363.0,8599.0,True,False,GPU_scores_graphics_API_v2_noCUDA.csv,alanjo/gpu-scores-with-cuda-metal-opencl-vulkan
d870857494e41ea39c8e,,Radeon (TM) Pro WX 4100,,,17689.0,19078.0,True,False,GPU_scores_graphics_API_v2_noCUDA.csv,alanjo/gpu-scores-with-cuda-metal-opencl-vulkan
a2f3276d0ab75daca92a,,Radeon (TM) Pro WX 4130 Graphics,,,5920.0,,True,False,GPU_scores_graphics_API_v2_noCUDA.csv,alanjo/gpu-scores-with-cuda-metal-opencl-vulkan
494eb5f689e820afdd6d,,Radeon (TM) Pro WX 4150 Graphics,,,12341.0,,True,False,GPU_scores_graphics_API_v2_noCUDA.csv,alanjo/gpu-scores-with-cuda-metal-opencl-vulkan
1eec444cca373e6f796d,,Radeon(TM) Pro WX 4170 Graphics,,,20842.0,,True,False,GPU_scores_graphics_API_v2_noCUDA.csv,alanjo/gpu-scores-with-cuda-metal-opencl-vulkan
e699607fe8841b1e3b9d,,Radeon (TM) Pro WX 5100 Graphics,,,24218.0,27642.0,True,False,GPU_scores_graphics_API_v2_noCUDA.csv,alanjo/gpu-scores-with-cuda-metal-opencl-vulkan
95b8bacfc6dc19fc5afe,,Radeon (TM) Pro WX 7100 Graphics,,,37499.0,,True,False,GPU_scores_graphics_API_v2_noCUDA.csv,alanjo/gpu-scores-with-cuda-metal-opencl-vulkan
ba944b63376d91f7227e,,Radeon (TM) PRO WX 8200,,,69276.0,68112.0,True,False,GPU_scores_graphics_API_v2_noCUDA.csv,alanjo/gpu-scores-with-cuda-metal-opencl-vulkan
dee01a9567d906166032,,Radeon (TM) Pro WX 9100,,,69315.0,71038.0,True,False,GPU_scores_graphics_API_v2_noCUDA.csv,alanjo/gpu-scores-with-cuda-metal-opencl-vulkan
3170fafaed015840b1b8,,Radeon (TM) Pro WX 9100 Graphics,,,65210.0,,True,False,GPU_scores_graphics_API_v2_noCUDA.csv,alanjo/gpu-scores-with-cuda-metal-opencl-vulkan
35d4f95769b49cfd9676,,Radeon (TM) Pro WX Series,,,15009.0,,True,False,GPU_scores_graphics_API_v2_noCUDA.csv,alanjo/gpu-scores-with-cuda-metal-opencl-vulkan
2a0b41d6c437e4f574b3,,Radeon (TM) R5 M420,,,4163.0,,True,False,GPU_scores_graphics_API_v2_noCUDA.csv,alanjo/gpu-scores-with-cuda-metal-opencl-vulkan
9ea9db9cb5cfa470ab45,,Radeon (TM) R5 M430,,,5161.0,4874.0,True,False,GPU_scores_graphics_API_v2_noCUDA.csv,alanjo/gpu-scores-with-cuda-metal-opencl-vulkan
b1c344dbcc459480c3dc,,Radeon (TM) R7 M440,,,5598.0,,True,False,GPU_scores_graphics_API_v2_noCUDA.csv,alanjo/gpu-scores-with-cuda-metal-opencl-vulkan
96aae677a26baf971178,,Radeon (TM) R7 M445,,,5321.0,,True,False,GPU_scores_graphics_API_v2_noCUDA.csv,alanjo/gpu-scores-with-cuda-metal-opencl-vulkan
a3b0f01c053b5b6fbc7a,,Radeon(TM) R7 M465,,,5652.0,,True,False,GPU_scores_graphics_API_v2_noCUDA.csv,alanjo/gpu-scores-with-cuda-metal-opencl-vulkan
958bfd01d29b5e8c10b2,,Radeon (TM) RX 460,,,17910.0,20614.0,True,False,GPU_scores_graphics_API_v2_noCUDA.csv,alanjo/gpu-scores-with-cuda-metal-opencl-vulkan
3547210d972ccfd9b5e2,,Radeon(TM) RX 460 Graphics,,,17853.0,19955.0,True,False,GPU_scores_graphics_API_v2_noCUDA.csv,alanjo/gpu-scores-with-cuda-metal-opencl-vulkan
73d9574db28003488ec2,,Radeon (TM) RX 470 Graphics,,,33858.0,39980.0,True,False,GPU_scores_graphics_API_v2_noCUDA.csv,alanjo/gpu-scores-with-cuda-metal-opencl-vulkan
93386a6bc70d1bcdceee,,Radeon (TM) RX 480 Graphics,,,39125.0,46222.0,True,False,GPU_scores_graphics_API_v2_noCUDA.csv,alanjo/gpu-scores-with-cuda-metal-opencl-vulkan
0c60bcb424fa69eb00d9,,Radeon(TM) RX 550,,,10628.0,11129.0,True,False,GPU_scores_graphics_API_v2_noCUDA.csv,alanjo/gpu-scores-with-cuda-metal-opencl-vulkan
be094bee833ffc4371d3,,Radeon (TM) RX 550,,,4599.0,9822.0,True,False,GPU_scores_graphics_API_v2_noCUDA.csv,alanjo/gpu-scores-with-cuda-metal-opencl-vulkan
2859dc9a0b6cb3ec7d85,,Radeon (TM) RX 550X,,,9142.0,11011.0,True,False,GPU_scores_graphics_API_v2_noCUDA.csv,alanjo/gpu-scores-with-cuda-metal-opencl-vulkan
f43f93f38ba4ca09b6c3,,Radeon(TM) RX 560 Graphics,,,16957.0,,True,False,GPU_scores_graphics_API_v2_noCUDA.csv,alanjo/gpu-scores-with-cuda-metal-opencl-vulkan
dddd18d549b1ef2b400a,,Radeon (TM) RX 570 Graphics,,,35248.0,42761.0,True,False,GPU_scores_graphics_API_v2_noCUDA.csv,alanjo/gpu-scores-with-cuda-metal-opencl-vulkan
d2c402b4ed26bfb18996,,Radeon(TM) RX 580,,,38122.0,46166.0,True,False,GPU_scores_graphics_API_v2_noCUDA.csv,alanjo/gpu-scores-with-cuda-metal-opencl-vulkan
1564afcf2721cdcf615a,,Radeon (TM) RX 580 Graphics,,,39618.0,,True,False,GPU_scores_graphics_API_v2_noCUDA.csv,alanjo/gpu-scores-with-cuda-metal-opencl-vulkan
6568be08e859e107d094,AMD,Radeon Unknown Prototype,,,65602.0,,True,False,GPU_scores_graphicsAPIs.csv,alanjo/gpu-scores-with-cuda-metal-opencl-vulkan
c799b7f00bb00eb71d01,AMD,Radeon Vega,,45271.0,50683.0,,True,False,GPU_scores_graphicsAPIs.csv,alanjo/gpu-scores-with-cuda-metal-opencl-vulkan
91b7800ef480246078ce,AMD,Radeon Vega 10,,,9635.0,9050.0,True,False,GPU_scores_graphicsAPIs.csv,alanjo/gpu-scores-with-cuda-metal-opencl-vulkan
b54bba2c3f3bb6066c2d,AMD,Radeon Vega 10 Mobile,,,9499.0,,True,False,GPU_scores_graphicsAPIs.csv,alanjo/gpu-scores-with-cuda-metal-opencl-vulkan
867b1a7bb871c4ec39d3,AMD,Radeon Vega 11,,,12376.0,12402.0,True,False,GPU_scores_graphicsAPIs.csv,alanjo/gpu-scores-with-cuda-metal-opencl-vulkan
e48d251672671939539b,AMD,Radeon Vega 2,,,3208.0,,True,False,GPU_scores_graphicsAPIs.csv,alanjo/gpu-scores-with-cuda-metal-opencl-vulkan
d3a24afd4eae4b9e6dad,AMD,Radeon Vega 3,,,4396.0,4915.0,True,False,GPU_scores_graphicsAPIs.csv,alanjo/gpu-scores-with-cuda-metal-opencl-vulkan
32dea6f2fa47b06e9801,AMD,Radeon Vega 3 Mobile,,,4468.0,,True,False,GPU_scores_graphicsAPIs.csv,alanjo/gpu-scores-with-cuda-metal-opencl-vulkan
be6f2e2025b63b2bfbef,AMD,Radeon Vega 6,,,7003.0,6797.0,True,False,GPU_scores_graphicsAPIs.csv,alanjo/gpu-scores-with-cuda-metal-opencl-vulkan
3133d4281ed10a4fc162,AMD,Radeon Vega 8,,,8763.0,8956.0,True,False,GPU_scores_graphicsAPIs.csv,alanjo/gpu-scores-with-cuda-metal-opencl-vulkan
93218663dc0962ac0c5a,AMD,Radeon Vega 8 Mobile,,,,7458.0,True,False,GPU_scores_graphicsAPIs.csv,alanjo/gpu-scores-with-cuda-metal-opencl-vulkan
5b987bc16e1b552b5f80,AMD,Radeon Vega 9,,,9600.0,9648.0,True,False,GPU_scores_graphicsAPIs.csv,alanjo/gpu-scores-with-cuda-metal-opencl-vulkan
b0ad199fe60b8bf8e111,AMD,Radeon Vega Frontier Edition,,59906.0,61962.0,67329.0,True,False,GPU_scores_graphicsAPIs.csv,alanjo/gpu-scores-with-cuda-metal-opencl-vulkan
9cd73e19b746c5b73c41,,Radeon Vega Frontier Edition,,,76049.0,73631.0,True,False,GPU_scores_graphics_API_v2_noCUDA.csv,alanjo/gpu-scores-with-cuda-metal-opencl-vulkan
cab1facf6ee03089a412,AMD,Radeon VII,,68286.0,76533.0,77122.0,True,False,GPU_scores_graphicsAPIs.csv,alanjo/gpu-scores-with-cuda-metal-opencl-vulkan
b2dbd98e2232d4801ec4,AMD,RADV/ACO NAVI10 (LLVM 10.0.0),,,,55842.0,True,False,GPU_scores_graphicsAPIs.csv,alanjo/gpu-scores-with-cuda-metal-opencl-vulkan
b7808785288a9022958b,AMD,RADV/ACO NAVI10 (LLVM 10.0.1),,,,46406.0,True,False,GPU_scores_graphicsAPIs.csv,alanjo/gpu-scores-with-cuda-metal-opencl-vulkan
cc254a48b38546e7b6a2,AMD,RADV/ACO NAVI10 (LLVM 11.0.0),,,,54779.0,True,False,GPU_scores_graphicsAPIs.csv,alanjo/gpu-scores-with-cuda-metal-opencl-vulkan
fee14eeb17d9215af4e0,AMD,RADV/ACO NAVI10 (LLVM 9.0.0),,,,64592.0,True,False,GPU_scores_graphicsAPIs.csv,alanjo/gpu-scores-with-cuda-metal-opencl-vulkan
a65c27307967d9bc7a6b,AMD,RADV/ACO NAVI10 (LLVM 9.0.1),,,,52739.0,True,False,GPU_scores_graphicsAPIs.csv,alanjo/gpu-scores-with-cuda-metal-opencl-vulkan
a169fb2f65017aef6931,AMD,RADV/ACO POLARIS10 (LLVM 10.0.1),,,,41800.0,True,False,GPU_scores_graphicsAPIs.csv,alanjo/gpu-scores-with-cuda-metal-opencl-vulkan
39327260b5fcfddabb6c,AMD,RADV BEIGE_GOBY,,,,35887.0,True,False,GPU_scores_graphicsAPIs.csv,alanjo/gpu-scores-with-cuda-metal-opencl-vulkan
303bb134b03669e146ed,AMD,RADV BONAIRE (ACO),,,,17510.0,True,False,GPU_scores_graphicsAPIs.csv,alanjo/gpu-scores-with-cuda-metal-opencl-vulkan
452413dfe129e857a75f,AMD,RADV CARRIZO (ACO),,,,5148.0,True,False,GPU_scores_graphicsAPIs.csv,alanjo/gpu-scores-with-cuda-metal-opencl-vulkan
73b4bd14d12ac5ccdb24,AMD,RADV CARRIZO (LLVM 9.0.1),,,,3574.0,True,False,GPU_scores_graphicsAPIs.csv,alanjo/gpu-scores-with-cuda-metal-opencl-vulkan
a92eee50257952354040,AMD,RADV DIMGREY_CAVEFISH,,,,51392.0,True,False,GPU_scores_graphicsAPIs.csv,alanjo/gpu-scores-with-cuda-metal-opencl-vulkan
c56e5e40f3ca3b1f5c89,AMD,RADV DIMGREY_CAVEFISH (ACO),,,,47161.0,True,False,GPU_scores_graphicsAPIs.csv,alanjo/gpu-scores-with-cuda-metal-opencl-vulkan
dba4ec0c38a9527a37c5,AMD,RADV FIJI (LLVM 10.0.1),,,,23210.0,True,False,GPU_scores_graphicsAPIs.csv,alanjo/gpu-scores-with-cuda-metal-opencl-vulkan
1263eca9f2ca1249510c,AMD,RADV HAWAII (ACO),,,,34841.0,True,False,GPU_scores_graphicsAPIs.csv,alanjo/gpu-scores-with-cuda-metal-opencl-vulkan
aecbcfa248d3018392fc,AMD,RADV ICELAND (LLVM 10.0.0),,,,2267.0,True,False,GPU_scores_graphicsAPIs.csv,alanjo/gpu-scores-with-cuda-metal-opencl-vulkan
8637217e3bd1856ad5fc,AMD,RADV NAVI10,,,,54842.0,True,False,GPU_scores_graphicsAPIs.csv,alanjo/gpu-scores-with-cuda-metal-opencl-vulkan
e3c65f69872108e068ce,AMD,RADV NAVI10 (ACO),,,,52699.0,True,False,GPU_scores_graphicsAPIs.csv,alanjo/gpu-scores-with-cuda-metal-opencl-vulkan
ddc87a911650b53e99cb,AMD,RADV NAVI10 (LLVM 10.0),,,,38665.0,True,False,GPU_scores_graphicsAPIs.csv,alanjo/gpu-scores-with-cuda-metal-opencl-vulkan
35946a5934deb749f3c3,AMD,RADV NAVI10 (LLVM 10.0.0),,,,54887.0,True,False,GPU_scores_graphicsAPIs.csv,alanjo/gpu-scores-with-cuda-metal-opencl-vulkan
06cb4d2a7887eed2d5ba,AMD,RADV NAVI10 (LLVM 10.0.1),,,,52977.0,True,False,GPU_scores_graphicsAPIs.csv,alanjo/gpu-scores-with-cuda-metal-opencl-vulkan
c2468b7bab2d07381b14,AMD,RADV NAVI10 (LLVM 11.0.0),,,,34031.0,True,False,GPU_scores_graphicsAPIs.csv,alanjo/gpu-scores-with-cuda-metal-opencl-vulkan
4b229fcc994cad13c12c,AMD,RADV NAVI10 (LLVM 9.0.1),,,,52797.0,True,False,GPU_scores_graphicsAPIs.csv,alanjo/gpu-scores-with-cuda-metal-opencl-vulkan
f5819d884bf012a8ac89,AMD,RADV NAVI14,,,,52307.0,True,False,GPU_scores_graphicsAPIs.csv,alanjo/gpu-scores-with-cuda-metal-opencl-vulkan
056541f51b2dea662fb9,AMD,RADV NAVI14 (ACO),,,,40085.0,True,False,GPU_scores_graphicsAPIs.csv,alanjo/gpu-scores-with-cuda-metal-opencl-vulkan
1cf6c6e1c61e0262c78c,AMD,RADV NAVI14 (LLVM 10.0.0),,,,31993.0,True,False,GPU_scores_graphicsAPIs.csv,alanjo/gpu-scores-with-cuda-metal-opencl-vulkan
23852e8062b977d54dd7,AMD,RADV NAVI14 (LLVM 10.0.1),,,,34359.0,True,False,GPU_scores_graphicsAPIs.csv,alanjo/gpu-scores-with-cuda-metal-opencl-vulkan
292258d3890487e306f1,AMD,RADV NAVY_FLOUNDER,,,,51715.0,True,False,GPU_scores_graphicsAPIs.csv,alanjo/gpu-scores-with-cuda-metal-opencl-vulkan
83b34a8b3d54d680241d,AMD,RADV NAVY_FLOUNDER (ACO),,,,67871.0,True,False,GPU_scores_graphicsAPIs.csv,alanjo/gpu-scores-with-cuda-metal-opencl-vulkan
902d9b527fd73d3c3437,AMD,RADV PITCAIRN (ACO),,,,26114.0,True,False,GPU_scores_graphicsAPIs.csv,alanjo/gpu-scores-with-cuda-metal-opencl-vulkan
b473fe96f5cfb10c6bf2,AMD,RADV POLARIS10,,,,44178.0,True,False,GPU_scores_graphicsAPIs.csv,alanjo/gpu-scores-with-cuda-metal-opencl-vulkan
e6cd6f56e48098e76bc9,AMD,RADV POLARIS10 (ACO),,,,42773.0,True,False,GPU_scores_graphicsAPIs.csv,alanjo/gpu-scores-with-cuda-metal-opencl-vulkan
32430295849af852dfb2,AMD,RADV POLARIS10 (LLVM 10.0.0),,,,17508.0,True,False,GPU_scores_graphicsAPIs.csv,alanjo/gpu-scores-with-cuda-metal-opencl-vulkan
b66935078d7388a47cf0,AMD,RADV POLARIS10 (LLVM 10.0.1),,,,18017.0,True,False,GPU_scores_graphicsAPIs.csv,alanjo/gpu-scores-with-cuda-metal-opencl-vulkan
7f1f31e83a72be219e1b,AMD,RADV POLARIS10 (LLVM 7.0.0),,,,38856.0,True,False,GPU_scores_graphicsAPIs.csv,alanjo/gpu-scores-with-cuda-metal-opencl-vulkan
db27f6ec385d40452967,AMD,RADV POLARIS10 (LLVM 7.0.1),,,,39979.0,True,False,GPU_scores_graphicsAPIs.csv,alanjo/gpu-scores-with-cuda-metal-opencl-vulkan
007869c5b985f9b54099,AMD,RADV POLARIS10 (LLVM 8.0.1),,,,28377.0,True,False,GPU_scores_graphicsAPIs.csv,alanjo/gpu-scores-with-cuda-metal-opencl-vulkan
dd1937367c6eccad5667,AMD,RADV POLARIS10 (LLVM 9.0),,,,41771.0,True,False,GPU_scores_graphicsAPIs.csv,alanjo/gpu-scores-with-cuda-metal-opencl-vulkan
353796860352f4485287,AMD,RADV POLARIS10 (LLVM 9.0.1),,,,44380.0,True,False,GPU_scores_graphicsAPIs.csv,alanjo/gpu-scores-with-cuda-metal-opencl-vulkan
9509edcb90575caf502e,AMD,RADV POLARIS11,,,,22422.0,True,False,GPU_scores_graphicsAPIs.csv,alanjo/gpu-scores-with-cuda-metal-opencl-vulkan
46bc493968de816f5a00,AMD,RADV POLARIS11 (ACO),,,,17618.0,True,False,GPU_scores_graphicsAPIs.csv,alanjo/gpu-scores-with-cuda-metal-opencl-vulkan
29a3995fc1f9840a0a70,AMD,RADV POLARIS11 (LLVM 10.0),,,,17705.0,True,False,GPU_scores_graphicsAPIs.csv,alanjo/gpu-scores-with-cuda-metal-opencl-vulkan
1f9264dfcc14e0ac8a86,AMD,RADV POLARIS11 (LLVM 10.0.0),,,,8134.0,True,False,GPU_scores_graphicsAPIs.csv,alanjo/gpu-scores-with-cuda-metal-opencl-vulkan
fd1c3a6bf16377144bae,AMD,RADV POLARIS11 (LLVM 9.0),,,,16172.0,True,False,GPU_scores_graphicsAPIs.csv,alanjo/gpu-scores-with-cuda-metal-opencl-vulkan
fc7b47fe87695a616fb9,AMD,RADV POLARIS11 (LLVM 9.0.1),,,,21120.0,True,False,GPU_scores_graphicsAPIs.csv,alanjo/gpu-scores-with-cuda-metal-opencl-vulkan
7e56b7d9cebde0b4cb41,AMD,RADV POLARIS12,,,,13379.0,True,False,GPU_scores_graphicsAPIs.csv,alanjo/gpu-scores-with-cuda-metal-opencl-vulkan
e70ee0b8483125a991fe,AMD,RADV POLARIS12 (ACO),,,,13422.0,True,False,GPU_scores_graphicsAPIs.csv,alanjo/gpu-scores-with-cuda-metal-opencl-vulkan
898f36f559b613135b5a,AMD,RADV POLARIS12 (LLVM 10.0.0),,,,6131.0,True,False,GPU_scores_graphicsAPIs.csv,alanjo/gpu-scores-with-cuda-metal-opencl-vulkan
4a8b0201aa64c699ede3,AMD,RADV RAVEN,,,,8052.0,True,False,GPU_scores_graphicsAPIs.csv,alanjo/gpu-scores-with-cuda-metal-opencl-vulkan
cfed698057aa66974f68,AMD,RADV RAVEN (ACO),,,,7670.0,True,False,GPU_scores_graphicsAPIs.csv,alanjo/gpu-scores-with-cuda-metal-opencl-vulkan
26805fcd0b5c86f1ff69,AMD,RADV RAVEN (LLVM 10.0),,,,8001.0,True,False,GPU_scores_graphicsAPIs.csv,alanjo/gpu-scores-with-cuda-metal-opencl-vulkan
8ce4dd8798c183a288f5,AMD,RADV RAVEN (LLVM 10.0.0),,,,5836.0,True,False,GPU_scores_graphicsAPIs.csv,alanjo/gpu-scores-with-cuda-metal-opencl-vulkan
80230d09801a8e0f9421,AMD,RADV RAVEN (LLVM 10.0.1),,,,6958.0,True,False,GPU_scores_graphicsAPIs.csv,alanjo/gpu-scores-with-cuda-metal-opencl-vulkan
50f5aee7637b7e879b7e,AMD,RADV RAVEN (LLVM 9.0),,,,7970.0,True,False,GPU_scores_graphicsAPIs.csv,alanjo/gpu-scores-with-cuda-metal-opencl-vulkan
23d8a2dd935299d6629b,AMD,RADV RAVEN (LLVM 9.0.1),,,,5540.0,True,False,GPU_scores_graphicsAPIs.csv,alanjo/gpu-scores-with-cuda-metal-opencl-vulkan
80323aa7f3b22ea924ce,AMD,RADV RAVEN2 (ACO),,,,2721.0,True,False,GPU_scores_graphicsAPIs.csv,alanjo/gpu-scores-with-cuda-metal-opencl-vulkan
ac76c667a8615354b509,AMD,RADV RENOIR,,,,14029.0,True,False,GPU_scores_graphicsAPIs.csv,alanjo/gpu-scores-with-cuda-metal-opencl-vulkan
273e47e049f9d63b9661,AMD,RADV RENOIR (ACO),,,,11719.0,True,False,GPU_scores_graphicsAPIs.csv,alanjo/gpu-scores-with-cuda-metal-opencl-vulkan
14fa752e021ac80c5cc5,AMD,RADV RENOIR (LLVM 10.0.0),,,,10863.0,True,False,GPU_scores_graphicsAPIs.csv,alanjo/gpu-scores-with-cuda-metal-opencl-vulkan
53c01b305f3dc49bbb3c,AMD,RADV RENOIR (LLVM 10.0.1),,,,11289.0,True,False,GPU_scores_graphicsAPIs.csv,alanjo/gpu-scores-with-cuda-metal-opencl-vulkan
0416cbc0e261efb56c20,AMD,RADV SIENNA_CICHLID,,,,99552.0,True,False,GPU_scores_graphicsAPIs.csv,alanjo/gpu-scores-with-cuda-metal-opencl-vulkan
1180bcce8bbc6e254aab,AMD,RADV SIENNA_CICHLID (ACO),,,,86982.0,True,False,GPU_scores_graphicsAPIs.csv,alanjo/gpu-scores-with-cuda-metal-opencl-vulkan
375677c29c85d253123f,AMD,RADV TONGA,,,,23885.0,True,False,GPU_scores_graphicsAPIs.csv,alanjo/gpu-scores-with-cuda-metal-opencl-vulkan
f18c9c777b3a4442e54c,AMD,RADV TONGA (ACO),,,,28051.0,True,False,GPU_scores_graphicsAPIs.csv,alanjo/gpu-scores-with-cuda-metal-opencl-vulkan
5a14fd013580b78d334e,AMD,RADV VANGOGH,,,,14336.0,True,False,GPU_scores_graphicsAPIs.csv,alanjo/gpu-scores-with-cuda-metal-opencl-vulkan
8213aa08ceca3f822a55,AMD,RADV VEGA10,,,,55001.0,True,False,GPU_scores_graphicsAPIs.csv,alanjo/gpu-scores-with-cuda-metal-opencl-vulkan
19c39ac05b747237917a,AMD,RADV VEGA10 (ACO),,,,55446.0,True,False,GPU_scores_graphicsAPIs.csv,alanjo/gpu-scores-with-cuda-metal-opencl-vulkan
e63b752dfc83051d45c7,AMD,RADV VEGA10 (LLVM 10.0.0),,,,59767.0,True,False,GPU_scores_graphicsAPIs.csv,alanjo/gpu-scores-with-cuda-metal-opencl-vulkan
1e7aee8653ed7506c407,AMD,RADV VEGA10 (LLVM 10.0.1),,,,36585.0,True,False,GPU_scores_graphicsAPIs.csv,alanjo/gpu-scores-with-cuda-metal-opencl-vulkan
fea399fec336d44260ed,AMD,RADV VEGA20 (ACO),,,,55229.0,True,False,GPU_scores_graphicsAPIs.csv,alanjo/gpu-scores-with-cuda-metal-opencl-vulkan
d8e42644526bffb1c8bc,AMD,RADV VEGA20 (LLVM 9.0.1),,,,50740.0,True,False,GPU_scores_graphicsAPIs.csv,alanjo/gpu-scores-with-cuda-metal-opencl-vulkan
1798267fa6330a180656,AMD,RADV VEGAM,,,,26913.0,True,False,GPU_scores_graphicsAPIs.csv,alanjo/gpu-scores-with-cuda-metal-opencl-vulkan
accab03ef826d9158f52,AMD,RADV VEGAM (ACO),,,,26965.0,True,False,GPU_scores_graphicsAPIs.csv,alanjo/gpu-scores-with-cuda-metal-opencl-vulkan
34b0fabd66efcd2a6947,AMD,RADV VEGAM (LLVM 10.0.1),,,,11852.0,True,False,GPU_scores_graphicsAPIs.csv,alanjo/gpu-scores-with-cuda-metal-opencl-vulkan
6bc0dbf3da21028d3a02,AMD,RADV VEGAM (LLVM 9.0.1),,,,28841.0,True,False,GPU_scores_graphicsAPIs.csv,alanjo/gpu-scores-with-cuda-metal-opencl-vulkan
f0dfe6770621fc262d51,AMD,RADV VERDE,,,,12877.0,True,False,GPU_scores_graphicsAPIs.csv,alanjo/gpu-scores-with-cuda-metal-opencl-vulkan
03481933d06ff1a992c0,AMD,Renoir,,,6666.0,,True,False,GPU_scores_graphicsAPIs.csv,alanjo/gpu-scores-with-cuda-metal-opencl-vulkan
166a6a381305dd432646,,Renoir,,,6666.0,,True,False,GPU_scores_graphics_API_v2_noCUDA.csv,alanjo/gpu-scores-with-cuda-metal-opencl-vulkan
03f2f8b0a68a5906646c,Nvidia,RTX A2000,84002.0,,76373.0,58378.0,True,False,GPU_scores_graphicsAPIs.csv,alanjo/gpu-scores-with-cuda-metal-opencl-vulkan
0581cd004613968ca6ec,Nvidia,RTX A2000 12GB,83470.0,,79123.0,,True,False,GPU_scores_graphicsAPIs.csv,alanjo/gpu-scores-with-cuda-metal-opencl-vulkan
26b7019e7d2fbc7edf50,Nvidia,RTX A2000 Laptop GPU,61347.0,,61134.0,43201.0,True,False,GPU_scores_graphicsAPIs.csv,alanjo/gpu-scores-with-cuda-metal-opencl-vulkan
d19f7c54301ed619c4e3,Nvidia,RTX A3000 Laptop GPU,90882.0,,87942.0,69855.0,True,False,GPU_scores_graphicsAPIs.csv,alanjo/gpu-scores-with-cuda-metal-opencl-vulkan
8fa71b70e97ebe3510b2,,RTX A3000 Laptop GPU,,,87942.0,61189.0,True,False,GPU_scores_graphics_API_v2_noCUDA.csv,alanjo/gpu-scores-with-cuda-metal-opencl-vulkan
296ad8a7fe7f8f2a4a62,Nvidia,RTX A4000,124547.0,,116149.0,83390.0,True,False,GPU_scores_graphicsAPIs.csv,alanjo/gpu-scores-with-cuda-metal-opencl-vulkan
e9fbb4d6df88400020b1,,RTX A4000,,,123335.0,,True,False,GPU_scores_graphics_API_v2_noCUDA.csv,alanjo/gpu-scores-with-cuda-metal-opencl-vulkan
9fd82b7226b5fea8a46c,Nvidia,RTX A4000 Laptop GPU,118896.0,,106611.0,73002.0,True,False,GPU_scores_graphicsAPIs.csv,alanjo/gpu-scores-with-cuda-metal-opencl-vulkan
024b07618820449fcc1c,Nvidia,RTX A4500,171509.0,,155557.0,,True,False,GPU_scores_graphicsAPIs.csv,alanjo/gpu-scores-with-cuda-metal-opencl-vulkan
d901097ff17121944d88,Nvidia,RTX A5000,193384.0,,166307.0,108730.0,True,False,GPU_scores_graphicsAPIs.csv,alanjo/gpu-scores-with-cuda-metal-opencl-vulkan
9a3088b43c23eacc7a8c,,RTX A5000,,,156189.0,,True,False,GPU_scores_graphics_API_v2_noCUDA.csv,alanjo/gpu-scores-with-cuda-metal-opencl-vulkan
e2eab0420d15a4d13a50,Nvidia,RTX A5000 Laptop GPU,139395.0,,122155.0,88144.0,True,False,GPU_scores_graphicsAPIs.csv,alanjo/gpu-scores-with-cuda-metal-opencl-vulkan
9fe09278312bbb0ae726,,RTX A5000 Laptop GPU,,,122155.0,88144.0,True,False,GPU_scores_graphics_API_v2_noCUDA.csv,alanjo/gpu-scores-with-cuda-metal-opencl-vulkan
bcef0aa45cbd227cb5a5,Nvidia,RTX A6000,224604.0,,200330.0,109243.0,True,False,GPU_scores_graphicsAPIs.csv,alanjo/gpu-scores-with-cuda-metal-opencl-vulkan
e6ed90d26a8c9d02fe8b,,RX 560X,,,20889.0,,True,False,GPU_scores_graphics_API_v2_noCUDA.csv,alanjo/gpu-scores-with-cuda-metal-opencl-vulkan
91b3777935cf97c0bcf2,,RX 6800 XT,,,158867.0,,True,False,GPU_scores_graphics_API_v2_noCUDA.csv,alanjo/gpu-scores-with-cuda-metal-opencl-vulkan
102239392479ee0e75a6,,RX6800 XT,,,155147.0,,True,False,GPU_scores_graphics_API_v2_noCUDA.csv,alanjo/gpu-scores-with-cuda-metal-opencl-vulkan
8bc2f765ea479c60c484,,Ryzen 5,,,13987.0,19385.0,True,False,GPU_scores_graphics_API_v2_noCUDA.csv,alanjo/gpu-scores-with-cuda-metal-opencl-vulkan
79885f41f361f15022f0,,Samsung Xclipse 530,,,3795.0,4083.0,True,False,GPU_scores_graphics_API_v2_noCUDA.csv,alanjo/gpu-scores-with-cuda-metal-opencl-vulkan
5bf7181b0f0b2cedfbbb,Samsung,Samsung Xclipse 920,,,8523.0,8418.0,True,False,GPU_scores_graphicsAPIs.csv,alanjo/gpu-scores-with-cuda-metal-opencl-vulkan
85c17cb2831fa186b876,,Samsung Xclipse 920,,,8286.0,9560.0,True,False,GPU_scores_graphics_API_v2_noCUDA.csv,alanjo/gpu-scores-with-cuda-metal-opencl-vulkan
d29ee051e74ec286da18,,Samsung Xclipse 930A,,,13862.0,,True,False,GPU_scores_graphics_API_v2_noCUDA.csv,alanjo/gpu-scores-with-cuda-metal-opencl-vulkan
a69d6f877cf4bb32aa08,,Samsung Xclipse 940,,,15124.0,15279.0,True,False,GPU_scores_graphics_API_v2_noCUDA.csv,alanjo/gpu-scores-with-cuda-metal-opencl-vulkan
2f21d5191c9b63574552,AMD,Sapphire Redeon RX 5700XT Nitro+ 8GB,,64038.0,,,True,False,GPU_scores_graphicsAPIs.csv,alanjo/gpu-scores-with-cuda-metal-opencl-vulkan
056ad8be114674603e48,Other,SKL Graphics,,,4048.0,,True,False,GPU_scores_graphicsAPIs.csv,alanjo/gpu-scores-with-cuda-metal-opencl-vulkan
b9d2223cd2bf6fea804c,,SKL Graphics,,,3470.0,,True,False,GPU_scores_graphics_API_v2_noCUDA.csv,alanjo/gpu-scores-with-cuda-metal-opencl-vulkan
90cf1ff79378cd81a939,Intel,SKL Unknown,,4060.0,,,True,False,GPU_scores_graphicsAPIs.csv,alanjo/gpu-scores-with-cuda-metal-opencl-vulkan
2eed427195378a18dc04,,Snapdragon(R) X Elite - X1E78100 - Qualcomm(R) Adreno(TM) GPU,,,20096.0,23714.0,True,False,GPU_scores_graphics_API_v2_noCUDA.csv,alanjo/gpu-scores-with-cuda-metal-opencl-vulkan
87c48f477bcbf510a632,,Snapdragon(R) X Elite - X1E80100 - Qualcomm(R) Adreno(TM) GPU,,,19777.0,23506.0,True,False,GPU_scores_graphics_API_v2_noCUDA.csv,alanjo/gpu-scores-with-cuda-metal-opencl-vulkan
8e8c123d8f0df4a2e1bb,,Snapdragon(R) X Elite - X1E84100 - Qualcomm(R) Adreno(TM) GPU,,,23451.0,27291.0,True,False,GPU_scores_graphics_API_v2_noCUDA.csv,alanjo/gpu-scores-with-cuda-metal-opencl-vulkan
63d8b047015d540b5a24,,Snapdragon(R) X Plus - X1P64100 - Qualcomm(R) Adreno(TM) GPU,,,19540.0,23407.0,True,False,GPU_scores_graphics_API_v2_noCUDA.csv,alanjo/gpu-scores-with-cuda-metal-opencl-vulkan
2063b132d6d8627bf172,Other,SwiftShader Device (LLVM 10.0.0),,,,435.0,True,False,GPU_scores_graphicsAPIs.csv,alanjo/gpu-scores-with-cuda-metal-opencl-vulkan
aee1784200c1290a0974,Nvidia,T1000,37817.0,,36847.0,34096.0,True,False,GPU_scores_graphicsAPIs.csv,alanjo/gpu-scores-with-cuda-metal-opencl-vulkan
6641d03a22dad170d3c1,,T1000,,,37810.0,,True,False,GPU_scores_graphics_API_v2_noCUDA.csv,alanjo/gpu-scores-with-cuda-metal-opencl-vulkan
da176b5ec6ae92f799f6,Nvidia,T1000 8GB,38577.0,,37882.0,,True,False,GPU_scores_graphicsAPIs.csv,alanjo/gpu-scores-with-cuda-metal-opencl-vulkan
b9bbebe5e907279f0b5c,Nvidia,T1200 Laptop GPU,43441.0,,42064.0,38268.0,True,False,GPU_scores_graphicsAPIs.csv,alanjo/gpu-scores-with-cuda-metal-opencl-vulkan
85fc4bd4cae58dc393b0,,T1200 Laptop GPU,,,43777.0,,True,False,GPU_scores_graphics_API_v2_noCUDA.csv,alanjo/gpu-scores-with-cuda-metal-opencl-vulkan
d37290f12f913ec5c699,Nvidia,T400,16856.0,,16656.0,16387.0,True,False,GPU_scores_graphicsAPIs.csv,alanjo/gpu-scores-with-cuda-metal-opencl-vulkan
68d208bbdc1082e0fe54,,T400,,,17085.0,,True,False,GPU_scores_graphics_API_v2_noCUDA.csv,alanjo/gpu-scores-with-cuda-metal-opencl-vulkan
ae0fed119755ca588384,Nvidia,T400 4GB,16323.0,,16489.0,,True,False,GPU_scores_graphicsAPIs.csv,alanjo/gpu-scores-with-cuda-metal-opencl-vulkan
e3a1bb6839df8c1255c1,Nvidia,T500,30990.0,,29203.0,25628.0,True,False,GPU_scores_graphicsAPIs.csv,alanjo/gpu-scores-with-cuda-metal-opencl-vulkan
67b1ba9842c7844cf292,Nvidia,T600,28084.0,,27240.0,25594.0,True,False,GPU_scores_graphicsAPIs.csv,alanjo/gpu-scores-with-cuda-metal-opencl-vulkan
6a5775b3845a52747b9a,Nvidia,T600 Laptop GPU,36000.0,,34635.0,,True,False,GPU_scores_graphicsAPIs.csv,alanjo/gpu-scores-with-cuda-metal-opencl-vulkan
3a6cdd3e2d6c747b8509,Nvidia,Tegra K1,,,,714.0,True,False,GPU_scores_graphicsAPIs.csv,alanjo/gpu-scores-with-cuda-metal-opencl-vulkan
a042b3f33113bcd59754,Nvidia,Tegra X1,,,,1551.0,True,False,GPU_scores_graphicsAPIs.csv,alanjo/gpu-scores-with-cuda-metal-opencl-vulkan
6fb9d4d770adbe74a596,Nvidia,Tegra X1 (nvgpu),,,,1972.0,True,False,GPU_scores_graphicsAPIs.csv,alanjo/gpu-scores-with-cuda-metal-opencl-vulkan
4d8d4a721c6be2e5b991,Nvidia,Tegra X1 (rev B) (nvgpu),,,,2938.0,True,False,GPU_scores_graphicsAPIs.csv,alanjo/gpu-scores-with-cuda-metal-opencl-vulkan
b341c2a09c6bd9296d8c,,Tesla C2050,,,11024.0,,True,False,GPU_scores_graphics_API_v2_noCUDA.csv,alanjo/gpu-scores-with-cuda-metal-opencl-vulkan
b49a8a8c94ff144b0836,Nvidia,Tesla C2070,,,9716.0,,True,False,GPU_scores_graphicsAPIs.csv,alanjo/gpu-scores-with-cuda-metal-opencl-vulkan
0f3d2882d7ef04c01202,,Tesla C2070,,,9716.0,,True,False,GPU_scores_graphics_API_v2_noCUDA.csv,alanjo/gpu-scores-with-cuda-metal-opencl-vulkan
96dc1a4099ca1469282b,Nvidia,Tesla C2075,,,9885.0,,True,False,GPU_scores_graphicsAPIs.csv,alanjo/gpu-scores-with-cuda-metal-opencl-vulkan
68fab437d9e30b966a93,,Tesla C2075,,,10493.0,,True,False,GPU_scores_graphics_API_v2_noCUDA.csv,alanjo/gpu-scores-with-cuda-metal-opencl-vulkan
c4feda487d0fb87fe27a,Nvidia,Tesla K10,,,14029.0,,True,False,GPU_scores_graphicsAPIs.csv,alanjo/gpu-scores-with-cuda-metal-opencl-vulkan
786ae66446731c0d4cb9,,Tesla K10,,,14029.0,,True,False,GPU_scores_graphics_API_v2_noCUDA.csv,alanjo/gpu-scores-with-cuda-metal-opencl-vulkan
fa7c7f3d5bccc0f77c15,Nvidia,Tesla K10.G1.8GB,,,11692.0,10452.0,True,False,GPU_scores_graphicsAPIs.csv,alanjo/gpu-scores-with-cuda-metal-opencl-vulkan
49b3f495cc3a274e9ab5,,Tesla K10.G1.8GB,,,11185.0,10452.0,True,False,GPU_scores_graphics_API_v2_noCUDA.csv,alanjo/gpu-scores-with-cuda-metal-opencl-vulkan
815d7b7200f5fae6e432,Nvidia,Tesla K10.G2.8GB,,,11722.0,,True,False,GPU_scores_graphicsAPIs.csv,alanjo/gpu-scores-with-cuda-metal-opencl-vulkan
0528ae230be15d303330,Nvidia,Tesla K20c,11850.0,,14766.0,,True,False,GPU_scores_graphicsAPIs.csv,alanjo/gpu-scores-with-cuda-metal-opencl-vulkan
e96580c045b757340c02,Nvidia,Tesla K20m,12019.0,,14510.0,21936.0,True,False,GPU_scores_graphicsAPIs.csv,alanjo/gpu-scores-with-cuda-metal-opencl-vulkan
846f7da6359de1246e3c,Nvidia,Tesla K20Xm,12681.0,8035.0,14541.0,,True,False,GPU_scores_graphicsAPIs.csv,alanjo/gpu-scores-with-cuda-metal-opencl-vulkan
10faaaff1d482ca918b0,,Tesla K20Xm,,,16032.0,,True,False,GPU_scores_graphics_API_v2_noCUDA.csv,alanjo/gpu-scores-with-cuda-metal-opencl-vulkan
7c1e55587029d049792c,Nvidia,Tesla K40c,14510.0,,17468.0,,True,False,GPU_scores_graphicsAPIs.csv,alanjo/gpu-scores-with-cuda-metal-opencl-vulkan
3eb930b5728d71b75a42,,Tesla K40c,,,19698.0,,True,False,GPU_scores_graphics_API_v2_noCUDA.csv,alanjo/gpu-scores-with-cuda-metal-opencl-vulkan
0d6f3a6451fbcbf3e837,Nvidia,Tesla K40m,14135.0,,17564.0,,True,False,GPU_scores_graphicsAPIs.csv,alanjo/gpu-scores-with-cuda-metal-opencl-vulkan
4f39ec9bf904dad2a31c,,Tesla K40m,,,19542.0,,True,False,GPU_scores_graphics_API_v2_noCUDA.csv,alanjo/gpu-scores-with-cuda-metal-opencl-vulkan
463960641d0d5370110f,Nvidia,Tesla K80,16063.0,,15947.0,14939.0,True,False,GPU_scores_graphicsAPIs.csv,alanjo/gpu-scores-with-cuda-metal-opencl-vulkan
fec02047687dc366b2f3,,Tesla K80,,,17973.0,21268.0,True,False,GPU_scores_graphics_API_v2_noCUDA.csv,alanjo/gpu-scores-with-cuda-metal-opencl-vulkan
a56c17ee43534ab92f13,Nvidia,Tesla M10,12054.0,,,,True,False,GPU_scores_graphicsAPIs.csv,alanjo/gpu-scores-with-cuda-metal-opencl-vulkan
9e34a2b34684bd95966a,,Tesla M10,,,10004.0,8421.0,True,False,GPU_scores_graphics_API_v2_noCUDA.csv,alanjo/gpu-scores-with-cuda-metal-opencl-vulkan
37a2f10c9d9e43af85d7,Nvidia,Tesla M2090,,,11728.0,,True,False,GPU_scores_graphicsAPIs.csv,alanjo/gpu-scores-with-cuda-metal-opencl-vulkan
76b4ae5228c5d3310968,,Tesla M2090,,,13075.0,,True,False,GPU_scores_graphics_API_v2_noCUDA.csv,alanjo/gpu-scores-with-cuda-metal-opencl-vulkan
0ac75a3e48c49055fa41,Nvidia,Tesla M40,31401.0,,34109.0,48561.0,True,False,GPU_scores_graphicsAPIs.csv,alanjo/gpu-scores-with-cuda-metal-opencl-vulkan
974dc428b10ecdd48010,,Tesla M40,,,39310.0,44308.0,True,False,GPU_scores_graphics_API_v2_noCUDA.csv,alanjo/gpu-scores-with-cuda-metal-opencl-vulkan
4e47a91e5c80ec6f55bd,Nvidia,Tesla M40 24GB,31126.0,,35695.0,,True,False,GPU_scores_graphicsAPIs.csv,alanjo/gpu-scores-with-cuda-metal-opencl-vulkan
0b59caddc1520596d557,,Tesla M40 24GB,,,38014.0,46479.0,True,False,GPU_scores_graphics_API_v2_noCUDA.csv,alanjo/gpu-scores-with-cuda-metal-opencl-vulkan
def8172d7eca42e1690a,Nvidia,Tesla M60,25404.0,,28232.0,31639.0,True,False,GPU_scores_graphicsAPIs.csv,alanjo/gpu-scores-with-cuda-metal-opencl-vulkan
bc0f4fbdf92f826e8d10,,Tesla M60,,,29275.0,33515.0,True,False,GPU_scores_graphics_API_v2_noCUDA.csv,alanjo/gpu-scores-with-cuda-metal-opencl-vulkan
cdac1b645ba8e7708c3c,Nvidia,Tesla P100-PCIE-12GB,80217.0,,,,True,False,GPU_scores_graphicsAPIs.csv,alanjo/gpu-scores-with-cuda-metal-opencl-vulkan
41ff872d6d30a80c9c04,,Tesla P100-PCIE-12GB,,,77889.0,,True,False,GPU_scores_graphics_API_v2_noCUDA.csv,alanjo/gpu-scores-with-cuda-metal-opencl-vulkan
4ab2c47d03d42ffe06a8,Nvidia,Tesla P100-PCIE-16GB,84011.0,,64789.0,,True,False,GPU_scores_graphicsAPIs.csv,alanjo/gpu-scores-with-cuda-metal-opencl-vulkan
931f5f42202cb673cccb,,Tesla P100-PCIE-16GB,,,77225.0,65857.0,True,False,GPU_scores_graphics_API_v2_noCUDA.csv,alanjo/gpu-scores-with-cuda-metal-opencl-vulkan
06df17c27532a173f5fa,Nvidia,Tesla P100-SXM2-16GB,69446.0,,76222.0,,True,False,GPU_scores_graphicsAPIs.csv,alanjo/gpu-scores-with-cuda-metal-opencl-vulkan
7b1293d1182d16aed716,,Tesla P100-SXM2-16GB,,,76222.0,,True,False,GPU_scores_graphics_API_v2_noCUDA.csv,alanjo/gpu-scores-with-cuda-metal-opencl-vulkan
0dad9189c6eb2b5c8a0b,Nvidia,Tesla P4,31513.0,,34282.0,,True,False,GPU_scores_graphicsAPIs.csv,alanjo/gpu-scores-with-cuda-metal-opencl-vulkan
7df3262d345f9ca4933f,,Tesla P4,,,37616.0,40208.0,True,False,GPU_scores_graphics_API_v2_noCUDA.csv,alanjo/gpu-scores-with-cuda-metal-opencl-vulkan
4ff2397de74a16298781,Nvidia,Tesla P40,47664.0,,51217.0,,True,False,GPU_scores_graphicsAPIs.csv,alanjo/gpu-scores-with-cuda-metal-opencl-vulkan
f171aac90f818656151f,,Tesla P40,,,62320.0,68297.0,True,False,GPU_scores_graphics_API_v2_noCUDA.csv,alanjo/gpu-scores-with-cuda-metal-opencl-vulkan
2f93b4bdd6519b60d004,Nvidia,Tesla T4,78434.0,,67669.0,55387.0,True,False,GPU_scores_graphicsAPIs.csv,alanjo/gpu-scores-with-cuda-metal-opencl-vulkan
16bc9fda2d229fb39cd8,,Tesla T4,,,77059.0,72698.0,True,False,GPU_scores_graphics_API_v2_noCUDA.csv,alanjo/gpu-scores-with-cuda-metal-opencl-vulkan
88b42b6a0281580050b9,Nvidia,Tesla V100-FHHL-16GB,174445.0,,,,True,False,GPU_scores_graphicsAPIs.csv,alanjo/gpu-scores-with-cuda-metal-opencl-vulkan
8559d7a6b3d425a62323,Nvidia,Tesla V100-PCIE-16GB,192531.0,,151180.0,,True,False,GPU_scores_graphicsAPIs.csv,alanjo/gpu-scores-with-cuda-metal-opencl-vulkan
999bf43224aab3a95609,,Tesla V100-PCIE-16GB,,,169006.0,,True,False,GPU_scores_graphics_API_v2_noCUDA.csv,alanjo/gpu-scores-with-cuda-metal-opencl-vulkan
37dde78a06750ebdd36d,Nvidia,Tesla V100-PCIE-32GB,191375.0,,144501.0,,True,False,GPU_scores_graphicsAPIs.csv,alanjo/gpu-scores-with-cuda-metal-opencl-vulkan
7b9c83a9733699e6c4fc,,Tesla V100-PCIE-32GB,,,162075.0,130516.0,True,False,GPU_scores_graphics_API_v2_noCUDA.csv,alanjo/gpu-scores-with-cuda-metal-opencl-vulkan
704f722934927ca8e93d,Nvidia,Tesla V100-SXM2-16GB,201257.0,,145462.0,,True,False,GPU_scores_graphicsAPIs.csv,alanjo/gpu-scores-with-cuda-metal-opencl-vulkan
8cefc1d07937ab408b8e,,Tesla V100-SXM2-16GB,,,184971.0,143679.0,True,False,GPU_scores_graphics_API_v2_noCUDA.csv,alanjo/gpu-scores-with-cuda-metal-opencl-vulkan
9e1d9dc1975049a36335,Nvidia,Tesla V100-SXM2-32GB,203550.0,,169214.0,,True,False,GPU_scores_graphicsAPIs.csv,alanjo/gpu-scores-with-cuda-metal-opencl-vulkan
86d0c3409b3a298f629a,,Tesla V100-SXM2-32GB,,,170273.0,,True,False,GPU_scores_graphics_API_v2_noCUDA.csv,alanjo/gpu-scores-with-cuda-metal-opencl-vulkan
381f09ff364192e971da,Nvidia,Tesla V100-SXM2-32GB-LS,,,131696.0,,True,False,GPU_scores_graphicsAPIs.csv,alanjo/gpu-scores-with-cuda-metal-opencl-vulkan
ce19c3539e168c8d00f2,,Tesla V100-SXM2-32GB-LS,,,131696.0,,True,False,GPU_scores_graphics_API_v2_noCUDA.csv,alanjo/gpu-scores-with-cuda-metal-opencl-vulkan
eb19b0e4926672656125,Nvidia,Tesla V100S-PCIE-32GB,216224.0,,186147.0,,True,False,GPU_scores_graphicsAPIs.csv,alanjo/gpu-scores-with-cuda-metal-opencl-vulkan
fbba771c1fa3ef6b8d25,,Tesla V100S-PCIE-32GB,,,194660.0,,True,False,GPU_scores_graphics_API_v2_noCUDA.csv,alanjo/gpu-scores-with-cuda-metal-opencl-vulkan
0ab3ca484c0d38cc9874,Nvidia,TITAN RTX,167076.0,,138072.0,111342.0,True,False,GPU_scores_graphicsAPIs.csv,alanjo/gpu-scores-with-cuda-metal-opencl-vulkan
f6dc7887fd61101f116f,Nvidia,TITAN V,176773.0,,136749.0,144238.0,True,False,GPU_scores_graphicsAPIs.csv,alanjo/gpu-scores-with-cuda-metal-opencl-vulkan
f9546f38b7b5c8974a24,Nvidia,TITAN X (Pascal),56205.0,,60601.0,84305.0,True,False,GPU_scores_graphicsAPIs.csv,alanjo/gpu-scores-with-cuda-metal-opencl-vulkan
d71f919b4aa540565402,Nvidia,TITAN Xp,58384.0,,65766.0,88308.0,True,False,GPU_scores_graphicsAPIs.csv,alanjo/gpu-scores-with-cuda-metal-opencl-vulkan
19ff10dfa42142ebb935,Nvidia,TITAN Xp COLLECTORS EDITION,59596.0,41063.0,66294.0,,True,False,GPU_scores_graphicsAPIs.csv,alanjo/gpu-scores-with-cuda-metal-opencl-vulkan
fecf088323f864e61a61,,TITAN Xp COLLECTORS EDITION,,,65520.0,,True,False,GPU_scores_graphics_API_v2_noCUDA.csv,alanjo/gpu-scores-with-cuda-metal-opencl-vulkan
7323b03f8c0e1a0020b8,Intel,UHD Graphics,,,5365.0,5844.0,True,False,GPU_scores_graphicsAPIs.csv,alanjo/gpu-scores-with-cuda-metal-opencl-vulkan
3d74c925120eef68445b,Intel,UHD Graphics 600,,,1297.0,1343.0,True,False,GPU_scores_graphicsAPIs.csv,alanjo/gpu-scores-with-cuda-metal-opencl-vulkan
8c497b66e52659b182e2,Intel,UHD Graphics 600 [0x3185],,,822.0,,True,False,GPU_scores_graphicsAPIs.csv,alanjo/gpu-scores-with-cuda-metal-opencl-vulkan
e945743aebc840525e3f,Intel,UHD Graphics 600 (Geminilake 2x6),,,,667.0,True,False,GPU_scores_graphicsAPIs.csv,alanjo/gpu-scores-with-cuda-metal-opencl-vulkan
977e97a40fc92438e4c5,Intel,UHD Graphics 600 (GLK 2),,,,1044.0,True,False,GPU_scores_graphicsAPIs.csv,alanjo/gpu-scores-with-cuda-metal-opencl-vulkan
89f6c413b05990fe4013,Intel,UHD Graphics 605,,,1749.0,2063.0,True,False,GPU_scores_graphicsAPIs.csv,alanjo/gpu-scores-with-cuda-metal-opencl-vulkan
0f756eb375f104bb78f5,Intel,UHD Graphics 610,,,3139.0,3147.0,True,False,GPU_scores_graphicsAPIs.csv,alanjo/gpu-scores-with-cuda-metal-opencl-vulkan
e9d49dd26ef4998a0a7f,Intel,UHD Graphics 610 (CFL GT1),,,,2140.0,True,False,GPU_scores_graphicsAPIs.csv,alanjo/gpu-scores-with-cuda-metal-opencl-vulkan
4718459da01cb6b3e207,Intel,UHD Graphics 615,,,3773.0,3975.0,True,False,GPU_scores_graphicsAPIs.csv,alanjo/gpu-scores-with-cuda-metal-opencl-vulkan
4b514416816ff4068adb,Intel,UHD Graphics 617,,3771.0,4005.0,4749.0,True,False,GPU_scores_graphicsAPIs.csv,alanjo/gpu-scores-with-cuda-metal-opencl-vulkan
a8e0fbe95c2e01d8f468,Intel,UHD Graphics 620,,,4848.0,4983.0,True,False,GPU_scores_graphicsAPIs.csv,alanjo/gpu-scores-with-cuda-metal-opencl-vulkan
9037fe1c80ad2583629d,Intel,UHD Graphics 620 (KBL GT2),,,,3604.0,True,False,GPU_scores_graphicsAPIs.csv,alanjo/gpu-scores-with-cuda-metal-opencl-vulkan
cbeb9ab91fa3242026b6,Intel,UHD Graphics 620 (WHL GT2),,,,3124.0,True,False,GPU_scores_graphicsAPIs.csv,alanjo/gpu-scores-with-cuda-metal-opencl-vulkan
1b8d9dc59c3d626c4e55,Intel,UHD Graphics 630,,4553.0,5095.0,5552.0,True,False,GPU_scores_graphicsAPIs.csv,alanjo/gpu-scores-with-cuda-metal-opencl-vulkan
a77cba3d94edb71d229a,Intel,UHD Graphics 630 (CFL GT2),,,,3660.0,True,False,GPU_scores_graphicsAPIs.csv,alanjo/gpu-scores-with-cuda-metal-opencl-vulkan
41b95b612cfe2892dba6,Intel,UHD Graphics 630 (CML GT2),,,,3815.0,True,False,GPU_scores_graphicsAPIs.csv,alanjo/gpu-scores-with-cuda-metal-opencl-vulkan
36ad1f742c179ce3c5b0,Intel,UHD Graphics 710,,,4265.0,,True,False,GPU_scores_graphicsAPIs.csv,alanjo/gpu-scores-with-cuda-metal-opencl-vulkan
c52f07e61aab2f9fe0a3,Intel,UHD Graphics 730,,,6934.0,6861.0,True,False,GPU_scores_graphicsAPIs.csv,alanjo/gpu-scores-with-cuda-metal-opencl-vulkan
655662717e8fbc2ad405,Intel,UHD Graphics 750,,,7782.0,7514.0,True,False,GPU_scores_graphicsAPIs.csv,alanjo/gpu-scores-with-cuda-metal-opencl-vulkan
de76f8f91a935ed472f0,Intel,UHD Graphics 770,,,9253.0,9204.0,True,False,GPU_scores_graphicsAPIs.csv,alanjo/gpu-scores-with-cuda-metal-opencl-vulkan
df883502e917686ace1b,Intel,UHD Graphics (CML GT2),,,,3894.0,True,False,GPU_scores_graphicsAPIs.csv,alanjo/gpu-scores-with-cuda-metal-opencl-vulkan
beffdacb8001dd9a63b1,Intel,UHD Graphics (Comet Lake 3x8 GT2),,,,4223.0,True,False,GPU_scores_graphicsAPIs.csv,alanjo/gpu-scores-with-cuda-metal-opencl-vulkan
7f014cac2d90eae801d5,Intel,UHD Graphics (ICL GT1),,,,3529.0,True,False,GPU_scores_graphicsAPIs.csv,alanjo/gpu-scores-with-cuda-metal-opencl-vulkan
3a7185318f2ca37ebbbb,Intel,UHD Graphics P630,,,5908.0,5787.0,True,False,GPU_scores_graphicsAPIs.csv,alanjo/gpu-scores-with-cuda-metal-opencl-vulkan
9f938e6c45b9a3a8fe2c,Intel,UHD Graphics P630 [0x3e96],,,6248.0,,True,False,GPU_scores_graphicsAPIs.csv,alanjo/gpu-scores-with-cuda-metal-opencl-vulkan
ad241c2bc1f1a4eecf03,Intel,UHD Graphics (TGL GT1),,,,5367.0,True,False,GPU_scores_graphicsAPIs.csv,alanjo/gpu-scores-with-cuda-metal-opencl-vulkan
e1ac159994b86f899689,,Unknown AMD GPU,,,60322.0,9538.0,True,False,GPU_scores_graphics_API_v2_noCUDA.csv,alanjo/gpu-scores-with-cuda-metal-opencl-vulkan
8fd04b67c3509401ea6c,Other,V3D 4.2,,,,141.0,True,False,GPU_scores_graphicsAPIs.csv,alanjo/gpu-scores-with-cuda-metal-opencl-vulkan
0139c8549501e7fd71f0,AMD,Vega 10 XL/XT [Radeon RX Vega 56/64],,,60605.0,,True,False,GPU_scores_graphicsAPIs.csv,alanjo/gpu-scores-with-cuda-metal-opencl-vulkan
ee162468f794309674ae,,Vega 10 XL/XT [Radeon RX Vega 56/64],,,60605.0,,True,False,GPU_scores_graphics_API_v2_noCUDA.csv,alanjo/gpu-scores-with-cuda-metal-opencl-vulkan
9676538b5ecf082a2310,AMD,Vega 20 [Radeon VII],,,96073.0,,True,False,GPU_scores_graphicsAPIs.csv,alanjo/gpu-scores-with-cuda-metal-opencl-vulkan
bad02e6598954da2d0ba,,Vega 20 [Radeon VII],,,96073.0,,True,False,GPU_scores_graphics_API_v2_noCUDA.csv,alanjo/gpu-scores-with-cuda-metal-opencl-vulkan
49ec194b7466dbd6f692,Other,VeriSilicon,,,,73.0,True,False,GPU_scores_graphicsAPIs.csv,alanjo/gpu-scores-with-cuda-metal-opencl-vulkan
6ecdd71f5c384d6513d1,Other,VideoCore VI HW (V3D-620),,,,76.0,True,False,GPU_scores_graphicsAPIs.csv,alanjo/gpu-scores-with-cuda-metal-opencl-vulkan
064df79c8091b6504ba5,Intel,Xe Graphics,,,49205.0,,True,False,GPU_scores_graphicsAPIs.csv,alanjo/gpu-scores-with-cuda-metal-opencl-vulkan
82354e51724944743253,Intel,Xe Graphics (TGL GT2),,,,8895.0,True,False,GPU_scores_graphicsAPIs.csv,alanjo/gpu-scores-with-cuda-metal-opencl-vulkan
1d608109f824f66864b4,,zink Vulkan 1.3(NVIDIA RTX A3000 Laptop GPU (NVIDIA_PROPRIETARY)),,,17631.0,,True,False,GPU_scores_graphics_API_v2_noCUDA.csv,alanjo/gpu-scores-with-cuda-metal-opencl-vulkan
