source_record_id,name,gpu_chip,release_date,bus_interface,memory_gb,memory_type,gpu_clock_mhz,memory_clock_mhz,shader_count,tmu_count,rop_count,has_structured_specs,memory_raw,gpu_clock_raw,memory_clock_raw,shader_counts_raw,release_raw,source_dataset
1a3fa5ebfbaf04fec691,3D Rage,Mach64 GT,1996-04-01,PCI,0.001953125,,44.0,66.0,,,,True,"2 MB, EDO, 64 bit",44 MHz,66 MHz,1 / 0 / 1 / 1,"Apr 1st, 1996",baraazaid/cpu-and-gpu-stats
be935de2b4c8684e3b77,3D Rage II,Mach64 GT-B,1996-09-05,PCI,0.00390625,,60.0,83.0,,,,True,"4 MB, SDR, 64 bit",60 MHz,83 MHz,1 / 0 / 1 / 1,"Sep 5th, 1996",baraazaid/cpu-and-gpu-stats
26f14f568120b64a8882,3D Rage II+ DVD,Mach64 GT-B,1996-09-01,PCI,0.00390625,,60.0,83.0,,,,True,"4 MB, SDR, 64 bit",60 MHz,83 MHz,1 / 0 / 1 / 1,"Sep 1st, 1996",baraazaid/cpu-and-gpu-stats
807e9ac7b499b76d1576,3D Rage IIC AGP,Rage 2,1996-09-01,AGP 2x,0.00390625,,60.0,83.0,,,,True,"4 MB, SDR, 64 bit",60 MHz,83 MHz,1 / 0 / 1 / 1,"Sep 1st, 1996",baraazaid/cpu-and-gpu-stats
d9032e9f72f3ab1320c1,3D Rage IIC PCI,Rage 2,1996-09-01,PCI,0.001953125,,60.0,83.0,,,,True,"2 MB, SDR, 64 bit",60 MHz,83 MHz,1 / 0 / 1 / 1,"Sep 1st, 1996",baraazaid/cpu-and-gpu-stats
afbf7745bdc6888288c3,3D Rage PRO AGP,Rage 3,1997-03-01,AGP 2x,0.001953125,,75.0,75.0,,,,True,"2 MB, SDR, 64 bit",75 MHz,75 MHz,1 / 0 / 1 / 1,"Mar 1st, 1997",baraazaid/cpu-and-gpu-stats
c9c9ecb86c69910380af,3D Rage PRO PCI,Rage 3,1997-03-01,PCI,0.0078125,,75.0,75.0,,,,True,"8 MB, SDR, 64 bit",75 MHz,75 MHz,1 / 0 / 1 / 1,"Mar 1st, 1997",baraazaid/cpu-and-gpu-stats
a1b48ece2dc97c219305,8514-Ultra,Mach8,1992-01-01,PCI,0.0009765625,,10.0,10.0,,,,True,"1 MB, VRAM, 32 bit",10 MHz,10 MHz,1 / 0 / 0 / 1,1992,baraazaid/cpu-and-gpu-stats
1fa7d8b1c1c8ae92df94,A10 PCIe,GA102,2021-04-12,PCIe 4.0 x16,24.0,GDDR6,885.0,1563.0,9216,288,96,True,"24 GB, GDDR6, 384 bit",885 MHz,1563 MHz,9216 / 288 / 96,"Apr 12th, 2021",baraazaid/cpu-and-gpu-stats
0b32536058e21cbb7dab,A100 PCIe 40 GB,GA100,2020-06-22,PCIe 4.0 x16,40.0,,765.0,1215.0,6912,432,160,True,"40 GB, HBM2e, 5120 bit",765 MHz,1215 MHz,6912 / 432 / 160,"Jun 22nd, 2020",baraazaid/cpu-and-gpu-stats
3dded3ed94ed9bd1eb1d,A100 PCIe 80 GB,GA100,2021-06-28,PCIe 4.0 x16,80.0,,1065.0,1593.0,6912,432,160,True,"80 GB, HBM2e, 5120 bit",1065 MHz,1593 MHz,6912 / 432 / 160,"Jun 28th, 2021",baraazaid/cpu-and-gpu-stats
e97e891350897abe67a3,A100 SXM4 40 GB,GA100,2020-05-14,PCIe 4.0 x16,40.0,,1095.0,1215.0,6912,432,160,True,"40 GB, HBM2e, 5120 bit",1095 MHz,1215 MHz,6912 / 432 / 160,"May 14th, 2020",baraazaid/cpu-and-gpu-stats
cc0eed8b8a9c89abfe84,A100 SXM4 80 GB,GA100,2020-11-16,PCIe 4.0 x16,80.0,,1275.0,1593.0,6912,432,160,True,"80 GB, HBM2e, 5120 bit",1275 MHz,1593 MHz,6912 / 432 / 160,"Nov 16th, 2020",baraazaid/cpu-and-gpu-stats
7521419838afdde6476b,A100X,GA100,2021-06-28,PCIe 4.0 x8,80.0,,795.0,1593.0,6912,432,160,True,"80 GB, HBM2e, 5120 bit",795 MHz,1593 MHz,6912 / 432 / 160,"Jun 28th, 2021",baraazaid/cpu-and-gpu-stats
b493986c490d6cd78493,A10G,GA102,2021-04-12,PCIe 4.0 x16,12.0,GDDR6,1320.0,1563.0,9216,288,96,True,"12 GB, GDDR6, 384 bit",1320 MHz,1563 MHz,9216 / 288 / 96,"Apr 12th, 2021",baraazaid/cpu-and-gpu-stats
4503bad0316448e78008,A16 PCIe,GA107,2021-04-12,PCIe 4.0 x8,16.0,GDDR6,1312.0,1563.0,1280,40,32,True,"16 GB, GDDR6, 128 bit",1312 MHz,1563 MHz,1280 / 40 / 32,"Apr 12th, 2021",baraazaid/cpu-and-gpu-stats
5faf03c03ea9b0106c80,A2,GA107,2021-11-10,PCIe 4.0 x8,16.0,GDDR6,1440.0,1563.0,1280,40,32,True,"16 GB, GDDR6, 128 bit",1440 MHz,1563 MHz,1280 / 40 / 32,"Nov 10th, 2021",baraazaid/cpu-and-gpu-stats
23ff6513b5e5047bc7a6,A30 PCIe,GA100,2021-04-12,PCIe 4.0 x16,24.0,,930.0,1215.0,3584,224,96,True,"24 GB, HBM2e, 3072 bit",930 MHz,1215 MHz,3584 / 224 / 96,"Apr 12th, 2021",baraazaid/cpu-and-gpu-stats
f41410da882ad5c1f069,A30X,GA100,2021-04-12,PCIe 4.0 x8,24.0,,1035.0,1593.0,3584,224,96,True,"24 GB, HBM2e, 3072 bit",1035 MHz,1593 MHz,3584 / 224 / 96,"Apr 12th, 2021",baraazaid/cpu-and-gpu-stats
2ffcb7810742dcb162ce,A40 PCIe,GA102,2020-10-05,PCIe 4.0 x16,48.0,GDDR6,1305.0,1812.0,10752,336,112,True,"48 GB, GDDR6, 384 bit",1305 MHz,1812 MHz,10752 / 336 / 112,"Oct 5th, 2020",baraazaid/cpu-and-gpu-stats
47cb810b3259be490d7d,A800 PCIe 40 GB,GA100,2022-11-08,PCIe 4.0 x16,40.0,,765.0,1215.0,6912,432,160,True,"40 GB, HBM2e, 5120 bit",765 MHz,1215 MHz,6912 / 432 / 160,"Nov 8th, 2022",baraazaid/cpu-and-gpu-stats
b2dbccb144d871c4e628,A800 PCIe 80 GB,GA100,2022-11-08,PCIe 4.0 x16,80.0,,1065.0,1512.0,6912,432,160,True,"80 GB, HBM2e, 5120 bit",1065 MHz,1512 MHz,6912 / 432 / 160,"Nov 8th, 2022",baraazaid/cpu-and-gpu-stats
99e45f0151122c330de2,A800 SXM4 80 GB,GA100,2022-08-11,PCIe 4.0 x16,80.0,,1275.0,1593.0,6912,432,160,True,"80 GB, HBM2e, 5120 bit",1275 MHz,1593 MHz,6912 / 432 / 160,"Aug 11th, 2022",baraazaid/cpu-and-gpu-stats
98491c26b2223d6b67c6,AeroBox GPU,Kryptos,2020-03-13,IGP,8.0,DDR3,935.0,1066.0,896,56,16,True,"8 GB, DDR3, 256 bit",935 MHz,1066 MHz,896 / 56 / 16,"Mar 13th, 2020",baraazaid/cpu-and-gpu-stats
095da6fa5384b33f0ab9,All-In-Wonder 128,Rage 4,1999-06-16,AGP 4x,0.03125,,90.0,90.0,,,,True,"32 MB, SDR, 128 bit",90 MHz,90 MHz,2 / 0 / 2 / 2,"Jun 16th, 1999",baraazaid/cpu-and-gpu-stats
bed9a26e8c582da3cd0e,All-In-Wonder 128 PCI,Rage 4,1999-06-16,PCI,0.015625,,90.0,90.0,,,,True,"16 MB, SDR, 128 bit",90 MHz,90 MHz,2 / 0 / 2 / 2,"Jun 16th, 1999",baraazaid/cpu-and-gpu-stats
40c8799f164a1959725d,All-In-Wonder 128 PRO,Rage 4,1999-06-16,AGP 4x,0.03125,,120.0,120.0,,,,True,"32 MB, SDR, 128 bit",120 MHz,120 MHz,2 / 0 / 2 / 2,"Jun 16th, 1999",baraazaid/cpu-and-gpu-stats
63552ecbf00676c4779d,All-In-Wonder 128 PRO Ultra,Rage 4,1999-06-16,AGP 4x,0.03125,,134.0,134.0,,,,True,"32 MB, SDR, 128 bit",134 MHz,134 MHz,2 / 0 / 2 / 2,"Jun 16th, 1999",baraazaid/cpu-and-gpu-stats
48f9aad3c0eb03ac8237,All-In-Wonder 2006 AGP Edition,RV350,2005-04-29,AGP 8x,0.25,,324.0,196.0,,,,True,"256 MB, DDR, 128 bit",324 MHz,196 MHz,4 / 2 / 4 / 4,"Apr 29th, 2005",baraazaid/cpu-and-gpu-stats
131ffcf18f391c10775d,All-In-Wonder 2006 PCIe Edition,RV515,2005-12-22,PCIe 1.0 x16,0.25,DDR2,450.0,400.0,,,,True,"256 MB, DDR2, 128 bit",450 MHz,400 MHz,4 / 2 / 4 / 4,"Dec 22nd, 2005",baraazaid/cpu-and-gpu-stats
0c11928b8abb195f779e,All-In-Wonder 9000 PRO,RV250,2003-03-31,AGP 8x,0.0625,,275.0,270.0,,,,True,"64 MB, DDR, 128 bit",275 MHz,270 MHz,4 / 1 / 4 / 4,"Mar 31st, 2003",baraazaid/cpu-and-gpu-stats
43025f8d68f996cc2389,All-In-Wonder 9200,RV280,2004-01-26,AGP 8x,0.125,,250.0,200.0,,,,True,"128 MB, DDR, 128 bit",250 MHz,200 MHz,4 / 1 / 4 / 4,"Jan 26th, 2004",baraazaid/cpu-and-gpu-stats
f75b85f063e654f4c1ba,All-In-Wonder 9200 SE,RV280,2004-01-26,AGP 8x,0.125,,250.0,164.0,,,,True,"128 MB, DDR, 64 bit",250 MHz,164 MHz,4 / 1 / 4 / 4,"Jan 26th, 2004",baraazaid/cpu-and-gpu-stats
97d80ffc65cba69ce5e3,All-In-Wonder 9500,R300,2002-07-01,AGP 8x,0.125,,277.0,270.0,,,,True,"128 MB, DDR, 128 bit",277 MHz,270 MHz,4 / 4 / 4 / 4,"Jul 1st, 2002",baraazaid/cpu-and-gpu-stats
32fd4be1cdb8584f8b32,All-In-Wonder 9600,RV350,2003-12-03,AGP 8x,0.125,,324.0,196.0,,,,True,"128 MB, DDR, 128 bit",324 MHz,196 MHz,4 / 2 / 4 / 4,"Dec 3rd, 2003",baraazaid/cpu-and-gpu-stats
2a0ff49dec43e58b0cf3,All-In-Wonder 9600 PRO,RV350,2003-04-01,AGP 8x,0.125,,398.0,324.0,,,,True,"128 MB, DDR, 128 bit",398 MHz,324 MHz,4 / 2 / 4 / 4,"Apr 1st, 2003",baraazaid/cpu-and-gpu-stats
d316e41429e6137a8154,All-In-Wonder 9600 XT,RV360,2004-02-06,AGP 8x,0.125,,527.0,324.0,,,,True,"128 MB, DDR, 128 bit",527 MHz,324 MHz,4 / 2 / 4 / 4,"Feb 6th, 2004",baraazaid/cpu-and-gpu-stats
798aa901ccd1d0d41452,All-In-Wonder 9800 PRO,R350,2003-06-16,AGP 8x,0.125,,378.0,338.0,,,,True,"128 MB, DDR, 256 bit",378 MHz,338 MHz,8 / 4 / 8 / 8,"Jun 16th, 2003",baraazaid/cpu-and-gpu-stats
cba5f7167ac8ab3fbf50,All-In-Wonder 9800 SE,R350,2003-09-10,AGP 8x,0.125,,378.0,297.0,,,,True,"128 MB, DDR, 128 bit",378 MHz,297 MHz,4 / 4 / 4 / 8,"Sep 10th, 2003",baraazaid/cpu-and-gpu-stats
f6b1f0747d1d6fb43043,All-In-Wonder HD 3650,RV635,2008-06-28,PCIe 2.0 x16,0.5,DDR2,722.0,594.0,120,8,4,True,"512 MB, DDR2, 128 bit",722 MHz,594 MHz,120 / 8 / 4,"Jun 28th, 2008",baraazaid/cpu-and-gpu-stats
c70f68464f9bc9a57b53,All-In-Wonder Radeon 7200,R100,2000-07-31,PCI,0.03125,,166.0,166.0,,,,True,"32 MB, DDR, 128 bit",166 MHz,166 MHz,2 / 1 / 6 / 2,"Jul 31st, 2000",baraazaid/cpu-and-gpu-stats
b4078594607f1dcc770d,All-In-Wonder Radeon 7500,RV200,2002-04-16,AGP 8x,0.0625,,260.0,180.0,,,,True,"64 MB, DDR, 128 bit",260 MHz,180 MHz,2 / 0 / 6 / 2,"Apr 16th, 2002",baraazaid/cpu-and-gpu-stats
e32bdf75631cdd975730,All-In-Wonder Radeon 7500 VE,RV200,2002-04-16,PCI,0.0625,,260.0,250.0,,,,True,"64 MB, DDR, 128 bit",260 MHz,250 MHz,2 / 0 / 6 / 2,"Apr 16th, 2002",baraazaid/cpu-and-gpu-stats
ef95398136c7ed8549ab,All-In-Wonder Radeon 8500,R200,2001-11-14,AGP 8x,0.125,,275.0,275.0,,,,True,"128 MB, DDR, 128 bit",275 MHz,275 MHz,4 / 2 / 8 / 4,"Nov 14th, 2001",baraazaid/cpu-and-gpu-stats
0e48449fd6958666960f,All-In-Wonder Radeon 8500DV,R200,2001-08-30,AGP 8x,0.0625,,230.0,190.0,,,,True,"64 MB, DDR, 128 bit",230 MHz,190 MHz,4 / 2 / 8 / 4,"Aug 30th, 2001",baraazaid/cpu-and-gpu-stats
424a13f0b2acad2af48a,All-In-Wonder X1800 XL,R520,2005-10-27,PCIe 1.0 x16,0.25,GDDR3,500.0,500.0,,,,True,"256 MB, GDDR3, 256 bit",500 MHz,500 MHz,16 / 8 / 16 / 16,"Oct 27th, 2005",baraazaid/cpu-and-gpu-stats
055126847d8293dc6119,All-In-Wonder X1900,R580,2006-01-13,PCIe 1.0 x16,0.25,GDDR3,500.0,477.0,,,,True,"256 MB, GDDR3, 256 bit",500 MHz,477 MHz,48 / 8 / 16 / 16,"Jan 13th, 2006",baraazaid/cpu-and-gpu-stats
98376494f576028e4564,All-In-Wonder X600 PRO,RV370,2005-07-01,PCIe 1.0 x16,0.25,,400.0,300.0,,,,True,"256 MB, DDR, 128 bit",400 MHz,300 MHz,4 / 2 / 4 / 4,"Jul 1st, 2005",baraazaid/cpu-and-gpu-stats
eb8f44f8627c4b75e88a,All-In-Wonder X800 GT,R430,2004-09-21,PCIe 1.0 x16,0.125,GDDR3,398.0,492.0,,,,True,"128 MB, GDDR3, 128 bit",398 MHz,492 MHz,8 / 6 / 8 / 8,"Sep 21st, 2004",baraazaid/cpu-and-gpu-stats
ef768c582d3c0a869f9b,All-In-Wonder X800 SE,R420,2005-04-27,AGP 8x,0.25,GDDR3,425.0,400.0,,,,True,"256 MB, GDDR3, 256 bit",425 MHz,400 MHz,8 / 6 / 8 / 8,"Apr 27th, 2005",baraazaid/cpu-and-gpu-stats
34bd32b0d12aaf8083a7,All-In-Wonder X800 VE,R420,2005-04-27,AGP 8x,0.25,GDDR3,425.0,400.0,,,,True,"256 MB, GDDR3, 256 bit",425 MHz,400 MHz,8 / 6 / 8 / 8,"Apr 27th, 2005",baraazaid/cpu-and-gpu-stats
2d4520a6dafb55b7b19e,All-In-Wonder X800 XL,R430,2005-01-21,PCIe 1.0 x16,0.25,GDDR3,400.0,490.0,,,,True,"256 MB, GDDR3, 256 bit",400 MHz,490 MHz,16 / 6 / 16 / 16,"Jan 21st, 2005",baraazaid/cpu-and-gpu-stats
591126f9dd6ac45ff335,All-In-Wonder X800 XT,R420,2004-09-21,AGP 8x,0.25,GDDR3,500.0,500.0,,,,True,"256 MB, GDDR3, 256 bit",500 MHz,500 MHz,16 / 6 / 16 / 16,"Sep 21st, 2004",baraazaid/cpu-and-gpu-stats
12cea5686e64b5987637,Arc A310,DG2-128,2022-01-01,PCIe 4.0 x8,4.0,GDDR6,2000.0,1937.0,768,32,16,True,"4 GB, GDDR6, 64 bit",2000 MHz,1937 MHz,768 / 32 / 16,2022,baraazaid/cpu-and-gpu-stats
1e5bc3f9c0381f18df21,Arc A350,DG2-128,2022-01-01,PCIe 4.0 x8,4.0,GDDR6,2000.0,1937.0,768,48,24,True,"4 GB, GDDR6, 64 bit",2000 MHz,1937 MHz,768 / 48 / 24,2022,baraazaid/cpu-and-gpu-stats
ff052b875bce883b598f,Arc A350M,DG2-128,2022-03-30,PCIe 4.0 x8,4.0,GDDR6,1150.0,1750.0,768,48,24,True,"4 GB, GDDR6, 64 bit",1150 MHz,1750 MHz,768 / 48 / 24,"Mar 30th, 2022",baraazaid/cpu-and-gpu-stats
6bc37e7a54ccbf9fee7a,Arc A370M,DG2-128,2022-03-30,PCIe 4.0 x8,4.0,GDDR6,1550.0,1750.0,1024,64,32,True,"4 GB, GDDR6, 64 bit",1550 MHz,1750 MHz,1024 / 64 / 32,"Mar 30th, 2022",baraazaid/cpu-and-gpu-stats
669ca54a9416dc4d5e17,Arc A380,DG2-128,2022-06-14,PCIe 4.0 x8,6.0,GDDR6,2000.0,1937.0,1024,64,32,True,"6 GB, GDDR6, 96 bit",2000 MHz,1937 MHz,1024 / 64 / 32,"Jun 14th, 2022",baraazaid/cpu-and-gpu-stats
f1a6bd04b7b961ac4dfe,Arc A550M,DG2-512,2022-01-01,PCIe 4.0 x16,8.0,GDDR6,900.0,1750.0,2048,128,64,True,"8 GB, GDDR6, 128 bit",900 MHz,1750 MHz,2048 / 128 / 64,2022,baraazaid/cpu-and-gpu-stats
9be36b9a3eb85ba4cedf,Arc A580,DG2-512,2022-01-01,PCIe 4.0 x16,8.0,GDDR6,1700.0,2000.0,3072,192,96,True,"8 GB, GDDR6, 256 bit",1700 MHz,2000 MHz,3072 / 192 / 96,2022,baraazaid/cpu-and-gpu-stats
809e638cd2a08a357bd9,Arc A730M,DG2-512,2022-01-01,PCIe 4.0 x16,12.0,GDDR6,1100.0,1750.0,3072,192,96,True,"12 GB, GDDR6, 192 bit",1100 MHz,1750 MHz,3072 / 192 / 96,2022,baraazaid/cpu-and-gpu-stats
e803db3388c7526e4337,Arc A750,DG2-512,2022-10-12,PCIe 4.0 x16,8.0,GDDR6,2050.0,2000.0,3584,224,112,True,"8 GB, GDDR6, 256 bit",2050 MHz,2000 MHz,3584 / 224 / 112,"Oct 12th, 2022",baraazaid/cpu-and-gpu-stats
9f6d46cb52db9669ba4f,Arc A770,DG2-512,2022-10-12,PCIe 4.0 x16,16.0,GDDR6,2100.0,2000.0,4096,256,128,True,"16 GB, GDDR6, 256 bit",2100 MHz,2000 MHz,4096 / 256 / 128,"Oct 12th, 2022",baraazaid/cpu-and-gpu-stats
c9ecbdbddde533decd74,Arc A770M,DG2-512,2022-01-01,PCIe 4.0 x16,16.0,GDDR6,1650.0,2000.0,4096,256,128,True,"16 GB, GDDR6, 256 bit",1650 MHz,2000 MHz,4096 / 256 / 128,2022,baraazaid/cpu-and-gpu-stats
79f7291f4c183ab7e727,Arc A780,DG2-512,2022-01-01,PCIe 4.0 x16,16.0,GDDR6X,2200.0,1093.0,4096,256,128,True,"16 GB, GDDR6X, 256 bit",2200 MHz,1093 MHz,4096 / 256 / 128,2022,baraazaid/cpu-and-gpu-stats
6e8494618e54a90dbad7,Arc Pro A30M,DG2-128,2022-08-08,PCIe 4.0 x8,4.0,GDDR6,1500.0,2000.0,1024,64,32,True,"4 GB, GDDR6, 64 bit",1500 MHz,2000 MHz,1024 / 64 / 32,"Aug 8th, 2022",baraazaid/cpu-and-gpu-stats
2046549df6f085ade6c4,Arc Pro A40,DG2-128,2022-08-08,PCIe 4.0 x8,6.0,GDDR6,1500.0,2000.0,1024,64,32,True,"6 GB, GDDR6, 96 bit",1500 MHz,2000 MHz,1024 / 64 / 32,"Aug 8th, 2022",baraazaid/cpu-and-gpu-stats
5e330e1bd60dfe245251,Arc Pro A50,DG2-128,2022-08-08,PCIe 4.0 x8,6.0,GDDR6,2000.0,2000.0,1024,64,32,True,"6 GB, GDDR6, 96 bit",2000 MHz,2000 MHz,1024 / 64 / 32,"Aug 8th, 2022",baraazaid/cpu-and-gpu-stats
f205895ea2f96219138a,Arctic Sound 1T,Arctic Sound,2021-01-01,PCIe 4.0 x16,16.0,,900.0,1200.0,6144,192,96,True,"16 GB, HBM2e, 4096 bit",900 MHz,1200 MHz,6144 / 192 / 96,2021,baraazaid/cpu-and-gpu-stats
b44b4f900da7b2001ae8,Arctic Sound 2T,Arctic Sound,2021-01-01,PCIe 4.0 x16,16.0,,900.0,1200.0,7680,240,120,True,"16 GB, HBM2e, 4096 bit",900 MHz,1200 MHz,7680 / 240 / 120,2021,baraazaid/cpu-and-gpu-stats
9b80275111a039773089,Arctic Sound-M,Arctic Sound,2022-01-01,PCIe 4.0 x16,16.0,,900.0,1200.0,8192,256,128,True,"16 GB, HBM2e, 4096 bit",900 MHz,1200 MHz,8192 / 256 / 128,2022,baraazaid/cpu-and-gpu-stats
bef77ecccd0095ebb784,Atari VCS 400 GPU,Banded Kestrel,2020-12-14,IGP,4.0,DDR4,300.0,1200.0,192,12,4,True,"4 GB, DDR4, 128 bit",300 MHz,1200 MHz,192 / 12 / 4,"Dec 14th, 2020",baraazaid/cpu-and-gpu-stats
76a4f677ed59de58102f,Atari VCS 800 GPU,Banded Kestrel,2020-12-14,IGP,8.0,DDR4,300.0,1200.0,192,12,4,True,"8 GB, DDR4, 128 bit",300 MHz,1200 MHz,192 / 12 / 4,"Dec 14th, 2020",baraazaid/cpu-and-gpu-stats
43956cc5d68a5ad95c8d,Aubrey Isle,Knights Ferry,2010-05-31,PCIe 2.0 x16,2.0,GDDR5,1200.0,1200.0,512,32,0,True,"2 GB, GDDR5, 256 bit",1200 MHz,1200 MHz,512 / 32 / 0,"May 31st, 2010",baraazaid/cpu-and-gpu-stats
37e48b9001703729c269,CMP 170HX 10 GB,GA100,2021-09-01,PCIe 4.0 x4,10.0,,1140.0,1215.0,4480,280,128,True,"10 GB, HBM2e, 5120 bit",1140 MHz,1215 MHz,4480 / 280 / 128,"Sep 1st, 2021",baraazaid/cpu-and-gpu-stats
dd9c7ea8f11f19596f22,CMP 170HX 8 GB,GA100,2021-09-01,PCIe 4.0 x4,8.0,,1140.0,1458.0,4480,280,128,True,"8 GB, HBM2e, 4096 bit",1140 MHz,1458 MHz,4480 / 280 / 128,"Sep 1st, 2021",baraazaid/cpu-and-gpu-stats
75b4fcb1ca9e76d5d7bd,CMP 30HX,TU116,2021-02-25,PCIe 3.0 x4,6.0,GDDR6,1530.0,1750.0,1408,88,48,True,"6 GB, GDDR6, 192 bit",1530 MHz,1750 MHz,1408 / 88 / 48,"Feb 25th, 2021",baraazaid/cpu-and-gpu-stats
d01d8cdc6bea1f9f3c5f,CMP 40HX,TU106,2021-02-25,PCIe 3.0 x16,8.0,GDDR6,1470.0,1750.0,2304,144,64,True,"8 GB, GDDR6, 256 bit",1470 MHz,1750 MHz,2304 / 144 / 64,"Feb 25th, 2021",baraazaid/cpu-and-gpu-stats
bc555991d8e971cd93fc,CMP 50HX,TU102,2021-06-24,PCIe 3.0 x16,10.0,GDDR6,1350.0,1750.0,3584,192,80,True,"10 GB, GDDR6, 320 bit",1350 MHz,1750 MHz,3584 / 192 / 80,"Jun 24th, 2021",baraazaid/cpu-and-gpu-stats
83a5d8e6fa93a850f48c,CMP 70HX,GA104,,PCIe 4.0 x16,8.0,GDDR6X,1365.0,1188.0,6144,192,96,True,"8 GB, GDDR6X, 256 bit",1365 MHz,1188 MHz,6144 / 192 / 96,Unknown,baraazaid/cpu-and-gpu-stats
d8c0563cecec277b54b6,CMP 90HX,GA102,2021-07-28,PCIe 4.0 x16,10.0,GDDR6X,1500.0,1188.0,6400,200,80,True,"10 GB, GDDR6X, 320 bit",1500 MHz,1188 MHz,6400 / 200 / 80,"Jul 28th, 2021",baraazaid/cpu-and-gpu-stats
452c032f4bd901679f00,Color Emulation Card,CW16800-A,1986-08-04,PCI,3.0517578125e-05,DRAM,10.0,5.0,,,,True,"32 KB, DRAM, 32 bit",10 MHz,5 MHz,0 / 0 / 0 / 0,"Aug 4th, 1986",baraazaid/cpu-and-gpu-stats
dada84deb2c5069f03d3,DRIVE A100 PROD,GA100,2020-05-14,PCIe 4.0 x16,32.0,,1065.0,1215.0,6912,432,192,True,"32 GB, HBM2e, 6144 bit",1065 MHz,1215 MHz,6912 / 432 / 192,"May 14th, 2020",baraazaid/cpu-and-gpu-stats
6c231b196d14e394ffc2,EGA Wonder 480,16899-0,1988-12-26,PCI,0.000244140625,DRAM,10.0,8.0,,,,True,"256 KB, DRAM, 32 bit",10 MHz,8 MHz,1 / 0 / 0 / 1,"Dec 26th, 1988",baraazaid/cpu-and-gpu-stats
35af0e04e6f5bf41bb82,EGA Wonder 800,16899-0,1987-11-16,PCI,0.000244140625,DRAM,10.0,8.0,,,,True,"256 KB, DRAM, 32 bit",10 MHz,8 MHz,1 / 0 / 0 / 1,"Nov 16th, 1987",baraazaid/cpu-and-gpu-stats
fd45073a890327e4a223,EGA Wonder 800+,18800-1,1988-01-01,PCI,0.000244140625,DRAM,25.0,8.0,,,,True,"256 KB, DRAM, 32 bit",25 MHz,8 MHz,1 / 0 / 0 / 1,1988,baraazaid/cpu-and-gpu-stats
f9c268a4fa5cacf102ae,ES1000,ES1000,2007-10-18,PCI,,,200.0,,,,,True,System Shared,200 MHz,System Shared,0 / 0 / 3 / 1,"Oct 18th, 2007",baraazaid/cpu-and-gpu-stats
202b2ac636840e908f60,Extreme Graphics,Brookdale,2002-01-01,FSB,,,200.0,,,,,True,System Shared,200 MHz,System Shared,2 / 0 / 1 / 1,2002,baraazaid/cpu-and-gpu-stats
ad8ed7e53d1693f60412,Extreme Graphics 2,Montara,2003-12-03,FSB,,,200.0,,,,,True,System Shared,200 MHz,System Shared,2 / 0 / 1 / 1,"Dec 3rd, 2003",baraazaid/cpu-and-gpu-stats
74b45a7eb3ce96decf64,Extreme Graphics 2,Springdale,2003-12-03,FSB,,,200.0,,,,,True,System Shared,200 MHz,System Shared,2 / 0 / 2 / 1,"Dec 3rd, 2003",baraazaid/cpu-and-gpu-stats
151a93aa893ae27f47d5,Fire GL1,IBM,1999-03-01,AGP 2x,0.03125,,45.0,100.0,,,,True,"32 MB, SDR, 256 bit",45 MHz,100 MHz,2 / 0 / 1 / 1,"Mar 1st, 1999",baraazaid/cpu-and-gpu-stats
992da908bdc211f33f50,Fire GL2,RC1000,2000-06-01,AGP 4x,0.0625,,120.0,120.0,,,,True,"64 MB, DDR, 256 bit",120 MHz,120 MHz,2 / 1 / 4 / 1,"Jun 1st, 2000",baraazaid/cpu-and-gpu-stats
f10b21f2e009755192bc,Fire GL3,RC1000,2000-06-01,AGP 4x,0.125,,120.0,125.0,,,,True,"128 MB, DDR, 256 bit",120 MHz,125 MHz,2 / 1 / 4 / 1,"Jun 1st, 2000",baraazaid/cpu-and-gpu-stats
d91d5455a51071a79eac,Fire GL4,RC1000,2001-03-14,AGP Pro 8x,0.125,,150.0,150.0,,,,True,"128 MB, DDR, 256 bit",150 MHz,150 MHz,2 / 1 / 4 / 1,"Mar 14th, 2001",baraazaid/cpu-and-gpu-stats
63510c424e6282234893,FireGL 8700,R200,2001-08-14,AGP 4x,0.0625,,250.0,270.0,,,,True,"64 MB, DDR, 128 bit",250 MHz,270 MHz,4 / 2 / 8 / 4,"Aug 14th, 2001",baraazaid/cpu-and-gpu-stats
48b693fe7b84a0bf396a,FireGL 8800,R200,2001-08-14,AGP 4x,0.125,,300.0,290.0,,,,True,"128 MB, DDR, 128 bit",300 MHz,290 MHz,4 / 2 / 8 / 4,"Aug 14th, 2001",baraazaid/cpu-and-gpu-stats
4860ca8a5e87e3e90a23,FireGL 9500 Z1-128,R300,2002-10-01,AGP 8x,0.125,,325.0,310.0,,,,True,"128 MB, DDR, 256 bit",325 MHz,310 MHz,4 / 4 / 4 / 4,"Oct 1st, 2002",baraazaid/cpu-and-gpu-stats
936384c3d4e950644795,FireGL 9600 T2-128,RV350,2003-10-01,AGP 8x,0.125,,398.0,297.0,,,,True,"128 MB, DDR, 128 bit",398 MHz,297 MHz,4 / 2 / 4 / 4,"Oct 1st, 2003",baraazaid/cpu-and-gpu-stats
3b531fd54899e1127687,FireGL 9600 T2-64S,RV350,2003-10-01,AGP 8x,0.0625,,324.0,203.0,,,,True,"64 MB, DDR, 128 bit",324 MHz,203 MHz,4 / 2 / 4 / 4,"Oct 1st, 2003",baraazaid/cpu-and-gpu-stats
d2a405f5a9ff1dd55f7d,FireGL 9700 X1-128,R300,2002-07-23,AGP 8x,0.125,,325.0,310.0,,,,True,"128 MB, DDR, 256 bit",325 MHz,310 MHz,8 / 4 / 8 / 8,"Jul 23rd, 2002",baraazaid/cpu-and-gpu-stats
5a81f450c6537bd73f68,FireGL 9700 X1-256,R300,2002-07-23,AGP 8x,0.25,,325.0,310.0,,,,True,"256 MB, DDR, 256 bit",325 MHz,310 MHz,8 / 4 / 8 / 8,"Jul 23rd, 2002",baraazaid/cpu-and-gpu-stats
b27bcf1343db1e4f0cd0,FireGL 9700 X1-256p,R300,2002-07-23,AGP Pro 8x,0.25,,324.0,276.0,,,,True,"256 MB, DDR, 256 bit",324 MHz,276 MHz,8 / 4 / 8 / 8,"Jul 23rd, 2002",baraazaid/cpu-and-gpu-stats
4cbbd97cbc966cf3d2aa,FireGL 9800 X2-256,R360,2003-03-01,AGP 8x,0.25,DDR2,380.0,350.0,,,,True,"256 MB, DDR2, 256 bit",380 MHz,350 MHz,8 / 4 / 8 / 8,"Mar 1st, 2003",baraazaid/cpu-and-gpu-stats
1288efe5032695753365,FireGL 9800 X2-256T,R360,2003-10-01,AGP 8x,0.25,DDR2,412.0,344.0,,,,True,"256 MB, DDR2, 256 bit",412 MHz,344 MHz,8 / 4 / 8 / 8,"Oct 1st, 2003",baraazaid/cpu-and-gpu-stats
2736eb5859ff02884392,FireGL V3100,RV370,2004-09-01,PCIe 1.0 x16,0.125,,391.0,196.0,,,,True,"128 MB, DDR, 64 bit",391 MHz,196 MHz,4 / 2 / 4 / 4,"Sep 1st, 2004",baraazaid/cpu-and-gpu-stats
e0bbb95a5aa8cd1c3220,FireGL V3200,RV380,2004-09-01,PCIe 1.0 x16,0.125,,500.0,350.0,,,,True,"128 MB, DDR, 128 bit",500 MHz,350 MHz,4 / 2 / 4 / 4,"Sep 1st, 2004",baraazaid/cpu-and-gpu-stats
e54370ffbf8d28a32d58,FireGL V3300,RV515,2005-10-01,PCIe 1.0 x16,0.125,DDR2,600.0,400.0,,,,True,"128 MB, DDR2, 64 bit",600 MHz,400 MHz,4 / 2 / 4 / 4,"Oct 1st, 2005",baraazaid/cpu-and-gpu-stats
9d1c4fe8b8a439ffcef8,FireGL V3350,RV515,2005-10-01,PCIe 1.0 x16,0.25,DDR2,600.0,400.0,,,,True,"256 MB, DDR2, 64 bit",600 MHz,400 MHz,4 / 2 / 4 / 4,"Oct 1st, 2005",baraazaid/cpu-and-gpu-stats
93cc9d814b960bb73d23,FireGL V3400,RV530,2005-10-01,PCIe 1.0 x16,0.125,GDDR3,500.0,500.0,,,,True,"128 MB, GDDR3, 128 bit",500 MHz,500 MHz,12 / 5 / 4 / 4,"Oct 1st, 2005",baraazaid/cpu-and-gpu-stats
41609156714dc6c4c6e7,FireGL V3600,RV630,2007-06-28,PCIe 1.0 x16,0.25,DDR2,600.0,500.0,120,8,4,True,"256 MB, DDR2, 128 bit",600 MHz,500 MHz,120 / 8 / 4,"Jun 28th, 2007",baraazaid/cpu-and-gpu-stats
0631be81b74cec6c58ed,FireGL V5000,RV410,2004-09-01,PCIe 1.0 x16,0.125,GDDR3,425.0,430.0,,,,True,"128 MB, GDDR3, 128 bit",425 MHz,430 MHz,8 / 6 / 8 / 8,"Sep 1st, 2004",baraazaid/cpu-and-gpu-stats
8081cdcf0b9783d79d16,FireGL V5100,R423,2004-05-01,PCIe 1.0 x16,0.125,,450.0,350.0,,,,True,"128 MB, DDR, 256 bit",450 MHz,350 MHz,12 / 6 / 12 / 12,"May 1st, 2004",baraazaid/cpu-and-gpu-stats
c810088e174bc08e9bc4,FireGL V5200,RV530,2005-10-01,PCIe 1.0 x16,0.125,GDDR3,600.0,700.0,,,,True,"128 MB, GDDR3, 128 bit",600 MHz,700 MHz,12 / 5 / 4 / 4,"Oct 1st, 2005",baraazaid/cpu-and-gpu-stats
7a7dfadefb0ec8d62ab3,FireGL V5600,RV630,2007-08-06,PCIe 1.0 x16,0.5,GDDR4,800.0,1100.0,120,8,4,True,"512 MB, GDDR4, 128 bit",800 MHz,1100 MHz,120 / 8 / 4,"Aug 6th, 2007",baraazaid/cpu-and-gpu-stats
f1772a1ac36458113865,FireGL V7100,R423,2004-12-01,PCIe 1.0 x16,0.25,GDDR3,493.0,475.0,,,,True,"256 MB, GDDR3, 256 bit",493 MHz,475 MHz,16 / 6 / 16 / 16,"Dec 1st, 2004",baraazaid/cpu-and-gpu-stats
7c34c811d3c70473db70,FireGL V7200,R520,2005-10-01,PCIe 1.0 x16,0.25,GDDR3,600.0,650.0,,,,True,"256 MB, GDDR3, 256 bit",600 MHz,650 MHz,16 / 8 / 16 / 16,"Oct 1st, 2005",baraazaid/cpu-and-gpu-stats
3765896dd0828213fc06,FireGL V7300,R520,2005-10-01,PCIe 1.0 x16,0.5,GDDR3,594.0,648.0,,,,True,"512 MB, GDDR3, 256 bit",594 MHz,648 MHz,16 / 8 / 16 / 16,"Oct 1st, 2005",baraazaid/cpu-and-gpu-stats
b4683e3cc1cd024fa78c,FireGL V7350,R520,2005-10-01,PCIe 1.0 x16,1.0,GDDR3,600.0,650.0,,,,True,"1024 MB, GDDR3, 256 bit",600 MHz,650 MHz,16 / 8 / 16 / 16,"Oct 1st, 2005",baraazaid/cpu-and-gpu-stats
821b03b0061269aa64ab,FireGL V7600,R600,2007-08-06,PCIe 1.0 x16,0.5,GDDR3,600.0,800.0,320,16,16,True,"512 MB, GDDR3, 256 bit",600 MHz,800 MHz,320 / 16 / 16,"Aug 6th, 2007",baraazaid/cpu-and-gpu-stats
4609e6a7063df046ee4d,FireGL V7700,RV670,2007-11-19,PCIe 2.0 x16,0.5,GDDR4,777.0,1126.0,320,16,16,True,"512 MB, GDDR4, 256 bit",777 MHz,1126 MHz,320 / 16 / 16,"Nov 19th, 2007",baraazaid/cpu-and-gpu-stats
f8c1c65e8e265d279c7e,FireGL V8600,R600,2007-05-14,PCIe 1.0 x16,1.0,GDDR4,688.0,868.0,320,16,16,True,"1024 MB, GDDR4, 512 bit",688 MHz,868 MHz,320 / 16 / 16,"May 14th, 2007",baraazaid/cpu-and-gpu-stats
7e07ae214286fcd516cd,FireGL V8650,R600,2007-08-06,PCIe 1.0 x16,2.0,GDDR4,688.0,868.0,320,16,16,True,"2 GB, GDDR4, 512 bit",688 MHz,868 MHz,320 / 16 / 16,"Aug 6th, 2007",baraazaid/cpu-and-gpu-stats
1f5c617ef8d9016935e2,FireGL X3-256,R420,2004-08-03,AGP 8x,0.25,GDDR3,491.0,454.0,,,,True,"256 MB, GDDR3, 256 bit",491 MHz,454 MHz,12 / 6 / 12 / 12,"Aug 3rd, 2004",baraazaid/cpu-and-gpu-stats
49d0b5e4d00811b410e0,FireMV 2200,RV370,2006-01-01,PCIe 1.0 x16,0.125,,324.0,196.0,,,,True,"128 MB, DDR, 64 bit",324 MHz,196 MHz,4 / 2 / 4 / 4,2006,baraazaid/cpu-and-gpu-stats
b855993ee8327c47854b,FireMV 2200 PCI,RV280,2006-01-01,PCI,0.0625,,240.0,200.0,,,,True,"64 MB, DDR, 64 bit",240 MHz,200 MHz,4 / 1 / 4 / 4,2006,baraazaid/cpu-and-gpu-stats
0886c0ce7349145444ed,FireMV 2250,RV516,2007-01-01,PCIe 1.0 x16,0.25,DDR2,600.0,400.0,,,,True,"256 MB, DDR2, 128 bit",600 MHz,400 MHz,4 / 2 / 4 / 4,2007,baraazaid/cpu-and-gpu-stats
bfe1baed1297f3d28f59,FireMV 2250 PCIe x1,RV516,2007-01-01,PCIe 1.0 x1,0.25,DDR2,600.0,400.0,,,,True,"256 MB, DDR2, 128 bit",600 MHz,400 MHz,4 / 2 / 4 / 4,2007,baraazaid/cpu-and-gpu-stats
333130afc332f46ea2c0,FireMV 2260,RV620,2008-01-01,PCIe 2.0 x16,0.25,DDR2,500.0,500.0,40,4,4,True,"256 MB, DDR2, 64 bit",500 MHz,500 MHz,40 / 4 / 4,2008,baraazaid/cpu-and-gpu-stats
7b2aeca12cb6d18a3348,FireMV 2260 PCIe x1,RV620,2008-01-01,PCIe 2.0 x1,0.25,DDR2,500.0,500.0,40,4,4,True,"256 MB, DDR2, 64 bit",500 MHz,500 MHz,40 / 4 / 4,2008,baraazaid/cpu-and-gpu-stats
8dd213b8809d32420b04,FireMV 2400 PCI,RV380,2008-01-01,PCI,0.125,,500.0,500.0,,,,True,"128 MB, DDR, 128 bit",500 MHz,500 MHz,4 / 2 / 4 / 4,2008,baraazaid/cpu-and-gpu-stats
b8233693860d0d2f27e7,FireMV 2400 PCIe x1,RV380,2008-01-01,PCIe 2.0 x1,0.0625,DDR3,250.0,203.0,,,,True,"64 MB, DDR3, 128 bit",250 MHz,203 MHz,4 / 2 / 4 / 4,2008,baraazaid/cpu-and-gpu-stats
5c52ec0bf202cc08bd1d,FirePro 2260 PCI,RV620,2008-01-01,PCI,0.25,DDR2,500.0,500.0,40,4,4,True,"256 MB, DDR2, 64 bit",500 MHz,500 MHz,40 / 4 / 4,2008,baraazaid/cpu-and-gpu-stats
06159c1ec637fe603320,FirePro 2460 Multi-View,Cedar,2010-04-01,PCIe 2.0 x16,0.5,DDR3,500.0,500.0,80,8,4,True,"512 MB, DDR3, 256 bit",500 MHz,500 MHz,80 / 8 / 4,"Apr 1st, 2010",baraazaid/cpu-and-gpu-stats
81c46b684db2739af14d,FirePro A300,Devastator,2012-06-06,PCIe 2.0 x16,,,760.0,,384,24,8,True,System Shared,760 MHz,System Shared,384 / 24 / 8,"Jun 6th, 2012",baraazaid/cpu-and-gpu-stats
67b57ed472a70df640f5,FirePro A320,Devastator,2012-06-06,PCIe 2.0 x16,,,800.0,,384,24,8,True,System Shared,800 MHz,System Shared,384 / 24 / 8,"Jun 6th, 2012",baraazaid/cpu-and-gpu-stats
3b8c41aa614ddceccdfc,FirePro D300,Pitcairn,2014-01-18,PCIe 3.0 x16,2.0,GDDR5,850.0,1270.0,1280,80,32,True,"2 GB, GDDR5, 256 bit",850 MHz,1270 MHz,1280 / 80 / 32,"Jan 18th, 2014",baraazaid/cpu-and-gpu-stats
b10881ba78bac20fb13c,FirePro D500,Tahiti,2014-01-18,PCIe 3.0 x16,3.0,GDDR5,725.0,1270.0,1536,96,32,True,"3 GB, GDDR5, 384 bit",725 MHz,1270 MHz,1536 / 96 / 32,"Jan 18th, 2014",baraazaid/cpu-and-gpu-stats
d1ccc24b78e2788ea0e0,FirePro D700,Tahiti,2014-01-18,PCIe 3.0 x16,6.0,GDDR5,850.0,1370.0,2048,128,32,True,"6 GB, GDDR5, 384 bit",850 MHz,1370 MHz,2048 / 128 / 32,"Jan 18th, 2014",baraazaid/cpu-and-gpu-stats
35689be7b4817c955adb,FirePro M2000,Turks,2012-07-01,PCIe 2.0 x16,1.0,GDDR5,500.0,800.0,480,24,8,True,"1024 MB, GDDR5, 64 bit",500 MHz,800 MHz,480 / 24 / 8,"Jul 1st, 2012",baraazaid/cpu-and-gpu-stats
00050db94adc5c34dec2,FirePro M3900,Seymour,2010-10-19,PCIe 2.0 x16,1.0,GDDR3,750.0,900.0,160,8,4,True,"1024 MB, GDDR3, 64 bit",750 MHz,900 MHz,160 / 8 / 4,"Oct 19th, 2010",baraazaid/cpu-and-gpu-stats
77876db0fd5194f70eff,FirePro M4000,Chelsea,2012-06-27,MXM-A (3.0),1.0,GDDR5,675.0,1000.0,512,32,16,True,"1024 MB, GDDR5, 128 bit",675 MHz,1000 MHz,512 / 32 / 16,"Jun 27th, 2012",baraazaid/cpu-and-gpu-stats
412970abd368e95ca96b,FirePro M4100,Mars,2013-10-16,PCIe 3.0 x8,2.0,GDDR5,670.0,1000.0,384,24,8,True,"2 GB, GDDR5, 128 bit",670 MHz,1000 MHz,384 / 24 / 8,"Oct 16th, 2013",baraazaid/cpu-and-gpu-stats
4ca068b4dd2f35c4ae09,FirePro M4150,Opal,2013-10-16,PCIe 3.0 x8,1.0,GDDR5,715.0,1000.0,384,24,8,True,"1024 MB, GDDR5, 128 bit",715 MHz,1000 MHz,384 / 24 / 8,"Oct 16th, 2013",baraazaid/cpu-and-gpu-stats
aa5c92a024d1c69dc12d,FirePro M5100,Venus,2013-10-16,MXM-A (3.0),2.0,GDDR5,725.0,1125.0,640,40,16,True,"2 GB, GDDR5, 128 bit",725 MHz,1125 MHz,640 / 40 / 16,"Oct 16th, 2013",baraazaid/cpu-and-gpu-stats
043995610ff5a96d9492,FirePro M5800,Madison,2010-03-01,PCIe 2.0 x16,1.0,GDDR5,650.0,800.0,400,20,8,True,"1024 MB, GDDR5, 128 bit",650 MHz,800 MHz,400 / 20 / 8,"Mar 1st, 2010",baraazaid/cpu-and-gpu-stats
7e26bea363c2edc579e6,FirePro M6000,Heathrow,2012-07-01,MXM-B (3.0),2.0,GDDR5,800.0,1000.0,640,40,16,True,"2 GB, GDDR5, 128 bit",800 MHz,1000 MHz,640 / 40 / 16,"Jul 1st, 2012",baraazaid/cpu-and-gpu-stats
c22f09ea73525db5943a,FirePro M6100,Saturn,2013-10-16,MXM-B (3.0),2.0,GDDR5,1075.0,1375.0,768,48,16,True,"2 GB, GDDR5, 128 bit",1075 MHz,1375 MHz,768 / 48 / 16,"Oct 16th, 2013",baraazaid/cpu-and-gpu-stats
d77b25dabf6a303f631b,FirePro M7820,Broadway,2010-05-01,PCIe 2.0 x16,1.0,GDDR5,700.0,1000.0,800,40,16,True,"1024 MB, GDDR5, 128 bit",700 MHz,1000 MHz,800 / 40 / 16,"May 1st, 2010",baraazaid/cpu-and-gpu-stats
09f52f927222bf34bbb4,FirePro R5000,Pitcairn,2013-02-25,PCIe 3.0 x16,2.0,GDDR5,825.0,800.0,768,48,32,True,"2 GB, GDDR5, 256 bit",825 MHz,800 MHz,768 / 48 / 32,"Feb 25th, 2013",baraazaid/cpu-and-gpu-stats
95fce27e0f1a0097f4b8,FirePro RG220,M93,2010-05-04,PCIe 2.0 x16,0.5,GDDR3,500.0,800.0,80,8,4,True,"512 MB, GDDR3, 256 bit",500 MHz,800 MHz,80 / 8 / 4,"May 4th, 2010",baraazaid/cpu-and-gpu-stats
111f0d9a36488e88a66c,FirePro RG220A,M93,2010-05-04,PCIe 2.0 x16,0.5,GDDR3,500.0,800.0,80,8,4,True,"512 MB, GDDR3, 256 bit",500 MHz,800 MHz,80 / 8 / 4,"May 4th, 2010",baraazaid/cpu-and-gpu-stats
e3b2ea43cdf3ca4e952c,FirePro S10000,Tahiti,2012-11-12,PCIe 3.0 x16,3.0,GDDR5,825.0,1250.0,1792,112,32,True,"3 GB, GDDR5, 384 bit",825 MHz,1250 MHz,1792 / 112 / 32,"Nov 12th, 2012",baraazaid/cpu-and-gpu-stats
c50aa50548c814f85e55,FirePro S10000 Passive,Tahiti,2012-11-12,PCIe 3.0 x16,3.0,GDDR5,825.0,1250.0,1792,112,32,True,"3 GB, GDDR5, 384 bit",825 MHz,1250 MHz,1792 / 112 / 32,"Nov 12th, 2012",baraazaid/cpu-and-gpu-stats
9c5d49ad5d5c5d8fb34f,FirePro S10000 Passive 12GB,Tahiti,2014-03-01,PCIe 3.0 x16,6.0,GDDR5,825.0,1250.0,1792,112,32,True,"6 GB, GDDR5, 384 bit",825 MHz,1250 MHz,1792 / 112 / 32,"Mar 1st, 2014",baraazaid/cpu-and-gpu-stats
0718856b950212ff6080,FirePro S4000X,Venus,2014-08-07,PCIe 3.0 x16,2.0,GDDR5,725.0,1125.0,640,40,16,True,"2 GB, GDDR5, 128 bit",725 MHz,1125 MHz,640 / 40 / 16,"Aug 7th, 2014",baraazaid/cpu-and-gpu-stats
e3d7b447caf35eef562f,FirePro S7000,Pitcairn,2012-08-27,PCIe 3.0 x16,4.0,GDDR5,950.0,1200.0,1280,80,32,True,"4 GB, GDDR5, 256 bit",950 MHz,1200 MHz,1280 / 80 / 32,"Aug 27th, 2012",baraazaid/cpu-and-gpu-stats
f3dec1796b7404149643,FirePro S7100X,Amethyst,2016-05-25,PCIe 3.0 x16,8.0,GDDR5,725.0,1250.0,2048,128,32,True,"8 GB, GDDR5, 256 bit",725 MHz,1250 MHz,2048 / 128 / 32,"May 25th, 2016",baraazaid/cpu-and-gpu-stats
391dba6d562cbf4046e7,FirePro S7150,Tonga,2016-02-01,PCIe 3.0 x16,8.0,GDDR5,920.0,1250.0,2048,128,32,True,"8 GB, GDDR5, 256 bit",920 MHz,1250 MHz,2048 / 128 / 32,"Feb 1st, 2016",baraazaid/cpu-and-gpu-stats
4b16078829baa687eae8,FirePro S7150 x2,Tonga,2016-02-01,PCIe 3.0 x16,8.0,GDDR5,1050.0,1250.0,1792,112,32,True,"8 GB, GDDR5, 256 bit",1050 MHz,1250 MHz,1792 / 112 / 32,"Feb 1st, 2016",baraazaid/cpu-and-gpu-stats
447a53e588bded8a1d24,FirePro S9000,Tahiti,2012-08-24,PCIe 3.0 x16,6.0,GDDR5,900.0,1375.0,1792,112,32,True,"6 GB, GDDR5, 384 bit",900 MHz,1375 MHz,1792 / 112 / 32,"Aug 24th, 2012",baraazaid/cpu-and-gpu-stats
2bb1b9354f378bd56234,FirePro S9010,Tahiti,2012-08-24,PCIe 3.0 x16,3.0,GDDR5,800.0,1250.0,1792,112,32,True,"3 GB, GDDR5, 384 bit",800 MHz,1250 MHz,1792 / 112 / 32,"Aug 24th, 2012",baraazaid/cpu-and-gpu-stats
57dc88c8f78b1d40a0d2,FirePro S9050,Tahiti,2014-08-07,PCIe 3.0 x16,12.0,GDDR5,900.0,1375.0,1792,112,32,True,"12 GB, GDDR5, 384 bit",900 MHz,1375 MHz,1792 / 112 / 32,"Aug 7th, 2014",baraazaid/cpu-and-gpu-stats
c6768b4f916646fe6d10,FirePro S9100,Hawaii,2014-10-02,PCIe 3.0 x16,12.0,GDDR5,824.0,1250.0,2560,160,64,True,"12 GB, GDDR5, 512 bit",824 MHz,1250 MHz,2560 / 160 / 64,"Oct 2nd, 2014",baraazaid/cpu-and-gpu-stats
1802687690b945f4619e,FirePro S9150,Hawaii,2014-08-07,PCIe 3.0 x16,16.0,GDDR5,900.0,1250.0,2816,176,64,True,"16 GB, GDDR5, 512 bit",900 MHz,1250 MHz,2816 / 176 / 64,"Aug 7th, 2014",baraazaid/cpu-and-gpu-stats
e016f3d46b6313961597,FirePro S9170,Hawaii,2015-07-08,PCIe 3.0 x16,32.0,GDDR5,930.0,1250.0,2816,176,64,True,"32 GB, GDDR5, 512 bit",930 MHz,1250 MHz,2816 / 176 / 64,"Jul 8th, 2015",baraazaid/cpu-and-gpu-stats
e83355a545c9f786c288,FirePro S9300 X2,Capsaicin,2016-03-31,PCIe 3.0 x16,4.0,HBM,975.0,500.0,4096,256,64,True,"4 GB, HBM, 4096 bit",975 MHz,500 MHz,4096 / 256 / 64,"Mar 31st, 2016",baraazaid/cpu-and-gpu-stats
f0bdfe192c529d60c4fa,FirePro V3700,RV620,2008-08-08,PCIe 2.0 x16,0.25,GDDR3,800.0,950.0,40,4,4,True,"256 MB, GDDR3, 64 bit",800 MHz,950 MHz,40 / 4 / 4,"Aug 8th, 2008",baraazaid/cpu-and-gpu-stats
b4f92b69ff60640a71b9,FirePro V3750,RV730,2008-09-11,PCIe 2.0 x16,0.25,GDDR3,550.0,700.0,320,32,8,True,"256 MB, GDDR3, 128 bit",550 MHz,700 MHz,320 / 32 / 8,"Sep 11th, 2008",baraazaid/cpu-and-gpu-stats
1653ebb68e1cd6d92d2e,FirePro V3800,Redwood,2010-04-26,PCIe 2.0 x16,0.5,DDR3,650.0,900.0,400,20,8,True,"512 MB, DDR3, 64 bit",650 MHz,900 MHz,400 / 20 / 8,"Apr 26th, 2010",baraazaid/cpu-and-gpu-stats
dac3ec3d226df9497d91,FirePro V3900,Turks,2012-02-07,PCIe 2.0 x16,1.0,GDDR3,650.0,900.0,480,24,8,True,"1024 MB, GDDR3, 128 bit",650 MHz,900 MHz,480 / 24 / 8,"Feb 7th, 2012",baraazaid/cpu-and-gpu-stats
c511d4ba12b3a7dc5625,FirePro V4800,Redwood,2010-04-26,PCIe 2.0 x16,1.0,GDDR5,775.0,900.0,400,20,8,True,"1024 MB, GDDR5, 128 bit",775 MHz,900 MHz,400 / 20 / 8,"Apr 26th, 2010",baraazaid/cpu-and-gpu-stats
995ac9110740fa066e18,FirePro V5700,RV730,2008-08-08,PCIe 2.0 x16,0.5,GDDR3,700.0,900.0,320,32,8,True,"512 MB, GDDR3, 128 bit",700 MHz,900 MHz,320 / 32 / 8,"Aug 8th, 2008",baraazaid/cpu-and-gpu-stats
a05dd3531e9dbe4ecc4e,FirePro V5800,Juniper,2010-04-26,PCIe 2.0 x16,1.0,GDDR5,690.0,1000.0,800,40,16,True,"1024 MB, GDDR5, 128 bit",690 MHz,1000 MHz,800 / 40 / 16,"Apr 26th, 2010",baraazaid/cpu-and-gpu-stats
9d27dc8fdcf7f4dece7b,FirePro V5800 DVI,Juniper,2010-04-26,PCIe 2.0 x16,1.0,GDDR5,690.0,1000.0,800,40,16,True,"1024 MB, GDDR5, 128 bit",690 MHz,1000 MHz,800 / 40 / 16,"Apr 26th, 2010",baraazaid/cpu-and-gpu-stats
70d138135ce2e0719001,FirePro V7760,RV770,2012-01-01,PCIe 2.0 x16,1.0,GDDR3,750.0,850.0,800,40,8,True,"1024 MB, GDDR3, 128 bit",750 MHz,850 MHz,800 / 40 / 8,2012,baraazaid/cpu-and-gpu-stats
23a2a6b1a83c32282608,FirePro V7770,RV770,2012-01-01,PCIe 2.0 x16,1.0,GDDR4,625.0,1050.0,800,40,8,True,"1024 MB, GDDR4, 128 bit",625 MHz,1050 MHz,800 / 40 / 8,2012,baraazaid/cpu-and-gpu-stats
02b57c95c1644b3c28c0,FirePro V7800,Cypress,2010-04-26,PCIe 2.0 x16,2.0,GDDR5,700.0,1000.0,1440,72,32,True,"2 GB, GDDR5, 256 bit",700 MHz,1000 MHz,1440 / 72 / 32,"Apr 26th, 2010",baraazaid/cpu-and-gpu-stats
8341c4e086e78c565cc7,FirePro V8700,RV770,2008-09-11,PCIe 2.0 x16,1.0,GDDR5,750.0,850.0,800,40,16,True,"1024 MB, GDDR5, 256 bit",750 MHz,850 MHz,800 / 40 / 16,"Sep 11th, 2008",baraazaid/cpu-and-gpu-stats
ec8cc912b11679a511e5,FirePro V8700 Duo,RV770,,PCIe 2.0 x16,1.0,GDDR5,750.0,850.0,800,40,16,True,"1024 MB, GDDR5, 256 bit",750 MHz,850 MHz,800 / 40 / 16,Never Released,baraazaid/cpu-and-gpu-stats
bf8b1f0866987e4c7019,FirePro V8750,RV770,2008-07-28,PCIe 2.0 x16,2.0,GDDR5,750.0,900.0,800,40,16,True,"2 GB, GDDR5, 256 bit",750 MHz,900 MHz,800 / 40 / 16,"Jul 28th, 2008",baraazaid/cpu-and-gpu-stats
5f711e3f87763c918e10,FirePro V8800,Cypress,2010-04-07,PCIe 2.0 x16,2.0,GDDR5,825.0,1150.0,1600,80,32,True,"2 GB, GDDR5, 256 bit",825 MHz,1150 MHz,1600 / 80 / 32,"Apr 7th, 2010",baraazaid/cpu-and-gpu-stats
91f5f45f2e4fef9e59d0,FirePro V9800,Cypress,2010-09-09,PCIe 2.0 x16,4.0,GDDR5,850.0,1150.0,1600,80,32,True,"4 GB, GDDR5, 256 bit",850 MHz,1150 MHz,1600 / 80 / 32,"Sep 9th, 2010",baraazaid/cpu-and-gpu-stats
bf5d449b4c49dc0f2b22,FirePro V9800P,Cypress,2010-09-09,PCIe 2.0 x16,4.0,GDDR5,850.0,1150.0,1600,80,32,True,"4 GB, GDDR5, 256 bit",850 MHz,1150 MHz,1600 / 80 / 32,"Sep 9th, 2010",baraazaid/cpu-and-gpu-stats
d9f42b8b772c85291ba0,FirePro W2100,Oland,2014-08-12,PCIe 3.0 x8,2.0,DDR3,630.0,900.0,320,20,8,True,"2 GB, DDR3, 128 bit",630 MHz,900 MHz,320 / 20 / 8,"Aug 12th, 2014",baraazaid/cpu-and-gpu-stats
4dce69621fcdc504a4e8,FirePro W4000,Pitcairn,2012-08-07,PCIe 3.0 x16,2.0,GDDR5,825.0,800.0,768,48,32,True,"2 GB, GDDR5, 256 bit",825 MHz,800 MHz,768 / 48 / 32,"Aug 7th, 2012",baraazaid/cpu-and-gpu-stats
61a2dcb381a28e41dd3c,FirePro W4100,Cape Verde,2014-08-13,PCIe 3.0 x16,2.0,GDDR5,630.0,1000.0,512,32,16,True,"2 GB, GDDR5, 128 bit",630 MHz,1000 MHz,512 / 32 / 16,"Aug 13th, 2014",baraazaid/cpu-and-gpu-stats
bbd452b6b1ea4af5f1e1,FirePro W4170M,Mars,2014-04-28,PCIe 3.0 x8,2.0,GDDR5,825.0,1000.0,384,24,8,True,"2 GB, GDDR5, 128 bit",825 MHz,1000 MHz,384 / 24 / 8,"Apr 28th, 2014",baraazaid/cpu-and-gpu-stats
b5f5ff26ff178d0b4a9d,FirePro W4170M,Opal,2015-04-23,PCIe 3.0 x8,2.0,GDDR5,825.0,1000.0,384,24,8,True,"2 GB, GDDR5, 128 bit",825 MHz,1000 MHz,384 / 24 / 8,"Apr 23rd, 2015",baraazaid/cpu-and-gpu-stats
cfed96a15c948c7f7e03,FirePro W4190M,Opal,2015-11-12,PCIe 3.0 x8,2.0,GDDR5,825.0,1000.0,384,24,8,True,"2 GB, GDDR5, 128 bit",825 MHz,1000 MHz,384 / 24 / 8,"Nov 12th, 2015",baraazaid/cpu-and-gpu-stats
99a1b3465b438448dcec,FirePro W4300,Bonaire,2015-12-01,PCIe 3.0 x16,4.0,GDDR5,930.0,1500.0,768,48,16,True,"4 GB, GDDR5, 128 bit",930 MHz,1500 MHz,768 / 48 / 16,"Dec 1st, 2015",baraazaid/cpu-and-gpu-stats
e9d2fbc885fae40ee2c0,FirePro W5000,Pitcairn,2012-08-07,PCIe 3.0 x16,2.0,GDDR5,825.0,800.0,768,48,32,True,"2 GB, GDDR5, 256 bit",825 MHz,800 MHz,768 / 48 / 32,"Aug 7th, 2012",baraazaid/cpu-and-gpu-stats
bd24e334f9bdfe7d1b1e,FirePro W5000 DVI,Pitcairn,2013-02-25,PCIe 3.0 x16,2.0,GDDR5,825.0,800.0,768,48,32,True,"2 GB, GDDR5, 256 bit",825 MHz,800 MHz,768 / 48 / 32,"Feb 25th, 2013",baraazaid/cpu-and-gpu-stats
4133bb9c501ad74e6862,FirePro W5100,Bonaire,2014-03-31,PCIe 3.0 x16,4.0,GDDR5,930.0,1500.0,768,48,16,True,"4 GB, GDDR5, 128 bit",930 MHz,1500 MHz,768 / 48 / 16,"Mar 31st, 2014",baraazaid/cpu-and-gpu-stats
510bf2438d8ef4c50c4e,FirePro W5130M,Tropo,2015-10-02,PCIe 3.0 x16,2.0,GDDR5,900.0,1000.0,512,32,16,True,"2 GB, GDDR5, 128 bit",900 MHz,1000 MHz,512 / 32 / 16,"Oct 2nd, 2015",baraazaid/cpu-and-gpu-stats
c493ad12a1a942e2d1b6,FirePro W5170M,Tropo,2014-08-25,MXM-A (3.0),2.0,GDDR5,900.0,1125.0,640,40,16,True,"2 GB, GDDR5, 128 bit",900 MHz,1125 MHz,640 / 40 / 16,"Aug 25th, 2014",baraazaid/cpu-and-gpu-stats
d526220d03aa88d32749,FirePro W600,Cape Verde,2012-06-13,PCIe 3.0 x16,2.0,GDDR5,750.0,1000.0,512,32,16,True,"2 GB, GDDR5, 128 bit",750 MHz,1000 MHz,512 / 32 / 16,"Jun 13th, 2012",baraazaid/cpu-and-gpu-stats
8a774a823b9bddbff310,FirePro W6150M,Saturn,2015-11-12,MXM-B (3.0),4.0,GDDR5,1075.0,1375.0,768,48,16,True,"4 GB, GDDR5, 128 bit",1075 MHz,1375 MHz,768 / 48 / 16,"Nov 12th, 2015",baraazaid/cpu-and-gpu-stats
25f18e16a2609d3c3206,FirePro W6170M,Saturn,2014-08-25,MXM-B (3.0),2.0,GDDR5,1075.0,1375.0,768,48,16,True,"2 GB, GDDR5, 128 bit",1075 MHz,1375 MHz,768 / 48 / 16,"Aug 25th, 2014",baraazaid/cpu-and-gpu-stats
09ac872b29d9bfa4892b,FirePro W7000,Pitcairn,2012-06-13,PCIe 3.0 x16,4.0,GDDR5,950.0,1200.0,1280,80,32,True,"4 GB, GDDR5, 256 bit",950 MHz,1200 MHz,1280 / 80 / 32,"Jun 13th, 2012",baraazaid/cpu-and-gpu-stats
854e03a50a9363c6c4ae,FirePro W7100,Tonga,2014-08-12,PCIe 3.0 x16,8.0,GDDR5,920.0,1250.0,1792,112,32,True,"8 GB, GDDR5, 256 bit",920 MHz,1250 MHz,1792 / 112 / 32,"Aug 12th, 2014",baraazaid/cpu-and-gpu-stats
d193ee2a52b89246a7b5,FirePro W7170M,Amethyst,2015-10-02,PCIe 3.0 x16,4.0,GDDR5,723.0,1250.0,2048,128,32,True,"4 GB, GDDR5, 256 bit",723 MHz,1250 MHz,2048 / 128 / 32,"Oct 2nd, 2015",baraazaid/cpu-and-gpu-stats
926bfec8effe09c1ace7,FirePro W8000,Tahiti,2012-06-14,PCIe 3.0 x16,4.0,GDDR5,900.0,1375.0,1792,112,32,True,"4 GB, GDDR5, 256 bit",900 MHz,1375 MHz,1792 / 112 / 32,"Jun 14th, 2012",baraazaid/cpu-and-gpu-stats
deb4e017f6560430a73b,FirePro W8100,Hawaii,2014-06-23,PCIe 3.0 x16,8.0,GDDR5,824.0,1250.0,2560,160,64,True,"8 GB, GDDR5, 512 bit",824 MHz,1250 MHz,2560 / 160 / 64,"Jun 23rd, 2014",baraazaid/cpu-and-gpu-stats
0cc46b39ccfcdd07c5c9,FirePro W9000,Tahiti,2012-06-14,PCIe 3.0 x16,6.0,GDDR5,975.0,1375.0,2048,128,32,True,"6 GB, GDDR5, 384 bit",975 MHz,1375 MHz,2048 / 128 / 32,"Jun 14th, 2012",baraazaid/cpu-and-gpu-stats
d3ef537ce6e310e58a7d,FirePro W9000 X2,Tahiti,,PCIe 3.0 x16,3.0,GDDR5,825.0,1250.0,1792,112,32,True,"3 GB, GDDR5, 384 bit",825 MHz,1250 MHz,1792 / 112 / 32,Never Released,baraazaid/cpu-and-gpu-stats
c29a488b425f36374259,FirePro W9100,Hawaii,2014-03-26,PCIe 3.0 x16,16.0,GDDR5,930.0,1250.0,2816,176,64,True,"16 GB, GDDR5, 512 bit",930 MHz,1250 MHz,2816 / 176 / 64,"Mar 26th, 2014",baraazaid/cpu-and-gpu-stats
6c159812c6f1d1c673f8,FireStream 9170,RV670,2007-11-08,PCIe 2.0 x16,2.0,GDDR3,777.0,802.0,320,16,16,True,"2 GB, GDDR3, 256 bit",777 MHz,802 MHz,320 / 16 / 16,"Nov 8th, 2007",baraazaid/cpu-and-gpu-stats
11b72a71d7e4c4bbfbad,FireStream 9250,RV770,2008-06-16,PCIe 2.0 x16,1.0,GDDR3,625.0,993.0,800,40,16,True,"1024 MB, GDDR3, 256 bit",625 MHz,993 MHz,800 / 40 / 16,"Jun 16th, 2008",baraazaid/cpu-and-gpu-stats
0d66e2c8abfeb32dba01,FireStream 9270,RV770,2008-11-13,PCIe 2.0 x16,2.0,GDDR5,750.0,900.0,800,40,16,True,"2 GB, GDDR5, 256 bit",750 MHz,900 MHz,800 / 40 / 16,"Nov 13th, 2008",baraazaid/cpu-and-gpu-stats
e870e74f28e7910d4f6f,FireStream 9350,Cypress,2010-06-01,PCIe 2.0 x16,2.0,GDDR5,700.0,1000.0,1440,72,32,True,"2 GB, GDDR5, 256 bit",700 MHz,1000 MHz,1440 / 72 / 32,"Jun 1st, 2010",baraazaid/cpu-and-gpu-stats
6cec46db4047ddae838e,FireStream 9370,Cypress,2010-06-23,PCIe 2.0 x16,4.0,GDDR5,825.0,1150.0,1600,80,32,True,"4 GB, GDDR5, 256 bit",825 MHz,1150 MHz,1600 / 80 / 32,"Jun 23rd, 2010",baraazaid/cpu-and-gpu-stats
7a925f6ada2ac5ba976e,GMA 3000,Broadwater,2006-06-01,FSB,,,667.0,,,,,True,System Shared,667 MHz,System Shared,4 / 0 / 4 / 4,"Jun 1st, 2006",baraazaid/cpu-and-gpu-stats
fedd7654ce465b00c72a,GMA 3000,Broadwater,2006-06-01,FSB,,,400.0,,,,,True,System Shared,400 MHz,System Shared,4 / 0 / 4 / 4,"Jun 1st, 2006",baraazaid/cpu-and-gpu-stats
8191ddc13f4c879ed5f8,GMA 3000,Lakeport,2006-07-01,FSB,,,400.0,,,,,True,System Shared,400 MHz,System Shared,4 / 0 / 4 / 4,"Jul 1st, 2006",baraazaid/cpu-and-gpu-stats
69530dc5351217af23fb,GMA 3100,Bearlake,2007-05-09,FSB,,,400.0,,,,,True,System Shared,400 MHz,System Shared,8 / 1 / 8 / 1,"May 9th, 2007",baraazaid/cpu-and-gpu-stats
59387fda059a150205b3,GMA 3100,Bearlake,2007-05-09,FSB,,,400.0,,,,,True,System Shared,400 MHz,System Shared,4 / 0 / 4 / 4,"May 9th, 2007",baraazaid/cpu-and-gpu-stats
1d2d80a58bb6dc4ac215,GMA 3150,Pineview,2007-05-09,PCI,,,400.0,,16,2,1,True,System Shared,400 MHz,System Shared,16 / 2 / 1,"May 9th, 2007",baraazaid/cpu-and-gpu-stats
58f3a48d96e6dffac8ed,GMA 3150,Pineview,2007-05-09,FSB,,,400.0,,16,2,1,True,System Shared,400 MHz,System Shared,16 / 2 / 1,"May 9th, 2007",baraazaid/cpu-and-gpu-stats
76026feb6718b218707c,GMA 3600,Cedarview,2008-10-01,PCI,,,400.0,,32,4,1,True,System Shared,400 MHz,System Shared,32 / 4 / 1,"Oct 1st, 2008",baraazaid/cpu-and-gpu-stats
baae70186e642f277045,GMA 3650,Cedarview,2008-10-01,PCI,,,640.0,,32,4,1,True,System Shared,640 MHz,System Shared,32 / 4 / 1,"Oct 1st, 2008",baraazaid/cpu-and-gpu-stats
998e4c4c9d68b00f8dad,GMA 500,Poulsbo,2008-03-02,PCIe 1.0 x16,,,200.0,,32,4,1,True,System Shared,200 MHz,System Shared,32 / 4 / 1,"Mar 2nd, 2008",baraazaid/cpu-and-gpu-stats
1d533b1873e13fa8c5a6,GMA 900,Grantsdale,2004-06-01,FSB,,,333.0,,,,,True,System Shared,333 MHz,System Shared,4 / 0 / 4 / 4,"Jun 1st, 2004",baraazaid/cpu-and-gpu-stats
5a21577e59dc767834e8,GMA 900,Alviso,2005-01-01,FSB,,,333.0,,,,,True,System Shared,333 MHz,System Shared,4 / 0 / 4 / 4,2005,baraazaid/cpu-and-gpu-stats
e5a1d0fe996f09eaf449,GMA 950,Lakeport,2005-05-01,FSB,,,166.0,,,,,True,System Shared,166 MHz,System Shared,4 / 1 / 4 / 1,"May 1st, 2005",baraazaid/cpu-and-gpu-stats
7dfff4ec834d2f745155,GMA 950,Lakeport,2005-06-01,FSB,,,250.0,,,,,True,System Shared,250 MHz,System Shared,4 / 1 / 4 / 1,"Jun 1st, 2005",baraazaid/cpu-and-gpu-stats
a08a253ea533d392bf1f,GMA 950,Calistoga,2006-01-01,FSB,,,250.0,,,,,True,System Shared,250 MHz,System Shared,4 / 1 / 4 / 1,2006,baraazaid/cpu-and-gpu-stats
bc1091e0dfff548e37d4,GMA X3000,Broadwater,2006-06-01,FSB,,,667.0,,,,,True,System Shared,667 MHz,System Shared,4 / 0 / 4 / 4,"Jun 1st, 2006",baraazaid/cpu-and-gpu-stats
5f2e87419eb2fb743479,GMA X3000,Broadwater,2006-06-01,FSB,,,500.0,,,,,True,System Shared,500 MHz,System Shared,8 / 1 / 8 / 1,"Jun 1st, 2006",baraazaid/cpu-and-gpu-stats
3084b280df9849eeb9a3,GMA X3100,Crestline,2007-05-09,FSB,,,500.0,,,,,True,System Shared,500 MHz,System Shared,8 / 1 / 8 / 1,"May 9th, 2007",baraazaid/cpu-and-gpu-stats
b74fa6d99aa026285389,GMA X3100,Broadwater,2007-05-09,FSB,,,500.0,,,,,True,System Shared,500 MHz,System Shared,8 / 1 / 8 / 1,"May 9th, 2007",baraazaid/cpu-and-gpu-stats
7f2f8081a9c0a2ed257a,GMA X3500,Bearlake,2007-08-01,FSB,,,667.0,,,,,True,System Shared,667 MHz,System Shared,8 / 1 / 8 / 1,"Aug 1st, 2007",baraazaid/cpu-and-gpu-stats
889adbbf4abe3265ebff,GMA X4500,Eaglelake,2008-06-01,FSB,,,533.0,,80,10,1,True,System Shared,533 MHz,System Shared,80 / 10 / 1,"Jun 1st, 2008",baraazaid/cpu-and-gpu-stats
5141b905b18fd115b595,GMA X4500M,Eaglelake,2008-10-01,FSB,,,400.0,,80,10,1,True,System Shared,400 MHz,System Shared,80 / 10 / 1,"Oct 1st, 2008",baraazaid/cpu-and-gpu-stats
3d6ebf85b500c092796a,GMA X4500MHD,Cantiga,2008-09-01,FSB,,,533.0,,80,10,1,True,System Shared,533 MHz,System Shared,80 / 10 / 1,"Sep 1st, 2008",baraazaid/cpu-and-gpu-stats
1d6ff2e9002ae018f4be,GMA X4700MHD,Montevina,2008-10-01,FSB,,,640.0,,80,10,1,True,System Shared,640 MHz,System Shared,80 / 10 / 1,"Oct 1st, 2008",baraazaid/cpu-and-gpu-stats
7f689069bfc30a39859c,GRID A100A,GA100,2020-05-14,PCIe 4.0 x16,32.0,,900.0,1215.0,6912,432,192,True,"32 GB, HBM2e, 6144 bit",900 MHz,1215 MHz,6912 / 432 / 192,"May 14th, 2020",baraazaid/cpu-and-gpu-stats
c6a4d3fd036fb2cef7d3,GRID A100B,GA100,2020-05-14,PCIe 4.0 x16,48.0,,900.0,1215.0,6912,432,192,True,"48 GB, HBM2e, 6144 bit",900 MHz,1215 MHz,6912 / 432 / 192,"May 14th, 2020",baraazaid/cpu-and-gpu-stats
773331a35c58a7ab7269,GRID K1,GK107,2013-03-18,PCIe 3.0 x16,4.0,DDR3,850.0,891.0,192,16,16,True,"4 GB, DDR3, 128 bit",850 MHz,891 MHz,192 / 16 / 16,"Mar 18th, 2013",baraazaid/cpu-and-gpu-stats
2feb1fd04b9215d02099,GRID K100,GK107,2013-06-28,PCIe 3.0 x16,0.25,DDR3,850.0,891.0,192,16,16,True,"256 MB, DDR3, 128 bit",850 MHz,891 MHz,192 / 16 / 16,"Jun 28th, 2013",baraazaid/cpu-and-gpu-stats
df63033d47f0214dd72c,GRID K120Q,GK107,2014-07-02,PCIe 3.0 x16,0.5,DDR3,850.0,891.0,192,16,16,True,"512 MB, DDR3, 128 bit",850 MHz,891 MHz,192 / 16 / 16,"Jul 2nd, 2014",baraazaid/cpu-and-gpu-stats
10a51464314c1a1c136a,GRID K140Q,GK107,2013-06-28,PCIe 3.0 x16,1.0,DDR3,850.0,891.0,192,16,16,True,"1024 MB, DDR3, 128 bit",850 MHz,891 MHz,192 / 16 / 16,"Jun 28th, 2013",baraazaid/cpu-and-gpu-stats
00fc2aa4aac600ee2321,GRID K160Q,GK107,2013-06-28,PCIe 3.0 x16,1.0,DDR3,850.0,891.0,192,16,16,True,"1024 MB, DDR3, 128 bit",850 MHz,891 MHz,192 / 16 / 16,"Jun 28th, 2013",baraazaid/cpu-and-gpu-stats
96e15d09b0791b8be16f,GRID K180Q,GK107,2013-06-28,PCIe 3.0 x16,1.0,DDR3,850.0,891.0,192,16,16,True,"1024 MB, DDR3, 128 bit",850 MHz,891 MHz,192 / 16 / 16,"Jun 28th, 2013",baraazaid/cpu-and-gpu-stats
fbec232b2f5531377b33,GRID K2,GK104,2013-05-11,PCIe 3.0 x16,4.0,GDDR5,745.0,1250.0,1536,128,32,True,"4 GB, GDDR5, 256 bit",745 MHz,1250 MHz,1536 / 128 / 32,"May 11th, 2013",baraazaid/cpu-and-gpu-stats
54038dd193b894b64733,GRID K200,GK104,2013-06-28,PCIe 3.0 x16,0.25,GDDR5,745.0,1250.0,1536,128,32,True,"256 MB, GDDR5, 256 bit",745 MHz,1250 MHz,1536 / 128 / 32,"Jun 28th, 2013",baraazaid/cpu-and-gpu-stats
4f0312ecc18ded62e99c,GRID K220Q,GK104,2014-07-02,PCIe 3.0 x16,0.5,GDDR5,745.0,1250.0,1536,128,32,True,"512 MB, GDDR5, 256 bit",745 MHz,1250 MHz,1536 / 128 / 32,"Jul 2nd, 2014",baraazaid/cpu-and-gpu-stats
9d36b8df23357a7046a5,GRID K240Q,GK104,2013-06-28,PCIe 3.0 x16,1.0,GDDR5,745.0,1250.0,1536,128,32,True,"1024 MB, GDDR5, 256 bit",745 MHz,1250 MHz,1536 / 128 / 32,"Jun 28th, 2013",baraazaid/cpu-and-gpu-stats
e1a67d8d4910ae18e8f8,GRID K260Q,GK104,2013-06-28,PCIe 3.0 x16,2.0,GDDR5,745.0,1250.0,1536,128,32,True,"2 GB, GDDR5, 256 bit",745 MHz,1250 MHz,1536 / 128 / 32,"Jun 28th, 2013",baraazaid/cpu-and-gpu-stats
460fb048e11bba4981af,GRID K280Q,GK104,2013-06-28,PCIe 3.0 x16,4.0,GDDR5,745.0,1250.0,1536,128,32,True,"4 GB, GDDR5, 256 bit",745 MHz,1250 MHz,1536 / 128 / 32,"Jun 28th, 2013",baraazaid/cpu-and-gpu-stats
306ec1cceccf0744882b,GRID K340,GK107,2013-07-23,PCIe 3.0 x16,1.0,GDDR5,954.0,1250.0,384,32,16,True,"1024 MB, GDDR5, 128 bit",954 MHz,1250 MHz,384 / 32 / 16,"Jul 23rd, 2013",baraazaid/cpu-and-gpu-stats
b6a13e147cbd13a29778,GRID K500,GK104,2014-07-02,PCIe 3.0 x16,4.0,GDDR5,745.0,1250.0,1536,128,32,True,"4 GB, GDDR5, 256 bit",745 MHz,1250 MHz,1536 / 128 / 32,"Jul 2nd, 2014",baraazaid/cpu-and-gpu-stats
04b0e1ab9c06b9935c56,GRID K520,GK104,2013-07-23,PCIe 3.0 x16,4.0,GDDR5,745.0,1250.0,1536,128,32,True,"4 GB, GDDR5, 256 bit",745 MHz,1250 MHz,1536 / 128 / 32,"Jul 23rd, 2013",baraazaid/cpu-and-gpu-stats
9b8b538e24a88ad35f35,GRID K520Q,GK104,2014-07-02,PCIe 3.0 x16,4.0,GDDR5,745.0,1250.0,1536,128,32,True,"4 GB, GDDR5, 256 bit",745 MHz,1250 MHz,1536 / 128 / 32,"Jul 2nd, 2014",baraazaid/cpu-and-gpu-stats
c99d22e7f20a7d7a71c4,GRID K540Q,GK104,2014-07-02,PCIe 3.0 x16,4.0,GDDR5,745.0,1250.0,1536,128,32,True,"4 GB, GDDR5, 256 bit",745 MHz,1250 MHz,1536 / 128 / 32,"Jul 2nd, 2014",baraazaid/cpu-and-gpu-stats
5d2d86ca7b878a2ec367,GRID K560Q,GK104,2014-07-02,PCIe 3.0 x16,4.0,GDDR5,745.0,1250.0,1536,128,32,True,"4 GB, GDDR5, 256 bit",745 MHz,1250 MHz,1536 / 128 / 32,"Jul 2nd, 2014",baraazaid/cpu-and-gpu-stats
25f1118027a3344a8430,GRID M10-8Q,GM107,2016-05-18,PCIe 3.0 x16,8.0,GDDR5,1033.0,1300.0,640,40,16,True,"8 GB, GDDR5, 128 bit",1033 MHz,1300 MHz,640 / 40 / 16,"May 18th, 2016",baraazaid/cpu-and-gpu-stats
60a04606c0812edf26e1,GRID M3-3020,GM107,2016-05-18,PCIe 3.0 x16,4.0,GDDR5,1033.0,1300.0,640,40,16,True,"4 GB, GDDR5, 128 bit",1033 MHz,1300 MHz,640 / 40 / 16,"May 18th, 2016",baraazaid/cpu-and-gpu-stats
e39584a403c997e42b26,GRID M40,GM107,2016-05-18,PCIe 3.0 x16,8.0,GDDR5,1033.0,1300.0,384,32,16,True,"8 GB, GDDR5, 128 bit",1033 MHz,1300 MHz,384 / 32 / 16,"May 18th, 2016",baraazaid/cpu-and-gpu-stats
7253d04a6daf9fe24e47,GRID M6-8Q,GM204,2015-08-30,PCIe 3.0 x16,8.0,GDDR5,722.0,1253.0,1536,96,64,True,"8 GB, GDDR5, 256 bit",722 MHz,1253 MHz,1536 / 96 / 64,"Aug 30th, 2015",baraazaid/cpu-and-gpu-stats
1babd7b0a74738b00d05,GRID M60-1Q,GM204,2015-08-30,PCIe 3.0 x16,1.0,GDDR5,557.0,1253.0,2048,128,64,True,"1024 MB, GDDR5, 256 bit",557 MHz,1253 MHz,2048 / 128 / 64,"Aug 30th, 2015",baraazaid/cpu-and-gpu-stats
8ec0da670b2360dd45c6,GRID M60-2Q,GM204,2015-08-30,PCIe 3.0 x16,2.0,GDDR5,557.0,1253.0,2048,128,64,True,"2 GB, GDDR5, 256 bit",557 MHz,1253 MHz,2048 / 128 / 64,"Aug 30th, 2015",baraazaid/cpu-and-gpu-stats
2fcbcbe53575e4e477f5,GRID M60-4A,GM204,2015-08-30,PCIe 3.0 x16,4.0,GDDR5,557.0,1253.0,2048,128,64,True,"4 GB, GDDR5, 256 bit",557 MHz,1253 MHz,2048 / 128 / 64,"Aug 30th, 2015",baraazaid/cpu-and-gpu-stats
c0f905d0af1a77c574da,GRID M60-8Q,GM204,2015-08-30,PCIe 3.0 x16,8.0,GDDR5,557.0,1253.0,2048,128,64,True,"8 GB, GDDR5, 256 bit",557 MHz,1253 MHz,2048 / 128 / 64,"Aug 30th, 2015",baraazaid/cpu-and-gpu-stats
70b9680f2393184b33c3,GRID RTX T10-16,TU102,,PCIe 3.0 x16,16.0,GDDR6,1065.0,1575.0,4608,288,96,True,"16 GB, GDDR6, 384 bit",1065 MHz,1575 MHz,4608 / 288 / 96,Unknown,baraazaid/cpu-and-gpu-stats
b01ec2ed0addc702fed6,GRID RTX T10-2,TU102,,PCIe 3.0 x16,2.0,GDDR6,1065.0,1750.0,4608,288,96,True,"2 GB, GDDR6, 384 bit",1065 MHz,1750 MHz,4608 / 288 / 96,Unknown,baraazaid/cpu-and-gpu-stats
50d9dc3df764ae1b8a02,GRID RTX T10-4,TU102,,PCIe 3.0 x16,4.0,GDDR6,1065.0,1750.0,4608,288,96,True,"4 GB, GDDR6, 384 bit",1065 MHz,1750 MHz,4608 / 288 / 96,Unknown,baraazaid/cpu-and-gpu-stats
f9bed3ffad9e1f3a0b5a,GRID RTX T10-8,TU102,,PCIe 3.0 x16,8.0,GDDR6,1065.0,1750.0,4608,288,96,True,"8 GB, GDDR6, 384 bit",1065 MHz,1750 MHz,4608 / 288 / 96,Unknown,baraazaid/cpu-and-gpu-stats
bc87137fc4ccc2d0b0e2,GameCube GPU,Flipper,2000-08-24,IGP,0.015625,,162.0,162.0,,,,True,"16 MB, SDR, 64 bit",162 MHz,162 MHz,4 / 1 / 4 / 4,"Aug 24th, 2000",baraazaid/cpu-and-gpu-stats
bcd365c3f3d61df9e303,GeForce 256 DDR,NV10,1999-12-23,AGP 4x,0.03125,,120.0,150.0,,,,True,"32 MB, DDR, 128 bit",120 MHz,150 MHz,4 / 0 / 4 / 4,"Dec 23rd, 1999",baraazaid/cpu-and-gpu-stats
b6a3ce8b9adc99fc0892,GeForce 256 SDR,NV10,1999-10-11,AGP 4x,0.03125,,120.0,143.0,,,,True,"32 MB, SDR, 64 bit",120 MHz,143 MHz,4 / 0 / 4 / 4,"Oct 11th, 1999",baraazaid/cpu-and-gpu-stats
fff2bb152f7ad1e74e98,GeForce 315 OEM,GT216,2010-03-31,PCIe 2.0 x16,0.5,DDR3,475.0,790.0,48,16,8,True,"512 MB, DDR3, 64 bit",475 MHz,790 MHz,48 / 16 / 8,"Mar 31st, 2010",baraazaid/cpu-and-gpu-stats
b0d5c05d265727b0f9a9,GeForce 320M,C89,2010-04-01,PCIe 2.0 x16,,,450.0,,48,16,8,True,System Shared,450 MHz,System Shared,48 / 16 / 8,"Apr 1st, 2010",baraazaid/cpu-and-gpu-stats
c5b4e04c85f68e1557ed,GeForce 320M Mac Edition,C89,2010-04-01,PCIe 2.0 x16,,,450.0,,48,16,8,True,System Shared,450 MHz,System Shared,48 / 16 / 8,"Apr 1st, 2010",baraazaid/cpu-and-gpu-stats
c0bf72057c322931a460,GeForce 405 OEM,GT216,2010-09-03,PCIe 2.0 x16,0.5,DDR3,475.0,800.0,48,16,8,True,"512 MB, DDR3, 64 bit",475 MHz,800 MHz,48 / 16 / 8,"Sep 3rd, 2010",baraazaid/cpu-and-gpu-stats
34df7eea6a83ca3a6016,GeForce 405 OEM,GT216,2010-09-03,PCIe 2.0 x16,1.0,DDR2,475.0,400.0,24,12,8,True,"1024 MB, DDR2, 128 bit",475 MHz,400 MHz,24 / 12 / 8,"Sep 3rd, 2010",baraazaid/cpu-and-gpu-stats
579baad5abf46635420a,GeForce 505 OEM,GT218,2013-01-06,PCIe 1.0 x16,0.5,DDR3,589.0,600.0,16,8,4,True,"512 MB, DDR3, 64 bit",589 MHz,600 MHz,16 / 8 / 4,"Jan 6th, 2013",baraazaid/cpu-and-gpu-stats
3a6a8eb8faebbb6e6102,GeForce 605 OEM,GF119,2012-04-02,PCIe 2.0 x16,0.5,DDR3,523.0,897.0,48,8,4,True,"512 MB, DDR3, 64 bit",523 MHz,897 MHz,48 / 8 / 4,"Apr 2nd, 2012",baraazaid/cpu-and-gpu-stats
4582b1b55cc01d1fbeb7,GeForce 6100,C51,2004-10-11,PCI,,,425.0,,,,,True,System Shared,425 MHz,System Shared,2 / 1 / 1 / 1,"Oct 11th, 2004",baraazaid/cpu-and-gpu-stats
e3bd56799017bfa52dc1,GeForce 6100 + nForce 400,C61,2004-10-11,PCI,,,425.0,,,,,True,System Shared,425 MHz,System Shared,2 / 1 / 1 / 1,"Oct 11th, 2004",baraazaid/cpu-and-gpu-stats
f7ee022c5cf6037644b0,GeForce 6100 + nForce 405,C61,2004-10-11,PCI,,,425.0,,,,,True,System Shared,425 MHz,System Shared,2 / 1 / 1 / 1,"Oct 11th, 2004",baraazaid/cpu-and-gpu-stats
ffe7b9db16a7fec5d68c,GeForce 6100 + nForce 420,C61,2004-10-11,PCI,,,425.0,,,,,True,System Shared,425 MHz,System Shared,2 / 1 / 1 / 1,"Oct 11th, 2004",baraazaid/cpu-and-gpu-stats
8bcc1a6f199e5b0c2e93,GeForce 6100 + nForce 430,C61,2004-10-11,PCI,,,425.0,,,,,True,System Shared,425 MHz,System Shared,2 / 1 / 1 / 1,"Oct 11th, 2004",baraazaid/cpu-and-gpu-stats
a084f036a089a13b634c,GeForce 615 OEM,GF108,2012-05-15,PCIe 2.0 x16,1.0,DDR3,660.0,900.0,48,8,4,True,"1024 MB, DDR3, 128 bit",660 MHz,900 MHz,48 / 8 / 4,"May 15th, 2012",baraazaid/cpu-and-gpu-stats
7d6446e63f31322a3121,GeForce 6150,C51,2004-10-11,PCI,,,475.0,,,,,True,System Shared,475 MHz,System Shared,2 / 1 / 1 / 1,"Oct 11th, 2004",baraazaid/cpu-and-gpu-stats
a4f6dec1f58d643d7a7f,GeForce 6150 LE,C51,2004-10-11,PCI,,,425.0,,,,,True,System Shared,425 MHz,System Shared,2 / 1 / 1 / 1,"Oct 11th, 2004",baraazaid/cpu-and-gpu-stats
08bc140639d320677861,GeForce 6150 SE + nForce 430,C61,2004-10-11,PCI,,,425.0,,,,,True,System Shared,425 MHz,System Shared,2 / 1 / 1 / 1,"Oct 11th, 2004",baraazaid/cpu-and-gpu-stats
d5f9715eaccb47dfad6f,GeForce 6200,NV43,2004-10-11,PCIe 1.0 x16,0.125,,300.0,275.0,,,,True,"128 MB, DDR, 128 bit",300 MHz,275 MHz,4 / 3 / 2 / 4,"Oct 11th, 2004",baraazaid/cpu-and-gpu-stats
d0bee806720fd5487746,GeForce 6200 AGP,NV18C,2003-12-14,AGP 8x,0.125,,230.0,66.0,,,,True,"128 MB, DDR, 64 bit",230 MHz,66 MHz,2 / 0 / 4 / 2,"Dec 14th, 2003",baraazaid/cpu-and-gpu-stats
cde4c841e2e9a825f4ce,GeForce 6200 AGP,NV44,2005-04-04,AGP 8x,0.125,,350.0,250.0,,,,True,"128 MB, DDR, 64 bit",350 MHz,250 MHz,4 / 2 / 4 / 4,"Apr 4th, 2005",baraazaid/cpu-and-gpu-stats
ad86728722f9ef4773a8,GeForce 6200 AGP,NV44,2005-04-04,AGP 8x,0.25,DDR2,350.0,266.0,,,,True,"256 MB, DDR2, 64 bit",350 MHz,266 MHz,4 / 3 / 4 / 2,"Apr 4th, 2005",baraazaid/cpu-and-gpu-stats
ac0eb36a8a32b86d0158,GeForce 6200 LE,NV44,2005-04-04,PCIe 1.0 x16,0.0625,DDR2,350.0,266.0,,,,True,"64 MB, DDR2, 32 bit",350 MHz,266 MHz,2 / 1 / 2 / 2,"Apr 4th, 2005",baraazaid/cpu-and-gpu-stats
47b4a910f685ed01f550,GeForce 6200 LE,NV44,2005-04-04,PCIe 1.0 x16,0.125,,350.0,266.0,,,,True,"128 MB, DDR, 64 bit",350 MHz,266 MHz,2 / 1 / 2 / 2,"Apr 4th, 2005",baraazaid/cpu-and-gpu-stats
38964cf44332aeea1dff,GeForce 6200 LE AGP,NV44,2005-04-04,AGP 8x,0.125,,350.0,266.0,,,,True,"128 MB, DDR, 64 bit",350 MHz,266 MHz,2 / 1 / 2 / 2,"Apr 4th, 2005",baraazaid/cpu-and-gpu-stats
e0da473c27b302811b95,GeForce 6200 LE AGP 512 MB,NV44,2004-10-11,AGP 8x,0.5,DDR2,300.0,275.0,,,,True,"512 MB, DDR2, 128 bit",300 MHz,275 MHz,4 / 3 / 4 / 2,"Oct 11th, 2004",baraazaid/cpu-and-gpu-stats
867c8d530d55643fbac9,GeForce 6200 LE PCI,NV43,2004-10-11,PCI,0.25,,300.0,266.0,,,,True,"256 MB, DDR, 64 bit",300 MHz,266 MHz,4 / 3 / 4 / 2,"Oct 11th, 2004",baraazaid/cpu-and-gpu-stats
dcc334fe82b53a66f990,GeForce 6200 PCI,NV44,2008-01-16,PCI,0.25,DDR2,280.0,200.0,,,,True,"256 MB, DDR2, 64 bit",280 MHz,200 MHz,4 / 3 / 4 / 2,"Jan 16th, 2008",baraazaid/cpu-and-gpu-stats
5b422815cef287703594,GeForce 6200 SE TurboCache,NV44,2004-12-15,PCIe 1.0 x16,0.0625,,350.0,250.0,,,,True,"64 MB, DDR, 32 bit",350 MHz,250 MHz,4 / 3 / 4 / 2,"Dec 15th, 2004",baraazaid/cpu-and-gpu-stats
c5ee660ea4829c5db6c3,GeForce 6200 TurboCache,NV44B,2004-12-15,AGP 4x,0.0625,,350.0,250.0,,,,True,"64 MB, DDR, 64 bit",350 MHz,250 MHz,4 / 3 / 4 / 2,"Dec 15th, 2004",baraazaid/cpu-and-gpu-stats
5d597a5473995e5eed27,GeForce 6200 X2 PCI,NV44,2008-01-16,PCI,0.25,DDR2,280.0,200.0,,,,True,"256 MB, DDR2, 64 bit",280 MHz,200 MHz,4 / 3 / 4 / 2,"Jan 16th, 2008",baraazaid/cpu-and-gpu-stats
c89bc019adc9309d5d0d,GeForce 620M,GF117,2012-03-22,PCIe 2.0 x16,1.0,DDR3,625.0,900.0,96,16,8,True,"1024 MB, DDR3, 64 bit",625 MHz,900 MHz,96 / 16 / 8,"Mar 22nd, 2012",baraazaid/cpu-and-gpu-stats
a18f9ba68ddde081d4a8,GeForce 6500,NV44,2005-10-01,PCIe 1.0 x16,0.125,DDR2,400.0,266.0,,,,True,"128 MB, DDR2, 128 bit",400 MHz,266 MHz,4 / 3 / 4 / 2,"Oct 1st, 2005",baraazaid/cpu-and-gpu-stats
bb75818959944592b4be,GeForce 6600,NV43,2004-08-12,PCIe 1.0 x16,0.25,,300.0,250.0,,,,True,"256 MB, DDR, 128 bit",300 MHz,250 MHz,8 / 3 / 8 / 4,"Aug 12th, 2004",baraazaid/cpu-and-gpu-stats
990856c047dbb51f8de9,GeForce 6600 AGP,NV43,2004-08-12,PCIe 1.0 x16,0.125,,300.0,250.0,,,,True,"128 MB, DDR, 128 bit",300 MHz,250 MHz,8 / 3 / 8 / 4,"Aug 12th, 2004",baraazaid/cpu-and-gpu-stats
961e919bd4f43f365fce,GeForce 6600 GT,NV43,2004-08-12,PCIe 1.0 x16,0.125,GDDR3,500.0,500.0,,,,True,"128 MB, GDDR3, 128 bit",500 MHz,500 MHz,8 / 3 / 8 / 4,"Aug 12th, 2004",baraazaid/cpu-and-gpu-stats
931bece6f4a44cf2035e,GeForce 6600 GT AGP,NV43,2004-11-14,AGP 8x,0.125,GDDR3,500.0,475.0,,,,True,"128 MB, GDDR3, 128 bit",500 MHz,475 MHz,8 / 3 / 8 / 4,"Nov 14th, 2004",baraazaid/cpu-and-gpu-stats
70ae7d68a2a142ecac6a,GeForce 6600 GT Dual,NV43,2004-08-12,PCIe 1.0 x16,0.125,GDDR3,500.0,560.0,,,,True,"128 MB, GDDR3, 128 bit",500 MHz,560 MHz,8 / 3 / 8 / 4,"Aug 12th, 2004",baraazaid/cpu-and-gpu-stats
a6adcaa52b3dc6404f51,GeForce 6600 LE,NV43,2005-01-01,PCIe 1.0 x16,0.125,,300.0,250.0,,,,True,"128 MB, DDR, 128 bit",300 MHz,250 MHz,4 / 3 / 4 / 4,2005,baraazaid/cpu-and-gpu-stats
eeaf0d932f5f69f71f95,GeForce 6600 LE AGP,NV43,2005-01-01,AGP 8x,0.125,,300.0,200.0,,,,True,"128 MB, DDR, 128 bit",300 MHz,200 MHz,4 / 3 / 4 / 4,2005,baraazaid/cpu-and-gpu-stats
d7942c236701b1d65751,GeForce 6600 VE,NV43,2005-01-01,PCIe 1.0 x16,0.125,GDDR3,300.0,200.0,,,,True,"128 MB, GDDR3, 128 bit",300 MHz,200 MHz,4 / 2 / 4 / 4,2005,baraazaid/cpu-and-gpu-stats
4f80f84065e1220bbf03,GeForce 6610 XL,NV43,2004-11-14,PCIe 1.0 x16,0.125,GDDR3,400.0,400.0,,,,True,"128 MB, GDDR3, 128 bit",400 MHz,400 MHz,8 / 3 / 8 / 4,"Nov 14th, 2004",baraazaid/cpu-and-gpu-stats
688e06edd64a453b8414,GeForce 6700 XL,NV43,2004-11-14,PCIe 1.0 x16,0.125,GDDR3,525.0,550.0,,,,True,"128 MB, GDDR3, 128 bit",525 MHz,550 MHz,8 / 3 / 8 / 4,"Nov 14th, 2004",baraazaid/cpu-and-gpu-stats
a9e883c7ad6eab5488f2,GeForce 6800,NV48,2004-04-14,AGP 8x,0.25,,325.0,350.0,,,,True,"256 MB, DDR, 256 bit",325 MHz,350 MHz,12 / 5 / 12 / 12,"Apr 14th, 2004",baraazaid/cpu-and-gpu-stats
9bb0891589d4a5028cf9,GeForce 6800,NV40,2004-04-14,AGP 8x,0.125,,325.0,350.0,,,,True,"128 MB, DDR, 256 bit",325 MHz,350 MHz,12 / 5 / 12 / 12,"Apr 14th, 2004",baraazaid/cpu-and-gpu-stats
731f6ac4a5985777ff5b,GeForce 6800,NV41,2004-11-08,PCIe 1.0 x16,0.25,,325.0,300.0,,,,True,"256 MB, DDR, 256 bit",325 MHz,300 MHz,12 / 5 / 12 / 12,"Nov 8th, 2004",baraazaid/cpu-and-gpu-stats
9ef88b71649c6166ffaf,GeForce 6800 GS,NV41,2005-11-07,PCIe 1.0 x16,0.25,GDDR3,425.0,500.0,,,,True,"256 MB, GDDR3, 256 bit",425 MHz,500 MHz,12 / 5 / 12 / 12,"Nov 7th, 2005",baraazaid/cpu-and-gpu-stats
5ad629de9e28a9a353e4,GeForce 6800 GS,NV40,2005-12-08,AGP 8x,0.25,GDDR3,350.0,500.0,,,,True,"256 MB, GDDR3, 256 bit",350 MHz,500 MHz,12 / 5 / 12 / 12,"Dec 8th, 2005",baraazaid/cpu-and-gpu-stats
2f98500a27488a140446,GeForce 6800 GT,NV40,2004-04-14,AGP 8x,0.125,,350.0,250.0,,,,True,"128 MB, DDR, 256 bit",350 MHz,250 MHz,16 / 6 / 16 / 16,"Apr 14th, 2004",baraazaid/cpu-and-gpu-stats
543d98d29f367c855dcc,GeForce 6800 GT,NV48,2004-04-14,AGP 8x,0.25,GDDR3,350.0,500.0,,,,True,"256 MB, GDDR3, 256 bit",350 MHz,500 MHz,16 / 6 / 16 / 16,"Apr 14th, 2004",baraazaid/cpu-and-gpu-stats
83d719053d1a79248652,GeForce 6800 GT,NV45,2004-06-08,PCIe 1.0 x16,0.25,GDDR3,350.0,500.0,,,,True,"256 MB, GDDR3, 256 bit",350 MHz,500 MHz,16 / 6 / 16 / 16,"Jun 8th, 2004",baraazaid/cpu-and-gpu-stats
4e4a494cb2f96270b8ec,GeForce 6800 GT DDL,NV40,2004-04-14,AGP Pro 8x,0.25,GDDR3,350.0,500.0,,,,True,"256 MB, GDDR3, 256 bit",350 MHz,500 MHz,16 / 6 / 16 / 16,"Apr 14th, 2004",baraazaid/cpu-and-gpu-stats
e508566fa6625a30d4b3,GeForce 6800 GT Dual,NV45,2004-06-08,PCIe 1.0 x16,0.25,GDDR3,350.0,500.0,,,,True,"256 MB, GDDR3, 256 bit",350 MHz,500 MHz,16 / 6 / 16 / 16,"Jun 8th, 2004",baraazaid/cpu-and-gpu-stats
4ee845dff740b204e7cc,GeForce 6800 GTO,NV45,2004-04-14,PCIe 1.0 x16,0.25,GDDR3,350.0,500.0,,,,True,"256 MB, GDDR3, 256 bit",350 MHz,500 MHz,12 / 5 / 12 / 12,"Apr 14th, 2004",baraazaid/cpu-and-gpu-stats
9a2597da5d33f5d33e19,GeForce 6800 LE,NV40,2004-07-21,AGP 8x,0.125,,300.0,350.0,,,,True,"128 MB, DDR, 256 bit",300 MHz,350 MHz,8 / 4 / 8 / 8,"Jul 21st, 2004",baraazaid/cpu-and-gpu-stats
915a959eb7efadf7e646,GeForce 6800 LE,NV41,2005-01-16,PCIe 1.0 x16,0.25,,325.0,300.0,,,,True,"256 MB, DDR, 256 bit",325 MHz,300 MHz,8 / 4 / 8 / 8,"Jan 16th, 2005",baraazaid/cpu-and-gpu-stats
b32d3d54fa440f3aa1cc,GeForce 6800 Ultra,NV40,2004-04-14,AGP 8x,0.25,GDDR3,425.0,550.0,,,,True,"256 MB, GDDR3, 256 bit",425 MHz,550 MHz,16 / 6 / 16 / 16,"Apr 14th, 2004",baraazaid/cpu-and-gpu-stats
7b1963c30d21b6874244,GeForce 6800 Ultra,NV45,2004-07-26,PCIe 1.0 x16,0.25,GDDR3,425.0,550.0,,,,True,"256 MB, GDDR3, 256 bit",425 MHz,550 MHz,16 / 6 / 16 / 16,"Jul 26th, 2004",baraazaid/cpu-and-gpu-stats
a2f83b3e3f98545cdda6,GeForce 6800 Ultra DDL,NV40,2004-04-14,AGP Pro 8x,0.25,GDDR3,400.0,550.0,,,,True,"256 MB, GDDR3, 256 bit",400 MHz,550 MHz,16 / 6 / 16 / 16,"Apr 14th, 2004",baraazaid/cpu-and-gpu-stats
fb27404e608cd1ef0d24,GeForce 6800 XE,NV40,2005-09-30,AGP 8x,0.25,DDR2,275.0,266.0,,,,True,"256 MB, DDR2, 128 bit",275 MHz,266 MHz,8 / 3 / 8 / 8,"Sep 30th, 2005",baraazaid/cpu-and-gpu-stats
706122e2a82b22059392,GeForce 6800 XT,NV48,2005-09-30,AGP 8x,0.25,,300.0,266.0,,,,True,"256 MB, DDR, 128 bit",300 MHz,266 MHz,8 / 4 / 8 / 8,"Sep 30th, 2005",baraazaid/cpu-and-gpu-stats
a2f18faedc4fe5e048d5,GeForce 6800 XT,NV41,2005-09-30,PCIe 1.0 x16,0.25,GDDR3,425.0,500.0,,,,True,"256 MB, GDDR3, 256 bit",425 MHz,500 MHz,8 / 4 / 8 / 8,"Sep 30th, 2005",baraazaid/cpu-and-gpu-stats
b303878a50697a187760,GeForce 6800 XT,NV40,2005-09-30,AGP 8x,0.25,,300.0,350.0,,,,True,"256 MB, DDR, 256 bit",300 MHz,350 MHz,8 / 4 / 8 / 8,"Sep 30th, 2005",baraazaid/cpu-and-gpu-stats
78fae9267c8c84865c3f,GeForce 6800 XT,NV42,2005-09-30,AGP 8x,0.25,GDDR3,450.0,600.0,,,,True,"256 MB, GDDR3, 256 bit",450 MHz,600 MHz,12 / 5 / 12 / 12,"Sep 30th, 2005",baraazaid/cpu-and-gpu-stats
8d85ab8e43d998c62a90,GeForce 7000M + nForce 610M,C67,2006-02-01,PCIe 1.0 x16,,,350.0,,,,,True,System Shared,350 MHz,System Shared,2 / 1 / 1 / 1,"Feb 1st, 2006",baraazaid/cpu-and-gpu-stats
e12214c879b94ea59378,GeForce 7025 + nForce 630a,C67,2006-02-01,PCI,,,425.0,,,,,True,System Shared,425 MHz,System Shared,2 / 1 / 1 / 1,"Feb 1st, 2006",baraazaid/cpu-and-gpu-stats
635064957cce2f90e5ee,GeForce 7025 + nForce 630a,C68,2006-02-01,PCI,,,425.0,,,,,True,System Shared,425 MHz,System Shared,2 / 1 / 1 / 1,"Feb 1st, 2006",baraazaid/cpu-and-gpu-stats
034b3471e23f783d51a0,GeForce 7025 + nForce 630a,C68,2006-02-01,PCI,,,425.0,,,,,True,System Shared,425 MHz,System Shared,2 / 1 / 2 / 1,"Feb 1st, 2006",baraazaid/cpu-and-gpu-stats
2c41ab6c5cb516fe9081,GeForce 7050 + nForce 610i,C73,2008-01-13,PCI,,,500.0,,,,,True,System Shared,500 MHz,System Shared,2 / 1 / 2 / 2,"Jan 13th, 2008",baraazaid/cpu-and-gpu-stats
8ccf82a6e48124d4eee6,GeForce 7050 + nForce 620i,C73,2007-10-04,PCI,,,500.0,,,,,True,System Shared,500 MHz,System Shared,2 / 1 / 2 / 2,"Oct 4th, 2007",baraazaid/cpu-and-gpu-stats
47428ca7ac6dc4c18328,GeForce 7050 + nForce 630a,C68,2006-02-01,PCI,,,425.0,,,,,True,System Shared,425 MHz,System Shared,2 / 1 / 2 / 1,"Feb 1st, 2006",baraazaid/cpu-and-gpu-stats
43d607730cb8ea2e54de,GeForce 7050 + nForce 630i,C73,2007-10-04,PCI,,,500.0,,,,,True,System Shared,500 MHz,System Shared,2 / 1 / 2 / 2,"Oct 4th, 2007",baraazaid/cpu-and-gpu-stats
d174cd3e3100b36ee524,GeForce 7050 PV + nForce 630a,C68,2006-02-01,PCI,,,425.0,,,,,True,System Shared,425 MHz,System Shared,2 / 1 / 2 / 1,"Feb 1st, 2006",baraazaid/cpu-and-gpu-stats
bec612ceeafb25f7e627,GeForce 7050 SE + nForce 630a,C68,2006-02-01,PCI,,,425.0,,,,,True,System Shared,425 MHz,System Shared,2 / 1 / 2 / 1,"Feb 1st, 2006",baraazaid/cpu-and-gpu-stats
7cccab1daf99214eedd5,GeForce 705A,GF119,2013-10-01,PCIe 2.0 x16,1.0,DDR3,738.0,900.0,48,8,4,True,"1024 MB, DDR3, 64 bit",738 MHz,900 MHz,48 / 8 / 4,"Oct 1st, 2013",baraazaid/cpu-and-gpu-stats
ca69e29ad98511af9859,GeForce 705A,GF119,2014-07-01,PCIe 2.0 x16,1.0,DDR3,475.0,900.0,48,8,4,True,"1024 MB, DDR3, 64 bit",475 MHz,900 MHz,48 / 8 / 4,"Jul 1st, 2014",baraazaid/cpu-and-gpu-stats
c0010492b54838ba884b,GeForce 705M,GF117,2013-09-27,PCIe 2.0 x16,1.0,DDR3,738.0,900.0,48,8,8,True,"1024 MB, DDR3, 64 bit",738 MHz,900 MHz,48 / 8 / 8,"Sep 27th, 2013",baraazaid/cpu-and-gpu-stats
f0aca606ef86a965d631,GeForce 705M,GF119,,PCIe 2.0 x16,1.0,DDR3,475.0,900.0,48,8,4,True,"1024 MB, DDR3, 64 bit",475 MHz,900 MHz,48 / 8 / 4,Unknown,baraazaid/cpu-and-gpu-stats
64d961975db2ccff47f4,GeForce 7100 + nForce 630i,C73,2007-10-04,PCI,,,600.0,,,,,True,System Shared,600 MHz,System Shared,4 / 1 / 2 / 2,"Oct 4th, 2007",baraazaid/cpu-and-gpu-stats
47d9ce00673932b27f6f,GeForce 7100 GS,NV44B,2006-08-08,PCIe 1.0 x16,0.125,DDR2,350.0,266.0,,,,True,"128 MB, DDR2, 64 bit",350 MHz,266 MHz,4 / 3 / 4 / 2,"Aug 8th, 2006",baraazaid/cpu-and-gpu-stats
2aa6127117a0af93e453,GeForce 710A,GK208,2014-03-17,PCIe 3.0 x8,1.0,DDR3,719.0,1001.0,192,16,8,True,"1024 MB, DDR3, 64 bit",719 MHz,1001 MHz,192 / 16 / 8,"Mar 17th, 2014",baraazaid/cpu-and-gpu-stats
74b8b24af08475d5a80e,GeForce 710M,GK208,2013-07-24,PCIe 3.0 x8,1.0,DDR3,719.0,900.0,192,16,8,True,"1024 MB, DDR3, 64 bit",719 MHz,900 MHz,192 / 16 / 8,"Jul 24th, 2013",baraazaid/cpu-and-gpu-stats
5b7a99cd09a8621ff1b1,GeForce 7150 + nForce 630i,C73,2007-11-16,PCI,,,630.0,,,,,True,System Shared,630 MHz,System Shared,2 / 1 / 2 / 2,"Nov 16th, 2007",baraazaid/cpu-and-gpu-stats
d6733aa032d21568edc3,GeForce 7150M + nForce 630M,C67,2007-11-16,PCIe 1.0 x16,,,425.0,,,,,True,System Shared,425 MHz,System Shared,2 / 1 / 2 / 2,"Nov 16th, 2007",baraazaid/cpu-and-gpu-stats
6e01726113267848ae85,GeForce 7200 GS,G72,2006-01-18,PCIe 1.0 x16,0.125,DDR2,450.0,334.0,,,,True,"128 MB, DDR2, 64 bit",450 MHz,334 MHz,2 / 2 / 4 / 2,"Jan 18th, 2006",baraazaid/cpu-and-gpu-stats
78526b832d2691b1272c,GeForce 720A,GF117,2014-07-01,PCIe 2.0 x16,1.0,DDR3,775.0,1001.0,96,16,8,True,"1024 MB, DDR3, 64 bit",775 MHz,1001 MHz,96 / 16 / 8,"Jul 1st, 2014",baraazaid/cpu-and-gpu-stats
99cb27f88e7e25d1626f,GeForce 7300 GS,G72,2006-01-18,PCIe 1.0 x16,0.25,DDR2,450.0,266.0,,,,True,"256 MB, DDR2, 64 bit",450 MHz,266 MHz,4 / 3 / 4 / 2,"Jan 18th, 2006",baraazaid/cpu-and-gpu-stats
fd8297d95553295ff80d,GeForce 7300 GS Low Profile,G72,2006-01-18,PCIe 1.0 x16,0.25,DDR2,450.0,266.0,,,,True,"256 MB, DDR2, 64 bit",450 MHz,266 MHz,4 / 3 / 4 / 2,"Jan 18th, 2006",baraazaid/cpu-and-gpu-stats
0199f19225be2588b4a2,GeForce 7300 GT,G73,2006-05-15,PCIe 1.0 x16,0.125,DDR2,350.0,325.0,,,,True,"128 MB, DDR2, 128 bit",350 MHz,325 MHz,8 / 4 / 8 / 8,"May 15th, 2006",baraazaid/cpu-and-gpu-stats
6941777abd8e10e8ba6e,GeForce 7300 GT AGP,G73,2006-05-15,AGP 8x,0.125,DDR2,350.0,325.0,,,,True,"128 MB, DDR2, 128 bit",350 MHz,325 MHz,8 / 4 / 8 / 8,"May 15th, 2006",baraazaid/cpu-and-gpu-stats
3bdc3df2d07ffe96b0e5,GeForce 7300 GT Mac Edition,G73,2006-08-26,PCIe 1.0 x16,0.125,GDDR3,350.0,500.0,,,,True,"128 MB, GDDR3, 128 bit",350 MHz,500 MHz,8 / 4 / 8 / 8,"Aug 26th, 2006",baraazaid/cpu-and-gpu-stats
67591703aea1f57d2b50,GeForce 7300 LE,G72,2006-03-22,PCIe 1.0 x16,0.125,DDR2,450.0,324.0,,,,True,"128 MB, DDR2, 64 bit",450 MHz,324 MHz,4 / 3 / 4 / 2,"Mar 22nd, 2006",baraazaid/cpu-and-gpu-stats
08a3236ad006919c5450,GeForce 7300 SE,G72,2006-03-22,PCIe 1.0 x16,0.25,DDR2,450.0,266.0,,,,True,"256 MB, DDR2, 64 bit",450 MHz,266 MHz,4 / 3 / 4 / 2,"Mar 22nd, 2006",baraazaid/cpu-and-gpu-stats
ddc5e799dc9c8a49aacc,GeForce 7350 LE,G72,2006-03-22,PCIe 1.0 x16,0.125,DDR2,450.0,400.0,,,,True,"128 MB, DDR2, 64 bit",450 MHz,400 MHz,4 / 3 / 4 / 2,"Mar 22nd, 2006",baraazaid/cpu-and-gpu-stats
918b530927a3827fb38e,GeForce 7500 LE,G72,2006-03-22,PCIe 1.0 x16,0.0625,DDR2,475.0,405.0,,,,True,"64 MB, DDR2, 64 bit",475 MHz,405 MHz,8 / 5 / 8 / 4,"Mar 22nd, 2006",baraazaid/cpu-and-gpu-stats
56159967b8329f40bf84,GeForce 7600 GS,G73,2006-03-22,PCIe 1.0 x16,0.25,DDR2,400.0,400.0,,,,True,"256 MB, DDR2, 128 bit",400 MHz,400 MHz,12 / 5 / 12 / 8,"Mar 22nd, 2006",baraazaid/cpu-and-gpu-stats
983d7f70caf4572e219b,GeForce 7600 GS AGP,G71,2006-07-01,AGP 8x,0.25,GDDR3,500.0,725.0,,,,True,"256 MB, GDDR3, 128 bit",500 MHz,725 MHz,12 / 5 / 12 / 8,"Jul 1st, 2006",baraazaid/cpu-and-gpu-stats
1c97a3ada455e9e73eb2,GeForce 7600 GS AGP,G73,2006-07-01,AGP 8x,0.25,DDR2,400.0,400.0,,,,True,"256 MB, DDR2, 128 bit",400 MHz,400 MHz,12 / 5 / 12 / 8,"Jul 1st, 2006",baraazaid/cpu-and-gpu-stats
4742f0f755617aaeb2cc,GeForce 7600 GT,G73,2006-03-09,PCIe 1.0 x16,0.25,GDDR3,560.0,700.0,,,,True,"256 MB, GDDR3, 128 bit",560 MHz,700 MHz,12 / 5 / 12 / 8,"Mar 9th, 2006",baraazaid/cpu-and-gpu-stats
65d7706837e0eb3ffa4c,GeForce 7600 GT AGP,G73,2007-01-08,AGP 8x,0.25,GDDR3,560.0,700.0,,,,True,"256 MB, GDDR3, 128 bit",560 MHz,700 MHz,12 / 5 / 12 / 8,"Jan 8th, 2007",baraazaid/cpu-and-gpu-stats
5632545aa311ba440c0b,GeForce 7600 GT Mac Edition,G73,2006-09-02,PCIe 1.0 x16,0.25,GDDR3,560.0,700.0,,,,True,"256 MB, GDDR3, 128 bit",560 MHz,700 MHz,12 / 5 / 12 / 8,"Sep 2nd, 2006",baraazaid/cpu-and-gpu-stats
3d44511919dab2cc5d64,GeForce 7600 LE,G73,2006-03-22,PCIe 1.0 x16,0.25,DDR2,400.0,400.0,,,,True,"256 MB, DDR2, 128 bit",400 MHz,400 MHz,8 / 4 / 8 / 8,"Mar 22nd, 2006",baraazaid/cpu-and-gpu-stats
0044e3eba1e8e93f7eb2,GeForce 7650 GS,G73,2006-03-22,PCIe 1.0 x16,0.25,DDR2,450.0,400.0,,,,True,"256 MB, DDR2, 128 bit",450 MHz,400 MHz,12 / 5 / 12 / 8,"Mar 22nd, 2006",baraazaid/cpu-and-gpu-stats
216c1a3953bda3f9091d,GeForce 7800 GS 20Pipes AGP,G70,2006-02-02,AGP 8x,0.5,GDDR3,425.0,625.0,,,,True,"512 MB, GDDR3, 256 bit",425 MHz,625 MHz,20 / 7 / 20 / 16,"Feb 2nd, 2006",baraazaid/cpu-and-gpu-stats
05f44d158a721c63e97e,GeForce 7800 GS 24Pipes AGP,G70,2006-02-02,AGP 8x,0.5,GDDR3,425.0,625.0,,,,True,"512 MB, GDDR3, 256 bit",425 MHz,625 MHz,24 / 8 / 24 / 16,"Feb 2nd, 2006",baraazaid/cpu-and-gpu-stats
ab35682775c802b8e064,GeForce 7800 GS AGP,G70,2006-02-02,AGP 8x,0.25,GDDR3,375.0,600.0,,,,True,"256 MB, GDDR3, 256 bit",375 MHz,600 MHz,16 / 6 / 16 / 8,"Feb 2nd, 2006",baraazaid/cpu-and-gpu-stats
81e83e7304956f199b1d,GeForce 7800 GS+ 20Pipes AGP,G71,2006-09-28,AGP 8x,0.5,GDDR3,425.0,625.0,,,,True,"512 MB, GDDR3, 256 bit",425 MHz,625 MHz,20 / 7 / 20 / 16,"Sep 28th, 2006",baraazaid/cpu-and-gpu-stats
60556040ca569dc34674,GeForce 7800 GS+ 24Pipes AGP,G71,2006-09-28,AGP 8x,0.5,GDDR3,425.0,625.0,,,,True,"512 MB, GDDR3, 256 bit",425 MHz,625 MHz,24 / 8 / 24 / 16,"Sep 28th, 2006",baraazaid/cpu-and-gpu-stats
34d710024afc7bed6c3c,GeForce 7800 GS+ AGP,G71,2006-09-28,AGP 8x,0.25,GDDR3,375.0,600.0,,,,True,"256 MB, GDDR3, 256 bit",375 MHz,600 MHz,16 / 6 / 16 / 8,"Sep 28th, 2006",baraazaid/cpu-and-gpu-stats
eab40259ddb98050f054,GeForce 7800 GT,G70,2005-08-11,PCIe 1.0 x16,0.25,GDDR3,400.0,500.0,,,,True,"256 MB, GDDR3, 256 bit",400 MHz,500 MHz,20 / 7 / 20 / 16,"Aug 11th, 2005",baraazaid/cpu-and-gpu-stats
75494b3c42328433381e,GeForce 7800 GT Dual,G70,2005-08-11,PCIe 1.0 x16,0.25,GDDR3,400.0,500.0,,,,True,"256 MB, GDDR3, 256 bit",400 MHz,500 MHz,20 / 7 / 20 / 16,"Aug 11th, 2005",baraazaid/cpu-and-gpu-stats
861d917189990a19523d,GeForce 7800 GTX,G70,2005-06-22,PCIe 1.0 x16,0.25,GDDR3,430.0,600.0,,,,True,"256 MB, GDDR3, 256 bit",430 MHz,600 MHz,24 / 8 / 24 / 16,"Jun 22nd, 2005",baraazaid/cpu-and-gpu-stats
ee1c97575f214a7cbd62,GeForce 7800 GTX 512,G70,2005-11-14,PCIe 1.0 x16,0.5,GDDR3,500.0,800.0,,,,True,"512 MB, GDDR3, 256 bit",500 MHz,800 MHz,24 / 8 / 24 / 16,"Nov 14th, 2005",baraazaid/cpu-and-gpu-stats
b8fc494232c650982c7b,GeForce 7900 GS,G71,2006-05-01,PCIe 1.0 x16,0.25,GDDR3,450.0,660.0,,,,True,"256 MB, GDDR3, 256 bit",450 MHz,660 MHz,20 / 7 / 20 / 16,"May 1st, 2006",baraazaid/cpu-and-gpu-stats
4361cb8822aad2809510,GeForce 7900 GS AGP,G71,2006-04-02,AGP 8x,0.25,GDDR3,450.0,660.0,,,,True,"256 MB, GDDR3, 256 bit",450 MHz,660 MHz,20 / 7 / 20 / 16,"Apr 2nd, 2006",baraazaid/cpu-and-gpu-stats
8fad492f47a03a3ffb50,GeForce 7900 GT,G71,2006-03-09,PCIe 1.0 x16,0.25,GDDR3,450.0,660.0,,,,True,"256 MB, GDDR3, 256 bit",450 MHz,660 MHz,24 / 8 / 24 / 16,"Mar 9th, 2006",baraazaid/cpu-and-gpu-stats
1b510e38f8551ec0d8e8,GeForce 7900 GTO,G71,2006-10-01,PCIe 1.0 x16,0.5,GDDR3,650.0,660.0,,,,True,"512 MB, GDDR3, 256 bit",650 MHz,660 MHz,24 / 8 / 24 / 16,"Oct 1st, 2006",baraazaid/cpu-and-gpu-stats
6ffe30f2604cba9896ba,GeForce 7900 GTX,G71,2006-03-09,PCIe 1.0 x16,0.5,GDDR3,650.0,800.0,,,,True,"512 MB, GDDR3, 256 bit",650 MHz,800 MHz,24 / 8 / 24 / 16,"Mar 9th, 2006",baraazaid/cpu-and-gpu-stats
3bc05819c21300ebc697,GeForce 7900 GX2,G71,2006-04-30,PCIe 1.0 x16,0.5,GDDR3,500.0,600.0,,,,True,"512 MB, GDDR3, 256 bit",500 MHz,600 MHz,24 / 8 / 24 / 16,"Apr 30th, 2006",baraazaid/cpu-and-gpu-stats
5b2e4f2337b9aa13a8fd,GeForce 7950 GT,G71,2006-08-06,PCIe 1.0 x16,0.5,GDDR3,550.0,700.0,,,,True,"512 MB, GDDR3, 256 bit",550 MHz,700 MHz,24 / 8 / 24 / 16,"Aug 6th, 2006",baraazaid/cpu-and-gpu-stats
f7af26b505be7ad38edb,GeForce 7950 GT AGP,G71,2007-04-02,AGP 8x,0.5,GDDR3,500.0,600.0,,,,True,"512 MB, GDDR3, 256 bit",500 MHz,600 MHz,24 / 8 / 24 / 16,"Apr 2nd, 2007",baraazaid/cpu-and-gpu-stats
a79aef2abc1d48a9cffa,GeForce 7950 GX2,G71,2006-06-05,PCIe 1.0 x16,0.5,GDDR3,500.0,600.0,,,,True,"512 MB, GDDR3, 256 bit",500 MHz,600 MHz,24 / 8 / 24 / 16,"Jun 5th, 2006",baraazaid/cpu-and-gpu-stats
4f954de1e0e6f41c4ed0,GeForce 800A,GF119,2014-03-17,PCIe 2.0 x16,1.0,DDR3,475.0,900.0,48,8,4,True,"1024 MB, DDR3, 64 bit",475 MHz,900 MHz,48 / 8 / 4,"Mar 17th, 2014",baraazaid/cpu-and-gpu-stats
8cb43c468cf05574a632,GeForce 800M,GF117,2014-03-17,PCIe 2.0 x16,1.0,DDR3,738.0,900.0,48,8,8,True,"1024 MB, DDR3, 64 bit",738 MHz,900 MHz,48 / 8 / 8,"Mar 17th, 2014",baraazaid/cpu-and-gpu-stats
c88132125bffaf3252f6,GeForce 805A,GK208,2014-07-22,PCIe 3.0 x8,1.0,DDR3,719.0,1001.0,192,16,8,True,"1024 MB, DDR3, 64 bit",719 MHz,1001 MHz,192 / 16 / 8,"Jul 22nd, 2014",baraazaid/cpu-and-gpu-stats
5db86607ab716c9fe3dd,GeForce 8100 + nForce 720a,C78,2007-04-17,PCI,,,500.0,,16,8,4,True,System Shared,500 MHz,System Shared,16 / 8 / 4,"Apr 17th, 2007",baraazaid/cpu-and-gpu-stats
433dbebc5429101c5b3f,GeForce 810A,GK208,2014-07-22,PCIe 3.0 x8,1.0,DDR3,719.0,900.0,192,16,8,True,"1024 MB, DDR3, 64 bit",719 MHz,900 MHz,192 / 16 / 8,"Jul 22nd, 2014",baraazaid/cpu-and-gpu-stats
fd52ea9def23d7615fae,GeForce 810M,GF117,2014-03-24,PCIe 2.0 x16,1.0,DDR3,738.0,900.0,48,8,8,True,"1024 MB, DDR3, 64 bit",738 MHz,900 MHz,48 / 8 / 8,"Mar 24th, 2014",baraazaid/cpu-and-gpu-stats
e4633d4aa3fe11897d0c,GeForce 810M,GK107,2015-03-21,PCIe 3.0 x16,2.0,DDR3,835.0,900.0,384,32,16,True,"2 GB, DDR3, 64 bit",835 MHz,900 MHz,384 / 32 / 16,"Mar 21st, 2015",baraazaid/cpu-and-gpu-stats
cd874bb27c1187552f08,GeForce 8200,C78,2007-04-17,PCI,,,500.0,,16,8,4,True,System Shared,500 MHz,System Shared,16 / 8 / 4,"Apr 17th, 2007",baraazaid/cpu-and-gpu-stats
59870b3eb0adbd47a0a2,GeForce 8200M G mGPU AMD,C77,2008-06-03,PCIe 2.0 x16,,,400.0,,16,4,4,True,System Shared,400 MHz,System Shared,16 / 4 / 4,"Jun 3rd, 2008",baraazaid/cpu-and-gpu-stats
d6753b2e0f7d666b640f,GeForce 8200M G mGPU Intel,C79,2008-06-03,PCIe 2.0 x16,,,400.0,,16,8,4,True,System Shared,400 MHz,System Shared,16 / 8 / 4,"Jun 3rd, 2008",baraazaid/cpu-and-gpu-stats
01b2f081a32666d2c498,GeForce 820A,GF117,2014-03-17,PCIe 2.0 x16,1.0,DDR3,625.0,1001.0,96,16,8,True,"1024 MB, DDR3, 64 bit",625 MHz,1001 MHz,96 / 16 / 8,"Mar 17th, 2014",baraazaid/cpu-and-gpu-stats
c83276869e2681f0d1da,GeForce 820M,GF117,2013-11-27,PCIe 2.0 x16,1.0,DDR3,625.0,900.0,96,16,8,True,"1024 MB, DDR3, 64 bit",625 MHz,900 MHz,96 / 16 / 8,"Nov 27th, 2013",baraazaid/cpu-and-gpu-stats
f70ba94476741b74d7c9,GeForce 820M,GK107,2015-03-21,PCIe 3.0 x16,2.0,DDR3,810.0,901.0,384,32,16,True,"2 GB, DDR3, 128 bit",810 MHz,901 MHz,384 / 32 / 16,"Mar 21st, 2015",baraazaid/cpu-and-gpu-stats
a73e79b842425c6958be,GeForce 825M,GK208,2014-01-27,PCIe 3.0 x8,1.0,DDR3,850.0,900.0,384,32,8,True,"1024 MB, DDR3, 64 bit",850 MHz,900 MHz,384 / 32 / 8,"Jan 27th, 2014",baraazaid/cpu-and-gpu-stats
8dabeb9f9b5ccf8ea326,GeForce 8300,C78,2007-04-17,PCI,,,500.0,,16,8,4,True,System Shared,500 MHz,System Shared,16 / 8 / 4,"Apr 17th, 2007",baraazaid/cpu-and-gpu-stats
2d1db659f89b0a18dd65,GeForce 8300 GS,G86,2007-04-17,PCIe 2.0 x16,0.125,DDR2,459.0,400.0,8,8,4,True,"128 MB, DDR2, 64 bit",459 MHz,400 MHz,8 / 8 / 4,"Apr 17th, 2007",baraazaid/cpu-and-gpu-stats
2e593280e98bf5fae085,GeForce 830A,GM108,2014-07-22,PCIe 3.0 x8,2.0,DDR3,1082.0,1001.0,256,16,8,True,"2 GB, DDR3, 64 bit",1082 MHz,1001 MHz,256 / 16 / 8,"Jul 22nd, 2014",baraazaid/cpu-and-gpu-stats
cfbc184a0cae791c1efa,GeForce 830M,GM108,2014-03-12,PCIe 3.0 x8,2.0,DDR3,1082.0,900.0,256,16,8,True,"2 GB, DDR3, 64 bit",1082 MHz,900 MHz,256 / 16 / 8,"Mar 12th, 2014",baraazaid/cpu-and-gpu-stats
f53341f3c18f2ed3acfb,GeForce 8400,G98,2007-12-04,PCIe 2.0 x16,0.25,DDR2,540.0,500.0,8,4,4,True,"256 MB, DDR2, 64 bit",540 MHz,500 MHz,8 / 4 / 4,"Dec 4th, 2007",baraazaid/cpu-and-gpu-stats
9f22f104bf5deb12dfee,GeForce 8400 GS,G86,2007-04-17,PCIe 1.0 x16,0.25,DDR2,459.0,400.0,16,8,4,True,"256 MB, DDR2, 64 bit",459 MHz,400 MHz,16 / 8 / 4,"Apr 17th, 2007",baraazaid/cpu-and-gpu-stats
be9f4036d77d26d686c6,GeForce 8400 GS PCI,G98,2007-12-04,PCI,0.5,DDR2,567.0,333.0,8,4,4,True,"512 MB, DDR2, 64 bit",567 MHz,333 MHz,8 / 4 / 4,"Dec 4th, 2007",baraazaid/cpu-and-gpu-stats
58298e115ef937a09bd9,GeForce 8400 GS PCI Rev. 2,GT218,2007-04-17,PCI,0.5,DDR3,520.0,500.0,16,8,4,True,"512 MB, DDR3, 64 bit",520 MHz,500 MHz,16 / 8 / 4,"Apr 17th, 2007",baraazaid/cpu-and-gpu-stats
eacde5b34f3e2f4c6f0c,GeForce 8400 GS Rev. 2,G98,2007-12-04,PCIe 2.0 x16,0.5,DDR2,567.0,400.0,8,4,4,True,"512 MB, DDR2, 64 bit",567 MHz,400 MHz,8 / 4 / 4,"Dec 4th, 2007",baraazaid/cpu-and-gpu-stats
580bea5d3359432ae104,GeForce 8400 SE,G86,2008-08-01,PCIe 2.0 x16,0.125,DDR2,459.0,400.0,16,8,4,True,"128 MB, DDR2, 64 bit",459 MHz,400 MHz,16 / 8 / 4,"Aug 1st, 2008",baraazaid/cpu-and-gpu-stats
8ab858fc8cce08729d9e,GeForce 8400M G,G86,2007-05-09,PCIe 1.0 x16,0.25,GDDR3,400.0,400.0,8,8,4,True,"256 MB, GDDR3, 64 bit",400 MHz,400 MHz,8 / 8 / 4,"May 9th, 2007",baraazaid/cpu-and-gpu-stats
fb9f2610ea418b4d0f5e,GeForce 8400M GS,G86,2007-05-09,MXM-I,0.25,DDR2,400.0,400.0,16,8,4,True,"256 MB, DDR2, 64 bit",400 MHz,400 MHz,16 / 8 / 4,"May 9th, 2007",baraazaid/cpu-and-gpu-stats
5ca694023705fee426d3,GeForce 8400M GT,G86,2007-05-09,PCIe 1.0 x16,0.5,GDDR3,450.0,600.0,16,8,4,True,"512 MB, GDDR3, 128 bit",450 MHz,600 MHz,16 / 8 / 4,"May 9th, 2007",baraazaid/cpu-and-gpu-stats
f261e6d71f230f532576,GeForce 840A,GM108,2014-03-17,PCIe 3.0 x8,2.0,DDR3,1029.0,1001.0,384,16,8,True,"2 GB, DDR3, 64 bit",1029 MHz,1001 MHz,384 / 16 / 8,"Mar 17th, 2014",baraazaid/cpu-and-gpu-stats
64d6dcab0fe2ad033fe1,GeForce 840M,GM108,2014-03-12,PCIe 3.0 x8,2.0,DDR3,1029.0,1001.0,384,16,8,True,"2 GB, DDR3, 64 bit",1029 MHz,1001 MHz,384 / 16 / 8,"Mar 12th, 2014",baraazaid/cpu-and-gpu-stats
5ea4550468f0a0fb659b,GeForce 845M,GM108,2015-08-26,PCIe 3.0 x8,2.0,GDDR5,1071.0,1253.0,384,32,16,True,"2 GB, GDDR5, 64 bit",1071 MHz,1253 MHz,384 / 32 / 16,"Aug 26th, 2015",baraazaid/cpu-and-gpu-stats
60ca97938bca1a587c97,GeForce 8500 GT,G86,2007-04-17,PCIe 1.0 x16,0.25,GDDR3,459.0,400.0,16,8,4,True,"256 MB, GDDR3, 128 bit",459 MHz,400 MHz,16 / 8 / 4,"Apr 17th, 2007",baraazaid/cpu-and-gpu-stats
b50f2a82fc58cf3d42e1,GeForce 8600 GS,G84,2007-04-17,PCIe 1.0 x16,0.5,DDR2,540.0,400.0,16,8,8,True,"512 MB, DDR2, 128 bit",540 MHz,400 MHz,16 / 8 / 8,"Apr 17th, 2007",baraazaid/cpu-and-gpu-stats
89edb9c418a2c000273c,GeForce 8600 GT,G84,2007-04-17,PCIe 1.0 x16,0.5,GDDR3,540.0,700.0,32,16,8,True,"512 MB, GDDR3, 128 bit",540 MHz,700 MHz,32 / 16 / 8,"Apr 17th, 2007",baraazaid/cpu-and-gpu-stats
102c362c48d6e6cdcdd2,GeForce 8600 GT Mac Edition,G84,2007-04-17,PCIe 1.0 x16,0.125,GDDR3,600.0,750.0,32,16,8,True,"128 MB, GDDR3, 128 bit",600 MHz,750 MHz,32 / 16 / 8,"Apr 17th, 2007",baraazaid/cpu-and-gpu-stats
49d629c5406d106ea66c,GeForce 8600 GTS,G84,2007-04-17,PCIe 1.0 x16,0.25,GDDR3,675.0,1000.0,32,16,8,True,"256 MB, GDDR3, 128 bit",675 MHz,1000 MHz,32 / 16 / 8,"Apr 17th, 2007",baraazaid/cpu-and-gpu-stats
a5b3d9501af3a5f3568f,GeForce 8600 GTS Mac Edition,G84,2007-09-21,PCIe 1.0 x16,0.5,GDDR3,675.0,1008.0,32,16,8,True,"512 MB, GDDR3, 128 bit",675 MHz,1008 MHz,32 / 16 / 8,"Sep 21st, 2007",baraazaid/cpu-and-gpu-stats
bf90a6fa2a9b0f614d77,GeForce 8600M GS,G86,2007-05-01,MXM-II,0.5,DDR2,450.0,400.0,16,8,4,True,"512 MB, DDR2, 128 bit",450 MHz,400 MHz,16 / 8 / 4,"May 1st, 2007",baraazaid/cpu-and-gpu-stats
15845e656ac7f2fd8dd2,GeForce 8600M GT,G84,2007-05-01,MXM-II,0.5,GDDR3,475.0,700.0,32,16,8,True,"512 MB, GDDR3, 128 bit",475 MHz,700 MHz,32 / 16 / 8,"May 1st, 2007",baraazaid/cpu-and-gpu-stats
1082a7d15cdbba23e3b2,GeForce 8600M GT,G84,2007-12-31,MXM-II,0.5,DDR2,475.0,400.0,32,16,8,True,"512 MB, DDR2, 128 bit",475 MHz,400 MHz,32 / 16 / 8,"Dec 31st, 2007",baraazaid/cpu-and-gpu-stats
55ecd145cf83b594e928,GeForce 8600M GT Mac Edition,G84,2007-10-05,MXM-II,0.5,GDDR3,470.0,635.0,32,16,8,True,"512 MB, GDDR3, 128 bit",470 MHz,635 MHz,32 / 16 / 8,"Oct 5th, 2007",baraazaid/cpu-and-gpu-stats
f9e9c475498e2b2a077a,GeForce 8700M GT,G84,2007-06-01,MXM-HE,0.5,GDDR3,625.0,800.0,32,16,8,True,"512 MB, GDDR3, 128 bit",625 MHz,800 MHz,32 / 16 / 8,"Jun 1st, 2007",baraazaid/cpu-and-gpu-stats
1cf9c7aa83337cf852b8,GeForce 8800 GS,G92,2008-01-31,PCIe 1.0 x16,0.375,GDDR3,550.0,800.0,96,48,12,True,"384 MB, GDDR3, 192 bit",550 MHz,800 MHz,96 / 48 / 12,"Jan 31st, 2008",baraazaid/cpu-and-gpu-stats
8d1e3845cf3796732bd6,GeForce 8800 GS Mac Edition,G92,2008-01-31,MXM-HE,0.5,GDDR3,500.0,799.0,64,32,16,True,"512 MB, GDDR3, 256 bit",500 MHz,799 MHz,64 / 32 / 16,"Jan 31st, 2008",baraazaid/cpu-and-gpu-stats
fbce3b1d6da28a610c85,GeForce 8800 GT,G92,2007-10-29,PCIe 2.0 x16,0.5,GDDR3,600.0,900.0,112,56,16,True,"512 MB, GDDR3, 256 bit",600 MHz,900 MHz,112 / 56 / 16,"Oct 29th, 2007",baraazaid/cpu-and-gpu-stats
8cf2c2f5de179a16dca1,GeForce 8800 GT Mac Edition,G92,2008-02-01,PCIe 2.0 x16,0.5,GDDR3,600.0,900.0,112,56,16,True,"512 MB, GDDR3, 256 bit",600 MHz,900 MHz,112 / 56 / 16,"Feb 1st, 2008",baraazaid/cpu-and-gpu-stats
4e19bcf24baea4331fe8,GeForce 8800 GTS 320,G80,2007-02-12,PCIe 1.0 x16,0.3125,GDDR3,513.0,792.0,96,24,20,True,"320 MB, GDDR3, 320 bit",513 MHz,792 MHz,96 / 24 / 20,"Feb 12th, 2007",baraazaid/cpu-and-gpu-stats
7aa3400a725da39f3567,GeForce 8800 GTS 512,G92,2007-12-11,PCIe 2.0 x16,0.5,GDDR3,650.0,820.0,128,64,16,True,"512 MB, GDDR3, 256 bit",650 MHz,820 MHz,128 / 64 / 16,"Dec 11th, 2007",baraazaid/cpu-and-gpu-stats
94d9b87bb018eebce2bb,GeForce 8800 GTS 640,G80,2006-11-08,PCIe 1.0 x16,0.625,GDDR3,513.0,792.0,96,24,20,True,"640 MB, GDDR3, 320 bit",513 MHz,792 MHz,96 / 24 / 20,"Nov 8th, 2006",baraazaid/cpu-and-gpu-stats
3d8a77bf30fc40f0e720,GeForce 8800 GTS Core 112,G80,2007-11-19,PCIe 1.0 x16,0.625,GDDR3,500.0,800.0,112,28,20,True,"640 MB, GDDR3, 320 bit",500 MHz,800 MHz,112 / 28 / 20,"Nov 19th, 2007",baraazaid/cpu-and-gpu-stats
4692f36b5db08ced0a6c,GeForce 8800 GTX,G80,2006-11-08,PCIe 1.0 x16,0.75,GDDR3,576.0,900.0,128,32,24,True,"768 MB, GDDR3, 384 bit",576 MHz,900 MHz,128 / 32 / 24,"Nov 8th, 2006",baraazaid/cpu-and-gpu-stats
c69033a70c834da2c400,GeForce 8800 Ultra,G80,2007-05-02,PCIe 1.0 x16,0.75,GDDR3,612.0,1080.0,128,32,24,True,"768 MB, GDDR3, 384 bit",612 MHz,1080 MHz,128 / 32 / 24,"May 2nd, 2007",baraazaid/cpu-and-gpu-stats
ca9ef5625f336919c0f3,GeForce 8800M GTS,G92,2007-11-01,MXM-HE,0.5,GDDR3,500.0,800.0,64,32,16,True,"512 MB, GDDR3, 256 bit",500 MHz,800 MHz,64 / 32 / 16,"Nov 1st, 2007",baraazaid/cpu-and-gpu-stats
1497a912293fa2c272fd,GeForce 8800M GTX,G92,2007-11-01,MXM-HE,0.5,GDDR3,500.0,800.0,96,48,16,True,"512 MB, GDDR3, 256 bit",500 MHz,800 MHz,96 / 48 / 16,"Nov 1st, 2007",baraazaid/cpu-and-gpu-stats
84aa2e20a045b3fd7ddf,GeForce 9100,C78,2007-04-17,PCI,,,500.0,,16,8,4,True,System Shared,500 MHz,System Shared,16 / 8 / 4,"Apr 17th, 2007",baraazaid/cpu-and-gpu-stats
2abdb2e22f117e20ddbd,GeForce 9100M G mGPU AMD,C77,2008-07-29,PCIe 2.0 x16,,,450.0,,16,4,4,True,System Shared,450 MHz,System Shared,16 / 4 / 4,"Jul 29th, 2008",baraazaid/cpu-and-gpu-stats
0e5748805c7e93f605ea,GeForce 9100M G mGPU Intel,C79,2008-07-29,PCIe 2.0 x16,,,450.0,,8,8,4,True,System Shared,450 MHz,System Shared,8 / 8 / 4,"Jul 29th, 2008",baraazaid/cpu-and-gpu-stats
3cefb2277e4a65e37e0f,GeForce 910M,GK208B,2015-03-13,PCIe 3.0 x8,2.0,DDR3,641.0,1001.0,384,32,8,True,"2 GB, DDR3, 64 bit",641 MHz,1001 MHz,384 / 32 / 8,"Mar 13th, 2015",baraazaid/cpu-and-gpu-stats
37376d7b5af1e5f4b238,GeForce 9200,C78,2007-04-17,PCI,,,500.0,,16,8,4,True,System Shared,500 MHz,System Shared,16 / 8 / 4,"Apr 17th, 2007",baraazaid/cpu-and-gpu-stats
395bbe1e4dba4847d959,GeForce 9200,C79,2007-04-17,PCI,,,450.0,,16,8,4,True,System Shared,450 MHz,System Shared,16 / 8 / 4,"Apr 17th, 2007",baraazaid/cpu-and-gpu-stats
ff106aa352248b8803b3,GeForce 9200M,C79,2008-10-15,PCIe 2.0 x16,,,450.0,,16,8,4,True,System Shared,450 MHz,System Shared,16 / 8 / 4,"Oct 15th, 2008",baraazaid/cpu-and-gpu-stats
88a1c2003e262615f74b,GeForce 9200M GS,G98,2008-06-03,PCIe 2.0 x16,0.25,DDR2,529.0,400.0,8,4,4,True,"256 MB, DDR2, 64 bit",529 MHz,400 MHz,8 / 4 / 4,"Jun 3rd, 2008",baraazaid/cpu-and-gpu-stats
3ecf5d60c51586729b1f,GeForce 920A,GK208B,2015-03-13,PCIe 3.0 x8,1.0,DDR3,954.0,1001.0,384,32,8,True,"1024 MB, DDR3, 64 bit",954 MHz,1001 MHz,384 / 32 / 8,"Mar 13th, 2015",baraazaid/cpu-and-gpu-stats
7887f6857d0ed8e53cda,GeForce 920M,GK208B,2015-03-13,PCIe 3.0 x8,2.0,DDR3,954.0,900.0,384,32,8,True,"2 GB, DDR3, 64 bit",954 MHz,900 MHz,384 / 32 / 8,"Mar 13th, 2015",baraazaid/cpu-and-gpu-stats
d452babb08708bdbb8c9,GeForce 920MX,GM108,2016-03-25,PCIe 3.0 x8,2.0,DDR3,965.0,900.0,256,24,8,True,"2 GB, DDR3, 64 bit",965 MHz,900 MHz,256 / 24 / 8,"Mar 25th, 2016",baraazaid/cpu-and-gpu-stats
da54022a0bd95cc1336c,GeForce 9300 + nForce 730i,C79,2007-04-17,PCI,,,450.0,,16,8,4,True,System Shared,450 MHz,System Shared,16 / 8 / 4,"Apr 17th, 2007",baraazaid/cpu-and-gpu-stats
a7b4dae71208b954f41d,GeForce 9300 GE,G98,2008-06-01,PCIe 2.0 x16,0.25,DDR2,540.0,400.0,8,4,4,True,"256 MB, DDR2, 64 bit",540 MHz,400 MHz,8 / 4 / 4,"Jun 1st, 2008",baraazaid/cpu-and-gpu-stats
ba72e5f756e053ffc27d,GeForce 9300 GS,G98,2008-06-01,PCIe 2.0 x16,0.5,DDR2,567.0,333.0,8,4,4,True,"512 MB, DDR2, 64 bit",567 MHz,333 MHz,8 / 4 / 4,"Jun 1st, 2008",baraazaid/cpu-and-gpu-stats
918a74f1e8848bf5f9b2,GeForce 9300 SE,G98,2008-06-01,PCIe 2.0 x16,0.25,DDR2,540.0,400.0,8,4,4,True,"256 MB, DDR2, 64 bit",540 MHz,400 MHz,8 / 4 / 4,"Jun 1st, 2008",baraazaid/cpu-and-gpu-stats
19e1be985ff25872ec84,GeForce 9300M G,G86,2008-02-01,PCIe 2.0 x16,0.25,DDR2,400.0,400.0,16,8,4,True,"256 MB, DDR2, 64 bit",400 MHz,400 MHz,16 / 8 / 4,"Feb 1st, 2008",baraazaid/cpu-and-gpu-stats
269148188a50d52db53d,GeForce 9300M GS DDR2,G98,2008-06-04,MXM-I,0.25,DDR2,580.0,400.0,8,4,4,True,"256 MB, DDR2, 64 bit",580 MHz,400 MHz,8 / 4 / 4,"Jun 4th, 2008",baraazaid/cpu-and-gpu-stats
2606a207c00613d81868,GeForce 9300M GS GDDR3,G98,2008-06-04,MXM-I,0.25,GDDR3,580.0,702.0,8,4,4,True,"256 MB, GDDR3, 64 bit",580 MHz,702 MHz,8 / 4 / 4,"Jun 4th, 2008",baraazaid/cpu-and-gpu-stats
d4b699cec2e0cdc416ef,GeForce 930A,GM108,2015-03-13,PCIe 3.0 x8,2.0,DDR3,928.0,1001.0,384,24,8,True,"2 GB, DDR3, 64 bit",928 MHz,1001 MHz,384 / 24 / 8,"Mar 13th, 2015",baraazaid/cpu-and-gpu-stats
1c933106d2a0a3292712,GeForce 930M,GM108,2015-03-13,PCIe 3.0 x8,2.0,DDR3,928.0,900.0,384,24,8,True,"2 GB, DDR3, 64 bit",928 MHz,900 MHz,384 / 24 / 8,"Mar 13th, 2015",baraazaid/cpu-and-gpu-stats
7b1bacb56a2cf9dd8545,GeForce 930M,GM108,2015-03-13,PCIe 3.0 x8,2.0,DDR3,549.0,800.0,384,24,8,True,"2 GB, DDR3, 64 bit",549 MHz,800 MHz,384 / 24 / 8,"Mar 13th, 2015",baraazaid/cpu-and-gpu-stats
229d6d62454efce9f4d9,GeForce 930MX,GM108,2016-03-01,PCIe 3.0 x8,2.0,DDR3,952.0,900.0,384,24,8,True,"2 GB, DDR3, 64 bit",952 MHz,900 MHz,384 / 24 / 8,"Mar 1st, 2016",baraazaid/cpu-and-gpu-stats
8d1d6ce16fd287858e7a,GeForce 9400,C79,2007-04-17,PCI,,,450.0,,16,8,4,True,System Shared,450 MHz,System Shared,16 / 8 / 4,"Apr 17th, 2007",baraazaid/cpu-and-gpu-stats
ad8dd48fdecda1742513,GeForce 9400,C7A,2007-04-17,PCI,,,580.0,,16,8,4,True,System Shared,580 MHz,System Shared,16 / 8 / 4,"Apr 17th, 2007",baraazaid/cpu-and-gpu-stats
9d3b1cf595e1acce57ab,GeForce 9400 GT,G86,2008-08-01,PCIe 2.0 x16,0.125,DDR2,459.0,600.0,16,8,4,True,"128 MB, DDR2, 64 bit",459 MHz,600 MHz,16 / 8 / 4,"Aug 1st, 2008",baraazaid/cpu-and-gpu-stats
25d4e8a87e38358f9cec,GeForce 9400 GT,G96C,2008-08-27,PCIe 2.0 x16,0.5,DDR2,550.0,400.0,16,8,4,True,"512 MB, DDR2, 128 bit",550 MHz,400 MHz,16 / 8 / 4,"Aug 27th, 2008",baraazaid/cpu-and-gpu-stats
96553e83c88232a5a5c4,GeForce 9400 GT PCI,G96C,2008-08-27,PCI,0.25,DDR2,550.0,400.0,16,8,4,True,"256 MB, DDR2, 128 bit",550 MHz,400 MHz,16 / 8 / 4,"Aug 27th, 2008",baraazaid/cpu-and-gpu-stats
1704ed6459ca56bc10bf,GeForce 9400 GT Rev. 2,G96C,2008-08-27,PCIe 2.0 x16,0.5,GDDR3,550.0,400.0,16,8,4,True,"512 MB, GDDR3, 128 bit",550 MHz,400 MHz,16 / 8 / 4,"Aug 27th, 2008",baraazaid/cpu-and-gpu-stats
12fce74135ae7e2e227d,GeForce 9400 GT Rev. 3,GT218,2012-06-13,PCIe 2.0 x16,0.125,DDR2,589.0,600.0,16,8,4,True,"128 MB, DDR2, 64 bit",589 MHz,600 MHz,16 / 8 / 4,"Jun 13th, 2012",baraazaid/cpu-and-gpu-stats
5b5c793bdb100eeaf062,GeForce 9400M,C79,2008-10-15,PCIe 2.0 x16,,,580.0,,16,8,4,True,System Shared,580 MHz,System Shared,16 / 8 / 4,"Oct 15th, 2008",baraazaid/cpu-and-gpu-stats
83aec27261b6b2632660,GeForce 9400M,C79,2008-10-15,PCIe 2.0 x16,,,450.0,,16,8,4,True,System Shared,450 MHz,System Shared,16 / 8 / 4,"Oct 15th, 2008",baraazaid/cpu-and-gpu-stats
1c38eabd3c66050743d3,GeForce 9400M G,C79,2008-10-15,PCIe 2.0 x16,,,450.0,,16,8,4,True,System Shared,450 MHz,System Shared,16 / 8 / 4,"Oct 15th, 2008",baraazaid/cpu-and-gpu-stats
0876262832c331dba19e,GeForce 940A,GM108,2015-03-13,PCIe 3.0 x8,2.0,DDR3,1072.0,1001.0,384,16,8,True,"2 GB, DDR3, 64 bit",1072 MHz,1001 MHz,384 / 16 / 8,"Mar 13th, 2015",baraazaid/cpu-and-gpu-stats
2c44a836b169bf8c504b,GeForce 940A,GM108,2015-03-13,PCIe 3.0 x8,1.0,DDR3,1029.0,1001.0,384,16,8,True,"1024 MB, DDR3, 64 bit",1029 MHz,1001 MHz,384 / 16 / 8,"Mar 13th, 2015",baraazaid/cpu-and-gpu-stats
5b71ae3237d97af7f7f8,GeForce 940M,GM107,2015-03-13,MXM-B (3.0),2.0,DDR3,1020.0,900.0,512,32,16,True,"2 GB, DDR3, 64 bit",1020 MHz,900 MHz,512 / 32 / 16,"Mar 13th, 2015",baraazaid/cpu-and-gpu-stats
71a00b77cace8ef978db,GeForce 940M,GM108,2015-03-13,PCIe 3.0 x8,2.0,DDR3,1072.0,900.0,384,24,8,True,"2 GB, DDR3, 64 bit",1072 MHz,900 MHz,384 / 24 / 8,"Mar 13th, 2015",baraazaid/cpu-and-gpu-stats
2530a236feeb85539236,GeForce 940MX,GM108,2016-01-01,PCIe 3.0 x8,2.0,DDR3,1004.0,1001.0,384,24,8,True,"2 GB, DDR3, 64 bit",1004 MHz,1001 MHz,384 / 24 / 8,2016,baraazaid/cpu-and-gpu-stats
e6380eda7d1c6ac8c336,GeForce 940MX,GM108,2016-01-01,PCIe 3.0 x8,1.0,GDDR5,954.0,1253.0,384,24,8,True,"1024 MB, GDDR5, 64 bit",954 MHz,1253 MHz,384 / 24 / 8,2016,baraazaid/cpu-and-gpu-stats
b4746032a04b6a1df9a7,GeForce 940MX,GM107,2016-06-28,PCIe 3.0 x8,2.0,GDDR5,795.0,1253.0,512,32,8,True,"2 GB, GDDR5, 64 bit",795 MHz,1253 MHz,512 / 32 / 8,"Jun 28th, 2016",baraazaid/cpu-and-gpu-stats
cb65cf5f3442f255b40f,GeForce 945A,GM108,2015-03-13,PCIe 3.0 x8,1.0,GDDR5,1006.0,1253.0,384,24,8,True,"1024 MB, GDDR5, 64 bit",1006 MHz,1253 MHz,384 / 24 / 8,"Mar 13th, 2015",baraazaid/cpu-and-gpu-stats
0f2f01533314964ec821,GeForce 945M,GM107,2015-10-27,MXM-B (3.0),2.0,DDR3,928.0,900.0,640,40,16,True,"2 GB, DDR3, 128 bit",928 MHz,900 MHz,640 / 40 / 16,"Oct 27th, 2015",baraazaid/cpu-and-gpu-stats
716a69195d4362ad7d18,GeForce 945M,GM108,2016-04-08,PCIe 3.0 x8,1.0,DDR3,1006.0,1001.0,384,24,8,True,"1024 MB, DDR3, 64 bit",1006 MHz,1001 MHz,384 / 24 / 8,"Apr 8th, 2016",baraazaid/cpu-and-gpu-stats
85ddaa22452f8e11bcd0,GeForce 9500 GS,G96,2008-07-29,PCIe 2.0 x16,0.5,DDR2,550.0,504.0,32,16,8,True,"512 MB, DDR2, 128 bit",550 MHz,504 MHz,32 / 16 / 8,"Jul 29th, 2008",baraazaid/cpu-and-gpu-stats
315b41693deafa795f2a,GeForce 9500 GS Rev. 2,G96C,2008-07-29,PCIe 2.0 x16,0.5,DDR2,500.0,500.0,32,16,8,True,"512 MB, DDR2, 128 bit",500 MHz,500 MHz,32 / 16 / 8,"Jul 29th, 2008",baraazaid/cpu-and-gpu-stats
4e09dc0c3d1de951a856,GeForce 9500 GT,G96,2008-07-29,PCIe 2.0 x16,0.5,GDDR3,600.0,1000.0,32,16,8,True,"512 MB, GDDR3, 128 bit",600 MHz,1000 MHz,32 / 16 / 8,"Jul 29th, 2008",baraazaid/cpu-and-gpu-stats
aa3ff833f0e299457a46,GeForce 9500 GT Mac Edition,G96C,2010-05-19,PCIe 2.0 x16,0.5,GDDR3,550.0,800.0,32,16,8,True,"512 MB, GDDR3, 128 bit",550 MHz,800 MHz,32 / 16 / 8,"May 19th, 2010",baraazaid/cpu-and-gpu-stats
ecfb6cf52e61b2dc7498,GeForce 9500 GT Rev. 2,G96B,2008-07-29,PCIe 2.0 x16,0.5,GDDR3,600.0,900.0,32,16,8,True,"512 MB, GDDR3, 128 bit",600 MHz,900 MHz,32 / 16 / 8,"Jul 29th, 2008",baraazaid/cpu-and-gpu-stats
0a63fd153fcc7a777750,GeForce 9500 GT Rev. 3,G96C,2008-07-29,PCIe 2.0 x16,0.5,GDDR3,550.0,800.0,32,16,8,True,"512 MB, GDDR3, 128 bit",550 MHz,800 MHz,32 / 16 / 8,"Jul 29th, 2008",baraazaid/cpu-and-gpu-stats
227785b3db0cbd86bbc0,GeForce 9500M G,G96,2008-06-03,PCIe 2.0 x16,0.5,GDDR3,500.0,800.0,16,8,8,True,"512 MB, GDDR3, 128 bit",500 MHz,800 MHz,16 / 8 / 8,"Jun 3rd, 2008",baraazaid/cpu-and-gpu-stats
4bd66a1bd25f3e0d3a25,GeForce 9500M GS,G84,2008-02-01,PCIe 1.0 x16,0.5,GDDR3,475.0,700.0,32,16,8,True,"512 MB, GDDR3, 128 bit",475 MHz,700 MHz,32 / 16 / 8,"Feb 1st, 2008",baraazaid/cpu-and-gpu-stats
698969589ba95cd59202,GeForce 9600 GS OEM,G94,2008-07-29,PCIe 2.0 x16,0.75,DDR2,500.0,1000.0,48,24,12,True,"768 MB, DDR2, 192 bit",500 MHz,1000 MHz,48 / 24 / 12,"Jul 29th, 2008",baraazaid/cpu-and-gpu-stats
8427d473146d3bcbeef6,GeForce 9600 GSO,G92,2008-04-28,PCIe 2.0 x16,0.375,GDDR3,550.0,800.0,96,48,12,True,"384 MB, GDDR3, 192 bit",550 MHz,800 MHz,96 / 48 / 12,"Apr 28th, 2008",baraazaid/cpu-and-gpu-stats
e9cb52c89f0acef53b4f,GeForce 9600 GSO 512,G94,2008-10-23,PCIe 2.0 x16,0.5,GDDR3,650.0,900.0,48,24,16,True,"512 MB, GDDR3, 256 bit",650 MHz,900 MHz,48 / 24 / 16,"Oct 23rd, 2008",baraazaid/cpu-and-gpu-stats
2672da0b39f9149d0954,GeForce 9600 GT,G94,2008-02-21,PCIe 2.0 x16,0.5,GDDR3,650.0,900.0,64,32,16,True,"512 MB, GDDR3, 256 bit",650 MHz,900 MHz,64 / 32 / 16,"Feb 21st, 2008",baraazaid/cpu-and-gpu-stats
9a6f31afe8f24137d716,GeForce 9600 GT Green Edition,G94,2008-02-21,PCIe 2.0 x16,0.5,GDDR3,600.0,700.0,64,32,16,True,"512 MB, GDDR3, 256 bit",600 MHz,700 MHz,64 / 32 / 16,"Feb 21st, 2008",baraazaid/cpu-and-gpu-stats
cfd0910c9d0a7b25b6e9,GeForce 9600 GT Mac Edition,G94,2008-12-22,PCIe 2.0 x16,1.0,DDR2,600.0,266.0,64,32,16,True,"1024 MB, DDR2, 256 bit",600 MHz,266 MHz,64 / 32 / 16,"Dec 22nd, 2008",baraazaid/cpu-and-gpu-stats
646a3180c36d9e363b70,GeForce 9600M GS,G96C,2008-06-03,MXM-II,1.0,GDDR3,430.0,800.0,32,16,8,True,"1024 MB, GDDR3, 128 bit",430 MHz,800 MHz,32 / 16 / 8,"Jun 3rd, 2008",baraazaid/cpu-and-gpu-stats
d00c13a91836aee463cb,GeForce 9600M GT,G96C,2008-06-04,MXM-II,0.5,GDDR3,500.0,792.0,32,16,8,True,"512 MB, GDDR3, 128 bit",500 MHz,792 MHz,32 / 16 / 8,"Jun 4th, 2008",baraazaid/cpu-and-gpu-stats
37d1fbc65990a6db443f,GeForce 9600M GT Mac Edition,G96C,2008-10-25,MXM-II,0.5,GDDR3,500.0,792.0,32,16,8,True,"512 MB, GDDR3, 128 bit",500 MHz,792 MHz,32 / 16 / 8,"Oct 25th, 2008",baraazaid/cpu-and-gpu-stats
50ebf060cc8db053305b,GeForce 9650M GS,G84,2008-03-13,PCIe 2.0 x16,0.5,GDDR3,625.0,800.0,32,16,8,True,"512 MB, GDDR3, 128 bit",625 MHz,800 MHz,32 / 16 / 8,"Mar 13th, 2008",baraazaid/cpu-and-gpu-stats
748f568e2d0bea73b7d9,GeForce 9650M GT,G96C,2008-08-19,MXM-II,1.0,GDDR3,550.0,800.0,32,16,8,True,"1024 MB, GDDR3, 128 bit",550 MHz,800 MHz,32 / 16 / 8,"Aug 19th, 2008",baraazaid/cpu-and-gpu-stats
b729e2d99d2a377643d7,GeForce 9700M GT,G96,2008-07-29,MXM-II,0.5,GDDR3,625.0,800.0,32,16,8,True,"512 MB, GDDR3, 128 bit",625 MHz,800 MHz,32 / 16 / 8,"Jul 29th, 2008",baraazaid/cpu-and-gpu-stats
0bf9890341930e75dfbe,GeForce 9700M GTS,G94,2008-07-29,PCIe 2.0 x16,0.5,GDDR3,530.0,800.0,48,24,16,True,"512 MB, GDDR3, 256 bit",530 MHz,800 MHz,48 / 24 / 16,"Jul 29th, 2008",baraazaid/cpu-and-gpu-stats
5366b0b46405d84d37a7,GeForce 9800 GT,G92,2008-07-21,PCIe 2.0 x16,0.5,GDDR3,600.0,900.0,112,56,16,True,"512 MB, GDDR3, 256 bit",600 MHz,900 MHz,112 / 56 / 16,"Jul 21st, 2008",baraazaid/cpu-and-gpu-stats
ccf9e89ae316c60aed27,GeForce 9800 GT,G92B,2008-07-21,PCIe 2.0 x16,0.5,GDDR3,600.0,900.0,112,56,16,True,"512 MB, GDDR3, 256 bit",600 MHz,900 MHz,112 / 56 / 16,"Jul 21st, 2008",baraazaid/cpu-and-gpu-stats
ac74bc194a9571cb11c6,GeForce 9800 GT Rebrand,G92,2008-07-21,PCIe 2.0 x16,0.5,GDDR3,725.0,1000.0,128,64,16,True,"512 MB, GDDR3, 256 bit",725 MHz,1000 MHz,128 / 64 / 16,"Jul 21st, 2008",baraazaid/cpu-and-gpu-stats
d4d3e0efd5a41cd3d4d1,GeForce 9800 GTX,G92,2008-03-28,PCIe 2.0 x16,0.5,GDDR3,675.0,1100.0,128,64,16,True,"512 MB, GDDR3, 256 bit",675 MHz,1100 MHz,128 / 64 / 16,"Mar 28th, 2008",baraazaid/cpu-and-gpu-stats
b0c24f0e0c7dba720aea,GeForce 9800 GX2,G92,2008-03-18,PCIe 2.0 x16,0.5,GDDR3,600.0,1000.0,128,64,16,True,"512 MB, GDDR3, 256 bit",600 MHz,1000 MHz,128 / 64 / 16,"Mar 18th, 2008",baraazaid/cpu-and-gpu-stats
684b5a87cb70dd69ea59,GeForce 9800M GS,G94,2008-11-01,PCIe 2.0 x16,0.5,GDDR3,530.0,800.0,64,32,16,True,"512 MB, GDDR3, 256 bit",530 MHz,800 MHz,64 / 32 / 16,"Nov 1st, 2008",baraazaid/cpu-and-gpu-stats
b145f0d5695349efa951,GeForce 9800M GT,G92,2008-07-29,PCIe 2.0 x16,0.5,GDDR3,500.0,800.0,96,48,16,True,"512 MB, GDDR3, 256 bit",500 MHz,800 MHz,96 / 48 / 16,"Jul 29th, 2008",baraazaid/cpu-and-gpu-stats
dd05bdd491890923fa4d,GeForce 9800M GTS,G94,2008-07-29,PCIe 2.0 x16,0.5,GDDR3,600.0,800.0,64,32,16,True,"512 MB, GDDR3, 256 bit",600 MHz,800 MHz,64 / 32 / 16,"Jul 29th, 2008",baraazaid/cpu-and-gpu-stats
24cd578dc7a1e66745a4,GeForce 9800M GTS,G94,2008-08-21,PCIe 2.0 x16,1.0,GDDR3,600.0,800.0,64,32,16,True,"1024 MB, GDDR3, 256 bit",600 MHz,800 MHz,64 / 32 / 16,"Aug 21st, 2008",baraazaid/cpu-and-gpu-stats
9a0e48aa95b7ab3b1153,GeForce 9800M GTX,G92,2008-07-15,PCIe 2.0 x16,1.0,GDDR3,500.0,800.0,112,56,16,True,"1024 MB, GDDR3, 256 bit",500 MHz,800 MHz,112 / 56 / 16,"Jul 15th, 2008",baraazaid/cpu-and-gpu-stats
a6e6ee6ea9667a992427,GeForce 9800S,G94,2008-07-15,PCIe 2.0 x16,0.5,GDDR3,600.0,799.0,64,32,16,True,"512 MB, GDDR3, 256 bit",600 MHz,799 MHz,64 / 32 / 16,"Jul 15th, 2008",baraazaid/cpu-and-gpu-stats
89489a0a439a3383f154,GeForce FX 5100,NV34,2003-03-06,AGP 8x,0.0625,,200.0,166.0,,,,True,"64 MB, DDR, 64 bit",200 MHz,166 MHz,4 / 2 / 4 / 4,"Mar 6th, 2003",baraazaid/cpu-and-gpu-stats
e2a81068116a9e5a719c,GeForce FX 5200,NV34,2003-03-06,AGP 8x,0.125,,250.0,200.0,,,,True,"128 MB, DDR, 128 bit",250 MHz,200 MHz,4 / 2 / 4 / 4,"Mar 6th, 2003",baraazaid/cpu-and-gpu-stats
9b556513e0007784393d,GeForce FX 5200,NV18C,2003-03-06,AGP 8x,0.125,,250.0,200.0,,,,True,"128 MB, DDR, 128 bit",250 MHz,200 MHz,2 / 0 / 4 / 2,"Mar 6th, 2003",baraazaid/cpu-and-gpu-stats
823da7145288fcfdb89d,GeForce FX 5200 LE,NV34,2003-03-17,AGP 8x,0.125,,250.0,166.0,,,,True,"128 MB, DDR, 64 bit",250 MHz,166 MHz,4 / 2 / 4 / 4,"Mar 17th, 2003",baraazaid/cpu-and-gpu-stats
85b21cbda9466d23e2ff,GeForce FX 5200 PCI,NV34B,2003-03-06,PCI,0.25,,250.0,200.0,,,,True,"256 MB, DDR, 128 bit",250 MHz,200 MHz,4 / 2 / 4 / 4,"Mar 6th, 2003",baraazaid/cpu-and-gpu-stats
c5d196ad8d1f12ec05f2,GeForce FX 5200 Rev. 2,NV34B,2003-03-06,AGP 8x,0.125,,250.0,200.0,,,,True,"128 MB, DDR, 64 bit",250 MHz,200 MHz,4 / 2 / 4 / 4,"Mar 6th, 2003",baraazaid/cpu-and-gpu-stats
08ac253de67cef84719e,GeForce FX 5200 Ultra,NV34,2003-03-06,AGP 8x,0.125,,325.0,325.0,,,,True,"128 MB, DDR, 128 bit",325 MHz,325 MHz,4 / 2 / 4 / 4,"Mar 6th, 2003",baraazaid/cpu-and-gpu-stats
900a3d569403b6fdcdc8,GeForce FX 5200 Ultra Mac Edition,NV34,2003-03-06,AGP Pro 8x,0.125,,325.0,325.0,,,,True,"128 MB, DDR, 128 bit",325 MHz,325 MHz,4 / 2 / 4 / 4,"Mar 6th, 2003",baraazaid/cpu-and-gpu-stats
1e977e1c13892bffd4c5,GeForce FX 5500,NV34B,2004-03-17,AGP 8x,0.0625,,270.0,166.0,,,,True,"64 MB, DDR, 128 bit",270 MHz,166 MHz,4 / 2 / 4 / 4,"Mar 17th, 2004",baraazaid/cpu-and-gpu-stats
3d40c5720d1c347be311,GeForce FX 5500 PCI,NV34B,2004-03-17,PCI,0.25,,270.0,200.0,,,,True,"256 MB, DDR, 128 bit",270 MHz,200 MHz,4 / 2 / 4 / 4,"Mar 17th, 2004",baraazaid/cpu-and-gpu-stats
cd139267e4e79ee915bf,GeForce FX 5600,NV31,2003-03-06,AGP 8x,0.125,,325.0,250.0,,,,True,"128 MB, DDR, 128 bit",325 MHz,250 MHz,4 / 2 / 4 / 4,"Mar 6th, 2003",baraazaid/cpu-and-gpu-stats
e5facde1d5f21ff0b810,GeForce FX 5600 Ultra,NV31,2003-03-17,AGP 8x,0.125,,400.0,400.0,,,,True,"128 MB, DDR, 128 bit",400 MHz,400 MHz,4 / 2 / 4 / 4,"Mar 17th, 2003",baraazaid/cpu-and-gpu-stats
47f4a6be791032f9de8b,GeForce FX 5600 XT,NV31,2003-03-17,AGP 8x,0.125,,235.0,200.0,,,,True,"128 MB, DDR, 128 bit",235 MHz,200 MHz,4 / 2 / 4 / 4,"Mar 17th, 2003",baraazaid/cpu-and-gpu-stats
e82b1bcafbc46f2ffc3e,GeForce FX 5600 XT PCI,NV31,2003-03-17,PCI,0.0625,,235.0,200.0,,,,True,"64 MB, DDR, 128 bit",235 MHz,200 MHz,4 / 2 / 4 / 4,"Mar 17th, 2003",baraazaid/cpu-and-gpu-stats
d5871f0b6edef6d810ff,GeForce FX 5700,NV36,2003-10-23,AGP 8x,0.125,,425.0,250.0,,,,True,"128 MB, DDR, 128 bit",425 MHz,250 MHz,4 / 3 / 4 / 4,"Oct 23rd, 2003",baraazaid/cpu-and-gpu-stats
ce997777587c1f69d5ad,GeForce FX 5700 EP,NV36,2004-09-01,AGP 8x,0.125,,425.0,200.0,,,,True,"128 MB, DDR, 64 bit",425 MHz,200 MHz,4 / 3 / 4 / 4,"Sep 1st, 2004",baraazaid/cpu-and-gpu-stats
0a677e0a48fd1561592c,GeForce FX 5700 LE,NV36,2004-03-01,AGP 8x,0.125,,250.0,200.0,,,,True,"128 MB, DDR, 64 bit",250 MHz,200 MHz,4 / 3 / 4 / 4,"Mar 1st, 2004",baraazaid/cpu-and-gpu-stats
da54a1491340d7351ba5,GeForce FX 5700 Ultra,NV36B,2003-10-23,AGP 8x,0.125,GDDR2,475.0,453.0,,,,True,"128 MB, GDDR2, 128 bit",475 MHz,453 MHz,4 / 3 / 4 / 4,"Oct 23rd, 2003",baraazaid/cpu-and-gpu-stats
27832d2e47d0921849a0,GeForce FX 5700 VE,NV36,2004-09-01,AGP 8x,0.125,,250.0,200.0,,,,True,"128 MB, DDR, 128 bit",250 MHz,200 MHz,4 / 3 / 4 / 4,"Sep 1st, 2004",baraazaid/cpu-and-gpu-stats
17171b6cd06bbe73900c,GeForce FX 5800,NV30,2003-03-06,AGP 8x,0.125,GDDR2,400.0,400.0,,,,True,"128 MB, GDDR2, 128 bit",400 MHz,400 MHz,4 / 3 / 8 / 4,"Mar 6th, 2003",baraazaid/cpu-and-gpu-stats
25a72508ea835d53f86e,GeForce FX 5800 Ultra,NV30,2003-03-06,AGP 8x,0.125,GDDR2,500.0,500.0,,,,True,"128 MB, GDDR2, 128 bit",500 MHz,500 MHz,4 / 3 / 8 / 4,"Mar 6th, 2003",baraazaid/cpu-and-gpu-stats
7a4fbeffb97598ec7269,GeForce FX 5900,NV35,2003-05-12,AGP 8x,0.125,,400.0,425.0,,,,True,"128 MB, DDR, 256 bit",400 MHz,425 MHz,4 / 3 / 8 / 4,"May 12th, 2003",baraazaid/cpu-and-gpu-stats
ce1e65b5b673d2cfe851,GeForce FX 5900 Ultra,NV35,2003-10-23,AGP 8x,0.25,,450.0,425.0,,,,True,"256 MB, DDR, 256 bit",450 MHz,425 MHz,4 / 3 / 8 / 4,"Oct 23rd, 2003",baraazaid/cpu-and-gpu-stats
d01392ad2c1123cf1340,GeForce FX 5900 XT,NV35,2003-05-12,AGP 8x,0.125,,400.0,350.0,,,,True,"128 MB, DDR, 256 bit",400 MHz,350 MHz,4 / 3 / 8 / 4,"May 12th, 2003",baraazaid/cpu-and-gpu-stats
fc3f5d1f5364c29ad0cb,GeForce FX 5900 ZT,NV35,2003-05-12,AGP 8x,0.125,,325.0,350.0,,,,True,"128 MB, DDR, 256 bit",325 MHz,350 MHz,4 / 3 / 8 / 4,"May 12th, 2003",baraazaid/cpu-and-gpu-stats
b443235c673b6d59f146,GeForce FX 5950 Ultra,NV38,2003-10-23,AGP 8x,0.25,,475.0,475.0,,,,True,"256 MB, DDR, 256 bit",475 MHz,475 MHz,4 / 3 / 8 / 4,"Oct 23rd, 2003",baraazaid/cpu-and-gpu-stats
bf0639e6ac7e96619152,GeForce FX Go5100,NV34,2003-03-01,AGP 8x,0.03125,,200.0,200.0,,,,True,"32 MB, DDR, 64 bit",200 MHz,200 MHz,4 / 2 / 4 / 4,"Mar 1st, 2003",baraazaid/cpu-and-gpu-stats
998095fab98388031611,GeForce FX Go5200,NV34,2003-03-01,AGP 8x,0.03125,,200.0,200.0,,,,True,"32 MB, DDR, 128 bit",200 MHz,200 MHz,4 / 2 / 4 / 4,"Mar 1st, 2003",baraazaid/cpu-and-gpu-stats
a876f30f669ff3e8a730,GeForce FX Go5200 64M,NV34B,2003-03-01,AGP 8x,0.0625,,250.0,250.0,,,,True,"64 MB, DDR, 128 bit",250 MHz,250 MHz,4 / 2 / 4 / 4,"Mar 1st, 2003",baraazaid/cpu-and-gpu-stats
9c6f9145ef4bc5ca8032,GeForce FX Go5200 NPB 32M,NV34B,2003-03-01,AGP 8x,0.03125,,200.0,200.0,,,,True,"32 MB, DDR, 64 bit",200 MHz,200 MHz,4 / 2 / 4 / 4,"Mar 1st, 2003",baraazaid/cpu-and-gpu-stats
2893794be30b4159d1a9,GeForce FX Go5250,NV34,2003-03-01,AGP 8x,0.0625,,250.0,250.0,,,,True,"64 MB, DDR, 128 bit",250 MHz,250 MHz,4 / 2 / 4 / 4,"Mar 1st, 2003",baraazaid/cpu-and-gpu-stats
f19561997e3a7252d3fd,GeForce FX Go5300,NV34,2003-03-01,AGP 8x,0.0625,,275.0,250.0,,,,True,"64 MB, DDR, 128 bit",275 MHz,250 MHz,4 / 2 / 4 / 4,"Mar 1st, 2003",baraazaid/cpu-and-gpu-stats
3fc668ddf786a040250f,GeForce FX Go5350,NV34,2003-03-01,AGP 8x,0.0625,,275.0,275.0,,,,True,"64 MB, DDR, 128 bit",275 MHz,275 MHz,4 / 2 / 4 / 4,"Mar 1st, 2003",baraazaid/cpu-and-gpu-stats
d5c6582f6e4f4f56befc,GeForce FX Go5600,NV31,2003-03-01,AGP 8x,0.125,,275.0,250.0,,,,True,"128 MB, DDR, 128 bit",275 MHz,250 MHz,4 / 2 / 4 / 4,"Mar 1st, 2003",baraazaid/cpu-and-gpu-stats
a306f39ee4969b0d1261,GeForce FX Go5650,NV31,2003-03-01,AGP 8x,0.125,,325.0,295.0,,,,True,"128 MB, DDR, 128 bit",325 MHz,295 MHz,4 / 2 / 4 / 4,"Mar 1st, 2003",baraazaid/cpu-and-gpu-stats
0745dc9ccd15ccd68f55,GeForce FX Go5700,NV36,2005-02-01,AGP 8x,0.125,,450.0,275.0,,,,True,"128 MB, DDR, 128 bit",450 MHz,275 MHz,4 / 3 / 4 / 4,"Feb 1st, 2005",baraazaid/cpu-and-gpu-stats
ba5b5025f84b1cbe446c,GeForce GT 1010,GP108,2021-01-13,PCIe 3.0 x4,2.0,GDDR5,1228.0,1502.0,256,16,8,True,"2 GB, GDDR5, 64 bit",1228 MHz,1502 MHz,256 / 16 / 8,"Jan 13th, 2021",baraazaid/cpu-and-gpu-stats
ed2f6afdf97e91de4de5,GeForce GT 1010 DDR4,GP108,2021-01-13,PCIe 3.0 x4,2.0,DDR4,1152.0,1050.0,256,16,8,True,"2 GB, DDR4, 64 bit",1152 MHz,1050 MHz,256 / 16 / 8,"Jan 13th, 2021",baraazaid/cpu-and-gpu-stats
676b972180bfa329f3f2,GeForce GT 1030 DDR4,GP108,2018-03-12,PCIe 3.0 x4,2.0,DDR4,1152.0,1050.0,384,24,16,True,"2 GB, DDR4, 64 bit",1152 MHz,1050 MHz,384 / 24 / 16,"Mar 12th, 2018",baraazaid/cpu-and-gpu-stats
045f639220ccb9bf1bfc,GeForce GT 1030 GK107,GK107,2018-09-30,PCIe 3.0 x16,2.0,GDDR5,1058.0,1250.0,384,32,16,True,"2 GB, GDDR5, 128 bit",1058 MHz,1250 MHz,384 / 32 / 16,"Sep 30th, 2018",baraazaid/cpu-and-gpu-stats
790f27573891fe715405,GeForce GT 120M Mac Edition,G96C,2008-12-12,PCIe 2.0 x16,0.25,GDDR3,500.0,792.0,32,16,8,True,"256 MB, GDDR3, 128 bit",500 MHz,792 MHz,32 / 16 / 8,"Dec 12th, 2008",baraazaid/cpu-and-gpu-stats
6e777812f958bb3381ba,GeForce GT 130 Mac Edition,G94B,2008-12-12,PCIe 2.0 x16,0.5,GDDR3,600.0,792.0,48,24,12,True,"512 MB, GDDR3, 192 bit",600 MHz,792 MHz,48 / 24 / 12,"Dec 12th, 2008",baraazaid/cpu-and-gpu-stats
017860b9fd135308d381,GeForce GT 320 OEM,GT215,2010-02-02,PCIe 2.0 x16,1.0,GDDR3,540.0,790.0,72,24,8,True,"1024 MB, GDDR3, 128 bit",540 MHz,790 MHz,72 / 24 / 8,"Feb 2nd, 2010",baraazaid/cpu-and-gpu-stats
ef9650ca5cf00f1ecd7f,GeForce GT 320M,GT216,2010-03-03,PCIe 2.0 x16,1.0,DDR3,500.0,790.0,24,8,8,True,"1024 MB, DDR3, 128 bit",500 MHz,790 MHz,24 / 8 / 8,"Mar 3rd, 2010",baraazaid/cpu-and-gpu-stats
f3aec01a33d10781d516,GeForce GT 330 OEM,G92B,2010-02-02,PCIe 2.0 x16,0.25,DDR2,500.0,510.0,96,48,16,True,"256 MB, DDR2, 128 bit",500 MHz,510 MHz,96 / 48 / 16,"Feb 2nd, 2010",baraazaid/cpu-and-gpu-stats
726d58e44c7fbc21b313,GeForce GT 330 OEM,GT215,2010-02-02,PCIe 2.0 x16,0.5,GDDR3,550.0,1000.0,96,32,8,True,"512 MB, GDDR3, 128 bit",550 MHz,1000 MHz,96 / 32 / 8,"Feb 2nd, 2010",baraazaid/cpu-and-gpu-stats
00b742eeed3f51d578df,GeForce GT 330 OEM,G92,2010-02-02,PCIe 2.0 x16,1.0,GDDR3,500.0,800.0,96,48,8,True,"1024 MB, GDDR3, 256 bit",500 MHz,800 MHz,96 / 48 / 8,"Feb 2nd, 2010",baraazaid/cpu-and-gpu-stats
0397d26c235573392a0e,GeForce GT 330M Mac Edition,GT216,2010-04-26,MXM-A (3.0),0.5,GDDR3,500.0,790.0,48,16,8,True,"512 MB, GDDR3, 128 bit",500 MHz,790 MHz,48 / 16 / 8,"Apr 26th, 2010",baraazaid/cpu-and-gpu-stats
117df28b53d36fe770a8,GeForce GT 340 OEM,GT215,2010-02-02,PCIe 2.0 x16,1.0,GDDR3,550.0,850.0,96,32,8,True,"1024 MB, GDDR3, 128 bit",550 MHz,850 MHz,96 / 32 / 8,"Feb 2nd, 2010",baraazaid/cpu-and-gpu-stats
8a79ed117115c7c69054,GeForce GT 415 OEM,GT216,2010-09-03,PCIe 2.0 x16,0.5,DDR3,625.0,333.0,48,16,8,True,"512 MB, DDR3, 128 bit",625 MHz,333 MHz,48 / 16 / 8,"Sep 3rd, 2010",baraazaid/cpu-and-gpu-stats
ca71a05b7183783f6c99,GeForce GT 420 OEM,GF108,2010-09-03,PCIe 2.0 x16,1.0,DDR3,700.0,900.0,48,4,4,True,"1024 MB, DDR3, 128 bit",700 MHz,900 MHz,48 / 4 / 4,"Sep 3rd, 2010",baraazaid/cpu-and-gpu-stats
1f0c441a6ead684140f2,GeForce GT 420M,GF108,2010-09-03,PCIe 2.0 x16,1.0,DDR3,500.0,800.0,96,16,4,True,"1024 MB, DDR3, 128 bit",500 MHz,800 MHz,96 / 16 / 4,"Sep 3rd, 2010",baraazaid/cpu-and-gpu-stats
3955e7c9abc9c04ceeb4,GeForce GT 425M,GF108,2010-09-03,PCIe 2.0 x16,1.0,DDR3,560.0,800.0,96,16,4,True,"1024 MB, DDR3, 128 bit",560 MHz,800 MHz,96 / 16 / 4,"Sep 3rd, 2010",baraazaid/cpu-and-gpu-stats
5c9f637caf4f699fc960,GeForce GT 430,GF108,2010-10-11,PCIe 2.0 x16,0.5,DDR3,700.0,800.0,96,16,4,True,"512 MB, DDR3, 64 bit",700 MHz,800 MHz,96 / 16 / 4,"Oct 11th, 2010",baraazaid/cpu-and-gpu-stats
7fa044b1c000fbce6e9c,GeForce GT 430 OEM,GF108,2010-10-11,PCIe 2.0 x16,2.0,DDR3,700.0,800.0,96,16,4,True,"2 GB, DDR3, 128 bit",700 MHz,800 MHz,96 / 16 / 4,"Oct 11th, 2010",baraazaid/cpu-and-gpu-stats
1729b8616205c9103522,GeForce GT 430 PCI,GF108,2010-10-11,PCI,0.5,DDR3,700.0,600.0,96,16,4,True,"512 MB, DDR3, 64 bit",700 MHz,600 MHz,96 / 16 / 4,"Oct 11th, 2010",baraazaid/cpu-and-gpu-stats
7fde4689052be7dbc0f8,GeForce GT 435M,GF108,2010-09-03,PCIe 2.0 x16,2.0,DDR3,650.0,800.0,96,16,4,True,"2 GB, DDR3, 128 bit",650 MHz,800 MHz,96 / 16 / 4,"Sep 3rd, 2010",baraazaid/cpu-and-gpu-stats
4b98fa541fc32b9a6a79,GeForce GT 440 OEM,GF106,2010-10-11,PCIe 2.0 x16,1.5,DDR3,810.0,900.0,144,24,24,True,"1536 MB, DDR3, 192 bit",810 MHz,900 MHz,144 / 24 / 24,"Oct 11th, 2010",baraazaid/cpu-and-gpu-stats
f102accbbedd1febde40,GeForce GT 445M,GF106,2010-09-03,PCIe 2.0 x16,3.0,DDR3,590.0,800.0,144,24,24,True,"3 GB, DDR3, 192 bit",590 MHz,800 MHz,144 / 24 / 24,"Sep 3rd, 2010",baraazaid/cpu-and-gpu-stats
8b2424606ed795af92b8,GeForce GT 445M,GF106,2010-09-03,PCIe 2.0 x16,1.0,GDDR5,570.0,625.0,144,24,16,True,"1024 MB, GDDR5, 128 bit",570 MHz,625 MHz,144 / 24 / 16,"Sep 3rd, 2010",baraazaid/cpu-and-gpu-stats
dd8423be2bcf3d7cc058,GeForce GT 520 OEM,GF119,2012-08-20,PCIe 2.0 x16,1.0,DDR3,589.0,500.0,48,8,4,True,"1024 MB, DDR3, 64 bit",589 MHz,500 MHz,48 / 8 / 4,"Aug 20th, 2012",baraazaid/cpu-and-gpu-stats
4534105687ede4173b30,GeForce GT 550M,GF116,2012-03-26,PCIe 2.0 x16,1.0,DDR3,475.0,900.0,144,24,16,True,"1024 MB, DDR3, 128 bit",475 MHz,900 MHz,144 / 24 / 16,"Mar 26th, 2012",baraazaid/cpu-and-gpu-stats
dae6a5487b8f2cca6c01,GeForce GT 555M 2 GB,GF116,2012-03-26,PCIe 2.0 x16,2.0,DDR3,675.0,900.0,144,24,16,True,"2 GB, DDR3, 128 bit",675 MHz,900 MHz,144 / 24 / 16,"Mar 26th, 2012",baraazaid/cpu-and-gpu-stats
5c608b14ba3d9b9e9570,GeForce GT 555M 3 GB,GF116,2012-03-26,PCIe 2.0 x16,3.0,DDR3,590.0,900.0,144,24,16,True,"3 GB, DDR3, 192 bit",590 MHz,900 MHz,144 / 24 / 16,"Mar 26th, 2012",baraazaid/cpu-and-gpu-stats
1151de6d7b041a7d4a4c,GeForce GT 610,GF119,2012-04-02,PCIe 2.0 x16,1.0,DDR3,810.0,898.0,48,8,4,True,"1024 MB, DDR3, 64 bit",810 MHz,898 MHz,48 / 8 / 4,"Apr 2nd, 2012",baraazaid/cpu-and-gpu-stats
93e19f04c1649ac08b74,GeForce GT 610 OEM,GF119,2012-09-09,PCIe 2.0 x16,1.0,DDR3,550.0,500.0,48,8,4,True,"1024 MB, DDR3, 64 bit",550 MHz,500 MHz,48 / 8 / 4,"Sep 9th, 2012",baraazaid/cpu-and-gpu-stats
ba680ec2ae5cdbfc0572,GeForce GT 610 OEM,GF108,2016-04-02,PCIe 2.0 x16,2.0,DDR3,701.0,500.0,48,8,2,True,"2 GB, DDR3, 64 bit",701 MHz,500 MHz,48 / 8 / 2,"Apr 2nd, 2016",baraazaid/cpu-and-gpu-stats
1b218802d840e19871f2,GeForce GT 610 PCI,GF119,2012-04-02,PCI,0.5,DDR3,810.0,667.0,48,8,4,True,"512 MB, DDR3, 64 bit",810 MHz,667 MHz,48 / 8 / 4,"Apr 2nd, 2012",baraazaid/cpu-and-gpu-stats
7aaac689315282542a00,GeForce GT 610 PCIe x1,GF119,2012-04-02,PCIe 2.0 x1,0.5,DDR3,810.0,500.0,48,8,4,True,"512 MB, DDR3, 64 bit",810 MHz,500 MHz,48 / 8 / 4,"Apr 2nd, 2012",baraazaid/cpu-and-gpu-stats
aae7baae28ebd4718010,GeForce GT 620,GF108,2012-05-15,PCIe 2.0 x16,1.0,DDR3,700.0,900.0,96,16,4,True,"1024 MB, DDR3, 64 bit",700 MHz,900 MHz,96 / 16 / 4,"May 15th, 2012",baraazaid/cpu-and-gpu-stats
854ee3c65ca95e0315f3,GeForce GT 620 OEM,GF119,2012-04-02,PCIe 2.0 x16,0.5,DDR3,810.0,898.0,48,8,4,True,"512 MB, DDR3, 64 bit",810 MHz,898 MHz,48 / 8 / 4,"Apr 2nd, 2012",baraazaid/cpu-and-gpu-stats
4cd487dc783c132ea8bb,GeForce GT 620M,GF108,2012-08-23,PCIe 2.0 x16,1.0,DDR3,475.0,900.0,96,16,4,True,"1024 MB, DDR3, 128 bit",475 MHz,900 MHz,96 / 16 / 4,"Aug 23rd, 2012",baraazaid/cpu-and-gpu-stats
a4a7367c6c5c706df98e,GeForce GT 625M,GF117,2012-10-01,PCIe 2.0 x16,2.0,DDR3,625.0,800.0,96,16,4,True,"2 GB, DDR3, 64 bit",625 MHz,800 MHz,96 / 16 / 4,"Oct 1st, 2012",baraazaid/cpu-and-gpu-stats
631960c65916def8736e,GeForce GT 630,GF108,2012-05-15,PCIe 2.0 x16,1.0,DDR3,810.0,900.0,96,16,4,True,"1024 MB, DDR3, 128 bit",810 MHz,900 MHz,96 / 16 / 4,"May 15th, 2012",baraazaid/cpu-and-gpu-stats
3d92723354217d71204a,GeForce GT 630 OEM,GK107,2012-04-24,PCIe 3.0 x16,1.0,DDR3,875.0,891.0,192,16,16,True,"1024 MB, DDR3, 128 bit",875 MHz,891 MHz,192 / 16 / 16,"Apr 24th, 2012",baraazaid/cpu-and-gpu-stats
6781067437ca4066d5d6,GeForce GT 630 Rev. 2,GK208,2013-05-29,PCIe 2.0 x8,2.0,DDR3,902.0,900.0,384,32,8,True,"2 GB, DDR3, 64 bit",902 MHz,900 MHz,384 / 32 / 8,"May 29th, 2013",baraazaid/cpu-and-gpu-stats
5b3694d70ea51421d251,GeForce GT 630 Rev. 2 PCIe x8,GK208,2013-05-29,PCIe 2.0 x8,2.0,DDR3,902.0,900.0,384,32,8,True,"2 GB, DDR3, 64 bit",902 MHz,900 MHz,384 / 32 / 8,"May 29th, 2013",baraazaid/cpu-and-gpu-stats
487bcc256d8696c20367,GeForce GT 630M,GF108,2012-03-22,MXM-A (3.0),1.0,DDR3,475.0,900.0,96,16,4,True,"1024 MB, DDR3, 64 bit",475 MHz,900 MHz,96 / 16 / 4,"Mar 22nd, 2012",baraazaid/cpu-and-gpu-stats
ebc3215d340c36fc973f,GeForce GT 635 OEM,GK208,2013-10-01,PCIe 3.0 x8,1.0,DDR3,967.0,900.0,384,32,8,True,"1024 MB, DDR3, 64 bit",967 MHz,900 MHz,384 / 32 / 8,"Oct 1st, 2013",baraazaid/cpu-and-gpu-stats
ea47d6cb5da018b33171,GeForce GT 635M,GF116,2012-03-22,PCIe 2.0 x16,2.0,DDR3,675.0,900.0,144,24,16,True,"2 GB, DDR3, 128 bit",675 MHz,900 MHz,144 / 24 / 16,"Mar 22nd, 2012",baraazaid/cpu-and-gpu-stats
48e41be63a7779e79eb7,GeForce GT 635M,GF116,2012-03-22,PCIe 2.0 x16,2.0,DDR3,650.0,900.0,144,24,16,True,"2 GB, DDR3, 128 bit",650 MHz,900 MHz,144 / 24 / 16,"Mar 22nd, 2012",baraazaid/cpu-and-gpu-stats
2e3fdd5f7ab059704513,GeForce GT 640,GK107,2012-06-05,PCIe 3.0 x16,2.0,DDR3,902.0,891.0,384,32,16,True,"2 GB, DDR3, 128 bit",902 MHz,891 MHz,384 / 32 / 16,"Jun 5th, 2012",baraazaid/cpu-and-gpu-stats
d03999f3a360167b3b7b,GeForce GT 640 OEM,GK107,2012-04-24,PCIe 3.0 x16,2.0,DDR3,797.0,891.0,384,32,16,True,"2 GB, DDR3, 128 bit",797 MHz,891 MHz,384 / 32 / 16,"Apr 24th, 2012",baraazaid/cpu-and-gpu-stats
2cf13875dc1b212cb77a,GeForce GT 640 OEM Rebrand,GF116,2012-04-24,PCIe 2.0 x16,1.5,DDR3,720.0,800.0,144,24,24,True,"1536 MB, DDR3, 192 bit",720 MHz,800 MHz,144 / 24 / 24,"Apr 24th, 2012",baraazaid/cpu-and-gpu-stats
a4f27a536a048d047011,GeForce GT 640 Rev. 2,GK208,2013-05-29,PCIe 2.0 x8,1.0,GDDR5,1046.0,1252.0,384,32,8,True,"1024 MB, GDDR5, 64 bit",1046 MHz,1252 MHz,384 / 32 / 8,"May 29th, 2013",baraazaid/cpu-and-gpu-stats
c52ac82a66aac4fcbe60,GeForce GT 640M,GK107,2012-03-22,PCIe 3.0 x16,2.0,DDR3,624.0,900.0,384,32,16,True,"2 GB, DDR3, 128 bit",624 MHz,900 MHz,384 / 32 / 16,"Mar 22nd, 2012",baraazaid/cpu-and-gpu-stats
c137d2a54c4a42296c5e,GeForce GT 640M LE,GK107,2012-03-22,PCIe 3.0 x16,1.0,DDR3,500.0,900.0,384,32,16,True,"1024 MB, DDR3, 128 bit",500 MHz,900 MHz,384 / 32 / 16,"Mar 22nd, 2012",baraazaid/cpu-and-gpu-stats
20a3251c2b4eaa4c8860,GeForce GT 640M LE,GF108,2012-05-04,PCIe 2.0 x16,2.0,GDDR5,753.0,785.0,96,16,4,True,"2 GB, GDDR5, 128 bit",753 MHz,785 MHz,96 / 16 / 4,"May 4th, 2012",baraazaid/cpu-and-gpu-stats
750e08b6a429fd86f237,GeForce GT 645 OEM,GF114,2012-04-24,PCIe 2.0 x16,1.0,GDDR5,776.0,957.0,288,48,24,True,"1024 MB, GDDR5, 192 bit",776 MHz,957 MHz,288 / 48 / 24,"Apr 24th, 2012",baraazaid/cpu-and-gpu-stats
ad0ea60263da1df23fd4,GeForce GT 645M,GK107,2012-10-01,PCIe 3.0 x16,2.0,DDR3,709.0,900.0,384,32,16,True,"2 GB, DDR3, 128 bit",709 MHz,900 MHz,384 / 32 / 16,"Oct 1st, 2012",baraazaid/cpu-and-gpu-stats
5bc454dca98098a02125,GeForce GT 650M,GK107,2012-03-22,PCIe 3.0 x16,1.0,DDR3,835.0,900.0,384,32,16,True,"1024 MB, DDR3, 128 bit",835 MHz,900 MHz,384 / 32 / 16,"Mar 22nd, 2012",baraazaid/cpu-and-gpu-stats
75d697f3043792eab4cf,GeForce GT 650M Mac Edition,GK107,2012-07-12,PCIe 3.0 x16,0.5,GDDR5,900.0,1254.0,384,32,16,True,"512 MB, GDDR5, 128 bit",900 MHz,1254 MHz,384 / 32 / 16,"Jul 12th, 2012",baraazaid/cpu-and-gpu-stats
146a27ea4bb9fab0f1f7,GeForce GT 705 OEM,GF119,2014-03-27,PCIe 2.0 x16,1.0,DDR3,874.0,825.0,48,8,4,True,"1024 MB, DDR3, 64 bit",874 MHz,825 MHz,48 / 8 / 4,"Mar 27th, 2014",baraazaid/cpu-and-gpu-stats
64c2ba6b3340cd01315d,GeForce GT 710,GK208B,2014-03-27,PCIe 2.0 x8,2.0,DDR3,954.0,900.0,192,16,8,True,"2 GB, DDR3, 64 bit",954 MHz,900 MHz,192 / 16 / 8,"Mar 27th, 2014",baraazaid/cpu-and-gpu-stats
59297a728fad8751454a,GeForce GT 710,GK208,2014-03-27,PCIe 2.0 x8,2.0,DDR3,954.0,900.0,192,16,8,True,"2 GB, DDR3, 64 bit",954 MHz,900 MHz,192 / 16 / 8,"Mar 27th, 2014",baraazaid/cpu-and-gpu-stats
eda9cfc6ba20b6087e5d,GeForce GT 710,GF119,2016-01-26,PCIe 2.0 x16,1.0,DDR3,810.0,898.0,48,8,4,True,"1024 MB, DDR3, 64 bit",810 MHz,898 MHz,48 / 8 / 4,"Jan 26th, 2016",baraazaid/cpu-and-gpu-stats
11f71da578787ccae7a3,GeForce GT 710 OEM,GK208B,2015-04-09,PCIe 2.0 x8,1.0,DDR3,797.0,900.0,192,16,8,True,"1024 MB, DDR3, 64 bit",797 MHz,900 MHz,192 / 16 / 8,"Apr 9th, 2015",baraazaid/cpu-and-gpu-stats
5c2ee8d499d2d2f42a9b,GeForce GT 710 PCIe x1,GK208B,2014-03-27,PCIe 2.0 x1,1.0,DDR3,954.0,800.0,192,16,8,True,"1024 MB, DDR3, 64 bit",954 MHz,800 MHz,192 / 16 / 8,"Mar 27th, 2014",baraazaid/cpu-and-gpu-stats
b9113cbfea77c23ccd23,GeForce GT 720,GK208,2014-03-27,PCIe 2.0 x8,2.0,DDR3,967.0,900.0,384,32,8,True,"2 GB, DDR3, 64 bit",967 MHz,900 MHz,384 / 32 / 8,"Mar 27th, 2014",baraazaid/cpu-and-gpu-stats
4a7c3dbb7c61c0fcc181,GeForce GT 720,GK208B,2014-09-29,PCIe 2.0 x8,1.0,DDR3,797.0,800.0,192,16,8,True,"1024 MB, DDR3, 64 bit",797 MHz,800 MHz,192 / 16 / 8,"Sep 29th, 2014",baraazaid/cpu-and-gpu-stats
735d2eda4049a07e0fc0,GeForce GT 720A,GF117,2014-07-01,PCIe 2.0 x16,1.0,DDR3,775.0,1001.0,96,16,8,True,"1024 MB, DDR3, 64 bit",775 MHz,1001 MHz,96 / 16 / 8,"Jul 1st, 2014",baraazaid/cpu-and-gpu-stats
1da5d2473f062fa6f0c0,GeForce GT 720M,GK208,2013-12-25,PCIe 2.0 x8,2.0,DDR3,719.0,800.0,192,16,8,True,"2 GB, DDR3, 64 bit",719 MHz,800 MHz,192 / 16 / 8,"Dec 25th, 2013",baraazaid/cpu-and-gpu-stats
257a54923c9e3b9eb145,GeForce GT 730,GF108,2014-06-18,PCIe 2.0 x16,2.0,DDR3,700.0,800.0,96,16,4,True,"2 GB, DDR3, 128 bit",700 MHz,800 MHz,96 / 16 / 4,"Jun 18th, 2014",baraazaid/cpu-and-gpu-stats
0cba9beaf64027f6ff49,GeForce GT 730,GF108,2014-06-18,PCIe 2.0 x16,1.0,DDR3,700.0,900.0,96,16,4,True,"1024 MB, DDR3, 128 bit",700 MHz,900 MHz,96 / 16 / 4,"Jun 18th, 2014",baraazaid/cpu-and-gpu-stats
069f995031799bd422a3,GeForce GT 730,GK208B,2014-06-18,PCIe 2.0 x8,1.0,GDDR5,902.0,1253.0,384,32,8,True,"1024 MB, GDDR5, 64 bit",902 MHz,1253 MHz,384 / 32 / 8,"Jun 18th, 2014",baraazaid/cpu-and-gpu-stats
fdb4d3e7c52a5ec447e8,GeForce GT 730 OEM,GK107,2015-04-09,PCIe 3.0 x16,1.0,GDDR5,902.0,1253.0,384,32,8,True,"1024 MB, GDDR5, 64 bit",902 MHz,1253 MHz,384 / 32 / 8,"Apr 9th, 2015",baraazaid/cpu-and-gpu-stats
69a3c6c2c1fed0d05836,GeForce GT 730A,GK208,2014-07-01,PCIe 3.0 x8,1.0,DDR3,719.0,1001.0,384,32,8,True,"1024 MB, DDR3, 64 bit",719 MHz,1001 MHz,384 / 32 / 8,"Jul 1st, 2014",baraazaid/cpu-and-gpu-stats
6c83f1de5a22e0add422,GeForce GT 730M,GK208,2014-03-06,PCIe 2.0 x8,2.0,DDR3,719.0,900.0,384,32,8,True,"2 GB, DDR3, 64 bit",719 MHz,900 MHz,384 / 32 / 8,"Mar 6th, 2014",baraazaid/cpu-and-gpu-stats
8030318a52e01b399227,GeForce GT 735M,GK208,2013-04-01,PCIe 3.0 x8,2.0,DDR3,575.0,900.0,384,32,8,True,"2 GB, DDR3, 64 bit",575 MHz,900 MHz,384 / 32 / 8,"Apr 1st, 2013",baraazaid/cpu-and-gpu-stats
f193ddfd14d732c31a18,GeForce GT 740,GK107,2014-05-29,PCIe 3.0 x16,1.0,GDDR5,993.0,1253.0,384,32,16,True,"1024 MB, GDDR5, 128 bit",993 MHz,1253 MHz,384 / 32 / 16,"May 29th, 2014",baraazaid/cpu-and-gpu-stats
b39a8f5208cc7de91f39,GeForce GT 740 OEM,GK106,2015-04-14,PCIe 3.0 x16,1.0,GDDR5,1050.0,1253.0,384,32,16,True,"1024 MB, GDDR5, 128 bit",1050 MHz,1253 MHz,384 / 32 / 16,"Apr 14th, 2015",baraazaid/cpu-and-gpu-stats
06324d631eaaf94b1a33,GeForce GT 740 OEM,GK106,2015-04-14,PCIe 3.0 x16,1.0,GDDR5,1006.0,1253.0,384,32,16,True,"1024 MB, GDDR5, 128 bit",1006 MHz,1253 MHz,384 / 32 / 16,"Apr 14th, 2015",baraazaid/cpu-and-gpu-stats
42ac853e9e4c3e2d1987,GeForce GT 740A,GK208,2013-08-26,PCIe 3.0 x8,2.0,DDR3,980.0,900.0,384,32,8,True,"2 GB, DDR3, 64 bit",980 MHz,900 MHz,384 / 32 / 8,"Aug 26th, 2013",baraazaid/cpu-and-gpu-stats
b18790c37d2b8a78381d,GeForce GT 740M,GK107,2013-04-01,PCIe 3.0 x16,2.0,DDR3,810.0,901.0,384,32,16,True,"2 GB, DDR3, 128 bit",810 MHz,901 MHz,384 / 32 / 16,"Apr 1st, 2013",baraazaid/cpu-and-gpu-stats
75630a8a8e8640985e11,GeForce GT 740M,GK208,2013-06-20,PCIe 3.0 x8,2.0,DDR3,980.0,900.0,384,32,8,True,"2 GB, DDR3, 64 bit",980 MHz,900 MHz,384 / 32 / 8,"Jun 20th, 2013",baraazaid/cpu-and-gpu-stats
61ad97b85974422d12d5,GeForce GT 745A,GK107,2013-08-26,PCIe 3.0 x16,2.0,DDR3,837.0,900.0,384,32,16,True,"2 GB, DDR3, 128 bit",837 MHz,900 MHz,384 / 32 / 16,"Aug 26th, 2013",baraazaid/cpu-and-gpu-stats
e63df065ab6a025df66d,GeForce GT 745M,GK107,2013-04-01,PCIe 3.0 x16,2.0,GDDR5,549.0,1000.0,384,32,16,True,"2 GB, GDDR5, 128 bit",549 MHz,1000 MHz,384 / 32 / 16,"Apr 1st, 2013",baraazaid/cpu-and-gpu-stats
a396357d05d392679ec7,GeForce GT 745M,GK107,2013-04-01,PCIe 3.0 x16,2.0,DDR3,837.0,900.0,384,32,16,True,"2 GB, DDR3, 128 bit",837 MHz,900 MHz,384 / 32 / 16,"Apr 1st, 2013",baraazaid/cpu-and-gpu-stats
9b2150133fbb005850e3,GeForce GT 750M Mac Edition,GK107,2013-11-08,PCIe 3.0 x16,1.0,GDDR5,926.0,1254.0,384,32,16,True,"1024 MB, GDDR5, 128 bit",926 MHz,1254 MHz,384 / 32 / 16,"Nov 8th, 2013",baraazaid/cpu-and-gpu-stats
71b66fbd687d5af4435d,GeForce GT 755M,GK107,2013-06-25,PCIe 3.0 x16,2.0,GDDR5,980.0,1350.0,384,32,16,True,"2 GB, GDDR5, 128 bit",980 MHz,1350 MHz,384 / 32 / 16,"Jun 25th, 2013",baraazaid/cpu-and-gpu-stats
5d2371e11d10453dc974,GeForce GT 755M Mac Edition,GK107,2013-11-08,PCIe 3.0 x16,1.0,GDDR5,1085.0,1250.0,384,32,16,True,"1024 MB, GDDR5, 128 bit",1085 MHz,1250 MHz,384 / 32 / 16,"Nov 8th, 2013",baraazaid/cpu-and-gpu-stats
7d0ed794a836d60fa8de,GeForce GTS 450,GF106,2010-09-13,PCIe 2.0 x16,1.0,GDDR5,783.0,902.0,192,32,16,True,"1024 MB, GDDR5, 128 bit",783 MHz,902 MHz,192 / 32 / 16,"Sep 13th, 2010",baraazaid/cpu-and-gpu-stats
9c94f071670e1cf0add2,GeForce GTS 450 OEM,GF106,2010-09-13,PCIe 2.0 x16,0.5,GDDR5,783.0,902.0,144,24,16,True,"512 MB, GDDR5, 128 bit",783 MHz,902 MHz,144 / 24 / 16,"Sep 13th, 2010",baraazaid/cpu-and-gpu-stats
738ae04c577b1646712b,GeForce GTS 450 OEM,GF106,2010-10-11,PCIe 2.0 x16,1.5,GDDR5,790.0,1000.0,144,24,24,True,"1536 MB, GDDR5, 192 bit",790 MHz,1000 MHz,144 / 24 / 24,"Oct 11th, 2010",baraazaid/cpu-and-gpu-stats
0094cb44bc14b82fa3a2,GeForce GTS 450 Rev. 3,GF116,2012-07-11,PCIe 2.0 x16,1.0,DDR3,783.0,700.0,144,24,16,True,"1024 MB, DDR3, 128 bit",783 MHz,700 MHz,144 / 24 / 16,"Jul 11th, 2012",baraazaid/cpu-and-gpu-stats
54b15f28d9d10a39a527,GeForce GTX 1050,GP107,2016-10-25,PCIe 3.0 x16,2.0,GDDR5,1354.0,1752.0,640,40,32,True,"2 GB, GDDR5, 128 bit",1354 MHz,1752 MHz,640 / 40 / 32,"Oct 25th, 2016",baraazaid/cpu-and-gpu-stats
a5b86c2964b22565f2eb,GeForce GTX 1050 3 GB,GP107,2018-05-21,PCIe 3.0 x16,3.0,GDDR5,1392.0,1752.0,768,48,24,True,"3 GB, GDDR5, 96 bit",1392 MHz,1752 MHz,768 / 48 / 24,"May 21st, 2018",baraazaid/cpu-and-gpu-stats
285614fdefbaabb5e0eb,GeForce GTX 1050 Max-Q,GP107,2018-01-03,PCIe 3.0 x16,4.0,GDDR5,1000.0,1752.0,640,40,16,True,"4 GB, GDDR5, 128 bit",1000 MHz,1752 MHz,640 / 40 / 16,"Jan 3rd, 2018",baraazaid/cpu-and-gpu-stats
6272ae075bba92a3532a,GeForce GTX 1050 Ti,GP107,2016-10-25,PCIe 3.0 x16,4.0,GDDR5,1291.0,1752.0,768,48,32,True,"4 GB, GDDR5, 128 bit",1291 MHz,1752 MHz,768 / 48 / 32,"Oct 25th, 2016",baraazaid/cpu-and-gpu-stats
8b4a866e7a80bf22edc2,GeForce GTX 1050 Ti Max-Q,GP107,2018-01-03,PCIe 3.0 x16,4.0,GDDR5,1152.0,1752.0,768,48,32,True,"4 GB, GDDR5, 128 bit",1152 MHz,1752 MHz,768 / 48 / 32,"Jan 3rd, 2018",baraazaid/cpu-and-gpu-stats
67afea82240dbe77e1dd,GeForce GTX 1060 3 GB,GP106,2016-08-18,PCIe 3.0 x16,3.0,GDDR5,1506.0,2002.0,1152,72,48,True,"3 GB, GDDR5, 192 bit",1506 MHz,2002 MHz,1152 / 72 / 48,"Aug 18th, 2016",baraazaid/cpu-and-gpu-stats
59fd1146ebc28ea6b1f4,GeForce GTX 1060 3 GB GP104,GP104,2016-12-25,PCIe 3.0 x16,3.0,GDDR5,1506.0,2002.0,1152,72,48,True,"3 GB, GDDR5, 192 bit",1506 MHz,2002 MHz,1152 / 72 / 48,"Dec 25th, 2016",baraazaid/cpu-and-gpu-stats
4ac4d239ca2f9410498f,GeForce GTX 1060 6 GB,GP106,2016-07-19,PCIe 3.0 x16,6.0,GDDR5,1506.0,2002.0,1280,80,48,True,"6 GB, GDDR5, 192 bit",1506 MHz,2002 MHz,1280 / 80 / 48,"Jul 19th, 2016",baraazaid/cpu-and-gpu-stats
b9da266ca080393b4707,GeForce GTX 1060 6 GB GDDR5X,GP104,2018-10-18,PCIe 3.0 x16,6.0,GDDR5X,1506.0,1001.0,1280,80,48,True,"6 GB, GDDR5X, 192 bit",1506 MHz,1001 MHz,1280 / 80 / 48,"Oct 18th, 2018",baraazaid/cpu-and-gpu-stats
f3e230592209856f9e60,GeForce GTX 1060 6 GB GP104,GP104,2018-03-08,PCIe 3.0 x16,6.0,GDDR5,1506.0,2002.0,1280,80,48,True,"6 GB, GDDR5, 192 bit",1506 MHz,2002 MHz,1280 / 80 / 48,"Mar 8th, 2018",baraazaid/cpu-and-gpu-stats
c39782d2b71f1e6cd088,GeForce GTX 1060 6 GB Rev. 2,GP106,2018-01-05,PCIe 3.0 x16,6.0,GDDR5,1506.0,2002.0,1280,80,48,True,"6 GB, GDDR5, 192 bit",1506 MHz,2002 MHz,1280 / 80 / 48,"Jan 5th, 2018",baraazaid/cpu-and-gpu-stats
923f08818f9afa8b0576,GeForce GTX 1060 8 GB GDDR5X,GP104,,PCIe 3.0 x16,8.0,GDDR5X,1506.0,1001.0,1280,80,64,True,"8 GB, GDDR5X, 256 bit",1506 MHz,1001 MHz,1280 / 80 / 64,Never Released,baraazaid/cpu-and-gpu-stats
54c6738433e342bba7b8,GeForce GTX 1060 Mobile,GP106,2016-08-15,PCIe 3.0 x16,6.0,GDDR5,1405.0,2002.0,1280,80,48,True,"6 GB, GDDR5, 192 bit",1405 MHz,2002 MHz,1280 / 80 / 48,"Aug 15th, 2016",baraazaid/cpu-and-gpu-stats
ae9f54a74808be8e20e0,GeForce GTX 1070,GP104,2016-06-10,PCIe 3.0 x16,8.0,GDDR5,1506.0,2002.0,1920,120,64,True,"8 GB, GDDR5, 256 bit",1506 MHz,2002 MHz,1920 / 120 / 64,"Jun 10th, 2016",baraazaid/cpu-and-gpu-stats
e0b611d1382582ff1074,GeForce GTX 1070 GDDR5X,GP104,2018-12-04,PCIe 3.0 x16,8.0,GDDR5X,1506.0,1001.0,1920,120,64,True,"8 GB, GDDR5X, 256 bit",1506 MHz,1001 MHz,1920 / 120 / 64,"Dec 4th, 2018",baraazaid/cpu-and-gpu-stats
db3887d69070b5c9565c,GeForce GTX 1070 Mobile,GP104,2016-08-15,PCIe 3.0 x16,8.0,GDDR5,1443.0,2002.0,2048,128,64,True,"8 GB, GDDR5, 256 bit",1443 MHz,2002 MHz,2048 / 128 / 64,"Aug 15th, 2016",baraazaid/cpu-and-gpu-stats
1fdf610218c36830a250,GeForce GTX 1080,GP104,2016-05-27,PCIe 3.0 x16,8.0,GDDR5X,1607.0,1251.0,2560,160,64,True,"8 GB, GDDR5X, 256 bit",1607 MHz,1251 MHz,2560 / 160 / 64,"May 27th, 2016",baraazaid/cpu-and-gpu-stats
16d6487e401c8d8cc1c1,GeForce GTX 1080 Mobile,GP104,2016-08-15,PCIe 3.0 x16,8.0,GDDR5X,1557.0,1251.0,2560,160,64,True,"8 GB, GDDR5X, 256 bit",1557 MHz,1251 MHz,2560 / 160 / 64,"Aug 15th, 2016",baraazaid/cpu-and-gpu-stats
a27cd6bee70ee5d9cbdd,GeForce GTX 1080 Ti 10 GB,GP102,,PCIe 3.0 x16,10.0,GDDR5X,1557.0,1376.0,3200,200,80,True,"10 GB, GDDR5X, 320 bit",1557 MHz,1376 MHz,3200 / 200 / 80,Never Released,baraazaid/cpu-and-gpu-stats
439513188b5fc67cfcde,GeForce GTX 1630,TU117,2022-06-28,PCIe 3.0 x8,4.0,GDDR6,1740.0,1500.0,512,32,16,True,"4 GB, GDDR6, 64 bit",1740 MHz,1500 MHz,512 / 32 / 16,"Jun 28th, 2022",baraazaid/cpu-and-gpu-stats
adbf66796cab9c8edf84,GeForce GTX 1650 GDDR6,TU117,2020-04-01,PCIe 3.0 x16,4.0,GDDR6,1410.0,1500.0,896,56,32,True,"4 GB, GDDR6, 128 bit",1410 MHz,1500 MHz,896 / 56 / 32,"Apr 1st, 2020",baraazaid/cpu-and-gpu-stats
0f05f31a1d82818a3ccf,GeForce GTX 1650 Max-Q,TU117,2020-04-15,PCIe 3.0 x16,4.0,GDDR6,930.0,1250.0,1024,64,32,True,"4 GB, GDDR6, 128 bit",930 MHz,1250 MHz,1024 / 64 / 32,"Apr 15th, 2020",baraazaid/cpu-and-gpu-stats
fe57ba90d926cf7dd97e,GeForce GTX 1650 Mobile,TU117,2020-04-15,PCIe 3.0 x16,4.0,GDDR6,1380.0,1500.0,1024,64,32,True,"4 GB, GDDR6, 128 bit",1380 MHz,1500 MHz,1024 / 64 / 32,"Apr 15th, 2020",baraazaid/cpu-and-gpu-stats
27b505f149cfcd675232,GeForce GTX 1650 TU106,TU106,2020-06-18,PCIe 3.0 x16,4.0,GDDR6,1410.0,1500.0,896,56,32,True,"4 GB, GDDR6, 128 bit",1410 MHz,1500 MHz,896 / 56 / 32,"Jun 18th, 2020",baraazaid/cpu-and-gpu-stats
7505cc56f9426dbe1f5f,GeForce GTX 1650 TU116,TU116,2020-07-07,PCIe 3.0 x16,4.0,GDDR6,1410.0,1500.0,896,56,32,True,"4 GB, GDDR6, 128 bit",1410 MHz,1500 MHz,896 / 56 / 32,"Jul 7th, 2020",baraazaid/cpu-and-gpu-stats
74b16182779827e0985f,GeForce GTX 1650 Ti Max-Q,TU117,2020-04-02,PCIe 3.0 x16,4.0,GDDR6,1035.0,1250.0,1024,64,32,True,"4 GB, GDDR6, 128 bit",1035 MHz,1250 MHz,1024 / 64 / 32,"Apr 2nd, 2020",baraazaid/cpu-and-gpu-stats
2a3f8f46fe565e4d7dae,GeForce GTX 1650 Ti Mobile,TU117,2020-04-02,PCIe 3.0 x16,4.0,GDDR6,1350.0,1500.0,1024,64,32,True,"4 GB, GDDR6, 128 bit",1350 MHz,1500 MHz,1024 / 64 / 32,"Apr 2nd, 2020",baraazaid/cpu-and-gpu-stats
4382c9a86a8553a5392f,GeForce GTX 1650 Ti Mobile,TU116,2020-04-23,PCIe 3.0 x16,4.0,GDDR6,1350.0,1500.0,1024,64,32,True,"4 GB, GDDR6, 128 bit",1350 MHz,1500 MHz,1024 / 64 / 32,"Apr 23rd, 2020",baraazaid/cpu-and-gpu-stats
785b92f127b4f83d7e7c,GeForce GTX 260,GT200,2008-06-16,PCIe 2.0 x16,0.875,GDDR3,576.0,999.0,192,64,28,True,"896 MB, GDDR3, 448 bit",576 MHz,999 MHz,192 / 64 / 28,"Jun 16th, 2008",baraazaid/cpu-and-gpu-stats
791d4ec126e4749c4b5e,GeForce GTX 260 Core 216,GT200,2008-09-16,PCIe 2.0 x16,0.875,GDDR3,576.0,999.0,216,72,28,True,"896 MB, GDDR3, 448 bit",576 MHz,999 MHz,216 / 72 / 28,"Sep 16th, 2008",baraazaid/cpu-and-gpu-stats
5245a88565d2e8dc0fa8,GeForce GTX 260 Core 216 Rev. 2,GT200B,2008-11-27,PCIe 2.0 x16,0.875,GDDR3,576.0,999.0,216,72,28,True,"896 MB, GDDR3, 448 bit",576 MHz,999 MHz,216 / 72 / 28,"Nov 27th, 2008",baraazaid/cpu-and-gpu-stats
9c50bea27db387c41465,GeForce GTX 260 Rev. 2,GT200B,2008-07-23,PCIe 2.0 x16,0.875,GDDR3,576.0,999.0,192,64,28,True,"896 MB, GDDR3, 448 bit",576 MHz,999 MHz,192 / 64 / 28,"Jul 23rd, 2008",baraazaid/cpu-and-gpu-stats
f73ca5cc3ec04915b9df,GeForce GTX 275 PhysX Edition,GT200B,2010-02-16,PCIe 2.0 x16,0.875,GDDR3,633.0,1134.0,240,80,28,True,"896 MB, GDDR3, 448 bit",633 MHz,1134 MHz,240 / 80 / 28,"Feb 16th, 2010",baraazaid/cpu-and-gpu-stats
361980795097def35b94,GeForce GTX 280,GT200,2008-06-16,PCIe 2.0 x16,1.0,GDDR3,602.0,1107.0,240,80,32,True,"1024 MB, GDDR3, 512 bit",602 MHz,1107 MHz,240 / 80 / 32,"Jun 16th, 2008",baraazaid/cpu-and-gpu-stats
afed462fa0432339e21d,GeForce GTX 285,GT200B,2008-12-23,PCIe 2.0 x16,1.0,GDDR3,648.0,1242.0,240,80,32,True,"1024 MB, GDDR3, 512 bit",648 MHz,1242 MHz,240 / 80 / 32,"Dec 23rd, 2008",baraazaid/cpu-and-gpu-stats
bd2c6fbb3e8644e05fb2,GeForce GTX 460,GF104,2010-07-12,PCIe 2.0 x16,1.0,GDDR5,675.0,900.0,336,56,32,True,"1024 MB, GDDR5, 256 bit",675 MHz,900 MHz,336 / 56 / 32,"Jul 12th, 2010",baraazaid/cpu-and-gpu-stats
a39ea5901c4fbde5d5a6,GeForce GTX 460,GF104,2010-07-12,PCIe 2.0 x16,0.75,GDDR5,675.0,900.0,336,56,24,True,"768 MB, GDDR5, 192 bit",675 MHz,900 MHz,336 / 56 / 24,"Jul 12th, 2010",baraazaid/cpu-and-gpu-stats
ac971673a57df35ccdf8,GeForce GTX 460 OEM,GF104,2010-10-11,PCIe 2.0 x16,1.0,GDDR5,650.0,850.0,336,56,32,True,"1024 MB, GDDR5, 256 bit",650 MHz,850 MHz,336 / 56 / 32,"Oct 11th, 2010",baraazaid/cpu-and-gpu-stats
fcf1d5164a45f80ba980,GeForce GTX 460 SE,GF104,2010-11-15,PCIe 2.0 x16,1.0,GDDR5,650.0,850.0,288,48,32,True,"1024 MB, GDDR5, 256 bit",650 MHz,850 MHz,288 / 48 / 32,"Nov 15th, 2010",baraazaid/cpu-and-gpu-stats
848d331e49a0aa17ce86,GeForce GTX 460 SE v2,GF114,2010-11-15,PCIe 2.0 x16,0.75,GDDR5,650.0,850.0,288,48,24,True,"768 MB, GDDR5, 192 bit",650 MHz,850 MHz,288 / 48 / 24,"Nov 15th, 2010",baraazaid/cpu-and-gpu-stats
e6e5b91f3ce22e8f1817,GeForce GTX 460M,GF106,2010-09-03,PCIe 2.0 x16,1.5,GDDR5,675.0,625.0,192,32,24,True,"1536 MB, GDDR5, 192 bit",675 MHz,625 MHz,192 / 32 / 24,"Sep 3rd, 2010",baraazaid/cpu-and-gpu-stats
469d4a6b0aa16331b9cc,GeForce GTX 465,GF100,2010-05-31,PCIe 2.0 x16,1.0,GDDR5,608.0,802.0,352,44,32,True,"1024 MB, GDDR5, 256 bit",608 MHz,802 MHz,352 / 44 / 32,"May 31st, 2010",baraazaid/cpu-and-gpu-stats
56e03c04655c1e3edb8e,GeForce GTX 470,GF100,2010-03-26,PCIe 2.0 x16,1.25,GDDR5,608.0,837.0,448,56,40,True,"1280 MB, GDDR5, 320 bit",608 MHz,837 MHz,448 / 56 / 40,"Mar 26th, 2010",baraazaid/cpu-and-gpu-stats
16904cd934128c59100c,GeForce GTX 470M,GF104,2010-09-03,MXM-B (3.0),1.5,GDDR5,535.0,750.0,288,48,24,True,"1536 MB, GDDR5, 192 bit",535 MHz,750 MHz,288 / 48 / 24,"Sep 3rd, 2010",baraazaid/cpu-and-gpu-stats
206613d533206f20700f,GeForce GTX 480,GF100,2010-03-26,PCIe 2.0 x16,1.5,GDDR5,701.0,924.0,480,60,48,True,"1536 MB, GDDR5, 384 bit",701 MHz,924 MHz,480 / 60 / 48,"Mar 26th, 2010",baraazaid/cpu-and-gpu-stats
20ef2cdc0f5b9c037d70,GeForce GTX 480M,GF100,2010-05-25,MXM-B (3.0),2.0,GDDR5,425.0,600.0,352,44,32,True,"2 GB, GDDR5, 256 bit",425 MHz,600 MHz,352 / 44 / 32,"May 25th, 2010",baraazaid/cpu-and-gpu-stats
becbe169a899a0620348,GeForce GTX 560 SE,GF114,2012-02-20,PCIe 2.0 x16,1.0,GDDR5,736.0,957.0,288,48,24,True,"1024 MB, GDDR5, 192 bit",736 MHz,957 MHz,288 / 48 / 24,"Feb 20th, 2012",baraazaid/cpu-and-gpu-stats
3074df96662253c9f738,GeForce GTX 570,GF110,2010-12-07,PCIe 2.0 x16,1.25,GDDR5,732.0,950.0,480,60,40,True,"1280 MB, GDDR5, 320 bit",732 MHz,950 MHz,480 / 60 / 40,"Dec 7th, 2010",baraazaid/cpu-and-gpu-stats
e7b690027eea08e0f92d,GeForce GTX 570 Rev. 2,GF110,2010-12-07,PCIe 2.0 x16,1.25,GDDR5,732.0,950.0,480,60,40,True,"1280 MB, GDDR5, 320 bit",732 MHz,950 MHz,480 / 60 / 40,"Dec 7th, 2010",baraazaid/cpu-and-gpu-stats
8b5010379bb4b864b96f,GeForce GTX 580,GF110,2010-11-09,PCIe 2.0 x16,1.5,GDDR5,772.0,1002.0,512,64,48,True,"1536 MB, GDDR5, 384 bit",772 MHz,1002 MHz,512 / 64 / 48,"Nov 9th, 2010",baraazaid/cpu-and-gpu-stats
3c695a97e31f72e4998c,GeForce GTX 645 OEM,GK106,2013-04-22,PCIe 3.0 x16,1.0,GDDR5,824.0,1000.0,576,48,16,True,"1024 MB, GDDR5, 128 bit",824 MHz,1000 MHz,576 / 48 / 16,"Apr 22nd, 2013",baraazaid/cpu-and-gpu-stats
165527fc09bec038cc8b,GeForce GTX 650,GK107,2012-09-06,PCIe 3.0 x16,1.0,GDDR5,1058.0,1250.0,384,32,16,True,"1024 MB, GDDR5, 128 bit",1058 MHz,1250 MHz,384 / 32 / 16,"Sep 6th, 2012",baraazaid/cpu-and-gpu-stats
f28cce21c24f9929ccad,GeForce GTX 650,GK106,2013-11-27,PCIe 3.0 x16,1.0,GDDR5,1058.0,1250.0,384,32,16,True,"1024 MB, GDDR5, 128 bit",1058 MHz,1250 MHz,384 / 32 / 16,"Nov 27th, 2013",baraazaid/cpu-and-gpu-stats
f54404991b20f251d658,GeForce GTX 650 Ti,GK106,2012-10-09,PCIe 3.0 x16,1.0,GDDR5,928.0,1350.0,768,64,16,True,"1024 MB, GDDR5, 128 bit",928 MHz,1350 MHz,768 / 64 / 16,"Oct 9th, 2012",baraazaid/cpu-and-gpu-stats
71600e643c7d35d36b8b,GeForce GTX 650 Ti Boost,GK106,2013-03-26,PCIe 3.0 x16,2.0,GDDR5,980.0,1502.0,768,64,24,True,"2 GB, GDDR5, 192 bit",980 MHz,1502 MHz,768 / 64 / 24,"Mar 26th, 2013",baraazaid/cpu-and-gpu-stats
90f73f633d950f574034,GeForce GTX 650 Ti OEM,GK106,2013-03-31,PCIe 3.0 x16,2.0,GDDR5,928.0,1350.0,768,64,16,True,"2 GB, GDDR5, 128 bit",928 MHz,1350 MHz,768 / 64 / 16,"Mar 31st, 2013",baraazaid/cpu-and-gpu-stats
2a1c7cbbe315335c2207,GeForce GTX 660,GK106,2012-09-06,PCIe 3.0 x16,2.0,GDDR5,980.0,1502.0,960,80,24,True,"2 GB, GDDR5, 192 bit",980 MHz,1502 MHz,960 / 80 / 24,"Sep 6th, 2012",baraazaid/cpu-and-gpu-stats
8398fa137aa4c5b2d451,GeForce GTX 660 OEM,GK104,2012-08-22,PCIe 3.0 x16,1.5,GDDR5,823.0,1400.0,1152,96,24,True,"1536 MB, GDDR5, 192 bit",823 MHz,1400 MHz,1152 / 96 / 24,"Aug 22nd, 2012",baraazaid/cpu-and-gpu-stats
ce747f5482a75a015173,GeForce GTX 660 OEM,GK104,2012-08-22,PCIe 3.0 x16,2.0,GDDR5,823.0,1400.0,1152,96,32,True,"2 GB, GDDR5, 256 bit",823 MHz,1400 MHz,1152 / 96 / 32,"Aug 22nd, 2012",baraazaid/cpu-and-gpu-stats
015743b8ea66241d1cac,GeForce GTX 660 Rev. 2,GK104,2014-09-13,PCIe 3.0 x16,2.0,GDDR5,980.0,1502.0,960,80,24,True,"2 GB, GDDR5, 192 bit",980 MHz,1502 MHz,960 / 80 / 24,"Sep 13th, 2014",baraazaid/cpu-and-gpu-stats
ffb10fac3f2a805b6fd2,GeForce GTX 660 Ti,GK104,2012-08-16,PCIe 3.0 x16,2.0,GDDR5,915.0,1502.0,1344,112,24,True,"2 GB, GDDR5, 192 bit",915 MHz,1502 MHz,1344 / 112 / 24,"Aug 16th, 2012",baraazaid/cpu-and-gpu-stats
03b22335ceacb1e5e2b1,GeForce GTX 660M,GK107,2012-03-22,MXM-B (3.0),2.0,GDDR5,835.0,1250.0,384,32,16,True,"2 GB, GDDR5, 128 bit",835 MHz,1250 MHz,384 / 32 / 16,"Mar 22nd, 2012",baraazaid/cpu-and-gpu-stats
e3b6d0855057e75593a6,GeForce GTX 660M Mac Edition,GK107,2013-04-01,MXM-B (3.0),0.5,GDDR5,950.0,1250.0,384,32,16,True,"512 MB, GDDR5, 128 bit",950 MHz,1250 MHz,384 / 32 / 16,"Apr 1st, 2013",baraazaid/cpu-and-gpu-stats
b2f1e69528e1005667aa,GeForce GTX 670,GK104,2012-05-10,PCIe 3.0 x16,2.0,GDDR5,915.0,1502.0,1344,112,32,True,"2 GB, GDDR5, 256 bit",915 MHz,1502 MHz,1344 / 112 / 32,"May 10th, 2012",baraazaid/cpu-and-gpu-stats
248e6b3393eb53705372,GeForce GTX 670M,GF114,2012-03-22,MXM-B (3.0),1.5,GDDR5,598.0,750.0,336,56,24,True,"1536 MB, GDDR5, 192 bit",598 MHz,750 MHz,336 / 56 / 24,"Mar 22nd, 2012",baraazaid/cpu-and-gpu-stats
29a17e7d6e4e4de96d71,GeForce GTX 670MX,GK104,2012-10-01,PCIe 3.0 x16,3.0,GDDR5,601.0,700.0,960,80,24,True,"3 GB, GDDR5, 192 bit",601 MHz,700 MHz,960 / 80 / 24,"Oct 1st, 2012",baraazaid/cpu-and-gpu-stats
7c89c7008f621bf3c5d3,GeForce GTX 675M,GF114,2012-03-22,MXM-B (3.0),2.0,GDDR5,620.0,750.0,384,64,32,True,"2 GB, GDDR5, 256 bit",620 MHz,750 MHz,384 / 64 / 32,"Mar 22nd, 2012",baraazaid/cpu-and-gpu-stats
df2433ba1f4981157742,GeForce GTX 675MX,GK104,2012-10-01,MXM-B (3.0),2.0,GDDR5,654.0,900.0,960,80,32,True,"2 GB, GDDR5, 256 bit",654 MHz,900 MHz,960 / 80 / 32,"Oct 1st, 2012",baraazaid/cpu-and-gpu-stats
96b7740522627193cd23,GeForce GTX 675MX Mac Edition,GK104,2013-04-01,PCIe 3.0 x16,1.0,GDDR5,719.0,1250.0,1344,112,32,True,"1024 MB, GDDR5, 256 bit",719 MHz,1250 MHz,1344 / 112 / 32,"Apr 1st, 2013",baraazaid/cpu-and-gpu-stats
7e9f81ac62e65a48f0ba,GeForce GTX 680,GK104,2012-03-22,PCIe 3.0 x16,2.0,GDDR5,1006.0,1502.0,1536,128,32,True,"2 GB, GDDR5, 256 bit",1006 MHz,1502 MHz,1536 / 128 / 32,"Mar 22nd, 2012",baraazaid/cpu-and-gpu-stats
bedf6c5d9739d3640b7e,GeForce GTX 680 Mac Edition,GK104,2013-04-03,PCIe 2.0 x16,2.0,GDDR5,1006.0,1502.0,1536,128,32,True,"2 GB, GDDR5, 256 bit",1006 MHz,1502 MHz,1536 / 128 / 32,"Apr 3rd, 2013",baraazaid/cpu-and-gpu-stats
4d4b7a838fd1e2dd29bc,GeForce GTX 680M,GK104,2012-06-04,MXM-B (3.0),4.0,GDDR5,719.0,900.0,1344,112,32,True,"4 GB, GDDR5, 256 bit",719 MHz,900 MHz,1344 / 112 / 32,"Jun 4th, 2012",baraazaid/cpu-and-gpu-stats
89e977c29c3ce4ad90dc,GeForce GTX 680MX Mac Edition,GK104,2012-10-23,PCIe 3.0 x16,2.0,GDDR5,719.0,1250.0,1536,128,32,True,"2 GB, GDDR5, 256 bit",719 MHz,1250 MHz,1536 / 128 / 32,"Oct 23rd, 2012",baraazaid/cpu-and-gpu-stats
c8f5dd9994284ab8355a,GeForce GTX 690,GK104,2012-05-03,PCIe 3.0 x16,2.0,GDDR5,915.0,1502.0,1536,128,32,True,"2 GB, GDDR5, 256 bit",915 MHz,1502 MHz,1536 / 128 / 32,"May 3rd, 2012",baraazaid/cpu-and-gpu-stats
adb1808464c3901068d0,GeForce GTX 745 OEM,GM107,2014-02-18,PCIe 3.0 x16,4.0,DDR3,1033.0,900.0,384,24,16,True,"4 GB, DDR3, 128 bit",1033 MHz,900 MHz,384 / 24 / 16,"Feb 18th, 2014",baraazaid/cpu-and-gpu-stats
e43394b25163030aa649,GeForce GTX 750,GM107,2014-02-18,PCIe 3.0 x16,1.0,GDDR5,1020.0,1253.0,512,32,16,True,"1024 MB, GDDR5, 128 bit",1020 MHz,1253 MHz,512 / 32 / 16,"Feb 18th, 2014",baraazaid/cpu-and-gpu-stats
91c3c5a7f71188000712,GeForce GTX 750 GM206,GM206,2015-11-17,PCIe 3.0 x16,2.0,GDDR5,1087.0,1253.0,512,32,32,True,"2 GB, GDDR5, 128 bit",1087 MHz,1253 MHz,512 / 32 / 32,"Nov 17th, 2015",baraazaid/cpu-and-gpu-stats
475febf23a5d94dabf3e,GeForce GTX 750 Ti,GM107,2014-02-18,PCIe 3.0 x16,2.0,GDDR5,1020.0,1350.0,640,40,16,True,"2 GB, GDDR5, 128 bit",1020 MHz,1350 MHz,640 / 40 / 16,"Feb 18th, 2014",baraazaid/cpu-and-gpu-stats
15fa27206d6c1a85ad09,GeForce GTX 750 Ti OEM,GK106,,PCIe 3.0 x16,2.0,GDDR5,1033.0,1502.0,960,80,24,True,"2 GB, GDDR5, 256 bit",1033 MHz,1502 MHz,960 / 80 / 24,Unknown,baraazaid/cpu-and-gpu-stats
8263ee46198fedf13fda,GeForce GTX 760,GK104,2013-06-25,PCIe 3.0 x16,2.0,GDDR5,980.0,1502.0,1152,96,32,True,"2 GB, GDDR5, 256 bit",980 MHz,1502 MHz,1152 / 96 / 32,"Jun 25th, 2013",baraazaid/cpu-and-gpu-stats
8e595f11765cee3262db,GeForce GTX 760 OEM,GK104,2013-06-27,PCIe 3.0 x16,1.5,GDDR5,823.0,1400.0,1152,96,24,True,"1536 MB, GDDR5, 192 bit",823 MHz,1400 MHz,1152 / 96 / 24,"Jun 27th, 2013",baraazaid/cpu-and-gpu-stats
e43e53cf451bb0945882,GeForce GTX 760 OEM,GK104,2016-11-06,PCIe 3.0 x16,2.0,GDDR5,993.0,1650.0,1344,112,32,True,"2 GB, GDDR5, 256 bit",993 MHz,1650 MHz,1344 / 112 / 32,"Nov 6th, 2016",baraazaid/cpu-and-gpu-stats
0f268e68328f702a80bd,GeForce GTX 760 OEM Rebrand,GK104,2013-08-25,PCIe 3.0 x16,3.0,GDDR5,823.0,1400.0,1152,96,32,True,"3 GB, GDDR5, 256 bit",823 MHz,1400 MHz,1152 / 96 / 32,"Aug 25th, 2013",baraazaid/cpu-and-gpu-stats
0caf32a692a9c5c026a5,GeForce GTX 760 Ti OEM,GK104,2013-09-27,PCIe 3.0 x16,2.0,GDDR5,915.0,1502.0,1344,112,32,True,"2 GB, GDDR5, 256 bit",915 MHz,1502 MHz,1344 / 112 / 32,"Sep 27th, 2013",baraazaid/cpu-and-gpu-stats
16da158acbf9b92d9c39,GeForce GTX 760 Ti OEM Rebrand,GK104,2013-08-25,PCIe 3.0 x16,2.0,GDDR5,915.0,1502.0,1344,112,32,True,"2 GB, GDDR5, 256 bit",915 MHz,1502 MHz,1344 / 112 / 32,"Aug 25th, 2013",baraazaid/cpu-and-gpu-stats
f1ce7482456822877013,GeForce GTX 760 X2,GK104,2013-11-19,PCIe 3.0 x16,2.0,GDDR5,1006.0,1502.0,1152,96,32,True,"2 GB, GDDR5, 256 bit",1006 MHz,1502 MHz,1152 / 96 / 32,"Nov 19th, 2013",baraazaid/cpu-and-gpu-stats
8134c906540114fb9d6d,GeForce GTX 760A,GK106,2014-03-17,PCIe 3.0 x16,1.0,GDDR5,628.0,1002.0,768,64,16,True,"1024 MB, GDDR5, 128 bit",628 MHz,1002 MHz,768 / 64 / 16,"Mar 17th, 2014",baraazaid/cpu-and-gpu-stats
0d7f6137836467252a55,GeForce GTX 760M,GK106,2013-05-30,PCIe 3.0 x16,2.0,GDDR5,628.0,1002.0,768,64,16,True,"2 GB, GDDR5, 128 bit",628 MHz,1002 MHz,768 / 64 / 16,"May 30th, 2013",baraazaid/cpu-and-gpu-stats
522329cac549290c001c,GeForce GTX 765M,GK106,2013-05-30,MXM-B (3.0),2.0,GDDR5,797.0,1002.0,768,64,16,True,"2 GB, GDDR5, 128 bit",797 MHz,1002 MHz,768 / 64 / 16,"May 30th, 2013",baraazaid/cpu-and-gpu-stats
90c6dc50552d00178139,GeForce GTX 770,GK104,2013-05-30,PCIe 3.0 x16,2.0,GDDR5,1046.0,1753.0,1536,128,32,True,"2 GB, GDDR5, 256 bit",1046 MHz,1753 MHz,1536 / 128 / 32,"May 30th, 2013",baraazaid/cpu-and-gpu-stats
bd3297d95d0e23db49c9,GeForce GTX 770M,GK106,2013-05-30,MXM-B (3.0),3.0,GDDR5,706.0,1002.0,960,80,24,True,"3 GB, GDDR5, 192 bit",706 MHz,1002 MHz,960 / 80 / 24,"May 30th, 2013",baraazaid/cpu-and-gpu-stats
b11365cbf2cae54792e2,GeForce GTX 775M Mac Edition,GK104,2013-11-08,MXM-B (3.0),2.0,GDDR5,797.0,1250.0,1344,112,32,True,"2 GB, GDDR5, 256 bit",797 MHz,1250 MHz,1344 / 112 / 32,"Nov 8th, 2013",baraazaid/cpu-and-gpu-stats
7ea44f2e0ef6b781e662,GeForce GTX 780,GK110,2013-05-23,PCIe 3.0 x16,3.0,GDDR5,863.0,1502.0,2304,192,48,True,"3 GB, GDDR5, 384 bit",863 MHz,1502 MHz,2304 / 192 / 48,"May 23rd, 2013",baraazaid/cpu-and-gpu-stats
cb36ba15794838ddcb51,GeForce GTX 780 6 GB,GK110B,2013-09-10,PCIe 3.0 x16,6.0,GDDR5,863.0,1502.0,2304,192,48,True,"6 GB, GDDR5, 384 bit",863 MHz,1502 MHz,2304 / 192 / 48,"Sep 10th, 2013",baraazaid/cpu-and-gpu-stats
837b0d6ce9e1678ee2c8,GeForce GTX 780 Rev. 2,GK110B,2013-09-10,PCIe 3.0 x16,3.0,GDDR5,863.0,1502.0,2304,192,48,True,"3 GB, GDDR5, 384 bit",863 MHz,1502 MHz,2304 / 192 / 48,"Sep 10th, 2013",baraazaid/cpu-and-gpu-stats
1dd58183cd265d4de25c,GeForce GTX 780 Ti,GK110B,2013-11-07,PCIe 3.0 x16,3.0,GDDR5,875.0,1753.0,2880,240,48,True,"3 GB, GDDR5, 384 bit",875 MHz,1753 MHz,2880 / 240 / 48,"Nov 7th, 2013",baraazaid/cpu-and-gpu-stats
f0466bdbbfaa330035a5,GeForce GTX 780 Ti 6 GB,GK110B,,PCIe 3.0 x16,6.0,GDDR5,875.0,1753.0,2880,240,48,True,"6 GB, GDDR5, 384 bit",875 MHz,1753 MHz,2880 / 240 / 48,Never Released,baraazaid/cpu-and-gpu-stats
f18c62e8567b9b1a4fdf,GeForce GTX 780M,GK104,2013-05-11,MXM-B (3.0),4.0,GDDR5,771.0,1250.0,1536,128,32,True,"4 GB, GDDR5, 256 bit",771 MHz,1250 MHz,1536 / 128 / 32,"May 11th, 2013",baraazaid/cpu-and-gpu-stats
04a739206884ffb73e77,GeForce GTX 780M Mac Edition,GK104,2013-11-08,MXM-B (3.0),4.0,GDDR5,784.0,1250.0,1536,128,32,True,"4 GB, GDDR5, 256 bit",784 MHz,1250 MHz,1536 / 128 / 32,"Nov 8th, 2013",baraazaid/cpu-and-gpu-stats
dba77df8990fe2037acc,GeForce GTX 850A,GM107,2014-03-17,PCIe 3.0 x16,2.0,DDR3,902.0,900.0,640,40,16,True,"2 GB, DDR3, 128 bit",902 MHz,900 MHz,640 / 40 / 16,"Mar 17th, 2014",baraazaid/cpu-and-gpu-stats
a251b2b90749e8e1b1a3,GeForce GTX 850M,GM107,2014-03-12,PCIe 3.0 x16,2.0,DDR3,902.0,1001.0,640,40,16,True,"2 GB, DDR3, 128 bit",902 MHz,1001 MHz,640 / 40 / 16,"Mar 12th, 2014",baraazaid/cpu-and-gpu-stats
e8869430f126619d3091,GeForce GTX 860M,GM107,2014-01-13,MXM-B (3.0),2.0,GDDR5,1020.0,1253.0,640,40,16,True,"2 GB, GDDR5, 128 bit",1020 MHz,1253 MHz,640 / 40 / 16,"Jan 13th, 2014",baraazaid/cpu-and-gpu-stats
382fa7ba75a5623c2008,GeForce GTX 860M,GK104,2014-03-10,PCIe 3.0 x16,2.0,GDDR5,797.0,1250.0,1152,96,16,True,"2 GB, GDDR5, 128 bit",797 MHz,1250 MHz,1152 / 96 / 16,"Mar 10th, 2014",baraazaid/cpu-and-gpu-stats
eac724ca493363887f87,GeForce GTX 860M OEM,GM107,2015-02-05,MXM-B (3.0),2.0,GDDR5,1097.0,1253.0,640,40,16,True,"2 GB, GDDR5, 128 bit",1097 MHz,1253 MHz,640 / 40 / 16,"Feb 5th, 2015",baraazaid/cpu-and-gpu-stats
4f58ab9fd459a55a0999,GeForce GTX 870M,GK104,2014-03-12,MXM-B (3.0),3.0,GDDR5,941.0,1250.0,1344,112,24,True,"3 GB, GDDR5, 192 bit",941 MHz,1250 MHz,1344 / 112 / 24,"Mar 12th, 2014",baraazaid/cpu-and-gpu-stats
d34b015c9bad9380a43f,GeForce GTX 880M,GK104,2014-03-12,MXM-B (3.0),8.0,GDDR5,954.0,1250.0,1536,128,32,True,"8 GB, GDDR5, 256 bit",954 MHz,1250 MHz,1536 / 128 / 32,"Mar 12th, 2014",baraazaid/cpu-and-gpu-stats
63cbce6feded3c0fbba4,GeForce GTX 950,GM206,2015-08-20,PCIe 3.0 x16,2.0,GDDR5,1024.0,1653.0,768,48,32,True,"2 GB, GDDR5, 128 bit",1024 MHz,1653 MHz,768 / 48 / 32,"Aug 20th, 2015",baraazaid/cpu-and-gpu-stats
709efbdbbd41769694ac,GeForce GTX 950 Low Power,GM206,2016-03-01,PCIe 3.0 x16,2.0,GDDR5,1026.0,1653.0,768,48,32,True,"2 GB, GDDR5, 128 bit",1026 MHz,1653 MHz,768 / 48 / 32,"Mar 1st, 2016",baraazaid/cpu-and-gpu-stats
bf4871074665c0bade69,GeForce GTX 950 OEM,GM206,2016-01-01,PCIe 3.0 x16,4.0,GDDR5,937.0,1253.0,1024,64,32,True,"4 GB, GDDR5, 128 bit",937 MHz,1253 MHz,1024 / 64 / 32,2016,baraazaid/cpu-and-gpu-stats
6788d53dfdba2f48a786,GeForce GTX 950A,GM107,2015-03-13,MXM-B (3.0),2.0,DDR3,993.0,1001.0,640,40,16,True,"2 GB, DDR3, 128 bit",993 MHz,1001 MHz,640 / 40 / 16,"Mar 13th, 2015",baraazaid/cpu-and-gpu-stats
45a3e79ad12f099448cd,GeForce GTX 950M,GM107,2015-03-13,PCIe 3.0 x8,4.0,DDR3,993.0,900.0,640,40,16,True,"4 GB, DDR3, 128 bit",993 MHz,900 MHz,640 / 40 / 16,"Mar 13th, 2015",baraazaid/cpu-and-gpu-stats
b5f46f53664b368294f6,GeForce GTX 950M Mac Edition,GM107,2015-03-13,MXM-B (3.0),2.0,DDR3,993.0,900.0,640,40,16,True,"2 GB, DDR3, 128 bit",993 MHz,900 MHz,640 / 40 / 16,"Mar 13th, 2015",baraazaid/cpu-and-gpu-stats
9b98d565554dabc8ae3a,GeForce GTX 960,GM206,2015-01-22,PCIe 3.0 x16,2.0,GDDR5,1127.0,1753.0,1024,64,32,True,"2 GB, GDDR5, 128 bit",1127 MHz,1753 MHz,1024 / 64 / 32,"Jan 22nd, 2015",baraazaid/cpu-and-gpu-stats
2635414be804b1ebf49e,GeForce GTX 960 OEM,GM206,2015-11-26,PCIe 3.0 x16,4.0,GDDR5,1176.0,1753.0,1024,64,32,True,"4 GB, GDDR5, 128 bit",1176 MHz,1753 MHz,1024 / 64 / 32,"Nov 26th, 2015",baraazaid/cpu-and-gpu-stats
4cf5469db4d64fa7f0fe,GeForce GTX 960 OEM,GM204,2015-11-26,PCIe 3.0 x16,3.0,GDDR5,924.0,1253.0,1280,80,48,True,"3 GB, GDDR5, 192 bit",924 MHz,1253 MHz,1280 / 80 / 48,"Nov 26th, 2015",baraazaid/cpu-and-gpu-stats
5527447bc8eea6609263,GeForce GTX 960A,GM107,2015-03-13,MXM-B (3.0),2.0,GDDR5,1097.0,1253.0,640,40,16,True,"2 GB, GDDR5, 128 bit",1097 MHz,1253 MHz,640 / 40 / 16,"Mar 13th, 2015",baraazaid/cpu-and-gpu-stats
18502c30b9759be69b36,GeForce GTX 960M,GM107,2015-03-13,MXM-B (3.0),4.0,GDDR5,1097.0,1253.0,640,40,16,True,"4 GB, GDDR5, 128 bit",1097 MHz,1253 MHz,640 / 40 / 16,"Mar 13th, 2015",baraazaid/cpu-and-gpu-stats
a3a5515db7de52aa20b3,GeForce GTX 965M,GM204,2015-01-09,MXM-B (3.0),2.0,GDDR5,924.0,1253.0,1024,64,32,True,"2 GB, GDDR5, 128 bit",924 MHz,1253 MHz,1024 / 64 / 32,"Jan 9th, 2015",baraazaid/cpu-and-gpu-stats
ce156ce31caf4bef3526,GeForce GTX 965M,GM206,2016-01-01,MXM-B (3.0),2.0,GDDR5,935.0,1253.0,1024,64,32,True,"2 GB, GDDR5, 128 bit",935 MHz,1253 MHz,1024 / 64 / 32,2016,baraazaid/cpu-and-gpu-stats
5d87b1f801906e8a9033,GeForce GTX 965M 4 GB,GM204,2015-01-09,MXM-B (3.0),4.0,GDDR5,935.0,1253.0,1024,64,32,True,"4 GB, GDDR5, 128 bit",935 MHz,1253 MHz,1024 / 64 / 32,"Jan 9th, 2015",baraazaid/cpu-and-gpu-stats
0dddb5f5e1a62aac9e85,GeForce GTX 970,GM204,2014-09-19,PCIe 3.0 x16,4.0,GDDR5,1050.0,1753.0,1664,104,56,True,"4 GB, GDDR5, 256 bit",1050 MHz,1753 MHz,1664 / 104 / 56,"Sep 19th, 2014",baraazaid/cpu-and-gpu-stats
a2994bef0c8b0f0430f9,GeForce GTX 970M,GM204,2014-10-07,MXM-B (3.0),6.0,GDDR5,924.0,1253.0,1280,80,48,True,"6 GB, GDDR5, 192 bit",924 MHz,1253 MHz,1280 / 80 / 48,"Oct 7th, 2014",baraazaid/cpu-and-gpu-stats
b4e42bb125c61289434b,GeForce GTX 970M,GM204,2014-10-07,MXM-B (3.0),3.0,GDDR5,924.0,1253.0,1280,80,48,True,"3 GB, GDDR5, 192 bit",924 MHz,1253 MHz,1280 / 80 / 48,"Oct 7th, 2014",baraazaid/cpu-and-gpu-stats
44f7fa1c07b9b17c5798,GeForce GTX 980,GM204,2014-09-19,PCIe 3.0 x16,4.0,GDDR5,1127.0,1753.0,2048,128,64,True,"4 GB, GDDR5, 256 bit",1127 MHz,1753 MHz,2048 / 128 / 64,"Sep 19th, 2014",baraazaid/cpu-and-gpu-stats
3e93f77ad735fe0aa2ae,GeForce GTX 980 Mobile,GM204,2015-09-21,MXM-B (3.0),8.0,GDDR5,1064.0,1753.0,2048,128,64,True,"8 GB, GDDR5, 256 bit",1064 MHz,1753 MHz,2048 / 128 / 64,"Sep 21st, 2015",baraazaid/cpu-and-gpu-stats
e32c9383a29b2fa15a80,GeForce GTX 980 Ti,GM200,2015-06-02,PCIe 3.0 x16,6.0,GDDR5,1000.0,1753.0,2816,176,96,True,"6 GB, GDDR5, 384 bit",1000 MHz,1753 MHz,2816 / 176 / 96,"Jun 2nd, 2015",baraazaid/cpu-and-gpu-stats
a25600c091252eb58a29,GeForce GTX 980M,GM204,2014-10-07,MXM-B (3.0),8.0,GDDR5,1038.0,1253.0,1536,96,64,True,"8 GB, GDDR5, 256 bit",1038 MHz,1253 MHz,1536 / 96 / 64,"Oct 7th, 2014",baraazaid/cpu-and-gpu-stats
79a0f711754a3019f575,GeForce GTX 980MX,GM204,2016-06-01,PCIe 3.0 x16,8.0,GDDR5,1050.0,1500.0,1664,104,64,True,"8 GB, GDDR5, 256 bit",1050 MHz,1500 MHz,1664 / 104 / 64,"Jun 1st, 2016",baraazaid/cpu-and-gpu-stats
49779250ac4230cb9141,GeForce GTX TITAN,GK110,2013-02-19,PCIe 3.0 x16,6.0,GDDR5,836.0,1502.0,2688,224,48,True,"6 GB, GDDR5, 384 bit",836 MHz,1502 MHz,2688 / 224 / 48,"Feb 19th, 2013",baraazaid/cpu-and-gpu-stats
4a07638bbbdfe8abefd9,GeForce GTX TITAN BLACK,GK110B,2014-02-18,PCIe 3.0 x16,6.0,GDDR5,889.0,1750.0,2880,240,48,True,"6 GB, GDDR5, 384 bit",889 MHz,1750 MHz,2880 / 240 / 48,"Feb 18th, 2014",baraazaid/cpu-and-gpu-stats
79c72e2e7864d7c5c40f,GeForce GTX TITAN X,GM200,2015-03-17,PCIe 3.0 x16,12.0,GDDR5,1000.0,1753.0,3072,192,96,True,"12 GB, GDDR5, 384 bit",1000 MHz,1753 MHz,3072 / 192 / 96,"Mar 17th, 2015",baraazaid/cpu-and-gpu-stats
1cc5cf7e655d68c9d7e9,GeForce GTX TITAN Z,GK110B,2014-05-28,PCIe 3.0 x16,6.0,GDDR5,705.0,1750.0,2880,240,48,True,"6 GB, GDDR5, 384 bit",705 MHz,1750 MHz,2880 / 240 / 48,"May 28th, 2014",baraazaid/cpu-and-gpu-stats
ec702d77546f7acb7f3c,GeForce Go 6100 + nForce Go 430,C51,2006-02-01,PCIe 1.0 x16,,,425.0,,,,,True,System Shared,425 MHz,System Shared,2 / 1 / 2 / 1,"Feb 1st, 2006",baraazaid/cpu-and-gpu-stats
4d918da371f9db3bc893,GeForce Go 6150 + nForce Go 430,C51,2006-02-01,PCIe 2.0 x1,,,425.0,,,,,True,System Shared,425 MHz,System Shared,2 / 1 / 2 / 1,"Feb 1st, 2006",baraazaid/cpu-and-gpu-stats
55c79feb45288db1ff5d,GeForce Go 6200,NV44,2006-02-01,PCIe 1.0 x16,0.03125,,300.0,300.0,,,,True,"32 MB, DDR, 64 bit",300 MHz,300 MHz,4 / 3 / 4 / 2,"Feb 1st, 2006",baraazaid/cpu-and-gpu-stats
04207d80d4fd9448ca79,GeForce Go 6200 TE,NV43,2005-09-29,PCIe 1.0 x16,0.0625,,300.0,300.0,,,,True,"64 MB, DDR, 64 bit",300 MHz,300 MHz,4 / 3 / 4 / 4,"Sep 29th, 2005",baraazaid/cpu-and-gpu-stats
bb721a45ddd5fa282451,GeForce Go 6250,NV44,2006-02-01,PCIe 1.0 x16,0.03125,,400.0,350.0,,,,True,"32 MB, DDR, 64 bit",400 MHz,350 MHz,4 / 3 / 4 / 2,"Feb 1st, 2006",baraazaid/cpu-and-gpu-stats
fee6e4b58aa71e52a51c,GeForce Go 6400,NV44,2006-02-01,PCIe 1.0 x16,0.03125,,400.0,350.0,,,,True,"32 MB, DDR, 64 bit",400 MHz,350 MHz,4 / 3 / 4 / 2,"Feb 1st, 2006",baraazaid/cpu-and-gpu-stats
1b64533e623fb11792ff,GeForce Go 6600,NV43,2005-09-29,MXM-II,0.25,,300.0,350.0,,,,True,"256 MB, DDR, 128 bit",300 MHz,350 MHz,8 / 3 / 8 / 4,"Sep 29th, 2005",baraazaid/cpu-and-gpu-stats
1bb641d7753f49306164,GeForce Go 6600 NPB 128M,NV43,2005-09-29,MXM-I,0.125,,375.0,300.0,,,,True,"128 MB, DDR, 128 bit",375 MHz,300 MHz,8 / 3 / 8 / 4,"Sep 29th, 2005",baraazaid/cpu-and-gpu-stats
f83cd77f08da7351299c,GeForce Go 6600 TE,NV43,2005-09-29,PCIe 1.0 x16,0.125,,225.0,200.0,,,,True,"128 MB, DDR, 128 bit",225 MHz,200 MHz,8 / 3 / 8 / 4,"Sep 29th, 2005",baraazaid/cpu-and-gpu-stats
63b12f747d05c0a3da3f,GeForce Go 6800,NV41,2004-11-08,MXM-III,0.25,GDDR3,300.0,550.0,,,,True,"256 MB, GDDR3, 256 bit",300 MHz,550 MHz,12 / 5 / 12 / 12,"Nov 8th, 2004",baraazaid/cpu-and-gpu-stats
979cebe7e11aaab96d8c,GeForce Go 6800 Ultra,NV41,2005-02-24,PCIe 1.0 x16,0.25,GDDR3,450.0,600.0,,,,True,"256 MB, GDDR3, 256 bit",450 MHz,600 MHz,12 / 5 / 12 / 12,"Feb 24th, 2005",baraazaid/cpu-and-gpu-stats
160b2fe635f4d202bf6d,GeForce Go 7200,G72,2006-09-01,PCIe 1.0 x16,0.0625,GDDR3,450.0,350.0,,,,True,"64 MB, GDDR3, 32 bit",450 MHz,350 MHz,4 / 3 / 4 / 1,"Sep 1st, 2006",baraazaid/cpu-and-gpu-stats
8d14f3b89ce3e9f2981d,GeForce Go 7300,G72B,2006-02-01,PCIe 1.0 x16,0.0625,GDDR3,350.0,350.0,,,,True,"64 MB, GDDR3, 64 bit",350 MHz,350 MHz,4 / 3 / 4 / 2,"Feb 1st, 2006",baraazaid/cpu-and-gpu-stats
fbb0ca326f1a21e5df12,GeForce Go 7300T,G72,2006-02-01,PCIe 1.0 x16,0.0625,GDDR3,350.0,350.0,,,,True,"64 MB, GDDR3, 64 bit",350 MHz,350 MHz,4 / 3 / 4 / 2,"Feb 1st, 2006",baraazaid/cpu-and-gpu-stats
55b0f1903f836a616781,GeForce Go 7400,G72B,2006-02-01,PCIe 1.0 x16,0.125,GDDR3,450.0,450.0,,,,True,"128 MB, GDDR3, 32 bit",450 MHz,450 MHz,4 / 3 / 4 / 2,"Feb 1st, 2006",baraazaid/cpu-and-gpu-stats
8ce44c485bc4b23c3859,GeForce Go 7400,G72,2006-02-01,PCIe 1.0 x16,0.125,GDDR3,450.0,450.0,,,,True,"128 MB, GDDR3, 64 bit",450 MHz,450 MHz,4 / 3 / 4 / 2,"Feb 1st, 2006",baraazaid/cpu-and-gpu-stats
0800b48b8fe07308427b,GeForce Go 7400T,G72,2006-02-01,PCIe 1.0 x16,0.125,GDDR3,450.0,450.0,,,,True,"128 MB, GDDR3, 64 bit",450 MHz,450 MHz,4 / 3 / 4 / 2,"Feb 1st, 2006",baraazaid/cpu-and-gpu-stats
5bbe54385b8cde12fced,GeForce Go 7450,G72,2006-02-01,PCIe 1.0 x16,0.0625,DDR2,300.0,200.0,,,,True,"64 MB, DDR2, 256 bit",300 MHz,200 MHz,8 / 3 / 8 / 4,"Feb 1st, 2006",baraazaid/cpu-and-gpu-stats
dff70004568be8a56a65,GeForce Go 7600,G73,2006-03-01,PCIe 1.0 x16,0.25,GDDR3,450.0,350.0,,,,True,"256 MB, GDDR3, 128 bit",450 MHz,350 MHz,8 / 4 / 8 / 8,"Mar 1st, 2006",baraazaid/cpu-and-gpu-stats
491e75125028162d112d,GeForce Go 7600 GT,G73,2006-08-01,PCIe 1.0 x16,0.25,GDDR3,500.0,600.0,,,,True,"256 MB, GDDR3, 128 bit",500 MHz,600 MHz,12 / 5 / 12 / 8,"Aug 1st, 2006",baraazaid/cpu-and-gpu-stats
75debcd1f481efc1a212,GeForce Go 7700,G73,2006-08-01,PCIe 1.0 x16,0.5,GDDR3,450.0,500.0,,,,True,"512 MB, GDDR3, 128 bit",450 MHz,500 MHz,12 / 5 / 12 / 8,"Aug 1st, 2006",baraazaid/cpu-and-gpu-stats
8124fc55e8ed7bd3fdb9,GeForce Go 7800,G70,2006-03-03,PCIe 1.0 x16,0.25,GDDR3,400.0,550.0,,,,True,"256 MB, GDDR3, 256 bit",400 MHz,550 MHz,16 / 6 / 16 / 16,"Mar 3rd, 2006",baraazaid/cpu-and-gpu-stats
2ffe6a101525cc2d53e4,GeForce Go 7800 GTX,G70,2005-09-29,PCIe 1.0 x16,0.5,GDDR3,440.0,550.0,,,,True,"512 MB, GDDR3, 256 bit",440 MHz,550 MHz,24 / 8 / 24 / 16,"Sep 29th, 2005",baraazaid/cpu-and-gpu-stats
40bfa8ae3f4a2ae2a67c,GeForce Go 7900 GS,G71,2006-04-18,MXM-II,0.5,GDDR3,375.0,500.0,,,,True,"512 MB, GDDR3, 256 bit",375 MHz,500 MHz,20 / 7 / 20 / 16,"Apr 18th, 2006",baraazaid/cpu-and-gpu-stats
f89f7a64d8768e5727ba,GeForce Go 7900 GTX,G71,2006-04-18,PCIe 1.0 x16,0.5,GDDR3,500.0,600.0,,,,True,"512 MB, GDDR3, 256 bit",500 MHz,600 MHz,24 / 8 / 24 / 16,"Apr 18th, 2006",baraazaid/cpu-and-gpu-stats
fcb6697c07b5ddaf9019,GeForce Go 7900 SE,G73,2006-04-18,PCIe 1.0 x16,0.25,GDDR3,350.0,333.0,,,,True,"256 MB, GDDR3, 256 bit",350 MHz,333 MHz,12 / 5 / 12 / 8,"Apr 18th, 2006",baraazaid/cpu-and-gpu-stats
b8e15fd88a2827bf5c46,GeForce Go 7950 GTX,G71,2006-10-12,MXM-III,0.5,GDDR3,575.0,700.0,,,,True,"512 MB, GDDR3, 256 bit",575 MHz,700 MHz,24 / 8 / 24 / 16,"Oct 12th, 2006",baraazaid/cpu-and-gpu-stats
e3e89814daa4bc28014a,GeForce MX330,GP108,2020-02-10,PCIe 3.0 x4,2.0,GDDR5,1531.0,1752.0,384,24,16,True,"2 GB, GDDR5, 64 bit",1531 MHz,1752 MHz,384 / 24 / 16,"Feb 10th, 2020",baraazaid/cpu-and-gpu-stats
2498b25b1581e0335d81,GeForce MX350,GP107,2020-02-10,PCIe 3.0 x4,2.0,GDDR5,747.0,1752.0,640,32,16,True,"2 GB, GDDR5, 64 bit",747 MHz,1752 MHz,640 / 32 / 16,"Feb 10th, 2020",baraazaid/cpu-and-gpu-stats
79fd6f98ab25871d9c6b,GeForce MX350,GP107,2020-02-10,PCIe 3.0 x4,2.0,GDDR5,1354.0,1752.0,640,32,16,True,"2 GB, GDDR5, 64 bit",1354 MHz,1752 MHz,640 / 32 / 16,"Feb 10th, 2020",baraazaid/cpu-and-gpu-stats
aa91375e4a870d3da37b,GeForce MX450 25W,TU117,2020-08-15,PCIe 4.0 x4,2.0,GDDR6,720.0,1250.0,896,56,32,True,"2 GB, GDDR6, 64 bit",720 MHz,1250 MHz,896 / 56 / 32,"Aug 15th, 2020",baraazaid/cpu-and-gpu-stats
47f78c2fd1dbd74d6b90,GeForce MX450 30.5W 10Gbps,TU117,2020-08-25,PCIe 4.0 x4,2.0,GDDR6,1395.0,1250.0,896,56,32,True,"2 GB, GDDR6, 64 bit",1395 MHz,1250 MHz,896 / 56 / 32,"Aug 25th, 2020",baraazaid/cpu-and-gpu-stats
9a250df3fd97a00b1204,GeForce MX450 30.5W 8Gbps,TU117,2020-08-25,PCIe 4.0 x4,2.0,GDDR5,1035.0,2000.0,896,56,32,True,"2 GB, GDDR5, 64 bit",1035 MHz,2000 MHz,896 / 56 / 32,"Aug 25th, 2020",baraazaid/cpu-and-gpu-stats
81ed702eddf3ced15042,GeForce MX550,TU117,2022-01-01,PCIe 4.0 x8,2.0,GDDR6,1065.0,1500.0,1024,32,16,True,"2 GB, GDDR6, 64 bit",1065 MHz,1500 MHz,1024 / 32 / 16,2022,baraazaid/cpu-and-gpu-stats
053a765d9f851f6be140,GeForce MX570,GA107S,2021-12-17,PCIe 4.0 x8,4.0,GDDR6,1087.0,1500.0,2048,64,40,True,"4 GB, GDDR6, 64 bit",1087 MHz,1500 MHz,2048 / 64 / 40,"Dec 17th, 2021",baraazaid/cpu-and-gpu-stats
9fcbe1cb21fa58730048,GeForce MX570,GA107,2022-05-01,PCIe 4.0 x8,2.0,GDDR6,832.0,1500.0,2048,64,40,True,"2 GB, GDDR6, 64 bit",832 MHz,1500 MHz,2048 / 64 / 40,May 2022,baraazaid/cpu-and-gpu-stats
1ccbf1eacb58425500e4,GeForce MX570 A,GA107,2022-05-01,PCIe 4.0 x8,2.0,GDDR6,832.0,1500.0,2048,64,40,True,"2 GB, GDDR6, 64 bit",832 MHz,1500 MHz,2048 / 64 / 40,May 2022,baraazaid/cpu-and-gpu-stats
f4df71582a3c7099ca17,GeForce PCX 4300,NV19,2004-02-19,PCIe 1.0 x16,0.0625,,250.0,166.0,,,,True,"64 MB, DDR, 64 bit",250 MHz,166 MHz,2 / 0 / 2 / 2,"Feb 19th, 2004",baraazaid/cpu-and-gpu-stats
66860469627e918d979f,GeForce PCX 5300,NV37,2004-02-17,PCIe 1.0 x16,0.125,,250.0,200.0,,,,True,"128 MB, DDR, 128 bit",250 MHz,200 MHz,4 / 2 / 4 / 4,"Feb 17th, 2004",baraazaid/cpu-and-gpu-stats
7da4900d88294943c1da,GeForce PCX 5750,NV39,2004-02-17,PCIe 1.0 x16,0.125,,425.0,275.0,,,,True,"128 MB, DDR, 128 bit",425 MHz,275 MHz,4 / 3 / 4 / 4,"Feb 17th, 2004",baraazaid/cpu-and-gpu-stats
346323856edf788d11db,GeForce PCX 5900,NV35,2003-03-17,PCIe 1.0 x16,0.125,,350.0,275.0,,,,True,"128 MB, DDR, 256 bit",350 MHz,275 MHz,4 / 3 / 8 / 4,"Mar 17th, 2003",baraazaid/cpu-and-gpu-stats
fafa2462845e60c48fb4,GeForce PCX 5950,NV38,2004-02-17,PCIe 1.0 x16,0.25,GDDR3,475.0,425.0,,,,True,"256 MB, GDDR3, 256 bit",475 MHz,425 MHz,4 / 3 / 8 / 4,"Feb 17th, 2004",baraazaid/cpu-and-gpu-stats
bb335deab58d537f4607,GeForce RTX 2050 Max-Q,GA107,2021-12-17,PCIe 3.0 x8,4.0,GDDR6,832.0,1500.0,2048,64,32,True,"4 GB, GDDR6, 64 bit",832 MHz,1500 MHz,2048 / 64 / 32,"Dec 17th, 2021",baraazaid/cpu-and-gpu-stats
b55e310ca0c1cae1ba7b,GeForce RTX 2050 Mobile,GA107,2021-12-17,PCIe 3.0 x8,4.0,GDDR6,735.0,1750.0,2048,64,32,True,"4 GB, GDDR6, 64 bit",735 MHz,1750 MHz,2048 / 64 / 32,"Dec 17th, 2021",baraazaid/cpu-and-gpu-stats
2c4be8e945965e28c559,GeForce RTX 2060 12 GB,TU106,2021-12-07,PCIe 3.0 x16,12.0,GDDR6,1470.0,1750.0,2176,136,48,True,"12 GB, GDDR6, 192 bit",1470 MHz,1750 MHz,2176 / 136 / 48,"Dec 7th, 2021",baraazaid/cpu-and-gpu-stats
ea7a488158d522a8a114,GeForce RTX 2060 Max-Q,TU106,2020-01-29,PCIe 3.0 x16,6.0,GDDR6,975.0,1375.0,1920,120,48,True,"6 GB, GDDR6, 192 bit",975 MHz,1375 MHz,1920 / 120 / 48,"Jan 29th, 2020",baraazaid/cpu-and-gpu-stats
aee7e944ee188dd1c893,GeForce RTX 2060 TU104,TU104,2020-01-10,PCIe 3.0 x16,6.0,GDDR6,1365.0,1750.0,1920,120,48,True,"6 GB, GDDR6, 192 bit",1365 MHz,1750 MHz,1920 / 120 / 48,"Jan 10th, 2020",baraazaid/cpu-and-gpu-stats
3d77814d5d32813654ef,GeForce RTX 2070,TU106,2018-10-17,PCIe 3.0 x16,8.0,GDDR6,1410.0,1750.0,2304,144,64,True,"8 GB, GDDR6, 256 bit",1410 MHz,1750 MHz,2304 / 144 / 64,"Oct 17th, 2018",baraazaid/cpu-and-gpu-stats
833b39d50b7a52fa2591,GeForce RTX 2070 Max-Q Refresh,TU106B,2020-03-04,PCIe 3.0 x16,8.0,GDDR6,900.0,1375.0,2304,144,64,True,"8 GB, GDDR6, 256 bit",900 MHz,1375 MHz,2304 / 144 / 64,"Mar 4th, 2020",baraazaid/cpu-and-gpu-stats
a984f272cfa8897539df,GeForce RTX 2070 Mobile Refresh,TU106B,2020-03-04,PCIe 3.0 x16,8.0,GDDR6,1260.0,1375.0,2304,144,64,True,"8 GB, GDDR6, 256 bit",1260 MHz,1375 MHz,2304 / 144 / 64,"Mar 4th, 2020",baraazaid/cpu-and-gpu-stats
9a8cc04b87c3391728bb,GeForce RTX 2070 SUPER Max-Q,TU104,2020-04-02,PCIe 3.0 x16,8.0,GDDR6,930.0,1375.0,2560,160,64,True,"8 GB, GDDR6, 256 bit",930 MHz,1375 MHz,2560 / 160 / 64,"Apr 2nd, 2020",baraazaid/cpu-and-gpu-stats
33fc3fb03d720f55cbf3,GeForce RTX 2070 SUPER Mobile,TU104,2020-04-02,PCIe 3.0 x16,8.0,GDDR6,1140.0,1750.0,2560,160,64,True,"8 GB, GDDR6, 256 bit",1140 MHz,1750 MHz,2560 / 160 / 64,"Apr 2nd, 2020",baraazaid/cpu-and-gpu-stats
8b7307f7d925c87fa253,GeForce RTX 2080,TU104,2018-09-20,PCIe 3.0 x16,8.0,GDDR6,1515.0,1750.0,2944,184,64,True,"8 GB, GDDR6, 256 bit",1515 MHz,1750 MHz,2944 / 184 / 64,"Sep 20th, 2018",baraazaid/cpu-and-gpu-stats
e276f394fbb645a6f5cc,GeForce RTX 2080 Engineering Sample,TU104,,PCIe 3.0 x16,8.0,GDDR6,1515.0,1750.0,3072,192,64,True,"8 GB, GDDR6, 256 bit",1515 MHz,1750 MHz,3072 / 192 / 64,Never Released,baraazaid/cpu-and-gpu-stats
8a88d3777322572e70ac,GeForce RTX 2080 SUPER Max-Q,TU104,2020-04-02,PCIe 3.0 x16,8.0,GDDR6,735.0,1375.0,3072,192,64,True,"8 GB, GDDR6, 256 bit",735 MHz,1375 MHz,3072 / 192 / 64,"Apr 2nd, 2020",baraazaid/cpu-and-gpu-stats
44495609e8b40c2abb2e,GeForce RTX 2080 SUPER Mobile,TU104,2020-04-02,PCIe 3.0 x16,8.0,GDDR6,1365.0,1750.0,3072,192,64,True,"8 GB, GDDR6, 256 bit",1365 MHz,1750 MHz,3072 / 192 / 64,"Apr 2nd, 2020",baraazaid/cpu-and-gpu-stats
0a259fdec538999fcced,GeForce RTX 2080 Ti,TU102,2018-09-20,PCIe 3.0 x16,11.0,GDDR6,1350.0,1750.0,4352,272,88,True,"11 GB, GDDR6, 352 bit",1350 MHz,1750 MHz,4352 / 272 / 88,"Sep 20th, 2018",baraazaid/cpu-and-gpu-stats
c900cd3fd2a2674e9bbf,GeForce RTX 3050 4 GB,GA107,2022-01-01,PCIe 4.0 x8,4.0,GDDR6,1545.0,1750.0,2304,72,32,True,"4 GB, GDDR6, 128 bit",1545 MHz,1750 MHz,2304 / 72 / 32,2022,baraazaid/cpu-and-gpu-stats
01fd260957d0d1436d81,GeForce RTX 3050 8 GB,GA106,2022-01-04,PCIe 4.0 x8,8.0,GDDR6,1552.0,1750.0,2560,80,32,True,"8 GB, GDDR6, 128 bit",1552 MHz,1750 MHz,2560 / 80 / 32,"Jan 4th, 2022",baraazaid/cpu-and-gpu-stats
23bc8446b58f605ff428,GeForce RTX 3050 8 GB GA107,GA107,2022-12-16,PCIe 4.0 x8,8.0,GDDR6,1552.0,1750.0,2560,80,32,True,"8 GB, GDDR6, 128 bit",1552 MHz,1750 MHz,2560 / 80 / 32,"Dec 16th, 2022",baraazaid/cpu-and-gpu-stats
9663f2ee85eebbcfd06c,GeForce RTX 3050 Max-Q,GA107,2021-05-11,PCIe 4.0 x8,4.0,GDDR6,712.0,1375.0,2048,64,32,True,"4 GB, GDDR6, 128 bit",712 MHz,1375 MHz,2048 / 64 / 32,"May 11th, 2021",baraazaid/cpu-and-gpu-stats
444350b69838940b0f13,GeForce RTX 3050 Max-Q Refresh,GA107,2022-07-06,PCIe 4.0 x8,6.0,GDDR6,622.0,1500.0,2048,64,32,True,"6 GB, GDDR6, 96 bit",622 MHz,1500 MHz,2048 / 64 / 32,"Jul 6th, 2022",baraazaid/cpu-and-gpu-stats
5775e944446c31565548,GeForce RTX 3050 Mobile,GA107,2021-05-11,PCIe 4.0 x8,4.0,GDDR6,1065.0,1500.0,2048,64,32,True,"4 GB, GDDR6, 128 bit",1065 MHz,1500 MHz,2048 / 64 / 32,"May 11th, 2021",baraazaid/cpu-and-gpu-stats
1c5dd8d0d76657f9b167,GeForce RTX 3050 Mobile Refresh,GA107,2022-07-06,PCIe 4.0 x8,6.0,GDDR6,1237.0,1500.0,2048,64,32,True,"6 GB, GDDR6, 96 bit",1237 MHz,1500 MHz,2048 / 64 / 32,"Jul 6th, 2022",baraazaid/cpu-and-gpu-stats
a71ed9d48c1deafb96a9,GeForce RTX 3050 OEM,GA106,2022-01-04,PCIe 4.0 x8,8.0,GDDR6,1515.0,1750.0,2304,72,32,True,"8 GB, GDDR6, 128 bit",1515 MHz,1750 MHz,2304 / 72 / 32,"Jan 4th, 2022",baraazaid/cpu-and-gpu-stats
7e2860d05fffb2af907c,GeForce RTX 3050 Ti Mobile,GA106,2021-05-11,PCIe 4.0 x16,4.0,GDDR6,735.0,1500.0,2560,80,48,True,"4 GB, GDDR6, 128 bit",735 MHz,1500 MHz,2560 / 80 / 48,"May 11th, 2021",baraazaid/cpu-and-gpu-stats
71145f417294be97b718,GeForce RTX 3050 Ti Mobile,GA107,2021-05-11,PCIe 4.0 x8,4.0,GDDR6,735.0,1500.0,2560,80,32,True,"4 GB, GDDR6, 128 bit",735 MHz,1500 MHz,2560 / 80 / 32,"May 11th, 2021",baraazaid/cpu-and-gpu-stats
5e08dbe317f5ce939ac8,GeForce RTX 3060,GA106,2021-01-12,PCIe 4.0 x16,12.0,GDDR6,1320.0,1875.0,3584,112,48,True,"12 GB, GDDR6, 192 bit",1320 MHz,1875 MHz,3584 / 112 / 48,"Jan 12th, 2021",baraazaid/cpu-and-gpu-stats
7d1dc5c933e9bffd8ec9,GeForce RTX 3060 12 GB GA104,GA104,2021-09-01,PCIe 4.0 x16,12.0,GDDR6,1320.0,1875.0,3584,112,48,True,"12 GB, GDDR6, 192 bit",1320 MHz,1875 MHz,3584 / 112 / 48,"Sep 1st, 2021",baraazaid/cpu-and-gpu-stats
831740ceb86a7ba75610,GeForce RTX 3060 8 GB,GA106,2022-10-12,PCIe 4.0 x16,8.0,GDDR6,1320.0,1875.0,3584,112,48,True,"8 GB, GDDR6, 128 bit",1320 MHz,1875 MHz,3584 / 112 / 48,"Oct 12th, 2022",baraazaid/cpu-and-gpu-stats
b4d9b7c81682922aad58,GeForce RTX 3060 Max-Q,GA106,2021-01-12,PCIe 4.0 x16,6.0,GDDR6,817.0,1500.0,3840,120,48,True,"6 GB, GDDR6, 192 bit",817 MHz,1500 MHz,3840 / 120 / 48,"Jan 12th, 2021",baraazaid/cpu-and-gpu-stats
7facc5fc40425b4f2df9,GeForce RTX 3060 Mobile,GA106,2021-01-12,PCIe 4.0 x16,6.0,GDDR6,900.0,1750.0,3840,120,48,True,"6 GB, GDDR6, 192 bit",900 MHz,1750 MHz,3840 / 120 / 48,"Jan 12th, 2021",baraazaid/cpu-and-gpu-stats
69cb359ac94fadb62df8,GeForce RTX 3060 Ti,GA104,2020-12-01,PCIe 4.0 x16,8.0,GDDR6,1410.0,1750.0,4864,152,80,True,"8 GB, GDDR6, 256 bit",1410 MHz,1750 MHz,4864 / 152 / 80,"Dec 1st, 2020",baraazaid/cpu-and-gpu-stats
9b346986a0910337ab79,GeForce RTX 3060 Ti GA103,GA103,2022-02-23,PCIe 4.0 x16,8.0,GDDR6,1410.0,1750.0,4864,152,80,True,"8 GB, GDDR6, 256 bit",1410 MHz,1750 MHz,4864 / 152 / 80,"Feb 23rd, 2022",baraazaid/cpu-and-gpu-stats
cba1fa8ba446ba4ea98a,GeForce RTX 3060 Ti GDDR6X,GA104,2022-10-19,PCIe 4.0 x16,8.0,GDDR6X,1410.0,1188.0,4864,152,80,True,"8 GB, GDDR6X, 256 bit",1410 MHz,1188 MHz,4864 / 152 / 80,"Oct 19th, 2022",baraazaid/cpu-and-gpu-stats
1162eb8578ba5592ff8d,GeForce RTX 3070,GA104,2020-09-01,PCIe 4.0 x16,8.0,GDDR6,1500.0,1750.0,5888,184,96,True,"8 GB, GDDR6, 256 bit",1500 MHz,1750 MHz,5888 / 184 / 96,"Sep 1st, 2020",baraazaid/cpu-and-gpu-stats
c1bec3b2d4ec952ba086,GeForce RTX 3070 Max-Q,GA104,2021-01-12,PCIe 4.0 x16,8.0,GDDR6,780.0,1500.0,5120,160,80,True,"8 GB, GDDR6, 256 bit",780 MHz,1500 MHz,5120 / 160 / 80,"Jan 12th, 2021",baraazaid/cpu-and-gpu-stats
ad7f2d540c0bd209d5ae,GeForce RTX 3070 Mobile,GA104,2021-01-12,PCIe 4.0 x16,8.0,GDDR6,1110.0,1750.0,5120,160,80,True,"8 GB, GDDR6, 256 bit",1110 MHz,1750 MHz,5120 / 160 / 80,"Jan 12th, 2021",baraazaid/cpu-and-gpu-stats
98f5ace08b7d9d1e1550,GeForce RTX 3070 Ti,GA104,2021-05-31,PCIe 4.0 x16,8.0,GDDR6X,1575.0,1188.0,6144,192,96,True,"8 GB, GDDR6X, 256 bit",1575 MHz,1188 MHz,6144 / 192 / 96,"May 31st, 2021",baraazaid/cpu-and-gpu-stats
15d508f75e2f0b75b99d,GeForce RTX 3070 Ti 16 GB,GA104,,PCIe 4.0 x16,16.0,GDDR6X,1575.0,1188.0,6144,192,96,True,"16 GB, GDDR6X, 256 bit",1575 MHz,1188 MHz,6144 / 192 / 96,Never Released,baraazaid/cpu-and-gpu-stats
d576ce8f6e2fb4558832,GeForce RTX 3070 Ti 8 GB GA102,GA102,2022-10-21,PCIe 4.0 x16,8.0,GDDR6X,1575.0,1188.0,6144,192,96,True,"8 GB, GDDR6X, 256 bit",1575 MHz,1188 MHz,6144 / 192 / 96,"Oct 21st, 2022",baraazaid/cpu-and-gpu-stats
776060f46d5dd2b098cc,GeForce RTX 3070 Ti Max-Q,GA104,2022-01-04,PCIe 4.0 x16,8.0,GDDR6,510.0,1500.0,5888,184,96,True,"8 GB, GDDR6, 256 bit",510 MHz,1500 MHz,5888 / 184 / 96,"Jan 4th, 2022",baraazaid/cpu-and-gpu-stats
bad8e4335a9d5a5721a4,GeForce RTX 3070 Ti Mobile,GA104,2022-01-04,PCIe 4.0 x16,8.0,GDDR6,915.0,1750.0,5888,184,96,True,"8 GB, GDDR6, 256 bit",915 MHz,1750 MHz,5888 / 184 / 96,"Jan 4th, 2022",baraazaid/cpu-and-gpu-stats
309af911029fbde8f555,GeForce RTX 3070 TiM,GA104,2022-11-01,PCIe 4.0 x16,8.0,GDDR6,915.0,1750.0,5888,184,96,True,"8 GB, GDDR6, 256 bit",915 MHz,1750 MHz,5888 / 184 / 96,Nov 2022,baraazaid/cpu-and-gpu-stats
f79f22dfdd31ec97910a,GeForce RTX 3080,GA102,2020-09-01,PCIe 4.0 x16,10.0,GDDR6X,1440.0,1188.0,8704,272,96,True,"10 GB, GDDR6X, 320 bit",1440 MHz,1188 MHz,8704 / 272 / 96,"Sep 1st, 2020",baraazaid/cpu-and-gpu-stats
1a692dbc55cfb3aa5d9c,GeForce RTX 3080 12 GB,GA102,2022-01-11,PCIe 4.0 x16,12.0,GDDR6X,1260.0,1188.0,8960,280,96,True,"12 GB, GDDR6X, 384 bit",1260 MHz,1188 MHz,8960 / 280 / 96,"Jan 11th, 2022",baraazaid/cpu-and-gpu-stats
8815571eb34410edf183,GeForce RTX 3080 Max-Q,GA104,2021-01-12,PCIe 4.0 x16,8.0,GDDR6,780.0,1500.0,6144,192,96,True,"8 GB, GDDR6, 256 bit",780 MHz,1500 MHz,6144 / 192 / 96,"Jan 12th, 2021",baraazaid/cpu-and-gpu-stats
d53ab94553e532ecf99b,GeForce RTX 3080 Mobile,GA104,2021-01-12,PCIe 4.0 x16,8.0,GDDR6,1110.0,1750.0,6144,192,96,True,"8 GB, GDDR6, 256 bit",1110 MHz,1750 MHz,6144 / 192 / 96,"Jan 12th, 2021",baraazaid/cpu-and-gpu-stats
b7a24ed8074e58980712,GeForce RTX 3080 Ti,GA102,2021-05-31,PCIe 4.0 x16,12.0,GDDR6X,1365.0,1188.0,10240,320,112,True,"12 GB, GDDR6X, 384 bit",1365 MHz,1188 MHz,10240 / 320 / 112,"May 31st, 2021",baraazaid/cpu-and-gpu-stats
13d7e1d93a1606ce9430,GeForce RTX 3080 Ti 20 GB,GA102,2022-01-01,PCIe 4.0 x16,20.0,GDDR6X,1335.0,1188.0,10240,320,112,True,"20 GB, GDDR6X, 320 bit",1335 MHz,1188 MHz,10240 / 320 / 112,Jan 2022,baraazaid/cpu-and-gpu-stats
52a47b9d22c9d4edb12a,GeForce RTX 3080 Ti Max-Q,GA103,2022-01-25,PCIe 4.0 x16,16.0,GDDR6,585.0,1500.0,7424,232,96,True,"16 GB, GDDR6, 256 bit",585 MHz,1500 MHz,7424 / 232 / 96,"Jan 25th, 2022",baraazaid/cpu-and-gpu-stats
e9dd047005598db32e6e,GeForce RTX 3080 Ti Mobile,GA103,2022-01-25,PCIe 4.0 x16,16.0,GDDR6,810.0,2000.0,7424,232,96,True,"16 GB, GDDR6, 256 bit",810 MHz,2000 MHz,7424 / 232 / 96,"Jan 25th, 2022",baraazaid/cpu-and-gpu-stats
34c68a0c1796cfd015ac,GeForce RTX 3090,GA102,2020-09-01,PCIe 4.0 x16,24.0,GDDR6X,1395.0,1219.0,10496,328,112,True,"24 GB, GDDR6X, 384 bit",1395 MHz,1219 MHz,10496 / 328 / 112,"Sep 1st, 2020",baraazaid/cpu-and-gpu-stats
57f6fa86baf8a6721c53,GeForce RTX 3090 Ti,GA102,2022-01-27,PCIe 4.0 x16,24.0,GDDR6X,1560.0,1313.0,10752,336,112,True,"24 GB, GDDR6X, 384 bit",1560 MHz,1313 MHz,10752 / 336 / 112,"Jan 27th, 2022",baraazaid/cpu-and-gpu-stats
5cb13ef4b9d850473095,GeForce RTX 4050,AD106,2023-01-01,PCIe 4.0 x8,8.0,GDDR6,2505.0,2250.0,2560,80,32,True,"8 GB, GDDR6, 128 bit",2505 MHz,2250 MHz,2560 / 80 / 32,2023,baraazaid/cpu-and-gpu-stats
faad15dfcc50fdcf5808,GeForce RTX 4050 Max-Q,AD107,,PCIe 4.0 x16,6.0,GDDR6,1140.0,1750.0,2560,80,32,True,"6 GB, GDDR6, 96 bit",1140 MHz,1750 MHz,2560 / 80 / 32,Unknown,baraazaid/cpu-and-gpu-stats
d00d20824b81baf67515,GeForce RTX 4050 Mobile,AD107,,PCIe 4.0 x16,6.0,GDDR6,1455.0,2000.0,2560,80,32,True,"6 GB, GDDR6, 96 bit",1455 MHz,2000 MHz,2560 / 80 / 32,Unknown,baraazaid/cpu-and-gpu-stats
25f2841b0106c87a16d5,GeForce RTX 4060,AD106,2023-01-01,PCIe 4.0 x16,8.0,GDDR6,2505.0,2250.0,3840,120,48,True,"8 GB, GDDR6, 128 bit",2505 MHz,2250 MHz,3840 / 120 / 48,2023,baraazaid/cpu-and-gpu-stats
43e2579963c31d716426,GeForce RTX 4060 Max-Q,AD107,,PCIe 4.0 x16,8.0,GDDR6,1140.0,1750.0,3072,96,32,True,"8 GB, GDDR6, 128 bit",1140 MHz,1750 MHz,3072 / 96 / 32,Unknown,baraazaid/cpu-and-gpu-stats
10e2bfd6eabb11501e9c,GeForce RTX 4060 Mobile,AD107,,PCIe 4.0 x16,8.0,GDDR6,1545.0,2000.0,3072,96,32,True,"8 GB, GDDR6, 128 bit",1545 MHz,2000 MHz,3072 / 96 / 32,Unknown,baraazaid/cpu-and-gpu-stats
86ca4d8b3af11b9225be,GeForce RTX 4060 Ti,AD106,2023-01-01,PCIe 4.0 x16,8.0,GDDR6,2190.0,2250.0,4352,128,64,True,"8 GB, GDDR6, 128 bit",2190 MHz,2250 MHz,4352 / 128 / 64,2023,baraazaid/cpu-and-gpu-stats
af347e337614d6639545,GeForce RTX 4070,AD104,2023-01-01,PCIe 4.0 x16,12.0,GDDR6X,2310.0,1313.0,5888,184,64,True,"12 GB, GDDR6X, 192 bit",2310 MHz,1313 MHz,5888 / 184 / 64,2023,baraazaid/cpu-and-gpu-stats
569e880a5b9924895256,GeForce RTX 4070 Max-Q,AD106,,PCIe 4.0 x16,8.0,GDDR6,735.0,1750.0,4608,144,48,True,"8 GB, GDDR6, 128 bit",735 MHz,1750 MHz,4608 / 144 / 48,Unknown,baraazaid/cpu-and-gpu-stats
425fab9bd7ca9b2236b9,GeForce RTX 4070 Mobile,AD106,,PCIe 4.0 x16,8.0,GDDR6,1395.0,2000.0,4608,144,48,True,"8 GB, GDDR6, 128 bit",1395 MHz,2000 MHz,4608 / 144 / 48,Unknown,baraazaid/cpu-and-gpu-stats
aa12548aae28a6c0b2f8,GeForce RTX 4070 Ti,AD104,2023-01-03,PCIe 4.0 x16,12.0,GDDR6X,2310.0,1313.0,7680,240,80,True,"12 GB, GDDR6X, 192 bit",2310 MHz,1313 MHz,7680 / 240 / 80,"Jan 3rd, 2023",baraazaid/cpu-and-gpu-stats
6311adc032bd89cd2813,GeForce RTX 4080,AD103,2022-09-20,PCIe 4.0 x16,16.0,GDDR6X,2205.0,1400.0,9728,304,112,True,"16 GB, GDDR6X, 256 bit",2205 MHz,1400 MHz,9728 / 304 / 112,"Sep 20th, 2022",baraazaid/cpu-and-gpu-stats
20ae1e414c886f917876,GeForce RTX 4080 12 GB,AD104,,PCIe 4.0 x16,12.0,GDDR6X,2310.0,1313.0,7680,240,80,True,"12 GB, GDDR6X, 192 bit",2310 MHz,1313 MHz,7680 / 240 / 80,Never Released,baraazaid/cpu-and-gpu-stats
5049e169c44d105eb6ec,GeForce RTX 4080 Max-Q,AD104,,PCIe 4.0 x16,12.0,GDDR6,795.0,1750.0,7424,232,80,True,"12 GB, GDDR6, 192 bit",795 MHz,1750 MHz,7424 / 232 / 80,Unknown,baraazaid/cpu-and-gpu-stats
673af444f606c23bc221,GeForce RTX 4080 Mobile,AD104,,PCIe 4.0 x16,12.0,GDDR6,1290.0,2000.0,7424,232,80,True,"12 GB, GDDR6, 192 bit",1290 MHz,2000 MHz,7424 / 232 / 80,Unknown,baraazaid/cpu-and-gpu-stats
94756180fdf3b392386d,GeForce RTX 4080 Ti,AD102,2023-01-01,PCIe 4.0 x16,20.0,GDDR6X,2100.0,1325.0,14080,440,144,True,"20 GB, GDDR6X, 320 bit",2100 MHz,1325 MHz,14080 / 440 / 144,2023,baraazaid/cpu-and-gpu-stats
3db9b753a490a4b4681b,GeForce RTX 4090,AD102,2022-09-20,PCIe 4.0 x16,24.0,GDDR6X,2235.0,1313.0,16384,512,176,True,"24 GB, GDDR6X, 384 bit",2235 MHz,1313 MHz,16384 / 512 / 176,"Sep 20th, 2022",baraazaid/cpu-and-gpu-stats
2f634300c8f4f69ab798,GeForce RTX 4090 Max-Q,AD103,,PCIe 4.0 x16,16.0,GDDR6,930.0,1750.0,9728,304,112,True,"16 GB, GDDR6, 256 bit",930 MHz,1750 MHz,9728 / 304 / 112,Unknown,baraazaid/cpu-and-gpu-stats
516e59f5c72c5dce7c07,GeForce RTX 4090 Mobile,AD103,,PCIe 4.0 x16,16.0,GDDR6,1335.0,2000.0,9728,304,112,True,"16 GB, GDDR6, 256 bit",1335 MHz,2000 MHz,9728 / 304 / 112,Unknown,baraazaid/cpu-and-gpu-stats
cea9247ada15d0d1158c,GeForce RTX 4090 Ti,AD102,2023-01-01,PCIe 4.0 x16,48.0,GDDR6X,2355.0,1500.0,18176,568,192,True,"48 GB, GDDR6X, 384 bit",2355 MHz,1500 MHz,18176 / 568 / 192,2023,baraazaid/cpu-and-gpu-stats
c9477fb2ce2ce22835a2,GeForce2 GTS,NV15,2000-04-26,AGP 4x,0.03125,,200.0,166.0,,,,True,"32 MB, DDR, 128 bit",200 MHz,166 MHz,4 / 0 / 8 / 4,"Apr 26th, 2000",baraazaid/cpu-and-gpu-stats
bfc59ef33d8a23ab6d1c,GeForce2 GTS PRO,NV15,2000-04-26,AGP 4x,0.03125,,200.0,200.0,,,,True,"32 MB, DDR, 128 bit",200 MHz,200 MHz,4 / 0 / 8 / 4,"Apr 26th, 2000",baraazaid/cpu-and-gpu-stats
da9ccdcd16c7cea51c19,GeForce2 Go,NV11B,2000-11-11,AGP 4x,0.0625,,143.0,166.0,,,,True,"64 MB, DDR, 64 bit",143 MHz,166 MHz,2 / 0 / 4 / 2,"Nov 11th, 2000",baraazaid/cpu-and-gpu-stats
55fde4d86749861b9525,GeForce2 Go,NV11B,2000-11-11,AGP 4x,0.0625,,143.0,166.0,,,,True,"64 MB, DDR, 128 bit",143 MHz,166 MHz,2 / 0 / 4 / 2,"Nov 11th, 2000",baraazaid/cpu-and-gpu-stats
15f8510fc6d7ec51f548,GeForce2 Go 100,NV11B,2001-02-06,AGP 4x,0.015625,,125.0,166.0,,,,True,"16 MB, DDR, 32 bit",125 MHz,166 MHz,2 / 0 / 4 / 2,"Feb 6th, 2001",baraazaid/cpu-and-gpu-stats
0fb75924f8bba83e2656,GeForce2 Go 200,NV11B,2001-02-06,AGP 4x,0.03125,,143.0,166.0,,,,True,"32 MB, DDR, 64 bit",143 MHz,166 MHz,2 / 0 / 4 / 2,"Feb 6th, 2001",baraazaid/cpu-and-gpu-stats
10ec18f77f648315e1a2,GeForce2 MX,NV11,2000-06-28,AGP 4x,0.03125,,175.0,166.0,,,,True,"32 MB, SDR, 128 bit",175 MHz,166 MHz,2 / 0 / 4 / 2,"Jun 28th, 2000",baraazaid/cpu-and-gpu-stats
5fb8a361a6b7e94590d3,GeForce2 MX + nForce 220,Crush11,2001-06-04,AGP 4x,,,175.0,,,,,True,System Shared,175 MHz,System Shared,2 / 0 / 4 / 2,"Jun 4th, 2001",baraazaid/cpu-and-gpu-stats
45322ab17837585fe317,GeForce2 MX + nForce 420,Crush11,2001-06-04,AGP 4x,,,175.0,,,,,True,System Shared,175 MHz,System Shared,2 / 0 / 4 / 2,"Jun 4th, 2001",baraazaid/cpu-and-gpu-stats
f6b9f1ed8b6c3da4ab9d,GeForce2 MX 200,NV11B,2001-03-03,AGP 4x,0.03125,,175.0,166.0,,,,True,"32 MB, SDR, 64 bit",175 MHz,166 MHz,2 / 0 / 4 / 2,"Mar 3rd, 2001",baraazaid/cpu-and-gpu-stats
e6befc5971e7a799a46a,GeForce2 MX 200 LP,NV11B,2001-03-03,AGP 4x,0.03125,,175.0,166.0,,,,True,"32 MB, SDR, 64 bit",175 MHz,166 MHz,2 / 0 / 4 / 2,"Mar 3rd, 2001",baraazaid/cpu-and-gpu-stats
162e4eda79e38257fb2b,GeForce2 MX 200 PCI,NV11B,2001-03-03,PCI,0.0625,,175.0,166.0,,,,True,"64 MB, SDR, 64 bit",175 MHz,166 MHz,2 / 0 / 4 / 2,"Mar 3rd, 2001",baraazaid/cpu-and-gpu-stats
40016b7dc1453c7154ac,GeForce2 MX 400,NV11B,2001-03-03,AGP 4x,0.03125,,200.0,166.0,,,,True,"32 MB, SDR, 128 bit",200 MHz,166 MHz,2 / 0 / 4 / 2,"Mar 3rd, 2001",baraazaid/cpu-and-gpu-stats
606f051fb8d63dbfd2c5,GeForce2 MX 400 PCI,NV11B,2001-03-03,PCI,0.03125,,200.0,166.0,,,,True,"32 MB, DDR, 64 bit",200 MHz,166 MHz,2 / 0 / 4 / 2,"Mar 3rd, 2001",baraazaid/cpu-and-gpu-stats
7c20feccef693224aed3,GeForce2 MX DH Pro TV,NV11,2000-06-28,AGP 4x,0.03125,,175.0,166.0,,,,True,"32 MB, SDR, 128 bit",175 MHz,166 MHz,2 / 0 / 4 / 2,"Jun 28th, 2000",baraazaid/cpu-and-gpu-stats
a810789bad8e9da526d7,GeForce2 MX DH Pro TV PCI,NV11,2000-06-28,PCI,0.03125,,175.0,166.0,,,,True,"32 MB, SDR, 128 bit",175 MHz,166 MHz,2 / 0 / 4 / 2,"Jun 28th, 2000",baraazaid/cpu-and-gpu-stats
fbe2c6cccda336d404f3,GeForce2 MX PCI,NV11,2000-06-28,PCI,0.03125,,175.0,166.0,,,,True,"32 MB, SDR, 64 bit",175 MHz,166 MHz,2 / 0 / 4 / 2,"Jun 28th, 2000",baraazaid/cpu-and-gpu-stats
2c2fd5c9bd17e2ac8d42,GeForce2 PRO,NV15,2000-12-05,AGP 4x,0.0625,,200.0,200.0,,,,True,"64 MB, DDR, 128 bit",200 MHz,200 MHz,4 / 0 / 8 / 4,"Dec 5th, 2000",baraazaid/cpu-and-gpu-stats
adc0359390a2cdc0daf1,GeForce2 Ti,NV15,2001-10-01,AGP 4x,0.0625,,250.0,200.0,,,,True,"64 MB, DDR, 128 bit",250 MHz,200 MHz,4 / 0 / 8 / 4,"Oct 1st, 2001",baraazaid/cpu-and-gpu-stats
61b27b91ff64e12280ea,GeForce2 Ultra,NV15,2000-08-14,AGP 4x,0.0625,,250.0,230.0,,,,True,"64 MB, DDR, 128 bit",250 MHz,230 MHz,4 / 0 / 8 / 4,"Aug 14th, 2000",baraazaid/cpu-and-gpu-stats
c6a451af5e243ab92783,GeForce3,NV20,2001-02-27,AGP 4x,0.0625,,200.0,230.0,,,,True,"64 MB, DDR, 128 bit",200 MHz,230 MHz,4 / 1 / 8 / 4,"Feb 27th, 2001",baraazaid/cpu-and-gpu-stats
928a42dddb9d01fbae93,GeForce3 Ti200,NV20,2001-10-01,AGP 4x,0.0625,,175.0,200.0,,,,True,"64 MB, DDR, 128 bit",175 MHz,200 MHz,4 / 1 / 8 / 4,"Oct 1st, 2001",baraazaid/cpu-and-gpu-stats
186e48395ca9f0c3bbdd,GeForce3 Ti500,NV20,2001-10-01,AGP 4x,0.0625,,240.0,250.0,,,,True,"64 MB, DDR, 128 bit",240 MHz,250 MHz,4 / 1 / 8 / 4,"Oct 1st, 2001",baraazaid/cpu-and-gpu-stats
f33d5864669f6c2b5556,GeForce4 410 Go,NV17,2002-02-06,AGP 4x,0.015625,,200.0,200.0,,,,True,"16 MB, DDR, 64 bit",200 MHz,200 MHz,2 / 0 / 4 / 2,"Feb 6th, 2002",baraazaid/cpu-and-gpu-stats
f804a23bc2e0376a989d,GeForce4 420 Go,NV17,2002-02-06,AGP 4x,0.03125,,200.0,200.0,,,,True,"32 MB, DDR, 64 bit",200 MHz,200 MHz,2 / 0 / 4 / 2,"Feb 6th, 2002",baraazaid/cpu-and-gpu-stats
f8fd8762011076321a05,GeForce4 440 Go,NV17,2002-02-06,AGP 4x,0.0625,,220.0,220.0,,,,True,"64 MB, DDR, 128 bit",220 MHz,220 MHz,2 / 0 / 4 / 2,"Feb 6th, 2002",baraazaid/cpu-and-gpu-stats
37931a7e4d434ccc5353,GeForce4 448 Go,NV18,2002-03-01,AGP 8x,0.0625,,200.0,200.0,,,,True,"64 MB, DDR, 128 bit",200 MHz,200 MHz,2 / 0 / 4 / 2,"Mar 1st, 2002",baraazaid/cpu-and-gpu-stats
d305f0d866643cec5eff,GeForce4 460 Go,NV17,2002-10-14,AGP 4x,0.0625,,250.0,250.0,,,,True,"64 MB, DDR, 128 bit",250 MHz,250 MHz,2 / 0 / 4 / 2,"Oct 14th, 2002",baraazaid/cpu-and-gpu-stats
3f87796d4ca76d31c620,GeForce4 488 Go,NV18,2002-03-01,AGP 8x,0.0625,,300.0,275.0,,,,True,"64 MB, DDR, 128 bit",300 MHz,275 MHz,2 / 0 / 4 / 2,"Mar 1st, 2002",baraazaid/cpu-and-gpu-stats
407d112b6b0c11882935,GeForce4 Go 4200,NV28,2002-11-14,AGP 8x,0.0625,,200.0,200.0,,,,True,"64 MB, DDR, 64 bit",200 MHz,200 MHz,4 / 2 / 8 / 4,"Nov 14th, 2002",baraazaid/cpu-and-gpu-stats
cffe0f25c7cf351fdcd4,GeForce4 MX + nForce2,Crush17,2002-10-01,AGP 4x,,,200.0,,,,,True,System Shared,200 MHz,System Shared,2 / 0 / 4 / 2,"Oct 1st, 2002",baraazaid/cpu-and-gpu-stats
2b6421973a4de3e1d330,GeForce4 MX 4000,NV18,2003-12-14,AGP 8x,0.125,,250.0,166.0,,,,True,"128 MB, DDR, 64 bit",250 MHz,166 MHz,2 / 0 / 4 / 2,"Dec 14th, 2003",baraazaid/cpu-and-gpu-stats
1ba1894ce76c295dea0d,GeForce4 MX 4000 PCI,NV18C,2003-12-14,PCI,0.125,,250.0,166.0,,,,True,"128 MB, DDR, 64 bit",250 MHz,166 MHz,2 / 0 / 4 / 2,"Dec 14th, 2003",baraazaid/cpu-and-gpu-stats
7fa1dc8b1e5898ff49af,GeForce4 MX 4000 Rev. 2,NV18C,2003-12-14,AGP 8x,0.125,,250.0,166.0,,,,True,"128 MB, DDR, 64 bit",250 MHz,166 MHz,2 / 0 / 4 / 2,"Dec 14th, 2003",baraazaid/cpu-and-gpu-stats
dd46d7e22eadc6337e17,GeForce4 MX 420,NV17,2002-02-06,AGP 4x,0.0625,,250.0,166.0,,,,True,"64 MB, SDR, 128 bit",250 MHz,166 MHz,2 / 0 / 4 / 2,"Feb 6th, 2002",baraazaid/cpu-and-gpu-stats
5f87d3e0d40fa927bc82,GeForce4 MX 420 PCI,NV17,2002-02-06,PCI,0.0625,,250.0,166.0,,,,True,"64 MB, SDR, 64 bit",250 MHz,166 MHz,2 / 0 / 4 / 2,"Feb 6th, 2002",baraazaid/cpu-and-gpu-stats
905e77b0458d8d222c61,GeForce4 MX 440,NV17,2002-02-06,AGP 4x,0.0625,,275.0,200.0,,,,True,"64 MB, DDR, 128 bit",275 MHz,200 MHz,2 / 0 / 4 / 2,"Feb 6th, 2002",baraazaid/cpu-and-gpu-stats
415602acdd5e467c60ce,GeForce4 MX 440 Mac Edition,NV17,2002-02-06,AGP 4x,0.0625,,275.0,200.0,,,,True,"64 MB, DDR, 128 bit",275 MHz,200 MHz,2 / 0 / 4 / 2,"Feb 6th, 2002",baraazaid/cpu-and-gpu-stats
eac1639425557211f8c6,GeForce4 MX 440-8x,NV18,2002-09-25,AGP 8x,0.0625,,275.0,250.0,,,,True,"64 MB, DDR, 128 bit",275 MHz,250 MHz,2 / 0 / 4 / 2,"Sep 25th, 2002",baraazaid/cpu-and-gpu-stats
9eee2ccd7cb377406607,GeForce4 MX 440-8x,NV18,2002-09-25,AGP 8x,0.03125,,275.0,250.0,,,,True,"32 MB, DDR, 32 bit",275 MHz,250 MHz,2 / 0 / 4 / 2,"Sep 25th, 2002",baraazaid/cpu-and-gpu-stats
c79879d3e3d274cf717d,GeForce4 MX 440-SE,NV17,2002-02-06,AGP 4x,0.0625,,250.0,166.0,,,,True,"64 MB, DDR, 128 bit",250 MHz,166 MHz,2 / 0 / 4 / 2,"Feb 6th, 2002",baraazaid/cpu-and-gpu-stats
477129cccb3b3e48564a,GeForce4 MX 440-SE,NV18,2002-02-06,AGP 8x,0.0625,,250.0,200.0,,,,True,"64 MB, DDR, 64 bit",250 MHz,200 MHz,2 / 0 / 4 / 2,"Feb 6th, 2002",baraazaid/cpu-and-gpu-stats
06e53ff1389c83b9f0b5,GeForce4 MX 460,NV17,2002-02-06,AGP 4x,0.0625,,300.0,225.0,,,,True,"64 MB, DDR, 128 bit",300 MHz,225 MHz,2 / 0 / 4 / 2,"Feb 6th, 2002",baraazaid/cpu-and-gpu-stats
2b039e92f141afcee91a,GeForce4 Ti 4200,NV25,2002-02-06,AGP 4x,0.0625,,250.0,250.0,,,,True,"64 MB, DDR, 128 bit",250 MHz,250 MHz,4 / 2 / 8 / 4,"Feb 6th, 2002",baraazaid/cpu-and-gpu-stats
fae54cfd2cac5680ad5c,GeForce4 Ti 4200,NV25,2002-02-06,AGP 4x,0.0625,,250.0,250.0,,,,True,"64 MB, DDR, 64 bit",250 MHz,250 MHz,4 / 2 / 8 / 4,"Feb 6th, 2002",baraazaid/cpu-and-gpu-stats
bfdbf3bf13e38ef84644,GeForce4 Ti 4200-8X,NV28,2002-02-06,AGP 8x,0.0625,,250.0,250.0,,,,True,"64 MB, SDR, 128 bit",250 MHz,250 MHz,4 / 2 / 8 / 4,"Feb 6th, 2002",baraazaid/cpu-and-gpu-stats
e96533f19fafbc504a0b,GeForce4 Ti 4400,NV25,2002-02-06,AGP 4x,0.125,,275.0,275.0,,,,True,"128 MB, DDR, 128 bit",275 MHz,275 MHz,4 / 2 / 8 / 4,"Feb 6th, 2002",baraazaid/cpu-and-gpu-stats
6235dbb0236ae337f29e,GeForce4 Ti 4600,NV25,2002-02-06,AGP 4x,0.125,,300.0,324.0,,,,True,"128 MB, DDR, 128 bit",300 MHz,324 MHz,4 / 2 / 8 / 4,"Feb 6th, 2002",baraazaid/cpu-and-gpu-stats
5814bc61fe52fbbcd7b0,GeForce4 Ti 4800,NV28,2003-03-15,AGP 8x,0.125,,300.0,325.0,,,,True,"128 MB, DDR, 128 bit",300 MHz,325 MHz,4 / 2 / 8 / 4,"Mar 15th, 2003",baraazaid/cpu-and-gpu-stats
1e609b15c0a894f14aee,Graphics Pro Turbo,Mach64,1995-01-01,PCI,0.001953125,,40.0,40.0,,,,True,"2 MB, VRAM, 64 bit",40 MHz,40 MHz,1 / 0 / 0 / 1,1995,baraazaid/cpu-and-gpu-stats
dc859ca06c594ab4bab2,Graphics Solution,CW16800-A,1986-09-22,PCI,6.103515625e-05,DRAM,10.0,5.0,,,,True,"64 KB, DRAM, 32 bit",10 MHz,5 MHz,0 / 0 / 0 / 0,"Sep 22nd, 1986",baraazaid/cpu-and-gpu-stats
ded4308354ac585e1490,Graphics Solution Plus,CW16800-B,1987-03-23,PCI,6.103515625e-05,DRAM,10.0,5.0,,,,True,"64 KB, DRAM, 32 bit",10 MHz,5 MHz,0 / 0 / 0 / 0,"Mar 23rd, 1987",baraazaid/cpu-and-gpu-stats
3ffa0b256ff2bc421c7c,Graphics Ultra,Mach8,1992-01-01,PCI,0.0009765625,,10.0,10.0,,,,True,"1 MB, VRAM, 32 bit",10 MHz,10 MHz,1 / 0 / 0 / 1,1992,baraazaid/cpu-and-gpu-stats
dcf77b98aaed5a213973,Graphics Ultra Pro ISA,Mach32,1992-01-01,PCI,0.001953125,DRAM,10.0,10.0,,,,True,"2 MB, DRAM, 64 bit",10 MHz,10 MHz,1 / 0 / 0 / 1,1992,baraazaid/cpu-and-gpu-stats
ec8b878889b6b947e5f8,Graphics Ultra Pro PCI,Mach32,1993-01-01,PCI,0.0009765625,DRAM,66.0,83.0,,,,True,"1 MB, DRAM, 64 bit",66 MHz,83 MHz,1 / 0 / 0 / 1,1993,baraazaid/cpu-and-gpu-stats
d16f05f0fa2e90ed9907,Graphics Ultra Pro VLB,Mach32,1993-01-01,PCI,0.0009765625,,10.0,10.0,,,,True,"1 MB, VRAM, 64 bit",10 MHz,10 MHz,1 / 0 / 0 / 1,1993,baraazaid/cpu-and-gpu-stats
72df032d3bcf64d6670a,Graphics Ultra XLR VLB,Mach32,1993-01-01,PCI,0.0009765625,,10.0,10.0,,,,True,"1 MB, VRAM, 64 bit",10 MHz,10 MHz,1 / 0 / 0 / 1,1993,baraazaid/cpu-and-gpu-stats
54a0b3631a9b5899a401,Graphics Vantage,Mach8,1992-01-01,PCI,0.0009765625,DRAM,10.0,10.0,,,,True,"1 MB, DRAM, 32 bit",10 MHz,10 MHz,1 / 0 / 0 / 1,1992,baraazaid/cpu-and-gpu-stats
9ff60c47f3d8b74d8d10,Graphics Wonder PCI,Mach32,1992-01-01,PCI,0.0009765625,DRAM,10.0,10.0,,,,True,"1 MB, DRAM, 64 bit",10 MHz,10 MHz,1 / 0 / 0 / 1,1992,baraazaid/cpu-and-gpu-stats
d6d047185a22cd41f575,Graphics Wonder VLB,Mach32,1992-01-01,PCI,0.0009765625,DRAM,10.0,10.0,,,,True,"1 MB, DRAM, 64 bit",10 MHz,10 MHz,1 / 0 / 0 / 1,1992,baraazaid/cpu-and-gpu-stats
599e8c974b74cb13588e,Graphics Xpression,Mach64,1995-11-01,PCI,0.001953125,,40.0,40.0,,,,True,"2 MB, EDO, 64 bit",40 MHz,40 MHz,1 / 0 / 0 / 1,"Nov 1st, 1995",baraazaid/cpu-and-gpu-stats
b24d2f8f70a62bc56598,Graphics Xpression ISA,Mach64,1995-01-01,PCI,0.001953125,DRAM,40.0,40.0,,,,True,"2 MB, DRAM, 64 bit",40 MHz,40 MHz,1 / 0 / 0 / 1,1995,baraazaid/cpu-and-gpu-stats
b2fb7fff3f284131677e,H100 PCIe,GH100,2022-03-22,PCIe 5.0 x16,80.0,,1125.0,1000.0,7296,456,24,True,"80 GB, HBM2e, 5120 bit",1125 MHz,1000 MHz,7296 / 456 / 24,"Mar 22nd, 2022",baraazaid/cpu-and-gpu-stats
439e4e9636f33889e014,H100 SXM5,GH100,2022-03-22,PCIe 5.0 x16,80.0,HBM3,1095.0,1500.0,8448,528,24,True,"80 GB, HBM3, 5120 bit",1095 MHz,1500 MHz,8448 / 528 / 24,"Mar 22nd, 2022",baraazaid/cpu-and-gpu-stats
df36e5a973adfd5be3d5,H100 SXM5 96 GB,GH100,2022-03-22,PCIe 5.0 x16,96.0,HBM3,1665.0,1500.0,8448,528,24,True,"96 GB, HBM3, 5120 bit",1665 MHz,1500 MHz,8448 / 528 / 24,"Mar 22nd, 2022",baraazaid/cpu-and-gpu-stats
ea10b896f45d180e7f24,H3C XG310,DG1,2020-11-11,PCIe 3.0 x16,8.0,,1050.0,2133.0,768,48,24,True,"8 GB, LPDDR4X, 128 bit",1050 MHz,2133 MHz,768 / 48 / 24,"Nov 11th, 2020",baraazaid/cpu-and-gpu-stats
faa30b40ceb47b3fd295,H800 SXM5,GH100,2022-03-22,PCIe 5.0 x16,80.0,HBM3,1095.0,1500.0,8448,528,24,True,"80 GB, HBM3, 5120 bit",1095 MHz,1500 MHz,8448 / 528 / 24,"Mar 22nd, 2022",baraazaid/cpu-and-gpu-stats
7e7600e9fdf2fe6dde96,HD Graphics,Ivy Bridge GT1,2012-04-01,Ring Bus,,,650.0,,48,6,1,True,System Shared,650 MHz,System Shared,48 / 6 / 1,"Apr 1st, 2012",baraazaid/cpu-and-gpu-stats
422a9541ad4e995c997d,HD Graphics,Ivy Bridge GT1,2012-10-01,Ring Bus,,,350.0,,48,6,1,True,System Shared,350 MHz,System Shared,48 / 6 / 1,"Oct 1st, 2012",baraazaid/cpu-and-gpu-stats
b5e0aba844ee2625226f,HD Graphics,Haswell GT1,2013-04-29,Ring Bus,,,200.0,,80,10,1,True,System Shared,200 MHz,System Shared,80 / 10 / 1,"Apr 29th, 2013",baraazaid/cpu-and-gpu-stats
b5e3492ce8dc4ff7ea66,HD Graphics,Bay Trail GT1,2013-09-02,Ring Bus,,,311.0,,32,4,1,True,System Shared,311 MHz,System Shared,32 / 4 / 1,"Sep 2nd, 2013",baraazaid/cpu-and-gpu-stats
6659d7972d353071d492,HD Graphics,Braswell GT1,2015-04-01,Ring Bus,,,500.0,,96,12,2,True,System Shared,500 MHz,System Shared,96 / 12 / 2,"Apr 1st, 2015",baraazaid/cpu-and-gpu-stats
40f4e090f9ee4be0449b,HD Graphics 400,Braswell GT1,2015-04-01,Ring Bus,,,320.0,,96,12,2,True,System Shared,320 MHz,System Shared,96 / 12 / 2,"Apr 1st, 2015",baraazaid/cpu-and-gpu-stats
30b494dd42e83ef4ddda,HD Graphics 4000,Ivy Bridge GT2,2012-05-14,Ring Bus,,,650.0,,128,16,2,True,System Shared,650 MHz,System Shared,128 / 16 / 2,"May 14th, 2012",baraazaid/cpu-and-gpu-stats
d870d1bc99822a33657d,HD Graphics 405,Braswell GT1,2015-04-01,Ring Bus,,,200.0,,128,16,2,True,System Shared,200 MHz,System Shared,128 / 16 / 2,"Apr 1st, 2015",baraazaid/cpu-and-gpu-stats
8b32a745e83d6959fbcb,HD Graphics 4200,Haswell GT2,2013-09-02,Ring Bus,,,200.0,,160,20,2,True,System Shared,200 MHz,System Shared,160 / 20 / 2,"Sep 2nd, 2013",baraazaid/cpu-and-gpu-stats
4edffb4fd94b580e83ca,HD Graphics 4400,Haswell GT2,2013-09-03,Ring Bus,,,200.0,,160,20,2,True,System Shared,200 MHz,System Shared,160 / 20 / 2,"Sep 3rd, 2013",baraazaid/cpu-and-gpu-stats
797b63021c45d4af3c2e,HD Graphics 4600,Haswell GT2,2013-05-27,Ring Bus,,,400.0,,160,20,2,True,System Shared,400 MHz,System Shared,160 / 20 / 2,"May 27th, 2013",baraazaid/cpu-and-gpu-stats
3bbb712aaed818473d24,HD Graphics 4600,Haswell GT2,2013-06-03,Ring Bus,,,350.0,,160,20,2,True,System Shared,350 MHz,System Shared,160 / 20 / 2,"Jun 3rd, 2013",baraazaid/cpu-and-gpu-stats
0714a718d32333e040c1,HD Graphics 500,Apollo Lake GT1,2015-09-01,Ring Bus,,,200.0,,96,12,2,True,System Shared,200 MHz,System Shared,96 / 12 / 2,"Sep 1st, 2015",baraazaid/cpu-and-gpu-stats
ddc1e37f95859b180326,HD Graphics 5000,Haswell GT3,2013-05-27,Ring Bus,,,200.0,,320,40,4,True,System Shared,200 MHz,System Shared,320 / 40 / 4,"May 27th, 2013",baraazaid/cpu-and-gpu-stats
e3e0997b9e2f1efa7755,HD Graphics 505,Apollo Lake GT1.5,2016-09-01,Ring Bus,,,200.0,,144,18,3,True,System Shared,200 MHz,System Shared,144 / 18 / 3,"Sep 1st, 2016",baraazaid/cpu-and-gpu-stats
33b8b6077869016b227c,HD Graphics 510,Skylake GT1,2015-09-01,Ring Bus,,,350.0,,96,12,2,True,System Shared,350 MHz,System Shared,96 / 12 / 2,"Sep 1st, 2015",baraazaid/cpu-and-gpu-stats
9788affa00b13de2b595,HD Graphics 510,Skylake GT1,2015-09-01,Ring Bus,,,300.0,,96,12,3,True,System Shared,300 MHz,System Shared,96 / 12 / 3,"Sep 1st, 2015",baraazaid/cpu-and-gpu-stats
61716a158a53f4675cc0,HD Graphics 515,Skylake GT2,2015-09-01,Ring Bus,,,300.0,,192,24,3,True,System Shared,300 MHz,System Shared,192 / 24 / 3,"Sep 1st, 2015",baraazaid/cpu-and-gpu-stats
d9283b1d6384e99a75b6,HD Graphics 520,Skylake GT2,2015-09-01,Ring Bus,,,300.0,,192,24,3,True,System Shared,300 MHz,System Shared,192 / 24 / 3,"Sep 1st, 2015",baraazaid/cpu-and-gpu-stats
db75bd375ac0e9221919,HD Graphics 530,Skylake GT2,2015-09-01,Ring Bus,,,350.0,,192,24,3,True,System Shared,350 MHz,System Shared,192 / 24 / 3,"Sep 1st, 2015",baraazaid/cpu-and-gpu-stats
394a3af7580f63382c51,HD Graphics 5300,Broadwell GT2,2014-09-05,Ring Bus,,,300.0,,192,24,3,True,System Shared,300 MHz,System Shared,192 / 24 / 3,"Sep 5th, 2014",baraazaid/cpu-and-gpu-stats
5876160801cadcf1290a,HD Graphics 5500,Broadwell GT2,2014-09-05,Ring Bus,,,300.0,,192,24,3,True,System Shared,300 MHz,System Shared,192 / 24 / 3,"Sep 5th, 2014",baraazaid/cpu-and-gpu-stats
87a6b172451362948baf,HD Graphics 5600,Broadwell GT2,2014-09-05,Ring Bus,,,300.0,,192,24,3,True,System Shared,300 MHz,System Shared,192 / 24 / 3,"Sep 5th, 2014",baraazaid/cpu-and-gpu-stats
62daef3353bf940654af,HD Graphics 6000,Broadwell GT3,2014-09-05,Ring Bus,,,300.0,,384,48,6,True,System Shared,300 MHz,System Shared,384 / 48 / 6,"Sep 5th, 2014",baraazaid/cpu-and-gpu-stats
fe032e3c7b31e7f8bf88,HD Graphics 610,Kaby Lake GT1,2016-08-30,Ring Bus,,,300.0,,96,12,2,True,System Shared,300 MHz,System Shared,96 / 12 / 2,"Aug 30th, 2016",baraazaid/cpu-and-gpu-stats
aa0b81b2fec5f1e75890,HD Graphics 610,Kaby Lake GT1,2016-08-30,Ring Bus,,,350.0,,96,12,2,True,System Shared,350 MHz,System Shared,96 / 12 / 2,"Aug 30th, 2016",baraazaid/cpu-and-gpu-stats
60b74ed40c1d10fd2949,HD Graphics 615,Kaby Lake GT2,2016-08-30,Ring Bus,,,300.0,,192,24,3,True,System Shared,300 MHz,System Shared,192 / 24 / 3,"Aug 30th, 2016",baraazaid/cpu-and-gpu-stats
8b1121f7a18c13630c5d,HD Graphics 620,Kaby Lake GT2,2016-08-30,Ring Bus,,,300.0,,192,24,3,True,System Shared,300 MHz,System Shared,192 / 24 / 3,"Aug 30th, 2016",baraazaid/cpu-and-gpu-stats
75d7642d7fa4949fd5af,HD Graphics 630,Kaby Lake GT2,2016-08-30,Ring Bus,,,350.0,,192,24,3,True,System Shared,350 MHz,System Shared,192 / 24 / 3,"Aug 30th, 2016",baraazaid/cpu-and-gpu-stats
232e39da845974647315,HD Graphics P4000,Ivy Bridge GT2,2012-05-14,Ring Bus,,,650.0,,128,16,1,True,System Shared,650 MHz,System Shared,128 / 16 / 1,"May 14th, 2012",baraazaid/cpu-and-gpu-stats
1c242675ec83a1f1ebb0,HD Graphics P4600,Haswell GT2,2013-06-01,Ring Bus,,,350.0,,160,20,2,True,System Shared,350 MHz,System Shared,160 / 20 / 2,"Jun 1st, 2013",baraazaid/cpu-and-gpu-stats
2d3420ec886393b1ce44,HD Graphics P4700,Haswell GT2,2013-06-01,Ring Bus,,,350.0,,160,20,2,True,System Shared,350 MHz,System Shared,160 / 20 / 2,"Jun 1st, 2013",baraazaid/cpu-and-gpu-stats
4134bfcfd0e58d615415,HD Graphics P530,Skylake GT2,2015-09-01,Ring Bus,,,350.0,,192,16,3,True,System Shared,350 MHz,System Shared,192 / 16 / 3,"Sep 1st, 2015",baraazaid/cpu-and-gpu-stats
360a8d1a846227ab059a,HD Graphics P5700,Broadwell GT2,2014-09-05,Ring Bus,,,700.0,,192,24,3,True,System Shared,700 MHz,System Shared,192 / 24 / 3,"Sep 5th, 2014",baraazaid/cpu-and-gpu-stats
143247707862a4d61bc6,HD Graphics P630,Kaby Lake GT2,2016-08-05,Ring Bus,,,350.0,,192,24,3,True,System Shared,350 MHz,System Shared,192 / 24 / 3,"Aug 5th, 2016",baraazaid/cpu-and-gpu-stats
d938b548c6e95fb40c34,ION,ION,2008-06-03,PCI,,,575.0,,16,8,4,True,System Shared,575 MHz,System Shared,16 / 8 / 4,"Jun 3rd, 2008",baraazaid/cpu-and-gpu-stats
d56834bb78f4313426cc,ION,C7A-ION,2008-06-03,PCI,,,450.0,,16,8,4,True,System Shared,450 MHz,System Shared,16 / 8 / 4,"Jun 3rd, 2008",baraazaid/cpu-and-gpu-stats
228a46a8aa7f25a332be,ION,C79,2008-06-03,PCI,,,450.0,,16,8,4,True,System Shared,450 MHz,System Shared,16 / 8 / 4,"Jun 3rd, 2008",baraazaid/cpu-and-gpu-stats
201f6cfe44c04742d657,ION,ION,2008-06-03,PCI,,,450.0,,16,8,4,True,System Shared,450 MHz,System Shared,16 / 8 / 4,"Jun 3rd, 2008",baraazaid/cpu-and-gpu-stats
b45bddae026e0e5c4add,ION,GT218,2008-06-03,PCIe 2.0 x16,,,500.0,,16,8,4,True,System Shared,500 MHz,System Shared,16 / 8 / 4,"Jun 3rd, 2008",baraazaid/cpu-and-gpu-stats
9f996e7a356d9415cd12,ION 2,GT218,2008-06-03,PCIe 2.0 x16,,,500.0,,16,8,4,True,System Shared,500 MHz,System Shared,16 / 8 / 4,"Jun 3rd, 2008",baraazaid/cpu-and-gpu-stats
cd39ae3733856f2d7a8e,ION HX,ION,2008-06-03,PCI,,,450.0,,16,8,4,True,System Shared,450 MHz,System Shared,16 / 8 / 4,"Jun 3rd, 2008",baraazaid/cpu-and-gpu-stats
dd3e261a72c15b679f02,ION LE,ION,2008-06-03,PCI,,,450.0,,16,8,4,True,System Shared,450 MHz,System Shared,16 / 8 / 4,"Jun 3rd, 2008",baraazaid/cpu-and-gpu-stats
52158a9f1df772db13c2,Iris Graphics 5100,Haswell GT3,2013-05-27,Ring Bus,,,200.0,,320,40,4,True,System Shared,200 MHz,System Shared,320 / 40 / 4,"May 27th, 2013",baraazaid/cpu-and-gpu-stats
56c5a816a0d95e8b5a5d,Iris Graphics 540,Skylake GT3e,2015-09-01,Ring Bus,,,300.0,,384,48,6,True,System Shared,300 MHz,System Shared,384 / 48 / 6,"Sep 1st, 2015",baraazaid/cpu-and-gpu-stats
d44d6e1481374439723c,Iris Graphics 550,Skylake GT3e,2015-09-01,Ring Bus,,,300.0,,384,48,6,True,System Shared,300 MHz,System Shared,384 / 48 / 6,"Sep 1st, 2015",baraazaid/cpu-and-gpu-stats
eeb11efeffd7eb9f7ba1,Iris Graphics 6100,Broadwell GT3,2014-09-05,Ring Bus,,,300.0,,384,48,6,True,System Shared,300 MHz,System Shared,384 / 48 / 6,"Sep 5th, 2014",baraazaid/cpu-and-gpu-stats
1ac601bddf6102ecbf0e,Iris Plus Graphics 655,Coffee Lake GT3e,2018-04-03,Ring Bus,,,300.0,,384,48,6,True,System Shared,300 MHz,System Shared,384 / 48 / 6,"Apr 3rd, 2018",baraazaid/cpu-and-gpu-stats
e261cb75a4a3e937d791,Iris Plus Graphics G7,Ice Lake GT2,2020-05-04,Ring Bus,,,300.0,,512,32,8,True,System Shared,300 MHz,System Shared,512 / 32 / 8,"May 4th, 2020",baraazaid/cpu-and-gpu-stats
43ddfe5ba982eebbfbb8,Iris Pro Graphics 5200,Haswell GT3e,2013-05-27,Ring Bus,,,200.0,,320,40,4,True,System Shared,200 MHz,System Shared,320 / 40 / 4,"May 27th, 2013",baraazaid/cpu-and-gpu-stats
1120b370f86caaa9a457,Iris Pro Graphics 5200,Haswell GT3e,2013-06-03,Ring Bus,,,200.0,,320,40,4,True,System Shared,200 MHz,System Shared,320 / 40 / 4,"Jun 3rd, 2013",baraazaid/cpu-and-gpu-stats
d71d42e1d985100c9aab,Iris Pro Graphics 580,Skylake GT4e,2015-09-01,Ring Bus,,,350.0,,576,72,9,True,System Shared,350 MHz,System Shared,576 / 72 / 9,"Sep 1st, 2015",baraazaid/cpu-and-gpu-stats
4a4103c370ff4173438f,Iris Pro Graphics 6200,Broadwell GT3e,2014-09-05,Ring Bus,,,300.0,,384,48,6,True,System Shared,300 MHz,System Shared,384 / 48 / 6,"Sep 5th, 2014",baraazaid/cpu-and-gpu-stats
debad696df2ab38a987a,Iris Pro Graphics P555,Skylake GT3e,2015-09-01,Ring Bus,,,350.0,,384,48,6,True,System Shared,350 MHz,System Shared,384 / 48 / 6,"Sep 1st, 2015",baraazaid/cpu-and-gpu-stats
af5fbed58deaa9a1c0cc,Iris Pro Graphics P580,Skylake GT4e,2015-09-01,Ring Bus,,,350.0,,576,72,9,True,System Shared,350 MHz,System Shared,576 / 72 / 9,"Sep 1st, 2015",baraazaid/cpu-and-gpu-stats
35057da27da7444f0dc2,Iris Pro Graphics P6300,Broadwell GT3e,2014-09-05,Ring Bus,,,300.0,,384,48,6,True,System Shared,300 MHz,System Shared,384 / 48 / 6,"Sep 5th, 2014",baraazaid/cpu-and-gpu-stats
fd3a97e778b8b7d66df3,Iris Xe Graphics 80EU,Alder Lake GT1,2022-01-04,Ring Bus,,,300.0,,640,40,20,True,System Shared,300 MHz,System Shared,640 / 40 / 20,"Jan 4th, 2022",baraazaid/cpu-and-gpu-stats
09657759e8e4195f813b,Iris Xe Graphics 96EU,Alder Lake GT1,2022-01-04,Ring Bus,,,300.0,,768,48,24,True,System Shared,300 MHz,System Shared,768 / 48 / 24,"Jan 4th, 2022",baraazaid/cpu-and-gpu-stats
7b57ff025712abaa6729,Iris Xe Graphics G4,Tiger Lake GT2,2020-09-02,Ring Bus,,,300.0,,384,24,12,True,System Shared,300 MHz,System Shared,384 / 24 / 12,"Sep 2nd, 2020",baraazaid/cpu-and-gpu-stats
7310714cb0ae28234580,Iris Xe Graphics G7 80EU,Tiger Lake GT2,2020-09-02,Ring Bus,,,300.0,,640,40,20,True,System Shared,300 MHz,System Shared,640 / 40 / 20,"Sep 2nd, 2020",baraazaid/cpu-and-gpu-stats
96095795dd6fb7d8dd8c,Iris Xe Graphics G7 96EU,Tiger Lake GT2,2020-09-02,Ring Bus,,,300.0,,768,48,24,True,System Shared,300 MHz,System Shared,768 / 48 / 24,"Sep 2nd, 2020",baraazaid/cpu-and-gpu-stats
2c1483ca21059564c583,Iris Xe MAX Graphics,DG1,2020-10-31,PCIe 4.0 x8,4.0,,300.0,2133.0,768,48,24,True,"4 GB, LPDDR4X, 128 bit",300 MHz,2133 MHz,768 / 48 / 24,"Oct 31st, 2020",baraazaid/cpu-and-gpu-stats
dfa180c5b6462a881703,Jetson AGX Xavier GPU,GV10B,2018-10-01,IGP,,,854.0,,512,32,16,True,System Shared,854 MHz,System Shared,512 / 32 / 16,Oct 2018,baraazaid/cpu-and-gpu-stats
563b49d9028550b1f94a,Jetson TK1 GPU,GK20A,2014-10-15,IGP,,,756.0,,192,8,4,True,System Shared,756 MHz,System Shared,192 / 8 / 4,"Oct 15th, 2014",baraazaid/cpu-and-gpu-stats
bbb2fcfce603e326252f,Jetson TX2 GPU,GP10B,2016-01-01,IGP,,,854.0,,256,16,16,True,System Shared,854 MHz,System Shared,256 / 16 / 16,2016,baraazaid/cpu-and-gpu-stats
3a4cf2c8ee945fe8b581,Jetson Xavier NX GPU,GV10B,2020-05-14,IGP,,,854.0,,384,24,16,True,System Shared,854 MHz,System Shared,384 / 24 / 16,"May 14th, 2020",baraazaid/cpu-and-gpu-stats
2465372ebc65ebb4a7ea,L40,AD102,2022-10-13,PCIe 4.0 x16,48.0,GDDR6,735.0,2250.0,18176,568,192,True,"48 GB, GDDR6, 384 bit",735 MHz,2250 MHz,18176 / 568 / 192,"Oct 13th, 2022",baraazaid/cpu-and-gpu-stats
789c6180e5c3bea24279,L40 CNX,AD102,2022-10-13,PCIe 4.0 x16,24.0,GDDR6,1005.0,2250.0,18176,568,192,True,"24 GB, GDDR6, 384 bit",1005 MHz,2250 MHz,18176 / 568 / 192,"Oct 13th, 2022",baraazaid/cpu-and-gpu-stats
34916cfe5fc47c3b6246,L40G,AD102,2022-10-13,PCIe 4.0 x16,24.0,GDDR6,1005.0,2250.0,18176,568,192,True,"24 GB, GDDR6, 384 bit",1005 MHz,2250 MHz,18176 / 568 / 192,"Oct 13th, 2022",baraazaid/cpu-and-gpu-stats
1669d15c240bd35fb221,M9125 PCIe x16,PX-A1,,PCIe 1.0 x16,0.5,DDR2,250.0,300.0,,,,True,"512 MB, DDR2, 64 bit",250 MHz,300 MHz,2 / 2 / 8 / 2,Unknown,baraazaid/cpu-and-gpu-stats
ef57d1c9c2da4aae91da,Marvel G200,Eclipse,1998-01-01,AGP 2x,0.0078125,,84.0,112.0,,,,True,"8 MB, SDR, 64 bit",84 MHz,112 MHz,1 / 1 / 1 / 1,1998,baraazaid/cpu-and-gpu-stats
dfa468ab26eca32ec1a5,Marvel G400-TV,Toucan,1999-05-20,PCI,0.015625,,125.0,166.0,,,,True,"16 MB, SDR, 128 bit",125 MHz,166 MHz,2 / 1 / 2 / 2,"May 20th, 1999",baraazaid/cpu-and-gpu-stats
97a694b714faf3d3b382,Millenium P650,Parhelia-LX,2003-05-10,AGP 8x,0.0625,,230.0,230.0,,,,True,"64 MB, DDR, 128 bit",230 MHz,230 MHz,2 / 2 / 8 / 2,"May 10th, 2003",baraazaid/cpu-and-gpu-stats
dbb3c0b1cf105d3956a1,Millenium P750,Parhelia-LX,2003-05-10,AGP 8x,0.125,,250.0,250.0,,,,True,"128 MB, DDR, 128 bit",250 MHz,250 MHz,2 / 2 / 8 / 2,"May 10th, 2003",baraazaid/cpu-and-gpu-stats
3d001f1eed8f335f1d5d,Millennium G200,Eclipse,1998-01-01,PCI,0.0078125,,84.0,143.0,,,,True,"8 MB, SGR, 64 bit",84 MHz,143 MHz,1 / 1 / 1 / 1,1998,baraazaid/cpu-and-gpu-stats
a80ef9d52727906817e5,Millennium G200 SD,Eclipse,1998-01-01,PCI,0.0078125,,84.0,112.0,,,,True,"8 MB, SDR, 64 bit",84 MHz,112 MHz,1 / 1 / 1 / 1,1998,baraazaid/cpu-and-gpu-stats
d5f0d99d2bc4f1f401ab,Millennium G200A,Calao,1999-01-01,PCI,0.0078125,,84.0,112.0,,,,True,"8 MB, SDR, 64 bit",84 MHz,112 MHz,1 / 1 / 1 / 1,1999,baraazaid/cpu-and-gpu-stats
5f6813e27ee821a65f14,Millennium G250,Calao,1999-01-01,PCI,0.0078125,,96.0,128.0,,,,True,"8 MB, SDR, 64 bit",96 MHz,128 MHz,1 / 1 / 1 / 1,1999,baraazaid/cpu-and-gpu-stats
86d0c0dc835928b57a09,Millennium G400,Toucan,1999-05-20,PCI,0.03125,,125.0,166.0,,,,True,"32 MB, SDR, 128 bit",125 MHz,166 MHz,2 / 1 / 2 / 2,"May 20th, 1999",baraazaid/cpu-and-gpu-stats
5afd213392e59b064888,Millennium G400 MAX,Toucan,1999-05-20,PCI,0.03125,,150.0,200.0,,,,True,"32 MB, SDR, 128 bit",150 MHz,200 MHz,2 / 1 / 2 / 2,"May 20th, 1999",baraazaid/cpu-and-gpu-stats
5ebda09af21a412dd19b,Millennium G450,Condor,2000-04-01,PCI,0.03125,,125.0,166.0,,,,True,"32 MB, DDR, 64 bit",125 MHz,166 MHz,2 / 1 / 2 / 2,Apr 2000,baraazaid/cpu-and-gpu-stats
7f6135d9374460b6f3ee,Millennium G450 LP,Condor,2000-04-01,AGP 4x,0.03125,,125.0,166.0,,,,True,"32 MB, DDR, 64 bit",125 MHz,166 MHz,2 / 1 / 2 / 2,Apr 2000,baraazaid/cpu-and-gpu-stats
f17334ef852f29500e1c,Millennium G450 x2 MMS,Condor,2002-06-19,PCI,0.03125,,125.0,166.0,,,,True,"32 MB, DDR, 64 bit",125 MHz,166 MHz,2 / 1 / 2 / 2,"Jun 19th, 2002",baraazaid/cpu-and-gpu-stats
f57b79ba52fdbbfc79da,Millennium G450 x4 MMS,Condor,2002-06-19,PCI,0.03125,,125.0,166.0,,,,True,"32 MB, DDR, 64 bit",125 MHz,166 MHz,2 / 1 / 2 / 2,"Jun 19th, 2002",baraazaid/cpu-and-gpu-stats
ee00252096aa2104a037,Millennium G550,Condor,2001-11-26,AGP 4x,0.03125,,125.0,166.0,,,,True,"32 MB, DDR, 64 bit",125 MHz,166 MHz,2 / 1 / 2 / 2,"Nov 26th, 2001",baraazaid/cpu-and-gpu-stats
d254849ac7655e0cc5be,Millennium G550 PCIe,Condor,2001-11-26,PCIe 1.0 x1,0.03125,,125.0,166.0,,,,True,"32 MB, DDR, 64 bit",125 MHz,166 MHz,2 / 1 / 2 / 2,"Nov 26th, 2001",baraazaid/cpu-and-gpu-stats
66491876edace188d749,Mobility FireGL 7800,M7,2001-09-29,AGP 4x,0.0625,,280.0,200.0,,,,True,"64 MB, DDR, 128 bit",280 MHz,200 MHz,2 / 0 / 2 / 2,"Sep 29th, 2001",baraazaid/cpu-and-gpu-stats
71c7b7b3aef58ab81513,Mobility FireGL 9000,M9,2002-01-01,AGP 4x,0.0625,,250.0,200.0,,,,True,"64 MB, DDR, 128 bit",250 MHz,200 MHz,4 / 1 / 4 / 4,2002,baraazaid/cpu-and-gpu-stats
62f629f19f088819e7f8,Mobility FireGL T2,M10,2003-11-01,AGP 4x,0.125,,320.0,200.0,,,,True,"128 MB, DDR, 128 bit",320 MHz,200 MHz,4 / 2 / 4 / 4,"Nov 1st, 2003",baraazaid/cpu-and-gpu-stats
e883aa95c4f1678a2e16,Mobility FireGL T2e,M11,2004-08-01,AGP 4x,0.125,,450.0,225.0,,,,True,"128 MB, DDR, 128 bit",450 MHz,225 MHz,4 / 2 / 4 / 4,"Aug 1st, 2004",baraazaid/cpu-and-gpu-stats
f0426fea1f2c7a5ff3d8,Mobility FireGL V3100,M22,2004-06-01,PCIe 1.0 x16,0.125,,350.0,200.0,,,,True,"128 MB, DDR, 128 bit",350 MHz,200 MHz,4 / 2 / 4 / 4,"Jun 1st, 2004",baraazaid/cpu-and-gpu-stats
a49367acaef7b1aba239,Mobility FireGL V3200,M24,2004-06-01,PCIe 1.0 x16,0.125,DDR2,400.0,250.0,,,,True,"128 MB, DDR2, 128 bit",400 MHz,250 MHz,4 / 2 / 4 / 4,"Jun 1st, 2004",baraazaid/cpu-and-gpu-stats
0eb55a7aded187ca6034,Mobility FireGL V5000,M26,2005-02-03,PCIe 1.0 x16,0.125,GDDR3,350.0,425.0,,,,True,"128 MB, GDDR3, 128 bit",350 MHz,425 MHz,8 / 6 / 8 / 8,"Feb 3rd, 2005",baraazaid/cpu-and-gpu-stats
a442b1fb7b6fe18f744b,Mobility FireGL V5200,M56,2006-02-01,PCIe 1.0 x16,0.25,GDDR3,425.0,475.0,,,,True,"256 MB, GDDR3, 128 bit",425 MHz,475 MHz,12 / 5 / 12 / 12,"Feb 1st, 2006",baraazaid/cpu-and-gpu-stats
c570b70996da8198135f,Mobility FireGL V5250,M66,2007-01-01,PCIe 1.0 x16,0.25,GDDR3,450.0,350.0,,,,True,"256 MB, GDDR3, 128 bit",450 MHz,350 MHz,12 / 5 / 12 / 12,2007,baraazaid/cpu-and-gpu-stats
c4bc9fa6982c396c9734,Mobility FireGL V5600,M76,2007-05-14,PCIe 2.0 x16,0.25,GDDR3,500.0,400.0,120,8,4,True,"256 MB, GDDR3, 128 bit",500 MHz,400 MHz,120 / 8 / 4,"May 14th, 2007",baraazaid/cpu-and-gpu-stats
ce7f9f2e7d3b873995a3,Mobility Radeon,M6,2003-01-01,AGP 4x,0.015625,,144.0,144.0,,,,True,"16 MB, DDR, 64 bit",144 MHz,144 MHz,1 / 0 / 3 / 1,2003,baraazaid/cpu-and-gpu-stats
6631b4d5eb3b3b6b2265,Mobility Radeon 7000,M6,2004-01-01,AGP 4x,0.015625,,144.0,139.0,,,,True,"16 MB, DDR, 32 bit",144 MHz,139 MHz,1 / 0 / 3 / 1,2004,baraazaid/cpu-and-gpu-stats
5a08477c3906adbd8074,Mobility Radeon 7500,M7,2001-12-01,AGP 4x,0.03125,,280.0,200.0,,,,True,"32 MB, DDR, 64 bit",280 MHz,200 MHz,2 / 0 / 2 / 1,"Dec 1st, 2001",baraazaid/cpu-and-gpu-stats
61588b4a95593d8cd61b,Mobility Radeon 7500,M7,2001-12-01,AGP 4x,0.03125,,230.0,183.0,,,,True,"32 MB, DDR, 64 bit",230 MHz,183 MHz,2 / 1 / 2 / 1,"Dec 1st, 2001",baraazaid/cpu-and-gpu-stats
6ea5271c202837e7f6a1,Mobility Radeon 7500C,M7,2001-12-01,AGP 4x,0.015625,,230.0,183.0,,,,True,"16 MB, DDR, 64 bit",230 MHz,183 MHz,2 / 1 / 2 / 1,"Dec 1st, 2001",baraazaid/cpu-and-gpu-stats
14b99753b62d21bee6aa,Mobility Radeon 9000,M9,2002-09-01,AGP 4x,0.0625,,240.0,200.0,,,,True,"64 MB, DDR, 64 bit",240 MHz,200 MHz,4 / 1 / 4 / 4,"Sep 1st, 2002",baraazaid/cpu-and-gpu-stats
020e26f1cb5daea7cd52,Mobility Radeon 9000,M9,2002-09-01,AGP 4x,0.03125,,240.0,200.0,,,,True,"32 MB, DDR, 64 bit",240 MHz,200 MHz,4 / 1 / 4 / 4,"Sep 1st, 2002",baraazaid/cpu-and-gpu-stats
d1cebae948293abc868e,Mobility Radeon 9000 IGP,RC300,2003-05-01,AGP 4x,,,300.0,,,,,True,System Shared,300 MHz,System Shared,2 / 1 / 2 / 2,"May 1st, 2003",baraazaid/cpu-and-gpu-stats
1b65d3aa8e565ab940c5,Mobility Radeon 9000 IGP,RS350,2003-05-01,AGP 4x,,,222.0,,,,,True,System Shared,222 MHz,System Shared,2 / 0 / 2 / 2,"May 1st, 2003",baraazaid/cpu-and-gpu-stats
3b0483849fd14599f9c9,Mobility Radeon 9000 IGP,RS300,2003-05-01,AGP 8x,,,300.0,,,,,True,System Shared,300 MHz,System Shared,2 / 1 / 2 / 2,"May 1st, 2003",baraazaid/cpu-and-gpu-stats
59772311a38d1e11c9d3,Mobility Radeon 9100 IGP,RS300,2003-06-23,AGP 4x,,,300.0,,,,,True,System Shared,300 MHz,System Shared,2 / 1 / 2 / 2,"Jun 23rd, 2003",baraazaid/cpu-and-gpu-stats
dc6355966ac28f380593,Mobility Radeon 9100 PRO IGP,RS350,2003-06-23,AGP 4x,,,300.0,,,,,True,System Shared,300 MHz,System Shared,2 / 0 / 2 / 2,"Jun 23rd, 2003",baraazaid/cpu-and-gpu-stats
107c917dd1e561dccf7f,Mobility Radeon 9200,M9,2003-03-01,AGP 4x,0.03125,,250.0,200.0,,,,True,"32 MB, DDR, 64 bit",250 MHz,200 MHz,4 / 1 / 4 / 4,"Mar 1st, 2003",baraazaid/cpu-and-gpu-stats
383d8bdbefab797de9ad,Mobility Radeon 9500,M10,2004-06-01,AGP 4x,0.125,,230.0,190.0,,,,True,"128 MB, DDR, 64 bit",230 MHz,190 MHz,4 / 2 / 4 / 4,"Jun 1st, 2004",baraazaid/cpu-and-gpu-stats
fc9248c0aca1791f8009,Mobility Radeon 9550,M12,2004-06-01,AGP 4x,0.0625,,250.0,243.0,,,,True,"64 MB, DDR, 64 bit",250 MHz,243 MHz,4 / 2 / 4 / 4,"Jun 1st, 2004",baraazaid/cpu-and-gpu-stats
83c3660da6316df72265,Mobility Radeon 9600,M10,2004-06-01,AGP 8x,0.125,,300.0,200.0,,,,True,"128 MB, DDR, 64 bit",300 MHz,200 MHz,4 / 2 / 4 / 4,"Jun 1st, 2004",baraazaid/cpu-and-gpu-stats
87d18aedb95b587274d4,Mobility Radeon 9600 PRO,M10,2004-06-01,AGP 8x,0.125,,333.0,200.0,,,,True,"128 MB, DDR, 128 bit",333 MHz,200 MHz,4 / 2 / 4 / 4,"Jun 1st, 2004",baraazaid/cpu-and-gpu-stats
57989b3791acfac5e8fd,Mobility Radeon 9600 PRO Turbo,M10,2004-02-13,AGP 8x,0.125,,337.0,243.0,,,,True,"128 MB, DDR, 128 bit",337 MHz,243 MHz,4 / 2 / 4 / 4,"Feb 13th, 2004",baraazaid/cpu-and-gpu-stats
b1a5d36411c31484518e,Mobility Radeon 9700,M11,2004-06-01,AGP 8x,0.0625,,450.0,275.0,,,,True,"64 MB, DDR, 128 bit",450 MHz,275 MHz,4 / 2 / 4 / 4,"Jun 1st, 2004",baraazaid/cpu-and-gpu-stats
7d4e13d835f65a3f3688,Mobility Radeon 9700 SE,M10,2004-06-01,AGP 4x,0.125,,250.0,200.0,,,,True,"128 MB, DDR, 64 bit",250 MHz,200 MHz,4 / 2 / 4 / 4,"Jun 1st, 2004",baraazaid/cpu-and-gpu-stats
2140daf8a5be21960fdc,Mobility Radeon 9800,M18,2004-07-01,AGP 8x,0.25,,350.0,300.0,,,,True,"256 MB, DDR, 256 bit",350 MHz,300 MHz,8 / 4 / 8 / 8,"Jul 1st, 2004",baraazaid/cpu-and-gpu-stats
0a2f4121ff3d38e55a6c,Mobility Radeon HD 2300,M71,2007-03-01,PCIe 1.0 x16,0.125,DDR2,480.0,400.0,,,,True,"128 MB, DDR2, 128 bit",480 MHz,400 MHz,4 / 2 / 4 / 4,"Mar 1st, 2007",baraazaid/cpu-and-gpu-stats
5d32c7c44539c28af3bf,Mobility Radeon HD 2400,M72,2007-05-14,PCIe 1.0 x16,0.25,DDR2,450.0,400.0,40,4,4,True,"256 MB, DDR2, 64 bit",450 MHz,400 MHz,40 / 4 / 4,"May 14th, 2007",baraazaid/cpu-and-gpu-stats
a7be2bd7fa282e192064,Mobility Radeon HD 2400 XT,M74,2007-05-14,PCIe 1.0 x16,0.25,DDR2,600.0,400.0,40,4,4,True,"256 MB, DDR2, 64 bit",600 MHz,400 MHz,40 / 4 / 4,"May 14th, 2007",baraazaid/cpu-and-gpu-stats
29c6006539eb9c4e42ed,Mobility Radeon HD 2400 XT Mac Edition,M74,2007-06-28,PCIe 1.0 x16,0.125,GDDR3,650.0,800.0,40,4,4,True,"128 MB, GDDR3, 64 bit",650 MHz,800 MHz,40 / 4 / 4,"Jun 28th, 2007",baraazaid/cpu-and-gpu-stats
f2d8d5ea75580bdb4fb2,Mobility Radeon HD 2600,M76,2007-05-14,MXM-II,0.25,DDR2,500.0,400.0,120,8,4,True,"256 MB, DDR2, 128 bit",500 MHz,400 MHz,120 / 8 / 4,"May 14th, 2007",baraazaid/cpu-and-gpu-stats
657994adc0e30757caa9,Mobility Radeon HD 2600 XT,M76,2007-05-14,MXM-II,0.25,GDDR3,680.0,750.0,120,8,4,True,"256 MB, GDDR3, 128 bit",680 MHz,750 MHz,120 / 8 / 4,"May 14th, 2007",baraazaid/cpu-and-gpu-stats
b65cffac07d8c1beefe2,Mobility Radeon HD 2600 XT Mac Edition,M76,2007-07-26,MXM-II,0.25,GDDR3,600.0,685.0,120,8,4,True,"256 MB, GDDR3, 128 bit",600 MHz,685 MHz,120 / 8 / 4,"Jul 26th, 2007",baraazaid/cpu-and-gpu-stats
3c760742c39003dd162d,Mobility Radeon HD 2700,M76,2007-12-12,MXM-II,0.25,GDDR3,700.0,700.0,120,8,4,True,"256 MB, GDDR3, 128 bit",700 MHz,700 MHz,120 / 8 / 4,"Dec 12th, 2007",baraazaid/cpu-and-gpu-stats
9cb4ce502246c33a39b0,Mobility Radeon HD 3410,M82,2008-07-25,MXM-II,0.25,DDR2,400.0,400.0,40,4,4,True,"256 MB, DDR2, 64 bit",400 MHz,400 MHz,40 / 4 / 4,"Jul 25th, 2008",baraazaid/cpu-and-gpu-stats
503bb250be25926a74d9,Mobility Radeon HD 3430,M82,2008-07-25,MXM-II,0.25,DDR2,450.0,400.0,40,4,4,True,"256 MB, DDR2, 64 bit",450 MHz,400 MHz,40 / 4 / 4,"Jul 25th, 2008",baraazaid/cpu-and-gpu-stats
3ce78220cf4c1af95c5e,Mobility Radeon HD 3450,M82,2008-01-07,MXM-II,0.25,DDR2,500.0,400.0,40,4,4,True,"256 MB, DDR2, 64 bit",500 MHz,400 MHz,40 / 4 / 4,"Jan 7th, 2008",baraazaid/cpu-and-gpu-stats
553c42bf2f0ad05bcbbd,Mobility Radeon HD 3850,M88,2008-06-04,PCIe 2.0 x16,0.5,GDDR3,580.0,750.0,320,16,16,True,"512 MB, GDDR3, 256 bit",580 MHz,750 MHz,320 / 16 / 16,"Jun 4th, 2008",baraazaid/cpu-and-gpu-stats
7543f83225ff50cbbab9,Mobility Radeon HD 3850 X2,M88,2008-06-04,PCIe 2.0 x16,0.5,GDDR3,580.0,750.0,320,16,16,True,"512 MB, GDDR3, 256 bit",580 MHz,750 MHz,320 / 16 / 16,"Jun 4th, 2008",baraazaid/cpu-and-gpu-stats
c9535f4cee3404912ae3,Mobility Radeon HD 3870,M88,2008-06-04,PCIe 2.0 x16,0.5,GDDR3,660.0,850.0,320,16,16,True,"512 MB, GDDR3, 256 bit",660 MHz,850 MHz,320 / 16 / 16,"Jun 4th, 2008",baraazaid/cpu-and-gpu-stats
7f247330aecbcdfd5a5f,Mobility Radeon HD 3870 X2,M88,2008-09-01,PCIe 2.0 x16,0.5,GDDR3,660.0,850.0,320,16,16,True,"512 MB, GDDR3, 256 bit",660 MHz,850 MHz,320 / 16 / 16,"Sep 1st, 2008",baraazaid/cpu-and-gpu-stats
8c45f0d0e9855f676ea3,Mobility Radeon HD 530v,M92,2010-05-05,MXM-A (3.0),0.5,GDDR3,500.0,600.0,80,8,4,True,"512 MB, GDDR3, 64 bit",500 MHz,600 MHz,80 / 8 / 4,"May 5th, 2010",baraazaid/cpu-and-gpu-stats
359e34485d8bda46fa51,Mobility Radeon HD 540v,M92,2010-05-05,MXM-A (3.0),0.5,GDDR3,500.0,700.0,80,8,4,True,"512 MB, GDDR3, 64 bit",500 MHz,700 MHz,80 / 8 / 4,"May 5th, 2010",baraazaid/cpu-and-gpu-stats
26f21c50de883aa97d23,Mobility Radeon HD 540v,M92,2010-05-05,MXM-A (3.0),0.5,GDDR3,550.0,800.0,80,8,4,True,"512 MB, GDDR3, 64 bit",550 MHz,800 MHz,80 / 8 / 4,"May 5th, 2010",baraazaid/cpu-and-gpu-stats
f015a3fca5f2a4679f27,Mobility Radeon HD 545v,M92,2010-05-05,MXM-A (3.0),0.5,GDDR3,720.0,800.0,80,8,4,True,"512 MB, GDDR3, 64 bit",720 MHz,800 MHz,80 / 8 / 4,"May 5th, 2010",baraazaid/cpu-and-gpu-stats
160a97153f44a5027096,Mobility Radeon HD 550v,M96,2010-05-05,PCIe 2.0 x16,1.0,GDDR3,450.0,600.0,320,32,8,True,"1024 MB, GDDR3, 128 bit",450 MHz,600 MHz,320 / 32 / 8,"May 5th, 2010",baraazaid/cpu-and-gpu-stats
526eefe588de54860cbe,Mobility Radeon HD 5570,Pinewood,2012-11-23,PCIe 2.0 x16,1.0,GDDR3,550.0,800.0,400,20,8,True,"1024 MB, GDDR3, 128 bit",550 MHz,800 MHz,400 / 20 / 8,"Nov 23rd, 2012",baraazaid/cpu-and-gpu-stats
a1458d75456c2c5cc3ab,Mobility Radeon HD 560v,M96,2010-05-05,PCIe 2.0 x16,1.0,GDDR3,550.0,700.0,320,32,8,True,"1024 MB, GDDR3, 128 bit",550 MHz,700 MHz,320 / 32 / 8,"May 5th, 2010",baraazaid/cpu-and-gpu-stats
3ad95b642af9164e664c,Mobility Radeon HD 565v,M96,2010-05-05,PCIe 2.0 x16,1.0,GDDR3,675.0,800.0,320,32,8,True,"1024 MB, GDDR3, 128 bit",675 MHz,800 MHz,320 / 32 / 8,"May 5th, 2010",baraazaid/cpu-and-gpu-stats
623bd160551ee79fbf03,Mobility Radeon HD 5670 Mac Edition,Madison,2010-04-22,PCIe 2.0 x16,0.5,GDDR3,650.0,795.0,400,20,8,True,"512 MB, GDDR3, 128 bit",650 MHz,795 MHz,400 / 20 / 8,"Apr 22nd, 2010",baraazaid/cpu-and-gpu-stats
6e4dd9fc37f78d84b079,Mobility Radeon X1300,M52,2006-01-19,PCIe 1.0 x16,0.125,DDR2,350.0,250.0,,,,True,"128 MB, DDR2, 128 bit",350 MHz,250 MHz,4 / 2 / 4 / 4,"Jan 19th, 2006",baraazaid/cpu-and-gpu-stats
3ab4e9558cb4c93158a0,Mobility Radeon X1350,M62,2006-09-18,PCIe 1.0 x16,0.125,DDR2,419.0,392.0,,,,True,"128 MB, DDR2, 64 bit",419 MHz,392 MHz,4 / 2 / 4 / 4,"Sep 18th, 2006",baraazaid/cpu-and-gpu-stats
d747dfadfc8ffb5affae,Mobility Radeon X1350,M62,2006-09-18,PCIe 1.0 x16,0.125,DDR2,371.0,324.0,,,,True,"128 MB, DDR2, 64 bit",371 MHz,324 MHz,4 / 2 / 4 / 4,"Sep 18th, 2006",baraazaid/cpu-and-gpu-stats
79ec829dc4bc25848989,Mobility Radeon X1400,M54,2006-01-19,PCIe 1.0 x16,0.125,DDR2,445.0,250.0,,,,True,"128 MB, DDR2, 128 bit",445 MHz,250 MHz,4 / 2 / 4 / 4,"Jan 19th, 2006",baraazaid/cpu-and-gpu-stats
a18ab4228bb0c6c6a708,Mobility Radeon X1450,M64,2006-09-18,PCIe 1.0 x16,0.125,DDR2,550.0,450.0,,,,True,"128 MB, DDR2, 128 bit",550 MHz,450 MHz,4 / 2 / 4 / 4,"Sep 18th, 2006",baraazaid/cpu-and-gpu-stats
b5ad337e1d740ed469e3,Mobility Radeon X1600,M56,2006-02-01,PCIe 1.0 x16,0.25,GDDR3,450.0,470.0,,,,True,"256 MB, GDDR3, 128 bit",450 MHz,470 MHz,12 / 5 / 4 / 4,"Feb 1st, 2006",baraazaid/cpu-and-gpu-stats
236f3c1aecf76c0730f0,Mobility Radeon X1600 Mac Edition,M56,2007-11-08,PCIe 1.0 x16,0.125,GDDR3,398.0,396.0,,,,True,"128 MB, GDDR3, 128 bit",398 MHz,396 MHz,12 / 5 / 4 / 4,"Nov 8th, 2007",baraazaid/cpu-and-gpu-stats
a1cbc6c851458b5b5a4e,Mobility Radeon X1700,M66,2006-02-01,PCIe 1.0 x16,0.25,GDDR3,475.0,400.0,,,,True,"256 MB, GDDR3, 128 bit",475 MHz,400 MHz,12 / 5 / 4 / 4,"Feb 1st, 2006",baraazaid/cpu-and-gpu-stats
f4736fb8102497c923b1,Mobility Radeon X1800,M58,2006-03-01,MXM-III,0.25,GDDR3,450.0,500.0,,,,True,"256 MB, GDDR3, 256 bit",450 MHz,500 MHz,12 / 8 / 12 / 12,"Mar 1st, 2006",baraazaid/cpu-and-gpu-stats
3915b33c50697bf0d58a,Mobility Radeon X1800 XT,M58,2006-03-01,PCIe 1.0 x16,0.25,GDDR3,550.0,650.0,,,,True,"256 MB, GDDR3, 256 bit",550 MHz,650 MHz,16 / 8 / 16 / 16,"Mar 1st, 2006",baraazaid/cpu-and-gpu-stats
5e81f9928444c39913d6,Mobility Radeon X1900,M68,2007-01-11,PCIe 1.0 x16,0.25,GDDR3,400.0,480.0,,,,True,"256 MB, GDDR3, 256 bit",400 MHz,480 MHz,36 / 8 / 12 / 12,"Jan 11th, 2007",baraazaid/cpu-and-gpu-stats
757af37ba4de1f19534d,Mobility Radeon X200 IGP,RS400,2005-01-01,PCIe 1.0 x16,,,300.0,,,,,True,System Shared,300 MHz,System Shared,2 / 2 / 2 / 2,2005,baraazaid/cpu-and-gpu-stats
f737fa69fe5592918192,Mobility Radeon X200 IGP,RS480,2005-01-01,PCIe 1.0 x16,,,300.0,,,,,True,System Shared,300 MHz,System Shared,2 / 2 / 2 / 2,2005,baraazaid/cpu-and-gpu-stats
9d40b4d5b5dcdfd53af6,Mobility Radeon X2300,M64,2007-03-01,PCIe 1.0 x16,0.125,GDDR3,479.0,446.0,,,,True,"128 MB, GDDR3, 64 bit",479 MHz,446 MHz,4 / 2 / 4 / 4,"Mar 1st, 2007",baraazaid/cpu-and-gpu-stats
9b1deea8386b1ae5ae35,Mobility Radeon X2300,M64,2007-03-01,PCIe 1.0 x16,0.0625,DDR2,479.0,392.0,,,,True,"64 MB, DDR2, 64 bit",479 MHz,392 MHz,4 / 2 / 4 / 4,"Mar 1st, 2007",baraazaid/cpu-and-gpu-stats
c55a3736ae012593ddce,Mobility Radeon X2300 HD,M71,2007-03-01,PCIe 1.0 x16,0.25,DDR2,479.0,378.0,,,,True,"256 MB, DDR2, 32 bit",479 MHz,378 MHz,4 / 2 / 4 / 4,"Mar 1st, 2007",baraazaid/cpu-and-gpu-stats
e12dc7b0971e67cb127d,Mobility Radeon X2500,M66,2007-06-01,PCIe 1.0 x16,0.25,DDR2,460.0,400.0,,,,True,"256 MB, DDR2, 128 bit",460 MHz,400 MHz,12 / 5 / 4 / 4,"Jun 1st, 2007",baraazaid/cpu-and-gpu-stats
d70720d5204c49413a2b,Mobility Radeon X300,M22,2005-11-01,PCIe 1.0 x16,0.125,,350.0,250.0,,,,True,"128 MB, DDR, 64 bit",350 MHz,250 MHz,4 / 2 / 4 / 4,"Nov 1st, 2005",baraazaid/cpu-and-gpu-stats
d1b4436d9b788b785658,Mobility Radeon X300 IGP,RS480,2005-01-01,PCIe 1.0 x16,,,300.0,,,,,True,System Shared,300 MHz,System Shared,2 / 2 / 2 / 2,2005,baraazaid/cpu-and-gpu-stats
085c124238d61fa17e5c,Mobility Radeon X600,M24,2004-06-01,PCIe 1.0 x16,0.125,,400.0,250.0,,,,True,"128 MB, DDR, 128 bit",400 MHz,250 MHz,4 / 2 / 4 / 4,"Jun 1st, 2004",baraazaid/cpu-and-gpu-stats
b1ce90a1918f11998916,Mobility Radeon X600 SE,M24,2004-06-01,PCIe 1.0 x16,0.0625,,400.0,250.0,,,,True,"64 MB, DDR, 128 bit",400 MHz,250 MHz,4 / 2 / 4 / 4,"Jun 1st, 2004",baraazaid/cpu-and-gpu-stats
ce7dba609b55d6d2fa2a,Mobility Radeon X700,M26,2005-03-01,PCIe 1.0 x16,0.125,,350.0,300.0,,,,True,"128 MB, DDR, 128 bit",350 MHz,300 MHz,8 / 6 / 8 / 4,"Mar 1st, 2005",baraazaid/cpu-and-gpu-stats
e459ae1585ce699d064e,Mobility Radeon X700 XL,M26,2005-03-01,PCIe 1.0 x16,0.125,,350.0,330.0,,,,True,"128 MB, DDR, 128 bit",350 MHz,330 MHz,8 / 6 / 8 / 4,"Mar 1st, 2005",baraazaid/cpu-and-gpu-stats
21e7bd61009a05a8e5e9,Mobility Radeon X800,M28,2004-11-01,PCIe 1.0 x16,0.25,GDDR3,400.0,400.0,,,,True,"256 MB, GDDR3, 256 bit",400 MHz,400 MHz,12 / 6 / 12 / 12,"Nov 1st, 2004",baraazaid/cpu-and-gpu-stats
33f66faddf377d9de436,Mobility Radeon X800 XT,M28,2005-06-01,PCIe 1.0 x16,0.25,GDDR3,480.0,550.0,,,,True,"256 MB, GDDR3, 256 bit",480 MHz,550 MHz,16 / 6 / 16 / 16,"Jun 1st, 2005",baraazaid/cpu-and-gpu-stats
1004cc3348534ab37a27,Mobility Radeon-P,M6,2002-01-01,AGP 4x,0.03125,,166.0,166.0,,,,True,"32 MB, DDR, 64 bit",166 MHz,166 MHz,1 / 0 / 3 / 1,2002,baraazaid/cpu-and-gpu-stats
fce911068de98c7474b7,Mystique G200,Eclipse,1998-01-01,AGP 2x,0.0078125,,84.0,112.0,,,,True,"8 MB, SDR, 64 bit",84 MHz,112 MHz,1 / 1 / 1 / 1,1998,baraazaid/cpu-and-gpu-stats
3082216641e8a9a897be,NV1,NV1,1995-09-30,PCI,0.001953125,,75.0,60.0,,,,True,"2 MB, EDO, 64 bit",75 MHz,60 MHz,1 / 0 / 1 / 1,"Sep 30th, 1995",baraazaid/cpu-and-gpu-stats
7c99573ffb5f57f72769,NVS 1000,GK107,,PCIe 3.0 x16,2.0,DDR3,797.0,891.0,192,16,16,True,"2 GB, DDR3, 128 bit",797 MHz,891 MHz,192 / 16 / 16,Never Released,baraazaid/cpu-and-gpu-stats
79c97d0b4bb27a6026ca,NVS 310,GF119,2012-06-26,PCIe 2.0 x16,0.5,DDR3,523.0,875.0,48,8,4,True,"512 MB, DDR3, 64 bit",523 MHz,875 MHz,48 / 8 / 4,"Jun 26th, 2012",baraazaid/cpu-and-gpu-stats
e117ff7f77f4b9484aec,NVS 315,GF119,2013-03-10,PCIe 2.0 x16,1.0,DDR3,523.0,875.0,48,8,4,True,"1024 MB, DDR3, 64 bit",523 MHz,875 MHz,48 / 8 / 4,"Mar 10th, 2013",baraazaid/cpu-and-gpu-stats
4ea7b2f04d536c168720,NVS 510,GK107,2012-10-23,PCIe 2.0 x16,2.0,DDR3,797.0,891.0,192,16,16,True,"2 GB, DDR3, 128 bit",797 MHz,891 MHz,192 / 16 / 16,"Oct 23rd, 2012",baraazaid/cpu-and-gpu-stats
441d85e47be0d9ebdfb4,NVS 5200M,GF117,2012-06-01,MXM,1.0,DDR3,625.0,900.0,96,16,4,True,"1024 MB, DDR3, 64 bit",625 MHz,900 MHz,96 / 16 / 4,"Jun 1st, 2012",baraazaid/cpu-and-gpu-stats
988029911191b53a5af6,NVS 5200M,GF108,2012-09-17,MXM,1.0,GDDR5,672.0,785.0,96,16,4,True,"1024 MB, GDDR5, 64 bit",672 MHz,785 MHz,96 / 16 / 4,"Sep 17th, 2012",baraazaid/cpu-and-gpu-stats
a1be235215b1977759ba,NVS 5400M,GF108,2012-06-01,MXM,2.0,GDDR3,660.0,900.0,96,16,4,True,"2 GB, GDDR3, 128 bit",660 MHz,900 MHz,96 / 16 / 4,"Jun 1st, 2012",baraazaid/cpu-and-gpu-stats
b9ee3d7597b185507959,NVS 810,GM107,2015-11-04,PCIe 3.0 x16,2.0,DDR3,902.0,900.0,512,32,16,True,"2 GB, DDR3, 64 bit",902 MHz,900 MHz,512 / 32 / 16,"Nov 4th, 2015",baraazaid/cpu-and-gpu-stats
851e17ba4ae82e421592,P102-100,GP102,2018-02-12,PCIe 1.0 x4,5.0,GDDR5X,1582.0,1376.0,3200,200,80,True,"5 GB, GDDR5X, 320 bit",1582 MHz,1376 MHz,3200 / 200 / 80,"Feb 12th, 2018",baraazaid/cpu-and-gpu-stats
d9206ab3510a25bd3878,P102-101,GP102,2018-01-01,PCIe 3.0 x4,10.0,GDDR5,1557.0,2002.0,3200,200,80,True,"10 GB, GDDR5, 320 bit",1557 MHz,2002 MHz,3200 / 200 / 80,2018,baraazaid/cpu-and-gpu-stats
c5d536a7573a266b8f8e,P104-101,GP104,2018-01-05,PCIe 1.0 x4,4.0,GDDR5,1506.0,2002.0,2560,160,64,True,"4 GB, GDDR5, 256 bit",1506 MHz,2002 MHz,2560 / 160 / 64,"Jan 5th, 2018",baraazaid/cpu-and-gpu-stats
5447de770955446d0d1a,PG506-207,GA100,2021-04-12,PCIe 4.0 x16,24.0,HBM2,930.0,1215.0,3584,224,96,True,"24 GB, HBM2, 3072 bit",930 MHz,1215 MHz,3584 / 224 / 96,"Apr 12th, 2021",baraazaid/cpu-and-gpu-stats
266be689eeef4c826897,PG506-217,GA100,2021-04-12,PCIe 4.0 x16,24.0,HBM2,930.0,1215.0,3584,224,96,True,"24 GB, HBM2, 3072 bit",930 MHz,1215 MHz,3584 / 224 / 96,"Apr 12th, 2021",baraazaid/cpu-and-gpu-stats
919af51142f6ae001858,PG506-232,GA100,2021-04-12,PCIe 4.0 x16,24.0,HBM2,930.0,1215.0,3584,224,96,True,"24 GB, HBM2, 3072 bit",930 MHz,1215 MHz,3584 / 224 / 96,"Apr 12th, 2021",baraazaid/cpu-and-gpu-stats
917dc6a25d94cd40a2aa,PG506-242,GA100,2021-04-12,PCIe 4.0 x16,24.0,HBM2,930.0,1215.0,3584,224,96,True,"24 GB, HBM2, 3072 bit",930 MHz,1215 MHz,3584 / 224 / 96,"Apr 12th, 2021",baraazaid/cpu-and-gpu-stats
7dbb7fdae7022e086a2c,Parhelia 128 MB,Parhelia-512,2002-06-25,AGP 4x,0.125,,200.0,250.0,,,,True,"128 MB, DDR, 256 bit",200 MHz,250 MHz,4 / 4 / 16 / 4,"Jun 25th, 2002",baraazaid/cpu-and-gpu-stats
d9058c74611fc5b12e5a,Parhelia 128 MB,Parhelia-512,2002-06-25,AGP 4x,0.125,,220.0,275.0,,,,True,"128 MB, DDR, 256 bit",220 MHz,275 MHz,4 / 4 / 16 / 4,"Jun 25th, 2002",baraazaid/cpu-and-gpu-stats
40e6068770213538e33d,Parhelia 128 MB,Parhelia-512,2004-03-30,AGP 8x,0.125,,250.0,300.0,,,,True,"128 MB, DDR, 256 bit",250 MHz,300 MHz,4 / 4 / 16 / 4,"Mar 30th, 2004",baraazaid/cpu-and-gpu-stats
ba01a0688f2e3e7b3941,Parhelia 256 MB,Parhelia-512,2002-06-25,AGP 4x,0.25,,200.0,250.0,,,,True,"256 MB, DDR, 256 bit",200 MHz,250 MHz,4 / 4 / 16 / 4,"Jun 25th, 2002",baraazaid/cpu-and-gpu-stats
70d8e1c6fdd03e6ca5c0,Parhelia 256 MB,Parhelia-512,2004-03-30,AGP 8x,0.25,,250.0,325.0,,,,True,"256 MB, DDR, 256 bit",250 MHz,325 MHz,4 / 4 / 16 / 4,"Mar 30th, 2004",baraazaid/cpu-and-gpu-stats
30afb992619c91bb9201,Parhelia APVe,Parhelia-512,2006-06-14,PCIe 1.0 x16,0.125,,250.0,250.0,,,,True,"128 MB, DDR, 128 bit",250 MHz,250 MHz,2 / 2 / 8 / 2,"Jun 14th, 2006",baraazaid/cpu-and-gpu-stats
ff91b18541ae832a1ded,Parhelia HR256,Parhelia-512,2003-09-01,PCI-X,0.25,,200.0,250.0,,,,True,"256 MB, DDR, 64 bit",200 MHz,250 MHz,4 / 4 / 16 / 4,Sep 2003,baraazaid/cpu-and-gpu-stats
4418faf408933627c326,Playstation 2 GPU 180nm,GS-180nm,2001-04-18,IGP,0.00390625,,147.0,150.0,,,,True,"4 MB, eDRAM, 2560 bit",147 MHz,150 MHz,16 / 2 / 8 / 16,"Apr 18th, 2001",baraazaid/cpu-and-gpu-stats
e15f34646d37ec2fe7a9,Playstation 2 GPU 250nm,GS-250nm,2000-03-04,IGP,0.00390625,,147.0,150.0,,,,True,"4 MB, eDRAM, 2560 bit",147 MHz,150 MHz,16 / 2 / 8 / 16,"Mar 4th, 2000",baraazaid/cpu-and-gpu-stats
d4b602c9eab1ad59a1b2,Playstation 2 GPU 65nm,EE+GS-65nm,2007-07-01,IGP,0.00390625,,147.0,150.0,,,,True,"4 MB, eDRAM, 2560 bit",147 MHz,150 MHz,16 / 2 / 8 / 16,"Jul 1st, 2007",baraazaid/cpu-and-gpu-stats
e5e9ea21275149a27c83,Playstation 2 GPU 90nm,EE+GS-90nm,2005-05-26,IGP,0.00390625,,147.0,150.0,,,,True,"4 MB, eDRAM, 2560 bit",147 MHz,150 MHz,16 / 2 / 8 / 16,"May 26th, 2005",baraazaid/cpu-and-gpu-stats
5248789e948c7f72e27b,Playstation 3 GPU 28nm,RSX-28nm,2013-06-03,IGP,0.25,GDDR3,550.0,650.0,,,,True,"256 MB, GDDR3, 128 bit",550 MHz,650 MHz,24 / 8 / 24 / 8,"Jun 3rd, 2013",baraazaid/cpu-and-gpu-stats
b581aebf053172be77ad,Playstation 3 GPU 40nm,RSX-40nm,2012-10-04,IGP,0.25,GDDR3,550.0,650.0,,,,True,"256 MB, GDDR3, 128 bit",550 MHz,650 MHz,24 / 8 / 24 / 8,"Oct 4th, 2012",baraazaid/cpu-and-gpu-stats
1572bfb82bbbdf38f00a,Playstation 3 GPU 65nm,RSX-65nm,2008-08-01,IGP,0.25,GDDR3,550.0,650.0,,,,True,"256 MB, GDDR3, 128 bit",550 MHz,650 MHz,24 / 8 / 24 / 8,Aug 2008,baraazaid/cpu-and-gpu-stats
7a14ce2ca5451ee0ed32,Playstation 3 GPU 90nm,RSX-90nm,2006-11-11,IGP,0.25,GDDR3,550.0,650.0,,,,True,"256 MB, GDDR3, 128 bit",550 MHz,650 MHz,24 / 8 / 24 / 8,"Nov 11th, 2006",baraazaid/cpu-and-gpu-stats
fbc307bdb42cbd02e2d5,Playstation 4 GPU,Liverpool,2013-11-24,IGP,8.0,GDDR5,800.0,1375.0,1152,72,32,True,"8 GB, GDDR5, 256 bit",800 MHz,1375 MHz,1152 / 72 / 32,"Nov 24th, 2013",baraazaid/cpu-and-gpu-stats
9344220e119afce94c68,Playstation 4 Pro GPU,Neo,2016-11-10,IGP,8.0,GDDR5,911.0,1700.0,2304,144,32,True,"8 GB, GDDR5, 256 bit",911 MHz,1700 MHz,2304 / 144 / 32,"Nov 10th, 2016",baraazaid/cpu-and-gpu-stats
36983067da231a36e8b0,Playstation 4 Slim GPU,Liverpool 16nm,2016-09-07,IGP,8.0,GDDR5,800.0,1375.0,1152,72,32,True,"8 GB, GDDR5, 256 bit",800 MHz,1375 MHz,1152 / 72 / 32,"Sep 7th, 2016",baraazaid/cpu-and-gpu-stats
0b9d61cafd971c25a0b4,Playstation 5 GPU,Oberon,2020-11-12,IGP,16.0,GDDR6,2233.0,1750.0,2304,144,64,True,"16 GB, GDDR6, 256 bit",2233 MHz,1750 MHz,2304 / 144 / 64,"Nov 12th, 2020",baraazaid/cpu-and-gpu-stats
1d620ddde502fdaa4bbd,Playstation 5 GPU,Oberon Plus,2022-09-28,IGP,16.0,GDDR6,2233.0,1750.0,2304,144,64,True,"16 GB, GDDR6, 256 bit",2233 MHz,1750 MHz,2304 / 144 / 64,"Sep 28th, 2022",baraazaid/cpu-and-gpu-stats
91aed37bee5b48283940,Playstation GPU 350nm,GTE-2,1997-11-13,IGP,0.0009765625,SGRAM,53.0,33.0,,,,True,"1 MB, SGRAM, 32 bit",53 MHz,33 MHz,2 / 1 / 3 / 1,"Nov 13th, 1997",baraazaid/cpu-and-gpu-stats
6fb68616894a7dc59651,Playstation GPU 600nm,GTE,1994-12-03,IGP,0.0009765625,,53.0,33.0,,,,True,"1 MB, VRAM, 32 bit",53 MHz,33 MHz,2 / 1 / 3 / 1,"Dec 3rd, 1994",baraazaid/cpu-and-gpu-stats
4aead462f11e0fe43425,Playstation Portable GPU 65nm,RE+SE-65nm,2007-08-30,IGP,0.001953125,,133.0,83.0,,,,True,"2 MB, eDRAM, 512 bit",133 MHz,83 MHz,2 / 1 / 5 / 5,"Aug 30th, 2007",baraazaid/cpu-and-gpu-stats
fa6d88f1b6e79001431d,Playstation Portable GPU 90nm,RE+SE-90nm,2004-12-12,IGP,0.001953125,,133.0,83.0,,,,True,"2 MB, eDRAM, 512 bit",133 MHz,83 MHz,2 / 1 / 5 / 5,"Dec 12th, 2004",baraazaid/cpu-and-gpu-stats
7465967aea600e260a58,Productiva G100,Twister,1998-01-01,AGP 2x,0.001953125,,41.0,62.0,,,,True,"2 MB, SGR, 64 bit",41 MHz,62 MHz,1 / 1 / 1 / 1,1998,baraazaid/cpu-and-gpu-stats
1db9d8fcf68741d946ac,QID,MP-A4,2004-12-17,AGP 8x,0.25,,250.0,300.0,,,,True,"256 MB, DDR, 128 bit",250 MHz,300 MHz,2 / 2 / 8 / 2,"Dec 17th, 2004",baraazaid/cpu-and-gpu-stats
6becb086da4e5423b969,QID LP PCI,MP-A4,2004-12-17,PCI-X,0.125,,250.0,300.0,,,,True,"128 MB, DDR, 64 bit",250 MHz,300 MHz,2 / 2 / 8 / 2,"Dec 17th, 2004",baraazaid/cpu-and-gpu-stats
646ad8f9d4079409dea7,QID LP PCIe,MP-A4,2004-12-17,PCIe 1.0 x16,0.125,,250.0,300.0,,,,True,"128 MB, DDR, 128 bit",250 MHz,300 MHz,2 / 2 / 8 / 2,"Dec 17th, 2004",baraazaid/cpu-and-gpu-stats
d69ff798e8b6d48f1bae,QID PRO,MP-A4,2004-12-17,PCI-X,0.25,,250.0,300.0,,,,True,"256 MB, DDR, 64 bit",250 MHz,300 MHz,2 / 2 / 8 / 2,"Dec 17th, 2004",baraazaid/cpu-and-gpu-stats
d487bb915101f30fa684,Quadro,NV10,1999-01-01,AGP 4x,0.03125,,135.0,166.0,,,,True,"32 MB, SDR, 128 bit",135 MHz,166 MHz,4 / 0 / 4 / 4,1999,baraazaid/cpu-and-gpu-stats
238b5a88d356a529642e,Quadro 2000,GF106,2010-12-24,PCIe 2.0 x16,1.0,GDDR5,625.0,650.0,192,32,16,True,"1024 MB, GDDR5, 128 bit",625 MHz,650 MHz,192 / 32 / 16,"Dec 24th, 2010",baraazaid/cpu-and-gpu-stats
87b2a948a4fb51ea6dc3,Quadro 4000,GF100,2010-11-02,PCIe 2.0 x16,2.0,GDDR5,475.0,702.0,256,32,32,True,"2 GB, GDDR5, 256 bit",475 MHz,702 MHz,256 / 32 / 32,"Nov 2nd, 2010",baraazaid/cpu-and-gpu-stats
1e55346a14acc12c8245,Quadro 410,GK107,2012-08-07,PCIe 2.0 x16,0.5,DDR3,706.0,891.0,192,16,8,True,"512 MB, DDR3, 64 bit",706 MHz,891 MHz,192 / 16 / 8,"Aug 7th, 2012",baraazaid/cpu-and-gpu-stats
1c392a020c61ab992244,Quadro 4100,GK104,,PCIe 3.0 x16,2.0,DDR3,797.0,891.0,1344,112,32,True,"2 GB, DDR3, 256 bit",797 MHz,891 MHz,1344 / 112 / 32,Unknown,baraazaid/cpu-and-gpu-stats
a997fdc8d6050ca623dc,Quadro 5000M,GF100,2010-07-27,MXM-B (3.0),2.0,GDDR5,405.0,600.0,320,40,32,True,"2 GB, GDDR5, 256 bit",405 MHz,600 MHz,320 / 40 / 32,"Jul 27th, 2010",baraazaid/cpu-and-gpu-stats
a147e59fde7161fb5cc0,Quadro 600,GF108,2010-12-13,PCIe 2.0 x16,1.0,DDR3,640.0,800.0,96,16,8,True,"1024 MB, DDR3, 128 bit",640 MHz,800 MHz,96 / 16 / 8,"Dec 13th, 2010",baraazaid/cpu-and-gpu-stats
597acb1f4495ad69f722,Quadro 6000,GF100,2010-12-10,PCIe 2.0 x16,6.0,GDDR5,574.0,747.0,448,56,48,True,"6 GB, GDDR5, 384 bit",574 MHz,747 MHz,448 / 56 / 48,"Dec 10th, 2010",baraazaid/cpu-and-gpu-stats
05fd6f0573ce06c781c1,Quadro 7000,GF110,2012-05-02,PCIe 2.0 x16,6.0,GDDR5,651.0,851.0,512,64,48,True,"6 GB, GDDR5, 384 bit",651 MHz,851 MHz,512 / 64 / 48,"May 2nd, 2012",baraazaid/cpu-and-gpu-stats
8dc25be053e1ebda8e44,Quadro CX,GT200B,2008-11-11,PCIe 2.0 x16,1.5,GDDR3,602.0,800.0,192,64,24,True,"1536 MB, GDDR3, 384 bit",602 MHz,800 MHz,192 / 64 / 24,"Nov 11th, 2008",baraazaid/cpu-and-gpu-stats
a8ae77944e167327d6cf,Quadro DCC,NV20,2001-05-14,AGP 4x,0.0625,,200.0,230.0,,,,True,"64 MB, SDR, 128 bit",200 MHz,230 MHz,4 / 1 / 4 / 4,"May 14th, 2001",baraazaid/cpu-and-gpu-stats
6e7a2495080f022399e3,Quadro FX 1100,NV36B,2004-04-01,AGP 8x,0.125,DDR2,425.0,325.0,,,,True,"128 MB, DDR2, 128 bit",425 MHz,325 MHz,4 / 3 / 4 / 4,"Apr 1st, 2004",baraazaid/cpu-and-gpu-stats
e63797cd9209e0bdeb48,Quadro FX 1300,NV38,2004-08-09,PCIe 1.0 x16,0.125,,350.0,275.0,,,,True,"128 MB, DDR, 256 bit",350 MHz,275 MHz,4 / 3 / 8 / 4,"Aug 9th, 2004",baraazaid/cpu-and-gpu-stats
655ba6f11560cd3598f6,Quadro FX 1400,NV41,2004-08-09,PCIe 1.0 x16,0.125,,350.0,300.0,,,,True,"128 MB, DDR, 256 bit",350 MHz,300 MHz,12 / 5 / 12 / 8,"Aug 9th, 2004",baraazaid/cpu-and-gpu-stats
131e18f82497ee3cbd12,Quadro FX 1500,G71,2006-04-20,PCIe 1.0 x16,0.25,GDDR3,325.0,625.0,,,,True,"256 MB, GDDR3, 256 bit",325 MHz,625 MHz,16 / 6 / 16 / 16,"Apr 20th, 2006",baraazaid/cpu-and-gpu-stats
78cd458628b8dbb50d68,Quadro FX 1500M,G71,2006-04-18,MXM-II,0.5,GDDR3,375.0,500.0,,,,True,"512 MB, GDDR3, 256 bit",375 MHz,500 MHz,20 / 7 / 20 / 16,"Apr 18th, 2006",baraazaid/cpu-and-gpu-stats
2686acc358201cfde5b2,Quadro FX 1600M,G84,2007-06-01,MXM-HE,0.5,GDDR3,625.0,800.0,32,16,8,True,"512 MB, GDDR3, 128 bit",625 MHz,800 MHz,32 / 16 / 8,"Jun 1st, 2007",baraazaid/cpu-and-gpu-stats
a5de43ab519af71e2fb5,Quadro FX 1700,G84,2007-09-12,PCIe 1.0 x16,0.5,DDR2,460.0,400.0,32,16,8,True,"512 MB, DDR2, 256 bit",460 MHz,400 MHz,32 / 16 / 8,"Sep 12th, 2007",baraazaid/cpu-and-gpu-stats
f9cb165a49a5b8892806,Quadro FX 1700 Mac Edition,G84,2008-09-27,PCIe 1.0 x16,0.5,GDDR3,520.0,650.0,32,16,8,True,"512 MB, GDDR3, 128 bit",520 MHz,650 MHz,32 / 16 / 8,"Sep 27th, 2008",baraazaid/cpu-and-gpu-stats
415489028eef5d29da3c,Quadro FX 1700M,G96,2008-10-01,MXM-II,0.5,GDDR3,625.0,800.0,32,16,8,True,"512 MB, GDDR3, 128 bit",625 MHz,800 MHz,32 / 16 / 8,"Oct 1st, 2008",baraazaid/cpu-and-gpu-stats
32e7b9af00ad26ee98e0,Quadro FX 2500M,G71,2005-09-29,MXM-III,0.5,GDDR3,500.0,600.0,,,,True,"512 MB, GDDR3, 256 bit",500 MHz,600 MHz,24 / 8 / 24 / 16,"Sep 29th, 2005",baraazaid/cpu-and-gpu-stats
4e8074a46747040b6102,Quadro FX 2700M,G94,2008-08-14,MXM-HE,0.5,GDDR3,530.0,799.0,48,24,16,True,"512 MB, GDDR3, 256 bit",530 MHz,799 MHz,48 / 24 / 16,"Aug 14th, 2008",baraazaid/cpu-and-gpu-stats
cf8f093176f9237b89c0,Quadro FX 3000,NV35,2003-07-22,AGP 8x,0.25,,400.0,425.0,,,,True,"256 MB, DDR, 256 bit",400 MHz,425 MHz,4 / 3 / 8 / 4,"Jul 22nd, 2003",baraazaid/cpu-and-gpu-stats
3357593b548691156d2d,Quadro FX 3000G,NV35,2003-07-22,AGP 8x,0.25,,400.0,425.0,,,,True,"256 MB, DDR, 256 bit",400 MHz,425 MHz,4 / 3 / 8 / 4,"Jul 22nd, 2003",baraazaid/cpu-and-gpu-stats
88c041b9d4c939bf9bdf,Quadro FX 330,NV37,2004-06-28,PCIe 1.0 x16,0.0625,DDR2,250.0,200.0,,,,True,"64 MB, DDR2, 64 bit",250 MHz,200 MHz,4 / 2 / 4 / 4,"Jun 28th, 2004",baraazaid/cpu-and-gpu-stats
479f9dd69d1c326eda68,Quadro FX 3400,NV45,2004-06-28,PCIe 1.0 x16,0.25,GDDR3,350.0,450.0,,,,True,"256 MB, GDDR3, 256 bit",350 MHz,450 MHz,12 / 5 / 12 / 12,"Jun 28th, 2004",baraazaid/cpu-and-gpu-stats
431c58b382fee1832f6f,Quadro FX 3450,NV41,2005-07-28,PCIe 1.0 x16,0.25,GDDR3,425.0,500.0,,,,True,"256 MB, GDDR3, 256 bit",425 MHz,500 MHz,12 / 5 / 12 / 12,"Jul 28th, 2005",baraazaid/cpu-and-gpu-stats
2ad2061e65e3328bb602,Quadro FX 350,G72,2006-04-20,PCIe 1.0 x16,0.125,DDR2,550.0,405.0,,,,True,"128 MB, DDR2, 64 bit",550 MHz,405 MHz,4 / 3 / 4 / 2,"Apr 20th, 2006",baraazaid/cpu-and-gpu-stats
226156963a70ef83378f,Quadro FX 3500,G71,2006-05-22,PCIe 1.0 x16,0.25,GDDR3,450.0,660.0,,,,True,"256 MB, GDDR3, 256 bit",450 MHz,660 MHz,20 / 7 / 20 / 16,"May 22nd, 2006",baraazaid/cpu-and-gpu-stats
18db645304a32ac8a8b2,Quadro FX 3500M,G71,2007-03-01,MXM-III,0.5,GDDR3,575.0,600.0,,,,True,"512 MB, GDDR3, 256 bit",575 MHz,600 MHz,24 / 8 / 24 / 16,"Mar 1st, 2007",baraazaid/cpu-and-gpu-stats
0b366fb49372cbf588d6,Quadro FX 350M,G72,2006-03-13,PCIe 1.0 x16,0.25,GDDR3,450.0,450.0,,,,True,"256 MB, GDDR3, 128 bit",450 MHz,450 MHz,4 / 3 / 4 / 2,"Mar 13th, 2006",baraazaid/cpu-and-gpu-stats
f610885e4e5c72e6e89c,Quadro FX 3600M,G92,2008-02-23,MXM-HE,0.5,GDDR3,500.0,799.0,64,32,16,True,"512 MB, GDDR3, 256 bit",500 MHz,799 MHz,64 / 32 / 16,"Feb 23rd, 2008",baraazaid/cpu-and-gpu-stats
fedd519008b1e5cdb328,Quadro FX 3600M,G92,2008-02-23,MXM-HE,0.5,GDDR3,500.0,800.0,96,48,16,True,"512 MB, GDDR3, 256 bit",500 MHz,800 MHz,96 / 48 / 16,"Feb 23rd, 2008",baraazaid/cpu-and-gpu-stats
d235c9c8d2bb86b65c04,Quadro FX 360M,G86,2007-05-09,PCIe 1.0 x16,0.25,DDR2,400.0,600.0,16,8,4,True,"256 MB, DDR2, 64 bit",400 MHz,600 MHz,16 / 8 / 4,"May 9th, 2007",baraazaid/cpu-and-gpu-stats
0408d0acb15a7a7c9a57,Quadro FX 370,G84,2007-09-12,PCIe 1.0 x16,0.25,DDR2,360.0,500.0,16,8,4,True,"256 MB, DDR2, 64 bit",360 MHz,500 MHz,16 / 8 / 4,"Sep 12th, 2007",baraazaid/cpu-and-gpu-stats
d1953eebc43483ecf12a,Quadro FX 370 LP,G98,2008-11-06,PCIe 1.0 x16,0.25,DDR2,540.0,500.0,8,4,4,True,"256 MB, DDR2, 64 bit",540 MHz,500 MHz,8 / 4 / 4,"Nov 6th, 2008",baraazaid/cpu-and-gpu-stats
00e93c060062d6cbe700,Quadro FX 3700,G92,2008-01-08,PCIe 2.0 x16,0.5,GDDR3,500.0,800.0,112,56,16,True,"512 MB, GDDR3, 256 bit",500 MHz,800 MHz,112 / 56 / 16,"Jan 8th, 2008",baraazaid/cpu-and-gpu-stats
7f93fb9a91d709b4ba43,Quadro FX 3700M,G92,2008-08-14,MXM-HE,1.0,GDDR3,550.0,800.0,128,64,16,True,"1024 MB, GDDR3, 256 bit",550 MHz,800 MHz,128 / 64 / 16,"Aug 14th, 2008",baraazaid/cpu-and-gpu-stats
a2fa494f8e99a40d150f,Quadro FX 370M,G98,2008-08-15,MXM-II,0.25,GDDR3,580.0,400.0,8,4,4,True,"256 MB, GDDR3, 64 bit",580 MHz,400 MHz,8 / 4 / 4,"Aug 15th, 2008",baraazaid/cpu-and-gpu-stats
5091145852d5b072dd24,Quadro FX 3800M,G92,2008-08-14,MXM-B (3.0),1.0,GDDR3,675.0,1000.0,128,64,16,True,"1024 MB, GDDR3, 256 bit",675 MHz,1000 MHz,128 / 64 / 16,"Aug 14th, 2008",baraazaid/cpu-and-gpu-stats
f9dba11ef0fd63e13ac8,Quadro FX 4000,NV40,2004-04-01,AGP 8x,0.25,GDDR3,375.0,500.0,,,,True,"256 MB, GDDR3, 256 bit",375 MHz,500 MHz,16 / 6 / 16 / 16,"Apr 1st, 2004",baraazaid/cpu-and-gpu-stats
6ad0d804bc155ef27509,Quadro FX 4000 SDI,NV41,2004-04-19,PCIe 1.0 x16,0.25,GDDR3,425.0,500.0,,,,True,"256 MB, GDDR3, 256 bit",425 MHz,500 MHz,12 / 5 / 12 / 12,"Apr 19th, 2004",baraazaid/cpu-and-gpu-stats
b141030664209a16c0b9,Quadro FX 4400,NV45,2005-07-28,PCIe 1.0 x16,0.5,GDDR3,375.0,525.0,,,,True,"512 MB, GDDR3, 256 bit",375 MHz,525 MHz,16 / 6 / 16 / 16,"Jul 28th, 2005",baraazaid/cpu-and-gpu-stats
f158b4a48668598bf3b1,Quadro FX 4400G,NV45,2005-07-28,PCIe 1.0 x16,0.5,GDDR3,375.0,525.0,,,,True,"512 MB, GDDR3, 256 bit",375 MHz,525 MHz,16 / 6 / 16 / 16,"Jul 28th, 2005",baraazaid/cpu-and-gpu-stats
2e05b1722f85c1429dcb,Quadro FX 4500,G70,2005-07-28,PCIe 1.0 x16,0.5,GDDR3,430.0,525.0,,,,True,"512 MB, GDDR3, 256 bit",430 MHz,525 MHz,24 / 8 / 24 / 16,"Jul 28th, 2005",baraazaid/cpu-and-gpu-stats
5ac94bf1041ff67003e3,Quadro FX 4500 SDI,G70,2006-01-30,PCIe 1.0 x16,0.5,GDDR3,430.0,525.0,,,,True,"512 MB, GDDR3, 256 bit",430 MHz,525 MHz,24 / 8 / 24 / 16,"Jan 30th, 2006",baraazaid/cpu-and-gpu-stats
61975c500e353eb0d82a,Quadro FX 4500 X2,G71,2006-04-24,PCIe 1.0 x16,0.5,GDDR3,500.0,605.0,,,,True,"512 MB, GDDR3, 256 bit",500 MHz,605 MHz,24 / 8 / 24 / 16,"Apr 24th, 2006",baraazaid/cpu-and-gpu-stats
9ec02046de02308ed937,Quadro FX 4600,G80,2007-03-05,PCIe 1.0 x16,0.75,GDDR3,500.0,700.0,96,24,24,True,"768 MB, GDDR3, 384 bit",500 MHz,700 MHz,96 / 24 / 24,"Mar 5th, 2007",baraazaid/cpu-and-gpu-stats
cadf6abafd6b23a7d8fe,Quadro FX 4600 SDI,G80,2007-03-05,PCIe 1.0 x16,0.75,GDDR3,500.0,700.0,96,24,24,True,"768 MB, GDDR3, 384 bit",500 MHz,700 MHz,96 / 24 / 24,"Mar 5th, 2007",baraazaid/cpu-and-gpu-stats
ae68219933c81dfcfeec,Quadro FX 470,C79,2007-09-12,PCI,,,580.0,,16,8,4,True,System Shared,580 MHz,System Shared,16 / 8 / 4,"Sep 12th, 2007",baraazaid/cpu-and-gpu-stats
916aac5927eb55a82e95,Quadro FX 4700 X2,G92,2008-04-18,PCIe 2.0 x16,1.0,GDDR3,600.0,800.0,128,64,16,True,"1024 MB, GDDR3, 256 bit",600 MHz,800 MHz,128 / 64 / 16,"Apr 18th, 2008",baraazaid/cpu-and-gpu-stats
691f8cd0f52fc2605764,Quadro FX 4800,GT200B,2008-11-11,PCIe 2.0 x16,1.5,GDDR3,602.0,800.0,192,64,24,True,"1536 MB, GDDR3, 384 bit",602 MHz,800 MHz,192 / 64 / 24,"Nov 11th, 2008",baraazaid/cpu-and-gpu-stats
2323fd90fe61ae34e9f0,Quadro FX 4800 Mac Edition,GT200B,2008-11-11,PCIe 2.0 x16,1.5,GDDR3,602.0,800.0,192,64,24,True,"1536 MB, GDDR3, 384 bit",602 MHz,800 MHz,192 / 64 / 24,"Nov 11th, 2008",baraazaid/cpu-and-gpu-stats
a6a22f862f789764d07e,Quadro FX 500,NV34,2003-05-21,AGP 8x,0.125,,270.0,240.0,,,,True,"128 MB, DDR, 128 bit",270 MHz,240 MHz,4 / 2 / 4 / 4,"May 21st, 2003",baraazaid/cpu-and-gpu-stats
5e4f8ff04fc27af6fcb2,Quadro FX 540,NV43,2004-08-09,PCIe 1.0 x16,0.125,GDDR3,300.0,250.0,,,,True,"128 MB, GDDR3, 128 bit",300 MHz,250 MHz,8 / 4 / 8 / 8,"Aug 9th, 2004",baraazaid/cpu-and-gpu-stats
be7ecae6c530614d7a76,Quadro FX 550,NV43,2006-04-20,PCIe 1.0 x16,0.125,GDDR3,360.0,400.0,,,,True,"128 MB, GDDR3, 128 bit",360 MHz,400 MHz,8 / 4 / 8 / 8,"Apr 20th, 2006",baraazaid/cpu-and-gpu-stats
e59db14f94a12c13369c,Quadro FX 5500,G71,2006-04-20,PCIe 1.0 x16,1.0,DDR2,650.0,505.0,,,,True,"1024 MB, DDR2, 256 bit",650 MHz,505 MHz,24 / 8 / 24 / 16,"Apr 20th, 2006",baraazaid/cpu-and-gpu-stats
e1a7cc2f2c1906b95085,Quadro FX 5500 SDI,G71,2006-04-20,PCIe 1.0 x16,1.0,GDDR3,650.0,505.0,,,,True,"1024 MB, GDDR3, 256 bit",650 MHz,505 MHz,24 / 8 / 24 / 16,"Apr 20th, 2006",baraazaid/cpu-and-gpu-stats
c217aeaa482d77d843d9,Quadro FX 550M,G73,2006-03-13,PCIe 1.0 x16,0.125,GDDR3,450.0,500.0,,,,True,"128 MB, GDDR3, 128 bit",450 MHz,500 MHz,12 / 5 / 12 / 8,"Mar 13th, 2006",baraazaid/cpu-and-gpu-stats
718422ba48c6b3e12d7c,Quadro FX 560,G73,2006-04-20,PCIe 1.0 x16,0.125,GDDR3,350.0,600.0,,,,True,"128 MB, GDDR3, 128 bit",350 MHz,600 MHz,12 / 5 / 12 / 8,"Apr 20th, 2006",baraazaid/cpu-and-gpu-stats
df9c1c1a3633bef5c10b,Quadro FX 5600,G80,2007-03-05,PCIe 1.0 x16,1.5,GDDR3,600.0,800.0,128,32,24,True,"1536 MB, GDDR3, 384 bit",600 MHz,800 MHz,128 / 32 / 24,"Mar 5th, 2007",baraazaid/cpu-and-gpu-stats
791beaaa20f8ee1a9da6,Quadro FX 5600 Mac Edition,G80,2007-03-05,PCIe 1.0 x16,1.5,GDDR3,600.0,800.0,128,32,24,True,"1536 MB, GDDR3, 384 bit",600 MHz,800 MHz,128 / 32 / 24,"Mar 5th, 2007",baraazaid/cpu-and-gpu-stats
20312045f33ccdaefe8c,Quadro FX 570,G84,2007-09-12,PCIe 1.0 x16,0.25,DDR2,460.0,400.0,16,8,8,True,"256 MB, DDR2, 128 bit",460 MHz,400 MHz,16 / 8 / 8,"Sep 12th, 2007",baraazaid/cpu-and-gpu-stats
3e14d96d61cfb8dac73e,Quadro FX 570M,G84,2007-06-01,PCIe 1.0 x16,0.5,GDDR3,475.0,702.0,32,16,8,True,"512 MB, GDDR3, 128 bit",475 MHz,702 MHz,32 / 16 / 8,"Jun 1st, 2007",baraazaid/cpu-and-gpu-stats
75482d7a0df669b04f37,Quadro FX 5800,GT200B,2008-11-11,PCIe 2.0 x16,4.0,GDDR3,610.0,800.0,240,80,32,True,"4 GB, GDDR3, 512 bit",610 MHz,800 MHz,240 / 80 / 32,"Nov 11th, 2008",baraazaid/cpu-and-gpu-stats
cc7b2061ccfce328933e,Quadro FX 600 PCI,NV34,2004-03-17,PCI,0.125,,270.0,240.0,,,,True,"128 MB, DDR, 128 bit",270 MHz,240 MHz,4 / 2 / 4 / 4,"Mar 17th, 2004",baraazaid/cpu-and-gpu-stats
e3e868b2ededa120eb03,Quadro FX 700,NV35,2004-03-17,AGP 8x,0.125,,275.0,275.0,,,,True,"128 MB, DDR, 128 bit",275 MHz,275 MHz,4 / 3 / 8 / 4,"Mar 17th, 2004",baraazaid/cpu-and-gpu-stats
30d6cc24f454e3204cb2,Quadro FX 770M,G96,2008-08-14,MXM-II,0.5,GDDR3,500.0,800.0,32,16,8,True,"512 MB, GDDR3, 128 bit",500 MHz,800 MHz,32 / 16 / 8,"Aug 14th, 2008",baraazaid/cpu-and-gpu-stats
792ce45805175caf1f7f,Quadro FX Go1000,NV36,2004-02-25,AGP 4x,0.125,,295.0,285.0,,,,True,"128 MB, DDR, 128 bit",295 MHz,285 MHz,4 / 3 / 4 / 4,"Feb 25th, 2004",baraazaid/cpu-and-gpu-stats
90d3f65564daeee8fbe1,Quadro FX Go1400,NV41,2005-02-25,MXM-III,0.25,,275.0,295.0,,,,True,"256 MB, DDR, 256 bit",275 MHz,295 MHz,8 / 5 / 8 / 8,"Feb 25th, 2005",baraazaid/cpu-and-gpu-stats
d269d33fd2b00c694c93,Quadro FX Go540,NV43,2004-08-09,MXM-II,0.125,,300.0,225.0,,,,True,"128 MB, DDR, 128 bit",300 MHz,225 MHz,8 / 4 / 8 / 8,"Aug 9th, 2004",baraazaid/cpu-and-gpu-stats
ad79210941ff58c99050,Quadro FX Go700,NV31,2003-06-25,AGP 4x,0.125,,295.0,295.0,,,,True,"128 MB, DDR, 128 bit",295 MHz,295 MHz,4 / 2 / 4 / 4,"Jun 25th, 2003",baraazaid/cpu-and-gpu-stats
c93b33dcd743656764bd,Quadro GP100,GP100,2016-10-01,PCIe 3.0 x16,16.0,HBM2,1304.0,715.0,3584,224,96,True,"16 GB, HBM2, 4096 bit",1304 MHz,715 MHz,3584 / 224 / 96,"Oct 1st, 2016",baraazaid/cpu-and-gpu-stats
5508cac6810360551f1b,Quadro GV100,GV100,2018-03-27,PCIe 3.0 x16,32.0,HBM2,1132.0,848.0,5120,320,128,True,"32 GB, HBM2, 4096 bit",1132 MHz,848 MHz,5120 / 320 / 128,"Mar 27th, 2018",baraazaid/cpu-and-gpu-stats
f3322d6aee065622ace4,Quadro K1000M,GK107,2012-06-01,MXM-A (3.0),2.0,DDR3,850.0,900.0,192,16,16,True,"2 GB, DDR3, 128 bit",850 MHz,900 MHz,192 / 16 / 16,"Jun 1st, 2012",baraazaid/cpu-and-gpu-stats
5341dcc422702df7d20c,Quadro K100M,GK107,2014-08-22,MXM-A (3.0),2.0,DDR3,851.0,900.0,192,16,8,True,"2 GB, DDR3, 64 bit",851 MHz,900 MHz,192 / 16 / 8,"Aug 22nd, 2014",baraazaid/cpu-and-gpu-stats
b39c5760df9402003c78,Quadro K1100M,GK107,2013-07-23,MXM-A (3.0),2.0,GDDR5,706.0,700.0,384,32,16,True,"2 GB, GDDR5, 128 bit",706 MHz,700 MHz,384 / 32 / 16,"Jul 23rd, 2013",baraazaid/cpu-and-gpu-stats
66b7dd5c47c5c64922bc,Quadro K1200,GM107,2015-01-28,PCIe 2.0 x16,4.0,GDDR5,1058.0,1250.0,512,32,16,True,"4 GB, GDDR5, 128 bit",1058 MHz,1250 MHz,512 / 32 / 16,"Jan 28th, 2015",baraazaid/cpu-and-gpu-stats
5a47692411295c3c9a88,Quadro K2000,GK107,2013-03-01,PCIe 2.0 x16,2.0,GDDR5,954.0,1000.0,384,32,16,True,"2 GB, GDDR5, 128 bit",954 MHz,1000 MHz,384 / 32 / 16,"Mar 1st, 2013",baraazaid/cpu-and-gpu-stats
3f6d993146878d235187,Quadro K2000D,GK107,2013-03-01,PCIe 2.0 x16,2.0,GDDR5,954.0,1000.0,384,32,16,True,"2 GB, GDDR5, 128 bit",954 MHz,1000 MHz,384 / 32 / 16,"Mar 1st, 2013",baraazaid/cpu-and-gpu-stats
bca03099aaa10e72e397,Quadro K2000M,GK107,2012-06-01,MXM-A (3.0),2.0,DDR3,745.0,900.0,384,32,16,True,"2 GB, DDR3, 128 bit",745 MHz,900 MHz,384 / 32 / 16,"Jun 1st, 2012",baraazaid/cpu-and-gpu-stats
7a03a5c5d536ddbf95c6,Quadro K200M,GK107,2014-08-22,MXM-A (3.0),2.0,DDR3,745.0,900.0,192,16,8,True,"2 GB, DDR3, 64 bit",745 MHz,900 MHz,192 / 16 / 8,"Aug 22nd, 2014",baraazaid/cpu-and-gpu-stats
f7eaa7a049252f6cb807,Quadro K2100M,GK106,2013-07-23,MXM-A (3.0),2.0,GDDR5,667.0,752.0,576,48,16,True,"2 GB, GDDR5, 128 bit",667 MHz,752 MHz,576 / 48 / 16,"Jul 23rd, 2013",baraazaid/cpu-and-gpu-stats
11b9e5c6ef53355013a7,Quadro K2200,GM107,2014-07-22,PCIe 2.0 x16,4.0,GDDR5,1046.0,1253.0,640,40,16,True,"4 GB, GDDR5, 128 bit",1046 MHz,1253 MHz,640 / 40 / 16,"Jul 22nd, 2014",baraazaid/cpu-and-gpu-stats
a5658fbf25707ea59226,Quadro K2200M,GM107,2014-07-19,MXM-A (3.0),2.0,GDDR5,1150.0,1253.0,640,40,16,True,"2 GB, GDDR5, 128 bit",1150 MHz,1253 MHz,640 / 40 / 16,"Jul 19th, 2014",baraazaid/cpu-and-gpu-stats
77afe9c663e6fa233302,Quadro K3000M,GK104,2012-06-01,MXM-B (3.0),2.0,GDDR5,654.0,700.0,576,48,32,True,"2 GB, GDDR5, 256 bit",654 MHz,700 MHz,576 / 48 / 32,"Jun 1st, 2012",baraazaid/cpu-and-gpu-stats
52c594f4085188a06e2e,Quadro K3100M,GK104,2013-07-23,MXM-B (3.0),4.0,GDDR5,706.0,800.0,768,64,32,True,"4 GB, GDDR5, 256 bit",706 MHz,800 MHz,768 / 64 / 32,"Jul 23rd, 2013",baraazaid/cpu-and-gpu-stats
a79431628d06dc4d536f,Quadro K4000,GK106,2013-03-01,PCIe 2.0 x16,3.0,GDDR5,810.0,1404.0,768,64,24,True,"3 GB, GDDR5, 192 bit",810 MHz,1404 MHz,768 / 64 / 24,"Mar 1st, 2013",baraazaid/cpu-and-gpu-stats
2086fe43c2be1e8116d3,Quadro K4000M,GK104,2012-06-01,MXM-B (3.0),4.0,GDDR5,601.0,700.0,960,80,32,True,"4 GB, GDDR5, 256 bit",601 MHz,700 MHz,960 / 80 / 32,"Jun 1st, 2012",baraazaid/cpu-and-gpu-stats
f814d92e117a5a4635c0,Quadro K4100M,GK104,2013-07-23,MXM-B (3.0),4.0,GDDR5,706.0,800.0,1152,96,32,True,"4 GB, GDDR5, 256 bit",706 MHz,800 MHz,1152 / 96 / 32,"Jul 23rd, 2013",baraazaid/cpu-and-gpu-stats
5d4f769ca791472bac8b,Quadro K420,GK107,2014-07-22,PCIe 2.0 x16,1.0,DDR3,876.0,891.0,192,16,16,True,"1024 MB, DDR3, 128 bit",876 MHz,891 MHz,192 / 16 / 16,"Jul 22nd, 2014",baraazaid/cpu-and-gpu-stats
09e265c5e90edb0488ab,Quadro K4200,GK104,2014-07-22,PCIe 2.0 x16,4.0,GDDR5,771.0,1350.0,1344,112,32,True,"4 GB, GDDR5, 256 bit",771 MHz,1350 MHz,1344 / 112 / 32,"Jul 22nd, 2014",baraazaid/cpu-and-gpu-stats
9328bac82d9d16b59883,Quadro K5000,GK104,2012-08-17,PCIe 2.0 x16,4.0,GDDR5,706.0,1350.0,1536,128,32,True,"4 GB, GDDR5, 256 bit",706 MHz,1350 MHz,1536 / 128 / 32,"Aug 17th, 2012",baraazaid/cpu-and-gpu-stats
93e41512165b1ba7b0a4,Quadro K5000 Mac Edition,GK104,2012-08-07,PCIe 2.0 x16,4.0,GDDR5,706.0,1350.0,1536,128,32,True,"4 GB, GDDR5, 256 bit",706 MHz,1350 MHz,1536 / 128 / 32,"Aug 7th, 2012",baraazaid/cpu-and-gpu-stats
bd403e588de97c9f5c87,Quadro K5000 SYNC,GK104,2013-01-25,PCIe 2.0 x16,4.0,GDDR5,706.0,1350.0,1536,128,32,True,"4 GB, GDDR5, 256 bit",706 MHz,1350 MHz,1536 / 128 / 32,"Jan 25th, 2013",baraazaid/cpu-and-gpu-stats
0bf4ea62c63f5c7827a2,Quadro K5000M,GK104,2012-08-07,MXM-B (3.0),4.0,GDDR5,601.0,750.0,1344,112,32,True,"4 GB, GDDR5, 256 bit",601 MHz,750 MHz,1344 / 112 / 32,"Aug 7th, 2012",baraazaid/cpu-and-gpu-stats
a236dd6916ce5da13eda,Quadro K500M,GK107,2012-06-01,MXM-A (3.0),1.0,DDR3,709.0,800.0,192,16,8,True,"1024 MB, DDR3, 64 bit",709 MHz,800 MHz,192 / 16 / 8,"Jun 1st, 2012",baraazaid/cpu-and-gpu-stats
7c73c5b62ec5ece605b7,Quadro K5100M,GK104,2013-07-23,MXM-B (3.0),8.0,GDDR5,771.0,900.0,1536,128,32,True,"8 GB, GDDR5, 256 bit",771 MHz,900 MHz,1536 / 128 / 32,"Jul 23rd, 2013",baraazaid/cpu-and-gpu-stats
7be5d9b293282069173b,Quadro K510M,GK208,2013-07-23,MXM-A (3.0),1.0,GDDR5,889.0,600.0,192,16,8,True,"1024 MB, GDDR5, 64 bit",889 MHz,600 MHz,192 / 16 / 8,"Jul 23rd, 2013",baraazaid/cpu-and-gpu-stats
870abe1e0658e5a789f9,Quadro K5200,GK110B,2014-07-22,PCIe 3.0 x16,8.0,GDDR5,667.0,1502.0,2304,192,48,True,"8 GB, GDDR5, 256 bit",667 MHz,1502 MHz,2304 / 192 / 48,"Jul 22nd, 2014",baraazaid/cpu-and-gpu-stats
76bb012e7ebc39db6b19,Quadro K6000,GK110B,2013-07-23,PCIe 3.0 x16,12.0,GDDR5,797.0,1502.0,2880,240,48,True,"12 GB, GDDR5, 384 bit",797 MHz,1502 MHz,2880 / 240 / 48,"Jul 23rd, 2013",baraazaid/cpu-and-gpu-stats
5a06b4701db2485fb4ce,Quadro K6000 SDI,GK110,2013-07-23,PCIe 3.0 x16,12.0,GDDR5,902.0,1502.0,2880,240,48,True,"12 GB, GDDR5, 384 bit",902 MHz,1502 MHz,2880 / 240 / 48,"Jul 23rd, 2013",baraazaid/cpu-and-gpu-stats
d40e7e5703f757df3130,Quadro K610M,GK208,2013-07-23,MXM-A (3.0),1.0,GDDR5,954.0,650.0,192,16,8,True,"1024 MB, GDDR5, 64 bit",954 MHz,650 MHz,192 / 16 / 8,"Jul 23rd, 2013",baraazaid/cpu-and-gpu-stats
2e27822b53170768210e,Quadro K620,GM107,2014-07-22,PCIe 2.0 x16,2.0,DDR3,1058.0,900.0,384,24,16,True,"2 GB, DDR3, 128 bit",1058 MHz,900 MHz,384 / 24 / 16,"Jul 22nd, 2014",baraazaid/cpu-and-gpu-stats
b2262c73a62c4a609f2e,Quadro M1000M,GM107,2015-08-18,MXM-A (3.0),2.0,GDDR5,993.0,1253.0,512,32,16,True,"2 GB, GDDR5, 128 bit",993 MHz,1253 MHz,512 / 32 / 16,"Aug 18th, 2015",baraazaid/cpu-and-gpu-stats
1728b56b10c8d5dc94c5,Quadro M2000,GM206,2016-04-08,PCIe 3.0 x16,4.0,GDDR5,796.0,1653.0,768,48,32,True,"4 GB, GDDR5, 128 bit",796 MHz,1653 MHz,768 / 48 / 32,"Apr 8th, 2016",baraazaid/cpu-and-gpu-stats
4913f7ab45ce6a6a00e7,Quadro M2000M,GM107,2015-12-03,MXM-A (3.0),4.0,GDDR5,1098.0,1253.0,640,40,16,True,"4 GB, GDDR5, 128 bit",1098 MHz,1253 MHz,640 / 40 / 16,"Dec 3rd, 2015",baraazaid/cpu-and-gpu-stats
08a6c981365086533c8c,Quadro M3000 SE,GM204,2016-10-02,PCIe 3.0 x16,4.0,GDDR5,823.0,1253.0,1024,64,32,True,"4 GB, GDDR5, 256 bit",823 MHz,1253 MHz,1024 / 64 / 32,"Oct 2nd, 2016",baraazaid/cpu-and-gpu-stats
89e584b21fce4ab78e54,Quadro M3000M,GM204,2015-08-18,PCIe 3.0 x16,4.0,GDDR5,823.0,1253.0,1024,64,32,True,"4 GB, GDDR5, 256 bit",823 MHz,1253 MHz,1024 / 64 / 32,"Aug 18th, 2015",baraazaid/cpu-and-gpu-stats
fcf988a62e97fdd6c170,Quadro M4000,GM204,2015-06-29,PCIe 3.0 x16,8.0,GDDR5,773.0,1502.0,1664,104,64,True,"8 GB, GDDR5, 256 bit",773 MHz,1502 MHz,1664 / 104 / 64,"Jun 29th, 2015",baraazaid/cpu-and-gpu-stats
67999aaa1e1859767885,Quadro M4000M,GM204,2015-08-18,PCIe 3.0 x16,4.0,GDDR5,975.0,1253.0,1280,80,64,True,"4 GB, GDDR5, 256 bit",975 MHz,1253 MHz,1280 / 80 / 64,"Aug 18th, 2015",baraazaid/cpu-and-gpu-stats
08997363f9dae2de142a,Quadro M5000,GM204,2015-06-29,PCIe 3.0 x16,8.0,GDDR5,861.0,1653.0,2048,128,64,True,"8 GB, GDDR5, 256 bit",861 MHz,1653 MHz,2048 / 128 / 64,"Jun 29th, 2015",baraazaid/cpu-and-gpu-stats
f6876cfdcde8195c4acd,Quadro M5000M,GM204,2015-08-18,MXM-B (3.0),8.0,GDDR5,962.0,1253.0,1536,96,64,True,"8 GB, GDDR5, 256 bit",962 MHz,1253 MHz,1536 / 96 / 64,"Aug 18th, 2015",baraazaid/cpu-and-gpu-stats
1c2df379d5c562e7acf6,Quadro M500M,GM108,2016-04-27,MXM-A (3.0),2.0,DDR3,1029.0,900.0,384,16,8,True,"2 GB, DDR3, 64 bit",1029 MHz,900 MHz,384 / 16 / 8,"Apr 27th, 2016",baraazaid/cpu-and-gpu-stats
e7d6a120d74cd39f4dd8,Quadro M5500 Mobile,GM204,2016-04-08,MXM-B (3.0),8.0,GDDR5,1140.0,1753.0,2048,128,64,True,"8 GB, GDDR5, 256 bit",1140 MHz,1753 MHz,2048 / 128 / 64,"Apr 8th, 2016",baraazaid/cpu-and-gpu-stats
a592a4c60fb26fe468bd,Quadro M6000,GM200,2015-03-21,PCIe 3.0 x16,12.0,GDDR5,988.0,1653.0,3072,192,96,True,"12 GB, GDDR5, 384 bit",988 MHz,1653 MHz,3072 / 192 / 96,"Mar 21st, 2015",baraazaid/cpu-and-gpu-stats
52448f811b1ed240cf3a,Quadro M6000 24 GB,GM200,2016-03-05,PCIe 3.0 x16,24.0,GDDR5,988.0,1653.0,3072,256,96,True,"24 GB, GDDR5, 384 bit",988 MHz,1653 MHz,3072 / 256 / 96,"Mar 5th, 2016",baraazaid/cpu-and-gpu-stats
6d4b4b76f9caf0230583,Quadro M600M,GM107,2015-08-18,MXM-A (3.0),2.0,GDDR5,837.0,1253.0,384,16,8,True,"2 GB, GDDR5, 128 bit",837 MHz,1253 MHz,384 / 16 / 8,"Aug 18th, 2015",baraazaid/cpu-and-gpu-stats
3d80ac2324910b51a068,Quadro NVS 110M,G72,2006-06-01,PCIe 1.0 x16,0.5,,300.0,300.0,,,,True,"512 MB, DDR, 64 bit",300 MHz,300 MHz,4 / 3 / 4 / 2,"Jun 1st, 2006",baraazaid/cpu-and-gpu-stats
c3950ede072e0562a6e8,Quadro NVS 120M,G72B,2006-06-01,MXM-III,0.5,DDR2,450.0,700.0,,,,True,"512 MB, DDR2, 64 bit",450 MHz,700 MHz,4 / 3 / 4 / 2,"Jun 1st, 2006",baraazaid/cpu-and-gpu-stats
4ca748768bfaca5aa75b,Quadro NVS 130M,G86,2007-05-09,PCIe 2.0 x16,0.25,DDR2,400.0,700.0,8,8,4,True,"256 MB, DDR2, 64 bit",400 MHz,700 MHz,8 / 8 / 4,"May 9th, 2007",baraazaid/cpu-and-gpu-stats
4ec2d9a9fa1f0af44664,Quadro NVS 135M,G86,2007-05-09,PCIe 2.0 x16,0.25,GDDR3,400.0,594.0,16,8,4,True,"256 MB, GDDR3, 64 bit",400 MHz,594 MHz,16 / 8 / 4,"May 9th, 2007",baraazaid/cpu-and-gpu-stats
84374589f5b74db35578,Quadro NVS 140M,G86,2007-05-09,PCIe 2.0 x16,0.5,GDDR3,400.0,600.0,16,8,4,True,"512 MB, GDDR3, 64 bit",400 MHz,600 MHz,16 / 8 / 4,"May 9th, 2007",baraazaid/cpu-and-gpu-stats
2693a29b7ca3c8f9673a,Quadro NVS 150M,G98,2008-08-15,MXM-I,0.25,GDDR3,530.0,700.0,8,4,4,True,"256 MB, GDDR3, 64 bit",530 MHz,700 MHz,8 / 4 / 4,"Aug 15th, 2008",baraazaid/cpu-and-gpu-stats
a1d0ad27ee90598068b4,Quadro NVS 160M,G98,2008-08-15,MXM-I,0.25,GDDR3,580.0,700.0,8,4,4,True,"256 MB, GDDR3, 64 bit",580 MHz,700 MHz,8 / 4 / 4,"Aug 15th, 2008",baraazaid/cpu-and-gpu-stats
9da535dc55bd08cb4e85,Quadro NVS 210S,C51,2003-12-22,PCI,,,425.0,,,,,True,System Shared,425 MHz,System Shared,2 / 1 / 2 / 1,"Dec 22nd, 2003",baraazaid/cpu-and-gpu-stats
f2966b95839d1ea37755,Quadro NVS 280 AGP,NV34,2004-05-25,AGP 8x,0.0625,,275.0,250.0,,,,True,"64 MB, DDR, 128 bit",275 MHz,250 MHz,4 / 2 / 4 / 4,"May 25th, 2004",baraazaid/cpu-and-gpu-stats
63bca86be781e9df28a0,Quadro NVS 280 PCI,NV34B,2003-10-28,PCI,0.0625,,275.0,250.0,,,,True,"64 MB, DDR, 64 bit",275 MHz,250 MHz,4 / 2 / 4 / 4,"Oct 28th, 2003",baraazaid/cpu-and-gpu-stats
7f4aa95fe250caf8636f,Quadro NVS 280 PCIe,NV37,2004-05-25,PCIe 1.0 x16,0.0625,,275.0,250.0,,,,True,"64 MB, DDR, 128 bit",275 MHz,250 MHz,4 / 2 / 4 / 4,"May 25th, 2004",baraazaid/cpu-and-gpu-stats
ebe7ed7f4cf7e0d96ef7,Quadro NVS 280 SD,NV18C,2005-05-31,AGP 8x,0.0625,,250.0,200.0,,,,True,"64 MB, DDR, 64 bit",250 MHz,200 MHz,2 / 0 / 4 / 2,"May 31st, 2005",baraazaid/cpu-and-gpu-stats
92820d8b8ca180a04e9f,Quadro NVS 285,NV44,2006-06-06,PCIe 1.0 x16,0.125,DDR2,275.0,300.0,,,,True,"128 MB, DDR2, 64 bit",275 MHz,300 MHz,4 / 3 / 4 / 2,"Jun 6th, 2006",baraazaid/cpu-and-gpu-stats
e284ba40f9a50106c71b,Quadro NVS 290,G86,2007-10-04,PCIe 1.0 x16,0.25,DDR2,459.0,400.0,16,8,4,True,"256 MB, DDR2, 64 bit",459 MHz,400 MHz,16 / 8 / 4,"Oct 4th, 2007",baraazaid/cpu-and-gpu-stats
47656cc08a6be63cf9fe,Quadro NVS 300M,G73,2006-05-24,PCIe 1.0 x16,0.25,GDDR3,500.0,700.0,,,,True,"256 MB, GDDR3, 128 bit",500 MHz,700 MHz,8 / 4 / 8 / 8,"May 24th, 2006",baraazaid/cpu-and-gpu-stats
406b2b60f6a859cf75bd,Quadro NVS 320M,G84,2007-06-09,MXM-HE,0.5,GDDR3,575.0,700.0,32,16,8,True,"512 MB, GDDR3, 128 bit",575 MHz,700 MHz,32 / 16 / 8,"Jun 9th, 2007",baraazaid/cpu-and-gpu-stats
685d0f45ad5691e4ebff,Quadro NVS 440,NV43,2006-02-14,PCIe 1.0 x16,0.125,GDDR3,250.0,250.0,,,,True,"128 MB, GDDR3, 128 bit",250 MHz,250 MHz,8 / 4 / 8 / 8,"Feb 14th, 2006",baraazaid/cpu-and-gpu-stats
4aa07f3b7a3599b62037,Quadro NVS 450,G98,2008-11-11,PCIe 1.0 x16,0.25,GDDR3,480.0,700.0,8,4,4,True,"256 MB, GDDR3, 64 bit",480 MHz,700 MHz,8 / 4 / 4,"Nov 11th, 2008",baraazaid/cpu-and-gpu-stats
87f9028390a88c93e82d,Quadro NVS 50 PCI,NV18,2005-05-31,PCI,0.0625,,250.0,200.0,,,,True,"64 MB, DDR, 64 bit",250 MHz,200 MHz,2 / 0 / 4 / 2,"May 31st, 2005",baraazaid/cpu-and-gpu-stats
70d59406534a59c688b8,Quadro NVS 510M,G71,2006-08-21,PCIe 1.0 x16,0.25,GDDR3,450.0,600.0,,,,True,"256 MB, GDDR3, 128 bit",450 MHz,600 MHz,24 / 8 / 24 / 16,"Aug 21st, 2006",baraazaid/cpu-and-gpu-stats
835997bc6a652fc887d9,Quadro NVS 55 PCI,NV34B,2005-05-31,PCI,0.0625,,250.0,200.0,,,,True,"64 MB, DDR, 64 bit",250 MHz,200 MHz,4 / 2 / 4 / 4,"May 31st, 2005",baraazaid/cpu-and-gpu-stats
1192cd3f6d448f392504,Quadro P3200 Max-Q,GP104,2018-02-21,MXM-B (3.0),6.0,GDDR5,1139.0,1753.0,1792,112,64,True,"6 GB, GDDR5, 192 bit",1139 MHz,1753 MHz,1792 / 112 / 64,"Feb 21st, 2018",baraazaid/cpu-and-gpu-stats
b8239b3397d01a33339e,Quadro P3200 Mobile,GP104,2018-02-21,MXM-B (3.0),6.0,GDDR5,1328.0,1752.0,1792,112,64,True,"6 GB, GDDR5, 192 bit",1328 MHz,1752 MHz,1792 / 112 / 64,"Feb 21st, 2018",baraazaid/cpu-and-gpu-stats
7d47fd19cb02db2e7d03,Quadro P4200 Max-Q,GP104,2018-02-21,MXM-B (3.0),8.0,GDDR5,1215.0,1753.0,2304,144,64,True,"8 GB, GDDR5, 256 bit",1215 MHz,1753 MHz,2304 / 144 / 64,"Feb 21st, 2018",baraazaid/cpu-and-gpu-stats
d6e48031c4e24616b262,Quadro P4200 Mobile,GP104,2018-02-21,MXM-B (3.0),8.0,GDDR5,1418.0,1753.0,2304,144,64,True,"8 GB, GDDR5, 256 bit",1418 MHz,1753 MHz,2304 / 144 / 64,"Feb 21st, 2018",baraazaid/cpu-and-gpu-stats
e3a0f21cd8a60407bf82,Quadro P500 Mobile,GP108,2018-01-05,PCIe 3.0 x16,2.0,GDDR5,1455.0,1253.0,256,16,16,True,"2 GB, GDDR5, 64 bit",1455 MHz,1253 MHz,256 / 16 / 16,"Jan 5th, 2018",baraazaid/cpu-and-gpu-stats
10c2d7b2feb8d2194257,Quadro P5000,GP104,2016-10-01,PCIe 3.0 x16,16.0,GDDR5X,1607.0,1127.0,2560,160,64,True,"16 GB, GDDR5X, 256 bit",1607 MHz,1127 MHz,2560 / 160 / 64,"Oct 1st, 2016",baraazaid/cpu-and-gpu-stats
6d898032ee911b613f98,Quadro P5200 Max-Q,GP104,2018-02-21,MXM-B (3.0),16.0,GDDR5,1316.0,1804.0,2560,160,64,True,"16 GB, GDDR5, 256 bit",1316 MHz,1804 MHz,2560 / 160 / 64,"Feb 21st, 2018",baraazaid/cpu-and-gpu-stats
dba467d359f6f3d99fd0,Quadro P5200 Mobile,GP104,2018-02-21,MXM-B (3.0),16.0,GDDR5,1582.0,1804.0,2560,160,64,True,"16 GB, GDDR5, 256 bit",1582 MHz,1804 MHz,2560 / 160 / 64,"Feb 21st, 2018",baraazaid/cpu-and-gpu-stats
a62cc64691c872f54fd1,Quadro P6000,GP102,2016-10-01,PCIe 3.0 x16,24.0,GDDR5X,1506.0,1127.0,3840,240,96,True,"24 GB, GDDR5X, 384 bit",1506 MHz,1127 MHz,3840 / 240 / 96,"Oct 1st, 2016",baraazaid/cpu-and-gpu-stats
86fb21d450cc3c1664c2,Quadro P620,GP107,2018-02-01,PCIe 3.0 x16,2.0,GDDR5,1266.0,1252.0,512,32,16,True,"2 GB, GDDR5, 128 bit",1266 MHz,1252 MHz,512 / 32 / 16,"Feb 1st, 2018",baraazaid/cpu-and-gpu-stats
78824c3af007bf61dbe2,Quadro P620 Mobile,GP107,2018-02-01,PCIe 3.0 x16,4.0,GDDR5,1177.0,1502.0,512,32,16,True,"4 GB, GDDR5, 128 bit",1177 MHz,1502 MHz,512 / 32 / 16,"Feb 1st, 2018",baraazaid/cpu-and-gpu-stats
e9157dbd1881cf6d1d60,Quadro Plex 1000 Model II,G70,2008-07-25,PCIe 1.0 x16,0.5,GDDR3,470.0,525.0,,,,True,"512 MB, GDDR3, 256 bit",470 MHz,525 MHz,24 / 8 / 24 / 16,"Jul 25th, 2008",baraazaid/cpu-and-gpu-stats
6544a38781a7d66d429e,Quadro Plex 1000 Model IV,G80,2008-07-25,PCIe 1.0 x16,1.5,GDDR3,600.0,800.0,128,32,24,True,"1536 MB, GDDR3, 384 bit",600 MHz,800 MHz,128 / 32 / 24,"Jul 25th, 2008",baraazaid/cpu-and-gpu-stats
d8a73f0506bdbbe63266,Quadro Plex 2100 D4,G92,2008-07-25,PCIe 2.0 x16,1.0,GDDR3,500.0,800.0,128,64,16,True,"1024 MB, GDDR3, 256 bit",500 MHz,800 MHz,128 / 64 / 16,"Jul 25th, 2008",baraazaid/cpu-and-gpu-stats
6d22c2d1d472a036f4e8,Quadro Plex 2100 S4,G80,2008-07-25,PCIe 1.0 x16,1.5,GDDR3,600.0,800.0,128,32,24,True,"1536 MB, GDDR3, 384 bit",600 MHz,800 MHz,128 / 32 / 24,"Jul 25th, 2008",baraazaid/cpu-and-gpu-stats
95d30d1aaba65eccc710,Quadro Plex 2200 D2,GT200B,2008-07-25,PCIe 2.0 x16,4.0,GDDR3,648.0,800.0,240,80,32,True,"4 GB, GDDR3, 512 bit",648 MHz,800 MHz,240 / 80 / 32,"Jul 25th, 2008",baraazaid/cpu-and-gpu-stats
0eccc94c4d46ea9dfa1c,Quadro Plex 2200 S4,GT200B,2008-07-25,PCIe 2.0 x16,4.0,GDDR3,648.0,800.0,240,80,32,True,"4 GB, GDDR3, 512 bit",648 MHz,800 MHz,240 / 80 / 32,"Jul 25th, 2008",baraazaid/cpu-and-gpu-stats
4c85a76580b320d60745,Quadro RTX 4000,TU104,2018-11-13,PCIe 3.0 x16,8.0,GDDR6,1005.0,1625.0,2304,144,64,True,"8 GB, GDDR6, 256 bit",1005 MHz,1625 MHz,2304 / 144 / 64,"Nov 13th, 2018",baraazaid/cpu-and-gpu-stats
50f92890af70559b8df5,Quadro RTX 5000,TU104,2018-08-13,PCIe 3.0 x16,16.0,GDDR6,1620.0,1750.0,3072,192,64,True,"16 GB, GDDR6, 256 bit",1620 MHz,1750 MHz,3072 / 192 / 64,"Aug 13th, 2018",baraazaid/cpu-and-gpu-stats
75b938ccb1ca03ae96d7,Quadro RTX 5000 Mobile Refresh,TU104B,2020-06-08,PCIe 3.0 x16,16.0,GDDR6,1365.0,1750.0,3072,192,64,True,"16 GB, GDDR6, 256 bit",1365 MHz,1750 MHz,3072 / 192 / 64,"Jun 8th, 2020",baraazaid/cpu-and-gpu-stats
717f8477fe041d0044c9,Quadro RTX 6000,TU102,2018-08-13,PCIe 3.0 x16,24.0,GDDR6,1440.0,1750.0,4608,288,96,True,"24 GB, GDDR6, 384 bit",1440 MHz,1750 MHz,4608 / 288 / 96,"Aug 13th, 2018",baraazaid/cpu-and-gpu-stats
fbc2224cf01e92b41bb4,Quadro RTX 6000 Mobile,TU102,2020-01-01,PCIe 3.0 x16,24.0,GDDR6,1275.0,1750.0,4608,288,96,True,"24 GB, GDDR6, 384 bit",1275 MHz,1750 MHz,4608 / 288 / 96,2020,baraazaid/cpu-and-gpu-stats
e7aa7ba26160d25018a2,Quadro RTX 6000 Passive,TU102,2018-08-13,PCIe 3.0 x16,24.0,GDDR6,1305.0,1750.0,4608,288,96,True,"24 GB, GDDR6, 384 bit",1305 MHz,1750 MHz,4608 / 288 / 96,"Aug 13th, 2018",baraazaid/cpu-and-gpu-stats
032f33f49d57e303cee8,Quadro RTX 8000,TU102,2018-08-13,PCIe 3.0 x16,48.0,GDDR6,1395.0,1750.0,4608,288,96,True,"48 GB, GDDR6, 384 bit",1395 MHz,1750 MHz,4608 / 288 / 96,"Aug 13th, 2018",baraazaid/cpu-and-gpu-stats
215347ad22a06103cbf7,Quadro RTX 8000 Passive,TU102,2018-08-13,PCIe 3.0 x16,48.0,GDDR6,1230.0,1625.0,4608,288,96,True,"48 GB, GDDR6, 384 bit",1230 MHz,1625 MHz,4608 / 288 / 96,"Aug 13th, 2018",baraazaid/cpu-and-gpu-stats
081104611cbf33e6157e,Quadro T1000 Mobile GDDR6,TU117B,2020-06-08,PCIe 3.0 x16,4.0,GDDR6,1395.0,1500.0,896,56,32,True,"4 GB, GDDR6, 128 bit",1395 MHz,1500 MHz,896 / 56 / 32,"Jun 8th, 2020",baraazaid/cpu-and-gpu-stats
52e2ddf30860e7fc2368,Quadro T1200 Max-Q,TU117,2021-04-12,PCIe 3.0 x16,4.0,GDDR6,855.0,1250.0,1024,64,32,True,"4 GB, GDDR6, 128 bit",855 MHz,1250 MHz,1024 / 64 / 32,"Apr 12th, 2021",baraazaid/cpu-and-gpu-stats
2bdfa0a20b86aa8ae10b,Quadro T1200 Mobile,TU117,2021-04-12,PCIe 3.0 x16,4.0,GDDR6,1515.0,1500.0,1024,64,32,True,"4 GB, GDDR6, 128 bit",1515 MHz,1500 MHz,1024 / 64 / 32,"Apr 12th, 2021",baraazaid/cpu-and-gpu-stats
b9dfbd1b2885399eed6a,Quadro VX 200,G92,2008-01-08,PCIe 2.0 x16,0.5,GDDR3,450.0,800.0,112,56,16,True,"512 MB, GDDR3, 256 bit",450 MHz,800 MHz,112 / 56 / 16,"Jan 8th, 2008",baraazaid/cpu-and-gpu-stats
a9781048856b0fffd64e,Quadro2 Go,NV11B,2001-08-14,AGP 4x,0.03125,,143.0,181.0,,,,True,"32 MB, DDR, 64 bit",143 MHz,181 MHz,2 / 0 / 2 / 2,"Aug 14th, 2001",baraazaid/cpu-and-gpu-stats
5b1ca4ee881fd6a59b80,Quadro2 MXR,NV11B,2000-07-25,AGP 4x,0.03125,,200.0,183.0,,,,True,"32 MB, SDR, 128 bit",200 MHz,183 MHz,2 / 0 / 4 / 4,"Jul 25th, 2000",baraazaid/cpu-and-gpu-stats
03935db41ade92bbc37d,Quadro2 MXR Low Profile,NV11B,2000-07-25,AGP 4x,0.03125,,200.0,183.0,,,,True,"32 MB, SDR, 128 bit",200 MHz,183 MHz,2 / 0 / 4 / 4,"Jul 25th, 2000",baraazaid/cpu-and-gpu-stats
5cf227ea6f8b82d44dd4,Quadro2 Pro,NV15,2001-03-22,AGP 4x,0.0625,,200.0,250.0,,,,True,"64 MB, DDR, 128 bit",200 MHz,250 MHz,4 / 0 / 8 / 4,"Mar 22nd, 2001",baraazaid/cpu-and-gpu-stats
01199030d909f0b2d3ec,Quadro4 100 NVS,NV17,2003-12-22,AGP 4x,0.0625,,250.0,166.0,,,,True,"64 MB, DDR, 128 bit",250 MHz,166 MHz,2 / 0 / 4 / 2,"Dec 22nd, 2003",baraazaid/cpu-and-gpu-stats
b2a299cd1b109dcf9304,Quadro4 100 NVS PCI,NV17,2003-12-22,PCI,0.0625,,250.0,166.0,,,,True,"64 MB, DDR, 128 bit",250 MHz,166 MHz,2 / 0 / 4 / 2,"Dec 22nd, 2003",baraazaid/cpu-and-gpu-stats
c3c43f1734a9025449b4,Quadro4 200 NVS,NV17,2003-12-22,AGP 4x,0.0625,,250.0,250.0,,,,True,"64 MB, DDR, 128 bit",250 MHz,250 MHz,2 / 0 / 4 / 2,"Dec 22nd, 2003",baraazaid/cpu-and-gpu-stats
56a669a15e3d9d821edb,Quadro4 380 XGL,NV18,2002-11-12,AGP 8x,0.125,,275.0,256.0,,,,True,"128 MB, DDR, 128 bit",275 MHz,256 MHz,2 / 0 / 4 / 4,"Nov 12th, 2002",baraazaid/cpu-and-gpu-stats
7d1655559a8698620196,Quadro4 400 NVS PCI,NV17,2004-07-16,PCI,0.0625,,220.0,166.0,,,,True,"64 MB, DDR, 128 bit",220 MHz,166 MHz,2 / 0 / 4 / 2,"Jul 16th, 2004",baraazaid/cpu-and-gpu-stats
4f8188cf40c382f85e64,Quadro4 500 Go GL,NV17,2002-04-23,AGP 4x,0.0625,,220.0,220.0,,,,True,"64 MB, SDR, 128 bit",220 MHz,220 MHz,2 / 0 / 4 / 2,"Apr 23rd, 2002",baraazaid/cpu-and-gpu-stats
ae1e49d0951e9af6bc4b,Quadro4 500 XGL,NV17,2002-02-19,AGP 4x,0.125,,250.0,166.0,,,,True,"128 MB, SDR, 128 bit",250 MHz,166 MHz,2 / 0 / 4 / 4,"Feb 19th, 2002",baraazaid/cpu-and-gpu-stats
550cd2e7d6daf251f062,Quadro4 550 XGL,NV17,2002-02-19,AGP 4x,0.0625,,270.0,200.0,,,,True,"64 MB, DDR, 128 bit",270 MHz,200 MHz,2 / 0 / 4 / 4,"Feb 19th, 2002",baraazaid/cpu-and-gpu-stats
4df27b0d6e3662bc6e78,Quadro4 580 XGL,NV18,2002-11-12,AGP 8x,0.0625,,300.0,200.0,,,,True,"64 MB, DDR, 128 bit",300 MHz,200 MHz,2 / 0 / 4 / 4,"Nov 12th, 2002",baraazaid/cpu-and-gpu-stats
edd6a52a0296a2027935,Quadro4 700 Go GL,NV28,2003-06-05,AGP 4x,0.0625,,199.0,223.0,,,,True,"64 MB, DDR, 128 bit",199 MHz,223 MHz,4 / 2 / 4 / 4,"Jun 5th, 2003",baraazaid/cpu-and-gpu-stats
b23043188f6a008a8522,Quadro4 700 XGL,NV25,2002-02-19,AGP 4x,0.0625,,275.0,225.0,,,,True,"64 MB, DDR, 128 bit",275 MHz,225 MHz,4 / 2 / 8 / 8,"Feb 19th, 2002",baraazaid/cpu-and-gpu-stats
d7cb8fe7a499e44b374f,Quadro4 750 XGL,NV25,2002-02-19,AGP 4x,0.125,,275.0,225.0,,,,True,"128 MB, DDR, 128 bit",275 MHz,225 MHz,4 / 2 / 8 / 8,"Feb 19th, 2002",baraazaid/cpu-and-gpu-stats
c9d5c0fc5bdc7f63d52f,Quadro4 900 XGL,NV25,2002-02-19,AGP 4x,0.125,,300.0,325.0,,,,True,"128 MB, DDR, 128 bit",300 MHz,325 MHz,4 / 2 / 8 / 8,"Feb 19th, 2002",baraazaid/cpu-and-gpu-stats
f7ee59c737bd09594333,Quadro4 980 XGL,NV28,2002-11-12,AGP 8x,0.125,,300.0,325.0,,,,True,"128 MB, DDR, 128 bit",300 MHz,325 MHz,4 / 2 / 8 / 4,"Nov 12th, 2002",baraazaid/cpu-and-gpu-stats
bfa097cf30cac7626d62,RTX 6000 Ada,AD102,2022-12-03,PCIe 4.0 x16,48.0,GDDR6,2175.0,2000.0,18176,568,192,True,"48 GB, GDDR6, 384 bit",2175 MHz,2000 MHz,18176 / 568 / 192,"Dec 3rd, 2022",baraazaid/cpu-and-gpu-stats
c68429f22f7c68f21847,RTX A1000 Embedded,GA107S,2022-01-01,PCIe 4.0 x16,4.0,GDDR6,1192.0,1750.0,2048,64,48,True,"4 GB, GDDR6, 128 bit",1192 MHz,1750 MHz,2048 / 64 / 48,2022,baraazaid/cpu-and-gpu-stats
39b2c82f959a18d3fd98,RTX A1000 Mobile,GA107,,PCIe 4.0 x16,4.0,GDDR6,630.0,1375.0,2048,64,48,True,"4 GB, GDDR6, 128 bit",630 MHz,1375 MHz,2048 / 64 / 48,Unknown,baraazaid/cpu-and-gpu-stats
d61eff0946052c72b2c5,RTX A2000,GA106,2021-08-10,PCIe 4.0 x16,6.0,GDDR6,562.0,1500.0,3328,104,48,True,"6 GB, GDDR6, 192 bit",562 MHz,1500 MHz,3328 / 104 / 48,"Aug 10th, 2021",baraazaid/cpu-and-gpu-stats
ec16e60fd759f9ddc77a,RTX A2000 12 GB,GA106,2021-11-23,PCIe 4.0 x16,12.0,GDDR6,562.0,1500.0,3328,104,48,True,"12 GB, GDDR6, 192 bit",562 MHz,1500 MHz,3328 / 104 / 48,"Nov 23rd, 2021",baraazaid/cpu-and-gpu-stats
f1c9612533571c068f8a,RTX A2000 Embedded,GA107S,,PCIe 4.0 x16,8.0,GDDR6,1117.0,1500.0,2560,80,48,True,"8 GB, GDDR6, 128 bit",1117 MHz,1500 MHz,2560 / 80 / 48,Unknown,baraazaid/cpu-and-gpu-stats
8b4a243848edc9398b06,RTX A2000 Max-Q,GA106,2021-04-12,PCIe 4.0 x16,4.0,GDDR6,682.0,1375.0,2560,80,48,True,"4 GB, GDDR6, 128 bit",682 MHz,1375 MHz,2560 / 80 / 48,"Apr 12th, 2021",baraazaid/cpu-and-gpu-stats
ce010f21c932fb9c6ac6,RTX A2000 Mobile,GA106,2021-04-12,PCIe 4.0 x16,4.0,GDDR6,1215.0,1500.0,2560,80,48,True,"4 GB, GDDR6, 128 bit",1215 MHz,1500 MHz,2560 / 80 / 48,"Apr 12th, 2021",baraazaid/cpu-and-gpu-stats
7ff3c5f3a8b2406d668f,RTX A3000 Mobile,GA104,,PCIe 4.0 x16,6.0,GDDR6,600.0,1375.0,4096,128,64,True,"6 GB, GDDR6, 192 bit",600 MHz,1375 MHz,4096 / 128 / 64,Unknown,baraazaid/cpu-and-gpu-stats
b9565bd611b8d8d7157d,RTX A3000 Mobile 12 GB,GA104,2022-03-22,PCIe 4.0 x16,12.0,GDDR6,855.0,1750.0,4096,128,64,True,"12 GB, GDDR6, 192 bit",855 MHz,1750 MHz,4096 / 128 / 64,"Mar 22nd, 2022",baraazaid/cpu-and-gpu-stats
721df4daffa3d817dfc1,RTX A3000 Mobile 12 GB,GA104,,PCIe 4.0 x16,12.0,GDDR6,495.0,1750.0,4096,128,64,True,"12 GB, GDDR6, 192 bit",495 MHz,1750 MHz,4096 / 128 / 64,Unknown,baraazaid/cpu-and-gpu-stats
decd1bcda5a5ac16f0d2,RTX A4 Mobile,GA107,2021-01-01,PCIe 4.0 x8,4.0,GDDR6,1297.0,1750.0,2048,64,32,True,"4 GB, GDDR6, 128 bit",1297 MHz,1750 MHz,2048 / 64 / 32,2021,baraazaid/cpu-and-gpu-stats
56bf86ce1807e38f9ffb,RTX A4000,GA104,2021-04-12,PCIe 4.0 x16,16.0,GDDR6,735.0,1750.0,6144,192,96,True,"16 GB, GDDR6, 256 bit",735 MHz,1750 MHz,6144 / 192 / 96,"Apr 12th, 2021",baraazaid/cpu-and-gpu-stats
34cca0b84650a4254a26,RTX A4000 Max-Q,GA104,2021-04-12,PCIe 4.0 x16,8.0,GDDR6,780.0,1375.0,5120,160,80,True,"8 GB, GDDR6, 256 bit",780 MHz,1375 MHz,5120 / 160 / 80,"Apr 12th, 2021",baraazaid/cpu-and-gpu-stats
ed1799d9608a3f2de903,RTX A4000 Mobile,GA104,2021-04-12,PCIe 4.0 x16,8.0,GDDR6,1140.0,1500.0,5120,160,80,True,"8 GB, GDDR6, 256 bit",1140 MHz,1500 MHz,5120 / 160 / 80,"Apr 12th, 2021",baraazaid/cpu-and-gpu-stats
7f36d581d3262b1e1079,RTX A4000H,GA104,2021-04-12,PCIe 4.0 x16,16.0,GDDR6,735.0,1750.0,6144,192,96,True,"16 GB, GDDR6, 256 bit",735 MHz,1750 MHz,6144 / 192 / 96,"Apr 12th, 2021",baraazaid/cpu-and-gpu-stats
d86770050951aa451d45,RTX A4500,GA102,2021-11-23,PCIe 4.0 x16,20.0,GDDR6,1050.0,2000.0,7168,224,96,True,"20 GB, GDDR6, 320 bit",1050 MHz,2000 MHz,7168 / 224 / 96,"Nov 23rd, 2021",baraazaid/cpu-and-gpu-stats
172857ce6878269dbd3c,RTX A4500 Embedded,GA104,2022-01-01,PCIe 4.0 x16,16.0,GDDR6,930.0,2000.0,5888,184,80,True,"16 GB, GDDR6, 256 bit",930 MHz,2000 MHz,5888 / 184 / 80,2022,baraazaid/cpu-and-gpu-stats
39c4ec065fa6418c90a9,RTX A4500 Max-Q,GA104,2022-03-22,PCIe 4.0 x16,16.0,GDDR6,510.0,1750.0,5888,184,96,True,"16 GB, GDDR6, 256 bit",510 MHz,1750 MHz,5888 / 184 / 96,"Mar 22nd, 2022",baraazaid/cpu-and-gpu-stats
d013e3be8634cb0f2bfa,RTX A4500 Mobile,GA104,2022-03-22,PCIe 4.0 x16,16.0,GDDR6,930.0,2000.0,5888,184,96,True,"16 GB, GDDR6, 256 bit",930 MHz,2000 MHz,5888 / 184 / 96,"Mar 22nd, 2022",baraazaid/cpu-and-gpu-stats
a7c2da734b8dc9fbe9e5,RTX A500,GA107,2021-11-10,PCIe 4.0 x8,4.0,GDDR6,1440.0,1750.0,2048,64,32,True,"4 GB, GDDR6, 64 bit",1440 MHz,1750 MHz,2048 / 64 / 32,"Nov 10th, 2021",baraazaid/cpu-and-gpu-stats
b62fcccb563308e0e20b,RTX A500 Embedded,GA107S,,PCIe 4.0 x16,2.0,GDDR6,435.0,1375.0,2048,64,48,True,"2 GB, GDDR6, 64 bit",435 MHz,1375 MHz,2048 / 64 / 48,Unknown,baraazaid/cpu-and-gpu-stats
aa62802ee299b7972a07,RTX A500 Mobile,GA107S,2022-03-22,PCIe 4.0 x16,4.0,GDDR6,832.0,1500.0,2048,64,48,True,"4 GB, GDDR6, 64 bit",832 MHz,1500 MHz,2048 / 64 / 48,"Mar 22nd, 2022",baraazaid/cpu-and-gpu-stats
d14d24d71508364e8e70,RTX A5000,GA102,2021-04-12,PCIe 4.0 x16,24.0,GDDR6,1170.0,2000.0,8192,256,96,True,"24 GB, GDDR6, 384 bit",1170 MHz,2000 MHz,8192 / 256 / 96,"Apr 12th, 2021",baraazaid/cpu-and-gpu-stats
4c161f5cbbccd804b833,RTX A5000 Max-Q,GA104,,PCIe 4.0 x16,16.0,GDDR6,720.0,1500.0,6144,192,96,True,"16 GB, GDDR6, 256 bit",720 MHz,1500 MHz,6144 / 192 / 96,Unknown,baraazaid/cpu-and-gpu-stats
34bbace1e9e201be5433,RTX A5000 Mobile,GA104,,PCIe 4.0 x16,16.0,GDDR6,900.0,1750.0,6144,192,96,True,"16 GB, GDDR6, 256 bit",900 MHz,1750 MHz,6144 / 192 / 96,Unknown,baraazaid/cpu-and-gpu-stats
1ea677fc2a1c148f1444,RTX A5000-12Q,GA102,2021-04-12,PCIe 4.0 x16,12.0,GDDR6,1170.0,2000.0,8192,256,96,True,"12 GB, GDDR6, 384 bit",1170 MHz,2000 MHz,8192 / 256 / 96,"Apr 12th, 2021",baraazaid/cpu-and-gpu-stats
7efaf317092439bfc44e,RTX A5000-8Q,GA102,2021-04-12,PCIe 4.0 x16,8.0,GDDR6,1170.0,2000.0,8192,256,96,True,"8 GB, GDDR6, 384 bit",1170 MHz,2000 MHz,8192 / 256 / 96,"Apr 12th, 2021",baraazaid/cpu-and-gpu-stats
05480653c3adc6773903,RTX A5500,GA102,2022-03-22,PCIe 4.0 x16,24.0,GDDR6,1080.0,2000.0,10240,320,96,True,"24 GB, GDDR6, 384 bit",1080 MHz,2000 MHz,10240 / 320 / 96,"Mar 22nd, 2022",baraazaid/cpu-and-gpu-stats
f34a3e64f42bb265b536,RTX A5500 Max-Q,GA103,2022-03-22,PCIe 4.0 x16,16.0,GDDR6,585.0,1750.0,7424,232,96,True,"16 GB, GDDR6, 256 bit",585 MHz,1750 MHz,7424 / 232 / 96,"Mar 22nd, 2022",baraazaid/cpu-and-gpu-stats
2817a9cb8403712d5388,RTX A5500 Mobile,GA103,2022-03-22,PCIe 4.0 x16,16.0,GDDR6,975.0,2000.0,7424,232,96,True,"16 GB, GDDR6, 256 bit",975 MHz,2000 MHz,7424 / 232 / 96,"Mar 22nd, 2022",baraazaid/cpu-and-gpu-stats
ab336cec7d5df20014e1,RTX A6000,GA102,2020-10-05,PCIe 4.0 x16,48.0,GDDR6,1410.0,2000.0,10752,336,112,True,"48 GB, GDDR6, 384 bit",1410 MHz,2000 MHz,10752 / 336 / 112,"Oct 5th, 2020",baraazaid/cpu-and-gpu-stats
8eb97c67e603ea87a3f1,RTX TITAN Ada,AD102,2023-01-01,PCIe 4.0 x16,48.0,GDDR6X,2235.0,1500.0,18432,576,192,True,"48 GB, GDDR6X, 384 bit",2235 MHz,1500 MHz,18432 / 576 / 192,2023,baraazaid/cpu-and-gpu-stats
198b6790d64aeec9bdc6,Radeon 2100 IGP,RS740,2008-03-04,PCIe 1.0 x16,,,400.0,,,,,True,System Shared,400 MHz,System Shared,4 / 2 / 4 / 4,"Mar 4th, 2008",baraazaid/cpu-and-gpu-stats
08a060866a47dd2fadf7,Radeon 3100 IGP,RS780,2008-03-04,PCIe 1.0 x16,,,350.0,,40,4,4,True,System Shared,350 MHz,System Shared,40 / 4 / 4,"Mar 4th, 2008",baraazaid/cpu-and-gpu-stats
fe6a6cc36a08d8850611,Radeon 3100 Mobile IGP,RS780,2008-08-15,PCIe 1.0 x16,,,350.0,,40,4,4,True,System Shared,350 MHz,System Shared,40 / 4 / 4,"Aug 15th, 2008",baraazaid/cpu-and-gpu-stats
19e3c93c33e3069109bd,Radeon 540X Mobile,Lexa,2018-09-05,PCIe 3.0 x8,2.0,GDDR5,980.0,1500.0,512,32,16,True,"2 GB, GDDR5, 64 bit",980 MHz,1500 MHz,512 / 32 / 16,"Sep 5th, 2018",baraazaid/cpu-and-gpu-stats
fb9f8c1ad3c01e03a76e,Radeon 550X 640SP,Lexa,2018-04-11,PCIe 3.0 x8,4.0,GDDR5,1019.0,1500.0,640,40,16,True,"4 GB, GDDR5, 64 bit",1019 MHz,1500 MHz,640 / 40 / 16,"Apr 11th, 2018",baraazaid/cpu-and-gpu-stats
aa746aa1a4e5a2983449,Radeon 550X Mobile,Polaris 23,2018-04-11,PCIe 3.0 x8,4.0,GDDR5,1100.0,1500.0,640,40,16,True,"4 GB, GDDR5, 64 bit",1100 MHz,1500 MHz,640 / 40 / 16,"Apr 11th, 2018",baraazaid/cpu-and-gpu-stats
b93a148307026d41a8ac,Radeon 610M,Mendocino,2022-09-20,PCIe 4.0 x8,,,1500.0,,128,8,4,True,System Shared,1500 MHz,System Shared,128 / 8 / 4,"Sep 20th, 2022",baraazaid/cpu-and-gpu-stats
fb64f4d5a717a832e9b3,Radeon 610M,Dragon Range,2023-01-03,PCIe 4.0 x8,,,400.0,,128,8,4,True,System Shared,400 MHz,System Shared,128 / 8 / 4,"Jan 3rd, 2023",baraazaid/cpu-and-gpu-stats
73e22e87d6a01a47a6ff,Radeon 660M,Rembrandt,2022-01-04,PCIe 4.0 x8,,,1500.0,,384,24,16,True,System Shared,1500 MHz,System Shared,384 / 24 / 16,"Jan 4th, 2022",baraazaid/cpu-and-gpu-stats
8a5e7c0eb53d8d763ba5,Radeon 680M,Rembrandt,2022-01-04,PCIe 4.0 x8,,,2000.0,,768,48,32,True,System Shared,2000 MHz,System Shared,768 / 48 / 32,"Jan 4th, 2022",baraazaid/cpu-and-gpu-stats
15b2224905ce75e1ca71,Radeon 7000,RV100,2001-02-19,AGP 4x,0.03125,,183.0,183.0,,,,True,"32 MB, DDR, 64 bit",183 MHz,183 MHz,1 / 0 / 3 / 1,"Feb 19th, 2001",baraazaid/cpu-and-gpu-stats
020983418ebe502e863a,Radeon 7000 Mac Edition,RV100,2004-03-14,AGP 4x,0.03125,,183.0,183.0,,,,True,"32 MB, DDR, 64 bit",183 MHz,183 MHz,1 / 0 / 3 / 1,"Mar 14th, 2004",baraazaid/cpu-and-gpu-stats
4ead32484c8b19a74c6f,Radeon 7000 Mac Edition PCI,RV100,2004-03-14,PCI,0.03125,,183.0,183.0,,,,True,"32 MB, DDR, 64 bit",183 MHz,183 MHz,1 / 0 / 3 / 1,"Mar 14th, 2004",baraazaid/cpu-and-gpu-stats
fe50fb1b5ef4bce88fc9,Radeon 7000 PCI,RV100,2001-02-19,PCI,0.03125,,133.0,133.0,,,,True,"32 MB, DDR, 64 bit",133 MHz,133 MHz,1 / 0 / 3 / 1,"Feb 19th, 2001",baraazaid/cpu-and-gpu-stats
de732b000eeab646becc,Radeon 7200,R100,2000-04-01,AGP 4x,0.03125,,166.0,166.0,,,,True,"32 MB, DDR, 128 bit",166 MHz,166 MHz,2 / 1 / 6 / 2,"Apr 1st, 2000",baraazaid/cpu-and-gpu-stats
f706c8971553ee29b75c,Radeon 7200,R100,2000-06-01,AGP 4x,0.03125,,143.0,143.0,,,,True,"32 MB, SDR, 128 bit",143 MHz,143 MHz,2 / 1 / 6 / 2,"Jun 1st, 2000",baraazaid/cpu-and-gpu-stats
eb7593cb84c1791a931d,Radeon 7200 64 MB,R100,2000-04-01,AGP 4x,0.0625,,166.0,166.0,,,,True,"64 MB, DDR, 128 bit",166 MHz,166 MHz,2 / 1 / 6 / 2,"Apr 1st, 2000",baraazaid/cpu-and-gpu-stats
5b2e64c4e587ad5d94bb,Radeon 7500,RV200,2001-08-14,AGP 4x,0.0625,,290.0,230.0,,,,True,"64 MB, DDR, 128 bit",290 MHz,230 MHz,2 / 1 / 6 / 2,"Aug 14th, 2001",baraazaid/cpu-and-gpu-stats
baba2c4e544f19ca8091,Radeon 7500 LE,RV200,2001-08-14,AGP 4x,0.0625,,250.0,175.0,,,,True,"64 MB, DDR, 128 bit",250 MHz,175 MHz,2 / 1 / 6 / 2,"Aug 14th, 2001",baraazaid/cpu-and-gpu-stats
6065729e810fe8c9eeb5,Radeon 7500 Mac Edition,RV200,2002-04-16,AGP 4x,0.03125,,260.0,180.0,,,,True,"32 MB, DDR, 128 bit",260 MHz,180 MHz,2 / 1 / 6 / 2,"Apr 16th, 2002",baraazaid/cpu-and-gpu-stats
17d7a8bb49f57301e7e6,Radeon 760M,Phoenix,2023-01-04,PCIe 4.0 x8,,,1500.0,,384,24,16,True,System Shared,1500 MHz,System Shared,384 / 24 / 16,"Jan 4th, 2023",baraazaid/cpu-and-gpu-stats
295928994b350b5157d2,Radeon 780M,Phoenix,2023-01-04,PCIe 4.0 x8,,,1500.0,,768,48,32,True,System Shared,1500 MHz,System Shared,768 / 48 / 32,"Jan 4th, 2023",baraazaid/cpu-and-gpu-stats
008c9bb0c60a81799cbe,Radeon 8500,R200,2001-08-14,AGP 4x,0.0625,,275.0,275.0,,,,True,"64 MB, DDR, 128 bit",275 MHz,275 MHz,4 / 2 / 8 / 4,"Aug 14th, 2001",baraazaid/cpu-and-gpu-stats
ff718d6bd5b51a2496d2,Radeon 8500 LE,R200,2002-02-04,AGP 4x,0.0625,,250.0,250.0,,,,True,"64 MB, DDR, 128 bit",250 MHz,250 MHz,4 / 2 / 8 / 4,"Feb 4th, 2002",baraazaid/cpu-and-gpu-stats
1036246a62942bdc8c13,Radeon 8500 X4,R200,,PCI-X,0.0625,,250.0,250.0,,,,True,"64 MB, DDR, 64 bit",250 MHz,250 MHz,4 / 2 / 8 / 4,Never Released,baraazaid/cpu-and-gpu-stats
9fe9f38f6b4e0a3fa128,Radeon 8500 XT,R250,,AGP 4x,0.125,,300.0,300.0,,,,True,"128 MB, DDR, 128 bit",300 MHz,300 MHz,4 / 2 / 8 / 4,Never Released,baraazaid/cpu-and-gpu-stats
19a22d158d2e798a9edd,Radeon 9000,RV250,2002-07-01,AGP 4x,0.0625,,250.0,200.0,,,,True,"64 MB, DDR, 128 bit",250 MHz,200 MHz,4 / 1 / 4 / 4,"Jul 1st, 2002",baraazaid/cpu-and-gpu-stats
e37d628bb153a502731f,Radeon 9000 LE,RV250,2002-07-01,AGP 4x,0.0625,,250.0,200.0,,,,True,"64 MB, DDR, 128 bit",250 MHz,200 MHz,4 / 1 / 4 / 4,"Jul 1st, 2002",baraazaid/cpu-and-gpu-stats
129fca28b67e97eee3ff,Radeon 9000 PRO,RV250,2002-07-18,AGP 4x,0.125,,275.0,275.0,,,,True,"128 MB, DDR, 128 bit",275 MHz,275 MHz,4 / 1 / 4 / 4,"Jul 18th, 2002",baraazaid/cpu-and-gpu-stats
bb93553765025f3607cc,Radeon 9000 PRO Mac Edition,RV250,2004-03-14,AGP 4x,0.0625,,275.0,275.0,,,,True,"64 MB, DDR, 128 bit",275 MHz,275 MHz,4 / 1 / 4 / 4,"Mar 14th, 2004",baraazaid/cpu-and-gpu-stats
11205e05ed3f3963862b,Radeon 9100 PCI,R200,2003-04-01,PCI,0.0625,,250.0,250.0,,,,True,"64 MB, DDR, 128 bit",250 MHz,250 MHz,4 / 2 / 8 / 4,"Apr 1st, 2003",baraazaid/cpu-and-gpu-stats
4d663b80ba2c86721265,Radeon 9200,RV280,2003-05-01,AGP 8x,0.125,,250.0,200.0,,,,True,"128 MB, DDR, 128 bit",250 MHz,200 MHz,4 / 1 / 4 / 4,"May 1st, 2003",baraazaid/cpu-and-gpu-stats
e214936aa21844bfe0aa,Radeon 9200 LE,RV280,2003-05-01,AGP 8x,0.0625,,250.0,200.0,,,,True,"64 MB, DDR, 128 bit",250 MHz,200 MHz,4 / 1 / 4 / 4,"May 1st, 2003",baraazaid/cpu-and-gpu-stats
447c16438b2d67aefe31,Radeon 9200 PCI,RV280,2003-05-01,PCI,0.125,,250.0,200.0,,,,True,"128 MB, DDR, 128 bit",250 MHz,200 MHz,4 / 1 / 4 / 4,"May 1st, 2003",baraazaid/cpu-and-gpu-stats
cd88a82e40583f6519c9,Radeon 9200 PRO,RV280,2003-05-01,AGP 8x,0.125,,240.0,166.0,,,,True,"128 MB, DDR, 128 bit",240 MHz,166 MHz,4 / 1 / 4 / 4,"May 1st, 2003",baraazaid/cpu-and-gpu-stats
3b7ae914190b5f1a98d1,Radeon 9200 SE,RV280,2003-03-01,AGP 8x,0.0625,,200.0,166.0,,,,True,"64 MB, DDR, 64 bit",200 MHz,166 MHz,4 / 1 / 4 / 4,"Mar 1st, 2003",baraazaid/cpu-and-gpu-stats
50ffc7655ffe4cdcb575,Radeon 9200 SE PCI,RV280,2003-03-01,PCI,0.0625,,200.0,166.0,,,,True,"64 MB, DDR, 64 bit",200 MHz,166 MHz,4 / 1 / 4 / 4,"Mar 1st, 2003",baraazaid/cpu-and-gpu-stats
98dfddfa197ddd0427df,Radeon 9250,RV280,2004-03-01,AGP 8x,0.0625,,240.0,200.0,,,,True,"64 MB, DDR, 64 bit",240 MHz,200 MHz,4 / 1 / 4 / 4,"Mar 1st, 2004",baraazaid/cpu-and-gpu-stats
05fb9e7bd943a735ccf5,Radeon 9250 PCI,RV280,2004-03-01,PCI,0.125,,240.0,200.0,,,,True,"128 MB, DDR, 64 bit",240 MHz,200 MHz,4 / 1 / 4 / 4,"Mar 1st, 2004",baraazaid/cpu-and-gpu-stats
f391fe55e173f59240bd,Radeon 9500 PRO,R300,2002-10-01,AGP 8x,0.125,,275.0,270.0,,,,True,"128 MB, DDR, 128 bit",275 MHz,270 MHz,8 / 4 / 8 / 8,"Oct 1st, 2002",baraazaid/cpu-and-gpu-stats
0ed7388cca2523068eb0,Radeon 9550,RV350,2003-10-01,AGP 8x,0.0625,,250.0,200.0,,,,True,"64 MB, DDR, 128 bit",250 MHz,200 MHz,4 / 2 / 4 / 4,"Oct 1st, 2003",baraazaid/cpu-and-gpu-stats
d2821d76c74d0d197e68,Radeon 9550 XT,RV350,2005-05-04,AGP 8x,0.125,,425.0,325.0,,,,True,"128 MB, DDR, 128 bit",425 MHz,325 MHz,4 / 2 / 4 / 4,"May 4th, 2005",baraazaid/cpu-and-gpu-stats
189123f8406549dc9a3d,Radeon 9600,RV350,2003-10-01,AGP 8x,0.0625,,324.0,189.0,,,,True,"64 MB, DDR, 128 bit",324 MHz,189 MHz,4 / 2 / 4 / 4,"Oct 1st, 2003",baraazaid/cpu-and-gpu-stats
3c8db503ea2f738468c3,Radeon 9600 PRO,RV350,2003-10-01,AGP 8x,0.125,,400.0,300.0,,,,True,"128 MB, DDR, 128 bit",400 MHz,300 MHz,4 / 2 / 4 / 4,"Oct 1st, 2003",baraazaid/cpu-and-gpu-stats
844fb3ddb86707a2ef1a,Radeon 9600 SE,RV350,2003-10-01,AGP 8x,0.0625,,325.0,200.0,,,,True,"64 MB, DDR, 64 bit",325 MHz,200 MHz,4 / 2 / 4 / 4,"Oct 1st, 2003",baraazaid/cpu-and-gpu-stats
abe0a6dacc1816de1f94,Radeon 9600 TX,R300,2003-10-07,AGP 8x,0.125,,297.0,270.0,,,,True,"128 MB, DDR, 128 bit",297 MHz,270 MHz,8 / 4 / 8 / 8,"Oct 7th, 2003",baraazaid/cpu-and-gpu-stats
c2f8f729fb1892e01529,Radeon 9600 XT,RV360,2003-10-01,AGP 8x,0.125,,500.0,300.0,,,,True,"128 MB, DDR, 128 bit",500 MHz,300 MHz,4 / 2 / 4 / 4,"Oct 1st, 2003",baraazaid/cpu-and-gpu-stats
a698a0b4f8114e877db0,Radeon 9700,R300,2002-08-19,AGP 8x,0.125,,275.0,270.0,,,,True,"128 MB, DDR, 256 bit",275 MHz,270 MHz,8 / 4 / 8 / 8,"Aug 19th, 2002",baraazaid/cpu-and-gpu-stats
15cbd67ea916dc0efa54,Radeon 9700 PRO,R300,2002-08-19,AGP 8x,0.125,,325.0,310.0,,,,True,"128 MB, DDR, 256 bit",325 MHz,310 MHz,8 / 4 / 8 / 8,"Aug 19th, 2002",baraazaid/cpu-and-gpu-stats
354c2ac570ce009faea9,Radeon 9700 PRO X4,R300,2002-08-19,PCI,0.125,,325.0,310.0,,,,True,"128 MB, DDR, 256 bit",325 MHz,310 MHz,8 / 4 / 8 / 8,"Aug 19th, 2002",baraazaid/cpu-and-gpu-stats
9b4271de264e81ad3f68,Radeon 9800,R350,2003-03-01,AGP 8x,0.125,,325.0,290.0,,,,True,"128 MB, DDR, 256 bit",325 MHz,290 MHz,8 / 4 / 8 / 8,"Mar 1st, 2003",baraazaid/cpu-and-gpu-stats
90098be65268e6a4ebba,Radeon 9800 PRO,R350,2003-03-01,AGP 8x,0.125,DDR2,380.0,340.0,,,,True,"128 MB, DDR2, 256 bit",380 MHz,340 MHz,8 / 4 / 8 / 8,"Mar 1st, 2003",baraazaid/cpu-and-gpu-stats
d52a5ea1106a127bfcfe,Radeon 9800 PRO,R360,2003-10-01,AGP 8x,0.25,,380.0,340.0,,,,True,"256 MB, DDR, 256 bit",380 MHz,340 MHz,8 / 4 / 8 / 8,"Oct 1st, 2003",baraazaid/cpu-and-gpu-stats
40e83f00bcbddcb4413d,Radeon 9800 PRO MAXX,R350,,AGP 8x,0.125,,380.0,340.0,,,,True,"128 MB, DDR, 256 bit",380 MHz,340 MHz,8 / 4 / 8 / 8,Unknown,baraazaid/cpu-and-gpu-stats
1e925604422be552b54c,Radeon 9800 PRO Mac Edition,R360,2004-03-04,AGP Pro 8x,0.125,,378.0,338.0,,,,True,"128 MB, DDR, 256 bit",378 MHz,338 MHz,8 / 4 / 8 / 8,"Mar 4th, 2004",baraazaid/cpu-and-gpu-stats
5cf2dace4068f64d177c,Radeon 9800 SE,R350,2003-03-01,AGP 8x,0.125,,331.0,290.0,,,,True,"128 MB, DDR, 128 bit",331 MHz,290 MHz,4 / 4 / 4 / 4,"Mar 1st, 2003",baraazaid/cpu-and-gpu-stats
5f7d163e5113b6497705,Radeon 9800 SE,R350,2003-03-01,AGP 8x,0.125,,378.0,297.0,,,,True,"128 MB, DDR, 256 bit",378 MHz,297 MHz,4 / 4 / 4 / 4,"Mar 1st, 2003",baraazaid/cpu-and-gpu-stats
a052850a3d69b92ada47,Radeon 9800 XT,R360,2003-10-01,AGP 8x,0.25,,412.0,365.0,,,,True,"256 MB, DDR, 256 bit",412 MHz,365 MHz,8 / 4 / 8 / 8,"Oct 1st, 2003",baraazaid/cpu-and-gpu-stats
95e6d326ece87a600913,Radeon 9800 XT Mac Edition,R360,2004-03-14,AGP Pro 8x,0.25,,412.0,365.0,,,,True,"256 MB, DDR, 256 bit",412 MHz,365 MHz,8 / 4 / 8 / 8,"Mar 14th, 2004",baraazaid/cpu-and-gpu-stats
fe6bd19af7b872c9eda4,Radeon 9800 XXL,R360,2003-10-01,AGP 8x,0.125,,390.0,338.0,,,,True,"128 MB, DDR, 256 bit",390 MHz,338 MHz,8 / 4 / 8 / 8,"Oct 1st, 2003",baraazaid/cpu-and-gpu-stats
4e747c2952f046a16e8a,Radeon DDR,Rage 6,2000-04-01,AGP 4x,0.03125,,166.0,166.0,,,,True,"32 MB, DDR, 128 bit",166 MHz,166 MHz,2 / 1 / 6 / 2,"Apr 1st, 2000",baraazaid/cpu-and-gpu-stats
7a76f0f08a13e93ce7a9,Radeon DDR MAXX,Rage 6,2000-06-01,AGP 2x,0.03125,,148.0,148.0,,,,True,"32 MB, DDR, 128 bit",148 MHz,148 MHz,2 / 1 / 6 / 2,"Jun 1st, 2000",baraazaid/cpu-and-gpu-stats
41cb93a5d55d1aea3825,Radeon DDR VIVO,Rage 6,2001-08-14,AGP 4x,0.0625,,183.0,183.0,,,,True,"64 MB, DDR, 128 bit",183 MHz,183 MHz,2 / 1 / 6 / 2,"Aug 14th, 2001",baraazaid/cpu-and-gpu-stats
57a302324a721cd0816c,Radeon DDR VIVO OEM,Rage 6,2001-08-14,AGP 4x,0.0625,,166.0,166.0,,,,True,"64 MB, DDR, 128 bit",166 MHz,166 MHz,2 / 1 / 6 / 2,"Aug 14th, 2001",baraazaid/cpu-and-gpu-stats
42583f2c8e1d9c94bfdf,Radeon DDR VIVO SE,Rage 6,2001-08-14,AGP 4x,0.0625,,187.0,180.0,,,,True,"64 MB, DDR, 128 bit",187 MHz,180 MHz,2 / 1 / 6 / 2,"Aug 14th, 2001",baraazaid/cpu-and-gpu-stats
c6a0217331469e15128e,Radeon E2400,RV610,2007-06-28,MXM-II,0.125,GDDR3,600.0,700.0,40,4,4,True,"128 MB, GDDR3, 64 bit",600 MHz,700 MHz,40 / 4 / 4,"Jun 28th, 2007",baraazaid/cpu-and-gpu-stats
be537dac0d4136b735f2,Radeon E6465,Caicos,2015-09-29,PCIe 2.0 x16,2.0,GDDR5,600.0,800.0,160,8,4,True,"2 GB, GDDR5, 64 bit",600 MHz,800 MHz,160 / 8 / 4,"Sep 29th, 2015",baraazaid/cpu-and-gpu-stats
f6d2397ebcba9ea3ad2e,Radeon E8860,Venus,2014-01-25,PCIe 3.0 x16,2.0,GDDR5,575.0,1125.0,640,40,16,True,"2 GB, GDDR5, 128 bit",575 MHz,1125 MHz,640 / 40 / 16,"Jan 25th, 2014",baraazaid/cpu-and-gpu-stats
749b15cfefc0837cc523,Radeon E8870,Saturn,2015-09-29,MXM-B (3.0),4.0,GDDR5,1000.0,1500.0,768,48,16,True,"4 GB, GDDR5, 128 bit",1000 MHz,1500 MHz,768 / 48 / 16,"Sep 29th, 2015",baraazaid/cpu-and-gpu-stats
28fe1f31d1cf9d2d91a1,Radeon E8950,Amethyst,2015-09-29,MXM-B (3.0),8.0,GDDR5,735.0,1500.0,2048,128,32,True,"8 GB, GDDR5, 256 bit",735 MHz,1500 MHz,2048 / 128 / 32,"Sep 29th, 2015",baraazaid/cpu-and-gpu-stats
77b05a262da8e5382ae0,Radeon E9260 MXM,Baffin,2016-09-27,MXM-A (3.0),4.0,GDDR5,1090.0,1750.0,896,48,16,True,"4 GB, GDDR5, 128 bit",1090 MHz,1750 MHz,896 / 48 / 16,"Sep 27th, 2016",baraazaid/cpu-and-gpu-stats
96c7f1f7240d2fd0a44b,Radeon E9260 PCIe,Baffin,2016-09-27,PCIe 3.0 x8,4.0,GDDR5,1090.0,1750.0,896,48,16,True,"4 GB, GDDR5, 128 bit",1090 MHz,1750 MHz,896 / 48 / 16,"Sep 27th, 2016",baraazaid/cpu-and-gpu-stats
1293d4ff2fea5699e2a9,Radeon E9550 MXM,Ellesmere,2016-09-27,MXM-B (3.0),8.0,GDDR5,1120.0,1250.0,2304,144,32,True,"8 GB, GDDR5, 256 bit",1120 MHz,1250 MHz,2304 / 144 / 32,"Sep 27th, 2016",baraazaid/cpu-and-gpu-stats
3af9ad1530e2e23cb234,Radeon Graphics 128SP,Raphael,2022-09-27,PCIe 4.0 x8,,,400.0,,128,8,4,True,System Shared,400 MHz,System Shared,128 / 8 / 4,"Sep 27th, 2022",baraazaid/cpu-and-gpu-stats
6be6f598d8409b024b7f,Radeon Graphics 320SP Mobile,Renoir,2020-01-06,IGP,,,400.0,,320,20,8,True,System Shared,400 MHz,System Shared,320 / 20 / 8,"Jan 6th, 2020",baraazaid/cpu-and-gpu-stats
68f46d46b7e2d2c77573,Radeon Graphics 384SP,Cezanne,2021-04-13,IGP,,,300.0,,384,24,8,True,System Shared,300 MHz,System Shared,384 / 24 / 8,"Apr 13th, 2021",baraazaid/cpu-and-gpu-stats
a95ae15b727a49aa03bb,Radeon Graphics 384SP Mobile,Renoir,2020-01-06,IGP,,,400.0,,384,24,8,True,System Shared,400 MHz,System Shared,384 / 24 / 8,"Jan 6th, 2020",baraazaid/cpu-and-gpu-stats
7f6def4fb2f6859e242f,Radeon Graphics 384SP Mobile,Cezanne,2021-04-13,IGP,,,300.0,,384,24,8,True,System Shared,300 MHz,System Shared,384 / 24 / 8,"Apr 13th, 2021",baraazaid/cpu-and-gpu-stats
1e2a72b5cb82246fc20c,Radeon Graphics 448SP,Renoir,2020-01-06,IGP,,,400.0,,448,28,8,True,System Shared,400 MHz,System Shared,448 / 28 / 8,"Jan 6th, 2020",baraazaid/cpu-and-gpu-stats
d2e57b73c69dc14e9696,Radeon Graphics 448SP,Cezanne,2021-04-13,IGP,,,300.0,,448,28,8,True,System Shared,300 MHz,System Shared,448 / 28 / 8,"Apr 13th, 2021",baraazaid/cpu-and-gpu-stats
cf962435a7f6a6a4fa15,Radeon Graphics 448SP Mobile,Renoir,2020-01-06,IGP,,,400.0,,448,28,8,True,System Shared,400 MHz,System Shared,448 / 28 / 8,"Jan 6th, 2020",baraazaid/cpu-and-gpu-stats
a581c7d0cafd21ebd0a7,Radeon Graphics 448SP Mobile,Lucienne,2021-01-12,IGP,,,300.0,,448,32,8,True,System Shared,300 MHz,System Shared,448 / 32 / 8,"Jan 12th, 2021",baraazaid/cpu-and-gpu-stats
5d8dea6b0f62e932c792,Radeon Graphics 448SP Mobile,Cezanne,2021-04-13,IGP,,,300.0,,448,28,8,True,System Shared,300 MHz,System Shared,448 / 28 / 8,"Apr 13th, 2021",baraazaid/cpu-and-gpu-stats
1b23302f260e31f93005,Radeon Graphics 512SP,Renoir,2020-03-07,IGP,,,400.0,,512,32,8,True,System Shared,400 MHz,System Shared,512 / 32 / 8,"Mar 7th, 2020",baraazaid/cpu-and-gpu-stats
a99b223851535fd935a8,Radeon Graphics 512SP,Cezanne,2021-01-12,IGP,,,300.0,,512,32,8,True,System Shared,300 MHz,System Shared,512 / 32 / 8,"Jan 12th, 2021",baraazaid/cpu-and-gpu-stats
c0d2b5f0db34f3c53c12,Radeon Graphics 512SP Mobile,Renoir,2020-03-07,IGP,,,400.0,,512,32,8,True,System Shared,400 MHz,System Shared,512 / 32 / 8,"Mar 7th, 2020",baraazaid/cpu-and-gpu-stats
d7f8bd250652e8db15d6,Radeon Graphics 512SP Mobile,Cezanne,2021-01-12,IGP,,,300.0,,512,32,8,True,System Shared,300 MHz,System Shared,512 / 32 / 8,"Jan 12th, 2021",baraazaid/cpu-and-gpu-stats
18fc44afc0522e9e8e5d,Radeon HD 2350 PRO,RV610,2007-01-01,PCIe 1.0 x16,0.25,DDR2,525.0,400.0,40,4,4,True,"256 MB, DDR2, 64 bit",525 MHz,400 MHz,40 / 4 / 4,2007,baraazaid/cpu-and-gpu-stats
eada4516457da2b77b48,Radeon HD 2400,RV610,2008-02-19,PCIe 1.0 x16,0.25,DDR2,398.0,495.0,40,4,4,True,"256 MB, DDR2, 64 bit",398 MHz,495 MHz,40 / 4 / 4,"Feb 19th, 2008",baraazaid/cpu-and-gpu-stats
c4065e2f3820560c6701,Radeon HD 2400 PRO,RV610,2007-06-28,PCIe 1.0 x16,0.25,DDR2,525.0,400.0,40,4,4,True,"256 MB, DDR2, 64 bit",525 MHz,400 MHz,40 / 4 / 4,"Jun 28th, 2007",baraazaid/cpu-and-gpu-stats
cae6e637bfcc5d9c1025,Radeon HD 2400 PRO AGP,RV610,2007-06-28,AGP 8x,0.25,DDR2,525.0,400.0,40,4,4,True,"256 MB, DDR2, 64 bit",525 MHz,400 MHz,40 / 4 / 4,"Jun 28th, 2007",baraazaid/cpu-and-gpu-stats
4405e3d55fbf7861031f,Radeon HD 2400 PRO PCI,RV610,2007-06-28,PCI,0.5,DDR2,525.0,400.0,40,4,4,True,"512 MB, DDR2, 64 bit",525 MHz,400 MHz,40 / 4 / 4,"Jun 28th, 2007",baraazaid/cpu-and-gpu-stats
4cc7f308ca6c774dfe61,Radeon HD 2400 XT,RV610,2007-06-28,PCIe 1.0 x16,0.25,GDDR3,650.0,500.0,40,4,4,True,"256 MB, GDDR3, 64 bit",650 MHz,500 MHz,40 / 4 / 4,"Jun 28th, 2007",baraazaid/cpu-and-gpu-stats
ceb3bbe7f0d41157f085,Radeon HD 2600 PRO,RV630,2007-06-28,PCIe 1.0 x16,0.25,DDR2,600.0,500.0,120,8,4,True,"256 MB, DDR2, 128 bit",600 MHz,500 MHz,120 / 8 / 4,"Jun 28th, 2007",baraazaid/cpu-and-gpu-stats
7211f1f9045fbd034b9b,Radeon HD 2600 PRO AGP,RV630,2007-06-28,AGP 8x,0.5,DDR2,594.0,396.0,120,8,4,True,"512 MB, DDR2, 128 bit",594 MHz,396 MHz,120 / 8 / 4,"Jun 28th, 2007",baraazaid/cpu-and-gpu-stats
bfed81e3478dee8bbabf,Radeon HD 2600 XT,RV630,2007-06-28,PCIe 1.0 x16,0.25,GDDR4,800.0,1100.0,120,8,4,True,"256 MB, GDDR4, 128 bit",800 MHz,1100 MHz,120 / 8 / 4,"Jun 28th, 2007",baraazaid/cpu-and-gpu-stats
caa75ea79c96848e3e5b,Radeon HD 2600 XT,RV630,2007-06-28,PCIe 1.0 x16,0.25,GDDR3,800.0,700.0,120,8,4,True,"256 MB, GDDR3, 128 bit",800 MHz,700 MHz,120 / 8 / 4,"Jun 28th, 2007",baraazaid/cpu-and-gpu-stats
44fee221ab5da9dda2d6,Radeon HD 2600 XT AGP,RV630,2007-06-28,AGP 8x,0.25,GDDR3,800.0,800.0,120,8,4,True,"256 MB, GDDR3, 128 bit",800 MHz,800 MHz,120 / 8 / 4,"Jun 28th, 2007",baraazaid/cpu-and-gpu-stats
1c157648d10123af4aec,Radeon HD 2600 XT AGP,RV635,2007-06-28,AGP 8x,0.25,DDR2,722.0,405.0,120,8,4,True,"256 MB, DDR2, 128 bit",722 MHz,405 MHz,120 / 8 / 4,"Jun 28th, 2007",baraazaid/cpu-and-gpu-stats
fa0a03c5755f558bb759,Radeon HD 2600 XT Mac Edition,RV630,2008-02-21,PCIe 1.0 x16,0.25,GDDR3,700.0,800.0,120,8,4,True,"256 MB, GDDR3, 128 bit",700 MHz,800 MHz,120 / 8 / 4,"Feb 21st, 2008",baraazaid/cpu-and-gpu-stats
df9f9a363d0609c36550,Radeon HD 2600 XT X2,RV630,2007-07-26,PCIe 1.0 x16,0.5,GDDR3,800.0,800.0,120,8,4,True,"512 MB, GDDR3, 128 bit",800 MHz,800 MHz,120 / 8 / 4,"Jul 26th, 2007",baraazaid/cpu-and-gpu-stats
3e5cb7fe7154002e324d,Radeon HD 2900 GT,R600,2007-11-06,PCIe 1.0 x16,0.25,GDDR3,601.0,800.0,240,12,12,True,"256 MB, GDDR3, 256 bit",601 MHz,800 MHz,240 / 12 / 12,"Nov 6th, 2007",baraazaid/cpu-and-gpu-stats
f47fc13c5771d9c6ff50,Radeon HD 2900 PRO,R600,2007-12-12,PCIe 1.0 x16,0.5,GDDR3,600.0,800.0,320,16,16,True,"512 MB, GDDR3, 256 bit",600 MHz,800 MHz,320 / 16 / 16,"Dec 12th, 2007",baraazaid/cpu-and-gpu-stats
9bc09bdadd081393addb,Radeon HD 2900 XT,R600,2007-05-14,PCIe 1.0 x16,0.5,GDDR3,743.0,828.0,320,16,16,True,"512 MB, GDDR3, 512 bit",743 MHz,828 MHz,320 / 16 / 16,"May 14th, 2007",baraazaid/cpu-and-gpu-stats
61ef3e59b94b773fb8b5,Radeon HD 2900 XTX,R600,,PCIe 1.0 x16,0.5,GDDR3,743.0,828.0,320,16,16,True,"512 MB, GDDR3, 512 bit",743 MHz,828 MHz,320 / 16 / 16,Never Released,baraazaid/cpu-and-gpu-stats
e90d20640c74c41d402b,Radeon HD 2950 PRO,RV670,,PCIe 2.0 x16,0.25,GDDR3,600.0,600.0,320,16,16,True,"256 MB, GDDR3, 256 bit",600 MHz,600 MHz,320 / 16 / 16,Never Released,baraazaid/cpu-and-gpu-stats
c9031aecd3a82ae86b45,Radeon HD 2950 XTX,RV670,,PCIe 2.0 x16,0.5,GDDR4,777.0,1126.0,320,16,16,True,"512 MB, GDDR4, 256 bit",777 MHz,1126 MHz,320 / 16 / 16,Never Released,baraazaid/cpu-and-gpu-stats
f7ece1f48dc8e2503bf5,Radeon HD 3200 IGP,RS780,2008-03-04,PCIe 1.0 x16,,,500.0,,40,4,4,True,System Shared,500 MHz,System Shared,40 / 4 / 4,"Mar 4th, 2008",baraazaid/cpu-and-gpu-stats
32b87b71da9b7ea9b91b,Radeon HD 3300 IGP,RS780,2008-08-06,PCIe 1.0 x16,,,500.0,,40,4,4,True,System Shared,500 MHz,System Shared,40 / 4 / 4,"Aug 6th, 2008",baraazaid/cpu-and-gpu-stats
9069852ff30a39a18ef3,Radeon HD 3450,RV620,2007-12-10,PCIe 2.0 x16,0.25,DDR2,600.0,500.0,40,4,4,True,"256 MB, DDR2, 64 bit",600 MHz,500 MHz,40 / 4 / 4,"Dec 10th, 2007",baraazaid/cpu-and-gpu-stats
a1bf6f6f710746a0f429,Radeon HD 3450 AGP,RV620,2008-01-23,AGP 8x,0.5,DDR2,600.0,500.0,40,4,4,True,"512 MB, DDR2, 64 bit",600 MHz,500 MHz,40 / 4 / 4,"Jan 23rd, 2008",baraazaid/cpu-and-gpu-stats
68b1ff6cef6841ffcb14,Radeon HD 3450 PCI,RV620,2008-01-23,PCI,0.5,DDR2,600.0,400.0,40,4,4,True,"512 MB, DDR2, 64 bit",600 MHz,400 MHz,40 / 4 / 4,"Jan 23rd, 2008",baraazaid/cpu-and-gpu-stats
cf5ba49fbe9d6fd9f9d9,Radeon HD 3450 X2,RV620,2007-12-10,PCIe 2.0 x16,0.5,DDR2,600.0,500.0,40,4,4,True,"512 MB, DDR2, 64 bit",600 MHz,500 MHz,40 / 4 / 4,"Dec 10th, 2007",baraazaid/cpu-and-gpu-stats
0e59e07433a2b10bb86f,Radeon HD 3470,RV620,2008-01-23,PCIe 2.0 x16,0.25,GDDR3,800.0,950.0,40,4,4,True,"256 MB, GDDR3, 64 bit",800 MHz,950 MHz,40 / 4 / 4,"Jan 23rd, 2008",baraazaid/cpu-and-gpu-stats
591f1509edae6c302229,Radeon HD 3550,RV620,2008-08-04,PCIe 2.0 x16,0.5,DDR2,594.0,396.0,40,4,4,True,"512 MB, DDR2, 64 bit",594 MHz,396 MHz,40 / 4 / 4,"Aug 4th, 2008",baraazaid/cpu-and-gpu-stats
1356ba92fe80d24a5809,Radeon HD 3570,RV620,2010-07-05,PCIe 2.0 x16,0.5,DDR2,796.0,495.0,40,4,4,True,"512 MB, DDR2, 64 bit",796 MHz,495 MHz,40 / 4 / 4,"Jul 5th, 2010",baraazaid/cpu-and-gpu-stats
0bdc6dedf1d0c0395260,Radeon HD 3650,RV635,2008-01-20,PCIe 2.0 x16,0.25,GDDR3,725.0,800.0,120,8,4,True,"256 MB, GDDR3, 128 bit",725 MHz,800 MHz,120 / 8 / 4,"Jan 20th, 2008",baraazaid/cpu-and-gpu-stats
9559c65ca153fbdbf55f,Radeon HD 3650 AGP,RV635,2008-01-23,AGP 8x,0.5,DDR2,725.0,500.0,120,8,4,True,"512 MB, DDR2, 128 bit",725 MHz,500 MHz,120 / 8 / 4,"Jan 23rd, 2008",baraazaid/cpu-and-gpu-stats
60ecb447d9567f1b7112,Radeon HD 3690,RV670,2008-03-30,PCIe 2.0 x16,0.25,GDDR3,670.0,830.0,320,16,16,True,"256 MB, GDDR3, 128 bit",670 MHz,830 MHz,320 / 16 / 16,"Mar 30th, 2008",baraazaid/cpu-and-gpu-stats
10219bce2712c1364ed1,Radeon HD 3730,RV635,2008-10-05,PCIe 2.0 x16,0.5,DDR2,722.0,396.0,120,8,4,True,"512 MB, DDR2, 128 bit",722 MHz,396 MHz,120 / 8 / 4,"Oct 5th, 2008",baraazaid/cpu-and-gpu-stats
62159a0b234182a7b08b,Radeon HD 3750,RV635,2008-09-11,PCIe 2.0 x16,0.5,GDDR3,796.0,693.0,120,8,4,True,"512 MB, GDDR3, 128 bit",796 MHz,693 MHz,120 / 8 / 4,"Sep 11th, 2008",baraazaid/cpu-and-gpu-stats
35503f9320d4201ba534,Radeon HD 3830,RV670,2008-04-01,PCIe 2.0 x16,0.25,GDDR3,668.0,828.0,320,16,16,True,"256 MB, GDDR3, 128 bit",668 MHz,828 MHz,320 / 16 / 16,"Apr 1st, 2008",baraazaid/cpu-and-gpu-stats
38741cdbae4a5c208d3b,Radeon HD 3850,RV670,2007-11-19,PCIe 2.0 x16,0.5,GDDR3,668.0,830.0,320,16,16,True,"512 MB, GDDR3, 256 bit",668 MHz,830 MHz,320 / 16 / 16,"Nov 19th, 2007",baraazaid/cpu-and-gpu-stats
db5b6ef6df72c36eb76e,Radeon HD 3850 AGP,RV670,2008-01-03,AGP 8x,0.5,GDDR3,668.0,828.0,320,16,16,True,"512 MB, GDDR3, 256 bit",668 MHz,828 MHz,320 / 16 / 16,"Jan 3rd, 2008",baraazaid/cpu-and-gpu-stats
7a79a3da5659c014a8ba,Radeon HD 3850 X2,RV670,2008-04-04,PCIe 2.0 x16,0.5,GDDR3,669.0,828.0,320,16,16,True,"512 MB, GDDR3, 256 bit",669 MHz,828 MHz,320 / 16 / 16,"Apr 4th, 2008",baraazaid/cpu-and-gpu-stats
788d935dc00fc9beb4b3,Radeon HD 3850 X3,RV670,,PCIe 2.0 x16,0.5,GDDR3,669.0,850.0,320,16,16,True,"512 MB, GDDR3, 256 bit",669 MHz,850 MHz,320 / 16 / 16,Never Released,baraazaid/cpu-and-gpu-stats
624e309aacf7176541bd,Radeon HD 3870,RV670,2007-11-19,PCIe 2.0 x16,0.5,GDDR4,777.0,1126.0,320,16,16,True,"512 MB, GDDR4, 256 bit",777 MHz,1126 MHz,320 / 16 / 16,"Nov 19th, 2007",baraazaid/cpu-and-gpu-stats
9dcb02e504fb68105d16,Radeon HD 3870 AGP,RV670,,AGP 8x,0.5,GDDR4,777.0,1126.0,320,16,16,True,"512 MB, GDDR4, 256 bit",777 MHz,1126 MHz,320 / 16 / 16,Never Released,baraazaid/cpu-and-gpu-stats
6685b85ee700a0348f72,Radeon HD 3870 Mac Edition,RV670,2008-06-12,PCIe 2.0 x16,0.5,GDDR4,777.0,1126.0,320,16,16,True,"512 MB, GDDR4, 256 bit",777 MHz,1126 MHz,320 / 16 / 16,"Jun 12th, 2008",baraazaid/cpu-and-gpu-stats
c300a78f0387d80e8faf,Radeon HD 3870 X2,R680,2008-01-26,PCIe 2.0 x16,0.5,GDDR3,825.0,901.0,320,16,16,True,"512 MB, GDDR3, 256 bit",825 MHz,901 MHz,320 / 16 / 16,"Jan 26th, 2008",baraazaid/cpu-and-gpu-stats
615811c544c8a39e719f,Radeon HD 4350,RV710,2008-09-30,PCIe 2.0 x16,0.5,DDR3,600.0,400.0,80,8,4,True,"512 MB, DDR3, 64 bit",600 MHz,400 MHz,80 / 8 / 4,"Sep 30th, 2008",baraazaid/cpu-and-gpu-stats
54c16c52fe36c4795115,Radeon HD 4350 AGP,RV710,2008-09-30,AGP 8x,0.5,DDR3,600.0,650.0,80,8,4,True,"512 MB, DDR3, 64 bit",600 MHz,650 MHz,80 / 8 / 4,"Sep 30th, 2008",baraazaid/cpu-and-gpu-stats
a84b03a146b346af07c9,Radeon HD 4350 PCI,RV710,2008-09-30,PCI,0.5,DDR2,600.0,400.0,80,8,4,True,"512 MB, DDR2, 64 bit",600 MHz,400 MHz,80 / 8 / 4,"Sep 30th, 2008",baraazaid/cpu-and-gpu-stats
56b3011a5711f31dcf26,Radeon HD 4350 PCIe x1,RV710,2008-09-30,PCIe 2.0 x1,0.5,DDR2,600.0,400.0,80,8,4,True,"512 MB, DDR2, 64 bit",600 MHz,400 MHz,80 / 8 / 4,"Sep 30th, 2008",baraazaid/cpu-and-gpu-stats
0eb40696aa0d34097140,Radeon HD 4550,RV710,2008-09-30,PCIe 2.0 x16,0.25,DDR2,600.0,655.0,80,8,4,True,"256 MB, DDR2, 64 bit",600 MHz,655 MHz,80 / 8 / 4,"Sep 30th, 2008",baraazaid/cpu-and-gpu-stats
401a11d3be28b512cb6d,Radeon HD 4570,RV710,2008-11-25,PCIe 2.0 x16,1.0,DDR2,650.0,500.0,80,8,4,True,"1024 MB, DDR2, 64 bit",650 MHz,500 MHz,80 / 8 / 4,"Nov 25th, 2008",baraazaid/cpu-and-gpu-stats
df1cc68bc25c290d2c4d,Radeon HD 4650,RV730,2008-09-10,PCIe 2.0 x16,0.25,GDDR3,600.0,700.0,320,32,8,True,"256 MB, GDDR3, 128 bit",600 MHz,700 MHz,320 / 32 / 8,"Sep 10th, 2008",baraazaid/cpu-and-gpu-stats
28350fdeab8218c497fb,Radeon HD 4650 AGP,RV730,2008-09-10,AGP 8x,0.5,DDR2,600.0,400.0,320,32,8,True,"512 MB, DDR2, 128 bit",600 MHz,400 MHz,320 / 32 / 8,"Sep 10th, 2008",baraazaid/cpu-and-gpu-stats
5f54380c6006da35084f,Radeon HD 4670,RV730,2008-09-10,PCIe 2.0 x16,0.5,GDDR3,750.0,1000.0,320,32,8,True,"512 MB, GDDR3, 128 bit",750 MHz,1000 MHz,320 / 32 / 8,"Sep 10th, 2008",baraazaid/cpu-and-gpu-stats
07c4301923ca484979d6,Radeon HD 4670 X2,RV730,2008-09-10,PCIe 2.0 x16,0.5,GDDR3,750.0,700.0,320,32,8,True,"512 MB, GDDR3, 128 bit",750 MHz,700 MHz,320 / 32 / 8,"Sep 10th, 2008",baraazaid/cpu-and-gpu-stats
9aa63bb6dd57c5d8e95b,Radeon HD 4700,RV730,2010-02-11,PCIe 2.0 x16,0.5,DDR2,600.0,400.0,320,32,8,True,"512 MB, DDR2, 128 bit",600 MHz,400 MHz,320 / 32 / 8,"Feb 11th, 2010",baraazaid/cpu-and-gpu-stats
333f7589723e85f60be2,Radeon HD 4710,RV730,2008-09-10,PCIe 2.0 x16,1.0,GDDR3,750.0,800.0,320,32,8,True,"1024 MB, GDDR3, 128 bit",750 MHz,800 MHz,320 / 32 / 8,"Sep 10th, 2008",baraazaid/cpu-and-gpu-stats
a4249a2719547829d16d,Radeon HD 4730 OEM,RV670,2008-12-26,PCIe 2.0 x16,1.0,DDR2,669.0,396.0,320,16,16,True,"1024 MB, DDR2, 256 bit",669 MHz,396 MHz,320 / 16 / 16,"Dec 26th, 2008",baraazaid/cpu-and-gpu-stats
3daa292b8b78098dc987,Radeon HD 4830,RV770,2008-10-21,PCIe 2.0 x16,0.5,GDDR3,575.0,900.0,640,32,16,True,"512 MB, GDDR3, 256 bit",575 MHz,900 MHz,640 / 32 / 16,"Oct 21st, 2008",baraazaid/cpu-and-gpu-stats
20b4e870fc54fcf88d51,Radeon HD 4850,RV770,2008-06-25,PCIe 2.0 x16,0.5,GDDR3,625.0,993.0,800,40,16,True,"512 MB, GDDR3, 256 bit",625 MHz,993 MHz,800 / 40 / 16,"Jun 25th, 2008",baraazaid/cpu-and-gpu-stats
2b9bbab13e6002307020,Radeon HD 4850 X2,R700,2008-11-07,PCIe 2.0 x16,0.5,GDDR3,625.0,995.0,800,40,16,True,"512 MB, GDDR3, 256 bit",625 MHz,995 MHz,800 / 40 / 16,"Nov 7th, 2008",baraazaid/cpu-and-gpu-stats
14e13af9cc5e9a7d805b,Radeon HD 4870,RV770,2008-06-25,PCIe 2.0 x16,0.5,GDDR5,750.0,900.0,800,40,16,True,"512 MB, GDDR5, 256 bit",750 MHz,900 MHz,800 / 40 / 16,"Jun 25th, 2008",baraazaid/cpu-and-gpu-stats
c5e84e3742756e4d5ca0,Radeon HD 4870 X2,R700,2008-08-12,PCIe 2.0 x16,1.0,GDDR5,750.0,900.0,800,40,16,True,"1024 MB, GDDR5, 256 bit",750 MHz,900 MHz,800 / 40 / 16,"Aug 12th, 2008",baraazaid/cpu-and-gpu-stats
b602dd22c00a26d0202e,Radeon HD 5450,Cedar,2010-02-04,PCIe 2.0 x16,0.5,DDR2,650.0,400.0,80,8,4,True,"512 MB, DDR2, 64 bit",650 MHz,400 MHz,80 / 8 / 4,"Feb 4th, 2010",baraazaid/cpu-and-gpu-stats
de678b54dab54ca0151b,Radeon HD 5450 PCI,Cedar,2010-02-04,PCI,0.5,DDR2,650.0,333.0,80,8,4,True,"512 MB, DDR2, 64 bit",650 MHz,333 MHz,80 / 8 / 4,"Feb 4th, 2010",baraazaid/cpu-and-gpu-stats
96a28cba693bda8f79df,Radeon HD 5450 PCIe x1,Cedar,2010-02-04,PCIe 2.0 x1,0.5,DDR3,650.0,500.0,80,8,4,True,"512 MB, DDR3, 64 bit",650 MHz,500 MHz,80 / 8 / 4,"Feb 4th, 2010",baraazaid/cpu-and-gpu-stats
666541d36c651156c05e,Radeon HD 5490,Cedar,2012-10-28,PCIe 2.0 x16,1.0,GDDR3,650.0,500.0,80,8,4,True,"1024 MB, GDDR3, 64 bit",650 MHz,500 MHz,80 / 8 / 4,"Oct 28th, 2012",baraazaid/cpu-and-gpu-stats
9a87f37447e20d34fde9,Radeon HD 5550,Redwood,2010-02-09,PCIe 2.0 x16,0.5,GDDR5,550.0,800.0,320,16,8,True,"512 MB, GDDR5, 128 bit",550 MHz,800 MHz,320 / 16 / 8,"Feb 9th, 2010",baraazaid/cpu-and-gpu-stats
c6dc5ae51c880ff59eff,Radeon HD 5570,Redwood,2010-02-09,PCIe 2.0 x16,1.0,GDDR3,650.0,800.0,400,20,8,True,"1024 MB, GDDR3, 128 bit",650 MHz,800 MHz,400 / 20 / 8,"Feb 9th, 2010",baraazaid/cpu-and-gpu-stats
d8c9494cbe818f13cc14,Radeon HD 5570,Pinewood,2010-02-09,PCIe 2.0 x16,1.0,GDDR5,625.0,800.0,400,20,8,True,"1024 MB, GDDR5, 128 bit",625 MHz,800 MHz,400 / 20 / 8,"Feb 9th, 2010",baraazaid/cpu-and-gpu-stats
2868c64a0ed17bd65f04,Radeon HD 5570 OEM,Redwood,2010-02-09,PCIe 2.0 x16,1.0,GDDR3,550.0,667.0,320,16,8,True,"1024 MB, GDDR3, 128 bit",550 MHz,667 MHz,320 / 16 / 8,"Feb 9th, 2010",baraazaid/cpu-and-gpu-stats
aaf990021dd43bcf5734,Radeon HD 5670 640SP Edition,Juniper,2010-07-18,PCIe 2.0 x16,0.5,GDDR5,750.0,1000.0,640,32,8,True,"512 MB, GDDR5, 128 bit",750 MHz,1000 MHz,640 / 32 / 8,"Jul 18th, 2010",baraazaid/cpu-and-gpu-stats
098354149595f24dd452,Radeon HD 5770 Mac Edition,Juniper,2010-07-04,PCIe 2.0 x16,1.0,GDDR5,850.0,1195.0,800,40,16,True,"1024 MB, GDDR5, 128 bit",850 MHz,1195 MHz,800 / 40 / 16,"Jul 4th, 2010",baraazaid/cpu-and-gpu-stats
c53b5b6df8df1cebb0c1,Radeon HD 5770 X2,Juniper,2010-10-13,PCIe 2.0 x16,1.0,GDDR5,850.0,1200.0,800,40,16,True,"1024 MB, GDDR5, 128 bit",850 MHz,1200 MHz,800 / 40 / 16,"Oct 13th, 2010",baraazaid/cpu-and-gpu-stats
125f9863a587de62af86,Radeon HD 5830,Cypress,2010-02-25,PCIe 2.0 x16,1.0,GDDR5,800.0,1000.0,1120,56,16,True,"1024 MB, GDDR5, 256 bit",800 MHz,1000 MHz,1120 / 56 / 16,"Feb 25th, 2010",baraazaid/cpu-and-gpu-stats
4542d47581600cad1975,Radeon HD 5870 Eyefinity 6,Cypress,2010-03-11,PCIe 2.0 x16,2.0,GDDR5,850.0,1200.0,1600,80,32,True,"2 GB, GDDR5, 256 bit",850 MHz,1200 MHz,1600 / 80 / 32,"Mar 11th, 2010",baraazaid/cpu-and-gpu-stats
43a4b2f0865e2834e341,Radeon HD 5870 Mac Edition,Cypress,2010-06-30,PCIe 2.0 x16,1.0,GDDR5,850.0,1195.0,1600,80,32,True,"1024 MB, GDDR5, 256 bit",850 MHz,1195 MHz,1600 / 80 / 32,"Jun 30th, 2010",baraazaid/cpu-and-gpu-stats
d39c341f71bf414ee8cd,Radeon HD 6250 IGP,Loveland,2010-11-09,IGP,,,500.0,,80,8,4,True,System Shared,500 MHz,System Shared,80 / 8 / 4,"Nov 9th, 2010",baraazaid/cpu-and-gpu-stats
bbafa82d5899a1921b85,Radeon HD 6250 IGP,Loveland,2012-04-04,IGP,,,277.0,,80,8,4,True,System Shared,277 MHz,System Shared,80 / 8 / 4,"Apr 4th, 2012",baraazaid/cpu-and-gpu-stats
da3c44b0d6a28b8b018d,Radeon HD 6250 IGP,Loveland,2012-10-09,IGP,,,276.0,,80,8,4,True,System Shared,276 MHz,System Shared,80 / 8 / 4,"Oct 9th, 2012",baraazaid/cpu-and-gpu-stats
ce008cf1e14face94fde,Radeon HD 6310 IGP,Loveland,2010-11-09,IGP,,,488.0,,80,8,4,True,System Shared,488 MHz,System Shared,80 / 8 / 4,"Nov 9th, 2010",baraazaid/cpu-and-gpu-stats
7bc75ebc6e4dd6260c84,Radeon HD 6330M,Robson,2010-11-26,PCIe 2.0 x16,1.0,GDDR3,500.0,800.0,80,8,4,True,"1024 MB, GDDR3, 64 bit",500 MHz,800 MHz,80 / 8 / 4,"Nov 26th, 2010",baraazaid/cpu-and-gpu-stats
e59d87c34d96618f563f,Radeon HD 6350M,Robson,2010-11-26,PCIe 2.0 x16,1.0,GDDR3,500.0,800.0,80,8,4,True,"1024 MB, GDDR3, 64 bit",500 MHz,800 MHz,80 / 8 / 4,"Nov 26th, 2010",baraazaid/cpu-and-gpu-stats
53d54779632b847e5b31,Radeon HD 6370M,Robson,2010-11-26,PCIe 2.0 x16,1.0,GDDR3,750.0,800.0,80,8,4,True,"1024 MB, GDDR3, 64 bit",750 MHz,800 MHz,80 / 8 / 4,"Nov 26th, 2010",baraazaid/cpu-and-gpu-stats
4a84cdb03cc756ae3ac7,Radeon HD 6530M,Capilano,2010-11-26,MXM-II,1.0,DDR3,450.0,900.0,400,20,8,True,"1024 MB, DDR3, 128 bit",450 MHz,900 MHz,400 / 20 / 8,"Nov 26th, 2010",baraazaid/cpu-and-gpu-stats
a4b7cdc9dec6ea5508d9,Radeon HD 6550M,Lexington,2010-11-26,MXM-II,1.0,DDR3,600.0,900.0,400,20,8,True,"1024 MB, DDR3, 128 bit",600 MHz,900 MHz,400 / 20 / 8,"Nov 26th, 2010",baraazaid/cpu-and-gpu-stats
61134d4020de178c1655,Radeon HD 6550M,Capilano,2010-11-26,MXM-II,1.0,DDR3,600.0,900.0,400,20,8,True,"1024 MB, DDR3, 128 bit",600 MHz,900 MHz,400 / 20 / 8,"Nov 26th, 2010",baraazaid/cpu-and-gpu-stats
3817e30046d2bb765302,Radeon HD 6570M,Capilano,2010-11-26,MXM-II,1.0,GDDR5,650.0,900.0,400,20,8,True,"1024 MB, GDDR5, 128 bit",650 MHz,900 MHz,400 / 20 / 8,"Nov 26th, 2010",baraazaid/cpu-and-gpu-stats
c9523bdc867eeabfa528,Radeon HD 6610,Redwood,2013-03-20,PCIe 2.0 x16,1.0,GDDR3,650.0,800.0,400,20,8,True,"1024 MB, GDDR3, 128 bit",650 MHz,800 MHz,400 / 20 / 8,"Mar 20th, 2013",baraazaid/cpu-and-gpu-stats
fc13f66e5a4aa0353964,Radeon HD 6770 Green Edition,Juniper,2013-04-19,PCIe 2.0 x16,2.0,GDDR3,700.0,667.0,720,36,16,True,"2 GB, GDDR3, 128 bit",700 MHz,667 MHz,720 / 36 / 16,"Apr 19th, 2013",baraazaid/cpu-and-gpu-stats
fc1cefd32c5445a8b25c,Radeon HD 6850,Barts,2010-10-21,PCIe 2.0 x16,1.0,GDDR5,775.0,1000.0,960,48,32,True,"1024 MB, GDDR5, 256 bit",775 MHz,1000 MHz,960 / 48 / 32,"Oct 21st, 2010",baraazaid/cpu-and-gpu-stats
38e62d1440c47359265f,Radeon HD 6850 1440SP Edition,Cypress,2012-08-21,PCIe 2.0 x16,1.0,GDDR5,725.0,1000.0,1440,72,32,True,"1024 MB, GDDR5, 256 bit",725 MHz,1000 MHz,1440 / 72 / 32,"Aug 21st, 2012",baraazaid/cpu-and-gpu-stats
149fa3d68791c6e3f94a,Radeon HD 6870,Barts,2010-10-21,PCIe 2.0 x16,1.0,GDDR5,900.0,1050.0,1120,56,32,True,"1024 MB, GDDR5, 256 bit",900 MHz,1050 MHz,1120 / 56 / 32,"Oct 21st, 2010",baraazaid/cpu-and-gpu-stats
26af76fe20e837fdbae6,Radeon HD 6870 1600SP Edition,Cypress,2013-01-14,PCIe 2.0 x16,1.0,GDDR5,850.0,1050.0,1600,80,32,True,"1024 MB, GDDR5, 256 bit",850 MHz,1050 MHz,1600 / 80 / 32,"Jan 14th, 2013",baraazaid/cpu-and-gpu-stats
1c1fbeecee3e76c96a0d,Radeon HD 6950,Cayman,2010-12-14,PCIe 2.0 x16,2.0,GDDR5,800.0,1250.0,1408,88,32,True,"2 GB, GDDR5, 256 bit",800 MHz,1250 MHz,1408 / 88 / 32,"Dec 14th, 2010",baraazaid/cpu-and-gpu-stats
a0bd39f1a981ea078de8,Radeon HD 6970,Cayman,2010-12-14,PCIe 2.0 x16,2.0,GDDR5,880.0,1375.0,1536,96,32,True,"2 GB, GDDR5, 256 bit",880 MHz,1375 MHz,1536 / 96 / 32,"Dec 14th, 2010",baraazaid/cpu-and-gpu-stats
79628d8fcf4cd0f5a4fc,Radeon HD 7290 IGP,Loveland,2012-06-06,IGP,,,276.0,,80,8,4,True,System Shared,276 MHz,System Shared,80 / 8 / 4,"Jun 6th, 2012",baraazaid/cpu-and-gpu-stats
c094095104713d4eea50,Radeon HD 7310 IGP,Loveland,2012-06-06,IGP,,,500.0,,80,8,4,True,System Shared,500 MHz,System Shared,80 / 8 / 4,"Jun 6th, 2012",baraazaid/cpu-and-gpu-stats
d2520990e4f61bba956f,Radeon HD 7340 IGP,Loveland,2012-06-06,IGP,,,523.0,,80,8,4,True,System Shared,523 MHz,System Shared,80 / 8 / 4,"Jun 6th, 2012",baraazaid/cpu-and-gpu-stats
2e9b8211f0bbf53642a3,Radeon HD 7400G IGP,Scrapper,2012-10-02,IGP,,,327.0,,192,12,4,True,System Shared,327 MHz,System Shared,192 / 12 / 4,"Oct 2nd, 2012",baraazaid/cpu-and-gpu-stats
ea82d805f3755ebff9b6,Radeon HD 7420G IGP,Scrapper Lite,2012-06-06,IGP,,,480.0,,128,8,4,True,System Shared,480 MHz,System Shared,128 / 8 / 4,"Jun 6th, 2012",baraazaid/cpu-and-gpu-stats
c6acc3404d73427267ea,Radeon HD 7470A,Redwood,2012-01-05,MXM-A (3.0),1.0,DDR3,775.0,800.0,400,20,8,True,"1024 MB, DDR3, 64 bit",775 MHz,800 MHz,400 / 20 / 8,"Jan 5th, 2012",baraazaid/cpu-and-gpu-stats
be7c01eccdc7d834eb1a,Radeon HD 7480D IGP,Scrapper Lite,2012-10-02,IGP,,,720.0,,128,8,4,True,System Shared,720 MHz,System Shared,128 / 8 / 4,"Oct 2nd, 2012",baraazaid/cpu-and-gpu-stats
542bbc3640fb5897587c,Radeon HD 7500G IGP,Devastator Lite,2012-05-15,IGP,,,327.0,,256,16,8,True,System Shared,327 MHz,System Shared,256 / 16 / 8,"May 15th, 2012",baraazaid/cpu-and-gpu-stats
70f96fdf4d65fb21d1f0,Radeon HD 7520G IGP,Scrapper,2012-06-06,IGP,,,496.0,,192,12,4,True,System Shared,496 MHz,System Shared,192 / 12 / 4,"Jun 6th, 2012",baraazaid/cpu-and-gpu-stats
4bbd3a31b20a96643863,Radeon HD 7540D IGP,Scrapper,2012-10-02,IGP,,,760.0,,192,12,4,True,System Shared,760 MHz,System Shared,192 / 12 / 4,"Oct 2nd, 2012",baraazaid/cpu-and-gpu-stats
4d0a892b894b6f56faa2,Radeon HD 7550M,Thames,2012-01-07,PCIe 2.0 x16,1.0,DDR3,500.0,900.0,480,24,16,True,"1024 MB, DDR3, 128 bit",500 MHz,900 MHz,480 / 24 / 16,"Jan 7th, 2012",baraazaid/cpu-and-gpu-stats
22a1843200cc6c758438,Radeon HD 7550M,Thames,2012-01-07,PCIe 2.0 x16,1.0,DDR3,450.0,900.0,400,20,8,True,"1024 MB, DDR3, 64 bit",450 MHz,900 MHz,400 / 20 / 8,"Jan 7th, 2012",baraazaid/cpu-and-gpu-stats
84a456a7a17102732ad1,Radeon HD 7560D IGP,Devastator Lite,2012-10-02,IGP,,,760.0,,256,16,8,True,System Shared,760 MHz,System Shared,256 / 16 / 8,"Oct 2nd, 2012",baraazaid/cpu-and-gpu-stats
24d554edaa692ba069a3,Radeon HD 7560G IGP,Devastator Lite,2012-05-15,IGP,,,496.0,,256,16,8,True,System Shared,496 MHz,System Shared,256 / 16 / 8,"May 15th, 2012",baraazaid/cpu-and-gpu-stats
4289f89bc7dffd5e4fdf,Radeon HD 7570,Turks,2012-01-05,PCIe 2.0 x16,1.0,GDDR3,650.0,800.0,480,24,8,True,"1024 MB, GDDR3, 128 bit",650 MHz,800 MHz,480 / 24 / 8,"Jan 5th, 2012",baraazaid/cpu-and-gpu-stats
ad980d94fa412f566e6d,Radeon HD 7570 OEM,Redwood,2013-03-20,PCIe 2.0 x16,1.0,GDDR3,650.0,800.0,400,20,8,True,"1024 MB, GDDR3, 128 bit",650 MHz,800 MHz,400 / 20 / 8,"Mar 20th, 2013",baraazaid/cpu-and-gpu-stats
bed4014ab2bbe2c30f9f,Radeon HD 7570M,Thames,2012-01-07,PCIe 2.0 x16,1.0,GDDR5,500.0,800.0,480,24,16,True,"1024 MB, GDDR5, 64 bit",500 MHz,800 MHz,480 / 24 / 16,"Jan 7th, 2012",baraazaid/cpu-and-gpu-stats
e8f7b9a0664afd02a4b8,Radeon HD 7590M,Thames,2012-01-07,PCIe 2.0 x16,1.0,GDDR5,600.0,800.0,480,24,8,True,"1024 MB, GDDR5, 64 bit",600 MHz,800 MHz,480 / 24 / 8,"Jan 7th, 2012",baraazaid/cpu-and-gpu-stats
ce4dc2d1218c6385fb60,Radeon HD 7600G IGP,Devastator,2012-09-01,IGP,,,320.0,,384,24,8,True,System Shared,320 MHz,System Shared,384 / 24 / 8,"Sep 1st, 2012",baraazaid/cpu-and-gpu-stats
8eb232e3fca27fb40a73,Radeon HD 7620G IGP,Devastator,2012-05-15,IGP,,,360.0,,384,24,8,True,System Shared,360 MHz,System Shared,384 / 24 / 8,"May 15th, 2012",baraazaid/cpu-and-gpu-stats
63f124d1c936c12d4f5b,Radeon HD 7630M,Thames,2012-01-07,PCIe 2.0 x16,1.0,DDR3,450.0,800.0,480,24,8,True,"1024 MB, DDR3, 128 bit",450 MHz,800 MHz,480 / 24 / 8,"Jan 7th, 2012",baraazaid/cpu-and-gpu-stats
91cb6b833fb7b3dd6854,Radeon HD 7640G IGP,Devastator Lite,2012-05-15,IGP,,,496.0,,256,16,8,True,System Shared,496 MHz,System Shared,256 / 16 / 8,"May 15th, 2012",baraazaid/cpu-and-gpu-stats
349a52bd20bda5d86275,Radeon HD 7650A,Onega,2012-01-05,MXM-A (3.0),1.0,DDR3,600.0,900.0,480,24,8,True,"1024 MB, DDR3, 128 bit",600 MHz,900 MHz,480 / 24 / 8,"Jan 5th, 2012",baraazaid/cpu-and-gpu-stats
75972c1fa438df291082,Radeon HD 7650M,Thames,2012-01-07,PCIe 2.0 x16,1.0,DDR3,450.0,800.0,480,24,16,True,"1024 MB, DDR3, 128 bit",450 MHz,800 MHz,480 / 24 / 16,"Jan 7th, 2012",baraazaid/cpu-and-gpu-stats
005556c2741586276b19,Radeon HD 7650M Rebrand,Whistler,2012-03-28,PCIe 2.0 x16,1.0,DDR3,485.0,800.0,480,24,8,True,"1024 MB, DDR3, 128 bit",485 MHz,800 MHz,480 / 24 / 8,"Mar 28th, 2012",baraazaid/cpu-and-gpu-stats
3dc2083f4be88c963a35,Radeon HD 7660D IGP,Devastator,2012-10-02,IGP,,,760.0,,384,24,8,True,System Shared,760 MHz,System Shared,384 / 24 / 8,"Oct 2nd, 2012",baraazaid/cpu-and-gpu-stats
3f8b996b83fc3c9b0c9f,Radeon HD 7660G IGP,Devastator,2012-05-15,IGP,,,686.0,,384,24,8,True,System Shared,686 MHz,System Shared,384 / 24 / 8,"May 15th, 2012",baraazaid/cpu-and-gpu-stats
107a01fbd43ab4e863db,Radeon HD 7670 OEM,Turks,2012-01-05,PCIe 2.0 x16,0.5,GDDR5,800.0,1000.0,480,24,8,True,"512 MB, GDDR5, 128 bit",800 MHz,1000 MHz,480 / 24 / 8,"Jan 5th, 2012",baraazaid/cpu-and-gpu-stats
6c8e75368a15937cf782,Radeon HD 7670A,Turks,2012-01-05,MXM-A (3.0),1.0,GDDR5,600.0,1000.0,480,24,8,True,"1024 MB, GDDR5, 128 bit",600 MHz,1000 MHz,480 / 24 / 8,"Jan 5th, 2012",baraazaid/cpu-and-gpu-stats
f277dc43b097e7624aae,Radeon HD 7670M,Thames,2012-02-17,PCIe 2.0 x16,1.0,DDR3,600.0,900.0,480,24,16,True,"1024 MB, DDR3, 128 bit",600 MHz,900 MHz,480 / 24 / 16,"Feb 17th, 2012",baraazaid/cpu-and-gpu-stats
ee90877485b18729c2e7,Radeon HD 7670M Rebrand,Whistler,2012-07-01,PCIe 2.0 x16,1.0,GDDR3,600.0,900.0,480,24,16,True,"1024 MB, GDDR3, 128 bit",600 MHz,900 MHz,480 / 24 / 16,"Jul 1st, 2012",baraazaid/cpu-and-gpu-stats
cd20a077c647b065b94e,Radeon HD 7690M Rebrand,Whistler,2012-01-07,PCIe 2.0 x16,1.0,GDDR3,600.0,800.0,480,24,8,True,"1024 MB, GDDR3, 128 bit",600 MHz,800 MHz,480 / 24 / 8,"Jan 7th, 2012",baraazaid/cpu-and-gpu-stats
ef1f3804c83bfe78e9f9,Radeon HD 7690M XT Rebrand,Whistler,2012-01-04,PCIe 2.0 x16,1.0,GDDR5,725.0,800.0,480,24,8,True,"1024 MB, GDDR5, 128 bit",725 MHz,800 MHz,480 / 24 / 8,"Jan 4th, 2012",baraazaid/cpu-and-gpu-stats
8c754d52f0610a5b0d75,Radeon HD 7720 OEM,Barts,2013-03-15,PCIe 2.0 x16,1.0,GDDR5,840.0,1050.0,800,40,32,True,"1024 MB, GDDR5, 256 bit",840 MHz,1050 MHz,800 / 40 / 32,"Mar 15th, 2013",baraazaid/cpu-and-gpu-stats
25f25a60c204581a75ce,Radeon HD 7730,Cape Verde,2013-05-01,PCIe 3.0 x16,1.0,GDDR5,800.0,1125.0,384,24,8,True,"1024 MB, GDDR5, 128 bit",800 MHz,1125 MHz,384 / 24 / 8,"May 1st, 2013",baraazaid/cpu-and-gpu-stats
fd9b459b7f25e40330b0,Radeon HD 7730M,Chelsea,2012-04-24,PCIe 2.0 x16,2.0,DDR3,575.0,900.0,512,32,16,True,"2 GB, DDR3, 128 bit",575 MHz,900 MHz,512 / 32 / 16,"Apr 24th, 2012",baraazaid/cpu-and-gpu-stats
106ae24adc94e1fc7bf5,Radeon HD 7750,Cape Verde,2012-02-15,PCIe 3.0 x16,1.0,GDDR5,800.0,1125.0,512,32,16,True,"1024 MB, GDDR5, 128 bit",800 MHz,1125 MHz,512 / 32 / 16,"Feb 15th, 2012",baraazaid/cpu-and-gpu-stats
7a6b2ddc4c617ea823fe,Radeon HD 7750M,Chelsea,2012-04-24,PCIe 2.0 x16,2.0,GDDR5,575.0,1000.0,512,32,16,True,"2 GB, GDDR5, 128 bit",575 MHz,1000 MHz,512 / 32 / 16,"Apr 24th, 2012",baraazaid/cpu-and-gpu-stats
c0df1723cb600fb9dd7d,Radeon HD 7770 GHz Edition,Cape Verde,2012-02-15,PCIe 3.0 x16,1.0,GDDR5,1000.0,1125.0,640,40,16,True,"1024 MB, GDDR5, 128 bit",1000 MHz,1125 MHz,640 / 40 / 16,"Feb 15th, 2012",baraazaid/cpu-and-gpu-stats
fdf76aa571d1cca1d5ed,Radeon HD 7770M,Chelsea,2012-04-24,PCIe 2.0 x16,1.0,GDDR5,675.0,1000.0,512,32,16,True,"1024 MB, GDDR5, 128 bit",675 MHz,1000 MHz,512 / 32 / 16,"Apr 24th, 2012",baraazaid/cpu-and-gpu-stats
7e4c8093fed19f688a11,Radeon HD 7790,Bonaire,2013-03-22,PCIe 3.0 x16,1.0,GDDR5,1000.0,1500.0,896,56,16,True,"1024 MB, GDDR5, 128 bit",1000 MHz,1500 MHz,896 / 56 / 16,"Mar 22nd, 2013",baraazaid/cpu-and-gpu-stats
c16738d8cdbeb99646b9,Radeon HD 7850,Pitcairn,2012-03-05,PCIe 3.0 x16,2.0,GDDR5,860.0,1200.0,1024,64,32,True,"2 GB, GDDR5, 256 bit",860 MHz,1200 MHz,1024 / 64 / 32,"Mar 5th, 2012",baraazaid/cpu-and-gpu-stats
816f7a184aad903de2dc,Radeon HD 7850M,Heathrow,2012-04-24,PCIe 3.0 x16,2.0,GDDR5,675.0,1000.0,640,40,16,True,"2 GB, GDDR5, 128 bit",675 MHz,1000 MHz,640 / 40 / 16,"Apr 24th, 2012",baraazaid/cpu-and-gpu-stats
f382b941c242e862d66b,Radeon HD 7870 GHz Edition,Pitcairn,2012-03-05,PCIe 3.0 x16,2.0,GDDR5,1000.0,1200.0,1280,80,32,True,"2 GB, GDDR5, 256 bit",1000 MHz,1200 MHz,1280 / 80 / 32,"Mar 5th, 2012",baraazaid/cpu-and-gpu-stats
8b07548af661dd41b436,Radeon HD 7870 XT,Tahiti,2012-11-19,PCIe 3.0 x16,2.0,GDDR5,925.0,1500.0,1536,96,32,True,"2 GB, GDDR5, 256 bit",925 MHz,1500 MHz,1536 / 96 / 32,"Nov 19th, 2012",baraazaid/cpu-and-gpu-stats
fa7fdd773cf486693876,Radeon HD 7870M,Heathrow,2012-04-24,PCIe 3.0 x16,2.0,GDDR5,800.0,1000.0,640,40,16,True,"2 GB, GDDR5, 128 bit",800 MHz,1000 MHz,640 / 40 / 16,"Apr 24th, 2012",baraazaid/cpu-and-gpu-stats
5be61e5d106546076682,Radeon HD 7950,Tahiti,2012-01-31,PCIe 3.0 x16,3.0,GDDR5,800.0,1250.0,1792,112,32,True,"3 GB, GDDR5, 384 bit",800 MHz,1250 MHz,1792 / 112 / 32,"Jan 31st, 2012",baraazaid/cpu-and-gpu-stats
3bc9db1e625b46c51d79,Radeon HD 7950 Boost,Tahiti,2012-06-22,PCIe 3.0 x16,3.0,GDDR5,850.0,1250.0,1792,112,32,True,"3 GB, GDDR5, 384 bit",850 MHz,1250 MHz,1792 / 112 / 32,"Jun 22nd, 2012",baraazaid/cpu-and-gpu-stats
a8669224b4b8944f3b34,Radeon HD 7950 Mac Edition,Tahiti,2013-03-07,PCIe 3.0 x16,3.0,GDDR5,800.0,1250.0,1792,112,32,True,"3 GB, GDDR5, 384 bit",800 MHz,1250 MHz,1792 / 112 / 32,"Mar 7th, 2013",baraazaid/cpu-and-gpu-stats
3e938565b8ebb11e4ae9,Radeon HD 7950 Monica BIOS 1,Tahiti,2012-01-31,PCIe 3.0 x16,3.0,GDDR5,925.0,1250.0,1536,96,32,True,"3 GB, GDDR5, 384 bit",925 MHz,1250 MHz,1536 / 96 / 32,"Jan 31st, 2012",baraazaid/cpu-and-gpu-stats
e4ee72b46ae3031b905b,Radeon HD 7950 Monica BIOS 2,Tahiti,2012-01-31,PCIe 3.0 x16,3.0,GDDR5,800.0,1250.0,768,48,32,True,"3 GB, GDDR5, 384 bit",800 MHz,1250 MHz,768 / 48 / 32,"Jan 31st, 2012",baraazaid/cpu-and-gpu-stats
16950c88c4e485aa6478,Radeon HD 7950M,Wimbledon,2012-04-24,MXM-B (3.0),2.0,GDDR5,700.0,1000.0,1280,80,32,True,"2 GB, GDDR5, 256 bit",700 MHz,1000 MHz,1280 / 80 / 32,"Apr 24th, 2012",baraazaid/cpu-and-gpu-stats
d940bac8fcc6eaf583bd,Radeon HD 7970 GHz Edition,Tahiti,2012-06-22,PCIe 3.0 x16,3.0,GDDR5,1000.0,1500.0,2048,128,32,True,"3 GB, GDDR5, 384 bit",1000 MHz,1500 MHz,2048 / 128 / 32,"Jun 22nd, 2012",baraazaid/cpu-and-gpu-stats
7aade760caebbc5cb0ac,Radeon HD 7970 X2,New Zealand,2012-08-31,PCIe 3.0 x16,3.0,GDDR5,925.0,1375.0,2048,128,32,True,"3 GB, GDDR5, 384 bit",925 MHz,1375 MHz,2048 / 128 / 32,"Aug 31st, 2012",baraazaid/cpu-and-gpu-stats
c3606377b7353e9b3c7a,Radeon HD 7970M,Wimbledon,2012-04-24,MXM-B (3.0),2.0,GDDR5,850.0,1200.0,1280,80,32,True,"2 GB, GDDR5, 256 bit",850 MHz,1200 MHz,1280 / 80 / 32,"Apr 24th, 2012",baraazaid/cpu-and-gpu-stats
847b331b5da3015a3162,Radeon HD 7990,Malta,2013-04-24,PCIe 3.0 x16,3.0,GDDR5,950.0,1500.0,2048,128,32,True,"3 GB, GDDR5, 384 bit",950 MHz,1500 MHz,2048 / 128 / 32,"Apr 24th, 2013",baraazaid/cpu-and-gpu-stats
b02f739cfd581819778d,Radeon HD 8180 IGP,Kalindi,2013-11-01,IGP,,,225.0,,128,8,4,True,System Shared,225 MHz,System Shared,128 / 8 / 4,Nov 2013,baraazaid/cpu-and-gpu-stats
daec895c1b17e1d696fb,Radeon HD 8210 IGP,Kalindi,2014-01-31,IGP,,,300.0,,128,8,4,True,System Shared,300 MHz,System Shared,128 / 8 / 4,"Jan 31st, 2014",baraazaid/cpu-and-gpu-stats
f15b141f6f58ed62b8e1,Radeon HD 8210E,Kalindi,2013-04-23,IGP,,,300.0,,128,8,4,True,System Shared,300 MHz,System Shared,128 / 8 / 4,"Apr 23rd, 2013",baraazaid/cpu-and-gpu-stats
5e6fde66a4cf9edd187a,Radeon HD 8240 Mobile IGP,Kalindi,2013-11-01,IGP,,,400.0,,128,8,4,True,System Shared,400 MHz,System Shared,128 / 8 / 4,"Nov 1st, 2013",baraazaid/cpu-and-gpu-stats
9b6c7ef131295197eb25,Radeon HD 8250 IGP,Kalindi,2013-05-23,IGP,,,300.0,,128,8,4,True,System Shared,300 MHz,System Shared,128 / 8 / 4,"May 23rd, 2013",baraazaid/cpu-and-gpu-stats
164fa26eead56b79e38d,Radeon HD 8280 IGP,Kalindi,2013-09-18,IGP,,,450.0,,128,8,4,True,System Shared,450 MHz,System Shared,128 / 8 / 4,"Sep 18th, 2013",baraazaid/cpu-and-gpu-stats
a4bfeda0c2551aaca488,Radeon HD 8280 Mobile IGP,Kalindi,2013-09-18,IGP,,,450.0,,128,8,4,True,System Shared,450 MHz,System Shared,128 / 8 / 4,"Sep 18th, 2013",baraazaid/cpu-and-gpu-stats
3e8e11e7a01ada512f4c,Radeon HD 8310G IGP,Scrapper Lite,2013-07-01,IGP,,,424.0,,128,8,4,True,System Shared,424 MHz,System Shared,128 / 8 / 4,Jul 2013,baraazaid/cpu-and-gpu-stats
922c838a9596831c7438,Radeon HD 8330 Mobile IGP,Kalindi,2013-08-13,IGP,,,497.0,,128,8,4,True,System Shared,497 MHz,System Shared,128 / 8 / 4,"Aug 13th, 2013",baraazaid/cpu-and-gpu-stats
f84b268afc238b58524e,Radeon HD 8370D IGP,Scrapper Lite,2013-07-01,IGP,,,760.0,,128,8,4,True,System Shared,760 MHz,System Shared,128 / 8 / 4,Jul 2013,baraazaid/cpu-and-gpu-stats
c23b3f3470925d1d7f5b,Radeon HD 8400 IGP,Kalindi,2013-11-23,IGP,,,600.0,,128,8,4,True,System Shared,600 MHz,System Shared,128 / 8 / 4,"Nov 23rd, 2013",baraazaid/cpu-and-gpu-stats
2e6fed9398ec9b0b6b8e,Radeon HD 8400 Mobile IGP,Kalindi,2013-11-23,IGP,,,600.0,,128,8,4,True,System Shared,600 MHz,System Shared,128 / 8 / 4,"Nov 23rd, 2013",baraazaid/cpu-and-gpu-stats
24ada7acf7bd5db9269e,Radeon HD 8410G IGP,Scrapper,2013-05-23,IGP,,,450.0,,192,12,4,True,System Shared,450 MHz,System Shared,192 / 12 / 4,"May 23rd, 2013",baraazaid/cpu-and-gpu-stats
83e986d0c498ea669b91,Radeon HD 8450G IGP,Scrapper,2013-05-23,IGP,,,533.0,,192,12,4,True,System Shared,533 MHz,System Shared,192 / 12 / 4,"May 23rd, 2013",baraazaid/cpu-and-gpu-stats
d66f97e1fd70b4fcfa2c,Radeon HD 8470D IGP,Scrapper,2013-07-29,IGP,,,800.0,,192,12,4,True,System Shared,800 MHz,System Shared,192 / 12 / 4,"Jul 29th, 2013",baraazaid/cpu-and-gpu-stats
24331055271fb5cf61e2,Radeon HD 8490 OEM,Caicos,2013-07-23,PCIe 2.0 x16,1.0,DDR3,875.0,900.0,160,8,4,True,"1024 MB, DDR3, 64 bit",875 MHz,900 MHz,160 / 8 / 4,"Jul 23rd, 2013",baraazaid/cpu-and-gpu-stats
6f67ebdf10e9eade7f52,Radeon HD 8510 OEM,Redwood,2013-04-24,PCIe 2.0 x16,1.0,GDDR3,650.0,500.0,400,20,8,True,"1024 MB, GDDR3, 128 bit",650 MHz,500 MHz,400 / 20 / 8,"Apr 24th, 2013",baraazaid/cpu-and-gpu-stats
54825151dd59cf215fc3,Radeon HD 8510 OEM,Turks,2013-07-23,PCIe 2.0 x16,1.0,GDDR3,650.0,800.0,480,24,8,True,"1024 MB, GDDR3, 128 bit",650 MHz,800 MHz,480 / 24 / 8,"Jul 23rd, 2013",baraazaid/cpu-and-gpu-stats
ab473c0455717adc0d0e,Radeon HD 8510G IGP,Devastator,2013-05-23,IGP,,,554.0,,384,24,8,True,System Shared,554 MHz,System Shared,384 / 24 / 8,"May 23rd, 2013",baraazaid/cpu-and-gpu-stats
e061fcb7be22b39f8c03,Radeon HD 8530M,Mars,2014-01-10,PCIe 3.0 x8,1.0,DDR3,650.0,900.0,320,16,8,True,"1024 MB, DDR3, 64 bit",650 MHz,900 MHz,320 / 16 / 8,"Jan 10th, 2014",baraazaid/cpu-and-gpu-stats
80690858727ce10a2c81,Radeon HD 8550 OEM,Turks,2013-10-25,PCIe 2.0 x16,1.0,GDDR3,650.0,800.0,480,24,8,True,"1024 MB, GDDR3, 128 bit",650 MHz,800 MHz,480 / 24 / 8,"Oct 25th, 2013",baraazaid/cpu-and-gpu-stats
488f71999b1bdaa3f7c6,Radeon HD 8550D IGP,Scrapper,2013-05-23,IGP,,,720.0,,256,16,8,True,System Shared,720 MHz,System Shared,256 / 16 / 8,"May 23rd, 2013",baraazaid/cpu-and-gpu-stats
4b54eb2d8417cf28a183,Radeon HD 8550G IGP,Devastator Lite,2013-05-23,IGP,,,515.0,,256,16,8,True,System Shared,515 MHz,System Shared,256 / 16 / 8,"May 23rd, 2013",baraazaid/cpu-and-gpu-stats
829ed0dda6a7127f9be3,Radeon HD 8550M,Sun,2014-07-13,PCIe 3.0 x8,1.0,DDR3,650.0,900.0,320,20,8,True,"1024 MB, DDR3, 64 bit",650 MHz,900 MHz,320 / 20 / 8,"Jul 13th, 2014",baraazaid/cpu-and-gpu-stats
447c84e412ab6481e05e,Radeon HD 8570 OEM Rebrand,Turks,2013-07-23,PCIe 2.0 x16,1.0,GDDR3,650.0,800.0,480,24,8,True,"1024 MB, GDDR3, 128 bit",650 MHz,800 MHz,480 / 24 / 8,"Jul 23rd, 2013",baraazaid/cpu-and-gpu-stats
e71adb40834a9c419b71,Radeon HD 8570A,Sun,2013-03-01,MXM-A (3.0),1.0,DDR3,750.0,1000.0,320,20,8,True,"1024 MB, DDR3, 64 bit",750 MHz,1000 MHz,320 / 20 / 8,"Mar 1st, 2013",baraazaid/cpu-and-gpu-stats
4b830d7a3f741e7037f4,Radeon HD 8570D IGP,Devastator Lite,2013-07-10,IGP,,,800.0,,256,16,8,True,System Shared,800 MHz,System Shared,256 / 16 / 8,"Jul 10th, 2013",baraazaid/cpu-and-gpu-stats
f5995d1810e4318f450e,Radeon HD 8570M,Sun,2013-03-01,PCIe 3.0 x8,1.0,DDR3,750.0,1000.0,320,20,8,True,"1024 MB, DDR3, 64 bit",750 MHz,1000 MHz,320 / 20 / 8,"Mar 1st, 2013",baraazaid/cpu-and-gpu-stats
996ec1d7441b84eeff55,Radeon HD 8590M,Sun,2013-03-01,PCIe 3.0 x8,1.0,GDDR5,750.0,1125.0,320,20,8,True,"1024 MB, GDDR5, 64 bit",750 MHz,1125 MHz,320 / 20 / 8,"Mar 1st, 2013",baraazaid/cpu-and-gpu-stats
0ac95a8fb706ca770460,Radeon HD 8610G IGP,Devastator,2013-05-23,IGP,,,533.0,,384,24,8,True,System Shared,533 MHz,System Shared,384 / 24 / 8,"May 23rd, 2013",baraazaid/cpu-and-gpu-stats
7888115df5ad974fdd0e,Radeon HD 8650D IGP,Scrapper,2013-12-28,IGP,,,720.0,,384,24,8,True,System Shared,720 MHz,System Shared,384 / 24 / 8,"Dec 28th, 2013",baraazaid/cpu-and-gpu-stats
0feeb2d814979535f821,Radeon HD 8650G IGP,Devastator,2013-05-23,IGP,,,533.0,,384,24,8,True,System Shared,533 MHz,System Shared,384 / 24 / 8,"May 23rd, 2013",baraazaid/cpu-and-gpu-stats
120f2b300d1e0ef4bda1,Radeon HD 8670D IGP,Devastator,2013-03-12,IGP,,,844.0,,384,24,8,True,System Shared,844 MHz,System Shared,384 / 24 / 8,"Mar 12th, 2013",baraazaid/cpu-and-gpu-stats
a8d60323aeb44c9caee6,Radeon HD 8670M,Mars,2013-03-01,PCIe 3.0 x8,1.0,DDR3,775.0,900.0,384,24,8,True,"1024 MB, DDR3, 64 bit",775 MHz,900 MHz,384 / 24 / 8,"Mar 1st, 2013",baraazaid/cpu-and-gpu-stats
d0fc3790a9e8908f9c88,Radeon HD 8670M,Sun,2013-03-01,PCIe 3.0 x8,1.0,DDR3,925.0,1000.0,320,20,8,True,"1024 MB, DDR3, 64 bit",925 MHz,1000 MHz,320 / 20 / 8,"Mar 1st, 2013",baraazaid/cpu-and-gpu-stats
3fe9101f982c969b33f2,Radeon HD 8690M,Sun,2013-03-01,PCIe 3.0 x8,1.0,GDDR5,775.0,1000.0,320,20,8,True,"1024 MB, GDDR5, 64 bit",775 MHz,1000 MHz,320 / 20 / 8,"Mar 1st, 2013",baraazaid/cpu-and-gpu-stats
f59f41daa7addd80ec9c,Radeon HD 8730 OEM,Cape Verde,2013-09-05,PCIe 3.0 x16,1.0,GDDR5,800.0,1125.0,384,24,8,True,"1024 MB, GDDR5, 128 bit",800 MHz,1125 MHz,384 / 24 / 8,"Sep 5th, 2013",baraazaid/cpu-and-gpu-stats
5f619c368587b0bd7404,Radeon HD 8730A,Mars,2013-04-01,PCIe 3.0 x8,1.0,DDR3,650.0,1000.0,384,24,8,True,"1024 MB, DDR3, 128 bit",650 MHz,1000 MHz,384 / 24 / 8,"Apr 1st, 2013",baraazaid/cpu-and-gpu-stats
38bb6f1571a14a36b303,Radeon HD 8730M,Mars,2013-04-01,PCIe 3.0 x8,2.0,DDR3,650.0,900.0,384,24,8,True,"2 GB, DDR3, 128 bit",650 MHz,900 MHz,384 / 24 / 8,"Apr 1st, 2013",baraazaid/cpu-and-gpu-stats
f1a5d71a4e521ac8eef4,Radeon HD 8740 OEM,Cape Verde,2013-09-05,PCIe 3.0 x16,1.0,GDDR5,800.0,1125.0,512,32,16,True,"1024 MB, GDDR5, 128 bit",800 MHz,1125 MHz,512 / 32 / 16,"Sep 5th, 2013",baraazaid/cpu-and-gpu-stats
52bbff6a47039c0007ff,Radeon HD 8750M,Mars,2013-02-26,PCIe 3.0 x8,1.0,GDDR5,620.0,1000.0,384,24,8,True,"1024 MB, GDDR5, 128 bit",620 MHz,1000 MHz,384 / 24 / 8,"Feb 26th, 2013",baraazaid/cpu-and-gpu-stats
ec635b28e7e0e08dd141,Radeon HD 8760 OEM,Cape Verde,2013-01-08,PCIe 3.0 x16,2.0,GDDR5,1000.0,1125.0,640,40,16,True,"2 GB, GDDR5, 128 bit",1000 MHz,1125 MHz,640 / 40 / 16,"Jan 8th, 2013",baraazaid/cpu-and-gpu-stats
4bfa272264c9fca73062,Radeon HD 8770 OEM,Bonaire,2013-09-02,PCIe 3.0 x16,1.0,GDDR5,1050.0,1500.0,896,56,16,True,"1024 MB, GDDR5, 128 bit",1050 MHz,1500 MHz,896 / 56 / 16,"Sep 2nd, 2013",baraazaid/cpu-and-gpu-stats
61bfb50f0e675cc77457,Radeon HD 8770M,Mars,2013-04-01,PCIe 3.0 x8,2.0,GDDR5,775.0,1125.0,384,24,8,True,"2 GB, GDDR5, 128 bit",775 MHz,1125 MHz,384 / 24 / 8,"Apr 1st, 2013",baraazaid/cpu-and-gpu-stats
8b54e30a6c2c7313c6f4,Radeon HD 8790M,Mars,2013-04-01,MXM-A (3.0),2.0,GDDR5,850.0,1000.0,384,24,8,True,"2 GB, GDDR5, 128 bit",850 MHz,1000 MHz,384 / 24 / 8,"Apr 1st, 2013",baraazaid/cpu-and-gpu-stats
722e9ab0d8ef7685c32d,Radeon HD 8830M,Venus,2013-04-01,PCIe 3.0 x16,2.0,DDR3,575.0,1000.0,640,40,16,True,"2 GB, DDR3, 128 bit",575 MHz,1000 MHz,640 / 40 / 16,"Apr 1st, 2013",baraazaid/cpu-and-gpu-stats
e1c5760b6b5dcbda6c35,Radeon HD 8850M,Venus,2013-04-01,PCIe 3.0 x16,2.0,DDR3,575.0,1000.0,640,40,16,True,"2 GB, DDR3, 128 bit",575 MHz,1000 MHz,640 / 40 / 16,"Apr 1st, 2013",baraazaid/cpu-and-gpu-stats
0d7a577f9d0d5e1852f0,Radeon HD 8860 OEM,Curacao,2013-01-08,PCIe 3.0 x16,2.0,GDDR5,925.0,1400.0,1280,80,32,True,"2 GB, GDDR5, 256 bit",925 MHz,1400 MHz,1280 / 80 / 32,"Jan 8th, 2013",baraazaid/cpu-and-gpu-stats
08e135cfd7d5d5f9855b,Radeon HD 8870 OEM,Pitcairn,2013-01-08,PCIe 3.0 x16,2.0,GDDR5,1000.0,1200.0,1280,80,32,True,"2 GB, GDDR5, 256 bit",1000 MHz,1200 MHz,1280 / 80 / 32,"Jan 8th, 2013",baraazaid/cpu-and-gpu-stats
d8dfb859e2c0f4f10dc1,Radeon HD 8870M,Venus,2013-04-01,PCIe 3.0 x16,2.0,GDDR5,725.0,1125.0,640,40,16,True,"2 GB, GDDR5, 128 bit",725 MHz,1125 MHz,640 / 40 / 16,"Apr 1st, 2013",baraazaid/cpu-and-gpu-stats
1c98f98f063a4fde2ae5,Radeon HD 8950 OEM,Tahiti,2013-01-08,PCIe 3.0 x16,3.0,GDDR5,850.0,1250.0,1792,112,32,True,"3 GB, GDDR5, 384 bit",850 MHz,1250 MHz,1792 / 112 / 32,"Jan 8th, 2013",baraazaid/cpu-and-gpu-stats
68b462f10fbb8af48e3b,Radeon HD 8950M,Saturn,2013-05-14,PCIe 3.0 x16,2.0,GDDR5,1075.0,1375.0,768,48,16,True,"2 GB, GDDR5, 128 bit",1075 MHz,1375 MHz,768 / 48 / 16,"May 14th, 2013",baraazaid/cpu-and-gpu-stats
cce636e50390acf237a7,Radeon HD 8970 OEM,Tahiti,2013-01-08,PCIe 3.0 x16,3.0,GDDR5,925.0,1375.0,2048,128,32,True,"3 GB, GDDR5, 384 bit",925 MHz,1375 MHz,2048 / 128 / 32,"Jan 8th, 2013",baraazaid/cpu-and-gpu-stats
bb9263a9635b8ce8a967,Radeon HD 8970M,Neptune,2013-05-14,PCIe 3.0 x16,4.0,GDDR5,850.0,1200.0,1280,80,32,True,"4 GB, GDDR5, 256 bit",850 MHz,1200 MHz,1280 / 80 / 32,"May 14th, 2013",baraazaid/cpu-and-gpu-stats
53fa41f192e96810b14b,Radeon HD 8990 OEM,Malta,2013-04-24,PCIe 3.0 x16,3.0,GDDR5,950.0,1500.0,2048,128,32,True,"3 GB, GDDR5, 384 bit",950 MHz,1500 MHz,2048 / 128 / 32,"Apr 24th, 2013",baraazaid/cpu-and-gpu-stats
7c8dc6522843b23f95bc,Radeon IGP 320,RS100,2002-10-05,AGP 4x,,,160.0,,,,,True,System Shared,160 MHz,System Shared,1 / 0 / 1 / 1,"Oct 5th, 2002",baraazaid/cpu-and-gpu-stats
eb9bf5c9c2d2ee62c645,Radeon IGP 320M,RS100,2002-10-05,AGP 4x,,,160.0,,,,,True,System Shared,160 MHz,System Shared,1 / 0 / 1 / 1,"Oct 5th, 2002",baraazaid/cpu-and-gpu-stats
ed827e814114ef9c240b,Radeon IGP 330M,RS200,2002-05-01,AGP 4x,,,183.0,,,,,True,System Shared,183 MHz,System Shared,0 / 1 / 2 / 2,"May 1st, 2002",baraazaid/cpu-and-gpu-stats
188a7af4bca1ab25c1a5,Radeon IGP 340,RS200,2002-10-05,AGP 4x,,,183.0,,,,,True,System Shared,183 MHz,System Shared,0 / 1 / 2 / 2,"Oct 5th, 2002",baraazaid/cpu-and-gpu-stats
7e14366b0b22a21c223c,Radeon IGP 340M,RS200,2002-10-05,AGP 4x,,,183.0,,,,,True,System Shared,183 MHz,System Shared,0 / 1 / 2 / 2,"Oct 5th, 2002",baraazaid/cpu-and-gpu-stats
bd6d0c89d170e28a3322,Radeon IGP 345M,RS200,2002-10-05,AGP 4x,,,183.0,,,,,True,System Shared,183 MHz,System Shared,2 / 1 / 2 / 2,"Oct 5th, 2002",baraazaid/cpu-and-gpu-stats
0a0b76142f0f5c5aebbc,Radeon IGP 350M,RS200,2002-10-05,AGP 4x,,,183.0,,,,,True,System Shared,183 MHz,System Shared,0 / 1 / 2 / 2,"Oct 5th, 2002",baraazaid/cpu-and-gpu-stats
0a814d5d258ba64cb0cf,Radeon Instinct MI100,Arcturus,2020-11-16,PCIe 4.0 x16,32.0,HBM2,1000.0,1200.0,7680,480,64,True,"32 GB, HBM2, 4096 bit",1000 MHz,1200 MHz,7680 / 480 / 64,"Nov 16th, 2020",baraazaid/cpu-and-gpu-stats
b3206d2476cca36d7e75,Radeon Instinct MI210,Aldebaran,2021-12-01,PCIe 4.0 x16,64.0,,1000.0,1600.0,6656,416,0,True,"64 GB, HBM2e, 4096 bit",1000 MHz,1600 MHz,6656 / 416 / 0,Dec 2021,baraazaid/cpu-and-gpu-stats
1831d5863730a707b35b,Radeon Instinct MI250,Aldebaran,2021-11-08,PCIe 4.0 x16,128.0,,1000.0,1600.0,13312,832,0,True,"128 GB, HBM2e, 8192 bit",1000 MHz,1600 MHz,13312 / 832 / 0,"Nov 8th, 2021",baraazaid/cpu-and-gpu-stats
d2ca341663baa2278f76,Radeon Instinct MI250X,Aldebaran,2021-11-08,PCIe 4.0 x16,128.0,,1000.0,1600.0,14080,880,0,True,"128 GB, HBM2e, 8192 bit",1000 MHz,1600 MHz,14080 / 880 / 0,"Nov 8th, 2021",baraazaid/cpu-and-gpu-stats
33513d852282aae2b358,Radeon Instinct MI300,CDNA3,2023-01-04,PCIe 4.0 x16,128.0,HBM3,1000.0,1600.0,14080,880,0,True,"128 GB, HBM3, 8192 bit",1000 MHz,1600 MHz,14080 / 880 / 0,"Jan 4th, 2023",baraazaid/cpu-and-gpu-stats
7467d74307e4fd070da7,Radeon Instinct MI50,Vega 20,2018-11-18,PCIe 4.0 x16,16.0,HBM2,1200.0,1000.0,3840,240,64,True,"16 GB, HBM2, 4096 bit",1200 MHz,1000 MHz,3840 / 240 / 64,"Nov 18th, 2018",baraazaid/cpu-and-gpu-stats
e0369818cc8536ee9c00,Radeon Instinct MI6,Ellesmere,2016-12-12,PCIe 3.0 x16,8.0,GDDR5,1120.0,1750.0,2304,144,32,True,"8 GB, GDDR5, 256 bit",1120 MHz,1750 MHz,2304 / 144 / 32,"Dec 12th, 2016",baraazaid/cpu-and-gpu-stats
643294f0a01ad1757b9a,Radeon Instinct MI60,Vega 20,2018-11-18,PCIe 4.0 x16,32.0,HBM2,1200.0,1000.0,4096,256,64,True,"32 GB, HBM2, 4096 bit",1200 MHz,1000 MHz,4096 / 256 / 64,"Nov 18th, 2018",baraazaid/cpu-and-gpu-stats
172524ae02acf4375958,Radeon Instinct MI8,Fiji,2016-12-12,PCIe 3.0 x16,4.0,HBM,1000.0,500.0,4096,256,64,True,"4 GB, HBM, 4096 bit",1000 MHz,500 MHz,4096 / 256 / 64,"Dec 12th, 2016",baraazaid/cpu-and-gpu-stats
1f371cdcb3dff94862f5,Radeon LE,Rage 6,2001-05-01,AGP 4x,0.03125,,148.0,148.0,,,,True,"32 MB, DDR, 128 bit",148 MHz,148 MHz,2 / 1 / 6 / 2,"May 1st, 2001",baraazaid/cpu-and-gpu-stats
83f6a754c47af0a69d81,Radeon PRO V620,Navi 21,2021-11-04,PCIe 4.0 x16,32.0,GDDR6,1825.0,2000.0,4608,288,128,True,"32 GB, GDDR6, 256 bit",1825 MHz,2000 MHz,4608 / 288 / 128,"Nov 4th, 2021",baraazaid/cpu-and-gpu-stats
68c80a82efd998cf69af,Radeon PRO W6300,Navi 24,2022-01-19,PCIe 4.0 x4,2.0,GDDR6,1512.0,2000.0,768,48,32,True,"2 GB, GDDR6, 32 bit",1512 MHz,2000 MHz,768 / 48 / 32,"Jan 19th, 2022",baraazaid/cpu-and-gpu-stats
8263053a434de327c8e0,Radeon PRO W6300M,Navi 24,2022-01-19,PCIe 4.0 x4,2.0,GDDR6,1512.0,2000.0,768,48,32,True,"2 GB, GDDR6, 32 bit",1512 MHz,2000 MHz,768 / 48 / 32,"Jan 19th, 2022",baraazaid/cpu-and-gpu-stats
b005085db7e36c909117,Radeon PRO W6400,Navi 24,2022-01-19,PCIe 4.0 x4,4.0,GDDR6,2039.0,2000.0,768,48,32,True,"4 GB, GDDR6, 64 bit",2039 MHz,2000 MHz,768 / 48 / 32,"Jan 19th, 2022",baraazaid/cpu-and-gpu-stats
506a4ce8acfa5fa291ac,Radeon PRO W6500M,Navi 24,,PCIe 4.0 x4,4.0,GDDR6,1512.0,2000.0,1024,64,32,True,"4 GB, GDDR6, 64 bit",1512 MHz,2000 MHz,1024 / 64 / 32,Never Released,baraazaid/cpu-and-gpu-stats
1c05219434ffea6409f4,Radeon PRO W6600,Navi 23,2021-06-08,PCIe 4.0 x8,8.0,GDDR6,2331.0,1750.0,1792,112,64,True,"8 GB, GDDR6, 128 bit",2331 MHz,1750 MHz,1792 / 112 / 64,"Jun 8th, 2021",baraazaid/cpu-and-gpu-stats
a5bdf7a869babc194e53,Radeon PRO W6600M,Navi 23,2021-06-08,PCIe 4.0 x16,8.0,GDDR6,2200.0,1750.0,1792,112,64,True,"8 GB, GDDR6, 128 bit",2200 MHz,1750 MHz,1792 / 112 / 64,"Jun 8th, 2021",baraazaid/cpu-and-gpu-stats
719c066bfa2d0c0f5f3f,Radeon PRO W6800,Navi 21,2021-06-08,PCIe 4.0 x16,32.0,GDDR6,2075.0,2000.0,3840,240,96,True,"32 GB, GDDR6, 256 bit",2075 MHz,2000 MHz,3840 / 240 / 96,"Jun 8th, 2021",baraazaid/cpu-and-gpu-stats
c10abdbf7d665bd800fe,Radeon PRO W6800X,Navi 21,2021-08-03,PCIe 4.0 x16,32.0,GDDR6,1800.0,2000.0,3840,240,96,True,"32 GB, GDDR6, 256 bit",1800 MHz,2000 MHz,3840 / 240 / 96,"Aug 3rd, 2021",baraazaid/cpu-and-gpu-stats
a13a88e0d0ad0d65b9ba,Radeon PRO W6800X Duo,Navi 21,2021-08-03,PCIe 4.0 x16,32.0,GDDR6,1800.0,2000.0,3840,240,96,True,"32 GB, GDDR6, 256 bit",1800 MHz,2000 MHz,3840 / 240 / 96,"Aug 3rd, 2021",baraazaid/cpu-and-gpu-stats
22a97d1e7c2f41199337,Radeon PRO W6900X,Navi 21,2021-08-03,PCIe 4.0 x16,32.0,GDDR6,1825.0,2000.0,5120,320,128,True,"32 GB, GDDR6, 256 bit",1825 MHz,2000 MHz,5120 / 320 / 128,"Aug 3rd, 2021",baraazaid/cpu-and-gpu-stats
82052e2f0ae382ece3cc,Radeon Pro 450,Baffin,2016-10-30,PCIe 3.0 x8,2.0,GDDR5,800.0,1270.0,640,40,16,True,"2 GB, GDDR5, 128 bit",800 MHz,1270 MHz,640 / 40 / 16,"Oct 30th, 2016",baraazaid/cpu-and-gpu-stats
ac89f146287207b51624,Radeon Pro 455,Baffin,2016-10-30,PCIe 3.0 x8,2.0,GDDR5,855.0,1270.0,768,48,16,True,"2 GB, GDDR5, 128 bit",855 MHz,1270 MHz,768 / 48 / 16,"Oct 30th, 2016",baraazaid/cpu-and-gpu-stats
f28fe6efea0aa98be2e7,Radeon Pro 460,Baffin,2016-10-30,PCIe 3.0 x8,4.0,GDDR5,850.0,1270.0,1024,64,16,True,"4 GB, GDDR5, 128 bit",850 MHz,1270 MHz,1024 / 64 / 16,"Oct 30th, 2016",baraazaid/cpu-and-gpu-stats
eede6e70807ec0c85fbc,Radeon Pro 5300,Navi 14,2020-08-04,PCIe 4.0 x8,4.0,GDDR6,1000.0,1750.0,1280,80,32,True,"4 GB, GDDR6, 128 bit",1000 MHz,1750 MHz,1280 / 80 / 32,"Aug 4th, 2020",baraazaid/cpu-and-gpu-stats
6ff3f1fead684a20cec0,Radeon Pro 5500 XT,Navi 14,2020-08-04,PCIe 4.0 x8,8.0,GDDR6,1187.0,1750.0,1536,96,32,True,"8 GB, GDDR6, 128 bit",1187 MHz,1750 MHz,1536 / 96 / 32,"Aug 4th, 2020",baraazaid/cpu-and-gpu-stats
3a2fd5b774d293c64ac9,Radeon Pro 555X,Polaris 21,2018-07-16,PCIe 3.0 x8,4.0,GDDR5,907.0,1470.0,768,48,16,True,"4 GB, GDDR5, 128 bit",907 MHz,1470 MHz,768 / 48 / 16,"Jul 16th, 2018",baraazaid/cpu-and-gpu-stats
87a71f1fe67b49db64f2,Radeon Pro 5600M,Navi 12,2020-06-15,PCIe 4.0 x16,8.0,HBM2,1000.0,770.0,2560,160,64,True,"8 GB, HBM2, 2048 bit",1000 MHz,770 MHz,2560 / 160 / 64,"Jun 15th, 2020",baraazaid/cpu-and-gpu-stats
105657f5d8a9d6d62e3a,Radeon Pro 560X,Polaris 21,2018-07-16,PCIe 3.0 x8,4.0,GDDR5,1004.0,1470.0,1024,64,16,True,"4 GB, GDDR5, 128 bit",1004 MHz,1470 MHz,1024 / 64 / 16,"Jul 16th, 2018",baraazaid/cpu-and-gpu-stats
17b6cd9b807c2258f8dc,Radeon Pro 5700,Navi 10,2020-08-04,PCIe 4.0 x16,8.0,GDDR6,1243.0,1500.0,2304,144,64,True,"8 GB, GDDR6, 256 bit",1243 MHz,1500 MHz,2304 / 144 / 64,"Aug 4th, 2020",baraazaid/cpu-and-gpu-stats
706dfae2956048c85780,Radeon Pro 5700 XT,Navi 10,2020-08-04,PCIe 4.0 x16,16.0,GDDR6,1243.0,1500.0,2560,160,64,True,"16 GB, GDDR6, 256 bit",1243 MHz,1500 MHz,2560 / 160 / 64,"Aug 4th, 2020",baraazaid/cpu-and-gpu-stats
d89af87b053c36e395cf,Radeon Pro Duo,Capsaicin,2016-04-26,PCIe 3.0 x16,4.0,HBM,1000.0,500.0,4096,256,64,True,"4 GB, HBM, 4096 bit",1000 MHz,500 MHz,4096 / 256 / 64,"Apr 26th, 2016",baraazaid/cpu-and-gpu-stats
0030db9cf2ff09105c34,Radeon Pro SSG,Fiji,2016-07-26,PCIe 3.0 x16,4.0,HBM,1000.0,500.0,4096,256,64,True,"4 GB, HBM, 4096 bit",1000 MHz,500 MHz,4096 / 256 / 64,"Jul 26th, 2016",baraazaid/cpu-and-gpu-stats
a027b54f39102b0cadef,Radeon Pro V340 16 GB,Vega 10,2018-08-26,PCIe 3.0 x16,16.0,HBM2,852.0,945.0,3584,224,64,True,"16 GB, HBM2, 2048 bit",852 MHz,945 MHz,3584 / 224 / 64,"Aug 26th, 2018",baraazaid/cpu-and-gpu-stats
e0b8beb1940a9f7cb2ab,Radeon Pro V340 8 GB,Vega 10,2018-08-26,PCIe 3.0 x16,8.0,HBM2,852.0,945.0,3584,224,64,True,"8 GB, HBM2, 2048 bit",852 MHz,945 MHz,3584 / 224 / 64,"Aug 26th, 2018",baraazaid/cpu-and-gpu-stats
e27b2411d60d05f2a458,Radeon Pro V420,Vega 20,,PCIe 4.0 x16,32.0,HBM2,800.0,800.0,4096,256,64,True,"32 GB, HBM2, 4096 bit",800 MHz,800 MHz,4096 / 256 / 64,Never Released,baraazaid/cpu-and-gpu-stats
c3106dc0923de8ef696f,Radeon Pro V520,Navi 12,2020-12-01,PCIe 4.0 x16,8.0,HBM2,1000.0,1000.0,2304,144,64,True,"8 GB, HBM2, 2048 bit",1000 MHz,1000 MHz,2304 / 144 / 64,"Dec 1st, 2020",baraazaid/cpu-and-gpu-stats
28d2ab3816ca4fa31c60,Radeon Pro V5300X,Baffin,,PCIe 3.0 x8,4.0,GDDR5,1125.0,1500.0,1024,64,16,True,"4 GB, GDDR5, 128 bit",1125 MHz,1500 MHz,1024 / 64 / 16,Never Released,baraazaid/cpu-and-gpu-stats
da63837833409db26a18,Radeon Pro V7300X,Ellesmere,,PCIe 3.0 x16,8.0,GDDR5,1188.0,1750.0,2304,144,32,True,"8 GB, GDDR5, 256 bit",1188 MHz,1750 MHz,2304 / 144 / 32,Never Released,baraazaid/cpu-and-gpu-stats
b00449238100b3da1398,Radeon Pro V7350X2,Ellesmere,,PCIe 3.0 x16,16.0,GDDR5,1188.0,1750.0,2304,144,32,True,"16 GB, GDDR5, 256 bit",1188 MHz,1750 MHz,2304 / 144 / 32,Never Released,baraazaid/cpu-and-gpu-stats
9dc387bc0298c637e4a7,Radeon Pro VII,Vega 20,2020-05-13,PCIe 4.0 x16,16.0,HBM2,1400.0,1000.0,3840,240,64,True,"16 GB, HBM2, 4096 bit",1400 MHz,1000 MHz,3840 / 240 / 64,"May 13th, 2020",baraazaid/cpu-and-gpu-stats
669c4a8200cfe62e6148,Radeon Pro Vega 16,Vega 12,2018-11-14,PCIe 3.0 x16,4.0,HBM2,815.0,1200.0,1024,64,32,True,"4 GB, HBM2, 1024 bit",815 MHz,1200 MHz,1024 / 64 / 32,"Nov 14th, 2018",baraazaid/cpu-and-gpu-stats
b23c5ac80446cebb59a7,Radeon Pro Vega 20,Vega 12,2018-11-14,PCIe 3.0 x16,4.0,HBM2,815.0,740.0,1280,80,32,True,"4 GB, HBM2, 1024 bit",815 MHz,740 MHz,1280 / 80 / 32,"Nov 14th, 2018",baraazaid/cpu-and-gpu-stats
3c23f8636ff7dba2de53,Radeon Pro W5500,Navi 14,2020-02-10,PCIe 4.0 x8,8.0,GDDR6,1744.0,1750.0,1408,88,32,True,"8 GB, GDDR6, 128 bit",1744 MHz,1750 MHz,1408 / 88 / 32,"Feb 10th, 2020",baraazaid/cpu-and-gpu-stats
ff6d87af096bbd156dd6,Radeon Pro W5500M,Navi 14,2020-02-10,PCIe 4.0 x8,4.0,GDDR6,1000.0,1750.0,1408,88,32,True,"4 GB, GDDR6, 128 bit",1000 MHz,1750 MHz,1408 / 88 / 32,"Feb 10th, 2020",baraazaid/cpu-and-gpu-stats
61bcd4220113357d6c25,Radeon Pro WX 4100,Baffin,2016-11-10,PCIe 3.0 x8,4.0,GDDR5,1125.0,1500.0,1024,64,16,True,"4 GB, GDDR5, 128 bit",1125 MHz,1500 MHz,1024 / 64 / 16,"Nov 10th, 2016",baraazaid/cpu-and-gpu-stats
6f40a481c981c79388c1,Radeon Pro WX 5100,Ellesmere,2016-11-18,PCIe 3.0 x16,8.0,GDDR5,713.0,1250.0,1792,112,32,True,"8 GB, GDDR5, 256 bit",713 MHz,1250 MHz,1792 / 112 / 32,"Nov 18th, 2016",baraazaid/cpu-and-gpu-stats
5b307f4fdb1937867cf1,Radeon Pro WX 7100,Ellesmere,2016-11-10,PCIe 3.0 x16,8.0,GDDR5,1188.0,1750.0,2304,144,32,True,"8 GB, GDDR5, 256 bit",1188 MHz,1750 MHz,2304 / 144 / 32,"Nov 10th, 2016",baraazaid/cpu-and-gpu-stats
fd1630993b74b71fec50,Radeon Pro WX 8200,Vega 10,2018-08-13,PCIe 3.0 x16,8.0,HBM2,1200.0,1000.0,3584,224,64,True,"8 GB, HBM2, 2048 bit",1200 MHz,1000 MHz,3584 / 224 / 64,"Aug 13th, 2018",baraazaid/cpu-and-gpu-stats
e9bfb0e17d95484bc68f,Radeon Pro WX Vega M GL,Polaris 22,2018-04-24,IGP,4.0,HBM2,931.0,700.0,1280,80,32,True,"4 GB, HBM2, 1024 bit",931 MHz,700 MHz,1280 / 80 / 32,"Apr 24th, 2018",baraazaid/cpu-and-gpu-stats
1eb4bcbddbb18d76167e,Radeon R2 Mobile Graphics,Beema,2015-01-28,IGP,,,300.0,,128,8,4,True,System Shared,300 MHz,System Shared,128 / 8 / 4,"Jan 28th, 2015",baraazaid/cpu-and-gpu-stats
741746638973a33ddebe,Radeon R2 Mobile Graphics,Stoney,2016-06-01,IGP,,,200.0,,128,8,4,True,System Shared,200 MHz,System Shared,128 / 8 / 4,"Jun 1st, 2016",baraazaid/cpu-and-gpu-stats
c549182f00841b6d07bb,Radeon R3 Mobile Graphics,Stoney,2016-06-01,IGP,,,200.0,,128,8,4,True,System Shared,200 MHz,System Shared,128 / 8 / 4,"Jun 1st, 2016",baraazaid/cpu-and-gpu-stats
07454f405b8572508c57,Radeon R3E Mobile Graphics,Beema,2015-01-28,IGP,,,351.0,,128,8,4,True,System Shared,351 MHz,System Shared,128 / 8 / 4,"Jan 28th, 2015",baraazaid/cpu-and-gpu-stats
29ad9117735424323524,Radeon R4 Mobile Graphics,Beema,2014-06-11,IGP,,,800.0,,128,8,4,True,System Shared,800 MHz,System Shared,128 / 8 / 4,"Jun 11th, 2014",baraazaid/cpu-and-gpu-stats
c23b63399d2701385618,Radeon R4 Mobile Graphics,Spectre SL,2014-09-17,IGP,,,533.0,,192,12,8,True,System Shared,533 MHz,System Shared,192 / 12 / 8,"Sep 17th, 2014",baraazaid/cpu-and-gpu-stats
77a80bf604af6b249c76,Radeon R4 Mobile Graphics,Stoney,2016-06-01,IGP,,,200.0,,192,12,8,True,System Shared,200 MHz,System Shared,192 / 12 / 8,"Jun 1st, 2016",baraazaid/cpu-and-gpu-stats
fc1a9ed99c2a6c73f241,Radeon R5 220 OEM,Cedar,2013-12-21,PCIe 2.0 x16,1.0,DDR3,650.0,533.0,80,8,4,True,"1024 MB, DDR3, 64 bit",650 MHz,533 MHz,80 / 8 / 4,"Dec 21st, 2013",baraazaid/cpu-and-gpu-stats
79d410115cdb2fcfa60a,Radeon R5 230,Caicos,2014-04-03,PCIe 2.0 x16,1.0,DDR3,625.0,667.0,160,8,4,True,"1024 MB, DDR3, 64 bit",625 MHz,667 MHz,160 / 8 / 4,"Apr 3rd, 2014",baraazaid/cpu-and-gpu-stats
b425a475d0735224d4ed,Radeon R5 230 OEM,Caicos,2013-12-21,PCIe 2.0 x16,1.0,DDR3,625.0,667.0,160,8,4,True,"1024 MB, DDR3, 64 bit",625 MHz,667 MHz,160 / 8 / 4,"Dec 21st, 2013",baraazaid/cpu-and-gpu-stats
3a9d10962f73eff88506,Radeon R5 235 OEM,Caicos,2013-12-21,PCIe 2.0 x16,1.0,DDR3,775.0,900.0,160,8,4,True,"1024 MB, DDR3, 64 bit",775 MHz,900 MHz,160 / 8 / 4,"Dec 21st, 2013",baraazaid/cpu-and-gpu-stats
9ae31a7a5535d53420e0,Radeon R5 235X OEM,Caicos,2013-12-21,PCIe 2.0 x16,1.0,DDR3,875.0,900.0,160,8,4,True,"1024 MB, DDR3, 64 bit",875 MHz,900 MHz,160 / 8 / 4,"Dec 21st, 2013",baraazaid/cpu-and-gpu-stats
5a21415ac07e72520330,Radeon R5 240 OEM,Oland,2013-11-01,PCIe 3.0 x8,2.0,DDR3,730.0,900.0,384,24,8,True,"2 GB, DDR3, 64 bit",730 MHz,900 MHz,384 / 24 / 8,"Nov 1st, 2013",baraazaid/cpu-and-gpu-stats
326f591c1e938eeaba31,Radeon R5 310 OEM,Caicos,2015-05-05,PCIe 2.0 x16,1.0,DDR3,875.0,900.0,160,8,4,True,"1024 MB, DDR3, 64 bit",875 MHz,900 MHz,160 / 8 / 4,"May 5th, 2015",baraazaid/cpu-and-gpu-stats
078e53dbbe1519832a34,Radeon R5 310 OEM,Caicos,2015-05-05,PCIe 2.0 x16,2.0,DDR3,775.0,805.0,160,8,4,True,"2 GB, DDR3, 64 bit",775 MHz,805 MHz,160 / 8 / 4,"May 5th, 2015",baraazaid/cpu-and-gpu-stats
34e609d4196c80174846,Radeon R5 330 OEM,Exo,2015-05-05,PCIe 3.0 x8,2.0,DDR3,830.0,900.0,320,20,8,True,"2 GB, DDR3, 64 bit",830 MHz,900 MHz,320 / 20 / 8,"May 5th, 2015",baraazaid/cpu-and-gpu-stats
2a986eb15a43215160e3,Radeon R5 340 OEM,Oland,2015-05-05,PCIe 3.0 x8,1.0,GDDR5,730.0,1150.0,384,24,8,True,"1024 MB, GDDR5, 64 bit",730 MHz,1150 MHz,384 / 24 / 8,"May 5th, 2015",baraazaid/cpu-and-gpu-stats
b04a3909f7cef2aba234,Radeon R5 340X OEM,Oland,2015-05-05,PCIe 3.0 x8,2.0,DDR3,900.0,1000.0,384,24,8,True,"2 GB, DDR3, 64 bit",900 MHz,1000 MHz,384 / 24 / 8,"May 5th, 2015",baraazaid/cpu-and-gpu-stats
cbc1c9212aa0f5e055e6,Radeon R5 430 OEM,Oland,2016-06-30,PCIe 3.0 x8,2.0,GDDR5,730.0,1150.0,384,24,8,True,"2 GB, GDDR5, 64 bit",730 MHz,1150 MHz,384 / 24 / 8,"Jun 30th, 2016",baraazaid/cpu-and-gpu-stats
59501d692e241115d7b4,Radeon R5 435 OEM,Banks,2016-06-30,PCIe 3.0 x8,2.0,DDR3,1030.0,1125.0,320,20,8,True,"2 GB, DDR3, 64 bit",1030 MHz,1125 MHz,320 / 20 / 8,"Jun 30th, 2016",baraazaid/cpu-and-gpu-stats
7dfd3295111c81d46ac6,Radeon R5 A230,Jet,2014-01-07,PCIe 3.0 x8,4.0,DDR3,780.0,1000.0,320,20,8,True,"4 GB, DDR3, 64 bit",780 MHz,1000 MHz,320 / 20 / 8,"Jan 7th, 2014",baraazaid/cpu-and-gpu-stats
5137475bd085cea79edb,Radeon R5 A240,Oland,2014-01-01,PCIe 3.0 x8,2.0,DDR3,730.0,900.0,320,20,8,True,"2 GB, DDR3, 128 bit",730 MHz,900 MHz,320 / 20 / 8,2014,baraazaid/cpu-and-gpu-stats
2b86d6038460706ea021,Radeon R5 A240,Jet,2014-01-01,PCIe 3.0 x8,1.0,DDR3,1030.0,900.0,320,20,8,True,"1024 MB, DDR3, 64 bit",1030 MHz,900 MHz,320 / 20 / 8,2014,baraazaid/cpu-and-gpu-stats
1710342586d0d502d204,Radeon R5 A255,Topaz,2014-01-01,PCIe 3.0 x8,1.0,GDDR5,925.0,1000.0,384,24,8,True,"1024 MB, GDDR5, 128 bit",925 MHz,1000 MHz,384 / 24 / 8,2014,baraazaid/cpu-and-gpu-stats
d61b5780a487ea316e1f,Radeon R5 A330,Exo,2015-10-21,PCIe 3.0 x8,2.0,DDR3,1030.0,900.0,320,20,8,True,"2 GB, DDR3, 64 bit",1030 MHz,900 MHz,320 / 20 / 8,"Oct 21st, 2015",baraazaid/cpu-and-gpu-stats
bc455262fc89ba7a3736,Radeon R5 A335,Exo,2015-10-21,PCIe 3.0 x8,2.0,DDR3,1070.0,900.0,320,20,8,True,"2 GB, DDR3, 64 bit",1070 MHz,900 MHz,320 / 20 / 8,"Oct 21st, 2015",baraazaid/cpu-and-gpu-stats
870c3de1edeeb0f47eff,Radeon R5 Graphics,Spectre SL,2014-09-17,IGP,,,497.0,,256,16,4,True,System Shared,497 MHz,System Shared,256 / 16 / 4,"Sep 17th, 2014",baraazaid/cpu-and-gpu-stats
baedcd90f83a3a8f2262,Radeon R5 Graphics,Spectre SL,2014-09-17,IGP,,,758.0,,256,16,4,True,System Shared,758 MHz,System Shared,256 / 16 / 4,"Sep 17th, 2014",baraazaid/cpu-and-gpu-stats
07576e68f1f7afc7ff4e,Radeon R5 M230,Jet,2014-01-07,PCIe 3.0 x8,4.0,DDR3,825.0,1000.0,320,20,8,True,"4 GB, DDR3, 64 bit",825 MHz,1000 MHz,320 / 20 / 8,"Jan 7th, 2014",baraazaid/cpu-and-gpu-stats
5b157db9c8a673a0d6c7,Radeon R5 M230,Jet,2014-01-07,PCIe 3.0 x8,4.0,DDR3,780.0,1000.0,320,20,8,True,"4 GB, DDR3, 64 bit",780 MHz,1000 MHz,320 / 20 / 8,"Jan 7th, 2014",baraazaid/cpu-and-gpu-stats
8fbf94f45dda819651ee,Radeon R5 M230 Rebrand,Sun,2013-03-01,PCIe 3.0 x8,2.0,DDR3,750.0,900.0,320,20,8,True,"2 GB, DDR3, 64 bit",750 MHz,900 MHz,320 / 20 / 8,"Mar 1st, 2013",baraazaid/cpu-and-gpu-stats
ff9e80ebbd41f77b555a,Radeon R5 M230 Rebrand,Sun,2014-05-31,PCIe 3.0 x8,2.0,DDR3,780.0,900.0,320,20,8,True,"2 GB, DDR3, 64 bit",780 MHz,900 MHz,320 / 20 / 8,"May 31st, 2014",baraazaid/cpu-and-gpu-stats
0899cb9b8a9ee56ada88,Radeon R5 M240,Jet,2014-09-18,PCIe 3.0 x8,1.0,DDR3,1000.0,900.0,320,20,8,True,"1024 MB, DDR3, 64 bit",1000 MHz,900 MHz,320 / 20 / 8,"Sep 18th, 2014",baraazaid/cpu-and-gpu-stats
9d2087d4d2507f485a60,Radeon R5 M240 Rebrand,Mars,2014-01-10,PCIe 3.0 x8,1.0,DDR3,650.0,900.0,384,24,8,True,"1024 MB, DDR3, 64 bit",650 MHz,900 MHz,384 / 24 / 8,"Jan 10th, 2014",baraazaid/cpu-and-gpu-stats
9364c56abb1dc8db4890,Radeon R5 M250,Jet,,PCIe 3.0 x8,1.0,DDR3,650.0,900.0,320,20,8,True,"1024 MB, DDR3, 64 bit",650 MHz,900 MHz,320 / 20 / 8,Unknown,baraazaid/cpu-and-gpu-stats
93cb535257b4f5f078a0,Radeon R5 M255,Topaz,2014-10-12,PCIe 3.0 x8,1.0,GDDR5,925.0,1000.0,384,24,8,True,"1024 MB, GDDR5, 128 bit",925 MHz,1000 MHz,384 / 24 / 8,"Oct 12th, 2014",baraazaid/cpu-and-gpu-stats
0c0d446202ce0cfada69,Radeon R5 M315,Meso,2015-05-05,PCIe 3.0 x8,2.0,DDR3,970.0,900.0,384,24,8,True,"2 GB, DDR3, 64 bit",970 MHz,900 MHz,384 / 24 / 8,"May 5th, 2015",baraazaid/cpu-and-gpu-stats
b436a6ab4cb340fcc9ed,Radeon R5 M320,Jet,2015-05-05,PCIe 3.0 x8,4.0,DDR3,780.0,1000.0,320,20,8,True,"4 GB, DDR3, 64 bit",780 MHz,1000 MHz,320 / 20 / 8,"May 5th, 2015",baraazaid/cpu-and-gpu-stats
9ec6bc5bccac7c5a342e,Radeon R5 M330,Exo,2015-05-05,PCIe 3.0 x8,2.0,DDR3,955.0,900.0,320,20,8,True,"2 GB, DDR3, 64 bit",955 MHz,900 MHz,320 / 20 / 8,"May 5th, 2015",baraazaid/cpu-and-gpu-stats
bb50ca56443619516a2e,Radeon R5 M335,Exo,2015-10-21,PCIe 3.0 x8,2.0,DDR3,1070.0,900.0,320,20,8,True,"2 GB, DDR3, 64 bit",1070 MHz,900 MHz,320 / 20 / 8,"Oct 21st, 2015",baraazaid/cpu-and-gpu-stats
3646bc16a64447cc6062,Radeon R5 M420,Jet,2016-05-15,PCIe 3.0 x8,4.0,DDR3,780.0,1000.0,320,20,8,True,"4 GB, DDR3, 64 bit",780 MHz,1000 MHz,320 / 20 / 8,"May 15th, 2016",baraazaid/cpu-and-gpu-stats
7cc8025008c6e70d2993,Radeon R5 M430,Jet,2016-01-01,PCIe 3.0 x8,4.0,DDR3,780.0,1000.0,320,20,8,True,"4 GB, DDR3, 64 bit",780 MHz,1000 MHz,320 / 20 / 8,2016,baraazaid/cpu-and-gpu-stats
c9cf6af7f90452cc744e,Radeon R5 M430,Exo,2016-05-15,PCIe 3.0 x8,4.0,DDR3,1030.0,900.0,320,20,8,True,"4 GB, DDR3, 64 bit",1030 MHz,900 MHz,320 / 20 / 8,"May 15th, 2016",baraazaid/cpu-and-gpu-stats
3d38d95798e7b7a11d48,Radeon R5 M430,Jet,2016-05-15,PCIe 3.0 x8,2.0,DDR3,780.0,1125.0,320,20,8,True,"2 GB, DDR3, 64 bit",780 MHz,1125 MHz,320 / 20 / 8,"May 15th, 2016",baraazaid/cpu-and-gpu-stats
bbb0f9bdebe5d0f67af4,Radeon R5 M435,Jet,2016-05-15,PCIe 3.0 x8,2.0,GDDR5,780.0,1125.0,320,20,8,True,"2 GB, GDDR5, 64 bit",780 MHz,1125 MHz,320 / 20 / 8,"May 15th, 2016",baraazaid/cpu-and-gpu-stats
057cb173ad6de303041d,Radeon R5 M445,Meso,2016-01-01,PCIe 3.0 x8,4.0,GDDR5,920.0,1000.0,384,24,8,True,"4 GB, GDDR5, 64 bit",920 MHz,1000 MHz,384 / 24 / 8,2016,baraazaid/cpu-and-gpu-stats
a9eea029c1e8edbda89b,Radeon R5 M465,Meso,2016-01-01,PCIe 3.0 x8,4.0,DDR3,1000.0,1000.0,384,24,8,True,"4 GB, DDR3, 64 bit",1000 MHz,1000 MHz,384 / 24 / 8,2016,baraazaid/cpu-and-gpu-stats
68c747c50c72fe4ff6ab,Radeon R5 Mobile Graphics,Beema,2014-06-14,IGP,,,800.0,,128,8,4,True,System Shared,800 MHz,System Shared,128 / 8 / 4,"Jun 14th, 2014",baraazaid/cpu-and-gpu-stats
4841084b9a74ca06e9d5,Radeon R5 Mobile Graphics,Wani,2015-11-07,IGP,,,200.0,,384,24,8,True,System Shared,200 MHz,System Shared,384 / 24 / 8,"Nov 7th, 2015",baraazaid/cpu-and-gpu-stats
92bb4f0e343c2b5509a1,Radeon R5 Mobile Graphics,Stoney,2016-06-01,IGP,,,200.0,,192,12,8,True,System Shared,200 MHz,System Shared,192 / 12 / 8,"Jun 1st, 2016",baraazaid/cpu-and-gpu-stats
290e3327a07c35ad7aed,Radeon R6 M255DX,Jet,2014-01-07,IGP,,,780.0,,320,20,8,True,System Shared,780 MHz,System Shared,320 / 20 / 8,"Jan 7th, 2014",baraazaid/cpu-and-gpu-stats
f186c03b976a555b48a5,Radeon R6 M255DX,Topaz,2014-10-12,IGP,,,925.0,,384,24,8,True,System Shared,925 MHz,System Shared,384 / 24 / 8,"Oct 12th, 2014",baraazaid/cpu-and-gpu-stats
8b4c21c352693e5bd6c0,Radeon R6 M335DX,Jet,2015-12-12,IGP,,,955.0,,384,24,8,True,System Shared,955 MHz,System Shared,384 / 24 / 8,"Dec 12th, 2015",baraazaid/cpu-and-gpu-stats
9423f70e8e175b2030e5,Radeon R6 M340DX,Jet,2015-12-12,IGP,,,955.0,,384,24,8,True,System Shared,955 MHz,System Shared,384 / 24 / 8,"Dec 12th, 2015",baraazaid/cpu-and-gpu-stats
741523d4232f14cfbfcc,Radeon R6 M435DX,Jet,2016-12-12,IGP,,,955.0,,384,24,8,True,System Shared,955 MHz,System Shared,384 / 24 / 8,"Dec 12th, 2016",baraazaid/cpu-and-gpu-stats
da6864a533f687d89fa9,Radeon R6 Mobile Graphics,Spectre Lite,2014-09-17,IGP,,,533.0,,384,24,8,True,System Shared,533 MHz,System Shared,384 / 24 / 8,"Sep 17th, 2014",baraazaid/cpu-and-gpu-stats
d0a4095ad943555f4860,Radeon R6 Mobile Graphics,Wani,2015-11-07,IGP,,,200.0,,384,24,8,True,System Shared,200 MHz,System Shared,384 / 24 / 8,"Nov 7th, 2015",baraazaid/cpu-and-gpu-stats
e8899b19078a6806f2a3,Radeon R7 240,Oland,2013-10-08,PCIe 3.0 x8,2.0,GDDR5,650.0,1150.0,320,20,8,True,"2 GB, GDDR5, 128 bit",650 MHz,1150 MHz,320 / 20 / 8,"Oct 8th, 2013",baraazaid/cpu-and-gpu-stats
5287b8ff3d09dfea32ea,Radeon R7 240,Oland,2013-10-08,PCIe 3.0 x8,2.0,DDR3,730.0,900.0,320,20,8,True,"2 GB, DDR3, 128 bit",730 MHz,900 MHz,320 / 20 / 8,"Oct 8th, 2013",baraazaid/cpu-and-gpu-stats
ea622c9aff81cb696981,Radeon R7 240 OEM,Oland,2013-11-01,PCIe 3.0 x8,2.0,DDR3,730.0,900.0,320,20,8,True,"2 GB, DDR3, 128 bit",730 MHz,900 MHz,320 / 20 / 8,"Nov 1st, 2013",baraazaid/cpu-and-gpu-stats
9db435fbbb019b61db4c,Radeon R7 250,Cape Verde,2013-10-08,PCIe 3.0 x16,1.0,DDR3,925.0,900.0,512,32,16,True,"1024 MB, DDR3, 128 bit",925 MHz,900 MHz,512 / 32 / 16,"Oct 8th, 2013",baraazaid/cpu-and-gpu-stats
cfffe20c65b7574f26aa,Radeon R7 250,Cape Verde,2013-10-08,PCIe 3.0 x16,1.0,DDR3,700.0,900.0,512,32,16,True,"1024 MB, DDR3, 128 bit",700 MHz,900 MHz,512 / 32 / 16,"Oct 8th, 2013",baraazaid/cpu-and-gpu-stats
22bbdd66c12c77cf0373,Radeon R7 250,Oland,2013-10-08,PCIe 3.0 x8,1.0,GDDR5,1000.0,1150.0,384,24,8,True,"1024 MB, GDDR5, 128 bit",1000 MHz,1150 MHz,384 / 24 / 8,"Oct 8th, 2013",baraazaid/cpu-and-gpu-stats
7670dc9c59c286c360b2,Radeon R7 250 OEM,Oland,2013-10-08,PCIe 3.0 x8,2.0,DDR3,1000.0,1000.0,384,24,8,True,"2 GB, DDR3, 128 bit",1000 MHz,1000 MHz,384 / 24 / 8,"Oct 8th, 2013",baraazaid/cpu-and-gpu-stats
061dfaa7c28204145acd,Radeon R7 250E,Cape Verde,2013-12-20,PCIe 3.0 x16,1.0,GDDR5,800.0,1125.0,512,32,16,True,"1024 MB, GDDR5, 128 bit",800 MHz,1125 MHz,512 / 32 / 16,"Dec 20th, 2013",baraazaid/cpu-and-gpu-stats
6cfcc02432e0eb11a6e3,Radeon R7 250X,Cape Verde,2014-02-13,PCIe 3.0 x16,1.0,GDDR5,950.0,1125.0,640,40,16,True,"1024 MB, GDDR5, 128 bit",950 MHz,1125 MHz,640 / 40 / 16,"Feb 13th, 2014",baraazaid/cpu-and-gpu-stats
75e2a30da4956ff8d8c3,Radeon R7 250XE,Cape Verde,2014-08-21,PCIe 3.0 x16,1.0,GDDR5,860.0,1125.0,640,40,16,True,"1024 MB, GDDR5, 128 bit",860 MHz,1125 MHz,640 / 40 / 16,"Aug 21st, 2014",baraazaid/cpu-and-gpu-stats
c3b9d0b3c7acac6aa02e,Radeon R7 260,Bonaire,2013-12-17,PCIe 3.0 x16,2.0,GDDR5,1000.0,1500.0,768,48,16,True,"2 GB, GDDR5, 128 bit",1000 MHz,1500 MHz,768 / 48 / 16,"Dec 17th, 2013",baraazaid/cpu-and-gpu-stats
031d98edc8f1b4c1f4e4,Radeon R7 260X,Bonaire,2013-10-08,PCIe 3.0 x16,2.0,GDDR5,1100.0,1625.0,896,56,16,True,"2 GB, GDDR5, 128 bit",1100 MHz,1625 MHz,896 / 56 / 16,"Oct 8th, 2013",baraazaid/cpu-and-gpu-stats
479f77b647a359b20218,Radeon R7 265,Pitcairn,2014-02-13,PCIe 3.0 x16,2.0,GDDR5,900.0,1400.0,1024,64,32,True,"2 GB, GDDR5, 256 bit",900 MHz,1400 MHz,1024 / 64 / 32,"Feb 13th, 2014",baraazaid/cpu-and-gpu-stats
0bb79f86030f224c3ddb,Radeon R7 265X OEM,Curacao,2014-08-12,PCIe 3.0 x16,2.0,GDDR5,900.0,1400.0,1280,80,32,True,"2 GB, GDDR5, 256 bit",900 MHz,1400 MHz,1280 / 80 / 32,"Aug 12th, 2014",baraazaid/cpu-and-gpu-stats
d805e5cbc6837702744e,Radeon R7 340 OEM,Oland,2015-05-05,PCIe 3.0 x8,2.0,DDR3,730.0,900.0,384,24,8,True,"2 GB, DDR3, 128 bit",730 MHz,900 MHz,384 / 24 / 8,"May 5th, 2015",baraazaid/cpu-and-gpu-stats
dabbb8db1b818fcf0ad8,Radeon R7 340 OEM,Oland,2015-05-05,PCIe 3.0 x8,2.0,GDDR5,730.0,1000.0,384,24,8,True,"2 GB, GDDR5, 128 bit",730 MHz,1000 MHz,384 / 24 / 8,"May 5th, 2015",baraazaid/cpu-and-gpu-stats
bb46558c80734b62f5e8,Radeon R7 350,Cape Verde,2016-07-06,PCIe 3.0 x16,2.0,GDDR5,800.0,1125.0,512,32,16,True,"2 GB, GDDR5, 128 bit",800 MHz,1125 MHz,512 / 32 / 16,"Jul 6th, 2016",baraazaid/cpu-and-gpu-stats
708ebcdb20bde7dc8af9,Radeon R7 350 OEM,Oland,2015-05-05,PCIe 3.0 x8,2.0,GDDR5,1000.0,1150.0,384,24,8,True,"2 GB, GDDR5, 128 bit",1000 MHz,1150 MHz,384 / 24 / 8,"May 5th, 2015",baraazaid/cpu-and-gpu-stats
b081c23bcff2583dad75,Radeon R7 350X OEM,Oland,2015-05-05,PCIe 3.0 x8,4.0,DDR3,1000.0,1000.0,384,24,8,True,"4 GB, DDR3, 128 bit",1000 MHz,1000 MHz,384 / 24 / 8,"May 5th, 2015",baraazaid/cpu-and-gpu-stats
d6ee3fb0be4e486f18f3,Radeon R7 360,Tobago,2015-06-18,PCIe 3.0 x16,2.0,GDDR5,1000.0,1500.0,768,48,16,True,"2 GB, GDDR5, 128 bit",1000 MHz,1500 MHz,768 / 48 / 16,"Jun 18th, 2015",baraazaid/cpu-and-gpu-stats
ec1fb2f5bacc1e4c5bbf,Radeon R7 360 896SP,Tobago,2015-06-18,PCIe 3.0 x16,2.0,GDDR5,1100.0,1500.0,896,56,16,True,"2 GB, GDDR5, 128 bit",1100 MHz,1500 MHz,896 / 56 / 16,"Jun 18th, 2015",baraazaid/cpu-and-gpu-stats
9086990e9ac0d8520f53,Radeon R7 360E,Tobago,2015-12-30,PCIe 3.0 x16,2.0,GDDR5,1050.0,1500.0,768,48,16,True,"2 GB, GDDR5, 128 bit",1050 MHz,1500 MHz,768 / 48 / 16,"Dec 30th, 2015",baraazaid/cpu-and-gpu-stats
3b5a3c7dae51f573005a,Radeon R7 370,Trinidad,2015-06-18,PCIe 3.0 x16,2.0,GDDR5,925.0,1400.0,1024,64,32,True,"2 GB, GDDR5, 256 bit",925 MHz,1400 MHz,1024 / 64 / 32,"Jun 18th, 2015",baraazaid/cpu-and-gpu-stats
caddcc6ef78d8a666cce,Radeon R7 430 OEM,Oland,2016-06-30,PCIe 3.0 x8,2.0,DDR3,730.0,900.0,384,24,8,True,"2 GB, DDR3, 128 bit",730 MHz,900 MHz,384 / 24 / 8,"Jun 30th, 2016",baraazaid/cpu-and-gpu-stats
e7e16819063e48e81767,Radeon R7 435 OEM,Oland,2016-06-30,PCIe 3.0 x8,2.0,DDR3,920.0,1000.0,320,20,8,True,"2 GB, DDR3, 64 bit",920 MHz,1000 MHz,320 / 20 / 8,"Jun 30th, 2016",baraazaid/cpu-and-gpu-stats
c92747a10a32e3a54069,Radeon R7 450 OEM,Cape Verde,2016-06-30,PCIe 3.0 x16,2.0,GDDR5,925.0,1125.0,512,32,16,True,"2 GB, GDDR5, 128 bit",925 MHz,1125 MHz,512 / 32 / 16,"Jun 30th, 2016",baraazaid/cpu-and-gpu-stats
e607a385311a617f5dd8,Radeon R7 A260,Topaz,2014-01-01,PCIe 3.0 x8,1.0,GDDR5,900.0,900.0,384,24,8,True,"1024 MB, GDDR5, 128 bit",900 MHz,900 MHz,384 / 24 / 8,2014,baraazaid/cpu-and-gpu-stats
4c6e1153b8e44ba206da,Radeon R7 A265,Opal,2014-01-09,PCIe 3.0 x8,2.0,DDR3,725.0,900.0,384,24,8,True,"2 GB, DDR3, 128 bit",725 MHz,900 MHz,384 / 24 / 8,"Jan 9th, 2014",baraazaid/cpu-and-gpu-stats
4633c20060527ee7d21b,Radeon R7 A360,Meso,2015-05-05,PCIe 3.0 x8,2.0,DDR3,1100.0,900.0,384,24,8,True,"2 GB, DDR3, 64 bit",1100 MHz,900 MHz,384 / 24 / 8,"May 5th, 2015",baraazaid/cpu-and-gpu-stats
9bd142131e1625f5d5e2,Radeon R7 Graphics,Spectre,2014-01-11,IGP,,,720.0,,512,32,8,True,System Shared,720 MHz,System Shared,512 / 32 / 8,"Jan 11th, 2014",baraazaid/cpu-and-gpu-stats
30df8312ea7c2d4b10bb,Radeon R7 Graphics,Spectre Lite,2014-02-17,IGP,,,720.0,,384,24,8,True,System Shared,720 MHz,System Shared,384 / 24 / 8,"Feb 17th, 2014",baraazaid/cpu-and-gpu-stats
e5ea1660ea48248246e6,Radeon R7 M260,Topaz,2014-06-11,PCIe 3.0 x8,2.0,DDR3,940.0,900.0,384,24,8,True,"2 GB, DDR3, 64 bit",940 MHz,900 MHz,384 / 24 / 8,"Jun 11th, 2014",baraazaid/cpu-and-gpu-stats
ef9644c36e837f301023,Radeon R7 M260DX,Jet,2014-01-07,IGP,,,780.0,,320,20,8,True,System Shared,780 MHz,System Shared,320 / 20 / 8,"Jan 7th, 2014",baraazaid/cpu-and-gpu-stats
6115d0a81a6dabf9d99a,Radeon R7 M260DX,Jet,2014-01-07,IGP,,,955.0,,320,20,8,True,System Shared,955 MHz,System Shared,320 / 20 / 8,"Jan 7th, 2014",baraazaid/cpu-and-gpu-stats
f3a44cccd3c43234d6d7,Radeon R7 M260DX,Topaz,2014-10-12,IGP,,,925.0,,384,24,8,True,System Shared,925 MHz,System Shared,384 / 24 / 8,"Oct 12th, 2014",baraazaid/cpu-and-gpu-stats
b5dde0a28c9e405473c0,Radeon R7 M260X,Opal,2015-12-06,PCIe 3.0 x8,1.0,GDDR5,620.0,1000.0,384,24,8,True,"1024 MB, GDDR5, 128 bit",620 MHz,1000 MHz,384 / 24 / 8,"Dec 6th, 2015",baraazaid/cpu-and-gpu-stats
07d35945fca04829f5df,Radeon R7 M265,Opal,2014-01-09,PCIe 3.0 x8,2.0,DDR3,725.0,900.0,384,24,8,True,"2 GB, DDR3, 128 bit",725 MHz,900 MHz,384 / 24 / 8,"Jan 9th, 2014",baraazaid/cpu-and-gpu-stats
07e171e9baf2584bc63d,Radeon R7 M265,Topaz,2014-05-20,PCIe 3.0 x8,2.0,DDR3,900.0,900.0,384,24,8,True,"2 GB, DDR3, 64 bit",900 MHz,900 MHz,384 / 24 / 8,"May 20th, 2014",baraazaid/cpu-and-gpu-stats
902c04547fb2c1e632a9,Radeon R7 M265DX,Jet,2014-01-07,IGP,,,780.0,,320,20,8,True,System Shared,780 MHz,System Shared,320 / 20 / 8,"Jan 7th, 2014",baraazaid/cpu-and-gpu-stats
0d1086f876cb901e1e70,Radeon R7 M265DX,Topaz,2014-06-11,IGP,,,900.0,,384,24,8,True,System Shared,900 MHz,System Shared,384 / 24 / 8,"Jun 11th, 2014",baraazaid/cpu-and-gpu-stats
c0e64291ed75c8967111,Radeon R7 M265DX,Topaz,2014-10-12,IGP,,,925.0,,384,24,8,True,System Shared,925 MHz,System Shared,384 / 24 / 8,"Oct 12th, 2014",baraazaid/cpu-and-gpu-stats
07af46f63abb09a45ba9,Radeon R7 M270,Opal,2014-01-09,PCIe 3.0 x8,2.0,DDR3,725.0,900.0,384,24,8,True,"2 GB, DDR3, 128 bit",725 MHz,900 MHz,384 / 24 / 8,"Jan 9th, 2014",baraazaid/cpu-and-gpu-stats
31c883ff0c1986913b37,Radeon R7 M270DX,Jet,2014-01-07,IGP,,,780.0,,320,20,8,True,System Shared,780 MHz,System Shared,320 / 20 / 8,"Jan 7th, 2014",baraazaid/cpu-and-gpu-stats
6e01e9f76d4d75e11c3f,Radeon R7 M270DX,Topaz,2014-06-11,IGP,,,900.0,,384,24,8,True,System Shared,900 MHz,System Shared,384 / 24 / 8,"Jun 11th, 2014",baraazaid/cpu-and-gpu-stats
e240163e09c395cb299e,Radeon R7 M340,Meso,2015-05-05,PCIe 3.0 x8,2.0,DDR3,943.0,1000.0,320,20,8,True,"2 GB, DDR3, 64 bit",943 MHz,1000 MHz,320 / 20 / 8,"May 5th, 2015",baraazaid/cpu-and-gpu-stats
1893d64f8568de53b2e3,Radeon R7 M340,Opal,2015-12-06,PCIe 3.0 x8,1.0,DDR3,620.0,1000.0,384,24,8,True,"1024 MB, DDR3, 64 bit",620 MHz,1000 MHz,384 / 24 / 8,"Dec 6th, 2015",baraazaid/cpu-and-gpu-stats
86338af475810d223383,Radeon R7 M350,Meso,2015-05-05,PCIe 3.0 x8,4.0,DDR3,1000.0,1000.0,384,24,8,True,"4 GB, DDR3, 64 bit",1000 MHz,1000 MHz,384 / 24 / 8,"May 5th, 2015",baraazaid/cpu-and-gpu-stats
6e20b5e628b38c94d5ca,Radeon R7 M360,Meso,2015-05-05,PCIe 3.0 x8,2.0,DDR3,1100.0,900.0,384,24,8,True,"2 GB, DDR3, 64 bit",1100 MHz,900 MHz,384 / 24 / 8,"May 5th, 2015",baraazaid/cpu-and-gpu-stats
ff0872585bf359b7939a,Radeon R7 M365X,Litho,2015-05-05,PCIe 3.0 x8,1.0,GDDR5,900.0,1000.0,384,24,8,True,"1024 MB, GDDR5, 128 bit",900 MHz,1000 MHz,384 / 24 / 8,"May 5th, 2015",baraazaid/cpu-and-gpu-stats
3d2267fa3527d00f7490,Radeon R7 M370,Litho,2015-05-05,PCIe 3.0 x8,4.0,GDDR5,900.0,1150.0,384,24,8,True,"4 GB, GDDR5, 128 bit",900 MHz,1150 MHz,384 / 24 / 8,"May 5th, 2015",baraazaid/cpu-and-gpu-stats
75508d26cd6ff47443a7,Radeon R7 M380,Tropo,2015-05-05,PCIe 3.0 x16,4.0,DDR3,900.0,1000.0,640,40,16,True,"4 GB, DDR3, 128 bit",900 MHz,1000 MHz,640 / 40 / 16,"May 5th, 2015",baraazaid/cpu-and-gpu-stats
7d52a1ecd8550fdb0790,Radeon R7 M440,Meso,2016-05-15,PCIe 3.0 x8,4.0,DDR3,891.0,900.0,320,20,8,True,"4 GB, DDR3, 64 bit",891 MHz,900 MHz,320 / 20 / 8,"May 15th, 2016",baraazaid/cpu-and-gpu-stats
2388b1126ffb7579fbdf,Radeon R7 M445,Meso,2016-05-15,PCIe 3.0 x8,4.0,GDDR5,780.0,1000.0,320,20,8,True,"4 GB, GDDR5, 64 bit",780 MHz,1000 MHz,320 / 20 / 8,"May 15th, 2016",baraazaid/cpu-and-gpu-stats
0c5e17991b657c2c9f00,Radeon R7 M460,Meso,2016-05-15,PCIe 3.0 x8,4.0,GDDR5,730.0,1125.0,384,24,8,True,"4 GB, GDDR5, 64 bit",730 MHz,1125 MHz,384 / 24 / 8,"May 15th, 2016",baraazaid/cpu-and-gpu-stats
b2f5d07e5208b9250db9,Radeon R7 M465,Topaz,2016-05-15,PCIe 3.0 x8,2.0,GDDR5,730.0,1125.0,384,24,8,True,"2 GB, GDDR5, 64 bit",730 MHz,1125 MHz,384 / 24 / 8,"May 15th, 2016",baraazaid/cpu-and-gpu-stats
5d1b526213fefb269348,Radeon R7 M465,Litho,2016-05-15,PCIe 3.0 x8,2.0,GDDR5,825.0,1000.0,384,24,8,True,"2 GB, GDDR5, 128 bit",825 MHz,1000 MHz,384 / 24 / 8,"May 15th, 2016",baraazaid/cpu-and-gpu-stats
ee018d70f6105408ca14,Radeon R7 M465X,Tropo,2016-05-15,PCIe 3.0 x16,2.0,GDDR5,900.0,1125.0,512,32,16,True,"2 GB, GDDR5, 128 bit",900 MHz,1125 MHz,512 / 32 / 16,"May 15th, 2016",baraazaid/cpu-and-gpu-stats
9bcfbf26afc4a7d8c6c0,Radeon R7 Mobile Graphics,Spectre Lite,2014-02-17,IGP,,,554.0,,384,24,8,True,System Shared,554 MHz,System Shared,384 / 24 / 8,"Feb 17th, 2014",baraazaid/cpu-and-gpu-stats
78f5406a40e72740650f,Radeon R7 Mobile Graphics,Wani,2015-11-15,IGP,,,200.0,,512,32,8,True,System Shared,200 MHz,System Shared,512 / 32 / 8,"Nov 15th, 2015",baraazaid/cpu-and-gpu-stats
cacf36b66265021b2bbf,Radeon R8 M350DX,Jet,2015-12-12,IGP,,,955.0,,384,24,8,True,System Shared,955 MHz,System Shared,384 / 24 / 8,"Dec 12th, 2015",baraazaid/cpu-and-gpu-stats
f8a9c6bc7f2e29a71fa8,Radeon R8 M365DX,Meso,2015-06-03,IGP,,,900.0,,384,24,8,True,System Shared,900 MHz,System Shared,384 / 24 / 8,"Jun 3rd, 2015",baraazaid/cpu-and-gpu-stats
59a1c0d06228f74338b3,Radeon R8 M435DX,Jet,2016-12-12,IGP,,,955.0,,384,24,8,True,System Shared,955 MHz,System Shared,384 / 24 / 8,"Dec 12th, 2016",baraazaid/cpu-and-gpu-stats
ce6603ad3c76557536c9,Radeon R8 M445DX,Meso,2016-05-15,IGP,,,780.0,,320,20,8,True,System Shared,780 MHz,System Shared,320 / 20 / 8,"May 15th, 2016",baraazaid/cpu-and-gpu-stats
16a1aa4488d40fbdbbb0,Radeon R9 255 OEM,Cape Verde,2013-12-21,PCIe 3.0 x16,2.0,GDDR5,900.0,1150.0,512,32,16,True,"2 GB, GDDR5, 128 bit",900 MHz,1150 MHz,512 / 32 / 16,"Dec 21st, 2013",baraazaid/cpu-and-gpu-stats
aadb4aa865e0c69dffc2,Radeon R9 260 OEM,Bonaire,2013-12-21,PCIe 3.0 x16,1.0,GDDR5,1100.0,1625.0,896,56,16,True,"1024 MB, GDDR5, 128 bit",1100 MHz,1625 MHz,896 / 56 / 16,"Dec 21st, 2013",baraazaid/cpu-and-gpu-stats
53da3e52ee1cc1a9be65,Radeon R9 270,Curacao,2013-11-13,PCIe 3.0 x16,2.0,GDDR5,900.0,1400.0,1280,80,32,True,"2 GB, GDDR5, 256 bit",900 MHz,1400 MHz,1280 / 80 / 32,"Nov 13th, 2013",baraazaid/cpu-and-gpu-stats
9fa43bbc89c8c61d86c5,Radeon R9 270 1024SP,Pitcairn,2015-03-13,PCIe 3.0 x16,2.0,GDDR5,900.0,1200.0,1024,64,32,True,"2 GB, GDDR5, 256 bit",900 MHz,1200 MHz,1024 / 64 / 32,"Mar 13th, 2015",baraazaid/cpu-and-gpu-stats
8563dbfb4497b7a90a98,Radeon R9 270X,Curacao,2013-10-08,PCIe 3.0 x16,2.0,GDDR5,1000.0,1400.0,1280,80,32,True,"2 GB, GDDR5, 256 bit",1000 MHz,1400 MHz,1280 / 80 / 32,"Oct 8th, 2013",baraazaid/cpu-and-gpu-stats
80bfc7d879f7f7f3c0cd,Radeon R9 280,Tahiti,2014-03-04,PCIe 3.0 x16,3.0,GDDR5,827.0,1250.0,1792,112,32,True,"3 GB, GDDR5, 384 bit",827 MHz,1250 MHz,1792 / 112 / 32,"Mar 4th, 2014",baraazaid/cpu-and-gpu-stats
d386b8918308bbe4e1c3,Radeon R9 280X,Tahiti,2013-10-08,PCIe 3.0 x16,3.0,GDDR5,850.0,1500.0,2048,128,32,True,"3 GB, GDDR5, 384 bit",850 MHz,1500 MHz,2048 / 128 / 32,"Oct 8th, 2013",baraazaid/cpu-and-gpu-stats
bd9c4e260c38deb8fd3e,Radeon R9 280X2,Tahiti,,PCIe 3.0 x16,3.0,GDDR5,950.0,1500.0,2048,128,32,True,"3 GB, GDDR5, 384 bit",950 MHz,1500 MHz,2048 / 128 / 32,Unknown,baraazaid/cpu-and-gpu-stats
59f99ccf376ae159193c,Radeon R9 285,Tonga,2014-09-02,PCIe 3.0 x16,2.0,GDDR5,918.0,1375.0,1792,112,32,True,"2 GB, GDDR5, 256 bit",918 MHz,1375 MHz,1792 / 112 / 32,"Sep 2nd, 2014",baraazaid/cpu-and-gpu-stats
b552c5c32d7873382518,Radeon R9 285X,Tonga,,PCIe 3.0 x16,3.0,GDDR5,1002.0,1375.0,2048,128,32,True,"3 GB, GDDR5, 384 bit",1002 MHz,1375 MHz,2048 / 128 / 32,Never Released,baraazaid/cpu-and-gpu-stats
cfcb23eef1f4b19ef9ba,Radeon R9 290,Hawaii,2013-11-05,PCIe 3.0 x16,4.0,GDDR5,947.0,1250.0,2560,160,64,True,"4 GB, GDDR5, 512 bit",947 MHz,1250 MHz,2560 / 160 / 64,"Nov 5th, 2013",baraazaid/cpu-and-gpu-stats
9beb5c45eca27a8762de,Radeon R9 290X,Hawaii,2013-10-24,PCIe 3.0 x16,4.0,GDDR5,1000.0,1250.0,2816,176,64,True,"4 GB, GDDR5, 512 bit",1000 MHz,1250 MHz,2816 / 176 / 64,"Oct 24th, 2013",baraazaid/cpu-and-gpu-stats
eda8183fe260a2b88dc0,Radeon R9 290X2,Hawaii,2014-06-24,PCIe 3.0 x16,4.0,GDDR5,1000.0,1350.0,2816,176,64,True,"4 GB, GDDR5, 512 bit",1000 MHz,1350 MHz,2816 / 176 / 64,"Jun 24th, 2014",baraazaid/cpu-and-gpu-stats
96f410fd334d7f7252ec,Radeon R9 295X2,Vesuvius,2014-04-29,PCIe 3.0 x16,4.0,GDDR5,1018.0,1250.0,2816,176,64,True,"4 GB, GDDR5, 512 bit",1018 MHz,1250 MHz,2816 / 176 / 64,"Apr 29th, 2014",baraazaid/cpu-and-gpu-stats
7c58519e68dbd1fdff96,Radeon R9 360 OEM,Tobago,2015-05-05,PCIe 3.0 x16,2.0,GDDR5,1000.0,1625.0,768,48,16,True,"2 GB, GDDR5, 128 bit",1000 MHz,1625 MHz,768 / 48 / 16,"May 5th, 2015",baraazaid/cpu-and-gpu-stats
4bc78742f8f8fbcd72a5,Radeon R9 370,Trinidad,2015-05-05,PCIe 3.0 x16,2.0,GDDR5,925.0,1400.0,1280,80,32,True,"2 GB, GDDR5, 256 bit",925 MHz,1400 MHz,1280 / 80 / 32,"May 5th, 2015",baraazaid/cpu-and-gpu-stats
b026611ade73db3d7843,Radeon R9 370 1024SP,Trinidad,2015-06-12,PCIe 3.0 x16,2.0,GDDR5,925.0,1400.0,1024,64,32,True,"2 GB, GDDR5, 256 bit",925 MHz,1400 MHz,1024 / 64 / 32,"Jun 12th, 2015",baraazaid/cpu-and-gpu-stats
ccfc7fd6e16b9d2f9c4b,Radeon R9 370X,Trinidad,2015-08-27,PCIe 3.0 x16,2.0,GDDR5,980.0,1400.0,1280,80,32,True,"2 GB, GDDR5, 256 bit",980 MHz,1400 MHz,1280 / 80 / 32,"Aug 27th, 2015",baraazaid/cpu-and-gpu-stats
95f5a1e8ea9907f80a9f,Radeon R9 380,Antigua,2015-06-18,PCIe 3.0 x16,2.0,GDDR5,970.0,1375.0,1792,112,32,True,"2 GB, GDDR5, 256 bit",970 MHz,1375 MHz,1792 / 112 / 32,"Jun 18th, 2015",baraazaid/cpu-and-gpu-stats
58fc0b62d7bcea7bcb69,Radeon R9 380 OEM,Antigua,2015-05-05,PCIe 3.0 x16,4.0,GDDR5,918.0,1375.0,1792,112,32,True,"4 GB, GDDR5, 256 bit",918 MHz,1375 MHz,1792 / 112 / 32,"May 5th, 2015",baraazaid/cpu-and-gpu-stats
85574c4e4e02be03b471,Radeon R9 380X,Antigua,2015-11-19,PCIe 3.0 x16,4.0,GDDR5,970.0,1425.0,2048,128,32,True,"4 GB, GDDR5, 256 bit",970 MHz,1425 MHz,2048 / 128 / 32,"Nov 19th, 2015",baraazaid/cpu-and-gpu-stats
6e55ad2c6c49def5cbe1,Radeon R9 390,Grenada,2015-06-18,PCIe 3.0 x16,8.0,GDDR5,1000.0,1500.0,2560,160,64,True,"8 GB, GDDR5, 512 bit",1000 MHz,1500 MHz,2560 / 160 / 64,"Jun 18th, 2015",baraazaid/cpu-and-gpu-stats
db00e13c2a1db7a74da2,Radeon R9 390 X2,Grenada,2015-09-03,PCIe 3.0 x16,8.0,GDDR5,1000.0,1350.0,2560,160,64,True,"8 GB, GDDR5, 512 bit",1000 MHz,1350 MHz,2560 / 160 / 64,"Sep 3rd, 2015",baraazaid/cpu-and-gpu-stats
07b550e1b0d30f10b383,Radeon R9 390X,Grenada,2015-06-18,PCIe 3.0 x16,8.0,GDDR5,1050.0,1500.0,2816,176,64,True,"8 GB, GDDR5, 512 bit",1050 MHz,1500 MHz,2816 / 176 / 64,"Jun 18th, 2015",baraazaid/cpu-and-gpu-stats
d4510575d714c7272c00,Radeon R9 A375,Venus,2015-01-01,PCIe 3.0 x16,2.0,GDDR5,900.0,1125.0,640,40,16,True,"2 GB, GDDR5, 128 bit",900 MHz,1125 MHz,640 / 40 / 16,2015,baraazaid/cpu-and-gpu-stats
102a1ccdc1adccfd36d8,Radeon R9 FURY,Fiji,2015-07-10,PCIe 3.0 x16,4.0,HBM,1000.0,500.0,3584,224,64,True,"4 GB, HBM, 4096 bit",1000 MHz,500 MHz,3584 / 224 / 64,"Jul 10th, 2015",baraazaid/cpu-and-gpu-stats
11ba3c1b59677e7ac708,Radeon R9 FURY X,Fiji,2015-06-24,PCIe 3.0 x16,4.0,HBM,1050.0,500.0,4096,256,64,True,"4 GB, HBM, 4096 bit",1050 MHz,500 MHz,4096 / 256 / 64,"Jun 24th, 2015",baraazaid/cpu-and-gpu-stats
e2b449277385cd02bbe1,Radeon R9 FURY X2,Capsaicin,,PCIe 3.0 x16,4.0,HBM,1050.0,500.0,4096,256,64,True,"4 GB, HBM, 4096 bit",1050 MHz,500 MHz,4096 / 256 / 64,Never Released,baraazaid/cpu-and-gpu-stats
505a3c65969829983e0f,Radeon R9 M265X,Venus,2014-03-21,PCIe 3.0 x16,2.0,GDDR5,575.0,1000.0,640,40,16,True,"2 GB, GDDR5, 128 bit",575 MHz,1000 MHz,640 / 40 / 16,"Mar 21st, 2014",baraazaid/cpu-and-gpu-stats
2618e7169c9760833c49,Radeon R9 M270X,Venus,2014-03-21,PCIe 3.0 x16,2.0,GDDR5,725.0,1000.0,640,40,16,True,"2 GB, GDDR5, 128 bit",725 MHz,1000 MHz,640 / 40 / 16,"Mar 21st, 2014",baraazaid/cpu-and-gpu-stats
9785db9c3586cc0fb40e,Radeon R9 M270X,Saturn,2015-02-05,PCIe 3.0 x16,2.0,GDDR5,900.0,1375.0,768,48,16,True,"2 GB, GDDR5, 128 bit",900 MHz,1375 MHz,768 / 48 / 16,"Feb 5th, 2015",baraazaid/cpu-and-gpu-stats
9dea5a3e29eb91f36f97,Radeon R9 M275,Venus,2014-01-28,PCIe 3.0 x16,2.0,GDDR5,900.0,1000.0,640,40,16,True,"2 GB, GDDR5, 128 bit",900 MHz,1000 MHz,640 / 40 / 16,"Jan 28th, 2014",baraazaid/cpu-and-gpu-stats
ea5758febe9e7b3fe0d6,Radeon R9 M275X,Venus,2014-01-28,PCIe 3.0 x16,2.0,GDDR5,900.0,1125.0,640,40,16,True,"2 GB, GDDR5, 128 bit",900 MHz,1125 MHz,640 / 40 / 16,"Jan 28th, 2014",baraazaid/cpu-and-gpu-stats
869273fac5e9ebbba29d,Radeon R9 M280X,Saturn,2015-02-05,PCIe 3.0 x16,2.0,GDDR5,1000.0,1500.0,896,56,16,True,"2 GB, GDDR5, 128 bit",1000 MHz,1500 MHz,896 / 56 / 16,"Feb 5th, 2015",baraazaid/cpu-and-gpu-stats
4f288e172608890494ef,Radeon R9 M280X,Saturn,2015-02-05,PCIe 3.0 x16,4.0,GDDR5,900.0,1375.0,896,56,16,True,"4 GB, GDDR5, 128 bit",900 MHz,1375 MHz,896 / 56 / 16,"Feb 5th, 2015",baraazaid/cpu-and-gpu-stats
168b80b38f08ed6de6e5,Radeon R9 M290X,Neptune,2014-01-09,PCIe 3.0 x16,4.0,GDDR5,850.0,1200.0,1280,80,32,True,"4 GB, GDDR5, 256 bit",850 MHz,1200 MHz,1280 / 80 / 32,"Jan 9th, 2014",baraazaid/cpu-and-gpu-stats
81afddd33c5737ab191a,Radeon R9 M290X Mac Edition,Pitcairn,2014-11-23,PCIe 3.0 x16,2.0,GDDR5,850.0,1365.0,1024,64,32,True,"2 GB, GDDR5, 256 bit",850 MHz,1365 MHz,1024 / 64 / 32,"Nov 23rd, 2014",baraazaid/cpu-and-gpu-stats
623752d81630f050895b,Radeon R9 M295X,Amethyst,2014-11-23,MXM-B (3.0),4.0,GDDR5,723.0,1250.0,2048,128,32,True,"4 GB, GDDR5, 256 bit",723 MHz,1250 MHz,2048 / 128 / 32,"Nov 23rd, 2014",baraazaid/cpu-and-gpu-stats
9ad986a1730035162457,Radeon R9 M295X Mac Edition,Amethyst,2014-11-23,MXM-B (3.0),4.0,GDDR5,850.0,1362.0,2048,128,32,True,"4 GB, GDDR5, 256 bit",850 MHz,1362 MHz,2048 / 128 / 32,"Nov 23rd, 2014",baraazaid/cpu-and-gpu-stats
aafeff16ea23c7aebc54,Radeon R9 M360,Tropo,2015-05-05,PCIe 3.0 x16,4.0,GDDR5,900.0,1125.0,512,32,16,True,"4 GB, GDDR5, 128 bit",900 MHz,1125 MHz,512 / 32 / 16,"May 5th, 2015",baraazaid/cpu-and-gpu-stats
ecebee8ac82d19195382,Radeon R9 M365X,Tropo,2015-05-05,PCIe 3.0 x16,4.0,GDDR5,900.0,1125.0,640,40,16,True,"4 GB, GDDR5, 128 bit",900 MHz,1125 MHz,640 / 40 / 16,"May 5th, 2015",baraazaid/cpu-and-gpu-stats
ca867908536a3cec81bc,Radeon R9 M370X Mac Edition,Tropo,2015-05-05,PCIe 3.0 x16,2.0,GDDR5,775.0,1125.0,640,40,16,True,"2 GB, GDDR5, 128 bit",775 MHz,1125 MHz,640 / 40 / 16,"May 5th, 2015",baraazaid/cpu-and-gpu-stats
fa07fbe33f5f6d2532e8,Radeon R9 M375,Tropo,2015-05-05,PCIe 3.0 x16,2.0,DDR3,1000.0,900.0,640,40,16,True,"2 GB, DDR3, 128 bit",1000 MHz,900 MHz,640 / 40 / 16,"May 5th, 2015",baraazaid/cpu-and-gpu-stats
394357b08a69ec65569d,Radeon R9 M375X,Tropo,2015-05-05,PCIe 3.0 x16,2.0,GDDR5,925.0,1125.0,640,40,16,True,"2 GB, GDDR5, 128 bit",925 MHz,1125 MHz,640 / 40 / 16,"May 5th, 2015",baraazaid/cpu-and-gpu-stats
fd337d14f9af3c0e865a,Radeon R9 M380,Strato,2015-05-05,PCIe 3.0 x16,4.0,GDDR5,900.0,1500.0,768,48,16,True,"4 GB, GDDR5, 128 bit",900 MHz,1500 MHz,768 / 48 / 16,"May 5th, 2015",baraazaid/cpu-and-gpu-stats
d8a47237de22b3006af4,Radeon R9 M380 Mac Edition,Strato,2015-05-05,PCIe 3.0 x16,2.0,GDDR5,900.0,1568.0,768,48,16,True,"2 GB, GDDR5, 128 bit",900 MHz,1568 MHz,768 / 48 / 16,"May 5th, 2015",baraazaid/cpu-and-gpu-stats
946e811c91b7397b50a5,Radeon R9 M385,Strato,2015-05-05,PCIe 3.0 x16,4.0,GDDR5,900.0,1200.0,896,56,16,True,"4 GB, GDDR5, 128 bit",900 MHz,1200 MHz,896 / 56 / 16,"May 5th, 2015",baraazaid/cpu-and-gpu-stats
84c8c284a6e63f20ce6b,Radeon R9 M385X,Strato,2015-05-05,PCIe 3.0 x16,4.0,GDDR5,1000.0,1200.0,896,56,16,True,"4 GB, GDDR5, 128 bit",1000 MHz,1200 MHz,896 / 56 / 16,"May 5th, 2015",baraazaid/cpu-and-gpu-stats
6c408687083bc6f6b4e7,Radeon R9 M390 Mac Edition,Pitcairn,2015-05-05,PCIe 3.0 x16,2.0,GDDR5,958.0,1365.0,1024,64,32,True,"2 GB, GDDR5, 256 bit",958 MHz,1365 MHz,1024 / 64 / 32,"May 5th, 2015",baraazaid/cpu-and-gpu-stats
143d6919de7f5ffc1a03,Radeon R9 M390X,Amethyst,2015-05-05,PCIe 3.0 x16,4.0,GDDR5,723.0,1250.0,2048,128,32,True,"4 GB, GDDR5, 256 bit",723 MHz,1250 MHz,2048 / 128 / 32,"May 5th, 2015",baraazaid/cpu-and-gpu-stats
81edf1a9aeeb215cdb47,Radeon R9 M395 Mac Edition,Amethyst,2015-05-05,MXM-B (3.0),2.0,GDDR5,834.0,1365.0,1792,112,32,True,"2 GB, GDDR5, 256 bit",834 MHz,1365 MHz,1792 / 112 / 32,"May 5th, 2015",baraazaid/cpu-and-gpu-stats
f4e54706cb7290c40095,Radeon R9 M395X,Amethyst,2015-05-05,PCIe 3.0 x16,8.0,GDDR5,723.0,1250.0,2048,128,32,True,"8 GB, GDDR5, 256 bit",723 MHz,1250 MHz,2048 / 128 / 32,"May 5th, 2015",baraazaid/cpu-and-gpu-stats
1c25cfec1b13638489be,Radeon R9 M395X Mac Edition,Amethyst,2015-05-05,MXM-B (3.0),4.0,GDDR5,909.0,1365.0,2048,128,32,True,"4 GB, GDDR5, 256 bit",909 MHz,1365 MHz,2048 / 128 / 32,"May 5th, 2015",baraazaid/cpu-and-gpu-stats
c3f6e114d7afa24d704c,Radeon R9 M470,Emerald,2016-05-15,PCIe 3.0 x16,4.0,GDDR5,900.0,1500.0,768,48,16,True,"4 GB, GDDR5, 128 bit",900 MHz,1500 MHz,768 / 48 / 16,"May 15th, 2016",baraazaid/cpu-and-gpu-stats
c9995a371b169c740818,Radeon R9 M470X,Emerald,2016-05-15,PCIe 3.0 x16,4.0,GDDR5,1000.0,1500.0,896,56,16,True,"4 GB, GDDR5, 128 bit",1000 MHz,1500 MHz,896 / 56 / 16,"May 15th, 2016",baraazaid/cpu-and-gpu-stats
cb648b94ee2c96683f6e,Radeon R9 M485X,Amethyst,2016-05-15,MXM-B (3.0),8.0,GDDR5,723.0,1250.0,2048,128,32,True,"8 GB, GDDR5, 256 bit",723 MHz,1250 MHz,2048 / 128 / 32,"May 15th, 2016",baraazaid/cpu-and-gpu-stats
a3e49cae7323482d5c76,Radeon R9 Nano,Fiji,2015-08-27,PCIe 3.0 x16,4.0,HBM,1000.0,500.0,4096,256,64,True,"4 GB, HBM, 4096 bit",1000 MHz,500 MHz,4096 / 256 / 64,"Aug 27th, 2015",baraazaid/cpu-and-gpu-stats
0c9fda2980d6402d2cff,Radeon RX 455 OEM,Tobago,2016-06-30,PCIe 3.0 x16,2.0,GDDR5,1050.0,1625.0,768,48,16,True,"2 GB, GDDR5, 128 bit",1050 MHz,1625 MHz,768 / 48 / 16,"Jun 30th, 2016",baraazaid/cpu-and-gpu-stats
63f60f2510a788d33097,Radeon RX 460,Baffin,2016-08-08,PCIe 3.0 x8,2.0,GDDR5,1090.0,1750.0,896,56,16,True,"2 GB, GDDR5, 128 bit",1090 MHz,1750 MHz,896 / 56 / 16,"Aug 8th, 2016",baraazaid/cpu-and-gpu-stats
5908e5a06c5bf1e063ea,Radeon RX 460 Mobile,Baffin,2016-08-08,MXM-B (3.0),4.0,GDDR5,1000.0,1250.0,896,56,16,True,"4 GB, GDDR5, 128 bit",1000 MHz,1250 MHz,896 / 56 / 16,"Aug 8th, 2016",baraazaid/cpu-and-gpu-stats
63ea554724c79f5ff96d,Radeon RX 470,Ellesmere,2016-08-04,PCIe 3.0 x16,4.0,GDDR5,926.0,1650.0,2048,128,32,True,"4 GB, GDDR5, 256 bit",926 MHz,1650 MHz,2048 / 128 / 32,"Aug 4th, 2016",baraazaid/cpu-and-gpu-stats
b0f7feec3d539d376281,Radeon RX 470 Mobile,Ellesmere,2016-08-04,MXM-B (3.0),8.0,GDDR5,926.0,1750.0,2048,128,32,True,"8 GB, GDDR5, 256 bit",926 MHz,1750 MHz,2048 / 128 / 32,"Aug 4th, 2016",baraazaid/cpu-and-gpu-stats
d15966ca5fbbc660923c,Radeon RX 470D,Ellesmere,2016-10-21,PCIe 3.0 x16,4.0,GDDR5,926.0,1650.0,1792,112,32,True,"4 GB, GDDR5, 256 bit",926 MHz,1650 MHz,1792 / 112 / 32,"Oct 21st, 2016",baraazaid/cpu-and-gpu-stats
fe92f68a0ccbb249a67f,Radeon RX 480,Ellesmere,2016-06-29,PCIe 3.0 x16,8.0,GDDR5,1120.0,2000.0,2304,144,32,True,"8 GB, GDDR5, 256 bit",1120 MHz,2000 MHz,2304 / 144 / 32,"Jun 29th, 2016",baraazaid/cpu-and-gpu-stats
139e9f3ecd70c8705734,Radeon RX 480 Mobile,Ellesmere,2016-08-04,MXM-B (3.0),8.0,GDDR5,1000.0,2000.0,2304,144,32,True,"8 GB, GDDR5, 256 bit",1000 MHz,2000 MHz,2304 / 144 / 32,"Aug 4th, 2016",baraazaid/cpu-and-gpu-stats
40a4a96ac37f718270ec,Radeon RX 5300,Navi 14,2020-05-28,PCIe 4.0 x8,3.0,GDDR6,1327.0,1750.0,1408,88,32,True,"3 GB, GDDR6, 96 bit",1327 MHz,1750 MHz,1408 / 88 / 32,"May 28th, 2020",baraazaid/cpu-and-gpu-stats
fd9e4942fd3804bcf3cb,Radeon RX 540X Mobile,Polaris 23,2018-04-11,PCIe 3.0 x8,2.0,GDDR5,1124.0,1500.0,512,32,16,True,"2 GB, GDDR5, 128 bit",1124 MHz,1500 MHz,512 / 32 / 16,"Apr 11th, 2018",baraazaid/cpu-and-gpu-stats
78c60c85e869b465119b,Radeon RX 550X,Lexa,2018-12-16,PCIe 3.0 x8,4.0,GDDR5,1100.0,1500.0,512,32,16,True,"4 GB, GDDR5, 128 bit",1100 MHz,1500 MHz,512 / 32 / 16,"Dec 16th, 2018",baraazaid/cpu-and-gpu-stats
c8a6d9beb326c6e7ee84,Radeon RX 550X 640SP,Baffin,2018-04-11,PCIe 3.0 x8,2.0,GDDR5,1019.0,1500.0,640,40,16,True,"2 GB, GDDR5, 128 bit",1019 MHz,1500 MHz,640 / 40 / 16,"Apr 11th, 2018",baraazaid/cpu-and-gpu-stats
1a9c6e460bad979aa936,Radeon RX 550X Mobile,Polaris 23,2018-04-11,PCIe 3.0 x8,2.0,GDDR5,1100.0,1500.0,640,40,16,True,"2 GB, GDDR5, 64 bit",1100 MHz,1500 MHz,640 / 40 / 16,"Apr 11th, 2018",baraazaid/cpu-and-gpu-stats
073a0f952285ca891b14,Radeon RX 5600 OEM,Navi 10,2020-01-21,PCIe 4.0 x16,6.0,GDDR6,1130.0,1500.0,2048,128,64,True,"6 GB, GDDR6, 192 bit",1130 MHz,1500 MHz,2048 / 128 / 64,"Jan 21st, 2020",baraazaid/cpu-and-gpu-stats
2927b1f023daff410bda,Radeon RX 5600 XT,Navi 10,2020-01-21,PCIe 4.0 x16,6.0,GDDR6,1130.0,1500.0,2304,144,64,True,"6 GB, GDDR6, 192 bit",1130 MHz,1500 MHz,2304 / 144 / 64,"Jan 21st, 2020",baraazaid/cpu-and-gpu-stats
23b28f7415c5fe9c12b0,Radeon RX 5600M,Navi 10,2020-07-07,PCIe 4.0 x16,6.0,GDDR6,1035.0,1500.0,2304,144,64,True,"6 GB, GDDR6, 192 bit",1035 MHz,1500 MHz,2304 / 144 / 64,"Jul 7th, 2020",baraazaid/cpu-and-gpu-stats
0db199f530fedbc0a569,Radeon RX 560DX,Polaris 21,2018-04-11,PCIe 3.0 x8,4.0,GDDR5,1090.0,1500.0,896,56,16,True,"4 GB, GDDR5, 128 bit",1090 MHz,1500 MHz,896 / 56 / 16,"Apr 11th, 2018",baraazaid/cpu-and-gpu-stats
3523ffe88b910ae13a0d,Radeon RX 560X,Polaris 21,2018-04-11,PCIe 3.0 x8,4.0,GDDR5,1175.0,1750.0,1024,64,16,True,"4 GB, GDDR5, 128 bit",1175 MHz,1750 MHz,1024 / 64 / 16,"Apr 11th, 2018",baraazaid/cpu-and-gpu-stats
b43071e53b1c04c13610,Radeon RX 560X Mobile,Polaris 21,2018-04-11,MXM-B (3.0),4.0,GDDR5,1275.0,1450.0,1024,64,16,True,"4 GB, GDDR5, 128 bit",1275 MHz,1450 MHz,1024 / 64 / 16,"Apr 11th, 2018",baraazaid/cpu-and-gpu-stats
9e5d6855120d46ed6651,Radeon RX 560X Mobile,Polaris 21,2018-04-11,MXM-B (3.0),4.0,GDDR5,1275.0,1750.0,1024,64,16,True,"4 GB, GDDR5, 128 bit",1275 MHz,1750 MHz,1024 / 64 / 16,"Apr 11th, 2018",baraazaid/cpu-and-gpu-stats
448511c3fb44ebb2075b,Radeon RX 560X Mobile,Polaris 21,2018-04-11,MXM-B (3.0),2.0,GDDR5,1175.0,1500.0,1024,64,16,True,"2 GB, GDDR5, 128 bit",1175 MHz,1500 MHz,1024 / 64 / 16,"Apr 11th, 2018",baraazaid/cpu-and-gpu-stats
dd375f02179ed70a0704,Radeon RX 5700M,Navi 10,2020-03-01,PCIe 4.0 x16,8.0,GDDR6,1465.0,1500.0,2304,144,64,True,"8 GB, GDDR6, 256 bit",1465 MHz,1500 MHz,2304 / 144 / 64,"Mar 1st, 2020",baraazaid/cpu-and-gpu-stats
fad7e0f22a57be053b61,Radeon RX 570X,Polaris 20,2018-04-11,PCIe 3.0 x16,8.0,GDDR5,1168.0,1750.0,2048,128,32,True,"8 GB, GDDR5, 256 bit",1168 MHz,1750 MHz,2048 / 128 / 32,"Apr 11th, 2018",baraazaid/cpu-and-gpu-stats
848d945542c83cea00b5,Radeon RX 580 2048SP,Polaris 20,2018-10-15,PCIe 3.0 x16,4.0,GDDR5,1168.0,1750.0,2048,128,32,True,"4 GB, GDDR5, 256 bit",1168 MHz,1750 MHz,2048 / 128 / 32,"Oct 15th, 2018",baraazaid/cpu-and-gpu-stats
a47fa8251dfade959c02,Radeon RX 580 OEM,Ellesmere,2016-06-29,PCIe 3.0 x16,8.0,GDDR5,1120.0,2000.0,2304,144,32,True,"8 GB, GDDR5, 256 bit",1120 MHz,2000 MHz,2304 / 144 / 32,"Jun 29th, 2016",baraazaid/cpu-and-gpu-stats
c5b543ce27db9e6d326b,Radeon RX 580G,Polaris 20,2018-10-15,PCIe 3.0 x16,8.0,GDDR5,1257.0,2000.0,2304,144,32,True,"8 GB, GDDR5, 256 bit",1257 MHz,2000 MHz,2304 / 144 / 32,"Oct 15th, 2018",baraazaid/cpu-and-gpu-stats
05fdf75e75a5419aa5ea,Radeon RX 580X,Polaris 20,2018-04-11,PCIe 3.0 x16,8.0,GDDR5,1257.0,2000.0,2304,144,32,True,"8 GB, GDDR5, 256 bit",1257 MHz,2000 MHz,2304 / 144 / 32,"Apr 11th, 2018",baraazaid/cpu-and-gpu-stats
716d4e22a369c36c1482,Radeon RX 580X Mobile,Polaris 20,2018-04-11,MXM-B (3.0),8.0,GDDR5,1000.0,2000.0,2304,144,32,True,"8 GB, GDDR5, 256 bit",1000 MHz,2000 MHz,2304 / 144 / 32,"Apr 11th, 2018",baraazaid/cpu-and-gpu-stats
b4033d664d9cedbbb552,Radeon RX 590,Polaris 30,2018-11-15,PCIe 3.0 x16,8.0,GDDR5,1469.0,2000.0,2304,144,32,True,"8 GB, GDDR5, 256 bit",1469 MHz,2000 MHz,2304 / 144 / 32,"Nov 15th, 2018",baraazaid/cpu-and-gpu-stats
192af0fdebd19fb8cdf1,Radeon RX 590 GME,Polaris 20,2020-03-09,PCIe 3.0 x16,8.0,GDDR5,1257.0,2000.0,2304,144,32,True,"8 GB, GDDR5, 256 bit",1257 MHz,2000 MHz,2304 / 144 / 32,"Mar 9th, 2020",baraazaid/cpu-and-gpu-stats
c6ca620fd0d3fb806593,Radeon RX 6300M,Navi 24,,PCIe 4.0 x4,2.0,GDDR6,1000.0,2000.0,768,48,32,True,"2 GB, GDDR6, 32 bit",1000 MHz,2000 MHz,768 / 48 / 32,Never Released,baraazaid/cpu-and-gpu-stats
827901449b84ce9fb200,Radeon RX 6400,Navi 24,2022-01-19,PCIe 4.0 x4,4.0,GDDR6,1923.0,2000.0,768,48,32,True,"4 GB, GDDR6, 64 bit",1923 MHz,2000 MHz,768 / 48 / 32,"Jan 19th, 2022",baraazaid/cpu-and-gpu-stats
349f1631c48dbdbcf40e,Radeon RX 6450M,Navi 24,2023-01-04,PCIe 4.0 x4,4.0,GDDR6,2000.0,2000.0,768,48,32,True,"4 GB, GDDR6, 64 bit",2000 MHz,2000 MHz,768 / 48 / 32,"Jan 4th, 2023",baraazaid/cpu-and-gpu-stats
79790f1c7382607afca3,Radeon RX 6500 XT,Navi 24,2022-01-19,PCIe 4.0 x4,4.0,GDDR6,2310.0,2248.0,1024,64,32,True,"4 GB, GDDR6, 64 bit",2310 MHz,2248 MHz,1024 / 64 / 32,"Jan 19th, 2022",baraazaid/cpu-and-gpu-stats
00a9b4e435bb7d6045af,Radeon RX 6500M,Navi 24,2022-01-04,PCIe 4.0 x4,4.0,GDDR6,2000.0,2250.0,1024,64,32,True,"4 GB, GDDR6, 64 bit",2000 MHz,2250 MHz,1024 / 64 / 32,"Jan 4th, 2022",baraazaid/cpu-and-gpu-stats
9f751897d0eb68a17486,Radeon RX 6550M,Navi 24,2023-01-04,PCIe 4.0 x4,4.0,GDDR6,2000.0,2250.0,1024,64,32,True,"4 GB, GDDR6, 64 bit",2000 MHz,2250 MHz,1024 / 64 / 32,"Jan 4th, 2023",baraazaid/cpu-and-gpu-stats
d630fe548449a4f65971,Radeon RX 6550S,Navi 24,2023-01-04,PCIe 4.0 x4,4.0,GDDR6,2000.0,2000.0,1024,64,32,True,"4 GB, GDDR6, 64 bit",2000 MHz,2000 MHz,1024 / 64 / 32,"Jan 4th, 2023",baraazaid/cpu-and-gpu-stats
cf5589ad3cb42307e1d2,Radeon RX 6600,Navi 23,2021-10-13,PCIe 4.0 x8,8.0,GDDR6,1626.0,1750.0,1792,112,64,True,"8 GB, GDDR6, 128 bit",1626 MHz,1750 MHz,1792 / 112 / 64,"Oct 13th, 2021",baraazaid/cpu-and-gpu-stats
24c423db9d6e3486ac99,Radeon RX 6600 XT,Navi 23,2021-07-30,PCIe 4.0 x8,8.0,GDDR6,1968.0,2000.0,2048,128,64,True,"8 GB, GDDR6, 128 bit",1968 MHz,2000 MHz,2048 / 128 / 64,"Jul 30th, 2021",baraazaid/cpu-and-gpu-stats
fc381ea64fa7de6464e3,Radeon RX 6600M,Navi 23,2021-05-31,PCIe 4.0 x8,8.0,GDDR6,2068.0,1750.0,1792,112,64,True,"8 GB, GDDR6, 128 bit",2068 MHz,1750 MHz,1792 / 112 / 64,"May 31st, 2021",baraazaid/cpu-and-gpu-stats
356e3375c29951f2bced,Radeon RX 6600S,Navi 23,2022-01-04,PCIe 4.0 x8,4.0,GDDR6,1700.0,1750.0,1792,112,64,True,"4 GB, GDDR6, 128 bit",1700 MHz,1750 MHz,1792 / 112 / 64,"Jan 4th, 2022",baraazaid/cpu-and-gpu-stats
bdad6b469133b7e70b87,Radeon RX 6650 XT,Navi 23,2022-05-10,PCIe 4.0 x8,8.0,GDDR6,2055.0,2190.0,2048,128,64,True,"8 GB, GDDR6, 128 bit",2055 MHz,2190 MHz,2048 / 128 / 64,"May 10th, 2022",baraazaid/cpu-and-gpu-stats
bdd742d74b1ebdc9fdd1,Radeon RX 6650M,Navi 23,2022-01-04,PCIe 4.0 x8,8.0,GDDR6,2068.0,2000.0,1792,112,64,True,"8 GB, GDDR6, 128 bit",2068 MHz,2000 MHz,1792 / 112 / 64,"Jan 4th, 2022",baraazaid/cpu-and-gpu-stats
7950cc255d05f2a61100,Radeon RX 6650M XT,Navi 23,2022-01-04,PCIe 4.0 x8,8.0,GDDR6,2068.0,2000.0,2048,128,64,True,"8 GB, GDDR6, 128 bit",2068 MHz,2000 MHz,2048 / 128 / 64,"Jan 4th, 2022",baraazaid/cpu-and-gpu-stats
8bc5a87c7bc48d86135c,Radeon RX 6700,Navi 22,2021-06-09,PCIe 4.0 x16,10.0,GDDR6,1941.0,2000.0,2304,144,64,True,"10 GB, GDDR6, 160 bit",1941 MHz,2000 MHz,2304 / 144 / 64,"Jun 9th, 2021",baraazaid/cpu-and-gpu-stats
f26de2dbd836c6bd69c0,Radeon RX 6700 XT,Navi 22,2021-03-03,PCIe 4.0 x16,12.0,GDDR6,2321.0,2000.0,2560,160,64,True,"12 GB, GDDR6, 192 bit",2321 MHz,2000 MHz,2560 / 160 / 64,"Mar 3rd, 2021",baraazaid/cpu-and-gpu-stats
6b7d52045c4f3acca159,Radeon RX 6700M,Navi 22,2021-05-31,PCIe 4.0 x16,10.0,GDDR6,1489.0,2000.0,2304,144,64,True,"10 GB, GDDR6, 160 bit",1489 MHz,2000 MHz,2304 / 144 / 64,"May 31st, 2021",baraazaid/cpu-and-gpu-stats
be11d710bd7ae4050d58,Radeon RX 6700S,Navi 23,2022-01-04,PCIe 4.0 x8,8.0,GDDR6,1700.0,1750.0,1792,112,64,True,"8 GB, GDDR6, 128 bit",1700 MHz,1750 MHz,1792 / 112 / 64,"Jan 4th, 2022",baraazaid/cpu-and-gpu-stats
f37ab348c052eae923e9,Radeon RX 6750 XT,Navi 22,2022-03-03,PCIe 4.0 x16,12.0,GDDR6,2150.0,2250.0,2560,160,64,True,"12 GB, GDDR6, 192 bit",2150 MHz,2250 MHz,2560 / 160 / 64,"Mar 3rd, 2022",baraazaid/cpu-and-gpu-stats
0dd6a8b3c5deafb9d628,Radeon RX 6800,Navi 21,2020-10-28,PCIe 4.0 x16,16.0,GDDR6,1700.0,2000.0,3840,240,96,True,"16 GB, GDDR6, 256 bit",1700 MHz,2000 MHz,3840 / 240 / 96,"Oct 28th, 2020",baraazaid/cpu-and-gpu-stats
20e6b788cb6428b77724,Radeon RX 6800 XT,Navi 21,2020-10-28,PCIe 4.0 x16,16.0,GDDR6,1825.0,2000.0,4608,288,128,True,"16 GB, GDDR6, 256 bit",1825 MHz,2000 MHz,4608 / 288 / 128,"Oct 28th, 2020",baraazaid/cpu-and-gpu-stats
dcb81665863649117320,Radeon RX 6800M,Navi 22,2021-05-31,PCIe 4.0 x16,12.0,GDDR6,2116.0,2000.0,2560,160,64,True,"12 GB, GDDR6, 192 bit",2116 MHz,2000 MHz,2560 / 160 / 64,"May 31st, 2021",baraazaid/cpu-and-gpu-stats
f9fe26912b1644f7c1b9,Radeon RX 6800S,Navi 23,2022-01-04,PCIe 4.0 x8,8.0,GDDR6,1800.0,2000.0,2048,128,64,True,"8 GB, GDDR6, 128 bit",1800 MHz,2000 MHz,2048 / 128 / 64,"Jan 4th, 2022",baraazaid/cpu-and-gpu-stats
fdf3bb58ca07d60fe5f0,Radeon RX 6850M XT,Navi 22,2022-01-04,PCIe 4.0 x16,12.0,GDDR6,2321.0,2000.0,2560,160,64,True,"12 GB, GDDR6, 192 bit",2321 MHz,2000 MHz,2560 / 160 / 64,"Jan 4th, 2022",baraazaid/cpu-and-gpu-stats
46a289eb14bc2c88c5ca,Radeon RX 6900 XT,Navi 21,2020-10-28,PCIe 4.0 x16,16.0,GDDR6,1825.0,2000.0,5120,320,128,True,"16 GB, GDDR6, 256 bit",1825 MHz,2000 MHz,5120 / 320 / 128,"Oct 28th, 2020",baraazaid/cpu-and-gpu-stats
8467c96d02c3ff920437,Radeon RX 6900 XTX,Navi 21,,PCIe 4.0 x16,16.0,GDDR6,2075.0,2250.0,5120,320,128,True,"16 GB, GDDR6, 256 bit",2075 MHz,2250 MHz,5120 / 320 / 128,Never Released,baraazaid/cpu-and-gpu-stats
45268502488d3da5e89e,Radeon RX 6950 XT,Navi 21,2022-05-10,PCIe 4.0 x16,16.0,GDDR6,1860.0,2250.0,5120,320,128,True,"16 GB, GDDR6, 256 bit",1860 MHz,2250 MHz,5120 / 320 / 128,"May 10th, 2022",baraazaid/cpu-and-gpu-stats
ed9984bde200c7499412,Radeon RX 7600M,Navi 33,2023-01-04,PCIe 4.0 x16,8.0,GDDR6,1500.0,2000.0,1792,112,64,True,"8 GB, GDDR6, 128 bit",1500 MHz,2000 MHz,1792 / 112 / 64,"Jan 4th, 2023",baraazaid/cpu-and-gpu-stats
cfe99b0aa2985b267248,Radeon RX 7600M XT,Navi 33,2023-01-04,PCIe 4.0 x16,8.0,GDDR6,1500.0,2250.0,2048,128,64,True,"8 GB, GDDR6, 128 bit",1500 MHz,2250 MHz,2048 / 128 / 64,"Jan 4th, 2023",baraazaid/cpu-and-gpu-stats
8ee419b7c15a0fad67c6,Radeon RX 7600S,Navi 33,2023-01-04,PCIe 4.0 x16,8.0,GDDR6,1500.0,2000.0,1792,112,64,True,"8 GB, GDDR6, 128 bit",1500 MHz,2000 MHz,1792 / 112 / 64,"Jan 4th, 2023",baraazaid/cpu-and-gpu-stats
f92e35274b8f7a256f94,Radeon RX 7700 XT,Navi 33,2023-01-01,PCIe 4.0 x16,8.0,GDDR6,1900.0,2250.0,2048,128,64,True,"8 GB, GDDR6, 128 bit",1900 MHz,2250 MHz,2048 / 128 / 64,2023,baraazaid/cpu-and-gpu-stats
396e29e0fe005c703502,Radeon RX 7700S,Navi 33,2023-01-04,PCIe 4.0 x16,8.0,GDDR6,1500.0,2250.0,2048,128,64,True,"8 GB, GDDR6, 128 bit",1500 MHz,2250 MHz,2048 / 128 / 64,"Jan 4th, 2023",baraazaid/cpu-and-gpu-stats
1c2be069725cbcf7d45f,Radeon RX 7800 XT,Navi 32,2023-01-01,PCIe 4.0 x16,12.0,GDDR6,1800.0,2250.0,3840,240,128,True,"12 GB, GDDR6, 192 bit",1800 MHz,2250 MHz,3840 / 240 / 128,2023,baraazaid/cpu-and-gpu-stats
ab5ed7a8c4670f41c11f,Radeon RX 7900 XT,Navi 31,2022-11-03,PCIe 4.0 x16,20.0,GDDR6,1500.0,2500.0,5376,336,192,True,"20 GB, GDDR6, 320 bit",1500 MHz,2500 MHz,5376 / 336 / 192,"Nov 3rd, 2022",baraazaid/cpu-and-gpu-stats
7a65451ec3dda87e7b08,Radeon RX 7900 XTX,Navi 31,2022-11-03,PCIe 4.0 x16,24.0,GDDR6,1855.0,2500.0,6144,384,192,True,"24 GB, GDDR6, 384 bit",1855 MHz,2500 MHz,6144 / 384 / 192,"Nov 3rd, 2022",baraazaid/cpu-and-gpu-stats
c4552d86d78cd5b404a7,Radeon RX 7950 XT,Navi 31,,PCIe 4.0 x16,20.0,GDDR6,1500.0,2500.0,5376,336,192,True,"20 GB, GDDR6, 320 bit",1500 MHz,2500 MHz,5376 / 336 / 192,Unknown,baraazaid/cpu-and-gpu-stats
69d65ae7bc1bcf4d5c16,Radeon RX 7950 XTX,Navi 31,,PCIe 4.0 x16,24.0,GDDR6,1900.0,2500.0,6144,384,192,True,"24 GB, GDDR6, 384 bit",1900 MHz,2500 MHz,6144 / 384 / 192,Unknown,baraazaid/cpu-and-gpu-stats
ea3ece6293f09c1b9a77,Radeon RX 7990 XTX,Navi 31,2023-01-01,PCIe 4.0 x16,24.0,GDDR6,2500.0,3000.0,6144,384,192,True,"24 GB, GDDR6, 384 bit",2500 MHz,3000 MHz,6144 / 384 / 192,2023,baraazaid/cpu-and-gpu-stats
e3cafdc9a9f10a651286,Radeon RX Vega 11,Raven,2018-02-12,IGP,,,300.0,,704,44,8,True,System Shared,300 MHz,System Shared,704 / 44 / 8,"Feb 12th, 2018",baraazaid/cpu-and-gpu-stats
5f5101243bd9590f3362,Radeon RX Vega 11,Raven,2018-05-10,IGP,,,300.0,,704,44,8,True,System Shared,300 MHz,System Shared,704 / 44 / 8,"May 10th, 2018",baraazaid/cpu-and-gpu-stats
919c1cc7b7460471df81,Radeon RX Vega 11 Embedded,Raven,2018-04-19,IGP,,,300.0,,704,44,8,True,System Shared,300 MHz,System Shared,704 / 44 / 8,"Apr 19th, 2018",baraazaid/cpu-and-gpu-stats
fd172e710c5d8dd194ab,Radeon RX Vega 56 Mobile,Vega 10,2018-06-01,PCIe 3.0 x16,8.0,HBM2,1138.0,800.0,3584,224,64,True,"8 GB, HBM2, 2048 bit",1138 MHz,800 MHz,3584 / 224 / 64,"Jun 1st, 2018",baraazaid/cpu-and-gpu-stats
d79736d7e91cf43f4203,Radeon RX Vega M GH,Polaris 22,2018-02-01,IGP,4.0,HBM2,1063.0,800.0,1536,96,64,True,"4 GB, HBM2, 1024 bit",1063 MHz,800 MHz,1536 / 96 / 64,"Feb 1st, 2018",baraazaid/cpu-and-gpu-stats
82310a5d19ff21c5f3e1,Radeon RX Vega M GL,Polaris 22,2018-02-01,IGP,4.0,HBM2,931.0,700.0,1280,80,32,True,"4 GB, HBM2, 1024 bit",931 MHz,700 MHz,1280 / 80 / 32,"Feb 1st, 2018",baraazaid/cpu-and-gpu-stats
770f2dbb9c768f614003,Radeon RX Vega Nano,Vega 10,,PCIe 3.0 x16,8.0,HBM2,1247.0,800.0,4096,256,64,True,"8 GB, HBM2, 2048 bit",1247 MHz,800 MHz,4096 / 256 / 64,Never Released,baraazaid/cpu-and-gpu-stats
e38200a07c4dc3b933a0,Radeon SDR,Rage 6,2000-06-01,AGP 4x,0.03125,,166.0,166.0,,,,True,"32 MB, SDR, 128 bit",166 MHz,166 MHz,2 / 1 / 6 / 2,"Jun 1st, 2000",baraazaid/cpu-and-gpu-stats
e16c934f9bcedb7ff8cf,Radeon SDR PCI,Rage 6,2000-06-01,PCI,0.03125,,166.0,166.0,,,,True,"32 MB, SDR, 128 bit",166 MHz,166 MHz,2 / 1 / 6 / 2,"Jun 1st, 2000",baraazaid/cpu-and-gpu-stats
0e4f3dac4aaa05fb9154,Radeon Sky 500,Pitcairn,2013-03-27,PCIe 3.0 x16,4.0,GDDR5,950.0,1200.0,1280,80,32,True,"4 GB, GDDR5, 256 bit",950 MHz,1200 MHz,1280 / 80 / 32,"Mar 27th, 2013",baraazaid/cpu-and-gpu-stats
feddd03dd301c981cbd8,Radeon Sky 700,Tahiti,2013-03-27,PCIe 3.0 x16,6.0,GDDR5,900.0,1375.0,1792,112,32,True,"6 GB, GDDR5, 384 bit",900 MHz,1375 MHz,1792 / 112 / 32,"Mar 27th, 2013",baraazaid/cpu-and-gpu-stats
8aa0ba1ef86dd1fd45a2,Radeon Sky 900,Tahiti,2013-03-27,PCIe 3.0 x16,3.0,GDDR5,825.0,1250.0,1792,112,32,True,"3 GB, GDDR5, 384 bit",825 MHz,1250 MHz,1792 / 112 / 32,"Mar 27th, 2013",baraazaid/cpu-and-gpu-stats
58fe93551ee1858b4982,Radeon VE,Rage 6,2001-02-19,AGP 4x,0.03125,,183.0,183.0,,,,True,"32 MB, DDR, 64 bit",183 MHz,183 MHz,1 / 0 / 3 / 1,"Feb 19th, 2001",baraazaid/cpu-and-gpu-stats
4db7f606a8de617c30fa,Radeon VE PCI,Rage 6,2001-02-19,PCI,0.03125,,183.0,183.0,,,,True,"32 MB, DDR, 64 bit",183 MHz,183 MHz,1 / 0 / 3 / 1,"Feb 19th, 2001",baraazaid/cpu-and-gpu-stats
1a2e332fa91b8f0c543c,Radeon Vega 11 Embedded,Raven,2018-02-13,IGP,,,300.0,,704,44,8,True,System Shared,300 MHz,System Shared,704 / 44 / 8,"Feb 13th, 2018",baraazaid/cpu-and-gpu-stats
2a4f29508ddce1f813dc,Radeon Vega 3 Embedded,Raven,2018-02-13,IGP,,,300.0,,192,12,4,True,System Shared,300 MHz,System Shared,192 / 12 / 4,"Feb 13th, 2018",baraazaid/cpu-and-gpu-stats
a98beaebf7fa8a1a27cb,Radeon Vega 3 Embedded,Raven,2018-07-16,IGP,,,300.0,,192,12,4,True,System Shared,300 MHz,System Shared,192 / 12 / 4,"Jul 16th, 2018",baraazaid/cpu-and-gpu-stats
36de5e835a13726bab5c,Radeon Vega 3 Embedded,Raven,2018-09-06,IGP,,,300.0,,192,12,4,True,System Shared,300 MHz,System Shared,192 / 12 / 4,"Sep 6th, 2018",baraazaid/cpu-and-gpu-stats
4bb9c58f74eeba10a973,Radeon Vega 3 Mobile,Raven,2018-01-08,IGP,,,300.0,,192,12,4,True,System Shared,300 MHz,System Shared,192 / 12 / 4,"Jan 8th, 2018",baraazaid/cpu-and-gpu-stats
4527f74714c35c810b9d,Radeon Vega 3 Mobile,Picasso,2020-01-06,IGP,,,300.0,,192,12,4,True,System Shared,300 MHz,System Shared,192 / 12 / 4,"Jan 6th, 2020",baraazaid/cpu-and-gpu-stats
bda7a6b080fac54fe410,Radeon Vega 6 Embedded,Raven,2018-05-10,IGP,,,300.0,,384,24,8,True,System Shared,300 MHz,System Shared,384 / 24 / 8,"May 10th, 2018",baraazaid/cpu-and-gpu-stats
cfc8f88a04941938e966,Radeon Vega 6 Mobile,Raven,2018-01-08,IGP,,,300.0,,384,24,8,True,System Shared,300 MHz,System Shared,384 / 24 / 8,"Jan 8th, 2018",baraazaid/cpu-and-gpu-stats
ab0b22038591996c99cb,Radeon Vega 8,Raven,2018-02-12,IGP,,,300.0,,512,32,8,True,System Shared,300 MHz,System Shared,512 / 32 / 8,"Feb 12th, 2018",baraazaid/cpu-and-gpu-stats
b5bdec9d51cff7d46355,Radeon Vega 8 Embedded,Raven,2018-02-13,IGP,,,300.0,,512,32,8,True,System Shared,300 MHz,System Shared,512 / 32 / 8,"Feb 13th, 2018",baraazaid/cpu-and-gpu-stats
d69ab6af7b347d29d696,Radeon Vega 8 Embedded,Raven,2018-04-19,IGP,,,300.0,,512,32,8,True,System Shared,300 MHz,System Shared,512 / 32 / 8,"Apr 19th, 2018",baraazaid/cpu-and-gpu-stats
a20d787bb02fd7363081,Radeon X1050,RV370,2006-12-07,PCIe 1.0 x16,0.125,DDR2,400.0,333.0,,,,True,"128 MB, DDR2, 64 bit",400 MHz,333 MHz,4 / 2 / 4 / 4,"Dec 7th, 2006",baraazaid/cpu-and-gpu-stats
7bc20d13aa27f4ea2e60,Radeon X1050,RV410,2008-01-25,PCIe 1.0 x16,0.125,,400.0,200.0,,,,True,"128 MB, DDR, 64 bit",400 MHz,200 MHz,8 / 6 / 8 / 8,"Jan 25th, 2008",baraazaid/cpu-and-gpu-stats
a9b4ab02834f9f221d68,Radeon X1050 AGP,RV350,2006-12-07,AGP 8x,0.125,,250.0,200.0,,,,True,"128 MB, DDR, 128 bit",250 MHz,200 MHz,4 / 2 / 4 / 4,"Dec 7th, 2006",baraazaid/cpu-and-gpu-stats
771d031e6e8ca7a9583a,Radeon X1050 AGP,RV360,2007-11-25,AGP 8x,0.125,,250.0,203.0,,,,True,"128 MB, DDR, 128 bit",250 MHz,203 MHz,4 / 2 / 4 / 4,"Nov 25th, 2007",baraazaid/cpu-and-gpu-stats
1aca600949916f1fec51,Radeon X1300,RV516,2005-10-05,PCIe 1.0 x16,0.125,,450.0,250.0,,,,True,"128 MB, DDR, 128 bit",450 MHz,250 MHz,4 / 2 / 4 / 4,"Oct 5th, 2005",baraazaid/cpu-and-gpu-stats
59f92024c50b1ca5928d,Radeon X1300,RV515,2005-12-01,PCIe 1.0 x16,0.25,,450.0,250.0,,,,True,"256 MB, DDR, 128 bit",450 MHz,250 MHz,4 / 2 / 4 / 4,"Dec 1st, 2005",baraazaid/cpu-and-gpu-stats
e55d6684cd342e2f5e3a,Radeon X1300 AGP,RV515,2005-12-01,AGP 8x,0.25,,450.0,250.0,,,,True,"256 MB, DDR, 128 bit",450 MHz,250 MHz,4 / 2 / 4 / 4,"Dec 1st, 2005",baraazaid/cpu-and-gpu-stats
4379318b3dc1a513ae0f,Radeon X1300 LE,RV515,2005-10-05,PCIe 1.0 x16,0.0625,,450.0,250.0,,,,True,"64 MB, DDR, 64 bit",450 MHz,250 MHz,4 / 2 / 4 / 4,"Oct 5th, 2005",baraazaid/cpu-and-gpu-stats
4da3477da4ed8f231f66,Radeon X1300 PCI,RV516,2005-10-05,PCI,0.125,DDR2,450.0,250.0,,,,True,"128 MB, DDR2, 64 bit",450 MHz,250 MHz,4 / 2 / 4 / 4,"Oct 5th, 2005",baraazaid/cpu-and-gpu-stats
5d9e0c6001c145f6afa4,Radeon X1300 PCI,RV515,2005-10-05,PCI,0.125,,450.0,250.0,,,,True,"128 MB, DDR, 128 bit",450 MHz,250 MHz,4 / 2 / 4 / 4,"Oct 5th, 2005",baraazaid/cpu-and-gpu-stats
ca7f560d2298291f91e8,Radeon X1300 PRO,RV515,2005-10-01,PCIe 1.0 x16,0.125,,600.0,400.0,,,,True,"128 MB, DDR, 128 bit",600 MHz,400 MHz,4 / 2 / 4 / 4,"Oct 1st, 2005",baraazaid/cpu-and-gpu-stats
be4698ded4dc09e9dfe4,Radeon X1300 PRO,RV516,2006-11-01,PCIe 1.0 x16,0.25,,600.0,400.0,,,,True,"256 MB, DDR, 128 bit",600 MHz,400 MHz,4 / 2 / 4 / 4,"Nov 1st, 2006",baraazaid/cpu-and-gpu-stats
ee1a68f883b15408ed16,Radeon X1300 PRO AGP,RV515,2005-10-01,AGP 8x,0.25,,600.0,400.0,,,,True,"256 MB, DDR, 128 bit",600 MHz,400 MHz,4 / 2 / 4 / 4,"Oct 1st, 2005",baraazaid/cpu-and-gpu-stats
e42d605eb8fbcceda08b,Radeon X1300 XT,RV530,2006-08-12,PCIe 1.0 x16,0.25,DDR2,500.0,400.0,,,,True,"256 MB, DDR2, 128 bit",500 MHz,400 MHz,12 / 5 / 4 / 4,"Aug 12th, 2006",baraazaid/cpu-and-gpu-stats
4f8b6d2e6a073f0debb3,Radeon X1300 XT AGP,RV530,2006-08-12,AGP 8x,0.25,GDDR3,500.0,400.0,,,,True,"256 MB, GDDR3, 128 bit",500 MHz,400 MHz,12 / 5 / 4 / 4,"Aug 12th, 2006",baraazaid/cpu-and-gpu-stats
1e059d0d224def6f8e42,Radeon X1550,RV516,2007-01-01,PCIe 1.0 x16,0.25,DDR2,550.0,400.0,,,,True,"256 MB, DDR2, 128 bit",550 MHz,400 MHz,4 / 2 / 4 / 4,2007,baraazaid/cpu-and-gpu-stats
7f1b15b8c9e3703a7109,Radeon X1550,RV515,2007-01-01,PCIe 1.0 x16,0.25,DDR2,600.0,400.0,,,,True,"256 MB, DDR2, 128 bit",600 MHz,400 MHz,4 / 2 / 4 / 4,2007,baraazaid/cpu-and-gpu-stats
ecc5f890b0cd55bd1e43,Radeon X1550,RV505,2007-01-01,PCIe 1.0 x16,0.125,DDR2,500.0,333.0,,,,True,"128 MB, DDR2, 64 bit",500 MHz,333 MHz,4 / 2 / 4 / 4,2007,baraazaid/cpu-and-gpu-stats
e1df312bc2a49d2bab8b,Radeon X1550 AGP,RV505,2007-01-01,AGP 8x,0.25,DDR2,600.0,330.0,,,,True,"256 MB, DDR2, 64 bit",600 MHz,330 MHz,4 / 2 / 4 / 4,2007,baraazaid/cpu-and-gpu-stats
ebb0882a9c962bc36197,Radeon X1550 PCI,RV516,2007-01-01,PCI,0.25,DDR2,452.0,266.0,,,,True,"256 MB, DDR2, 64 bit",452 MHz,266 MHz,4 / 2 / 4 / 4,2007,baraazaid/cpu-and-gpu-stats
6de8ee98223cff1cf160,Radeon X1600,RV516,2007-01-01,PCIe 1.0 x16,0.5,DDR2,635.0,400.0,,,,True,"512 MB, DDR2, 128 bit",635 MHz,400 MHz,4 / 2 / 4 / 4,2007,baraazaid/cpu-and-gpu-stats
1f4d9a96b216e02606b0,Radeon X1600 PRO,RV530,2005-10-01,PCIe 1.0 x16,0.25,GDDR3,500.0,390.0,,,,True,"256 MB, GDDR3, 128 bit",500 MHz,390 MHz,12 / 5 / 4 / 4,"Oct 1st, 2005",baraazaid/cpu-and-gpu-stats
67ff69f9c20b5041c00c,Radeon X1600 PRO AGP,RV530,2007-10-01,AGP 8x,0.25,GDDR3,500.0,390.0,,,,True,"256 MB, GDDR3, 128 bit",500 MHz,390 MHz,12 / 5 / 4 / 4,"Oct 1st, 2007",baraazaid/cpu-and-gpu-stats
748775268d8f2573c604,Radeon X1600 XT,RV530,2005-10-01,PCIe 1.0 x16,0.25,GDDR3,590.0,690.0,,,,True,"256 MB, GDDR3, 128 bit",590 MHz,690 MHz,12 / 5 / 4 / 4,"Oct 1st, 2005",baraazaid/cpu-and-gpu-stats
bfd81764f835ca8cf2bf,Radeon X1600 XT Dual,RV530,,PCIe 1.0 x16,0.25,GDDR3,590.0,690.0,,,,True,"256 MB, GDDR3, 128 bit",590 MHz,690 MHz,12 / 5 / 4 / 4,Never Released,baraazaid/cpu-and-gpu-stats
69fb95c84eba931043fb,Radeon X1650,RV530,2007-02-01,PCIe 1.0 x16,0.25,DDR2,500.0,400.0,,,,True,"256 MB, DDR2, 128 bit",500 MHz,400 MHz,12 / 5 / 4 / 4,"Feb 1st, 2007",baraazaid/cpu-and-gpu-stats
ec2816656ea5954e5093,Radeon X1650,RV516,2007-11-20,PCIe 1.0 x16,0.25,DDR2,635.0,392.0,,,,True,"256 MB, DDR2, 64 bit",635 MHz,392 MHz,4 / 2 / 4 / 4,"Nov 20th, 2007",baraazaid/cpu-and-gpu-stats
f707b79c73b29693e260,Radeon X1650 AGP,RV530,2007-02-01,AGP 8x,0.25,DDR2,500.0,400.0,,,,True,"256 MB, DDR2, 128 bit",500 MHz,400 MHz,12 / 5 / 4 / 4,"Feb 1st, 2007",baraazaid/cpu-and-gpu-stats
c66ea18de9a14cf8eef5,Radeon X1650 GT,RV560,2007-05-01,PCIe 1.0 x16,0.125,GDDR3,400.0,400.0,,,,True,"128 MB, GDDR3, 128 bit",400 MHz,400 MHz,24 / 8 / 8 / 8,"May 1st, 2007",baraazaid/cpu-and-gpu-stats
b5878c1af5851bd7c596,Radeon X1650 GTO,RV530,2007-12-02,PCIe 1.0 x16,0.25,DDR2,587.0,392.0,,,,True,"256 MB, DDR2, 128 bit",587 MHz,392 MHz,12 / 5 / 4 / 4,"Dec 2nd, 2007",baraazaid/cpu-and-gpu-stats
80568eefe27d6562aa9c,Radeon X1650 PRO,RV535,2006-08-23,PCIe 1.0 x16,0.25,GDDR3,600.0,700.0,,,,True,"256 MB, GDDR3, 128 bit",600 MHz,700 MHz,12 / 5 / 4 / 4,"Aug 23rd, 2006",baraazaid/cpu-and-gpu-stats
e59b8e6877e814adcc25,Radeon X1650 PRO AGP,RV535,2006-10-15,AGP 8x,0.25,GDDR3,600.0,700.0,,,,True,"256 MB, GDDR3, 128 bit",600 MHz,700 MHz,12 / 5 / 4 / 4,"Oct 15th, 2006",baraazaid/cpu-and-gpu-stats
122a8400a4f6713ff36e,Radeon X1650 XT,RV560,2006-10-30,PCIe 1.0 x16,0.25,GDDR3,525.0,700.0,,,,True,"256 MB, GDDR3, 128 bit",525 MHz,700 MHz,24 / 8 / 8 / 8,"Oct 30th, 2006",baraazaid/cpu-and-gpu-stats
80657ac9c6123f091173,Radeon X1650 XT AGP,RV560,2006-10-30,AGP 8x,0.5,GDDR3,540.0,680.0,,,,True,"512 MB, GDDR3, 128 bit",540 MHz,680 MHz,24 / 8 / 8 / 8,"Oct 30th, 2006",baraazaid/cpu-and-gpu-stats
6e4ce58e978ad621573b,Radeon X1650 XT Dual,RV560,2006-10-30,PCIe 1.0 x16,0.25,GDDR3,525.0,700.0,,,,True,"256 MB, GDDR3, 128 bit",525 MHz,700 MHz,24 / 8 / 8 / 8,"Oct 30th, 2006",baraazaid/cpu-and-gpu-stats
9a8e017b173a1530a0f6,Radeon X1700 FSC,RV535,2007-11-05,PCIe 1.0 x16,0.25,GDDR3,587.0,695.0,,,,True,"256 MB, GDDR3, 128 bit",587 MHz,695 MHz,12 / 5 / 4 / 4,"Nov 5th, 2007",baraazaid/cpu-and-gpu-stats
bb6d4a0bc065d3271619,Radeon X1700 SE,RV560,2007-11-30,PCIe 1.0 x16,0.5,DDR2,500.0,500.0,,,,True,"512 MB, DDR2, 128 bit",500 MHz,500 MHz,24 / 8 / 8 / 8,"Nov 30th, 2007",baraazaid/cpu-and-gpu-stats
86a8ba7d4ed56f477818,Radeon X1800 CrossFire Edition,R520,2005-12-20,PCIe 1.0 x16,0.5,GDDR3,600.0,700.0,,,,True,"512 MB, GDDR3, 256 bit",600 MHz,700 MHz,16 / 8 / 16 / 16,"Dec 20th, 2005",baraazaid/cpu-and-gpu-stats
e7b7eac239b10a0a51ac,Radeon X1800 GTO,R520,2006-03-01,PCIe 1.0 x16,0.25,GDDR3,500.0,495.0,,,,True,"256 MB, GDDR3, 256 bit",500 MHz,495 MHz,12 / 8 / 12 / 12,"Mar 1st, 2006",baraazaid/cpu-and-gpu-stats
6cdb5765c599f6987912,Radeon X1800 GTO2,R520,2006-03-01,PCIe 1.0 x16,0.25,GDDR3,500.0,500.0,,,,True,"256 MB, GDDR3, 256 bit",500 MHz,500 MHz,12 / 8 / 12 / 12,"Mar 1st, 2006",baraazaid/cpu-and-gpu-stats
a1466e6be51bca654da0,Radeon X1800 XL,R520,2005-10-01,PCIe 1.0 x16,0.25,GDDR3,500.0,500.0,,,,True,"256 MB, GDDR3, 256 bit",500 MHz,500 MHz,16 / 8 / 16 / 16,"Oct 1st, 2005",baraazaid/cpu-and-gpu-stats
3d2fc375ae27015492ca,Radeon X1800 XT,R520,2005-10-01,PCIe 1.0 x16,0.5,GDDR3,600.0,700.0,,,,True,"512 MB, GDDR3, 256 bit",600 MHz,700 MHz,16 / 8 / 16 / 16,"Oct 1st, 2005",baraazaid/cpu-and-gpu-stats
001d6d2b2932596b6000,Radeon X1900 CrossFire Edition,R580,2006-01-24,PCIe 1.0 x16,0.5,GDDR3,625.0,725.0,,,,True,"512 MB, GDDR3, 256 bit",625 MHz,725 MHz,48 / 8 / 16 / 16,"Jan 24th, 2006",baraazaid/cpu-and-gpu-stats
3deb022d74e5c49683f8,Radeon X1900 G5 Mac Edition,R580,2006-11-06,PCIe 1.0 x16,0.25,GDDR3,575.0,600.0,,,,True,"256 MB, GDDR3, 256 bit",575 MHz,600 MHz,36 / 8 / 12 / 12,"Nov 6th, 2006",baraazaid/cpu-and-gpu-stats
d6fe8afa1c7a109474ac,Radeon X1900 GT,R580,2006-05-01,PCIe 1.0 x16,0.25,GDDR3,575.0,600.0,,,,True,"256 MB, GDDR3, 256 bit",575 MHz,600 MHz,36 / 8 / 12 / 12,"May 1st, 2006",baraazaid/cpu-and-gpu-stats
a124be56bc055a872203,Radeon X1900 XT,R580,2006-01-01,PCIe 1.0 x16,0.25,GDDR3,625.0,725.0,,,,True,"256 MB, GDDR3, 256 bit",625 MHz,725 MHz,48 / 8 / 16 / 16,2006,baraazaid/cpu-and-gpu-stats
63ef8c9693615f970be5,Radeon X1900 XTX,R580,2006-01-01,PCIe 1.0 x16,0.5,GDDR3,650.0,775.0,,,,True,"512 MB, GDDR3, 256 bit",650 MHz,775 MHz,48 / 8 / 16 / 16,2006,baraazaid/cpu-and-gpu-stats
20ea0ad06c20807cb4df,Radeon X1950 CrossFire Edition,R580+,2006-09-10,PCIe 1.0 x16,0.5,GDDR4,650.0,1000.0,,,,True,"512 MB, GDDR4, 256 bit",650 MHz,1000 MHz,48 / 8 / 16 / 16,"Sep 10th, 2006",baraazaid/cpu-and-gpu-stats
a8315592921830e54d1b,Radeon X1950 GT,RV570,2007-01-29,PCIe 1.0 x16,0.25,GDDR3,500.0,600.0,,,,True,"256 MB, GDDR3, 256 bit",500 MHz,600 MHz,36 / 8 / 12 / 12,"Jan 29th, 2007",baraazaid/cpu-and-gpu-stats
cd191fb395f611a0171a,Radeon X1950 GT AGP,RV570,2007-02-10,AGP 8x,0.25,GDDR3,500.0,600.0,,,,True,"256 MB, GDDR3, 256 bit",500 MHz,600 MHz,36 / 8 / 12 / 12,"Feb 10th, 2007",baraazaid/cpu-and-gpu-stats
0c12037ecfe797ef454f,Radeon X1950 PRO,RV570,2006-10-01,PCIe 1.0 x16,0.25,GDDR3,575.0,690.0,,,,True,"256 MB, GDDR3, 256 bit",575 MHz,690 MHz,36 / 8 / 12 / 12,"Oct 1st, 2006",baraazaid/cpu-and-gpu-stats
eaf073e222810cf13294,Radeon X1950 PRO AGP,RV570,2006-10-25,AGP 8x,0.5,GDDR3,575.0,690.0,,,,True,"512 MB, GDDR3, 256 bit",575 MHz,690 MHz,36 / 8 / 12 / 12,"Oct 25th, 2006",baraazaid/cpu-and-gpu-stats
5fa7e91180edb261fcb9,Radeon X1950 PRO DUAL,RV570,2007-01-10,PCIe 1.0 x16,0.5,GDDR3,575.0,690.0,,,,True,"512 MB, GDDR3, 256 bit",575 MHz,690 MHz,36 / 8 / 12 / 12,"Jan 10th, 2007",baraazaid/cpu-and-gpu-stats
65579795c0852010776d,Radeon X1950 XT,R580+,2006-10-17,PCIe 1.0 x16,0.25,GDDR3,625.0,900.0,,,,True,"256 MB, GDDR3, 256 bit",625 MHz,900 MHz,48 / 8 / 16 / 16,"Oct 17th, 2006",baraazaid/cpu-and-gpu-stats
fcaec3443bc1fb0e48eb,Radeon X1950 XT AGP,R580+,2006-10-17,AGP 8x,0.25,GDDR3,625.0,703.0,,,,True,"256 MB, GDDR3, 256 bit",625 MHz,703 MHz,48 / 8 / 16 / 16,"Oct 17th, 2006",baraazaid/cpu-and-gpu-stats
eac03a5b7764aa0479d4,Radeon X1950 XTX,R580+,2006-10-17,PCIe 1.0 x16,0.5,GDDR4,650.0,1000.0,,,,True,"512 MB, GDDR4, 256 bit",650 MHz,1000 MHz,48 / 8 / 16 / 16,"Oct 17th, 2006",baraazaid/cpu-and-gpu-stats
3562a33533ec1f41167f,Radeon X1950 XTX Uber Edition,R580+,2007-01-19,PCIe 1.0 x16,0.5,GDDR4,670.0,1050.0,,,,True,"512 MB, GDDR4, 256 bit",670 MHz,1050 MHz,48 / 8 / 16 / 16,"Jan 19th, 2007",baraazaid/cpu-and-gpu-stats
b97dc6d304e66e6789ac,Radeon X300,RV370,2004-09-01,PCIe 1.0 x16,0.0625,,375.0,200.0,,,,True,"64 MB, DDR, 128 bit",375 MHz,200 MHz,4 / 2 / 4 / 4,"Sep 1st, 2004",baraazaid/cpu-and-gpu-stats
06745f5d71475331eca2,Radeon X300 LE,RV370,2004-09-01,PCIe 1.0 x16,0.0625,,325.0,200.0,,,,True,"64 MB, DDR, 128 bit",325 MHz,200 MHz,4 / 2 / 4 / 4,"Sep 1st, 2004",baraazaid/cpu-and-gpu-stats
e9efe69c26039d82701c,Radeon X300 SE,RV370,2004-09-01,PCIe 1.0 x16,0.0625,,325.0,200.0,,,,True,"64 MB, DDR, 64 bit",325 MHz,200 MHz,4 / 2 / 4 / 4,"Sep 1st, 2004",baraazaid/cpu-and-gpu-stats
24b5a734121ba52d5f91,Radeon X300 SE HyperMemory,RV370,2006-10-25,PCIe 1.0 x16,0.125,,325.0,300.0,,,,True,"128 MB, DDR, 64 bit",325 MHz,300 MHz,4 / 2 / 4 / 4,"Oct 25th, 2006",baraazaid/cpu-and-gpu-stats
aa7716c9e6600faa6310,Radeon X550,RV370,2005-07-01,PCIe 1.0 x16,0.125,,400.0,250.0,,,,True,"128 MB, DDR, 128 bit",400 MHz,250 MHz,4 / 2 / 4 / 4,"Jul 1st, 2005",baraazaid/cpu-and-gpu-stats
313f291d1f9e48012a03,Radeon X550 HyperMemory,RV370,2005-07-01,PCIe 1.0 x16,0.25,DDR2,400.0,250.0,,,,True,"256 MB, DDR2, 128 bit",400 MHz,250 MHz,4 / 2 / 4 / 4,"Jul 1st, 2005",baraazaid/cpu-and-gpu-stats
a3a7c90b748c6d710a70,Radeon X550 XT,RV410,2007-01-24,PCIe 1.0 x16,0.125,GDDR3,400.0,300.0,,,,True,"128 MB, GDDR3, 128 bit",400 MHz,300 MHz,4 / 6 / 4 / 4,"Jan 24th, 2007",baraazaid/cpu-and-gpu-stats
f1db2a1c59daacce5ea1,Radeon X550 XTX,RV410,2007-01-24,PCIe 1.0 x16,0.125,,400.0,300.0,,,,True,"128 MB, DDR, 64 bit",400 MHz,300 MHz,8 / 6 / 8 / 8,"Jan 24th, 2007",baraazaid/cpu-and-gpu-stats
d54db2270a4c50182cc3,Radeon X600,RV370,2004-09-01,PCIe 1.0 x16,0.25,,400.0,250.0,,,,True,"256 MB, DDR, 128 bit",400 MHz,250 MHz,4 / 2 / 4 / 4,"Sep 1st, 2004",baraazaid/cpu-and-gpu-stats
e6b76025553786907d43,Radeon X600 PRO,RV380,2004-09-01,PCIe 1.0 x16,0.125,,400.0,300.0,,,,True,"128 MB, DDR, 128 bit",400 MHz,300 MHz,4 / 2 / 4 / 4,"Sep 1st, 2004",baraazaid/cpu-and-gpu-stats
edbcd907cf23f249c6c2,Radeon X600 PRO,RV370,2004-09-01,PCIe 1.0 x16,0.125,,400.0,300.0,,,,True,"128 MB, DDR, 128 bit",400 MHz,300 MHz,4 / 2 / 4 / 4,"Sep 1st, 2004",baraazaid/cpu-and-gpu-stats
5e95ac81222a01a65103,Radeon X600 SE,RV370,2004-09-01,PCIe 1.0 x16,0.125,,325.0,250.0,,,,True,"128 MB, DDR, 64 bit",325 MHz,250 MHz,4 / 2 / 4 / 4,"Sep 1st, 2004",baraazaid/cpu-and-gpu-stats
1cf70b2f7be8473f0d5e,Radeon X600 XT,RV380,2004-09-01,PCIe 1.0 x16,0.125,,500.0,370.0,,,,True,"128 MB, DDR, 128 bit",500 MHz,370 MHz,4 / 2 / 4 / 4,"Sep 1st, 2004",baraazaid/cpu-and-gpu-stats
b3e6dfdc7a2291bde2e0,Radeon X700,RV410,2004-09-01,PCIe 1.0 x16,0.125,,400.0,250.0,,,,True,"128 MB, DDR, 128 bit",400 MHz,250 MHz,8 / 6 / 8 / 8,"Sep 1st, 2004",baraazaid/cpu-and-gpu-stats
4045c07383866ca3dbb7,Radeon X700 AGP,RV410,2004-09-01,AGP 8x,0.125,,400.0,250.0,,,,True,"128 MB, DDR, 128 bit",400 MHz,250 MHz,8 / 6 / 8 / 8,"Sep 1st, 2004",baraazaid/cpu-and-gpu-stats
9bc263f4a51947a37322,Radeon X700 LE,RV410,2004-12-21,PCIe 1.0 x16,0.125,,400.0,350.0,,,,True,"128 MB, DDR, 128 bit",400 MHz,350 MHz,8 / 6 / 8 / 8,"Dec 21st, 2004",baraazaid/cpu-and-gpu-stats
d9093db230a09c6df288,Radeon X700 PRO,RV410,2004-09-01,PCIe 1.0 x16,0.125,GDDR3,425.0,430.0,,,,True,"128 MB, GDDR3, 128 bit",425 MHz,430 MHz,8 / 6 / 8 / 8,"Sep 1st, 2004",baraazaid/cpu-and-gpu-stats
9fd8b440bbd741a61e55,Radeon X700 PRO AGP,RV410,2004-09-01,AGP 8x,0.125,,425.0,472.0,,,,True,"128 MB, DDR, 128 bit",425 MHz,472 MHz,8 / 6 / 8 / 8,"Sep 1st, 2004",baraazaid/cpu-and-gpu-stats
9cdcf348b7b2838e805e,Radeon X700 SE,RV410,2005-04-01,PCIe 1.0 x16,0.125,,400.0,250.0,,,,True,"128 MB, DDR, 64 bit",400 MHz,250 MHz,4 / 6 / 4 / 4,"Apr 1st, 2005",baraazaid/cpu-and-gpu-stats
9f531d7add20235d42ba,Radeon X700 XT,RV410,2004-09-01,PCIe 1.0 x16,0.125,GDDR3,475.0,525.0,,,,True,"128 MB, GDDR3, 128 bit",475 MHz,525 MHz,8 / 6 / 8 / 8,"Sep 1st, 2004",baraazaid/cpu-and-gpu-stats
f623fff6ff05a7764b1d,Radeon X740 XL,RV410,2005-03-07,PCIe 1.0 x16,0.125,GDDR3,425.0,450.0,,,,True,"128 MB, GDDR3, 128 bit",425 MHz,450 MHz,8 / 6 / 8 / 8,"Mar 7th, 2005",baraazaid/cpu-and-gpu-stats
264efc87f5238fa32402,Radeon X800,R430,2004-12-01,PCIe 1.0 x16,0.25,,400.0,350.0,,,,True,"256 MB, DDR, 256 bit",400 MHz,350 MHz,12 / 6 / 12 / 12,"Dec 1st, 2004",baraazaid/cpu-and-gpu-stats
cb889ba9d5ef57594c59,Radeon X800 CrossFire Edition,R430,2005-10-28,PCIe 1.0 x16,0.25,GDDR3,500.0,500.0,,,,True,"256 MB, GDDR3, 256 bit",500 MHz,500 MHz,16 / 6 / 16 / 16,"Oct 28th, 2005",baraazaid/cpu-and-gpu-stats
0cc14ca4fcb71bbb7548,Radeon X800 GT,R430,2005-11-01,PCIe 1.0 x16,0.125,,475.0,493.0,,,,True,"128 MB, DDR, 256 bit",475 MHz,493 MHz,8 / 6 / 8 / 8,"Nov 1st, 2005",baraazaid/cpu-and-gpu-stats
b31c4b3ad9962b04dd97,Radeon X800 GT,R480,2005-11-01,PCIe 1.0 x16,0.125,,475.0,350.0,,,,True,"128 MB, DDR, 256 bit",475 MHz,350 MHz,12 / 6 / 12 / 12,"Nov 1st, 2005",baraazaid/cpu-and-gpu-stats
f1061fc063f6ff45bf8e,Radeon X800 GT AGP,R481,2005-11-01,AGP 8x,0.25,GDDR3,475.0,493.0,,,,True,"256 MB, GDDR3, 256 bit",475 MHz,493 MHz,12 / 6 / 12 / 12,"Nov 1st, 2005",baraazaid/cpu-and-gpu-stats
ce9ead45d31d340c7167,Radeon X800 GT AGP,R420,2007-11-08,AGP 8x,0.25,GDDR3,473.0,493.0,,,,True,"256 MB, GDDR3, 256 bit",473 MHz,493 MHz,8 / 6 / 8 / 8,"Nov 8th, 2007",baraazaid/cpu-and-gpu-stats
4d6d113dea7ba6f141af,Radeon X800 GTO,R480,2005-11-01,PCIe 1.0 x16,0.25,GDDR3,400.0,400.0,,,,True,"256 MB, GDDR3, 256 bit",400 MHz,400 MHz,12 / 6 / 12 / 12,"Nov 1st, 2005",baraazaid/cpu-and-gpu-stats
0e587a834449d64a87cd,Radeon X800 GTO,R423,2007-12-29,PCIe 1.0 x16,0.125,,400.0,350.0,,,,True,"128 MB, DDR, 256 bit",400 MHz,350 MHz,12 / 6 / 12 / 12,"Dec 29th, 2007",baraazaid/cpu-and-gpu-stats
f5027d7c53d58418d4ca,Radeon X800 GTO AGP,R481,2005-10-01,AGP 8x,0.25,GDDR3,400.0,490.0,,,,True,"256 MB, GDDR3, 256 bit",400 MHz,490 MHz,12 / 6 / 12 / 12,"Oct 1st, 2005",baraazaid/cpu-and-gpu-stats
296ecc542f815b64d519,Radeon X800 GTO AGP,R430,2005-10-01,AGP 8x,0.25,GDDR3,400.0,490.0,,,,True,"256 MB, GDDR3, 256 bit",400 MHz,490 MHz,12 / 6 / 12 / 12,"Oct 1st, 2005",baraazaid/cpu-and-gpu-stats
10a928441009665e41f9,Radeon X800 GTO AGP,R420,2007-11-08,AGP 8x,0.25,GDDR3,400.0,490.0,,,,True,"256 MB, GDDR3, 256 bit",400 MHz,490 MHz,12 / 6 / 12 / 12,"Nov 8th, 2007",baraazaid/cpu-and-gpu-stats
cbdace9f49b4353506e2,Radeon X800 GTO2,R480,2005-09-15,PCIe 1.0 x16,0.25,GDDR3,400.0,490.0,,,,True,"256 MB, GDDR3, 256 bit",400 MHz,490 MHz,16 / 6 / 16 / 16,"Sep 15th, 2005",baraazaid/cpu-and-gpu-stats
4f07d660a056c287878b,Radeon X800 PRO,R423,2004-05-01,PCIe 1.0 x16,0.25,GDDR3,475.0,450.0,,,,True,"256 MB, GDDR3, 256 bit",475 MHz,450 MHz,12 / 6 / 12 / 12,"May 1st, 2004",baraazaid/cpu-and-gpu-stats
e8e2bec1fc1edd6d6089,Radeon X800 PRO AGP,R420,2004-05-01,AGP 8x,0.25,GDDR3,475.0,450.0,,,,True,"256 MB, GDDR3, 256 bit",475 MHz,450 MHz,12 / 6 / 12 / 12,"May 1st, 2004",baraazaid/cpu-and-gpu-stats
a7b24124e2437205d1dc,Radeon X800 SE,R423,2004-10-04,PCIe 1.0 x16,0.125,,425.0,350.0,,,,True,"128 MB, DDR, 256 bit",425 MHz,350 MHz,8 / 6 / 8 / 8,"Oct 4th, 2004",baraazaid/cpu-and-gpu-stats
0654b1b8df69fc27e126,Radeon X800 SE AGP,R420,2004-09-01,AGP 8x,0.25,,450.0,400.0,,,,True,"256 MB, DDR, 256 bit",450 MHz,400 MHz,8 / 6 / 8 / 8,"Sep 1st, 2004",baraazaid/cpu-and-gpu-stats
675c2e8e7b3a3df0e493,Radeon X800 VE AGP,R420,2004-09-01,AGP 8x,0.25,GDDR3,425.0,398.0,,,,True,"256 MB, GDDR3, 256 bit",425 MHz,398 MHz,16 / 6 / 16 / 16,"Sep 1st, 2004",baraazaid/cpu-and-gpu-stats
6ef6fd1b3b37561bbcf0,Radeon X800 XL,R430,2004-12-01,PCIe 1.0 x16,0.25,GDDR3,400.0,490.0,,,,True,"256 MB, GDDR3, 256 bit",400 MHz,490 MHz,16 / 6 / 16 / 16,"Dec 1st, 2004",baraazaid/cpu-and-gpu-stats
c744a5776d0d9492381c,Radeon X800 XL AGP,R430,2004-05-01,AGP 8x,0.25,GDDR3,400.0,500.0,,,,True,"256 MB, GDDR3, 256 bit",400 MHz,500 MHz,16 / 6 / 16 / 16,"May 1st, 2004",baraazaid/cpu-and-gpu-stats
80e4cfbcbc241dec1b99,Radeon X800 XT,R423,2004-12-01,PCIe 1.0 x16,0.25,GDDR3,500.0,500.0,,,,True,"256 MB, GDDR3, 256 bit",500 MHz,500 MHz,16 / 6 / 16 / 16,"Dec 1st, 2004",baraazaid/cpu-and-gpu-stats
942499b367ef0ebd09d5,Radeon X800 XT AGP,R420,2004-03-01,AGP 8x,0.25,GDDR3,500.0,500.0,,,,True,"256 MB, GDDR3, 256 bit",500 MHz,500 MHz,16 / 6 / 16 / 16,"Mar 1st, 2004",baraazaid/cpu-and-gpu-stats
efdcce2f5a448bd88788,Radeon X800 XT Mac Edition,R423,2004-12-01,AGP Pro 8x,0.25,GDDR3,475.0,500.0,,,,True,"256 MB, GDDR3, 256 bit",475 MHz,500 MHz,16 / 6 / 16 / 16,"Dec 1st, 2004",baraazaid/cpu-and-gpu-stats
bea75e1f6f6ebb41b0b5,Radeon X800 XT Platinum,R423,2004-03-01,PCIe 1.0 x16,0.25,GDDR3,520.0,560.0,,,,True,"256 MB, GDDR3, 256 bit",520 MHz,560 MHz,16 / 6 / 16 / 16,"Mar 1st, 2004",baraazaid/cpu-and-gpu-stats
9627931a9b1bad5d03d1,Radeon X800 XT Platinum AGP,R420,2004-05-01,AGP 8x,0.25,GDDR3,520.0,560.0,,,,True,"256 MB, GDDR3, 256 bit",520 MHz,560 MHz,16 / 6 / 16 / 16,"May 1st, 2004",baraazaid/cpu-and-gpu-stats
5ff06ab7389ed1cda488,Radeon X850 CrossFire Edition,R480,2006-09-10,PCIe 1.0 x16,0.25,GDDR3,520.0,540.0,,,,True,"256 MB, GDDR3, 256 bit",520 MHz,540 MHz,16 / 6 / 16 / 16,"Sep 10th, 2006",baraazaid/cpu-and-gpu-stats
44d84535ad1aa1ecf881,Radeon X850 PRO,R480,2004-12-01,PCIe 1.0 x16,0.25,GDDR3,507.0,520.0,,,,True,"256 MB, GDDR3, 256 bit",507 MHz,520 MHz,12 / 6 / 12 / 12,"Dec 1st, 2004",baraazaid/cpu-and-gpu-stats
925e54b8665d01d2709f,Radeon X850 PRO AGP,R481,2005-09-04,AGP 8x,0.25,GDDR3,500.0,500.0,,,,True,"256 MB, GDDR3, 256 bit",500 MHz,500 MHz,12 / 6 / 12 / 12,"Sep 4th, 2005",baraazaid/cpu-and-gpu-stats
1a4f975e90bf4e39ec07,Radeon X850 XT,R480,2004-12-01,PCIe 1.0 x16,0.25,GDDR3,520.0,540.0,,,,True,"256 MB, GDDR3, 256 bit",520 MHz,540 MHz,16 / 6 / 16 / 16,"Dec 1st, 2004",baraazaid/cpu-and-gpu-stats
45099b7b7af3b045b82b,Radeon X850 XT AGP,R481,2005-02-28,AGP 8x,0.25,GDDR3,520.0,540.0,,,,True,"256 MB, GDDR3, 256 bit",520 MHz,540 MHz,16 / 6 / 16 / 16,"Feb 28th, 2005",baraazaid/cpu-and-gpu-stats
77d952dd7032ac47f3b1,Radeon X850 XT Platinum,R480,2004-12-21,PCIe 1.0 x16,0.25,GDDR3,540.0,590.0,,,,True,"256 MB, GDDR3, 256 bit",540 MHz,590 MHz,16 / 6 / 16 / 16,"Dec 21st, 2004",baraazaid/cpu-and-gpu-stats
3f72faaaa24f9a3aafe5,Radeon X850 XT Platinum AGP,R481,2005-02-28,AGP 8x,0.25,GDDR3,540.0,590.0,,,,True,"256 MB, GDDR3, 256 bit",540 MHz,590 MHz,16 / 6 / 16 / 16,"Feb 28th, 2005",baraazaid/cpu-and-gpu-stats
0f924099f748e676d71b,Radeon Xpress 1100 IGP,RC410,2007-10-17,PCIe 1.0 x16,,,300.0,,,,,True,System Shared,300 MHz,System Shared,2 / 2 / 2 / 2,"Oct 17th, 2007",baraazaid/cpu-and-gpu-stats
3280c7ed73049b2aa387,Radeon Xpress 1100 Mobile IGP,RC410,2005-01-01,PCIe 1.0 x16,,,336.0,,,,,True,System Shared,336 MHz,System Shared,2 / 2 / 2 / 2,2005,baraazaid/cpu-and-gpu-stats
cbb6724da554f0097627,Radeon Xpress 1100 Mobile IGP,RS482,2005-01-01,PCIe 1.0 x16,,,300.0,,,,,True,System Shared,300 MHz,System Shared,2 / 2 / 2 / 2,2005,baraazaid/cpu-and-gpu-stats
16c7a65ad7c1276aaa65,Radeon Xpress 1150 IGP,RS482,2007-10-17,PCIe 1.0 x16,,,400.0,,,,,True,System Shared,400 MHz,System Shared,2 / 2 / 2 / 2,"Oct 17th, 2007",baraazaid/cpu-and-gpu-stats
7e745b881351b586fbbf,Radeon Xpress 1150 Mobile IGP,RS485,2006-05-23,PCIe 1.0 x16,,,400.0,,,,,True,System Shared,400 MHz,System Shared,2 / 2 / 2 / 2,"May 23rd, 2006",baraazaid/cpu-and-gpu-stats
49fbd518e5f0abdc183c,Radeon Xpress 1200 IGP,RS690,2007-02-28,PCIe 1.0 x16,,,400.0,,,,,True,System Shared,400 MHz,System Shared,4 / 2 / 4 / 4,"Feb 28th, 2007",baraazaid/cpu-and-gpu-stats
c5311cef495d514472b1,Radeon Xpress 1200 Mobile IGP,RS690,2007-02-28,PCIe 1.0 x16,,,400.0,,,,,True,System Shared,400 MHz,System Shared,4 / 2 / 4 / 4,"Feb 28th, 2007",baraazaid/cpu-and-gpu-stats
6af1e0ba6d0168cd925f,Radeon Xpress 1200 Mobile IGP,RS600,2007-02-28,PCIe 1.0 x16,,,500.0,,,,,True,System Shared,500 MHz,System Shared,4 / 2 / 4 / 4,"Feb 28th, 2007",baraazaid/cpu-and-gpu-stats
346a2919bcab05b1b797,Radeon Xpress 1250 IGP,RS690,2007-02-28,PCIe 1.0 x16,,,400.0,,,,,True,System Shared,400 MHz,System Shared,4 / 2 / 4 / 4,"Feb 28th, 2007",baraazaid/cpu-and-gpu-stats
0583c72a0bf4d6af2b6b,Radeon Xpress 1250 Mobile IGP,RS600,2007-02-28,PCIe 1.0 x16,,,500.0,,,,,True,System Shared,500 MHz,System Shared,4 / 2 / 4 / 4,"Feb 28th, 2007",baraazaid/cpu-and-gpu-stats
d94c8b211d7a7a53537e,Radeon Xpress 1250 Mobile IGP,RS690,2007-02-28,PCIe 1.0 x16,,,400.0,,,,,True,System Shared,400 MHz,System Shared,4 / 2 / 4 / 4,"Feb 28th, 2007",baraazaid/cpu-and-gpu-stats
7ff33e468353e80833ce,Radeon Xpress 1270 Mobile IGP,RS690,2007-02-28,PCIe 1.0 x16,,,400.0,,,,,True,System Shared,400 MHz,System Shared,4 / 2 / 4 / 4,"Feb 28th, 2007",baraazaid/cpu-and-gpu-stats
f57bd182d15274de5d08,Radeon Xpress 200 IGP,RS480,2004-11-08,PCIe 1.0 x16,,,300.0,,,,,True,System Shared,300 MHz,System Shared,4 / 2 / 4 / 4,"Nov 8th, 2004",baraazaid/cpu-and-gpu-stats
0773d48f37c3ea17ce98,Radeon Xpress 200 IGP,RC410,2004-11-08,PCI,,,300.0,,,,,True,System Shared,300 MHz,System Shared,2 / 2 / 2 / 2,"Nov 8th, 2004",baraazaid/cpu-and-gpu-stats
011c5004c73bd06c8fc0,Radeon Xpress 200M IGP,RC410,2005-01-01,PCIe 1.0 x16,,,336.0,,,,,True,System Shared,336 MHz,System Shared,2 / 2 / 2 / 2,2005,baraazaid/cpu-and-gpu-stats
bc9ee9ea06511f453395,Radeon Xpress 2100 IGP,RS780,2008-03-04,PCIe 1.0 x16,,,500.0,,40,4,4,True,System Shared,500 MHz,System Shared,40 / 4 / 4,"Mar 4th, 2008",baraazaid/cpu-and-gpu-stats
7a4b8e3fddd8aa0c4038,Rage 128 GL,Rage 4,1998-08-27,AGP 2x,0.03125,,80.0,60.0,,,,True,"32 MB, SDR, 128 bit",80 MHz,60 MHz,2 / 0 / 2 / 2,"Aug 27th, 1998",baraazaid/cpu-and-gpu-stats
f0eae779a742ebcced05,Rage 128 GL PCI,Rage 4,1998-08-27,PCI,0.03125,,103.0,103.0,,,,True,"32 MB, SDR, 128 bit",103 MHz,103 MHz,2 / 0 / 2 / 2,"Aug 27th, 1998",baraazaid/cpu-and-gpu-stats
4dda09970ac7a8e4568c,Rage 128 PRO,Rage 4 PRO,1999-08-01,AGP 4x,0.03125,,118.0,143.0,,,,True,"32 MB, SDR, 128 bit",118 MHz,143 MHz,2 / 0 / 2 / 2,"Aug 1st, 1999",baraazaid/cpu-and-gpu-stats
aed1f5c33180fdd436cd,Rage 128 PRO Ultra,Rage 4 PRO,1999-08-01,AGP 4x,0.03125,,130.0,130.0,,,,True,"32 MB, SDR, 64 bit",130 MHz,130 MHz,2 / 0 / 2 / 2,"Aug 1st, 1999",baraazaid/cpu-and-gpu-stats
cf94a3077ad3d787f9f3,Rage 128 PRO Ultra GL,Rage 4,1998-08-01,AGP 4x,0.015625,,130.0,130.0,,,,True,"16 MB, DDR, 64 bit",130 MHz,130 MHz,2 / 0 / 2 / 2,"Aug 1st, 1998",baraazaid/cpu-and-gpu-stats
d12b58801ee04011a3f4,Rage 128 Ultra,Rage 4,1999-08-01,AGP 4x,0.015625,,130.0,130.0,,,,True,"16 MB, DDR, 64 bit",130 MHz,130 MHz,2 / 0 / 2 / 2,"Aug 1st, 1999",baraazaid/cpu-and-gpu-stats
b31d665d4c8b612bfc23,Rage 128 VR AGP,Rage 4,1998-08-01,AGP 2x,0.03125,,80.0,125.0,,,,True,"32 MB, DDR, 64 bit",80 MHz,125 MHz,2 / 0 / 2 / 2,"Aug 1st, 1998",baraazaid/cpu-and-gpu-stats
f6134145c63de5af2e5a,Rage 128 VR PCI,Rage 4,1998-08-01,PCI,0.03125,,80.0,125.0,,,,True,"32 MB, DDR, 64 bit",80 MHz,125 MHz,2 / 0 / 2 / 2,"Aug 1st, 1998",baraazaid/cpu-and-gpu-stats
179d876e6e391a8ad22a,Rage Fury,Rage 4,1999-08-01,AGP 2x,0.03125,,80.0,120.0,,,,True,"32 MB, SDR, 128 bit",80 MHz,120 MHz,2 / 0 / 2 / 2,"Aug 1st, 1999",baraazaid/cpu-and-gpu-stats
a38b1eaa76151f4d7709,Rage Fury MAXX,Rage 4,1999-10-01,AGP 4x,0.03125,,125.0,143.0,,,,True,"32 MB, SDR, 128 bit",125 MHz,143 MHz,2 / 0 / 2 / 2,"Oct 1st, 1999",baraazaid/cpu-and-gpu-stats
d0d9577635e5b2e10e3c,Rage LT PRO AGP,Mach64 LT,1997-11-01,AGP 2x,0.0078125,,75.0,100.0,,,,True,"8 MB, SDR, 64 bit",75 MHz,100 MHz,1 / 0 / 1 / 1,"Nov 1st, 1997",baraazaid/cpu-and-gpu-stats
3a9ae647b130dbf76a05,Rage Mobility 128,M3,1999-10-01,AGP 2x,0.015625,,105.0,105.0,,,,True,"16 MB, SDR, 64 bit",105 MHz,105 MHz,2 / 0 / 2 / 2,"Oct 1st, 1999",baraazaid/cpu-and-gpu-stats
7d96217e46b2783fdfb5,Rage Mobility 128,M4,1999-10-01,AGP 4x,0.015625,,105.0,105.0,,,,True,"16 MB, DDR, 64 bit",105 MHz,105 MHz,2 / 0 / 2 / 2,"Oct 1st, 1999",baraazaid/cpu-and-gpu-stats
23c6ef01c4280588a275,Rage Mobility-CL,Rage Mobility,1999-02-01,AGP 2x,0.0078125,,75.0,70.0,,,,True,"8 MB, SDR, 64 bit",75 MHz,70 MHz,1 / 0 / 1 / 1,"Feb 1st, 1999",baraazaid/cpu-and-gpu-stats
09752a7624b2736a48c2,Rage Mobility-M,Rage Mobility,1999-02-01,AGP 2x,0.00390625,,75.0,70.0,,,,True,"4 MB, SDR, 64 bit",75 MHz,70 MHz,1 / 0 / 1 / 1,"Feb 1st, 1999",baraazaid/cpu-and-gpu-stats
a50e82e1bfee2e7a58b9,Rage Mobility-M1,M1,1999-02-01,AGP 2x,0.0078125,,83.0,125.0,,,,True,"8 MB, SDR, 64 bit",83 MHz,125 MHz,2 / 0 / 2 / 2,"Feb 1st, 1999",baraazaid/cpu-and-gpu-stats
05a5d28d9b1e0d3e333c,Rage Mobility-M3,M3,1999-10-01,AGP 2x,0.0078125,,105.0,105.0,,,,True,"8 MB, SDR, 64 bit",105 MHz,105 MHz,2 / 0 / 2 / 2,"Oct 1st, 1999",baraazaid/cpu-and-gpu-stats
6f86ffc67bcc851c15f8,Rage Mobility-M4,M4,1999-10-01,AGP 4x,0.015625,,105.0,105.0,,,,True,"16 MB, SDR, 64 bit",105 MHz,105 MHz,2 / 0 / 2 / 2,"Oct 1st, 1999",baraazaid/cpu-and-gpu-stats
3df8b4ff22bc210101dd,Rage Mobility-P,Rage Mobility,1999-02-01,AGP 2x,0.0078125,,75.0,70.0,,,,True,"8 MB, SDR, 64 bit",75 MHz,70 MHz,1 / 0 / 1 / 1,"Feb 1st, 1999",baraazaid/cpu-and-gpu-stats
a4a190e6fe022650ca7b,Rage PRO Turbo AGP,Rage 3 Turbo,1997-03-01,AGP 2x,0.00390625,,75.0,75.0,,,,True,"4 MB, SDR, 64 bit",75 MHz,75 MHz,1 / 0 / 1 / 1,"Mar 1st, 1997",baraazaid/cpu-and-gpu-stats
d5d2a7648729495a3a2c,Rage PRO Turbo PCI,Rage 3 Turbo,1997-03-01,PCI,0.0078125,,75.0,75.0,,,,True,"8 MB, SDR, 64 bit",75 MHz,75 MHz,1 / 0 / 1 / 1,"Mar 1st, 1997",baraazaid/cpu-and-gpu-stats
5a3aafb6373008f70646,Rage XL PCI,Rage 3,1998-08-01,PCI,0.0078125,,125.0,83.0,,,,True,"8 MB, SDR, 64 bit",125 MHz,83 MHz,1 / 0 / 1 / 1,"Aug 1st, 1998",baraazaid/cpu-and-gpu-stats
a94a37bb0f0c2afe77a3,Rage XL PCI,Rage 3,1999-01-11,PCI,0.0078125,,83.0,83.0,,,,True,"8 MB, SDR, 32 bit",83 MHz,83 MHz,1 / 0 / 1 / 1,"Jan 11th, 1999",baraazaid/cpu-and-gpu-stats
d1a2f1a6b7265a5e7161,Riva 128,NV3,1997-04-01,AGP 2x,0.00390625,,100.0,100.0,,,,True,"4 MB, SDR, 128 bit",100 MHz,100 MHz,1 / 0 / 1 / 1,"Apr 1st, 1997",baraazaid/cpu-and-gpu-stats
72f9535e45507af01be3,Riva 128 PCI,NV3,1997-04-01,PCI,0.00390625,,100.0,100.0,,,,True,"4 MB, SDR, 128 bit",100 MHz,100 MHz,1 / 0 / 1 / 1,"Apr 1st, 1997",baraazaid/cpu-and-gpu-stats
ef6f00ad37afc58540f9,Riva 128ZX,NV3,1998-02-23,AGP 2x,0.0078125,,100.0,100.0,,,,True,"8 MB, SDR, 128 bit",100 MHz,100 MHz,1 / 0 / 1 / 1,"Feb 23rd, 1998",baraazaid/cpu-and-gpu-stats
3a696837e2f066d59cb6,Riva TNT,NV4,1998-03-23,AGP 2x,0.015625,,90.0,110.0,,,,True,"16 MB, SDR, 128 bit",90 MHz,110 MHz,2 / 0 / 2 / 2,"Mar 23rd, 1998",baraazaid/cpu-and-gpu-stats
1d580490666c42d89958,Riva TNT2 M64,NV5B,1999-10-12,AGP 4x,0.015625,,125.0,143.0,,,,True,"16 MB, SDR, 64 bit",125 MHz,143 MHz,2 / 0 / 2 / 2,"Oct 12th, 1999",baraazaid/cpu-and-gpu-stats
8c9846908d21c069552f,Riva TNT2 M64 Vanta,NV5B,1999-03-22,AGP 4x,0.015625,,100.0,133.0,,,,True,"16 MB, SDR, 64 bit",100 MHz,133 MHz,2 / 0 / 2 / 2,"Mar 22nd, 1999",baraazaid/cpu-and-gpu-stats
05d668d52f462bf913f6,Riva TNT2 M64 Vanta-16,NV5B,1999-03-22,AGP 4x,0.015625,,100.0,133.0,,,,True,"16 MB, SDR, 64 bit",100 MHz,133 MHz,2 / 0 / 2 / 2,"Mar 22nd, 1999",baraazaid/cpu-and-gpu-stats
b289565bde05cf2be6aa,Riva TNT2 PRO,NV5B,1999-10-12,AGP 4x,0.03125,,143.0,167.0,,,,True,"32 MB, SDR, 128 bit",143 MHz,167 MHz,2 / 0 / 2 / 2,"Oct 12th, 1999",baraazaid/cpu-and-gpu-stats
7dfa3d83273078ec4119,Riva TNT2 Ultra,NV5B,1999-03-15,AGP 4x,0.03125,,150.0,183.0,,,,True,"32 MB, SDR, 128 bit",150 MHz,183 MHz,2 / 0 / 2 / 2,"Mar 15th, 1999",baraazaid/cpu-and-gpu-stats
acaee36b8808c78cf160,STG-2000,NV1,1995-09-30,PCI,0.0009765625,,75.0,50.0,,,,True,"1 MB, FPM, 64 bit",75 MHz,50 MHz,1 / 0 / 1 / 1,"Sep 30th, 1995",baraazaid/cpu-and-gpu-stats
2ec63647243e0ebbe3d1,Spectre 1000,Rampage,,AGP 4x,0.0625,,200.0,200.0,,,,True,"64 MB, DDR, 128 bit",200 MHz,200 MHz,4 / 0 / 4 / 4,Never Released,baraazaid/cpu-and-gpu-stats
7e76e338eb06f4a23450,Spectre 2000,Rampage,,AGP 4x,0.0625,,200.0,200.0,,,,True,"64 MB, DDR, 128 bit",200 MHz,200 MHz,4 / 1 / 4 / 4,Never Released,baraazaid/cpu-and-gpu-stats
6ab26fe3889dc0cd49f5,Spectre 3000,Rampage,,AGP 4x,0.0625,,200.0,200.0,,,,True,"64 MB, DDR, 128 bit",200 MHz,200 MHz,4 / 1 / 4 / 4,Never Released,baraazaid/cpu-and-gpu-stats
02da70d8697d27ebeaa1,Steam Deck GPU,Van Gogh,2022-02-25,IGP,16.0,,1000.0,1375.0,512,32,16,True,"16 GB, LPDDR5, 128 bit",1000 MHz,1375 MHz,512 / 32 / 16,"Feb 25th, 2022",baraazaid/cpu-and-gpu-stats
80eafe4bfaffde5831db,Stream Processor,R580,2006-01-01,PCIe 1.0 x16,1.0,GDDR3,594.0,648.0,,,,True,"1024 MB, GDDR3, 256 bit",594 MHz,648 MHz,48 / 8 / 16 / 16,2006,baraazaid/cpu-and-gpu-stats
0de87d2f9041aea5b0d6,T1000,TU117,2021-05-06,PCIe 3.0 x16,4.0,GDDR6,1065.0,1250.0,896,56,32,True,"4 GB, GDDR6, 128 bit",1065 MHz,1250 MHz,896 / 56 / 32,"May 6th, 2021",baraazaid/cpu-and-gpu-stats
e296964bb28a1a3181e3,T1000 8 GB,TU117,2021-05-06,PCIe 3.0 x16,8.0,GDDR6,1065.0,1250.0,896,56,32,True,"8 GB, GDDR6, 128 bit",1065 MHz,1250 MHz,896 / 56 / 32,"May 6th, 2021",baraazaid/cpu-and-gpu-stats
aa8dc0ba92a6f3747736,T400,TU117,2021-05-06,PCIe 3.0 x16,2.0,GDDR6,420.0,1250.0,384,24,16,True,"2 GB, GDDR6, 64 bit",420 MHz,1250 MHz,384 / 24 / 16,"May 6th, 2021",baraazaid/cpu-and-gpu-stats
81377e82e8a4994d405b,T400 4 GB,TU117,2021-05-06,PCIe 3.0 x16,4.0,GDDR6,420.0,1250.0,384,24,16,True,"4 GB, GDDR6, 64 bit",420 MHz,1250 MHz,384 / 24 / 16,"May 6th, 2021",baraazaid/cpu-and-gpu-stats
3ec4730478fa2f82a055,T500 Mobile,TU117,2020-12-02,PCIe 3.0 x16,2.0,GDDR6,1365.0,1250.0,896,56,32,True,"2 GB, GDDR6, 64 bit",1365 MHz,1250 MHz,896 / 56 / 32,"Dec 2nd, 2020",baraazaid/cpu-and-gpu-stats
6bda1d7f111fef348cf1,T550 Mobile,TU117,2022-05-01,PCIe 3.0 x16,4.0,GDDR6,1065.0,1500.0,1024,64,32,True,"4 GB, GDDR6, 64 bit",1065 MHz,1500 MHz,1024 / 64 / 32,May 2022,baraazaid/cpu-and-gpu-stats
6f42a74a74ad9ea25148,T600,TU117,2021-04-12,PCIe 3.0 x16,4.0,GDDR6,735.0,1250.0,640,40,32,True,"4 GB, GDDR6, 128 bit",735 MHz,1250 MHz,640 / 40 / 32,"Apr 12th, 2021",baraazaid/cpu-and-gpu-stats
4bee3ea0eb64f8a7b780,T600 Mobile,TU117,2021-04-12,PCIe 3.0 x16,4.0,GDDR6,930.0,1250.0,896,56,32,True,"4 GB, GDDR6, 128 bit",930 MHz,1250 MHz,896 / 56 / 32,"Apr 12th, 2021",baraazaid/cpu-and-gpu-stats
2eedf1ea03d069283162,TITAN RTX,TU102,2018-12-18,PCIe 3.0 x16,24.0,GDDR6,1350.0,1750.0,4608,288,96,True,"24 GB, GDDR6, 384 bit",1350 MHz,1750 MHz,4608 / 288 / 96,"Dec 18th, 2018",baraazaid/cpu-and-gpu-stats
89f21c2fa0759eb50a68,TITAN V CEO Edition,GV100,2018-06-21,PCIe 3.0 x16,32.0,HBM2,1200.0,848.0,5120,320,128,True,"32 GB, HBM2, 4096 bit",1200 MHz,848 MHz,5120 / 320 / 128,"Jun 21st, 2018",baraazaid/cpu-and-gpu-stats
ea15701fffe298d84fb9,TITAN X Pascal,GP102,2016-08-02,PCIe 3.0 x16,12.0,GDDR5X,1417.0,1251.0,3584,224,96,True,"12 GB, GDDR5X, 384 bit",1417 MHz,1251 MHz,3584 / 224 / 96,"Aug 2nd, 2016",baraazaid/cpu-and-gpu-stats
31498c7568d0e3af4a21,Tegra 4 GPU,Wayne,2013-08-01,IGP,,,672.0,,,,,True,System Shared,672 MHz,System Shared,48 / 24 / 4 / 4,"Aug 1st, 2013",baraazaid/cpu-and-gpu-stats
3eeac0e2f3a67845c0e8,Tegra 4i GPU,Wayne,2013-02-19,IGP,,,660.0,,,,,True,System Shared,660 MHz,System Shared,48 / 12 / 2 / 2,"Feb 19th, 2013",baraazaid/cpu-and-gpu-stats
b3411c3cb6af77749b1c,Tesla C870,G80,2007-05-02,PCIe 1.0 x16,1.5,GDDR3,600.0,800.0,128,32,24,True,"1536 MB, GDDR3, 384 bit",600 MHz,800 MHz,128 / 32 / 24,"May 2nd, 2007",baraazaid/cpu-and-gpu-stats
076562d2c1033ee0f971,Tesla D870,G80,2007-05-02,PCIe 1.0 x16,1.5,GDDR3,600.0,800.0,128,32,24,True,"1536 MB, GDDR3, 384 bit",600 MHz,800 MHz,128 / 32 / 24,"May 2nd, 2007",baraazaid/cpu-and-gpu-stats
02fb7bc84de8f720d593,Tesla K10,GK104,2012-05-01,PCIe 3.0 x16,4.0,GDDR5,745.0,1250.0,1536,128,32,True,"4 GB, GDDR5, 256 bit",745 MHz,1250 MHz,1536 / 128 / 32,"May 1st, 2012",baraazaid/cpu-and-gpu-stats
ecae7ce299c388fe3591,Tesla K20X,GK110,2012-11-12,PCIe 3.0 x16,6.0,GDDR5,732.0,1300.0,2688,224,48,True,"6 GB, GDDR5, 384 bit",732 MHz,1300 MHz,2688 / 224 / 48,"Nov 12th, 2012",baraazaid/cpu-and-gpu-stats
37539910ad52e3321fb9,Tesla K20Xm,GK110,2012-11-12,PCIe 3.0 x16,6.0,GDDR5,732.0,1300.0,2688,224,48,True,"6 GB, GDDR5, 384 bit",732 MHz,1300 MHz,2688 / 224 / 48,"Nov 12th, 2012",baraazaid/cpu-and-gpu-stats
35efe18f52bae1567529,Tesla K20c,GK110,2012-11-12,PCIe 2.0 x16,5.0,GDDR5,706.0,1300.0,2496,208,40,True,"5 GB, GDDR5, 320 bit",706 MHz,1300 MHz,2496 / 208 / 40,"Nov 12th, 2012",baraazaid/cpu-and-gpu-stats
a6e076716a8753fc0590,Tesla K20m,GK110,2013-01-05,PCIe 2.0 x16,5.0,GDDR5,706.0,1300.0,2496,208,40,True,"5 GB, GDDR5, 320 bit",706 MHz,1300 MHz,2496 / 208 / 40,"Jan 5th, 2013",baraazaid/cpu-and-gpu-stats
70a51cd4df509c952e35,Tesla K20s,GK110,2013-02-18,PCIe 2.0 x16,5.0,GDDR5,575.0,1300.0,2496,208,40,True,"5 GB, GDDR5, 320 bit",575 MHz,1300 MHz,2496 / 208 / 40,"Feb 18th, 2013",baraazaid/cpu-and-gpu-stats
8428ba88623b634de7e3,Tesla K40c,GK180,2013-10-08,PCIe 3.0 x16,12.0,GDDR5,745.0,1502.0,2880,240,48,True,"12 GB, GDDR5, 384 bit",745 MHz,1502 MHz,2880 / 240 / 48,"Oct 8th, 2013",baraazaid/cpu-and-gpu-stats
5c9dd8317d5b3bddabf8,Tesla K40d,GK110B,2013-11-22,PCIe 3.0 x16,12.0,GDDR5,745.0,1502.0,2880,240,48,True,"12 GB, GDDR5, 384 bit",745 MHz,1502 MHz,2880 / 240 / 48,"Nov 22nd, 2013",baraazaid/cpu-and-gpu-stats
7ae2284159b633201be6,Tesla K40m,GK110B,2013-11-22,PCIe 3.0 x16,12.0,GDDR5,745.0,1502.0,2880,240,48,True,"12 GB, GDDR5, 384 bit",745 MHz,1502 MHz,2880 / 240 / 48,"Nov 22nd, 2013",baraazaid/cpu-and-gpu-stats
9c06368b52c646e31028,Tesla K40s,GK110B,2013-11-22,PCIe 3.0 x16,12.0,GDDR5,745.0,1502.0,2880,240,48,True,"12 GB, GDDR5, 384 bit",745 MHz,1502 MHz,2880 / 240 / 48,"Nov 22nd, 2013",baraazaid/cpu-and-gpu-stats
4574455e7b5ae3ef3132,Tesla K40st,GK110B,2013-11-22,PCIe 3.0 x16,12.0,GDDR5,575.0,1502.0,2880,240,48,True,"12 GB, GDDR5, 384 bit",575 MHz,1502 MHz,2880 / 240 / 48,"Nov 22nd, 2013",baraazaid/cpu-and-gpu-stats
e18cae56bc3eea4b599d,Tesla K40t,GK110B,2013-11-22,PCIe 3.0 x16,12.0,GDDR5,745.0,1502.0,2880,240,48,True,"12 GB, GDDR5, 384 bit",745 MHz,1502 MHz,2880 / 240 / 48,"Nov 22nd, 2013",baraazaid/cpu-and-gpu-stats
b8157f976e9d78ec670d,Tesla K8,GK104,2014-09-16,PCIe 2.0 x16,8.0,GDDR5,693.0,1250.0,1536,128,32,True,"8 GB, GDDR5, 256 bit",693 MHz,1250 MHz,1536 / 128 / 32,"Sep 16th, 2014",baraazaid/cpu-and-gpu-stats
ef3289868a2be1cf171c,Tesla K80,GK210,2014-11-17,PCIe 3.0 x16,12.0,GDDR5,562.0,1253.0,2496,208,48,True,"12 GB, GDDR5, 384 bit",562 MHz,1253 MHz,2496 / 208 / 48,"Nov 17th, 2014",baraazaid/cpu-and-gpu-stats
79b92a84cf162557514c,Tesla M10,GM107,2016-05-18,PCIe 3.0 x16,8.0,GDDR5,1033.0,1300.0,640,40,16,True,"8 GB, GDDR5, 128 bit",1033 MHz,1300 MHz,640 / 40 / 16,"May 18th, 2016",baraazaid/cpu-and-gpu-stats
3dd1f5bec8f4ef47082c,Tesla M1060,GT200B,2008-06-01,PCIe 2.0 x16,2.0,GDDR3,610.0,800.0,240,80,32,True,"2 GB, GDDR3, 512 bit",610 MHz,800 MHz,240 / 80 / 32,"Jun 1st, 2008",baraazaid/cpu-and-gpu-stats
184bba7ce0baa5dda1d3,Tesla M4,GM206,2015-11-10,PCIe 3.0 x16,4.0,GDDR5,872.0,1375.0,1024,64,32,True,"4 GB, GDDR5, 128 bit",872 MHz,1375 MHz,1024 / 64 / 32,"Nov 10th, 2015",baraazaid/cpu-and-gpu-stats
80c5542b985177cccc21,Tesla M40,GM200,2015-11-10,PCIe 3.0 x16,12.0,GDDR5,948.0,1502.0,3072,192,96,True,"12 GB, GDDR5, 384 bit",948 MHz,1502 MHz,3072 / 192 / 96,"Nov 10th, 2015",baraazaid/cpu-and-gpu-stats
01465f2d0290a9a466ec,Tesla M40 24 GB,GM200,2015-11-10,PCIe 3.0 x16,24.0,GDDR5,948.0,1502.0,3072,192,96,True,"24 GB, GDDR5, 384 bit",948 MHz,1502 MHz,3072 / 192 / 96,"Nov 10th, 2015",baraazaid/cpu-and-gpu-stats
ce1f40261d4e90f88ea9,Tesla M6,GM204,2015-08-30,PCIe 3.0 x16,8.0,GDDR5,930.0,1253.0,1536,96,64,True,"8 GB, GDDR5, 256 bit",930 MHz,1253 MHz,1536 / 96 / 64,"Aug 30th, 2015",baraazaid/cpu-and-gpu-stats
121a3aa0fd467e2492c1,Tesla M60,GM204,2015-08-30,PCIe 3.0 x16,8.0,GDDR5,557.0,1253.0,2048,128,64,True,"8 GB, GDDR5, 256 bit",557 MHz,1253 MHz,2048 / 128 / 64,"Aug 30th, 2015",baraazaid/cpu-and-gpu-stats
49785bf14b7d1a7f08dd,Tesla P10,GP102,2016-09-13,PCIe 3.0 x16,24.0,GDDR5X,1025.0,1808.0,3840,240,96,True,"24 GB, GDDR5X, 384 bit",1025 MHz,1808 MHz,3840 / 240 / 96,"Sep 13th, 2016",baraazaid/cpu-and-gpu-stats
60800f8f9aa026d5bee1,Tesla P100 DGXS,GP100,2016-04-05,PCIe 3.0 x16,16.0,HBM2,1328.0,715.0,3584,224,96,True,"16 GB, HBM2, 4096 bit",1328 MHz,715 MHz,3584 / 224 / 96,"Apr 5th, 2016",baraazaid/cpu-and-gpu-stats
53a61d90239fe545bca0,Tesla P100 PCIe 12 GB,GP100,2016-06-20,PCIe 3.0 x16,12.0,HBM2,1190.0,715.0,3584,224,96,True,"12 GB, HBM2, 3072 bit",1190 MHz,715 MHz,3584 / 224 / 96,"Jun 20th, 2016",baraazaid/cpu-and-gpu-stats
42e98bd17c01261dacc3,Tesla P100 PCIe 16 GB,GP100,2016-06-20,PCIe 3.0 x16,16.0,HBM2,1190.0,715.0,3584,224,96,True,"16 GB, HBM2, 4096 bit",1190 MHz,715 MHz,3584 / 224 / 96,"Jun 20th, 2016",baraazaid/cpu-and-gpu-stats
521c552ab6fbde8e1bcf,Tesla P100 SXM2,GP100,2016-04-05,PCIe 3.0 x16,16.0,HBM2,1328.0,715.0,3584,224,96,True,"16 GB, HBM2, 4096 bit",1328 MHz,715 MHz,3584 / 224 / 96,"Apr 5th, 2016",baraazaid/cpu-and-gpu-stats
12f44bd619e64dbb1ece,Tesla P4,GP104,2016-09-13,PCIe 3.0 x16,8.0,GDDR5,886.0,1502.0,2560,160,64,True,"8 GB, GDDR5, 256 bit",886 MHz,1502 MHz,2560 / 160 / 64,"Sep 13th, 2016",baraazaid/cpu-and-gpu-stats
98208d54797079970e5c,Tesla P40,GP102,2016-09-13,PCIe 3.0 x16,24.0,GDDR5X,1303.0,1808.0,3840,240,96,True,"24 GB, GDDR5X, 384 bit",1303 MHz,1808 MHz,3840 / 240 / 96,"Sep 13th, 2016",baraazaid/cpu-and-gpu-stats
13f88e12052c9b2ead06,Tesla S1070,GT200B,2008-06-01,PCIe 2.0 x16,4.0,GDDR3,610.0,800.0,240,80,32,True,"4 GB, GDDR3, 512 bit",610 MHz,800 MHz,240 / 80 / 32,"Jun 1st, 2008",baraazaid/cpu-and-gpu-stats
778740363d9b56437766,Tesla S1075,GT200B,2008-06-01,PCIe 2.0 x16,4.0,GDDR3,610.0,800.0,240,80,32,True,"4 GB, GDDR3, 512 bit",610 MHz,800 MHz,240 / 80 / 32,"Jun 1st, 2008",baraazaid/cpu-and-gpu-stats
1bbb4415e11d63c42915,Tesla S870,G80,2007-05-02,PCIe 1.0 x16,1.5,GDDR3,600.0,800.0,128,32,24,True,"1536 MB, GDDR3, 384 bit",600 MHz,800 MHz,128 / 32 / 24,"May 2nd, 2007",baraazaid/cpu-and-gpu-stats
579794da222449e1a4d6,Tesla T10,TU102,,PCIe 3.0 x16,24.0,GDDR6,1305.0,1625.0,4608,288,96,True,"24 GB, GDDR6, 384 bit",1305 MHz,1625 MHz,4608 / 288 / 96,Unknown,baraazaid/cpu-and-gpu-stats
13adcc097ad5f5a895be,Tesla T4,TU104,2018-09-13,PCIe 3.0 x16,16.0,GDDR6,585.0,1250.0,2560,160,64,True,"16 GB, GDDR6, 256 bit",585 MHz,1250 MHz,2560 / 160 / 64,"Sep 13th, 2018",baraazaid/cpu-and-gpu-stats
002969038047912fe5db,Tesla V100 DGXS 16 GB,GV100,2018-03-27,PCIe 3.0 x16,16.0,HBM2,1354.0,876.0,5120,320,128,True,"16 GB, HBM2, 4096 bit",1354 MHz,876 MHz,5120 / 320 / 128,"Mar 27th, 2018",baraazaid/cpu-and-gpu-stats
dcabd2ad0dcb72009500,Tesla V100 DGXS 32 GB,GV100,2018-03-27,PCIe 3.0 x16,32.0,HBM2,1297.0,876.0,5120,320,128,True,"32 GB, HBM2, 4096 bit",1297 MHz,876 MHz,5120 / 320 / 128,"Mar 27th, 2018",baraazaid/cpu-and-gpu-stats
5b5678df55fe3ee9d945,Tesla V100 FHHL,GV100,2018-03-27,PCIe 3.0 x16,16.0,HBM2,937.0,808.0,5120,320,128,True,"16 GB, HBM2, 4096 bit",937 MHz,808 MHz,5120 / 320 / 128,"Mar 27th, 2018",baraazaid/cpu-and-gpu-stats
cf2a68cb657b50f6d738,Tesla V100 PCIe 32 GB,GV100,2018-03-27,PCIe 3.0 x16,32.0,HBM2,1230.0,876.0,5120,320,128,True,"32 GB, HBM2, 4096 bit",1230 MHz,876 MHz,5120 / 320 / 128,"Mar 27th, 2018",baraazaid/cpu-and-gpu-stats
f29439a7af565bcc7023,Tesla V100 SXM2 32 GB,GV100,2018-03-27,PCIe 3.0 x16,32.0,HBM2,1290.0,877.0,5120,320,128,True,"32 GB, HBM2, 4096 bit",1290 MHz,877 MHz,5120 / 320 / 128,"Mar 27th, 2018",baraazaid/cpu-and-gpu-stats
b049249758e69784926d,Tesla V100 SXM3 32 GB,GV100,2018-03-27,PCIe 3.0 x16,32.0,HBM2,1380.0,958.0,5120,320,128,True,"32 GB, HBM2, 4096 bit",1380 MHz,958 MHz,5120 / 320 / 128,"Mar 27th, 2018",baraazaid/cpu-and-gpu-stats
ef2231275cf86ce3a041,UHD Graphics,Rocket Lake GT1,2021-01-01,Ring Bus,,,300.0,,128,8,8,True,System Shared,300 MHz,System Shared,128 / 8 / 8,2021,baraazaid/cpu-and-gpu-stats
b7038da721f62208ff47,UHD Graphics,Tiger Lake GT1,2021-01-01,Ring Bus,,,350.0,,256,16,8,True,System Shared,350 MHz,System Shared,256 / 16 / 8,2021,baraazaid/cpu-and-gpu-stats
a65b0d087c1285ad6c75,UHD Graphics 16EU,Jasper Lake GT1,2021-01-11,Ring Bus,,,350.0,,128,8,4,True,System Shared,350 MHz,System Shared,128 / 8 / 4,"Jan 11th, 2021",baraazaid/cpu-and-gpu-stats
c8e1f152b255ddd300e7,UHD Graphics 24EU,Jasper Lake GT1,2021-01-11,Ring Bus,,,350.0,,192,12,6,True,System Shared,350 MHz,System Shared,192 / 12 / 6,"Jan 11th, 2021",baraazaid/cpu-and-gpu-stats
18f8da4e4b65f1fb1245,UHD Graphics 32EU,Jasper Lake GT1,2021-01-11,Ring Bus,,,350.0,,256,16,8,True,System Shared,350 MHz,System Shared,256 / 16 / 8,"Jan 11th, 2021",baraazaid/cpu-and-gpu-stats
6d48894bea47708223dd,UHD Graphics 48EU,Alder Lake GT1,2022-01-04,Ring Bus,,,300.0,,384,24,12,True,System Shared,300 MHz,System Shared,384 / 24 / 12,"Jan 4th, 2022",baraazaid/cpu-and-gpu-stats
045f18924c58f36d31f3,UHD Graphics 610,Coffee Lake GT1,2018-04-03,Ring Bus,,,350.0,,96,12,2,True,System Shared,350 MHz,System Shared,96 / 12 / 2,"Apr 3rd, 2018",baraazaid/cpu-and-gpu-stats
1b01c5d195850501dfa2,UHD Graphics 610,Coffee Lake GT1,2018-04-03,Ring Bus,,,300.0,,96,12,2,True,System Shared,300 MHz,System Shared,96 / 12 / 2,"Apr 3rd, 2018",baraazaid/cpu-and-gpu-stats
557ba767fcadf024fc7f,UHD Graphics 610,Comet Lake GT1,2020-04-30,Ring Bus,,,350.0,,96,12,2,True,System Shared,350 MHz,System Shared,96 / 12 / 2,"Apr 30th, 2020",baraazaid/cpu-and-gpu-stats
e5fc0f1cd1d70d3dc857,UHD Graphics 615,Amber Lake GT2,2018-11-07,Ring Bus,,,300.0,,192,24,3,True,System Shared,300 MHz,System Shared,192 / 24 / 3,"Nov 7th, 2018",baraazaid/cpu-and-gpu-stats
c7a683c684c88b8b1e80,UHD Graphics 617,Amber Lake GT2,2018-11-07,Ring Bus,,,300.0,,192,24,3,True,System Shared,300 MHz,System Shared,192 / 24 / 3,"Nov 7th, 2018",baraazaid/cpu-and-gpu-stats
91d858441e5e6dfac7ed,UHD Graphics 620,Whiskey Lake GT2,2018-08-28,Ring Bus,,,300.0,,192,24,3,True,System Shared,300 MHz,System Shared,192 / 24 / 3,"Aug 28th, 2018",baraazaid/cpu-and-gpu-stats
85b98da791a77cc3b36c,UHD Graphics 630,Coffee Lake GT2,2018-04-03,Ring Bus,,,350.0,,192,24,3,True,System Shared,350 MHz,System Shared,192 / 24 / 3,"Apr 3rd, 2018",baraazaid/cpu-and-gpu-stats
454d07e40eeef66113d4,UHD Graphics 630,Comet Lake GT2,2020-04-30,Ring Bus,,,350.0,,184,23,3,True,System Shared,350 MHz,System Shared,184 / 23 / 3,"Apr 30th, 2020",baraazaid/cpu-and-gpu-stats
063b05c1b4a15d7673d1,UHD Graphics 630,Comet Lake GT2,2020-04-30,Ring Bus,,,350.0,,192,24,3,True,System Shared,350 MHz,System Shared,192 / 24 / 3,"Apr 30th, 2020",baraazaid/cpu-and-gpu-stats
5d7f96d7e4e21b85dec7,UHD Graphics 64EU,Alder Lake GT1,2022-01-04,Ring Bus,,,300.0,,512,32,16,True,System Shared,300 MHz,System Shared,512 / 32 / 16,"Jan 4th, 2022",baraazaid/cpu-and-gpu-stats
e33703c887114f91bcbf,UHD Graphics 710,Alder Lake GT1,2022-01-04,Ring Bus,,,300.0,,128,8,8,True,System Shared,300 MHz,System Shared,128 / 8 / 8,"Jan 4th, 2022",baraazaid/cpu-and-gpu-stats
fb8dbc6f1867bb13a957,UHD Graphics 730,Rocket Lake GT1,2021-03-30,Ring Bus,,,300.0,,192,12,8,True,System Shared,300 MHz,System Shared,192 / 12 / 8,"Mar 30th, 2021",baraazaid/cpu-and-gpu-stats
9479dda73c7fee53a622,UHD Graphics 730,Alder Lake GT1,2022-01-04,Ring Bus,,,300.0,,192,12,8,True,System Shared,300 MHz,System Shared,192 / 12 / 8,"Jan 4th, 2022",baraazaid/cpu-and-gpu-stats
add75c23e549c85b5212,UHD Graphics 750,Rocket Lake GT1,2021-03-30,Ring Bus,,,300.0,,256,16,8,True,System Shared,300 MHz,System Shared,256 / 16 / 8,"Mar 30th, 2021",baraazaid/cpu-and-gpu-stats
8eef893b455a496e1c3b,UHD Graphics 770,Alder Lake GT1,2021-11-04,Ring Bus,,,300.0,,256,16,8,True,System Shared,300 MHz,System Shared,256 / 16 / 8,"Nov 4th, 2021",baraazaid/cpu-and-gpu-stats
a3bb4ea3f84ae0bbf85a,UHD Graphics 770,Raptor Lake GT1,2022-09-27,Ring Bus,,,300.0,,256,16,8,True,System Shared,300 MHz,System Shared,256 / 16 / 8,"Sep 27th, 2022",baraazaid/cpu-and-gpu-stats
4d05bd25bf5011cc82c1,UHD Graphics G4,Lakefield GT1,2020-05-28,Ring Bus,,,200.0,,384,32,8,True,System Shared,200 MHz,System Shared,384 / 32 / 8,"May 28th, 2020",baraazaid/cpu-and-gpu-stats
52653467d4090e38a202,UHD Graphics G7,Lakefield GT2,2020-05-28,Ring Bus,,,200.0,,512,32,8,True,System Shared,200 MHz,System Shared,512 / 32 / 8,"May 28th, 2020",baraazaid/cpu-and-gpu-stats
aa88258f0f54f4b1a43b,UHD Graphics P630,Coffee Lake GT2,2018-05-24,Ring Bus,,,350.0,,192,24,3,True,System Shared,350 MHz,System Shared,192 / 24 / 3,"May 24th, 2018",baraazaid/cpu-and-gpu-stats
78a97d2c7d80e7fda0c6,UHD Graphics P630,Comet Lake GT2,2020-05-13,Ring Bus,,,350.0,,192,24,3,True,System Shared,350 MHz,System Shared,192 / 24 / 3,"May 13th, 2020",baraazaid/cpu-and-gpu-stats
8518bea29d41fc789744,UHD Graphics P750,Rocket Lake GT1,2021-01-01,Ring Bus,,,300.0,,256,64,32,True,System Shared,300 MHz,System Shared,256 / 64 / 32,2021,baraazaid/cpu-and-gpu-stats
42bf7378a66bc6c163a6,VGA Improved Performance,16899-0,1987-09-28,PCI,0.000244140625,DRAM,10.0,10.0,,,,True,"256 KB, DRAM, 32 bit",10 MHz,10 MHz,1 / 0 / 0 / 1,"Sep 28th, 1987",baraazaid/cpu-and-gpu-stats
cffc7449230eea4821f3,VGA Wonder,18800-1,1990-02-05,PCI,0.000244140625,DRAM,10.0,10.0,,,,True,"256 KB, DRAM, 32 bit",10 MHz,10 MHz,1 / 0 / 0 / 1,"Feb 5th, 1990",baraazaid/cpu-and-gpu-stats
b0eb90e6230e49118168,VGA Wonder XL24,28800-6,1992-03-16,PCI,0.0009765625,DRAM,10.0,10.0,,,,True,"1 MB, DRAM, 32 bit",10 MHz,10 MHz,1 / 0 / 0 / 1,"Mar 16th, 1992",baraazaid/cpu-and-gpu-stats
380ed4dbaf8bed8c3668,VGA Wonder+,28800-5,1990-11-01,PCI,0.00048828125,DRAM,10.0,10.0,,,,True,"512 KB, DRAM, 32 bit",10 MHz,10 MHz,1 / 0 / 0 / 1,"Nov 1st, 1990",baraazaid/cpu-and-gpu-stats
41679a7e6d2a842f7f23,Vanta LT,NV5B,2000-03-01,AGP 2x,0.0078125,,105.0,100.0,,,,True,"8 MB, SDR, 64 bit",105 MHz,100 MHz,2 / 0 / 2 / 2,"Mar 1st, 2000",baraazaid/cpu-and-gpu-stats
f315f7d4085d49dc4639,Velocity 100,Avenger,1999-07-26,AGP 2x,0.0078125,,143.0,143.0,,,,True,"8 MB, SDR, 128 bit",143 MHz,143 MHz,1 / 0 / 2 / 1,"Jul 26th, 1999",baraazaid/cpu-and-gpu-stats
2b5569108610366c274a,Velocity 200,Avenger,,AGP 2x,0.01171875,,143.0,143.0,,,,True,"12 MB, SDR, 128 bit",143 MHz,143 MHz,1 / 0 / 2 / 1,Never Released,baraazaid/cpu-and-gpu-stats
70c72c81e91a275350ae,Video Xpression,Mach64,1995-10-23,PCI,0.0009765625,,62.0,66.0,,,,True,"1 MB, EDO, 64 bit",62 MHz,66 MHz,1 / 0 / 0 / 1,"Oct 23rd, 1995",baraazaid/cpu-and-gpu-stats
00beb2ab768f26b0ad06,Video Xpression,Mach64,1996-05-21,PCI,0.0009765625,,62.0,62.0,,,,True,"1 MB, EDO, 64 bit",62 MHz,62 MHz,1 / 0 / 0 / 1,"May 21st, 1996",baraazaid/cpu-and-gpu-stats
64207389b3801d03758e,Video Xpression+,Mach64,1996-05-01,PCI,0.001953125,,62.0,62.0,,,,True,"2 MB, EDO, 64 bit",62 MHz,62 MHz,1 / 0 / 0 / 1,"May 1st, 1996",baraazaid/cpu-and-gpu-stats
3b17142408d9fb395d52,Volari 8300,XG47,2005-11-01,PCIe 1.0 x16,0.125,,300.0,300.0,,,,True,"128 MB, DDR, 64 bit",300 MHz,300 MHz,4 / 2 / 8 / 4,"Nov 1st, 2005",baraazaid/cpu-and-gpu-stats
55acd50731f251b2be1c,Volari 8600 XT,XG45,,PCIe 1.0 x16,0.25,GDDR3,450.0,450.0,,,,True,"256 MB, GDDR3, 128 bit",450 MHz,450 MHz,8 / 2 / 8 / 4,Never Released,baraazaid/cpu-and-gpu-stats
699aac8de8845d8a1365,Volari Duo V5 Ultra,XG41,2003-09-15,AGP 8x,0.25,,350.0,375.0,,,,True,"256 MB, DDR, 256 bit",350 MHz,375 MHz,2 / 2 / 4 / 2,"Sep 15th, 2003",baraazaid/cpu-and-gpu-stats
ed58e3093a57c0c3c977,Volari Duo V8 Ultra,XG40,2003-09-15,AGP 8x,0.25,,350.0,375.0,,,,True,"256 MB, DDR, 256 bit",350 MHz,375 MHz,4 / 2 / 8 / 4,"Sep 15th, 2003",baraazaid/cpu-and-gpu-stats
0fe92189e393c4ed9d50,Volari Duo V8 Ultra,XG40,2003-09-15,AGP 8x,0.125,DDR2,350.0,500.0,,,,True,"128 MB, DDR2, 128 bit",350 MHz,500 MHz,4 / 2 / 8 / 4,"Sep 15th, 2003",baraazaid/cpu-and-gpu-stats
6af42bc6f8197bc52222,Volari V3,XG42,2003-09-15,AGP 8x,0.125,,200.0,200.0,,,,True,"128 MB, DDR, 128 bit",200 MHz,200 MHz,2 / 1 / 4 / 2,"Sep 15th, 2003",baraazaid/cpu-and-gpu-stats
9a96233fc6d631d36cc5,Volari V3 XT,XG42,2003-09-15,AGP 8x,0.125,,250.0,207.0,,,,True,"128 MB, DDR, 128 bit",250 MHz,207 MHz,2 / 1 / 4 / 2,"Sep 15th, 2003",baraazaid/cpu-and-gpu-stats
cc5b374850a001a58537,Volari V5,XG41,2003-09-15,AGP 8x,0.25,DDR2,325.0,450.0,,,,True,"256 MB, DDR2, 128 bit",325 MHz,450 MHz,2 / 2 / 4 / 2,"Sep 15th, 2003",baraazaid/cpu-and-gpu-stats
ddbb682ede68df23a5c1,Volari V5,XG41,2003-09-15,AGP 8x,0.25,,325.0,325.0,,,,True,"256 MB, DDR, 128 bit",325 MHz,325 MHz,2 / 2 / 4 / 2,"Sep 15th, 2003",baraazaid/cpu-and-gpu-stats
6c3d0eb4fbe58a461ed3,Volari V5 Ultra,XG41,2003-09-15,AGP 8x,0.25,DDR2,350.0,500.0,,,,True,"256 MB, DDR2, 128 bit",350 MHz,500 MHz,2 / 2 / 4 / 2,"Sep 15th, 2003",baraazaid/cpu-and-gpu-stats
f81bc32421e039344e48,Volari V8,XG40,2003-09-15,AGP 8x,0.25,,300.0,325.0,,,,True,"256 MB, DDR, 128 bit",300 MHz,325 MHz,4 / 2 / 8 / 4,"Sep 15th, 2003",baraazaid/cpu-and-gpu-stats
1fd5a22538811f79d8af,Volari V8,XG40,2003-09-15,AGP 8x,0.25,DDR2,300.0,450.0,,,,True,"256 MB, DDR2, 128 bit",300 MHz,450 MHz,4 / 2 / 8 / 4,"Sep 15th, 2003",baraazaid/cpu-and-gpu-stats
08064c7b254bc834518c,Volari V8 Ultra,XG40,2003-09-15,AGP 8x,0.25,DDR2,350.0,500.0,,,,True,"256 MB, DDR2, 128 bit",350 MHz,500 MHz,4 / 2 / 8 / 4,"Sep 15th, 2003",baraazaid/cpu-and-gpu-stats
bb3450f9303bf83a9cce,Volari V8 Ultra,XG40,2003-09-15,AGP 8x,0.25,,350.0,375.0,,,,True,"256 MB, DDR, 128 bit",350 MHz,375 MHz,4 / 2 / 8 / 4,"Sep 15th, 2003",baraazaid/cpu-and-gpu-stats
c9eb223b2cc728e72d6f,Voodoo Banshee AGP 16 MB,Banshee,1998-06-22,AGP 2x,0.015625,,100.0,100.0,,,,True,"16 MB, SDR, 128 bit",100 MHz,100 MHz,1 / 0 / 1 / 1,"Jun 22nd, 1998",baraazaid/cpu-and-gpu-stats
7fb3e640bd82681f2279,Voodoo Banshee PCI 16 MB,Banshee,1998-06-22,PCI,0.015625,,100.0,100.0,,,,True,"16 MB, SDR, 128 bit",100 MHz,100 MHz,1 / 0 / 1 / 1,"Jun 22nd, 1998",baraazaid/cpu-and-gpu-stats
23e1651161ae87029e9c,Voodoo Graphics 4 MB,SST1,1996-10-07,PCI,0.00390625,,50.0,50.0,,,,True,"4 MB, EDO, 128 bit",50 MHz,50 MHz,1 / 0 / 1 / 1,"Oct 7th, 1996",baraazaid/cpu-and-gpu-stats
f5ae6b1a2a129e8fa8cf,Voodoo2 12 MB,SST2,1998-02-02,PCI,0.01171875,,90.0,90.0,,,,True,"12 MB, EDO, 192 bit",90 MHz,90 MHz,1 / 0 / 2 / 1,"Feb 2nd, 1998",baraazaid/cpu-and-gpu-stats
3562cb0ca4a8db17d46c,Voodoo2 8 MB,SST2,1998-02-02,PCI,0.0078125,,90.0,90.0,,,,True,"8 MB, EDO, 192 bit",90 MHz,90 MHz,1 / 0 / 2 / 1,"Feb 2nd, 1998",baraazaid/cpu-and-gpu-stats
a62f67614e46fc40167e,Voodoo3 1000 AGP,Avenger,1999-03-01,AGP 2x,0.015625,,143.0,143.0,,,,True,"16 MB, SDR, 128 bit",143 MHz,143 MHz,1 / 0 / 2 / 1,Mar 1999,baraazaid/cpu-and-gpu-stats
d768a9afead761b8e154,Voodoo3 2000 AGP,Avenger,1999-04-03,AGP 2x,0.015625,,143.0,143.0,,,,True,"16 MB, SDR, 128 bit",143 MHz,143 MHz,1 / 0 / 2 / 1,"Apr 3rd, 1999",baraazaid/cpu-and-gpu-stats
a66741f1cafacfc23a0e,Voodoo3 2000 PCI,Avenger,1999-04-03,PCI,0.015625,,143.0,143.0,,,,True,"16 MB, SDR, 128 bit",143 MHz,143 MHz,1 / 0 / 2 / 1,"Apr 3rd, 1999",baraazaid/cpu-and-gpu-stats
d75a1d98ab254b586e28,Voodoo3 3000 AGP,Avenger,1999-04-03,AGP 2x,0.015625,,166.0,166.0,,,,True,"16 MB, SDR, 128 bit",166 MHz,166 MHz,1 / 0 / 2 / 1,"Apr 3rd, 1999",baraazaid/cpu-and-gpu-stats
87a720e1be96a35d3ba4,Voodoo3 3000 PCI,Avenger,1999-04-03,PCI,0.015625,,166.0,166.0,,,,True,"16 MB, SDR, 128 bit",166 MHz,166 MHz,1 / 0 / 2 / 1,"Apr 3rd, 1999",baraazaid/cpu-and-gpu-stats
13393b1d8ec1967665a4,Voodoo3 3500 TV AGP,Avenger,1999-06-01,AGP 2x,0.015625,,183.0,183.0,,,,True,"16 MB, SDR, 128 bit",183 MHz,183 MHz,1 / 0 / 2 / 1,Jun 1999,baraazaid/cpu-and-gpu-stats
45f5a3599ac22f68d8aa,Voodoo4 4000 AGP,VSA-100,,AGP 4x,0.015625,,166.0,166.0,,,,True,"16 MB, SDR, 128 bit",166 MHz,166 MHz,2 / 0 / 2 / 2,Never Released,baraazaid/cpu-and-gpu-stats
3fb9d04a8f53ddd909c6,Voodoo4 4500 AGP,VSA-100,2000-10-13,AGP 4x,0.03125,,166.0,166.0,,,,True,"32 MB, SDR, 128 bit",166 MHz,166 MHz,2 / 0 / 2 / 2,"Oct 13th, 2000",baraazaid/cpu-and-gpu-stats
1c5906a73741e5303718,Voodoo4 4500 PCI,VSA-100,2000-10-13,PCI,0.03125,,166.0,166.0,,,,True,"32 MB, SDR, 128 bit",166 MHz,166 MHz,2 / 0 / 2 / 2,"Oct 13th, 2000",baraazaid/cpu-and-gpu-stats
7f6df971fd41013f1eed,Voodoo4 4800 AGP,VSA-100,,AGP 4x,0.0625,,166.0,166.0,,,,True,"64 MB, SDR, 128 bit",166 MHz,166 MHz,2 / 0 / 2 / 2,Never Released,baraazaid/cpu-and-gpu-stats
d1ff7965a23b53871a5c,Voodoo4-2 4000 AGP,VSA-101,,AGP 4x,0.015625,,166.0,166.0,,,,True,"16 MB, SDR, 128 bit",166 MHz,166 MHz,2 / 0 / 2 / 2,Never Released,baraazaid/cpu-and-gpu-stats
31a6e5df6c1acf7b9a9a,Voodoo4-2 4200 AGP,VSA-101,,AGP 4x,0.015625,,143.0,143.0,,,,True,"16 MB, DDR, 128 bit",143 MHz,143 MHz,2 / 0 / 2 / 2,Never Released,baraazaid/cpu-and-gpu-stats
349c6f1d3bdee532443e,Voodoo4-2 4200 PCI 16 MB,VSA-101,,AGP 4x,0.015625,,166.0,166.0,,,,True,"16 MB, DDR, 128 bit",166 MHz,166 MHz,2 / 0 / 2 / 2,Never Released,baraazaid/cpu-and-gpu-stats
17a062042a27a117fab6,Voodoo4-2 4200 PCI 32 MB,VSA-101,,AGP 4x,0.03125,,166.0,166.0,,,,True,"32 MB, DDR, 128 bit",166 MHz,166 MHz,2 / 0 / 2 / 2,Never Released,baraazaid/cpu-and-gpu-stats
4d137e24a94603561e98,Voodoo4-2 4800 AGP,VSA-101,,AGP 4x,0.03125,,166.0,166.0,,,,True,"32 MB, SDR, 128 bit",166 MHz,166 MHz,2 / 0 / 2 / 2,Never Released,baraazaid/cpu-and-gpu-stats
9e2a166f5407ab5b1f4f,Voodoo5 5000 AGP,VSA-100,,AGP 4x,0.015625,,166.0,166.0,,,,True,"16 MB, SDR, 128 bit",166 MHz,166 MHz,2 / 0 / 2 / 2,Never Released,baraazaid/cpu-and-gpu-stats
1689c29ebaab95d7dee2,Voodoo5 5000 PCI,VSA-100,,PCI,0.015625,,166.0,166.0,,,,True,"16 MB, SDR, 128 bit",166 MHz,166 MHz,2 / 0 / 2 / 2,Never Released,baraazaid/cpu-and-gpu-stats
e425486a6d81f8e9ff76,Voodoo5 5500 AGP,VSA-100,2000-06-22,AGP 2x,0.03125,,166.0,166.0,,,,True,"32 MB, SDR, 128 bit",166 MHz,166 MHz,2 / 0 / 2 / 2,"Jun 22nd, 2000",baraazaid/cpu-and-gpu-stats
364338b36b36bead7b84,Voodoo5 5500 PCI,VSA-100,2000-06-22,PCI,0.03125,,166.0,166.0,,,,True,"32 MB, SDR, 128 bit",166 MHz,166 MHz,2 / 0 / 2 / 2,"Jun 22nd, 2000",baraazaid/cpu-and-gpu-stats
74b129b27aaa6528ed4f,Voodoo5 6000,VSA-100,,AGP 4x,0.03125,,166.0,166.0,,,,True,"32 MB, SDR, 128 bit",166 MHz,166 MHz,2 / 0 / 2 / 2,Never Released,baraazaid/cpu-and-gpu-stats
6aded61d5e7f0297c286,Wii GPU,Hollywood,2006-11-19,IGP,0.0625,GDDR3,243.0,243.0,,,,True,"64 MB, GDDR3, 64 bit",243 MHz,243 MHz,4 / 1 / 4 / 4,"Nov 19th, 2006",baraazaid/cpu-and-gpu-stats
564521d10e90a1e16bb1,Wii U GPU,Latte,2012-11-18,IGP,2.0,DDR3,550.0,800.0,160,16,8,True,"2 GB, DDR3, 64 bit",550 MHz,800 MHz,160 / 16 / 8,"Nov 18th, 2012",baraazaid/cpu-and-gpu-stats
9af16026a4aaf69a34dc,WinBoost,Mach64,1995-11-01,PCI,0.001953125,,40.0,40.0,,,,True,"2 MB, EDO, 64 bit",40 MHz,40 MHz,1 / 0 / 0 / 1,"Nov 1st, 1995",baraazaid/cpu-and-gpu-stats
558745c060a0b66dd9fe,WinCharger,Mach64,1995-11-01,PCI,0.001953125,,40.0,40.0,,,,True,"2 MB, EDO, 64 bit",40 MHz,40 MHz,1 / 0 / 0 / 1,"Nov 1st, 1995",baraazaid/cpu-and-gpu-stats
d1f6c09dae12b8d3f5dc,WinTurbo,Mach64,1995-01-01,PCI,0.001953125,,40.0,40.0,,,,True,"2 MB, VRAM, 64 bit",40 MHz,40 MHz,1 / 0 / 0 / 1,1995,baraazaid/cpu-and-gpu-stats
4316bbc9f0aa33233326,Xbox 360 E GPU,Xenos Corona,2013-06-10,IGP,0.5,GDDR3,500.0,700.0,240,16,8,True,"512 MB, GDDR3, 128 bit",500 MHz,700 MHz,240 / 16 / 8,"Jun 10th, 2013",baraazaid/cpu-and-gpu-stats
84affba02d127dc86f20,Xbox 360 GPU 65nm,Xenos Jasper,2008-08-01,IGP,0.5,GDDR3,500.0,700.0,240,16,8,True,"512 MB, GDDR3, 128 bit",500 MHz,700 MHz,240 / 16 / 8,"Aug 1st, 2008",baraazaid/cpu-and-gpu-stats
c9dd6b905e88db8ddaea,Xbox 360 GPU 80nm,Xenos Falcon,2007-10-27,IGP,0.5,GDDR3,500.0,700.0,240,16,8,True,"512 MB, GDDR3, 128 bit",500 MHz,700 MHz,240 / 16 / 8,"Oct 27th, 2007",baraazaid/cpu-and-gpu-stats
9d3f63307ec0e88a20ec,Xbox 360 GPU 90nm,Xenos Xenon,2005-11-22,IGP,0.5,GDDR3,500.0,700.0,240,16,8,True,"512 MB, GDDR3, 128 bit",500 MHz,700 MHz,240 / 16 / 8,"Nov 22nd, 2005",baraazaid/cpu-and-gpu-stats
46bc1ae2b73f7886fe73,Xbox 360 S GPU,Xenos Vejle,2010-06-19,IGP,0.5,GDDR3,500.0,700.0,240,16,8,True,"512 MB, GDDR3, 128 bit",500 MHz,700 MHz,240 / 16 / 8,"Jun 19th, 2010",baraazaid/cpu-and-gpu-stats
091d9dfcf0ecb02a3a3a,Xbox GPU,NV2A,2001-11-15,AGP 4x,0.0625,,233.0,200.0,,,,True,"64 MB, DDR, 128 bit",233 MHz,200 MHz,4 / 2 / 8 / 4,"Nov 15th, 2001",baraazaid/cpu-and-gpu-stats
356f99133362cfcb95f4,Xbox One GPU,Durango,2013-11-22,IGP,8.0,DDR3,853.0,1066.0,768,48,16,True,"8 GB, DDR3, 256 bit",853 MHz,1066 MHz,768 / 48 / 16,"Nov 22nd, 2013",baraazaid/cpu-and-gpu-stats
cb795afb7cb6741634aa,Xbox One S GPU,Durango 2,2016-08-02,IGP,8.0,DDR3,914.0,1066.0,768,48,16,True,"8 GB, DDR3, 256 bit",914 MHz,1066 MHz,768 / 48 / 16,"Aug 2nd, 2016",baraazaid/cpu-and-gpu-stats
14ca3b054467f0782b6c,Xbox Series S GPU,Lockhart,2020-11-10,IGP,8.0,GDDR6,1565.0,1750.0,1280,80,32,True,"8 GB, GDDR6, 128 bit",1565 MHz,1750 MHz,1280 / 80 / 32,"Nov 10th, 2020",baraazaid/cpu-and-gpu-stats
a95a769f1d435216f767,Xbox Series X GPU,Scarlett,2020-11-10,IGP,10.0,GDDR6,1825.0,1750.0,3328,208,64,True,"10 GB, GDDR6, 320 bit",1825 MHz,1750 MHz,3328 / 208 / 64,"Nov 10th, 2020",baraazaid/cpu-and-gpu-stats
48c8e790af34f6c8650d,Xe DG1,DG1,,PCIe 4.0 x8,4.0,,900.0,2133.0,640,40,20,True,"4 GB, LPDDR4X, 128 bit",900 MHz,2133 MHz,640 / 40 / 20,Never Released,baraazaid/cpu-and-gpu-stats
ad395b2783d158a73877,Xe DG1-SDV,DG1,,PCIe 4.0 x8,8.0,,900.0,2133.0,768,48,24,True,"8 GB, LPDDR4X, 128 bit",900 MHz,2133 MHz,768 / 48 / 24,Never Released,baraazaid/cpu-and-gpu-stats
97fb1e7c193377ff5378,Xeon Phi 3120A,Knights Corner,2012-11-12,PCIe 3.0 x16,6.0,GDDR5,1100.0,1250.0,912,32,0,True,"6 GB, GDDR5, 384 bit",1100 MHz,1250 MHz,912 / 32 / 0,"Nov 12th, 2012",baraazaid/cpu-and-gpu-stats
8ea939a52c972e2706d8,Xeon Phi 5110P,Knights Corner,2012-11-12,PCIe 3.0 x16,8.0,GDDR5,1053.0,1250.0,960,32,0,True,"8 GB, GDDR5, 512 bit",1053 MHz,1250 MHz,960 / 32 / 0,"Nov 12th, 2012",baraazaid/cpu-and-gpu-stats
8dc6a58a37118082d5af,Xeon Phi 5120D,Knights Corner,2013-06-17,PCIe 2.0 x16,8.0,GDDR5,1053.0,1250.0,960,32,0,True,"8 GB, GDDR5, 512 bit",1053 MHz,1250 MHz,960 / 32 / 0,"Jun 17th, 2013",baraazaid/cpu-and-gpu-stats
c2bb39d0a87e84644250,Xeon Phi 7120P,Knights Corner,2013-06-17,PCIe 3.0 x16,16.0,GDDR5,1238.0,1375.0,976,32,0,True,"16 GB, GDDR5, 512 bit",1238 MHz,1375 MHz,976 / 32 / 0,"Jun 17th, 2013",baraazaid/cpu-and-gpu-stats
20232c5dddd1155e71e6,Xeon Phi 7120X,Knights Corner,2013-06-17,PCIe 3.0 x16,16.0,GDDR5,1238.0,1375.0,976,32,0,True,"16 GB, GDDR5, 512 bit",1238 MHz,1375 MHz,976 / 32 / 0,"Jun 17th, 2013",baraazaid/cpu-and-gpu-stats
2ac82d6a8c49a9613bb7,Xeon Phi SE10X,Knights Corner,2012-11-12,PCIe 3.0 x16,8.0,GDDR5,1100.0,1375.0,976,32,0,True,"8 GB, GDDR5, 512 bit",1100 MHz,1375 MHz,976 / 32 / 0,"Nov 12th, 2012",baraazaid/cpu-and-gpu-stats
3ff15895b9ef6e9730f7,Zhongshan Subor Z+ GPU,Fenghuang,2018-08-03,IGP,8.0,GDDR5,1300.0,1200.0,1536,96,32,True,"8 GB, GDDR5, 256 bit",1300 MHz,1200 MHz,1536 / 96 / 32,"Aug 3rd, 2018",baraazaid/cpu-and-gpu-stats
dab47e3d9e50f9c30a1c,i740,Auburn,1998-02-12,AGP 2x,0.00390625,,66.0,100.0,,,,True,"4 MB, SDR, 64 bit",66 MHz,100 MHz,2 / 0 / 1 / 1,"Feb 12th, 1998",baraazaid/cpu-and-gpu-stats
4ef7955169fa5a39c853,i740 8 MB,Auburn,1998-02-12,AGP 2x,0.0078125,,66.0,100.0,,,,True,"8 MB, SDR, 64 bit",66 MHz,100 MHz,2 / 0 / 1 / 1,"Feb 12th, 1998",baraazaid/cpu-and-gpu-stats
34fecce430b41c9d0436,i740 Graphics,Auburn,1998-01-01,AGP 2x,,,66.0,,,,,True,System Shared,66 MHz,System Shared,2 / 0 / 1 / 1,1998,baraazaid/cpu-and-gpu-stats
995e97c5b9477caa42b7,i752,Portola,1999-04-27,AGP 2x,0.015625,,100.0,133.0,,,,True,"16 MB, SDR, 64 bit",100 MHz,133 MHz,2 / 0 / 1 / 1,"Apr 27th, 1999",baraazaid/cpu-and-gpu-stats
593c32af99514cea6444,i752 Graphics,Portola,1998-01-01,AGP 2x,,,100.0,,,,,True,System Shared,100 MHz,System Shared,2 / 0 / 1 / 1,1998,baraazaid/cpu-and-gpu-stats
1cf9d4bdeea70e520d67,i810 Graphics,Whitney,1999-01-01,FSB,,,133.0,,,,,True,System Shared,133 MHz,System Shared,2 / 0 / 1 / 1,1999,baraazaid/cpu-and-gpu-stats
37be2a611334964463ec,i815 Graphics,Solano,2000-01-01,FSB,,,133.0,,,,,True,System Shared,133 MHz,System Shared,2 / 0 / 1 / 1,2000,baraazaid/cpu-and-gpu-stats
2c65ffaf97a9725f653b,i830M Graphics,Almador,2001-01-01,FSB,,,166.0,,,,,True,System Shared,166 MHz,System Shared,2 / 0 / 1 / 1,2001,baraazaid/cpu-and-gpu-stats
3b4c00552868f5458d09,i830MG Graphics,Almador,2002-01-01,FSB,,,100.0,,,,,True,System Shared,100 MHz,System Shared,2 / 0 / 1 / 1,2002,baraazaid/cpu-and-gpu-stats
45d64606dcd3526326d6,i852GM Graphics,Montara,2003-12-03,FSB,,,200.0,,,,,True,System Shared,200 MHz,System Shared,2 / 0 / 1 / 1,"Dec 3rd, 2003",baraazaid/cpu-and-gpu-stats
