source_record_id,brand,laptop_type,screen_size_inches,screen_size_normalized_from_cm,resolution,resolution_width,resolution_height,touchscreen,ips_panel,cpu,cpu_clock_ghz,ram_gb,gpu,hdd_gb,ssd_gb,flash_storage_gb,storage_total_gb,operating_system,weight_kg,reference_price,source_currency,reference_price_only,source_dataset
872bf15a5b6d0b08a264,Acer,2 in 1 Convertible,11.6,False,1920x1080,1920,1080,True,True,Intel Celeron Dual Core,2.0,4,Intel HD Graphics,0.0,0.0,32.0,32.0,Windows,1.25,234.29,unspecified,True,paperxd/laptop-prices-dataset
9ffeb6d239f6f4759d55,Acer,2 in 1 Convertible,11.6,False,1366x768,1366,768,True,True,Intel Celeron Dual Core,1.6,4,Intel HD Graphics,0.0,0.0,32.0,32.0,ChromeOS,1.25,261.15,unspecified,True,paperxd/laptop-prices-dataset
2c5ce1dc0dc5ae65631d,Acer,2 in 1 Convertible,11.6,False,1366x768,1366,768,True,True,Intel Celeron Quad Core,1.6,4,Intel HD Graphics,0.0,0.0,32.0,32.0,ChromeOS,1.25,254.43,unspecified,True,paperxd/laptop-prices-dataset
f5d5202bd2cc0a907031,Acer,2 in 1 Convertible,13.3,False,1920x1080,1920,1080,True,True,Intel Core i5,1.6,1,Intel UHD Graphics,0.0,256.0,0.0,256.0,Windows,1.6,670.66,unspecified,True,paperxd/laptop-prices-dataset
d2e5296eea9475fe386e,Acer,2 in 1 Convertible,13.3,False,1920x1080,1920,1080,True,True,Intel Core i5,2.3,8,Intel HD Graphics,0.0,256.0,0.0,256.0,Windows,1.6,462.54,unspecified,True,paperxd/laptop-prices-dataset
f62469fe850f74dab897,Acer,2 in 1 Convertible,13.3,False,1920x1080,1920,1080,True,True,Intel Core i5,1.6,8,Intel UHD Graphics,0.0,256.0,0.0,256.0,Windows,1.5,568.61,unspecified,True,paperxd/laptop-prices-dataset
79b48594464b004654a6,Acer,2 in 1 Convertible,13.3,False,1920x1080,1920,1080,True,True,Intel Core i7,2.5,8,Intel HD Graphics,0.0,256.0,0.0,256.0,Windows,1.6,529.68,unspecified,True,paperxd/laptop-prices-dataset
97ebff795dcd59e6a5e3,Acer,2 in 1 Convertible,14.0,False,1920x1080,1920,1080,True,True,Intel Core i7,1.3,8,Intel HD Graphics,0.0,256.0,0.0,256.0,Windows,1.2,771.36,unspecified,True,paperxd/laptop-prices-dataset
3d514f5da32083f4d80e,Acer,Gaming,15.6,False,1920x1080,1920,1080,False,False,Intel Core i5,2.5,8,Nvidia GeForce GTX,1000.0,0.0,0.0,1000.0,Linux,2.4,475.97,unspecified,True,paperxd/laptop-prices-dataset
291c3d1ff53a59b9ae96,Acer,Gaming,15.6,False,1920x1080,1920,1080,False,False,Intel Core i5,2.5,8,Nvidia GeForce GTX,1000.0,0.0,0.0,1000.0,Linux,2.4,535.72,unspecified,True,paperxd/laptop-prices-dataset
c723eb4f0985dff3697e,Acer,Gaming,15.6,False,1920x1080,1920,1080,False,True,Intel Core i5,2.5,8,Nvidia GeForce GTX,0.0,256.0,0.0,256.0,Windows,2.5,567.94,unspecified,True,paperxd/laptop-prices-dataset
462a970b8f0f2402164f,Acer,Gaming,15.6,False,1920x1080,1920,1080,False,False,Intel Core i5,2.5,16,Nvidia GeForce GTX,0.0,256.0,0.0,256.0,Windows,2.5,872.06,unspecified,True,paperxd/laptop-prices-dataset
847271e6ca12a67a13d7,Acer,Gaming,15.6,False,1920x1080,1920,1080,False,True,Intel Core i7,2.8,8,Nvidia GeForce GTX,1000.0,128.0,0.0,1128.0,Windows,2.7,845.87,unspecified,True,paperxd/laptop-prices-dataset
c66a3de2e4b426331796,Acer,Gaming,17.3,False,1920x1080,1920,1080,False,True,Intel Core i7,2.6,16,Nvidia GeForce GTX,1000.0,128.0,0.0,1128.0,Windows,4.2,1299.02,unspecified,True,paperxd/laptop-prices-dataset
861028a120edd20d3d8d,Acer,Gaming,17.3,False,1920x1080,1920,1080,False,True,Intel Core i7,2.8,16,Nvidia GeForce GTX,1000.0,256.0,0.0,1256.0,Windows,4.2,1543.38,unspecified,True,paperxd/laptop-prices-dataset
afbec327bdab943f2e30,Acer,Gaming,17.3,False,1920x1080,1920,1080,False,True,Intel Core i7,2.8,16,Nvidia GeForce GTX,1000.0,256.0,0.0,1256.0,Windows,4.2,1744.78,unspecified,True,paperxd/laptop-prices-dataset
e7339a4f5ac4482f0fdf,Acer,Netbook,11.6,False,1366x768,1366,768,False,False,Intel Celeron Dual Core,1.5,2,Intel HD Graphics,0.0,32.0,0.0,32.0,ChromeOS,1.3,116.81,unspecified,True,paperxd/laptop-prices-dataset
cc1677c81051c1be91eb,Acer,Netbook,11.6,False,1366x768,1366,768,False,False,Intel Celeron Dual Core,1.6,4,Intel HD Graphics,0.0,0.0,32.0,32.0,Windows,1.4,180.59,unspecified,True,paperxd/laptop-prices-dataset
f733a75584b9a9557fd6,Acer,Netbook,11.6,False,1366x768,1366,768,False,True,Intel Celeron Dual Core,1.6,4,Intel HD Graphics,0.0,0.0,32.0,32.0,ChromeOS,1.25,199.38,unspecified,True,paperxd/laptop-prices-dataset
43192d3114f796c68e0a,Acer,Netbook,11.6,False,1366x768,1366,768,False,True,Intel Celeron Dual Core,1.6,4,Intel HD Graphics,0.0,0.0,32.0,32.0,ChromeOS,1.35,238.32,unspecified,True,paperxd/laptop-prices-dataset
9bba6f632ad279a559a2,Acer,Netbook,11.6,False,1366x768,1366,768,False,False,Intel Celeron Dual Core,1.6,4,Intel HD Graphics,0.0,128.0,0.0,128.0,Windows,1.4,292.03,unspecified,True,paperxd/laptop-prices-dataset
d49967de74ed1ae6b602,Acer,Notebook,15.6,False,1366x768,1366,768,False,False,AMD A10-Series,2.5,8,AMD Radeon RX,1000.0,0.0,0.0,1000.0,Windows,2.2,388.7,unspecified,True,paperxd/laptop-prices-dataset
7db446c8835a15269adc,Acer,Notebook,15.6,False,1366x768,1366,768,False,False,AMD A12-Series,2.7,8,AMD Radeon RX,0.0,256.0,0.0,256.0,Windows,2.2,442.41,unspecified,True,paperxd/laptop-prices-dataset
50b710eb0cdcc065a72d,Acer,Notebook,15.6,False,1366x768,1366,768,False,False,AMD A8-Series,2.2,4,AMD Radeon R5,500.0,0.0,0.0,500.0,Windows,2.4,259.8,unspecified,True,paperxd/laptop-prices-dataset
51229a206fbebe8f4f67,Acer,Notebook,15.6,False,1366x768,1366,768,False,False,AMD A8-Series,2.2,8,AMD Radeon R5,1000.0,0.0,0.0,1000.0,Windows,2.4,301.43,unspecified,True,paperxd/laptop-prices-dataset
9bc4e8c6b44d0ab27a0a,Acer,Notebook,15.6,False,1920x1080,1920,1080,False,False,AMD A8-Series,2.2,8,AMD Radeon R5,0.0,256.0,0.0,256.0,Windows,2.23,314.85,unspecified,True,paperxd/laptop-prices-dataset
55a74d2bd5675f86c7d0,Acer,Notebook,15.6,False,1366x768,1366,768,False,False,AMD A9-Series,3.0,4,AMD Radeon R5,1000.0,0.0,0.0,1000.0,Windows,2.1,265.17,unspecified,True,paperxd/laptop-prices-dataset
38ecc7c07b9a124669f0,Acer,Notebook,15.6,False,1366x768,1366,768,False,False,AMD A9-Series,3.0,4,AMD Radeon R5,500.0,0.0,0.0,500.0,Windows,2.1,268.53,unspecified,True,paperxd/laptop-prices-dataset
25a7a44f8f6f82758c85,Acer,Notebook,15.6,False,1366x768,1366,768,False,False,AMD A9-Series,3.0,4,AMD Radeon R5,0.0,128.0,0.0,128.0,Windows,2.1,285.99,unspecified,True,paperxd/laptop-prices-dataset
13aa98c583d44ccd54b7,Acer,Notebook,15.6,False,1366x768,1366,768,False,False,AMD A9-Series,3.0,4,AMD Radeon R5,0.0,256.0,0.0,256.0,Windows,2.1,302.77,unspecified,True,paperxd/laptop-prices-dataset
34270a5817cff27ce680,Acer,Notebook,15.6,False,1366x768,1366,768,False,False,AMD A9-Series,3.0,6,AMD Radeon R5,1000.0,0.0,0.0,1000.0,Windows,2.1,274.57,unspecified,True,paperxd/laptop-prices-dataset
64b36693cae940ae32fa,Acer,Notebook,15.6,False,1366x768,1366,768,False,False,Intel Celeron Dual Core,1.5,2,Intel HD Graphics,0.0,16.0,0.0,16.0,ChromeOS,2.19,133.59,unspecified,True,paperxd/laptop-prices-dataset
32fc39b2a584287f25aa,Acer,Notebook,14.0,False,1366x768,1366,768,False,False,Intel Celeron Dual Core,1.6,2,Intel HD Graphics,0.0,0.0,32.0,32.0,ChromeOS,1.68,221.54,unspecified,True,paperxd/laptop-prices-dataset
ddd6d1675593d588610a,Acer,Notebook,15.6,False,1366x768,1366,768,False,False,Intel Celeron Dual Core,1.5,4,Intel HD Graphics,0.0,16.0,0.0,16.0,ChromeOS,2.2,140.31,unspecified,True,paperxd/laptop-prices-dataset
28fe0dee4370ea5ffdd4,Acer,Notebook,15.6,False,1366x768,1366,768,False,False,Intel Celeron Dual Core,2.0,4,Intel HD Graphics,1000.0,0.0,0.0,1000.0,Linux,2.1,182.6,unspecified,True,paperxd/laptop-prices-dataset
47eb582a34c856dd1289,Acer,Notebook,15.6,False,1366x768,1366,768,False,False,Intel Celeron Dual Core,1.6,4,Intel HD Graphics,500.0,0.0,0.0,500.0,Linux,2.4,194.01,unspecified,True,paperxd/laptop-prices-dataset
3b18d3eb64a57a3575a0,Acer,Notebook,15.6,False,1366x768,1366,768,False,False,Intel Celeron Dual Core,2.0,4,Intel HD Graphics,500.0,0.0,0.0,500.0,Windows,2.1,223.55,unspecified,True,paperxd/laptop-prices-dataset
61103b11bea007e90258,Acer,Notebook,15.6,False,1366x768,1366,768,False,False,Intel Celeron Dual Core,1.1,4,Intel HD Graphics,1000.0,0.0,0.0,1000.0,Windows,2.1,233.62,unspecified,True,paperxd/laptop-prices-dataset
d4e8e217e6457cef63d9,Acer,Notebook,14.0,False,1366x768,1366,768,False,False,Intel Celeron Dual Core,1.6,4,Intel HD Graphics,0.0,0.0,32.0,32.0,ChromeOS,1.68,234.29,unspecified,True,paperxd/laptop-prices-dataset
ec2e38dd9aeb734a3a29,Acer,Notebook,15.6,False,1920x1080,1920,1080,False,True,Intel Celeron Dual Core,1.5,4,Intel HD Graphics,0.0,0.0,16.0,16.0,ChromeOS,2.2,241.01,unspecified,True,paperxd/laptop-prices-dataset
78d3cc9477318d4d09c1,Acer,Notebook,14.0,False,1366x768,1366,768,False,False,Intel Celeron Dual Core,1.6,4,Intel HD Graphics,0.0,0.0,32.0,32.0,ChromeOS,1.45,251.75,unspecified,True,paperxd/laptop-prices-dataset
261536c4be5b7e41965a,Acer,Notebook,14.0,False,1920x1080,1920,1080,False,False,Intel Celeron Quad Core,1.1,4,Intel HD Graphics,0.0,0.0,32.0,32.0,Windows,1.6,220.87,unspecified,True,paperxd/laptop-prices-dataset
b9530d405d1afe92e080,Acer,Notebook,15.6,False,1366x768,1366,768,False,False,Intel Core i3,2.0,4,Intel HD Graphics,500.0,0.0,0.0,500.0,Linux,2.4,242.89,unspecified,True,paperxd/laptop-prices-dataset
f1af451433596e76e5ae,Acer,Notebook,15.6,False,1366x768,1366,768,False,False,Intel Core i3,2.7,4,Intel HD Graphics,1000.0,0.0,0.0,1000.0,Linux,2.1,246.38,unspecified,True,paperxd/laptop-prices-dataset
54bfbb4ff76bfdd2dbeb,Acer,Notebook,15.6,False,1366x768,1366,768,False,False,Intel Core i3,2.4,4,Intel HD Graphics,1000.0,0.0,0.0,1000.0,Windows,2.4,257.79,unspecified,True,paperxd/laptop-prices-dataset
84d409f70f14977a91b0,Acer,Notebook,15.6,False,1366x768,1366,768,False,False,Intel Core i3,2.0,4,Intel HD Graphics,1000.0,0.0,0.0,1000.0,Linux,2.1,261.82,unspecified,True,paperxd/laptop-prices-dataset
afd46f5146daf71028bd,Acer,Notebook,15.6,False,1366x768,1366,768,False,False,Intel Core i3,2.0,4,Intel HD Graphics,500.0,0.0,0.0,500.0,Windows,2.4,275.78,unspecified,True,paperxd/laptop-prices-dataset
203738c3db5ef8825f25,Acer,Notebook,15.6,False,1366x768,1366,768,False,False,Intel Core i3,2.0,4,Intel HD Graphics,0.0,128.0,0.0,128.0,Linux,2.1,276.59,unspecified,True,paperxd/laptop-prices-dataset
081a1c50c1e37f018f96,Acer,Notebook,15.6,False,1366x768,1366,768,False,False,Intel Core i3,2.0,4,Intel HD Graphics,1000.0,0.0,0.0,1000.0,Windows,2.1,300.08,unspecified,True,paperxd/laptop-prices-dataset
8f4e39ed8cbab17c5f1e,Acer,Notebook,15.6,False,1366x768,1366,768,False,False,Intel Core i3,2.0,4,Intel HD Graphics,0.0,128.0,0.0,128.0,Windows,2.1,301.43,unspecified,True,paperxd/laptop-prices-dataset
dbd06e922bebdd8e0b42,Acer,Notebook,15.6,False,1366x768,1366,768,False,False,Intel Core i3,2.0,4,Intel HD Graphics,500.0,0.0,0.0,500.0,Windows,2.4,302.1,unspecified,True,paperxd/laptop-prices-dataset
82f1dbd29ee1061e43aa,Acer,Notebook,15.6,False,1366x768,1366,768,False,False,Intel Core i3,2.0,4,Nvidia GeForce GTX,500.0,0.0,0.0,500.0,Windows,2.2,314.85,unspecified,True,paperxd/laptop-prices-dataset
465802c6863fb3599927,Acer,Notebook,15.6,False,1920x1080,1920,1080,False,False,Intel Core i3,2.4,4,Intel HD Graphics,1000.0,0.0,0.0,1000.0,Windows,2.4,334.99,unspecified,True,paperxd/laptop-prices-dataset
e7bbe2ac6f83e70bd116,Acer,Notebook,15.6,False,1920x1080,1920,1080,False,False,Intel Core i3,2.7,4,Nvidia GeForce,1000.0,0.0,0.0,1000.0,Windows,2.2,355.8,unspecified,True,paperxd/laptop-prices-dataset
1b23eac2764fd242d44c,Acer,Notebook,15.6,False,1920x1080,1920,1080,False,False,Intel Core i3,2.0,4,Nvidia GeForce,1000.0,0.0,0.0,1000.0,Windows,2.23,365.2,unspecified,True,paperxd/laptop-prices-dataset
a5e517ad1886e1248e62,Acer,Notebook,15.6,False,1920x1080,1920,1080,False,False,Intel Core i3,2.7,4,Nvidia GeForce,0.0,256.0,0.0,256.0,Windows,7.2,384.0,unspecified,True,paperxd/laptop-prices-dataset
26d441eb29e2c7893a1e,Acer,Notebook,17.3,False,1600x900,1600,900,False,False,Intel Core i3,2.0,4,Nvidia GeForce,1000.0,0.0,0.0,1000.0,Windows,3.3,401.45,unspecified,True,paperxd/laptop-prices-dataset
a93376b3e48cb147ef10,Acer,Notebook,14.0,False,1920x1080,1920,1080,False,True,Intel Core i3,2.4,4,Intel HD Graphics,0.0,128.0,0.0,128.0,Windows,1.8,426.96,unspecified,True,paperxd/laptop-prices-dataset
e6d9cad09a14bd1c1889,Acer,Notebook,17.3,False,1920x1080,1920,1080,False,True,Intel Core i3,2.7,4,Nvidia GeForce,1000.0,0.0,0.0,1000.0,Windows,3.0,439.72,unspecified,True,paperxd/laptop-prices-dataset
5d786685444d0a559af1,Acer,Notebook,17.3,False,1920x1080,1920,1080,False,True,Intel Core i3,2.7,4,Nvidia GeForce,0.0,256.0,0.0,256.0,Windows,3.0,471.27,unspecified,True,paperxd/laptop-prices-dataset
e958db28cea7d248af44,Acer,Notebook,15.6,False,1920x1080,1920,1080,True,True,Intel Core i3,2.4,6,Intel HD Graphics,1000.0,0.0,0.0,1000.0,Windows,2.1,321.57,unspecified,True,paperxd/laptop-prices-dataset
ac9bfd93d2decf0c846f,Acer,Notebook,14.0,False,1366x768,1366,768,False,False,Intel Core i3,2.0,8,Intel HD Graphics,1000.0,0.0,0.0,1000.0,Windows,2.1,261.15,unspecified,True,paperxd/laptop-prices-dataset
8be4aa932df1a2ad6dca,Acer,Notebook,14.0,False,1920x1080,1920,1080,False,True,Intel Core i3,2.4,8,Intel HD Graphics,0.0,128.0,0.0,128.0,Windows,1.5,415.55,unspecified,True,paperxd/laptop-prices-dataset
fd637a68695a8d04394e,Acer,Notebook,17.3,False,1600x900,1600,900,False,False,Intel Core i3,2.0,8,Nvidia GeForce,1000.0,0.0,0.0,1000.0,Windows,3.3,422.27,unspecified,True,paperxd/laptop-prices-dataset
c70c5c2f8a228a3a31f3,Acer,Notebook,15.6,False,1366x768,1366,768,False,False,Intel Core i5,2.5,4,Intel HD Graphics,500.0,0.0,0.0,500.0,Linux,2.4,296.59,unspecified,True,paperxd/laptop-prices-dataset
ce237b9a064c4cca5c9e,Acer,Notebook,15.6,False,1366x768,1366,768,False,False,Intel Core i5,2.5,4,Intel HD Graphics,500.0,0.0,0.0,500.0,Windows,2.4,375.27,unspecified,True,paperxd/laptop-prices-dataset
4b3523751ac3422afa8e,Acer,Notebook,15.6,False,1366x768,1366,768,False,False,Intel Core i5,2.5,4,Intel HD Graphics,0.0,256.0,0.0,256.0,Windows,2.1,402.13,unspecified,True,paperxd/laptop-prices-dataset
e8ea892699f2829b1b48,Acer,Notebook,15.6,False,1920x1080,1920,1080,False,True,Intel Core i5,1.6,4,Nvidia GeForce,1000.0,0.0,0.0,1000.0,Windows,2.2,411.52,unspecified,True,paperxd/laptop-prices-dataset
4d246ff001891edeaf06,Acer,Notebook,15.6,False,1920x1080,1920,1080,False,False,Intel Core i5,2.5,4,Nvidia GeForce,1000.0,0.0,0.0,1000.0,Windows,2.23,413.54,unspecified,True,paperxd/laptop-prices-dataset
f330a295eae0b2a14e42,Acer,Notebook,15.6,False,1366x768,1366,768,False,False,Intel Core i5,2.5,4,Intel HD Graphics,500.0,0.0,0.0,500.0,Windows,2.23,415.55,unspecified,True,paperxd/laptop-prices-dataset
60e977579b8a0e0b9cbc,Acer,Notebook,13.3,False,1366x768,1366,768,False,False,Intel Core i5,2.3,4,Intel HD Graphics,0.0,128.0,0.0,128.0,Windows,1.6,439.72,unspecified,True,paperxd/laptop-prices-dataset
13545229ed052745b7b4,Acer,Notebook,15.6,False,1920x1080,1920,1080,False,True,Intel Core i5,1.6,4,Intel UHD Graphics,0.0,256.0,0.0,256.0,Windows,2.2,457.85,unspecified,True,paperxd/laptop-prices-dataset
2c0d7103e122e1113215,Acer,Notebook,15.6,False,1920x1080,1920,1080,False,False,Intel Core i5,2.5,4,Nvidia GeForce,0.0,256.0,0.0,256.0,Windows,2.23,463.89,unspecified,True,paperxd/laptop-prices-dataset
1392aebc20533c240f74,Acer,Notebook,17.3,False,1920x1080,1920,1080,False,True,Intel Core i5,1.6,4,Nvidia GeForce,0.0,256.0,0.0,256.0,Windows,3.0,540.42,unspecified,True,paperxd/laptop-prices-dataset
3ad2a7de0706e393e2bf,Acer,Notebook,15.6,False,1366x768,1366,768,False,False,Intel Core i5,2.5,6,Intel HD Graphics,1000.0,0.0,0.0,1000.0,Windows,8.23,368.56,unspecified,True,paperxd/laptop-prices-dataset
10f4280f6589bddab2ce,Acer,Notebook,15.6,False,1920x1080,1920,1080,False,False,Intel Core i5,2.5,8,Nvidia GeForce GTX,1000.0,256.0,0.0,1256.0,Windows,2.4,536.39,unspecified,True,paperxd/laptop-prices-dataset
9ef172168bb320c7ebf5,Acer,Notebook,17.3,False,1920x1080,1920,1080,False,True,Intel Core i5,1.6,8,Nvidia GeForce,0.0,256.0,0.0,256.0,Windows,3.0,573.31,unspecified,True,paperxd/laptop-prices-dataset
eac7f8a6376ac418f070,Acer,Notebook,14.0,False,1920x1080,1920,1080,False,True,Intel Core i5,2.5,8,Intel HD Graphics,0.0,256.0,0.0,256.0,Windows,1.56,605.54,unspecified,True,paperxd/laptop-prices-dataset
6e32d0d9912f506d2def,Acer,Notebook,15.6,False,1366x768,1366,768,False,True,Intel Core i5,1.6,12,Nvidia GeForce,1000.0,0.0,0.0,1000.0,Windows,2.2,465.89,unspecified,True,paperxd/laptop-prices-dataset
3a5f4c01b28bb4399f37,Acer,Notebook,15.6,False,1920x1080,1920,1080,False,False,Intel Core i5,2.5,12,Nvidia GeForce GTX,1000.0,128.0,0.0,1128.0,Windows,2.4,677.37,unspecified,True,paperxd/laptop-prices-dataset
97f9312077e83a0e0f26,Acer,Notebook,15.6,False,1920x1080,1920,1080,False,False,Intel Core i7,1.8,2,Nvidia GeForce,1000.0,0.0,0.0,1000.0,Windows,2.2,462.54,unspecified,True,paperxd/laptop-prices-dataset
64d5895ceca3201b055f,Acer,Notebook,15.6,False,1920x1080,1920,1080,False,False,Intel Core i7,2.7,4,Nvidia GeForce,500.0,0.0,0.0,500.0,Windows,2.2,428.98,unspecified,True,paperxd/laptop-prices-dataset
6ba7b4e8ba449bdcb993,Acer,Notebook,15.6,False,1920x1080,1920,1080,False,False,Intel Core i7,2.7,8,Nvidia GeForce,1000.0,0.0,0.0,1000.0,Windows,2.23,498.13,unspecified,True,paperxd/laptop-prices-dataset
ea5218d0eab3d181740f,Acer,Notebook,15.6,False,1920x1080,1920,1080,False,True,Intel Core i7,1.8,8,Nvidia GeForce,1000.0,0.0,0.0,1000.0,Windows,2.2,500.14,unspecified,True,paperxd/laptop-prices-dataset
60ef1b15ee919554907b,Acer,Notebook,15.6,False,1920x1080,1920,1080,False,False,Intel Core i7,2.8,8,Nvidia GeForce GTX,1000.0,0.0,0.0,1000.0,Linux,2.4,522.96,unspecified,True,paperxd/laptop-prices-dataset
296277980bfe5e669d42,Acer,Notebook,15.6,False,1920x1080,1920,1080,False,False,Intel Core i7,2.7,8,Nvidia GeForce,0.0,256.0,0.0,256.0,Windows,2.2,558.54,unspecified,True,paperxd/laptop-prices-dataset
c2438cf42651d70d030f,Acer,Notebook,15.6,False,1920x1080,1920,1080,False,True,Intel Core i7,1.8,8,Nvidia GeForce,0.0,256.0,0.0,256.0,Windows,2.2,564.59,unspecified,True,paperxd/laptop-prices-dataset
5fbccfe5749a1f8efdcc,Acer,Notebook,15.6,False,1920x1080,1920,1080,False,False,Intel Core i7,2.8,8,Nvidia GeForce GTX,1000.0,0.0,0.0,1000.0,Linux,2.4,567.94,unspecified,True,paperxd/laptop-prices-dataset
e84fa447245d4e248349,Acer,Notebook,15.6,False,1920x1080,1920,1080,False,False,Intel Core i7,2.8,8,Nvidia GeForce GTX,0.0,256.0,0.0,256.0,Linux,2.5,590.1,unspecified,True,paperxd/laptop-prices-dataset
4b0062732bc92437aedc,Acer,Notebook,15.6,False,1920x1080,1920,1080,False,True,Intel Core i7,1.8,8,Nvidia GeForce,0.0,256.0,0.0,256.0,Windows,3.0,638.43,unspecified,True,paperxd/laptop-prices-dataset
e2b6c5f293cdc32dc384,Acer,Notebook,15.6,False,1920x1080,1920,1080,False,False,Intel Core i7,2.8,8,Nvidia GeForce GTX,0.0,256.0,0.0,256.0,Linux,2.5,657.23,unspecified,True,paperxd/laptop-prices-dataset
535304c520c4a5129496,Acer,Notebook,15.6,False,1920x1080,1920,1080,True,True,Intel Core i7,2.7,12,Intel HD Graphics,1000.0,0.0,0.0,1000.0,Windows,2.15,442.41,unspecified,True,paperxd/laptop-prices-dataset
772f4a12c6c8462592d5,Acer,Notebook,15.6,False,1366x768,1366,768,False,False,Intel Pentium Quad Core,1.1,4,Intel HD Graphics,1000.0,0.0,0.0,1000.0,Linux,2.1,200.06,unspecified,True,paperxd/laptop-prices-dataset
12df45fee6568f7bd1f4,Acer,Notebook,14.0,False,1366x768,1366,768,False,False,Intel Pentium Quad Core,1.6,4,Intel HD Graphics,0.0,0.0,128.0,128.0,Windows,1.6,234.29,unspecified,True,paperxd/laptop-prices-dataset
982ee44acb3e9dea3dc5,Acer,Notebook,15.6,False,1366x768,1366,768,False,False,Intel Pentium Quad Core,1.1,4,Intel HD Graphics,1000.0,0.0,0.0,1000.0,Windows,2.1,244.03,unspecified,True,paperxd/laptop-prices-dataset
4aaf176c2cea8ca9d5cb,Acer,Notebook,15.6,False,1366x768,1366,768,False,False,Intel Pentium Quad Core,1.1,4,Intel HD Graphics,500.0,0.0,0.0,500.0,Windows,2.4,255.1,unspecified,True,paperxd/laptop-prices-dataset
1cac1db1f2beab251fbf,Acer,Notebook,11.6,False,1366x768,1366,768,False,False,Intel Pentium Quad Core,1.6,4,Intel HD Graphics,0.0,0.0,128.0,128.0,Windows,1.4,325.59,unspecified,True,paperxd/laptop-prices-dataset
ac170c50e0256fe71c16,Acer,Ultrabook,14.0,False,1920x1080,1920,1080,False,True,Intel Core i5,1.6,8,Intel UHD Graphics,0.0,256.0,0.0,256.0,Windows,1.6,516.92,unspecified,True,paperxd/laptop-prices-dataset
04e9466a1fdc58629d21,Acer,Ultrabook,14.0,False,1920x1080,1920,1080,False,True,Intel Core i5,2.5,8,Intel Graphics,0.0,256.0,0.0,256.0,Windows,1.8,616.95,unspecified,True,paperxd/laptop-prices-dataset
8393e55f5e89f8b10090,Acer,Ultrabook,13.3,False,1920x1080,1920,1080,False,True,Intel Core i5,1.2,8,Intel HD Graphics,0.0,256.0,0.0,256.0,Windows,1.12,663.94,unspecified,True,paperxd/laptop-prices-dataset
7b03110d4c8a5298af57,Acer,Ultrabook,14.0,False,1920x1080,1920,1080,False,True,Intel Core i7,1.8,8,Intel UHD Graphics,0.0,256.0,0.0,256.0,Windows,1.6,593.45,unspecified,True,paperxd/laptop-prices-dataset
da0d95b5871da518bfa1,Apple,Ultrabook,12.0,False,2304x1440,2304,1440,False,True,Intel Core M,1.1,8,Intel HD Graphics,0.0,0.0,256.0,256.0,MacOS,0.92,780.75,unspecified,True,paperxd/laptop-prices-dataset
74481c7ddcaaddae6b67,Apple,Ultrabook,12.0,False,2304x1440,2304,1440,False,True,Intel Core M,1.2,8,Intel HD Graphics,0.0,0.0,512.0,512.0,MacOS,0.92,782.1,unspecified,True,paperxd/laptop-prices-dataset
15c3eb06f65fdb5fc3ac,Apple,Ultrabook,12.0,False,2304x1440,2304,1440,False,True,Intel Core M,1.2,8,Intel HD Graphics,0.0,256.0,0.0,256.0,MacOS,0.92,847.48,unspecified,True,paperxd/laptop-prices-dataset
c41363f689c73cf72e21,Apple,Ultrabook,12.0,False,2304x1440,2304,1440,False,True,Intel Core M,1.2,8,Intel HD Graphics,0.0,0.0,512.0,512.0,MacOS,0.92,858.63,unspecified,True,paperxd/laptop-prices-dataset
f5b3657ff04039603fe6,Apple,Ultrabook,12.0,False,2304x1440,2304,1440,False,True,Intel Core M,1.1,8,Intel HD Graphics,0.0,0.0,256.0,256.0,MacOS,0.92,872.73,unspecified,True,paperxd/laptop-prices-dataset
c8c48e8f88b4a69ea4ac,Apple,Ultrabook,11.6,False,1366x768,1366,768,False,False,Intel Core i5,1.6,4,Intel HD Graphics,0.0,0.0,256.0,256.0,MacOS,1.08,643.8,unspecified,True,paperxd/laptop-prices-dataset
4e772b8f5afb29a9bdda,Apple,Ultrabook,13.3,False,1440x900,1440,900,False,False,Intel Core i5,1.8,8,Intel HD Graphics,0.0,0.0,128.0,128.0,MacOS,1.34,603.48,unspecified,True,paperxd/laptop-prices-dataset
a53634582d90446271f0,Apple,Ultrabook,13.3,False,1440x900,1440,900,False,False,Intel Core i5,1.6,8,Intel HD Graphics,0.0,0.0,256.0,256.0,MacOS,1.35,669.99,unspecified,True,paperxd/laptop-prices-dataset
6a45fc8ad663251d35b0,Apple,Ultrabook,13.3,False,1440x900,1440,900,False,False,Intel Core i5,1.6,8,Intel HD Graphics,0.0,0.0,128.0,128.0,MacOS,1.35,737.79,unspecified,True,paperxd/laptop-prices-dataset
5c77dd3fb95049c7dd1c,Apple,Ultrabook,13.3,False,1440x900,1440,900,False,False,Intel Core i5,1.8,8,Intel HD Graphics,0.0,0.0,256.0,256.0,MacOS,1.34,777.87,unspecified,True,paperxd/laptop-prices-dataset
a54a1bc14ca394572492,Apple,Ultrabook,13.3,False,2560x1600,2560,1600,False,True,Intel Core i5,2.3,8,Intel Iris Plus Graphics,0.0,128.0,0.0,128.0,MacOS,1.37,899.37,unspecified,True,paperxd/laptop-prices-dataset
531cf891827fbf72f351,Apple,Ultrabook,13.3,False,2560x1600,2560,1600,False,True,Intel Core i5,2.0,8,Intel Iris Graphics,0.0,256.0,0.0,256.0,MacOS,1.37,952.61,unspecified,True,paperxd/laptop-prices-dataset
43a12cc63181d8468ba0,Apple,Ultrabook,12.0,False,2304x1440,2304,1440,False,True,Intel Core i5,1.3,8,Intel HD Graphics,0.0,512.0,0.0,512.0,MacOS,0.92,1013.71,unspecified,True,paperxd/laptop-prices-dataset
f5d98a804dd30b5bd4cd,Apple,Ultrabook,13.3,False,2560x1600,2560,1600,False,True,Intel Core i5,2.3,8,Intel Iris Plus Graphics,0.0,256.0,0.0,256.0,MacOS,1.37,1019.45,unspecified,True,paperxd/laptop-prices-dataset
389b7c25c8706ebca0f4,Apple,Ultrabook,13.3,False,2560x1600,2560,1600,False,True,Intel Core i5,3.1,8,Intel Iris Plus Graphics,0.0,256.0,0.0,256.0,MacOS,1.37,1210.81,unspecified,True,paperxd/laptop-prices-dataset
2b49997bb1185880911e,Apple,Ultrabook,13.3,False,2560x1600,2560,1600,False,True,Intel Core i5,2.9,8,Intel Iris Graphics,0.0,512.0,0.0,512.0,MacOS,1.37,1315.06,unspecified,True,paperxd/laptop-prices-dataset
703331525ef9e3283fa5,Apple,Ultrabook,13.3,False,2560x1600,2560,1600,False,True,Intel Core i5,3.1,8,Intel Iris Plus Graphics,0.0,512.0,0.0,512.0,MacOS,1.37,1369.51,unspecified,True,paperxd/laptop-prices-dataset
e876b5715cb09e312019,Apple,Ultrabook,15.4,False,2880x1800,2880,1800,False,True,Intel Core i7,2.2,16,Intel Iris Pro Graphics,0.0,0.0,256.0,256.0,MacOS,2.04,1436.62,unspecified,True,paperxd/laptop-prices-dataset
a9dc6482bd73b703896c,Apple,Ultrabook,15.4,False,2880x1800,2880,1800,False,True,Intel Core i7,2.8,16,AMD Radeon Pro,0.0,256.0,0.0,256.0,MacOS,1.83,1638.02,unspecified,True,paperxd/laptop-prices-dataset
dd5eb1b5b90bb729cba8,Apple,Ultrabook,15.4,False,2880x1800,2880,1800,False,True,Intel Core i7,2.7,16,AMD Radeon Pro,0.0,512.0,0.0,512.0,MacOS,1.83,1703.46,unspecified,True,paperxd/laptop-prices-dataset
404d417fdb12dfe722d3,Apple,Ultrabook,15.4,False,2880x1800,2880,1800,False,True,Intel Core i7,2.9,16,AMD Radeon Pro,0.0,512.0,0.0,512.0,MacOS,1.83,1918.66,unspecified,True,paperxd/laptop-prices-dataset
3525bc53a1edc2294578,Asus,2 in 1 Convertible,11.6,False,1366x768,1366,768,True,False,Intel Celeron Dual Core,1.1,2,Intel HD Graphics,0.0,0.0,32.0,32.0,Windows,1.1,184.62,unspecified,True,paperxd/laptop-prices-dataset
8b899c217a2fa6caacdb,Asus,2 in 1 Convertible,11.6,False,1366x768,1366,768,True,False,Intel Celeron Dual Core,1.1,4,Intel HD Graphics,0.0,0.0,32.0,32.0,Windows,1.5,251.75,unspecified,True,paperxd/laptop-prices-dataset
16feb24a3c9fb39a29bc,Asus,2 in 1 Convertible,12.5,False,1920x1080,1920,1080,True,False,Intel Core M,0.9,4,Intel HD Graphics,0.0,0.0,64.0,64.0,ChromeOS,1.2,449.12,unspecified,True,paperxd/laptop-prices-dataset
eff7dd48dbdb08d1e6fb,Asus,2 in 1 Convertible,12.5,False,1920x1080,1920,1080,False,False,Intel Core M,1.2,8,Intel HD Graphics,0.0,0.0,64.0,64.0,ChromeOS,1.2,778.07,unspecified,True,paperxd/laptop-prices-dataset
bb61d4f9a29dba3974ca,Asus,2 in 1 Convertible,13.3,False,1920x1080,1920,1080,True,False,Intel Core i5,2.5,6,Intel HD Graphics,1000.0,0.0,0.0,1000.0,Windows,1.5,428.99,unspecified,True,paperxd/laptop-prices-dataset
8952ae7c3ef0f1d16967,Asus,2 in 1 Convertible,15.6,False,1366x768,1366,768,True,False,Intel Core i5,2.5,8,Intel HD Graphics,1000.0,0.0,0.0,1000.0,Windows,2.2,496.11,unspecified,True,paperxd/laptop-prices-dataset
741bcb4556cca0769d0d,Asus,2 in 1 Convertible,13.3,False,1920x1080,1920,1080,True,True,Intel Core i5,2.5,8,Intel HD Graphics,0.0,256.0,0.0,256.0,Windows,1.27,622.99,unspecified,True,paperxd/laptop-prices-dataset
d59ef449e747583dd3b9,Asus,2 in 1 Convertible,13.3,False,1920x1080,1920,1080,True,False,Intel Core i5,1.6,8,Intel HD Graphics,0.0,256.0,0.0,256.0,Windows,1.1,882.8,unspecified,True,paperxd/laptop-prices-dataset
c4dc04aad3927e0bbc42,Asus,2 in 1 Convertible,13.3,False,1920x1080,1920,1080,True,False,Intel Core i5,2.5,8,Intel HD Graphics,0.0,256.0,0.0,256.0,Windows,1.1,911.66,unspecified,True,paperxd/laptop-prices-dataset
9083c50f4da8ffce4454,Asus,2 in 1 Convertible,13.3,False,1920x1080,1920,1080,True,False,Intel Core i7,1.8,8,Intel UHD Graphics,0.0,1024.0,0.0,1024.0,Windows,4.1,1006.32,unspecified,True,paperxd/laptop-prices-dataset
c9e3949c6d4780f8a899,Asus,2 in 1 Convertible,15.6,False,1920x1080,1920,1080,True,False,Intel Core i7,2.7,12,Nvidia GeForce,2000.0,0.0,0.0,2000.0,Windows,2.3,563.24,unspecified,True,paperxd/laptop-prices-dataset
42cce12d571e3ac81b16,Asus,2 in 1 Convertible,15.6,False,1920x1080,1920,1080,True,False,Intel Core i7,2.7,12,Nvidia GeForce,2000.0,512.0,0.0,2512.0,Windows,2.26,737.79,unspecified,True,paperxd/laptop-prices-dataset
3e60257ac58069f88a66,Asus,2 in 1 Convertible,15.6,False,3840x2160,3840,2160,True,False,Intel Core i7,2.7,16,Nvidia GeForce GTX,2000.0,512.0,0.0,2512.0,Windows,2.3,1207.72,unspecified,True,paperxd/laptop-prices-dataset
a91503279c1ca9ee1841,Asus,Gaming,15.6,False,1920x1080,1920,1080,False,False,AMD FX,3.0,8,AMD Radeon RX,1000.0,0.0,0.0,1000.0,Windows,2.45,469.26,unspecified,True,paperxd/laptop-prices-dataset
7e88e32c9cd52fbb848d,Asus,Gaming,17.3,False,1920x1080,1920,1080,False,False,AMD Ryzen 7,3.0,8,AMD Radeon RX,1000.0,256.0,0.0,1256.0,Windows,3.2,872.06,unspecified,True,paperxd/laptop-prices-dataset
11352cdd63b640cc7bb0,Asus,Gaming,17.3,False,1920x1080,1920,1080,False,False,AMD Ryzen 7,3.2,8,AMD Radeon RX,1000.0,256.0,0.0,1256.0,Windows,3.2,1137.9,unspecified,True,paperxd/laptop-prices-dataset
20a194dc0af70e4ecaaa,Asus,Gaming,17.3,False,1920x1080,1920,1080,False,False,AMD Ryzen 7,3.0,16,AMD Radeon RX,1000.0,256.0,0.0,1256.0,Windows,3.2,1039.89,unspecified,True,paperxd/laptop-prices-dataset
a54be607630e2704bdb3,Asus,Gaming,17.3,False,1920x1080,1920,1080,False,True,AMD Ryzen 7,3.0,16,AMD Radeon RX,1000.0,256.0,0.0,1256.0,Windows,3.25,1476.25,unspecified,True,paperxd/laptop-prices-dataset
22ec8f8a469e95321cbb,Asus,Gaming,17.3,False,1920x1080,1920,1080,False,False,Intel Core i5,2.5,8,Nvidia GeForce GTX,1000.0,128.0,0.0,1128.0,Windows,3.0,629.71,unspecified,True,paperxd/laptop-prices-dataset
b79fb0b5223e283a1902,Asus,Gaming,15.6,False,1920x1080,1920,1080,False,True,Intel Core i5,2.5,8,Nvidia GeForce GTX,1000.0,128.0,0.0,1128.0,Windows,2.3,1107.02,unspecified,True,paperxd/laptop-prices-dataset
0932683c8a8166f0d30d,Asus,Gaming,17.3,False,1920x1080,1920,1080,False,True,Intel Core i5,2.5,8,Nvidia GeForce GTX,1000.0,128.0,0.0,1128.0,Windows,2.73,1188.25,unspecified,True,paperxd/laptop-prices-dataset
cd66bed54ee3a33628f3,Asus,Gaming,17.3,False,1920x1080,1920,1080,False,False,Intel Core i5,2.5,12,Nvidia GeForce GTX,1000.0,128.0,0.0,1128.0,Windows,2.2,919.65,unspecified,True,paperxd/laptop-prices-dataset
c11edd5d3b26bf357a31,Asus,Gaming,15.6,False,1920x1080,1920,1080,False,True,Intel Core i7,2.6,8,Nvidia GeForce GTX,1000.0,256.0,0.0,1256.0,Windows,2.591,610.24,unspecified,True,paperxd/laptop-prices-dataset
65509a8338ddc0303e7b,Asus,Gaming,15.6,False,1920x1080,1920,1080,False,False,Intel Core i7,2.8,8,Nvidia GeForce GTX,1000.0,0.0,0.0,1000.0,Windows,2.2,637.09,unspecified,True,paperxd/laptop-prices-dataset
7859f1b3ca89435705f6,Asus,Gaming,15.6,False,1920x1080,1920,1080,False,False,Intel Core i7,2.8,8,Nvidia GeForce GTX,0.0,256.0,0.0,256.0,Windows,2.5,670.66,unspecified,True,paperxd/laptop-prices-dataset
36ca09c4215aefbdf311,Asus,Gaming,17.3,False,1920x1080,1920,1080,False,False,Intel Core i7,2.8,8,Nvidia GeForce GTX,1000.0,0.0,0.0,1000.0,Windows,3.0,697.51,unspecified,True,paperxd/laptop-prices-dataset
67ab8f94bb4b968d0b3c,Asus,Gaming,17.3,False,1920x1080,1920,1080,False,False,Intel Core i7,2.8,8,Nvidia GeForce GTX,1000.0,128.0,0.0,1128.0,Windows,3.0,784.11,unspecified,True,paperxd/laptop-prices-dataset
a3ab972bb693befb3578,Asus,Gaming,15.6,False,1920x1080,1920,1080,False,True,Intel Core i7,2.8,8,Nvidia GeForce GTX,1000.0,0.0,0.0,1000.0,No OS,2.5,784.78,unspecified,True,paperxd/laptop-prices-dataset
494f891347762b11be12,Asus,Gaming,15.6,False,1920x1080,1920,1080,False,False,Intel Core i7,2.6,8,Nvidia GeForce GTX,1000.0,0.0,0.0,1000.0,Windows,2.2,784.78,unspecified,True,paperxd/laptop-prices-dataset
78c639506a886cbbdb8b,Asus,Gaming,17.3,False,1920x1080,1920,1080,False,False,Intel Core i7,2.8,8,Nvidia GeForce GTX,1000.0,0.0,0.0,1000.0,Windows,3.0,796.87,unspecified,True,paperxd/laptop-prices-dataset
4f3c870d174484ac1746,Asus,Gaming,15.6,False,1920x1080,1920,1080,False,False,Intel Core i7,2.8,8,Nvidia GeForce GTX,1000.0,128.0,0.0,1128.0,Windows,2.5,849.23,unspecified,True,paperxd/laptop-prices-dataset
c492f30bb7321a1c01ad,Asus,Gaming,17.3,False,1920x1080,1920,1080,False,False,Intel Core i7,2.6,8,Nvidia GeForce GTX,1000.0,128.0,0.0,1128.0,Windows,3.52,881.11,unspecified,True,paperxd/laptop-prices-dataset
3f3596acfa601e8b26d0,Asus,Gaming,15.6,False,1920x1080,1920,1080,False,False,Intel Core i7,2.8,8,Nvidia GeForce GTX,1000.0,128.0,0.0,1128.0,Windows,2.24,898.91,unspecified,True,paperxd/laptop-prices-dataset
74d8ecea59bc525518b7,Asus,Gaming,15.6,False,1920x1080,1920,1080,False,False,Intel Core i7,2.8,8,Nvidia GeForce GTX,1000.0,128.0,0.0,1128.0,Windows,1.99,906.29,unspecified,True,paperxd/laptop-prices-dataset
612c7e6ca0c1638c9d5e,Asus,Gaming,17.3,False,1920x1080,1920,1080,False,True,Intel Core i7,2.8,8,Nvidia GeForce GTX,1000.0,256.0,0.0,1256.0,Windows,2.7,1073.45,unspecified,True,paperxd/laptop-prices-dataset
128648f82d08b7c19c17,Asus,Gaming,15.6,False,1920x1080,1920,1080,False,True,Intel Core i7,2.8,8,Nvidia GeForce GTX,1000.0,128.0,0.0,1128.0,Windows,2.3,1111.05,unspecified,True,paperxd/laptop-prices-dataset
2c74742d97890df9d2c5,Asus,Gaming,17.3,False,1920x1080,1920,1080,False,False,Intel Core i7,2.8,12,Nvidia GeForce GTX,1000.0,0.0,0.0,1000.0,Linux,3.0,637.09,unspecified,True,paperxd/laptop-prices-dataset
09a5cf22cae3d416c432,Asus,Gaming,17.3,False,1920x1080,1920,1080,False,True,Intel Core i7,2.6,16,Nvidia GeForce GTX,1000.0,0.0,0.0,1000.0,No OS,4.0,669.99,unspecified,True,paperxd/laptop-prices-dataset
bc0a6c23bf28d25b1512,Asus,Gaming,15.6,False,1920x1080,1920,1080,False,True,Intel Core i7,2.6,16,Nvidia GeForce GTX,1000.0,128.0,0.0,1128.0,Windows,2.59,898.91,unspecified,True,paperxd/laptop-prices-dataset
2269872d0e7e92b325b0,Asus,Gaming,17.3,False,1920x1080,1920,1080,False,False,Intel Core i7,2.8,16,Nvidia GeForce GTX,1000.0,256.0,0.0,1256.0,Windows,2.9,944.56,unspecified,True,paperxd/laptop-prices-dataset
de69418d2dfce5f5f412,Asus,Gaming,15.6,False,1920x1080,1920,1080,False,True,Intel Core i7,2.8,16,Nvidia GeForce GTX,1000.0,128.0,0.0,1128.0,Windows,2.2,972.75,unspecified,True,paperxd/laptop-prices-dataset
59dfbd43d0323248b265,Asus,Gaming,17.3,False,1920x1080,1920,1080,False,False,Intel Core i7,2.8,16,Nvidia GeForce GTX,1000.0,256.0,0.0,1256.0,Windows,3.0,1009.68,unspecified,True,paperxd/laptop-prices-dataset
49e96b2de5ecaca221db,Asus,Gaming,17.3,False,1920x1080,1920,1080,False,False,Intel Core i7,2.8,16,Nvidia GeForce GTX,1000.0,256.0,0.0,1256.0,Windows,2.9,1026.46,unspecified,True,paperxd/laptop-prices-dataset
560e36a454863ef1f656,Asus,Gaming,17.3,False,1920x1080,1920,1080,False,False,Intel Core i7,2.8,16,Nvidia GeForce GTX,1000.0,256.0,0.0,1256.0,Windows,3.0,1068.08,unspecified,True,paperxd/laptop-prices-dataset
8ad3cacbc0795c45bd8f,Asus,Gaming,17.3,False,1920x1080,1920,1080,False,False,Intel Core i7,2.8,16,Nvidia GeForce GTX,1000.0,256.0,0.0,1256.0,Windows,2.99,1174.15,unspecified,True,paperxd/laptop-prices-dataset
40de37e8cc276ad4d633,Asus,Gaming,17.3,False,1920x1080,1920,1080,False,False,Intel Core i7,2.8,16,Nvidia GeForce GTX,1000.0,256.0,0.0,1256.0,Windows,4.3,1207.72,unspecified,True,paperxd/laptop-prices-dataset
8a80125cbb39e3545c96,Asus,Gaming,17.3,False,1920x1080,1920,1080,False,False,Intel Core i7,2.6,16,Nvidia GeForce GTX,1000.0,512.0,0.0,1512.0,Windows,2.73,1207.72,unspecified,True,paperxd/laptop-prices-dataset
d9bf576e1187a0ce968c,Asus,Gaming,15.6,False,1920x1080,1920,1080,False,False,Intel Core i7,2.8,16,Nvidia GeForce GTX,1000.0,256.0,0.0,1256.0,Windows,2.5,1207.72,unspecified,True,paperxd/laptop-prices-dataset
43dffe412cd7962628bf,Asus,Gaming,15.6,False,1920x1080,1920,1080,False,False,Intel Core i7,2.8,16,Nvidia GeForce GTX,1000.0,128.0,0.0,1128.0,Windows,2.1,1274.85,unspecified,True,paperxd/laptop-prices-dataset
f0a97262d1b4c5891c5c,Asus,Gaming,17.3,False,1920x1080,1920,1080,False,True,Intel Core i7,2.6,16,Nvidia GeForce GTX,1000.0,128.0,0.0,1128.0,Windows,4.0,1275.52,unspecified,True,paperxd/laptop-prices-dataset
0340a33bc21f48cad0d1,Asus,Gaming,17.3,False,1920x1080,1920,1080,False,False,Intel Core i7,2.8,16,Nvidia GeForce GTX,1000.0,256.0,0.0,1256.0,Windows,2.9,1308.42,unspecified,True,paperxd/laptop-prices-dataset
b328ecd4cf45d8cfb1c8,Asus,Gaming,17.3,False,1920x1080,1920,1080,False,False,Intel Core i7,2.8,16,Nvidia GeForce GTX,1000.0,256.0,0.0,1256.0,Windows,2.73,1376.16,unspecified,True,paperxd/laptop-prices-dataset
0ab3b924aa290740381a,Asus,Gaming,17.3,False,1920x1080,1920,1080,False,False,Intel Core i7,2.8,16,Nvidia GeForce GTX,1000.0,256.0,0.0,1256.0,Windows,2.9,1424.56,unspecified,True,paperxd/laptop-prices-dataset
bac1cbdbd712755ba147,Asus,Gaming,17.3,False,1920x1080,1920,1080,False,True,Intel Core i7,2.6,16,Nvidia GeForce GTX,1000.0,512.0,0.0,1512.0,Windows,4.3,1443.36,unspecified,True,paperxd/laptop-prices-dataset
45c638f1b90ccb1ede1d,Asus,Gaming,17.3,False,1920x1080,1920,1080,False,True,Intel Core i7,2.6,16,Nvidia GeForce GTX,1000.0,128.0,0.0,1128.0,Windows,4.3,1543.38,unspecified,True,paperxd/laptop-prices-dataset
184e77b022f98ef33b5f,Asus,Gaming,15.6,False,1920x1080,1920,1080,False,True,Intel Core i7,2.6,16,Nvidia GeForce GTX,1000.0,256.0,0.0,1256.0,Windows,2.34,1560.84,unspecified,True,paperxd/laptop-prices-dataset
d5daea5486f7c349b50d,Asus,Gaming,17.3,False,1920x1080,1920,1080,False,True,Intel Core i7,2.6,16,Nvidia GeForce GTX,1000.0,256.0,0.0,1256.0,Windows,4.3,1577.62,unspecified,True,paperxd/laptop-prices-dataset
6649c45c0eb1b4ca24c3,Asus,Gaming,17.3,False,1920x1080,1920,1080,False,False,Intel Core i7,2.8,16,Nvidia GeForce GTX,1000.0,256.0,0.0,1256.0,Windows,2.9,1623.94,unspecified,True,paperxd/laptop-prices-dataset
ce3ca9d53e6e078f74af,Asus,Gaming,15.6,False,1920x1080,1920,1080,False,False,Intel Core i7,2.8,16,Nvidia GeForce GTX,1000.0,256.0,0.0,1256.0,Windows,2.2,1644.08,unspecified,True,paperxd/laptop-prices-dataset
79b759f320ef7690bf09,Asus,Gaming,17.3,False,1920x1080,1920,1080,False,False,Intel Core i7,2.9,16,Nvidia GeForce GTX,0.0,256.0,0.0,256.0,Windows,3.6,2013.31,unspecified,True,paperxd/laptop-prices-dataset
98f62297b7fc66a8e234,Asus,Gaming,17.3,False,1920x1080,1920,1080,True,True,Intel Core i7,2.6,24,Nvidia GeForce GTX,1000.0,256.0,0.0,1256.0,Windows,4.33,851.92,unspecified,True,paperxd/laptop-prices-dataset
20ed99863573103af2a1,Asus,Gaming,15.6,False,1920x1080,1920,1080,False,False,Intel Core i7,2.8,24,Nvidia GeForce GTX,0.0,512.0,0.0,512.0,Windows,2.24,1992.5,unspecified,True,paperxd/laptop-prices-dataset
65dba740585a7c0e999a,Asus,Gaming,17.3,False,1920x1080,1920,1080,False,True,Intel Core i7,2.7,32,Nvidia GeForce GTX,0.0,512.0,0.0,512.0,Windows,3.58,858.63,unspecified,True,paperxd/laptop-prices-dataset
62d1fa6ac909f2872f14,Asus,Gaming,17.3,False,1920x1080,1920,1080,False,True,Intel Core i7,2.7,32,Nvidia GeForce GTX,0.0,512.0,0.0,512.0,Windows,3.8,1879.05,unspecified,True,paperxd/laptop-prices-dataset
ea42989f44f34d792bfd,Asus,Gaming,17.3,False,1920x1080,1920,1080,False,False,Intel Core i7,2.9,32,Nvidia GeForce GTX,1000.0,512.0,0.0,1512.0,Windows,4.7,2611.47,unspecified,True,paperxd/laptop-prices-dataset
28a0e63fee4253b3f1fc,Asus,Gaming,17.3,False,1920x1080,1920,1080,False,True,Intel Core i7,2.7,64,Nvidia GeForce GTX,0.0,1000.0,0.0,1000.0,Windows,3.58,2668.53,unspecified,True,paperxd/laptop-prices-dataset
f053c1e3649be0db59d2,Asus,Netbook,11.6,False,1366x768,1366,768,False,False,Intel Celeron Dual Core,1.1,2,Intel HD Graphics,0.0,0.0,32.0,32.0,Windows,1.1,164.48,unspecified,True,paperxd/laptop-prices-dataset
050023f7b75d4e9b3123,Asus,Netbook,11.6,False,1366x768,1366,768,False,False,Intel Celeron Dual Core,1.6,4,Intel HD Graphics,0.0,0.0,16.0,16.0,ChromeOS,1.2,193.28,unspecified,True,paperxd/laptop-prices-dataset
185b998306ae044fcb58,Asus,Netbook,11.6,False,1366x768,1366,768,False,False,Intel Celeron Dual Core,1.1,4,Intel HD Graphics,0.0,0.0,64.0,64.0,Windows,1.2,228.25,unspecified,True,paperxd/laptop-prices-dataset
b0d3533ecfc23643e627,Asus,Notebook,15.6,False,1920x1080,1920,1080,False,False,AMD A10-Series,2.5,4,AMD Radeon R5,1000.0,128.0,0.0,1128.0,Windows,2.2,386.01,unspecified,True,paperxd/laptop-prices-dataset
51b4381d036329474ea3,Asus,Notebook,15.6,False,1366x768,1366,768,False,False,AMD A9-Series,3.0,4,AMD Radeon R5,1000.0,0.0,0.0,1000.0,Windows,2.03,270.55,unspecified,True,paperxd/laptop-prices-dataset
60bc6f4d0db54372a313,Asus,Notebook,15.6,False,1366x768,1366,768,False,False,AMD A9-Series,3.0,4,AMD Radeon R5,1000.0,0.0,0.0,1000.0,Windows,1.68,314.85,unspecified,True,paperxd/laptop-prices-dataset
d507fe228f1eff89ff5d,Asus,Notebook,14.0,False,1366x768,1366,768,False,False,AMD E-Series,1.5,2,AMD Radeon R2,0.0,0.0,32.0,32.0,Windows,1.65,133.59,unspecified,True,paperxd/laptop-prices-dataset
843664796576a2a7eab2,Asus,Notebook,14.0,False,1366x768,1366,768,False,False,AMD E-Series,1.5,4,AMD Radeon R2,0.0,64.0,0.0,64.0,Windows,1.65,186.62,unspecified,True,paperxd/laptop-prices-dataset
a6bdfc64eba925e9d128,Asus,Notebook,15.6,False,1366x768,1366,768,False,False,AMD E-Series,1.8,4,AMD Radeon R2,500.0,0.0,0.0,500.0,Windows,2.0,234.29,unspecified,True,paperxd/laptop-prices-dataset
6f64c1249920ef64b7ce,Asus,Notebook,15.6,False,1366x768,1366,768,False,False,Intel Celeron Dual Core,1.1,4,Intel HD Graphics,500.0,0.0,0.0,500.0,Linux,2.0,150.38,unspecified,True,paperxd/laptop-prices-dataset
de54770d53749dc35832,Asus,Notebook,15.6,False,1366x768,1366,768,False,False,Intel Celeron Dual Core,1.1,4,Intel HD Graphics,1000.0,0.0,0.0,1000.0,Linux,2.0,184.61,unspecified,True,paperxd/laptop-prices-dataset
8613175f50984306489c,Asus,Notebook,14.0,False,1366x768,1366,768,False,False,Intel Celeron Dual Core,1.1,4,Intel HD Graphics,0.0,0.0,32.0,32.0,Windows,1.5,186.63,unspecified,True,paperxd/laptop-prices-dataset
5e9c8f69336c1e7c468a,Asus,Notebook,14.0,False,1366x768,1366,768,False,False,Intel Celeron Dual Core,1.1,4,Intel HD Graphics,0.0,0.0,32.0,32.0,Windows,1.5,192.0,unspecified,True,paperxd/laptop-prices-dataset
e84b0108a44669ae16f0,Asus,Notebook,14.0,False,1920x1080,1920,1080,False,False,Intel Celeron Dual Core,1.1,4,Intel HD Graphics,0.0,0.0,32.0,32.0,Windows,1.5,200.06,unspecified,True,paperxd/laptop-prices-dataset
6328def7e261850ed742,Asus,Notebook,14.0,False,1366x768,1366,768,False,False,Intel Celeron Dual Core,1.1,4,Intel HD Graphics,0.0,0.0,32.0,32.0,Windows,1.63,200.73,unspecified,True,paperxd/laptop-prices-dataset
6a330f9886aa9b548fb2,Asus,Notebook,15.6,False,1366x768,1366,768,False,False,Intel Celeron Dual Core,1.1,4,Intel HD Graphics,1000.0,0.0,0.0,1000.0,Windows,2.0,227.58,unspecified,True,paperxd/laptop-prices-dataset
28122c0cdbdbd4cc683c,Asus,Notebook,15.6,False,1920x1080,1920,1080,False,False,Intel Celeron Dual Core,1.1,4,Intel HD Graphics,1000.0,0.0,0.0,1000.0,Windows,2.0,230.94,unspecified,True,paperxd/laptop-prices-dataset
8a8a42a4c0c97f3780f1,Asus,Notebook,14.1,False,1366x768,1366,768,False,False,Intel Celeron Dual Core,1.1,4,Intel HD Graphics,0.0,0.0,32.0,32.0,Windows,1.65,233.62,unspecified,True,paperxd/laptop-prices-dataset
242a347b6130a99d0128,Asus,Notebook,15.6,False,1366x768,1366,768,False,False,Intel Celeron Dual Core,1.6,4,Intel HD Graphics,500.0,0.0,0.0,500.0,Windows,2.2,247.72,unspecified,True,paperxd/laptop-prices-dataset
4131272540b2a9a3515f,Asus,Notebook,15.6,False,1366x768,1366,768,False,False,Intel Celeron Dual Core,1.1,4,Intel HD Graphics,0.0,128.0,0.0,128.0,Windows,1.86,281.29,unspecified,True,paperxd/laptop-prices-dataset
38ee50f2c55131582861,Asus,Notebook,15.6,False,1366x768,1366,768,False,False,Intel Celeron Dual Core,1.1,8,Intel HD Graphics,1000.0,0.0,0.0,1000.0,Windows,2.0,267.86,unspecified,True,paperxd/laptop-prices-dataset
3575f0f3847a1fcd7178,Asus,Notebook,15.6,False,1920x1080,1920,1080,False,False,Intel Core i3,2.0,4,Intel HD Graphics,1000.0,0.0,0.0,1000.0,Linux,2.0,261.15,unspecified,True,paperxd/laptop-prices-dataset
84541f885ac9483426e9,Asus,Notebook,15.6,False,1366x768,1366,768,False,False,Intel Core i3,2.4,4,Intel HD Graphics,1000.0,0.0,0.0,1000.0,Windows,2.37,267.85,unspecified,True,paperxd/laptop-prices-dataset
243b4847a0b0b201a0e5,Asus,Notebook,15.6,False,1920x1080,1920,1080,False,False,Intel Core i3,2.0,4,Intel HD Graphics,0.0,256.0,0.0,256.0,Linux,2.0,278.6,unspecified,True,paperxd/laptop-prices-dataset
20e355720b20864c2faf,Asus,Notebook,15.6,False,1366x768,1366,768,False,False,Intel Core i3,2.4,4,Intel HD Graphics,1000.0,0.0,0.0,1000.0,Windows,2.0,292.03,unspecified,True,paperxd/laptop-prices-dataset
6c607231980c3ba52109,Asus,Notebook,14.0,False,1366x768,1366,768,False,False,Intel Core i3,2.4,4,Intel HD Graphics,0.0,128.0,0.0,128.0,Windows,1.3,341.71,unspecified,True,paperxd/laptop-prices-dataset
7655dff9c05bd152537a,Asus,Notebook,17.3,False,1920x1080,1920,1080,False,False,Intel Core i3,2.0,4,Nvidia GeForce,1000.0,0.0,0.0,1000.0,Windows,2.0,378.63,unspecified,True,paperxd/laptop-prices-dataset
7c390712ba37448f6c2e,Asus,Notebook,14.0,False,1920x1080,1920,1080,False,False,Intel Core i3,2.4,4,Intel HD Graphics,0.0,256.0,0.0,256.0,Windows,2.0,516.25,unspecified,True,paperxd/laptop-prices-dataset
2613f01ad5471e1c196b,Asus,Notebook,15.6,False,1920x1080,1920,1080,False,False,Intel Core i3,2.4,6,Nvidia GeForce,0.0,256.0,0.0,256.0,Windows,2.0,387.36,unspecified,True,paperxd/laptop-prices-dataset
9278f1028b9d8cde8a7a,Asus,Notebook,14.0,True,1920x1080,1920,1080,False,False,Intel Core i3,2.4,8,Nvidia GeForce,1000.0,0.0,0.0,1000.0,Linux,2.3,400.78,unspecified,True,paperxd/laptop-prices-dataset
9242e13564af2a51894c,Asus,Notebook,15.6,False,1920x1080,1920,1080,False,False,Intel Core i5,2.5,4,Nvidia GeForce,1000.0,0.0,0.0,1000.0,Linux,2.1,348.42,unspecified,True,paperxd/laptop-prices-dataset
3376422a1a5292b79476,Asus,Notebook,15.6,False,1920x1080,1920,1080,False,False,Intel Core i5,2.5,4,Intel HD Graphics,0.0,256.0,0.0,256.0,Linux,2.0,375.27,unspecified,True,paperxd/laptop-prices-dataset
75169ec62c3bf47966d1,Asus,Notebook,15.6,False,1366x768,1366,768,False,False,Intel Core i5,2.3,4,Nvidia GeForce GTX,1000.0,0.0,0.0,1000.0,No OS,2.45,388.7,unspecified,True,paperxd/laptop-prices-dataset
f27390ef0ef1789ca2a6,Asus,Notebook,15.6,False,1366x768,1366,768,False,False,Intel Core i5,2.5,4,Intel HD Graphics,0.0,256.0,0.0,256.0,Windows,2.0,393.53,unspecified,True,paperxd/laptop-prices-dataset
ba289a8788c5a9da4127,Asus,Notebook,15.6,False,1366x768,1366,768,False,False,Intel Core i5,2.5,8,Nvidia GeForce,1000.0,0.0,0.0,1000.0,Linux,2.3,351.1,unspecified,True,paperxd/laptop-prices-dataset
110fdf5f4dc5b339753d,Asus,Notebook,15.6,False,1920x1080,1920,1080,False,False,Intel Core i5,2.5,8,Intel HD Graphics,128.0,0.0,0.0,128.0,Windows,2.3,396.08,unspecified,True,paperxd/laptop-prices-dataset
abf669ca0f2edb644f03,Asus,Notebook,15.6,False,1920x1080,1920,1080,False,False,Intel Core i5,2.5,8,Intel HD Graphics,1000.0,0.0,0.0,1000.0,Windows,2.37,502.82,unspecified,True,paperxd/laptop-prices-dataset
30b1fedea5f68f9d9ea9,Asus,Notebook,15.6,False,1920x1080,1920,1080,False,False,Intel Core i5,2.5,8,Nvidia GeForce,0.0,256.0,0.0,256.0,Windows,2.0,516.25,unspecified,True,paperxd/laptop-prices-dataset
2107f0016af420aac2b9,Asus,Notebook,15.6,False,1920x1080,1920,1080,False,False,Intel Core i5,2.5,8,Nvidia GeForce GTX,1000.0,128.0,0.0,1128.0,Windows,2.5,563.24,unspecified,True,paperxd/laptop-prices-dataset
2353c2b889d8a9250642,Asus,Notebook,17.3,False,1920x1080,1920,1080,False,False,Intel Core i5,2.5,8,Nvidia GeForce GTX,500.0,256.0,0.0,756.0,Windows,2.69,598.15,unspecified,True,paperxd/laptop-prices-dataset
8df9cfb902d6153f2c49,Asus,Notebook,15.6,False,1920x1080,1920,1080,False,False,Intel Core i5,2.5,8,Nvidia GeForce GTX,1000.0,0.0,0.0,1000.0,Windows,1.99,608.64,unspecified,True,paperxd/laptop-prices-dataset
5d01729ed2b971cc7d0c,Asus,Notebook,14.0,False,1920x1080,1920,1080,False,False,Intel Core i5,1.6,8,Intel UHD Graphics,0.0,256.0,0.0,256.0,Windows,1.4,631.72,unspecified,True,paperxd/laptop-prices-dataset
a94012e56b18500e191f,Asus,Notebook,14.0,False,1920x1080,1920,1080,False,False,Intel Core i5,2.5,8,Intel HD Graphics,0.0,256.0,0.0,256.0,Windows,2.0,634.4,unspecified,True,paperxd/laptop-prices-dataset
a2768e87c2957fca0d88,Asus,Notebook,15.6,False,1920x1080,1920,1080,False,False,Intel Core i5,2.5,8,Intel HD Graphics,0.0,256.0,0.0,256.0,Windows,2.37,737.79,unspecified,True,paperxd/laptop-prices-dataset
03f63fbb186e42bd701d,Asus,Notebook,13.3,False,3200x1800,3200,1800,False,False,Intel Core i5,2.5,8,Intel HD Graphics,0.0,256.0,0.0,256.0,Windows,1.4,772.03,unspecified,True,paperxd/laptop-prices-dataset
2a0f63bb9335d1734e00,Asus,Notebook,15.6,False,1366x768,1366,768,False,False,Intel Core i7,2.5,4,Nvidia GeForce,500.0,0.0,0.0,500.0,Windows,2.2,483.57,unspecified,True,paperxd/laptop-prices-dataset
851c64a6ec7773b2179e,Asus,Notebook,15.6,False,1366x768,1366,768,False,False,Intel Core i7,2.7,4,Intel HD Graphics,0.0,256.0,0.0,256.0,Windows,2.37,570.56,unspecified,True,paperxd/laptop-prices-dataset
d9e7b5670ee17a45e381,Asus,Notebook,15.6,False,1920x1080,1920,1080,False,True,Intel Core i7,2.7,8,Nvidia GeForce GTX,0.0,256.0,0.0,256.0,Windows,2.3,528.34,unspecified,True,paperxd/laptop-prices-dataset
1eba79c88d69624b0578,Asus,Notebook,17.3,False,1920x1080,1920,1080,False,False,Intel Core i7,2.7,8,Nvidia GeForce GTX,1000.0,128.0,0.0,1128.0,No OS,2.69,596.81,unspecified,True,paperxd/laptop-prices-dataset
9dfb3464074ab3d5aae5,Asus,Notebook,14.0,False,1920x1080,1920,1080,False,False,Intel Core i7,2.7,8,Intel HD Graphics,0.0,256.0,0.0,256.0,Windows,2.0,734.43,unspecified,True,paperxd/laptop-prices-dataset
4cac8e1da591d37e9489,Asus,Notebook,15.6,False,1920x1080,1920,1080,False,False,Intel Core i7,1.8,8,Nvidia GeForce,0.0,256.0,0.0,256.0,Windows,1.7,750.54,unspecified,True,paperxd/laptop-prices-dataset
6eb816291ea59943d054,Asus,Notebook,17.3,False,1920x1080,1920,1080,False,False,Intel Core i7,1.8,8,Nvidia GeForce,1000.0,128.0,0.0,1128.0,Windows,2.1,768.67,unspecified,True,paperxd/laptop-prices-dataset
a5cf4e6e8784db9ea389,Asus,Notebook,15.6,False,1920x1080,1920,1080,False,False,Intel Core i7,2.7,8,Intel HD Graphics,1000.0,256.0,0.0,1256.0,Windows,2.0,821.71,unspecified,True,paperxd/laptop-prices-dataset
d28356ed45c70b2362d2,Asus,Notebook,15.6,False,3840x2160,3840,2160,False,True,Intel Core i7,2.7,8,Nvidia GeForce GTX,1000.0,256.0,0.0,1256.0,Windows,2.0,872.06,unspecified,True,paperxd/laptop-prices-dataset
2ae7f22983287a8db9de,Asus,Notebook,14.0,False,1920x1080,1920,1080,False,False,Intel Core i7,2.7,8,Intel HD Graphics,1000.0,256.0,0.0,1256.0,Windows,2.0,895.55,unspecified,True,paperxd/laptop-prices-dataset
5296cfb56b80563ddb04,Asus,Notebook,15.6,False,3840x2160,3840,2160,False,True,Intel Core i7,2.6,12,Intel HD Graphics,1000.0,128.0,0.0,1128.0,Windows,2.06,872.06,unspecified,True,paperxd/laptop-prices-dataset
47e5646916b81cc4597b,Asus,Notebook,15.6,False,1920x1080,1920,1080,False,False,Intel Core i7,2.8,16,Nvidia GeForce GTX,1000.0,128.0,0.0,1128.0,Windows,2.2,1174.15,unspecified,True,paperxd/laptop-prices-dataset
5ec551547ec05fb6a005,Asus,Notebook,15.6,False,1920x1080,1920,1080,False,False,Intel Pentium Dual Core,1.1,8,Intel HD Graphics,0.0,128.0,0.0,128.0,Windows,2.0,390.65,unspecified,True,paperxd/laptop-prices-dataset
e08ba2e42c028f498a56,Asus,Notebook,15.6,False,1366x768,1366,768,False,False,Intel Pentium Quad Core,1.1,4,Intel HD Graphics,500.0,0.0,0.0,500.0,Windows,2.0,204.08,unspecified,True,paperxd/laptop-prices-dataset
816e037f87478bce89df,Asus,Notebook,15.6,False,1366x768,1366,768,False,False,Intel Pentium Quad Core,1.6,4,Intel HD Graphics,1000.0,0.0,0.0,1000.0,Windows,2.65,207.44,unspecified,True,paperxd/laptop-prices-dataset
84a8782a98963c549153,Asus,Notebook,15.6,False,1366x768,1366,768,False,False,Intel Pentium Quad Core,1.1,4,Intel HD Graphics,1000.0,0.0,0.0,1000.0,Linux,2.0,267.85,unspecified,True,paperxd/laptop-prices-dataset
85d8cc245bc06ffdbc7b,Asus,Notebook,15.6,False,1366x768,1366,768,False,False,Intel Pentium Quad Core,1.1,4,Intel HD Graphics,1000.0,0.0,0.0,1000.0,Windows,2.0,301.43,unspecified,True,paperxd/laptop-prices-dataset
0b5fa753cf137ebecf7b,Asus,Notebook,17.3,False,1366x768,1366,768,False,False,Intel Pentium Quad Core,1.1,4,Nvidia GeForce,1000.0,0.0,0.0,1000.0,Windows,2.8,312.84,unspecified,True,paperxd/laptop-prices-dataset
667829c5ed999125ac7f,Asus,Notebook,17.3,False,1366x768,1366,768,False,False,Intel Pentium Quad Core,1.1,4,Nvidia GeForce,1000.0,0.0,0.0,1000.0,Windows,2.8,315.75,unspecified,True,paperxd/laptop-prices-dataset
cd2cc6e46f1929841959,Asus,Notebook,17.3,False,1600x900,1600,900,False,False,Intel Pentium Quad Core,1.6,4,Nvidia GeForce,1000.0,0.0,0.0,1000.0,Windows,2.8,355.8,unspecified,True,paperxd/laptop-prices-dataset
833b4e3d50395d8a5255,Asus,Ultrabook,13.3,False,1920x1080,1920,1080,False,True,Intel Core M,0.9,8,Intel HD Graphics,0.0,512.0,0.0,512.0,Windows,1.2,489.4,unspecified,True,paperxd/laptop-prices-dataset
edb3cfa37dd31432edd4,Asus,Ultrabook,15.6,False,1920x1080,1920,1080,False,False,Intel Core i5,2.5,8,Nvidia GeForce,0.0,256.0,0.0,256.0,Windows,1.7,655.89,unspecified,True,paperxd/laptop-prices-dataset
a696b7c988a41358b140,Asus,Ultrabook,13.3,False,1920x1080,1920,1080,False,True,Intel Core i5,2.3,8,Nvidia GeForce,0.0,512.0,0.0,512.0,Windows,1.45,688.78,unspecified,True,paperxd/laptop-prices-dataset
fbeeb5a7f1229e8c8400,Asus,Ultrabook,13.3,False,3200x1800,3200,1800,False,True,Intel Core i5,2.5,8,Intel HD Graphics,0.0,256.0,0.0,256.0,Windows,1.2,757.93,unspecified,True,paperxd/laptop-prices-dataset
4c4070149888f450b499,Asus,Ultrabook,14.0,False,1920x1080,1920,1080,False,False,Intel Core i5,2.5,8,Intel HD Graphics,0.0,256.0,0.0,256.0,Windows,1.1,761.96,unspecified,True,paperxd/laptop-prices-dataset
7a0817cdf40c332ab68d,Asus,Ultrabook,14.0,False,1920x1080,1920,1080,False,False,Intel Core i7,2.7,8,Intel HD Graphics,0.0,256.0,0.0,256.0,Windows,1.25,704.22,unspecified,True,paperxd/laptop-prices-dataset
fd1530046388acc8a681,Asus,Ultrabook,15.6,False,1920x1080,1920,1080,False,False,Intel Core i7,2.7,8,Nvidia GeForce,0.0,256.0,0.0,256.0,Windows,1.7,704.83,unspecified,True,paperxd/laptop-prices-dataset
fd6538fb07e55d4200ac,Asus,Ultrabook,14.0,False,1920x1080,1920,1080,False,False,Intel Core i7,1.8,8,Intel UHD Graphics,0.0,256.0,0.0,256.0,Windows,1.25,737.79,unspecified,True,paperxd/laptop-prices-dataset
4d0458ee99b1ae9d2765,Asus,Ultrabook,14.0,False,1920x1080,1920,1080,False,True,Intel Core i7,2.7,8,Nvidia GeForce,0.0,256.0,0.0,256.0,Windows,1.3,800.89,unspecified,True,paperxd/laptop-prices-dataset
9d7ce811495e14b8f63c,Asus,Ultrabook,13.3,False,1920x1080,1920,1080,False,False,Intel Core i7,2.5,8,Intel HD Graphics,0.0,256.0,0.0,256.0,Windows,1.45,859.3,unspecified,True,paperxd/laptop-prices-dataset
deb6e491a23b456a079a,Asus,Ultrabook,14.0,False,1920x1080,1920,1080,False,False,Intel Core i7,2.7,8,Intel HD Graphics,0.0,512.0,0.0,512.0,Windows,1.1,1257.4,unspecified,True,paperxd/laptop-prices-dataset
ea5e1bc73f8cd4870007,Asus,Ultrabook,15.6,False,1920x1080,1920,1080,False,False,Intel Core i7,1.8,16,Nvidia GeForce,1000.0,256.0,0.0,1256.0,Windows,1.5,847.22,unspecified,True,paperxd/laptop-prices-dataset
5d7a7a3979b97dc2972d,Asus,Ultrabook,15.6,False,1920x1080,1920,1080,False,False,Intel Core i7,2.7,16,Nvidia GeForce,0.0,512.0,0.0,512.0,Windows,1.63,985.51,unspecified,True,paperxd/laptop-prices-dataset
387b13a5ea863473a3da,Asus,Ultrabook,14.0,False,1920x1080,1920,1080,False,False,Intel Core i7,1.8,16,Nvidia GeForce,0.0,512.0,0.0,512.0,Windows,1.3,1003.64,unspecified,True,paperxd/laptop-prices-dataset
9c166a12e0f4362301b9,Asus,Ultrabook,13.3,False,1920x1080,1920,1080,True,False,Intel Core i7,2.7,16,Intel HD Graphics,0.0,512.0,0.0,512.0,Windows,1.1,1174.09,unspecified,True,paperxd/laptop-prices-dataset
21639b17d2daa9e5fde3,Asus,Ultrabook,14.0,False,1920x1080,1920,1080,False,False,Intel Core i7,2.7,16,Intel HD Graphics,0.0,512.0,0.0,512.0,Windows,11.1,1275.52,unspecified,True,paperxd/laptop-prices-dataset
88ac06df546307be7e90,Asus,Ultrabook,12.5,False,1920x1080,1920,1080,False,False,Intel Core i7,2.7,16,Intel HD Graphics,0.0,512.0,0.0,512.0,Windows,0.91,1309.09,unspecified,True,paperxd/laptop-prices-dataset
f008271fbe8edd8d83e5,Asus,Ultrabook,15.6,False,1920x1080,1920,1080,False,False,Intel Core i7,2.8,16,Nvidia GeForce GTX,0.0,512.0,0.0,512.0,Windows,1.8,1331.24,unspecified,True,paperxd/laptop-prices-dataset
03a360dfb4b048f67295,Chuwi,Notebook,15.6,False,1920x1080,1920,1080,False,False,Intel Atom,1.44,4,Intel HD Graphics,0.0,0.0,64.0,64.0,Windows,1.89,164.47,unspecified,True,paperxd/laptop-prices-dataset
5ada6cebe4f4480bb33c,Chuwi,Notebook,15.6,False,1920x1080,1920,1080,False,False,Intel Atom,1.44,4,Intel HD Graphics,0.0,0.0,64.0,64.0,Windows,1.89,167.09,unspecified,True,paperxd/laptop-prices-dataset
256dc605c5964702ff14,Chuwi,Notebook,12.3,False,2736x1824,2736,1824,False,True,Intel Celeron Quad Core,1.1,6,Intel HD Graphics,0.0,0.0,64.0,64.0,Windows,1.4,301.43,unspecified,True,paperxd/laptop-prices-dataset
14d1478206e12887f294,Dell,2 in 1 Convertible,12.4,True,1366x768,1366,768,True,False,Intel Core M,1.0,4,Intel HD Graphics,0.0,128.0,0.0,128.0,Windows,1.39,404.81,unspecified,True,paperxd/laptop-prices-dataset
c2ce047463f8ea3aac07,Dell,2 in 1 Convertible,15.0,False,1920x1080,1920,1080,True,False,Intel Core i3,2.4,4,Intel HD Graphics,500.0,0.0,0.0,500.0,Windows,2.08,341.71,unspecified,True,paperxd/laptop-prices-dataset
b5c43c7cf4648ec3d057,Dell,2 in 1 Convertible,13.3,False,1920x1080,1920,1080,True,False,Intel Core i3,2.4,4,Intel HD Graphics,1000.0,0.0,0.0,1000.0,Windows,1.71,435.69,unspecified,True,paperxd/laptop-prices-dataset
7d6b552edb59f81e7b41,Dell,2 in 1 Convertible,15.6,False,1920x1080,1920,1080,True,True,Intel Core i3,2.3,4,Intel HD Graphics,1000.0,0.0,0.0,1000.0,Windows,2.08,534.37,unspecified,True,paperxd/laptop-prices-dataset
71d4b340311e7f1327b9,Dell,2 in 1 Convertible,13.3,False,1920x1080,1920,1080,True,False,Intel Core i5,1.6,8,Intel UHD Graphics,1000.0,0.0,0.0,1000.0,Windows,1.55,442.41,unspecified,True,paperxd/laptop-prices-dataset
54fcf2239f687c5322c4,Dell,2 in 1 Convertible,15.6,False,1920x1080,1920,1080,True,False,Intel Core i5,1.6,8,Intel UHD Graphics,0.0,256.0,0.0,256.0,Windows,2.67,536.39,unspecified,True,paperxd/laptop-prices-dataset
c81dcae90c4c695bf500,Dell,2 in 1 Convertible,13.3,False,1920x1080,1920,1080,True,False,Intel Core i5,1.6,8,Intel UHD Graphics,0.0,256.0,0.0,256.0,Windows,1.62,549.82,unspecified,True,paperxd/laptop-prices-dataset
3630b8a0bedac59548cb,Dell,2 in 1 Convertible,15.6,False,1920x1080,1920,1080,True,True,Intel Core i5,2.5,8,Intel HD Graphics,0.0,256.0,0.0,256.0,Windows,2.191,670.66,unspecified,True,paperxd/laptop-prices-dataset
117eab5c04d0441afc69,Dell,2 in 1 Convertible,15.6,False,1920x1080,1920,1080,True,True,Intel Core i5,2.7,8,Intel HD Graphics,0.0,256.0,0.0,256.0,Windows,2.3,734.43,unspecified,True,paperxd/laptop-prices-dataset
27d8630532227f39264f,Dell,2 in 1 Convertible,13.3,False,1920x1080,1920,1080,True,True,Intel Core i5,2.5,8,Intel HD Graphics,0.0,256.0,0.0,256.0,Windows,1.6,804.92,unspecified,True,paperxd/laptop-prices-dataset
4441deca8d68904b6312,Dell,2 in 1 Convertible,12.5,False,1920x1080,1920,1080,True,False,Intel Core i5,2.5,8,Intel HD Graphics,0.0,256.0,0.0,256.0,Windows,1.34,1121.12,unspecified,True,paperxd/laptop-prices-dataset
d9fb136d2b17745faf43,Dell,2 in 1 Convertible,13.3,False,3200x1800,3200,1800,True,False,Intel Core i5,1.2,8,Intel HD Graphics,0.0,256.0,0.0,256.0,Windows,1.24,1217.12,unspecified,True,paperxd/laptop-prices-dataset
7c5f67afbe9691293b5c,Dell,2 in 1 Convertible,13.3,False,1920x1080,1920,1080,True,False,Intel Core i5,1.2,8,Intel HD Graphics,0.0,256.0,0.0,256.0,Windows,1.24,1274.85,unspecified,True,paperxd/laptop-prices-dataset
7e2c1098e6c3b2124360,Dell,2 in 1 Convertible,17.3,False,1920x1080,1920,1080,True,False,Intel Core i5,1.6,12,Nvidia GeForce,1000.0,0.0,0.0,1000.0,Windows,2.77,670.66,unspecified,True,paperxd/laptop-prices-dataset
db56961bea25f5f1ab2e,Dell,2 in 1 Convertible,13.3,False,1920x1080,1920,1080,True,False,Intel Core i7,2.5,8,Intel HD Graphics,0.0,256.0,0.0,256.0,Windows,1.62,535.73,unspecified,True,paperxd/laptop-prices-dataset
cb48af9836e601f97c60,Dell,2 in 1 Convertible,15.6,False,1920x1080,1920,1080,True,True,Intel Core i7,1.8,8,Intel UHD Graphics,1000.0,0.0,0.0,1000.0,Windows,2.08,549.82,unspecified,True,paperxd/laptop-prices-dataset
d9d82522852307aa0ac1,Dell,2 in 1 Convertible,13.3,False,1920x1080,1920,1080,True,True,Intel Core i7,1.8,8,Intel UHD Graphics,1000.0,0.0,0.0,1000.0,Windows,1.62,563.24,unspecified,True,paperxd/laptop-prices-dataset
218a39756bd056ec3b6e,Dell,2 in 1 Convertible,13.3,False,1920x1080,1920,1080,True,False,Intel Core i7,1.8,8,Intel UHD Graphics,0.0,256.0,0.0,256.0,Windows,1.62,583.39,unspecified,True,paperxd/laptop-prices-dataset
e677a979ed3aecbddb59,Dell,2 in 1 Convertible,15.6,False,1920x1080,1920,1080,True,False,Intel Core i7,1.8,8,Intel UHD Graphics,0.0,256.0,0.0,256.0,Windows,1.56,704.22,unspecified,True,paperxd/laptop-prices-dataset
79c76580814b09994c4a,Dell,2 in 1 Convertible,13.3,False,3200x1800,3200,1800,True,False,Intel Core i7,1.3,8,Intel HD Graphics,0.0,512.0,0.0,512.0,Windows,1.24,1351.45,unspecified,True,paperxd/laptop-prices-dataset
8177a25a81beaf91f9ba,Dell,2 in 1 Convertible,15.6,False,1920x1080,1920,1080,True,True,Intel Core i7,2.7,12,Intel HD Graphics,0.0,512.0,0.0,512.0,Windows,2.19,872.06,unspecified,True,paperxd/laptop-prices-dataset
829ea2ca4b84088fa2b2,Dell,2 in 1 Convertible,13.3,False,1920x1080,1920,1080,True,True,Intel Core i7,2.7,12,Intel HD Graphics,0.0,256.0,0.0,256.0,Windows,1.6,872.06,unspecified,True,paperxd/laptop-prices-dataset
94cd8aa70569fc617af9,Dell,2 in 1 Convertible,15.6,False,1920x1080,1920,1080,True,False,Intel Core i7,2.7,16,Intel HD Graphics,0.0,512.0,0.0,512.0,Windows,2.09,791.5,unspecified,True,paperxd/laptop-prices-dataset
ee10b0a6761b076f8f83,Dell,2 in 1 Convertible,13.3,False,1920x1080,1920,1080,True,False,Intel Core i7,1.8,16,Intel UHD Graphics,0.0,512.0,0.0,512.0,Windows,1.62,858.63,unspecified,True,paperxd/laptop-prices-dataset
cf7b29952547b3d77735,Dell,2 in 1 Convertible,13.3,False,1920x1080,1920,1080,True,False,Intel Core i7,1.3,16,Intel HD Graphics,0.0,256.0,0.0,256.0,Windows,1.22,1107.02,unspecified,True,paperxd/laptop-prices-dataset
49e94eb64bbf2667d77f,Dell,2 in 1 Convertible,17.3,False,1920x1080,1920,1080,True,False,Intel Core i7,2.7,16,Nvidia GeForce,0.0,512.0,0.0,512.0,Windows,2.77,1207.72,unspecified,True,paperxd/laptop-prices-dataset
8cc4be15aab122073dac,Dell,2 in 1 Convertible,13.3,False,3200x1800,3200,1800,True,False,Intel Core i7,1.3,16,Intel HD Graphics,0.0,512.0,0.0,512.0,Windows,1.22,1274.85,unspecified,True,paperxd/laptop-prices-dataset
3ea930276025fed9511f,Dell,2 in 1 Convertible,11.6,False,1366x768,1366,768,True,False,Intel Pentium Quad Core,1.6,4,Intel HD Graphics,500.0,0.0,0.0,500.0,Windows,1.47,321.57,unspecified,True,paperxd/laptop-prices-dataset
a180206b7e73470b1b47,Dell,Gaming,15.6,False,1920x1080,1920,1080,False,False,Intel Core i5,2.5,8,Nvidia GeForce GTX,1000.0,0.0,0.0,1000.0,Windows,2.56,549.82,unspecified,True,paperxd/laptop-prices-dataset
5dfa83a92e6c3edbd91e,Dell,Gaming,15.6,False,1920x1080,1920,1080,False,False,Intel Core i5,2.5,8,Nvidia GeForce GTX,0.0,256.0,0.0,256.0,Windows,2.56,590.1,unspecified,True,paperxd/laptop-prices-dataset
989e962b97c2e162547a,Dell,Gaming,15.6,False,1920x1080,1920,1080,False,False,Intel Core i5,2.5,8,Nvidia GeForce GTX,0.0,256.0,0.0,256.0,Windows,2.62,661.26,unspecified,True,paperxd/laptop-prices-dataset
b491e0640fb46dda4183,Dell,Gaming,15.6,False,1920x1080,1920,1080,False,False,Intel Core i5,2.5,8,Nvidia GeForce GTX,1000.0,0.0,0.0,1000.0,Windows,2.65,670.66,unspecified,True,paperxd/laptop-prices-dataset
6959f4851a655fb9310a,Dell,Gaming,15.6,False,1920x1080,1920,1080,False,False,Intel Core i5,2.5,8,Nvidia GeForce GTX,0.0,256.0,0.0,256.0,Windows,2.65,802.24,unspecified,True,paperxd/laptop-prices-dataset
86a3af6d4b4e97a3ba9c,Dell,Gaming,15.6,False,1920x1080,1920,1080,False,False,Intel Core i5,2.5,16,Nvidia GeForce GTX,1000.0,128.0,0.0,1128.0,Windows,3.21,1376.89,unspecified,True,paperxd/laptop-prices-dataset
edb549654dd2d71df7de,Dell,Gaming,15.6,False,1920x1080,1920,1080,False,False,Intel Core i7,2.8,8,Nvidia GeForce GTX,1000.0,0.0,0.0,1000.0,Linux,2.62,623.66,unspecified,True,paperxd/laptop-prices-dataset
b5ffc64b93b3aaa3649d,Dell,Gaming,15.6,False,1920x1080,1920,1080,False,False,Intel Core i7,2.8,8,Nvidia GeForce GTX,1000.0,128.0,0.0,1128.0,Windows,2.56,711.94,unspecified,True,paperxd/laptop-prices-dataset
efd876de43cf47c312b0,Dell,Gaming,15.6,False,1920x1080,1920,1080,False,False,Intel Core i7,2.8,8,Nvidia GeForce GTX,1000.0,0.0,0.0,1000.0,Windows,2.62,737.79,unspecified,True,paperxd/laptop-prices-dataset
b0d81606196be1214a0f,Dell,Gaming,15.6,False,1920x1080,1920,1080,False,True,Intel Core i7,2.8,8,Nvidia GeForce GTX,1000.0,128.0,0.0,1128.0,Windows,2.62,778.07,unspecified,True,paperxd/laptop-prices-dataset
f6e4026ffe325fb40980,Dell,Gaming,15.6,False,1920x1080,1920,1080,False,False,Intel Core i7,2.8,8,Nvidia GeForce GTX,1000.0,0.0,0.0,1000.0,Windows,2.62,804.92,unspecified,True,paperxd/laptop-prices-dataset
69fccf489e35ae2edf2a,Dell,Gaming,15.6,False,3840x2160,3840,2160,False,False,Intel Core i7,2.8,8,Nvidia GeForce GTX,1000.0,128.0,0.0,1128.0,Windows,2.62,1005.65,unspecified,True,paperxd/laptop-prices-dataset
f4eea7b669f87ec970e5,Dell,Gaming,15.6,False,1920x1080,1920,1080,False,False,Intel Core i7,2.6,16,Nvidia GeForce GTX,1000.0,0.0,0.0,1000.0,Windows,2.59,590.1,unspecified,True,paperxd/laptop-prices-dataset
bfa8910f1d81d776f6c7,Dell,Gaming,15.6,False,3840x2160,3840,2160,True,True,Intel Core i7,2.6,16,Nvidia GeForce GTX,1000.0,128.0,0.0,1128.0,Windows,2.72,737.79,unspecified,True,paperxd/laptop-prices-dataset
6761d44e25d6a3ddd5cc,Dell,Gaming,15.6,False,1920x1080,1920,1080,False,False,Intel Core i7,2.8,16,Nvidia GeForce GTX,0.0,512.0,0.0,512.0,Windows,2.56,838.66,unspecified,True,paperxd/laptop-prices-dataset
09175cb0d1d021f840cc,Dell,Gaming,15.6,False,3840x2160,3840,2160,False,False,Intel Core i7,2.6,16,Nvidia GeForce GTX,1000.0,256.0,0.0,1256.0,Windows,3.21,892.19,unspecified,True,paperxd/laptop-prices-dataset
4f9d374384b5d074f1ef,Dell,Gaming,15.6,False,1920x1080,1920,1080,False,True,Intel Core i7,2.8,16,Nvidia GeForce GTX,1000.0,128.0,0.0,1128.0,Windows,2.65,905.62,unspecified,True,paperxd/laptop-prices-dataset
63ecfffa87cfcc5c5ad6,Dell,Gaming,15.6,False,1920x1080,1920,1080,False,False,Intel Core i7,2.8,16,Nvidia GeForce GTX,1000.0,128.0,0.0,1128.0,Windows,2.6,905.62,unspecified,True,paperxd/laptop-prices-dataset
70f37f1440e42c25eacf,Dell,Gaming,15.6,False,1920x1080,1920,1080,False,False,Intel Core i7,2.8,16,Nvidia GeForce GTX,1000.0,256.0,0.0,1256.0,Windows,2.62,992.89,unspecified,True,paperxd/laptop-prices-dataset
056c0e3182894d916e73,Dell,Gaming,15.6,False,1920x1080,1920,1080,False,True,Intel Core i7,2.8,16,Nvidia GeForce GTX,1000.0,256.0,0.0,1256.0,Windows,2.65,1006.32,unspecified,True,paperxd/laptop-prices-dataset
735e3815e6a223df8424,Dell,Gaming,15.6,False,3840x2160,3840,2160,False,False,Intel Core i7,2.8,16,Nvidia GeForce GTX,0.0,512.0,0.0,512.0,Windows,2.62,1127.16,unspecified,True,paperxd/laptop-prices-dataset
5b05761d02bfdbcc278e,Dell,Gaming,15.6,False,3840x2160,3840,2160,False,True,Intel Core i7,2.8,16,Nvidia GeForce GTX,1000.0,512.0,0.0,1512.0,Windows,2.65,1238.6,unspecified,True,paperxd/laptop-prices-dataset
10e993caf05459f60b79,Dell,Gaming,17.3,False,1920x1080,1920,1080,False,True,Intel Core i7,2.8,16,Nvidia GeForce GTX,1000.0,256.0,0.0,1256.0,Windows,4.42,1649.01,unspecified,True,paperxd/laptop-prices-dataset
5096aeae5f33d21fb942,Dell,Gaming,17.3,False,1920x1080,1920,1080,False,True,Intel Core i7,2.8,16,Nvidia GeForce GTX,1000.0,128.0,0.0,1128.0,Windows,4.36,1681.69,unspecified,True,paperxd/laptop-prices-dataset
f44dc8c963853e899b50,Dell,Gaming,17.3,False,1920x1080,1920,1080,False,True,Intel Core i7,2.8,16,Nvidia GeForce GTX,1000.0,256.0,0.0,1256.0,Windows,4.42,1811.91,unspecified,True,paperxd/laptop-prices-dataset
aae57cd87333cb79683e,Dell,Gaming,17.3,False,2560x1440,2560,1440,False,False,Intel Core i7,2.7,16,Nvidia GeForce GTX,1000.0,512.0,0.0,1512.0,Windows,4.36,1851.52,unspecified,True,paperxd/laptop-prices-dataset
78afcd18ee133df2cbf8,Dell,Gaming,15.6,False,1920x1080,1920,1080,False,False,Intel Core i7,2.8,16,Nvidia GeForce GTX,1000.0,256.0,0.0,1256.0,Windows,3.21,1862.69,unspecified,True,paperxd/laptop-prices-dataset
9a2f828b6ef085a3a623,Dell,Gaming,27.3,False,2560x1440,2560,1440,False,True,Intel Core i7,2.9,16,Nvidia GeForce GTX,1000.0,256.0,0.0,1256.0,Windows,4.42,1879.05,unspecified,True,paperxd/laptop-prices-dataset
a35e4813b24663fdfae6,Dell,Gaming,15.6,False,1920x1080,1920,1080,False,False,Intel Core i7,2.9,16,Nvidia GeForce GTX,1000.0,256.0,0.0,1256.0,Windows,3.49,1888.95,unspecified,True,paperxd/laptop-prices-dataset
9db63229d1d915f82143,Dell,Gaming,15.6,False,3840x2160,3840,2160,False,True,Intel Core i7,2.8,16,Nvidia GeForce GTX,1000.0,256.0,0.0,1256.0,Windows,4.42,1926.03,unspecified,True,paperxd/laptop-prices-dataset
2d245d9d860ca46065ef,Dell,Gaming,17.3,False,1920x1080,1920,1080,False,True,Intel Core i7,2.8,16,Nvidia GeForce GTX,1000.0,128.0,0.0,1128.0,Windows,4.42,2022.56,unspecified,True,paperxd/laptop-prices-dataset
47ecccc3e1b6edd6ab35,Dell,Gaming,17.3,False,3840x2160,3840,2160,False,True,Intel Core i7,2.8,16,Nvidia GeForce GTX,1000.0,512.0,0.0,1512.0,Windows,4.36,2117.37,unspecified,True,paperxd/laptop-prices-dataset
46f317dc701a92510c11,Dell,Gaming,17.3,False,1920x1080,1920,1080,False,False,Intel Core i7,2.6,32,Nvidia GeForce GTX,1000.0,256.0,0.0,1256.0,Windows,4.42,1879.72,unspecified,True,paperxd/laptop-prices-dataset
8b1dbfe574ba5bdd086d,Dell,Gaming,17.3,False,1920x1080,1920,1080,False,True,Intel Core i7,2.8,32,Nvidia GeForce GTX,1000.0,512.0,0.0,1512.0,Windows,4.42,2062.92,unspecified,True,paperxd/laptop-prices-dataset
ab9adffa8f0eb5a73008,Dell,Gaming,17.3,False,3840x2160,3840,2160,False,True,Intel Core i7,2.8,32,Nvidia GeForce GTX,1000.0,512.0,0.0,1512.0,Windows,4.42,2112.92,unspecified,True,paperxd/laptop-prices-dataset
0a6456edbbe087f92842,Dell,Gaming,17.3,False,1920x1080,1920,1080,False,True,Intel Core i7,2.8,32,Nvidia GeForce GTX,1000.0,256.0,0.0,1256.0,Windows,4.42,2114.01,unspecified,True,paperxd/laptop-prices-dataset
644fd042af1a4902a819,Dell,Gaming,17.3,False,1920x1080,1920,1080,False,True,Intel Core i7,2.8,32,Nvidia GeForce GTX,1000.0,1000.0,0.0,2000.0,Windows,4.42,2409.26,unspecified,True,paperxd/laptop-prices-dataset
61b9de4f642ed08a37f3,Dell,Gaming,17.3,False,3840x2160,3840,2160,False,False,Intel Core i7,2.8,32,Nvidia GeForce GTX,1000.0,1000.0,0.0,2000.0,Windows,4.36,2456.66,unspecified,True,paperxd/laptop-prices-dataset
ae317d4ab25e013dbeed,Dell,Netbook,11.6,False,1366x768,1366,768,False,False,Intel Celeron Dual Core,1.6,4,Intel HD Graphics,0.0,0.0,16.0,16.0,ChromeOS,1.26,198.04,unspecified,True,paperxd/laptop-prices-dataset
edde7fe66de173f9fa36,Dell,Netbook,11.6,False,1366x768,1366,768,False,False,Intel Pentium Quad Core,1.1,4,Intel HD Graphics,0.0,128.0,0.0,128.0,Windows,1.63,499.47,unspecified,True,paperxd/laptop-prices-dataset
d870f7ad1fca40d8e34d,Dell,Notebook,15.6,False,1366x768,1366,768,False,False,Intel Celeron Dual Core,1.6,2,Intel HD Graphics,500.0,0.0,0.0,500.0,Windows,2.2,254.43,unspecified,True,paperxd/laptop-prices-dataset
4180d865b056536e24e3,Dell,Notebook,15.6,False,1366x768,1366,768,False,False,Intel Celeron Dual Core,1.6,4,Intel HD Graphics,500.0,0.0,0.0,500.0,Linux,2.2,184.55,unspecified,True,paperxd/laptop-prices-dataset
7875e48325ca834e62e3,Dell,Notebook,15.6,False,1366x768,1366,768,False,False,Intel Celeron Dual Core,1.6,4,Intel HD Graphics,500.0,0.0,0.0,500.0,Windows,1.8,207.44,unspecified,True,paperxd/laptop-prices-dataset
162c513f5869093492a8,Dell,Notebook,15.6,False,1366x768,1366,768,False,False,Intel Core i3,2.0,4,Intel HD Graphics,1000.0,0.0,0.0,1000.0,Linux,2.25,241.01,unspecified,True,paperxd/laptop-prices-dataset
2b8371151f85080a42e6,Dell,Notebook,15.6,False,1366x768,1366,768,False,False,Intel Core i3,2.0,4,Intel HD Graphics,1000.0,0.0,0.0,1000.0,Windows,2.3,281.04,unspecified,True,paperxd/laptop-prices-dataset
8321d1054507d430bcb0,Dell,Notebook,15.6,False,1920x1080,1920,1080,False,False,Intel Core i3,2.0,4,AMD Radeon R5,1000.0,0.0,0.0,1000.0,Linux,2.25,287.33,unspecified,True,paperxd/laptop-prices-dataset
8f9730e3d570bacd975e,Dell,Notebook,15.6,False,1366x768,1366,768,False,False,Intel Core i3,2.0,4,Intel HD Graphics,1000.0,0.0,0.0,1000.0,Linux,2.18,298.0,unspecified,True,paperxd/laptop-prices-dataset
54ac0f89cce9e5f2264c,Dell,Notebook,15.6,False,1920x1080,1920,1080,False,False,Intel Core i3,2.0,4,AMD Radeon R5,1000.0,0.0,0.0,1000.0,Windows,2.2,301.43,unspecified,True,paperxd/laptop-prices-dataset
2394829b5d61487e273a,Dell,Notebook,15.6,False,1366x768,1366,768,False,False,Intel Core i3,2.0,4,AMD Radeon R5,1000.0,0.0,0.0,1000.0,Linux,2.18,305.92,unspecified,True,paperxd/laptop-prices-dataset
e8fbb8d98c3424048b84,Dell,Notebook,15.6,False,1366x768,1366,768,False,False,Intel Core i3,2.0,4,AMD Radeon R5,1000.0,0.0,0.0,1000.0,Linux,2.18,312.17,unspecified,True,paperxd/laptop-prices-dataset
a74f0f75643371a32e75,Dell,Notebook,15.6,False,1366x768,1366,768,False,False,Intel Core i3,2.0,4,AMD Radeon R5,1000.0,0.0,0.0,1000.0,Linux,2.25,312.58,unspecified,True,paperxd/laptop-prices-dataset
44034f986a9c38257b7d,Dell,Notebook,15.6,False,1366x768,1366,768,False,False,Intel Core i3,2.3,4,Intel HD Graphics,500.0,0.0,0.0,500.0,Windows,2.06,323.57,unspecified,True,paperxd/laptop-prices-dataset
2ec6f5dfccc71063eca5,Dell,Notebook,15.6,False,1920x1080,1920,1080,False,False,Intel Core i3,2.0,4,AMD Radeon R5,0.0,256.0,0.0,256.0,Linux,2.2,325.59,unspecified,True,paperxd/laptop-prices-dataset
4cee198258ae0a115d3d,Dell,Notebook,15.6,False,1366x768,1366,768,False,False,Intel Core i3,2.0,4,Intel HD Graphics,500.0,0.0,0.0,500.0,Windows,2.29,328.95,unspecified,True,paperxd/laptop-prices-dataset
c5e92ab8e1f50a58ec7b,Dell,Notebook,15.6,False,1920x1080,1920,1080,False,False,Intel Core i3,2.0,4,AMD Radeon R5,0.0,256.0,0.0,256.0,Windows,2.2,334.93,unspecified,True,paperxd/laptop-prices-dataset
ad4bb669e7edefe882bd,Dell,Notebook,15.6,False,1366x768,1366,768,False,False,Intel Core i3,2.0,4,AMD Radeon R7,0.0,128.0,0.0,128.0,Windows,2.3,334.99,unspecified,True,paperxd/laptop-prices-dataset
e0fdee10085b670c09c2,Dell,Notebook,15.6,False,1366x768,1366,768,False,False,Intel Core i3,2.0,4,AMD Radeon R5,1000.0,0.0,0.0,1000.0,Windows,2.2,366.32,unspecified,True,paperxd/laptop-prices-dataset
3cc87d7b3952c34f4202,Dell,Notebook,15.6,False,1366x768,1366,768,False,False,Intel Core i3,2.4,4,Intel HD Graphics,0.0,128.0,0.0,128.0,Windows,2.18,367.22,unspecified,True,paperxd/laptop-prices-dataset
c324b2a5a9b91d2ec95b,Dell,Notebook,15.6,False,1366x768,1366,768,False,False,Intel Core i3,2.0,4,Intel HD Graphics,1000.0,0.0,0.0,1000.0,Windows,2.18,375.0,unspecified,True,paperxd/laptop-prices-dataset
b75f81d3675be6e0a308,Dell,Notebook,14.0,False,1366x768,1366,768,False,False,Intel Core i3,2.0,4,Intel HD Graphics,500.0,0.0,0.0,500.0,Windows,1.76,392.73,unspecified,True,paperxd/laptop-prices-dataset
5905d5c17a748a43b2f1,Dell,Notebook,15.6,False,1366x768,1366,768,False,False,Intel Core i3,2.4,4,Intel HD Graphics,1000.0,0.0,0.0,1000.0,Windows,2.18,393.8,unspecified,True,paperxd/laptop-prices-dataset
73bd6711710ca2ced538,Dell,Notebook,15.6,False,1366x768,1366,768,False,False,Intel Core i3,2.0,4,AMD Radeon R5,1000.0,0.0,0.0,1000.0,Windows,2.18,412.2,unspecified,True,paperxd/laptop-prices-dataset
f1e46fce5c6aa0d8c9e6,Dell,Notebook,15.6,False,1366x768,1366,768,False,False,Intel Core i3,2.0,4,AMD Radeon R5,1000.0,0.0,0.0,1000.0,Windows,2.18,414.81,unspecified,True,paperxd/laptop-prices-dataset
93de107de7c968559bff,Dell,Notebook,17.3,False,1600x900,1600,900,False,False,Intel Core i3,2.0,4,AMD Radeon R7,1000.0,0.0,0.0,1000.0,Windows,2.36,442.41,unspecified,True,paperxd/laptop-prices-dataset
308cbd28757c653e3948,Dell,Notebook,13.3,False,1366x768,1366,768,False,False,Intel Core i3,2.0,4,Intel HD Graphics,0.0,128.0,0.0,128.0,Windows,1.65,462.54,unspecified,True,paperxd/laptop-prices-dataset
90cc619e2bf110682805,Dell,Notebook,14.0,False,1920x1080,1920,1080,False,False,Intel Core i3,2.0,4,Intel HD Graphics,0.0,128.0,0.0,128.0,Windows,1.6,494.01,unspecified,True,paperxd/laptop-prices-dataset
760aa1b3280768ad4cbe,Dell,Notebook,13.3,False,1366x768,1366,768,False,False,Intel Core i3,2.0,4,Intel HD Graphics,500.0,0.0,0.0,500.0,Windows,1.65,569.96,unspecified,True,paperxd/laptop-prices-dataset
bab391048d793cced757,Dell,Notebook,15.6,False,1366x768,1366,768,True,False,Intel Core i3,2.4,6,Intel HD Graphics,1000.0,0.0,0.0,1000.0,Windows,2.3,294.71,unspecified,True,paperxd/laptop-prices-dataset
31c9793b901f5269df36,Dell,Notebook,15.6,False,1366x768,1366,768,False,False,Intel Core i3,2.4,6,Intel HD Graphics,1000.0,0.0,0.0,1000.0,Windows,2.3,308.14,unspecified,True,paperxd/laptop-prices-dataset
aa7d02aed1534454511d,Dell,Notebook,15.6,False,1366x768,1366,768,False,False,Intel Core i3,2.4,8,Intel HD Graphics,1000.0,0.0,0.0,1000.0,Windows,2.3,308.14,unspecified,True,paperxd/laptop-prices-dataset
7c52307c3a25055d27e8,Dell,Notebook,15.6,False,1366x768,1366,768,True,False,Intel Core i3,2.4,8,Intel HD Graphics,1000.0,0.0,0.0,1000.0,Windows,2.3,314.86,unspecified,True,paperxd/laptop-prices-dataset
ca790109dc738d206ab1,Dell,Notebook,15.6,False,1366x768,1366,768,False,False,Intel Core i3,2.0,8,Intel HD Graphics,0.0,256.0,0.0,256.0,Windows,2.0,446.43,unspecified,True,paperxd/laptop-prices-dataset
cdbffa4b932068070c0d,Dell,Notebook,15.6,False,1920x1080,1920,1080,False,False,Intel Core i3,2.0,8,AMD Radeon R5,0.0,256.0,0.0,256.0,Windows,2.0,496.11,unspecified,True,paperxd/laptop-prices-dataset
5b42b14ba8ba9e74edf6,Dell,Notebook,14.0,False,1366x768,1366,768,False,False,Intel Core i3,2.3,8,Intel HD Graphics,0.0,128.0,0.0,128.0,Windows,1.79,496.78,unspecified,True,paperxd/laptop-prices-dataset
f42bad77dcf826aefafe,Dell,Notebook,15.6,False,1366x768,1366,768,False,False,Intel Core i5,2.5,4,Intel HD Graphics,1000.0,0.0,0.0,1000.0,Linux,2.18,350.34,unspecified,True,paperxd/laptop-prices-dataset
636b9ae8767a8684e3f8,Dell,Notebook,15.6,False,1366x768,1366,768,False,False,Intel Core i5,2.3,4,Intel HD Graphics,500.0,0.0,0.0,500.0,Linux,2.09,351.53,unspecified,True,paperxd/laptop-prices-dataset
e65c36911aa0bef21fb8,Dell,Notebook,15.6,False,1920x1080,1920,1080,False,False,Intel Core i5,2.5,4,Intel HD Graphics,1000.0,0.0,0.0,1000.0,Windows,2.25,375.27,unspecified,True,paperxd/laptop-prices-dataset
7111365902f72b68716b,Dell,Notebook,15.6,False,1920x1080,1920,1080,False,False,Intel Core i5,2.5,4,AMD Radeon R5,500.0,0.0,0.0,500.0,Windows,2.3,392.73,unspecified,True,paperxd/laptop-prices-dataset
30222398cd3dab001e3a,Dell,Notebook,15.6,False,1920x1080,1920,1080,False,False,Intel Core i5,2.5,4,AMD Radeon R5,0.0,256.0,0.0,256.0,Linux,2.3,402.06,unspecified,True,paperxd/laptop-prices-dataset
0f3b49c55ce994442a62,Dell,Notebook,15.6,False,1366x768,1366,768,False,False,Intel Core i5,2.5,4,AMD Radeon R5,500.0,0.0,0.0,500.0,Windows,2.25,402.13,unspecified,True,paperxd/laptop-prices-dataset
b804970c7adfd50516ba,Dell,Notebook,15.6,False,1920x1080,1920,1080,False,False,Intel Core i5,2.5,4,AMD Radeon R5,0.0,256.0,0.0,256.0,Windows,2.3,428.98,unspecified,True,paperxd/laptop-prices-dataset
ecebbbc623faea9f5a26,Dell,Notebook,15.6,False,1920x1080,1920,1080,False,False,Intel Core i5,2.5,4,Intel HD Graphics,1000.0,0.0,0.0,1000.0,Windows,2.18,441.06,unspecified,True,paperxd/laptop-prices-dataset
77c13fecd995aca789cc,Dell,Notebook,15.6,False,1366x768,1366,768,False,False,Intel Core i5,2.5,4,AMD Radeon R5,1000.0,0.0,0.0,1000.0,Windows,2.18,459.85,unspecified,True,paperxd/laptop-prices-dataset
fbd6a87453ef2f86afae,Dell,Notebook,15.6,False,1366x768,1366,768,False,False,Intel Core i5,2.5,4,Intel HD Graphics,1000.0,0.0,0.0,1000.0,Windows,2.18,475.34,unspecified,True,paperxd/laptop-prices-dataset
69d8cc91ec51cea2b260,Dell,Notebook,15.6,False,1366x768,1366,768,False,False,Intel Core i5,2.3,4,Intel HD Graphics,500.0,0.0,0.0,500.0,Windows,1.95,490.0,unspecified,True,paperxd/laptop-prices-dataset
682ca287118a3f145fc3,Dell,Notebook,15.6,False,1366x768,1366,768,False,False,Intel Core i5,2.3,4,Intel HD Graphics,500.0,0.0,0.0,500.0,Windows,2.24,494.77,unspecified,True,paperxd/laptop-prices-dataset
a89b436c5a37c08992e5,Dell,Notebook,15.6,False,1920x1080,1920,1080,False,False,Intel Core i5,1.6,4,AMD Radeon,0.0,256.0,0.0,256.0,Windows,2.2,502.82,unspecified,True,paperxd/laptop-prices-dataset
a432a8c845af97962782,Dell,Notebook,14.0,False,1366x768,1366,768,False,False,Intel Core i5,2.3,4,Intel HD Graphics,500.0,0.0,0.0,500.0,Windows,1.76,506.85,unspecified,True,paperxd/laptop-prices-dataset
fbab0ceffdbb848173d7,Dell,Notebook,15.6,False,1366x768,1366,768,False,False,Intel Core i5,2.3,4,AMD Radeon R5,500.0,0.0,0.0,500.0,Windows,2.24,516.35,unspecified,True,paperxd/laptop-prices-dataset
5351b0e2c03e08405eda,Dell,Notebook,15.6,False,1920x1080,1920,1080,False,False,Intel Core i5,1.6,4,AMD Radeon,1000.0,0.0,0.0,1000.0,Windows,2.2,520.95,unspecified,True,paperxd/laptop-prices-dataset
73284666edf334c46d25,Dell,Notebook,15.6,False,1366x768,1366,768,False,False,Intel Core i5,2.5,4,Intel HD Graphics,500.0,0.0,0.0,500.0,Windows,1.9,553.85,unspecified,True,paperxd/laptop-prices-dataset
908655a045905584afd9,Dell,Notebook,15.6,False,1366x768,1366,768,False,False,Intel Core i5,2.6,4,Intel HD Graphics,500.0,0.0,0.0,500.0,Linux,1.93,583.38,unspecified,True,paperxd/laptop-prices-dataset
6a5167fc273034af5afa,Dell,Notebook,14.0,False,1366x768,1366,768,False,False,Intel Core i5,2.5,4,Intel HD Graphics,500.0,0.0,0.0,500.0,Windows,1.6,587.41,unspecified,True,paperxd/laptop-prices-dataset
dfcb2f1b5846056c35c0,Dell,Notebook,15.6,False,1920x1080,1920,1080,False,False,Intel Core i5,2.5,4,Nvidia GeForce,1000.0,128.0,0.0,1128.0,Windows,2.18,612.59,unspecified,True,paperxd/laptop-prices-dataset
f3c03318bb92ed57311d,Dell,Notebook,15.6,False,1366x768,1366,768,False,False,Intel Core i5,2.6,4,Intel HD Graphics,500.0,0.0,0.0,500.0,Windows,1.93,643.8,unspecified,True,paperxd/laptop-prices-dataset
9dcbe81aa22f21fc4fdc,Dell,Notebook,15.6,False,1366x768,1366,768,False,False,Intel Core i5,2.5,8,Intel HD Graphics,1000.0,0.0,0.0,1000.0,Windows,2.14,362.48,unspecified,True,paperxd/laptop-prices-dataset
e189a1cd1ba22fe963df,Dell,Notebook,15.6,False,1366x768,1366,768,True,False,Intel Core i5,2.5,8,Intel HD Graphics,2000.0,0.0,0.0,2000.0,Windows,2.36,374.18,unspecified,True,paperxd/laptop-prices-dataset
cedcc304404d9671f30c,Dell,Notebook,15.6,False,1920x1080,1920,1080,False,False,Intel Core i5,2.5,8,AMD Radeon R5,1000.0,0.0,0.0,1000.0,Windows,2.24,379.3,unspecified,True,paperxd/laptop-prices-dataset
e46dabec68c456fa28b2,Dell,Notebook,15.6,False,1366x768,1366,768,False,False,Intel Core i5,2.5,8,AMD Radeon R7,1000.0,0.0,0.0,1000.0,Linux,2.32,395.76,unspecified,True,paperxd/laptop-prices-dataset
cb21b2810116b7c804e9,Dell,Notebook,15.6,False,1920x1080,1920,1080,False,False,Intel Core i5,2.5,8,AMD Radeon R7,1000.0,0.0,0.0,1000.0,Windows,2.36,428.84,unspecified,True,paperxd/laptop-prices-dataset
21e5be4f7e42bdc88673,Dell,Notebook,15.6,False,1366x768,1366,768,False,False,Intel Core i5,2.5,8,AMD Radeon R7,1000.0,0.0,0.0,1000.0,Windows,2.36,428.97,unspecified,True,paperxd/laptop-prices-dataset
48a05f7de14490b5e249,Dell,Notebook,15.6,False,1920x1080,1920,1080,False,False,Intel Core i5,1.6,8,AMD Radeon,1000.0,0.0,0.0,1000.0,Linux,2.2,434.35,unspecified,True,paperxd/laptop-prices-dataset
4a7104c06090cebdc258,Dell,Notebook,13.3,False,1920x1080,1920,1080,True,False,Intel Core i5,2.3,8,Intel HD Graphics,1000.0,0.0,0.0,1000.0,Windows,1.62,435.69,unspecified,True,paperxd/laptop-prices-dataset
883345bb8d7b041269da,Dell,Notebook,15.6,False,1920x1080,1920,1080,False,False,Intel Core i5,1.6,8,AMD Radeon,0.0,256.0,0.0,256.0,Linux,2.2,454.72,unspecified,True,paperxd/laptop-prices-dataset
b4f8de76f6c23209146a,Dell,Notebook,15.6,False,1366x768,1366,768,False,False,Intel Core i5,2.5,8,Intel HD Graphics,0.0,128.0,0.0,128.0,Windows,2.18,479.32,unspecified,True,paperxd/laptop-prices-dataset
270212f6f1b71ec8cce4,Dell,Notebook,15.6,False,1920x1080,1920,1080,False,False,Intel Core i5,2.5,8,Intel HD Graphics,1000.0,0.0,0.0,1000.0,Linux,1.98,487.38,unspecified,True,paperxd/laptop-prices-dataset
b3ed0fa9e6b02add5b57,Dell,Notebook,15.6,False,1920x1080,1920,1080,False,False,Intel Core i5,1.6,8,AMD Radeon,0.0,256.0,0.0,256.0,Windows,2.13,488.73,unspecified,True,paperxd/laptop-prices-dataset
d950c2445cc3abda71b6,Dell,Notebook,15.6,False,1920x1080,1920,1080,False,False,Intel Core i5,2.5,8,Intel HD Graphics,0.0,256.0,0.0,256.0,Windows,2.18,503.5,unspecified,True,paperxd/laptop-prices-dataset
e128538ea0f73ae8f01a,Dell,Notebook,15.6,False,1920x1080,1920,1080,False,False,Intel Core i5,1.6,8,AMD Radeon,2000.0,0.0,0.0,2000.0,Windows,2.02,509.54,unspecified,True,paperxd/laptop-prices-dataset
34711dca51187bbfc54f,Dell,Notebook,15.6,False,1366x768,1366,768,False,False,Intel Core i5,2.5,8,AMD Radeon R7,1000.0,0.0,0.0,1000.0,Windows,2.5,526.32,unspecified,True,paperxd/laptop-prices-dataset
08539a70811cbd5a2c6b,Dell,Notebook,15.6,False,1920x1080,1920,1080,False,False,Intel Core i5,2.5,8,AMD Radeon R5,0.0,256.0,0.0,256.0,Windows,2.18,530.22,unspecified,True,paperxd/laptop-prices-dataset
75100151edd1e3df4d3a,Dell,Notebook,15.6,False,1920x1080,1920,1080,False,False,Intel Core i5,2.5,8,Intel HD Graphics,0.0,256.0,0.0,256.0,Windows,2.18,533.71,unspecified,True,paperxd/laptop-prices-dataset
579671483bd3a5519bee,Dell,Notebook,15.6,False,1920x1080,1920,1080,False,False,Intel Core i5,1.6,8,AMD Radeon,0.0,256.0,0.0,256.0,Windows,2.2,535.32,unspecified,True,paperxd/laptop-prices-dataset
d10eabcfc331209b65c5,Dell,Notebook,15.6,False,1920x1080,1920,1080,False,False,Intel Core i5,1.6,8,AMD Radeon,0.0,256.0,0.0,256.0,Windows,2.2,537.06,unspecified,True,paperxd/laptop-prices-dataset
3112cb3bc7c013a38f48,Dell,Notebook,15.6,False,1366x768,1366,768,False,False,Intel Core i5,2.5,8,Intel HD Graphics,0.0,128.0,0.0,128.0,Windows,1.95,543.78,unspecified,True,paperxd/laptop-prices-dataset
5e9e609f3d1ea31fde61,Dell,Notebook,15.6,False,1920x1080,1920,1080,False,False,Intel Core i5,2.5,8,Intel HD Graphics,1000.0,0.0,0.0,1000.0,Windows,2.18,561.23,unspecified,True,paperxd/laptop-prices-dataset
a29218b4ad9f42d08bc4,Dell,Notebook,15.6,False,1920x1080,1920,1080,False,False,Intel Core i5,1.6,8,AMD Radeon,1000.0,128.0,0.0,1128.0,Windows,2.33,566.6,unspecified,True,paperxd/laptop-prices-dataset
2efea9c84934ae563122,Dell,Notebook,14.0,False,1920x1080,1920,1080,False,False,Intel Core i5,2.5,8,Intel HD Graphics,0.0,256.0,0.0,256.0,Windows,1.6,576.67,unspecified,True,paperxd/laptop-prices-dataset
1bc8d2e012975d576953,Dell,Notebook,17.3,False,1920x1080,1920,1080,False,True,Intel Core i5,1.6,8,AMD Radeon,1000.0,128.0,0.0,1128.0,Linux,2.8,596.81,unspecified,True,paperxd/laptop-prices-dataset
61025b0b5780ac97493d,Dell,Notebook,15.6,False,1920x1080,1920,1080,False,False,Intel Core i5,2.5,8,AMD Radeon R7,0.0,256.0,0.0,256.0,Windows,2.36,596.81,unspecified,True,paperxd/laptop-prices-dataset
63206b03b45151d7674b,Dell,Notebook,15.6,False,1920x1080,1920,1080,False,False,Intel Core i5,2.6,8,Intel HD Graphics,500.0,0.0,0.0,500.0,Windows,1.9,627.69,unspecified,True,paperxd/laptop-prices-dataset
73e72e220286ac911932,Dell,Notebook,15.6,False,1920x1080,1920,1080,False,False,Intel Core i5,2.5,8,Intel HD Graphics,0.0,128.0,0.0,128.0,Windows,1.9,634.4,unspecified,True,paperxd/laptop-prices-dataset
f553359cd24eeef6a66e,Dell,Notebook,17.3,False,1920x1080,1920,1080,False,True,Intel Core i5,1.6,8,AMD Radeon,1000.0,128.0,0.0,1128.0,Windows,2.8,657.23,unspecified,True,paperxd/laptop-prices-dataset
d559799bc2c439390a17,Dell,Notebook,15.6,False,1366x768,1366,768,False,False,Intel Core i5,2.6,8,Intel HD Graphics,500.0,0.0,0.0,500.0,Windows,1.9,677.05,unspecified,True,paperxd/laptop-prices-dataset
00689a12b58e495d3931,Dell,Notebook,15.6,False,1920x1080,1920,1080,False,False,Intel Core i5,2.4,8,Intel HD Graphics,500.0,0.0,0.0,500.0,Windows,2.09,702.5,unspecified,True,paperxd/laptop-prices-dataset
056822bfe936a1b8f75a,Dell,Notebook,15.6,False,1920x1080,1920,1080,False,False,Intel Core i5,2.4,8,Intel HD Graphics,0.0,256.0,0.0,256.0,Windows,2.09,713.59,unspecified,True,paperxd/laptop-prices-dataset
708c6006567e46c0ef42,Dell,Notebook,17.3,False,1920x1080,1920,1080,False,False,Intel Core i5,1.6,8,AMD Radeon,1000.0,128.0,0.0,1128.0,Windows,2.8,728.39,unspecified,True,paperxd/laptop-prices-dataset
76ac3578eba564007a36,Dell,Notebook,14.0,False,1920x1080,1920,1080,False,False,Intel Core i5,2.8,8,Nvidia GeForce,0.0,256.0,0.0,256.0,Linux,1.64,731.08,unspecified,True,paperxd/laptop-prices-dataset
ebf8367f79c7c03cf553,Dell,Notebook,15.6,False,1920x1080,1920,1080,False,False,Intel Core i5,2.5,8,Intel HD Graphics,0.0,256.0,0.0,256.0,Windows,1.9,749.87,unspecified,True,paperxd/laptop-prices-dataset
5e2f1b28d41c8f420fe2,Dell,Notebook,14.0,False,1920x1080,1920,1080,False,False,Intel Core i5,2.5,8,Intel HD Graphics,0.0,128.0,0.0,128.0,Windows,1.6,751.22,unspecified,True,paperxd/laptop-prices-dataset
4e164dfdbc2d9a55279e,Dell,Notebook,14.0,False,1366x768,1366,768,False,False,Intel Core i5,2.5,8,Intel HD Graphics,0.0,256.0,0.0,256.0,Windows,1.6,756.39,unspecified,True,paperxd/laptop-prices-dataset
2230c0521a392845e705,Dell,Notebook,15.6,False,1920x1080,1920,1080,False,False,Intel Core i5,1.6,8,Nvidia GeForce,0.0,256.0,0.0,256.0,Windows,2.0,767.16,unspecified,True,paperxd/laptop-prices-dataset
9c9345f78d8ee0bf6c9a,Dell,Notebook,14.0,False,1920x1080,1920,1080,False,False,Intel Core i5,2.8,8,Nvidia GeForce,0.0,256.0,0.0,256.0,Windows,1.64,791.5,unspecified,True,paperxd/laptop-prices-dataset
6a640ae3b393ee51a880,Dell,Notebook,15.6,False,1920x1080,1920,1080,False,False,Intel Core i5,2.6,8,Intel HD Graphics,0.0,256.0,0.0,256.0,Windows,1.9,791.5,unspecified,True,paperxd/laptop-prices-dataset
739822ebe9820440f687,Dell,Notebook,14.0,False,1920x1080,1920,1080,False,False,Intel Core i5,2.8,8,Intel HD Graphics,0.0,256.0,0.0,256.0,Windows,1.6,808.95,unspecified,True,paperxd/laptop-prices-dataset
b86eead386ffa11f7506,Dell,Notebook,14.0,False,1920x1080,1920,1080,False,False,Intel Core i5,2.4,8,Intel HD Graphics,0.0,256.0,0.0,256.0,Windows,1.56,825.06,unspecified,True,paperxd/laptop-prices-dataset
da0e79c310e84508a75a,Dell,Notebook,14.0,False,1920x1080,1920,1080,False,False,Intel Core i5,2.6,8,Intel HD Graphics,0.0,256.0,0.0,256.0,Windows,1.64,859.12,unspecified,True,paperxd/laptop-prices-dataset
ea4736917d780ddd9c70,Dell,Notebook,15.6,False,1920x1080,1920,1080,False,False,Intel Core i5,2.8,8,Intel HD Graphics,0.0,256.0,0.0,256.0,Windows,1.9,924.42,unspecified,True,paperxd/laptop-prices-dataset
bcf62e34999c08b01bfe,Dell,Notebook,14.0,False,1920x1080,1920,1080,False,False,Intel Core i5,2.6,8,Intel HD Graphics,0.0,256.0,0.0,256.0,Windows,1.36,957.99,unspecified,True,paperxd/laptop-prices-dataset
bfbaa2e6e2a1f25dfc00,Dell,Notebook,15.6,False,3840x2160,3840,2160,True,False,Intel Core i5,2.5,8,Nvidia GeForce GTX,0.0,256.0,0.0,256.0,Windows,2.06,1174.15,unspecified,True,paperxd/laptop-prices-dataset
ad500d087e5a4f972f6d,Dell,Notebook,15.6,False,3840x2160,3840,2160,True,True,Intel Core i5,2.3,8,Nvidia GeForce,0.0,256.0,0.0,256.0,Windows,2.04,1510.94,unspecified,True,paperxd/laptop-prices-dataset
e028d6637c29e65fd6bb,Dell,Notebook,15.6,False,1366x768,1366,768,False,False,Intel Core i5,2.5,12,Intel HD Graphics,1000.0,0.0,0.0,1000.0,Windows,2.25,435.69,unspecified,True,paperxd/laptop-prices-dataset
ad9d0efb8a9d9ee7f5f6,Dell,Notebook,15.6,False,1920x1080,1920,1080,False,False,Intel Core i5,2.6,16,Intel HD Graphics,0.0,512.0,0.0,512.0,Windows,1.93,957.76,unspecified,True,paperxd/laptop-prices-dataset
cec7c0dbfca843c70870,Dell,Notebook,15.6,False,1920x1080,1920,1080,False,False,Intel Core i7,2.7,4,AMD Radeon R5,0.0,256.0,0.0,256.0,Windows,2.18,496.11,unspecified,True,paperxd/laptop-prices-dataset
21fcefb3c6c347d2de49,Dell,Notebook,15.6,False,1920x1080,1920,1080,False,False,Intel Core i7,2.7,8,AMD Radeon R5,1000.0,0.0,0.0,1000.0,Linux,2.2,402.73,unspecified,True,paperxd/laptop-prices-dataset
ef49c6fa0cb06fadacc6,Dell,Notebook,15.6,False,1920x1080,1920,1080,False,False,Intel Core i7,1.8,8,AMD Radeon,0.0,256.0,0.0,256.0,Linux,2.14,493.47,unspecified,True,paperxd/laptop-prices-dataset
c7a198fb3a4f2164c686,Dell,Notebook,15.6,False,1920x1080,1920,1080,False,False,Intel Core i7,2.7,8,AMD Radeon R5,0.0,256.0,0.0,256.0,Windows,2.2,500.14,unspecified,True,paperxd/laptop-prices-dataset
00b7a310291f5e0952b7,Dell,Notebook,15.6,False,1366x768,1366,768,False,False,Intel Core i7,2.7,8,AMD Radeon R7,1000.0,0.0,0.0,1000.0,Windows,2.36,502.82,unspecified,True,paperxd/laptop-prices-dataset
659db3cf3dec3df1c85d,Dell,Notebook,15.6,False,1920x1080,1920,1080,False,False,Intel Core i7,2.7,8,AMD Radeon R5,0.0,256.0,0.0,256.0,Linux,2.2,502.83,unspecified,True,paperxd/laptop-prices-dataset
ecb9e7b7ba69b59f24bf,Dell,Notebook,15.6,False,1920x1080,1920,1080,False,False,Intel Core i7,1.8,8,AMD Radeon,0.0,256.0,0.0,256.0,Windows,2.13,515.45,unspecified,True,paperxd/laptop-prices-dataset
0242b2fa956b9780d653,Dell,Notebook,15.6,False,1920x1080,1920,1080,False,False,Intel Core i7,2.7,8,AMD Radeon R7,0.0,256.0,0.0,256.0,Linux,2.33,522.88,unspecified,True,paperxd/laptop-prices-dataset
de438577574523d75733,Dell,Notebook,15.6,False,1366x768,1366,768,False,False,Intel Core i7,2.7,8,AMD Radeon R5,1000.0,0.0,0.0,1000.0,Linux,2.3,541.08,unspecified,True,paperxd/laptop-prices-dataset
f5b33f174b142420b945,Dell,Notebook,15.6,False,1920x1080,1920,1080,False,False,Intel Core i7,1.8,8,Intel UHD Graphics,1000.0,128.0,0.0,1128.0,Windows,2.02,573.99,unspecified,True,paperxd/laptop-prices-dataset
78037ce3b95d0272ab9a,Dell,Notebook,17.3,False,1920x1080,1920,1080,False,False,Intel Core i7,2.7,8,AMD Radeon R7,1000.0,0.0,0.0,1000.0,Linux,2.83,580.7,unspecified,True,paperxd/laptop-prices-dataset
2e79ff53833ae81ba5f0,Dell,Notebook,15.6,False,1920x1080,1920,1080,False,False,Intel Core i7,1.8,8,AMD Radeon,0.0,256.0,0.0,256.0,Windows,2.2,584.06,unspecified,True,paperxd/laptop-prices-dataset
eb74e8ce6f6a181f9155,Dell,Notebook,15.6,False,1920x1080,1920,1080,False,False,Intel Core i7,2.7,8,Nvidia GeForce,0.0,256.0,0.0,256.0,Linux,1.98,600.85,unspecified,True,paperxd/laptop-prices-dataset
54c89852189af4b5b53e,Dell,Notebook,15.6,False,1920x1080,1920,1080,False,False,Intel Core i7,2.7,8,AMD Radeon R7,0.0,256.0,0.0,256.0,Windows,2.33,603.52,unspecified,True,paperxd/laptop-prices-dataset
5cd7a2b293982fef3edd,Dell,Notebook,15.6,False,1920x1080,1920,1080,False,False,Intel Core i7,1.8,8,AMD Radeon,0.0,256.0,0.0,256.0,Windows,6.2,616.95,unspecified,True,paperxd/laptop-prices-dataset
2265c7f0eead395e0712,Dell,Notebook,15.6,False,1920x1080,1920,1080,False,False,Intel Core i7,2.7,8,Nvidia GeForce,1000.0,0.0,0.0,1000.0,Windows,1.98,645.15,unspecified,True,paperxd/laptop-prices-dataset
3053e52b4d817142e7c8,Dell,Notebook,15.6,False,1920x1080,1920,1080,False,False,Intel Core i7,1.8,8,AMD Radeon,2000.0,128.0,0.0,2128.0,Windows,2.02,651.79,unspecified,True,paperxd/laptop-prices-dataset
e9b4a5ce089b764a92e0,Dell,Notebook,15.6,False,1920x1080,1920,1080,False,False,Intel Core i7,1.8,8,AMD Radeon,1000.0,128.0,0.0,1128.0,Windows,2.36,657.23,unspecified,True,paperxd/laptop-prices-dataset
92fd053ef52b7f33cc1f,Dell,Notebook,15.6,False,1920x1080,1920,1080,False,False,Intel Core i7,1.8,8,AMD Radeon,2000.0,128.0,0.0,2128.0,Windows,2.2,661.26,unspecified,True,paperxd/laptop-prices-dataset
d3358dcb5ae4e7f9e161,Dell,Notebook,15.6,False,1920x1080,1920,1080,False,False,Intel Core i7,2.7,8,Nvidia GeForce,0.0,256.0,0.0,256.0,Windows,2.18,677.97,unspecified,True,paperxd/laptop-prices-dataset
b4cd7ba4488195a57ce3,Dell,Notebook,17.3,False,1920x1080,1920,1080,False,False,Intel Core i7,1.8,8,AMD Radeon,1000.0,128.0,0.0,1128.0,Windows,2.8,728.39,unspecified,True,paperxd/laptop-prices-dataset
d294c41f05cd03f05e42,Dell,Notebook,17.3,False,1920x1080,1920,1080,False,False,Intel Core i7,1.8,8,AMD Radeon,1000.0,128.0,0.0,1128.0,Linux,2.8,737.79,unspecified,True,paperxd/laptop-prices-dataset
2f468ccc30b7e95b4b58,Dell,Notebook,15.6,False,1920x1080,1920,1080,False,True,Intel Core i7,1.8,8,Nvidia GeForce,1000.0,256.0,0.0,1256.0,Windows,2.16,758.82,unspecified,True,paperxd/laptop-prices-dataset
9f686cfc974560d425bd,Dell,Notebook,17.3,False,1920x1080,1920,1080,False,False,Intel Core i7,1.8,8,AMD Radeon,1000.0,128.0,0.0,1128.0,Windows,2.8,766.66,unspecified,True,paperxd/laptop-prices-dataset
f5013468719fadf33965,Dell,Notebook,15.6,False,1920x1080,1920,1080,False,False,Intel Core i7,1.8,8,AMD Radeon,2000.0,256.0,0.0,2256.0,Windows,2.02,766.93,unspecified,True,paperxd/laptop-prices-dataset
cbd311a25e2bb96e1d7a,Dell,Notebook,15.6,False,1920x1080,1920,1080,False,False,Intel Core i7,2.7,8,Nvidia GeForce,1000.0,128.0,0.0,1128.0,Windows,2.0,810.29,unspecified,True,paperxd/laptop-prices-dataset
8043ceb73ccf0fcdf241,Dell,Notebook,15.6,False,1920x1080,1920,1080,False,True,Intel Core i7,1.8,8,Nvidia GeForce,0.0,512.0,0.0,512.0,Windows,2.16,847.22,unspecified,True,paperxd/laptop-prices-dataset
ed20900cac1f4095621e,Dell,Notebook,15.6,False,1920x1080,1920,1080,False,False,Intel Core i7,2.8,8,Nvidia GeForce,0.0,256.0,0.0,256.0,Windows,1.93,919.05,unspecified,True,paperxd/laptop-prices-dataset
36e716ec7ba2969c37e6,Dell,Notebook,15.6,False,1920x1080,1920,1080,False,False,Intel Core i7,2.8,8,Nvidia GeForce GTX,0.0,256.0,0.0,256.0,Windows,2.0,1227.86,unspecified,True,paperxd/laptop-prices-dataset
089445a90a4d55307eac,Dell,Notebook,17.3,False,1920x1080,1920,1080,False,True,Intel Core i7,2.7,8,Nvidia GeForce GTX,1000.0,0.0,0.0,1000.0,Windows,4.42,1373.54,unspecified,True,paperxd/laptop-prices-dataset
d487df39cff6afdb0613,Dell,Notebook,15.6,False,1366x768,1366,768,False,False,Intel Core i7,2.7,12,Intel HD Graphics,1000.0,0.0,0.0,1000.0,Windows,2.3,478.7,unspecified,True,paperxd/laptop-prices-dataset
dd0d17af4b883cd1210f,Dell,Notebook,15.6,False,1920x1080,1920,1080,True,False,Intel Core i7,2.7,16,AMD Radeon R7,1000.0,0.0,0.0,1000.0,Windows,2.3,576.68,unspecified,True,paperxd/laptop-prices-dataset
381008b46e91ff3b72c0,Dell,Notebook,15.6,False,1920x1080,1920,1080,False,False,Intel Core i7,2.7,16,AMD Radeon R7,0.0,256.0,0.0,256.0,Linux,2.36,603.52,unspecified,True,paperxd/laptop-prices-dataset
ac67689d8e7857825c32,Dell,Notebook,15.6,False,1920x1080,1920,1080,False,False,Intel Core i7,2.7,16,AMD Radeon R7,2000.0,0.0,0.0,2000.0,Windows,2.32,664.61,unspecified,True,paperxd/laptop-prices-dataset
aa5c70d339707fafe53a,Dell,Notebook,15.6,False,1920x1080,1920,1080,False,False,Intel Core i7,1.8,16,AMD Radeon,2000.0,256.0,0.0,2256.0,Linux,2.02,704.22,unspecified,True,paperxd/laptop-prices-dataset
077bc862d73c76fdbb0f,Dell,Notebook,15.6,False,1920x1080,1920,1080,False,False,Intel Core i7,1.8,16,AMD Radeon,2000.0,256.0,0.0,2256.0,Windows,2.2,761.96,unspecified,True,paperxd/laptop-prices-dataset
ff66c65237d45fe6fb7e,Dell,Notebook,15.6,False,1920x1080,1920,1080,False,False,Intel Core i7,1.8,16,AMD Radeon,2000.0,256.0,0.0,2256.0,Windows,2.2,818.51,unspecified,True,paperxd/laptop-prices-dataset
3ed7b92b57dde0496577,Dell,Notebook,17.3,False,1920x1080,1920,1080,False,False,Intel Core i7,1.8,16,AMD Radeon,2000.0,256.0,0.0,2256.0,Windows,2.8,872.06,unspecified,True,paperxd/laptop-prices-dataset
b3b8678e86a97dab775a,Dell,Notebook,17.3,False,1920x1080,1920,1080,False,False,Intel Core i7,1.8,16,AMD Radeon,2000.0,256.0,0.0,2256.0,Windows,2.8,937.17,unspecified,True,paperxd/laptop-prices-dataset
cf2cdde16d2536ccd69e,Dell,Notebook,15.6,False,1920x1080,1920,1080,False,False,Intel Core i7,2.8,16,Nvidia GeForce,0.0,256.0,0.0,256.0,Windows,1.93,1032.09,unspecified,True,paperxd/laptop-prices-dataset
1a6b6cc594b40cc7821f,Dell,Notebook,17.3,False,1920x1080,1920,1080,True,False,Intel Core i7,1.8,16,Nvidia GeForce,0.0,512.0,0.0,512.0,Windows,2.77,1039.89,unspecified,True,paperxd/laptop-prices-dataset
ae7405f3f66da1d05c2b,Dell,Notebook,15.6,False,1920x1080,1920,1080,False,False,Intel Core i7,2.8,16,Nvidia GeForce GTX,0.0,512.0,0.0,512.0,Windows,2.06,1274.85,unspecified,True,paperxd/laptop-prices-dataset
dd2ad499289c0260a9c3,Dell,Notebook,15.6,False,3840x2160,3840,2160,True,False,Intel Core i7,2.8,16,Nvidia GeForce GTX,0.0,512.0,0.0,512.0,Windows,2.06,1609.17,unspecified,True,paperxd/laptop-prices-dataset
6fee27e71b8611a45905,Dell,Notebook,15.6,False,3840x2160,3840,2160,True,False,Intel Core i7,2.8,16,Nvidia GeForce GTX,0.0,1000.0,0.0,1000.0,Windows,2.06,1610.52,unspecified,True,paperxd/laptop-prices-dataset
8fd15ce5bb5ada4227c8,Dell,Notebook,15.6,False,3840x2160,3840,2160,True,False,Intel Core i7,2.8,32,Nvidia GeForce GTX,0.0,1000.0,0.0,1000.0,Windows,2.06,1771.63,unspecified,True,paperxd/laptop-prices-dataset
8a7d6d51d21b6df92f5b,Dell,Notebook,15.6,False,1366x768,1366,768,False,False,Intel Pentium Quad Core,1.6,4,Intel HD Graphics,500.0,0.0,0.0,500.0,Linux,2.2,217.51,unspecified,True,paperxd/laptop-prices-dataset
7620dedf8dc48ad5f585,Dell,Notebook,15.6,False,1366x768,1366,768,False,False,Intel Pentium Quad Core,1.6,4,Intel HD Graphics,500.0,0.0,0.0,500.0,Windows,2.2,247.72,unspecified,True,paperxd/laptop-prices-dataset
5a92b656dc6f72c95dd7,Dell,Notebook,15.6,False,1366x768,1366,768,False,False,Intel Pentium Quad Core,1.6,4,Intel HD Graphics,500.0,0.0,0.0,500.0,Linux,2.2,264.16,unspecified,True,paperxd/laptop-prices-dataset
e40f2f8ac0a2e1e84624,Dell,Notebook,15.6,False,1366x768,1366,768,False,False,Intel Pentium Quad Core,1.6,4,Intel HD Graphics,500.0,0.0,0.0,500.0,Windows,2.2,298.06,unspecified,True,paperxd/laptop-prices-dataset
3911238945e05a341817,Dell,Ultrabook,12.5,False,1366x768,1366,768,False,False,Intel Core i3,2.3,4,Intel HD Graphics,500.0,0.0,0.0,500.0,Windows,1.5,762.06,unspecified,True,paperxd/laptop-prices-dataset
26805e60b8811ec5164c,Dell,Ultrabook,12.5,False,1366x768,1366,768,False,False,Intel Core i3,2.3,4,Intel HD Graphics,0.0,128.0,0.0,128.0,Windows,1.5,783.42,unspecified,True,paperxd/laptop-prices-dataset
1b1834016a5f2cbffc80,Dell,Ultrabook,13.3,False,1920x1080,1920,1080,False,True,Intel Core i5,1.6,4,AMD Radeon,0.0,256.0,0.0,256.0,Windows,1.4,549.38,unspecified,True,paperxd/laptop-prices-dataset
fe08af0f42f9598351a8,Dell,Ultrabook,15.6,False,1920x1080,1920,1080,False,False,Intel Core i5,1.6,8,AMD Radeon,1000.0,0.0,0.0,1000.0,Windows,,445.09,unspecified,True,paperxd/laptop-prices-dataset
d70e4e8e30134a020a74,Dell,Ultrabook,14.0,False,1920x1080,1920,1080,False,False,Intel Core i5,1.6,8,Intel UHD Graphics,0.0,256.0,0.0,256.0,Windows,1.7,590.1,unspecified,True,paperxd/laptop-prices-dataset
c274d461e6a91c28757a,Dell,Ultrabook,13.3,False,1920x1080,1920,1080,True,True,Intel Core i5,2.5,8,Intel HD Graphics,0.0,128.0,0.0,128.0,Windows,1.29,603.52,unspecified,True,paperxd/laptop-prices-dataset
a3a5be31a83bd281c9af,Dell,Ultrabook,13.3,False,1920x1080,1920,1080,False,False,Intel Core i5,1.6,8,Intel UHD Graphics,0.0,256.0,0.0,256.0,Windows,1.41,637.09,unspecified,True,paperxd/laptop-prices-dataset
a16c8744220ab2034c62,Dell,Ultrabook,13.3,False,1920x1080,1920,1080,True,True,Intel Core i5,1.6,8,Intel UHD Graphics,0.0,128.0,0.0,128.0,Windows,1.22,657.23,unspecified,True,paperxd/laptop-prices-dataset
9b2f80417e4d236418cb,Dell,Ultrabook,15.6,False,1920x1080,1920,1080,False,True,Intel Core i5,1.6,8,Intel UHD Graphics,0.0,256.0,0.0,256.0,Windows,1.88,735.88,unspecified,True,paperxd/laptop-prices-dataset
1de0957e32cb453942e0,Dell,Ultrabook,13.3,False,3200x1800,3200,1800,True,False,Intel Core i5,2.4,8,Intel HD Graphics,0.0,256.0,0.0,256.0,Linux,1.23,737.79,unspecified,True,paperxd/laptop-prices-dataset
01408b0620e0c9054f8c,Dell,Ultrabook,14.0,False,1920x1080,1920,1080,False,False,Intel Core i5,1.6,8,Intel UHD Graphics,0.0,256.0,0.0,256.0,Windows,1.6,771.36,unspecified,True,paperxd/laptop-prices-dataset
2a8f1f99ed75cb35abf1,Dell,Ultrabook,13.3,False,1920x1080,1920,1080,False,False,Intel Core i5,1.6,8,Intel UHD Graphics,0.0,256.0,0.0,256.0,Windows,1.23,939.19,unspecified,True,paperxd/laptop-prices-dataset
38b6e1a4c283d493eec9,Dell,Ultrabook,12.5,False,1366x768,1366,768,False,False,Intel Core i5,2.3,8,Intel HD Graphics,0.0,256.0,0.0,256.0,Windows,1.5,948.65,unspecified,True,paperxd/laptop-prices-dataset
c403cb5616ecf012f98c,Dell,Ultrabook,13.3,False,1920x1080,1920,1080,False,False,Intel Core i5,1.6,8,Intel UHD Graphics,0.0,256.0,0.0,256.0,Windows,1.2,973.36,unspecified,True,paperxd/laptop-prices-dataset
f745a256e35514d6bc44,Dell,Ultrabook,12.5,False,1920x1080,1920,1080,True,False,Intel Core i5,2.5,8,Intel HD Graphics,0.0,256.0,0.0,256.0,Windows,1.36,988.33,unspecified,True,paperxd/laptop-prices-dataset
1743d24b0bf06f39b3bd,Dell,Ultrabook,13.3,False,1920x1080,1920,1080,False,False,Intel Core i5,2.5,8,Intel HD Graphics,0.0,256.0,0.0,256.0,Windows,1.29,1006.32,unspecified,True,paperxd/laptop-prices-dataset
9b0e5199f991c5d42c9b,Dell,Ultrabook,13.3,False,3840x2160,3840,2160,True,True,Intel Core i5,1.6,8,Intel UHD Graphics,0.0,128.0,0.0,128.0,Windows,1.21,1073.45,unspecified,True,paperxd/laptop-prices-dataset
c47acf5eb120cbf37737,Dell,Ultrabook,13.3,False,3200x1800,3200,1800,True,False,Intel Core i5,2.5,8,Intel HD Graphics,0.0,256.0,0.0,256.0,Windows,1.29,1090.24,unspecified,True,paperxd/laptop-prices-dataset
dff8d6d07a982b5b30d8,Dell,Ultrabook,13.3,False,1920x1080,1920,1080,False,True,Intel Core i5,1.6,8,Intel UHD Graphics,0.0,256.0,0.0,256.0,Windows,1.21,1093.59,unspecified,True,paperxd/laptop-prices-dataset
297fc79971b5a3b77255,Dell,Ultrabook,12.5,False,1920x1080,1920,1080,True,False,Intel Core i5,2.4,8,Intel HD Graphics,0.0,256.0,0.0,256.0,Windows,1.26,1150.23,unspecified,True,paperxd/laptop-prices-dataset
922b7653b1637c00498d,Dell,Ultrabook,13.3,False,1920x1080,1920,1080,True,False,Intel Core i5,1.6,8,Intel UHD Graphics,0.0,256.0,0.0,256.0,Windows,1.42,1236.49,unspecified,True,paperxd/laptop-prices-dataset
b6b955872158bb69d6a6,Dell,Ultrabook,13.3,False,3200x1800,3200,1800,True,False,Intel Core i5,1.6,8,Intel UHD Graphics,0.0,256.0,0.0,256.0,Windows,1.23,1254.71,unspecified,True,paperxd/laptop-prices-dataset
af418fd514ee58b1cc36,Dell,Ultrabook,13.3,False,1920x1080,1920,1080,False,True,Intel Core i7,1.8,8,AMD Radeon,0.0,256.0,0.0,256.0,Windows,1.4,625.6,unspecified,True,paperxd/laptop-prices-dataset
9bf691b326605a1af4ff,Dell,Ultrabook,14.0,False,1920x1080,1920,1080,False,False,Intel Core i7,2.8,8,Intel HD Graphics,0.0,256.0,0.0,256.0,Linux,1.6,737.79,unspecified,True,paperxd/laptop-prices-dataset
ec87a41052bda3170b99,Dell,Ultrabook,13.3,False,3200x1800,3200,1800,False,False,Intel Core i7,2.5,8,Intel HD Graphics,0.0,256.0,0.0,256.0,Windows,1.3,851.24,unspecified,True,paperxd/laptop-prices-dataset
c96f687549da7846bc30,Dell,Ultrabook,15.6,False,1920x1080,1920,1080,False,False,Intel Core i7,1.9,8,Intel UHD Graphics,0.0,512.0,0.0,512.0,Windows,1.88,871.38,unspecified,True,paperxd/laptop-prices-dataset
6a81ea25934fcb00c886,Dell,Ultrabook,13.3,False,3200x1800,3200,1800,True,False,Intel Core i7,2.4,8,Intel Iris Plus Graphics,0.0,256.0,0.0,256.0,Windows,1.23,925.76,unspecified,True,paperxd/laptop-prices-dataset
fad590252773eeee99a8,Dell,Ultrabook,13.3,False,1920x1080,1920,1080,False,False,Intel Core i7,2.4,8,Intel Iris Plus Graphics,0.0,256.0,0.0,256.0,Windows,1.23,925.76,unspecified,True,paperxd/laptop-prices-dataset
4db5617fe62a350dd6ca,Dell,Ultrabook,13.3,False,3200x1800,3200,1800,True,False,Intel Core i7,1.8,8,Intel UHD Graphics,0.0,256.0,0.0,256.0,Windows,1.2,939.19,unspecified,True,paperxd/laptop-prices-dataset
18bd3d8af7a26790d79c,Dell,Ultrabook,13.3,False,1920x1080,1920,1080,False,False,Intel Core i7,2.7,8,Intel HD Graphics,0.0,256.0,0.0,256.0,Windows,1.29,978.8,unspecified,True,paperxd/laptop-prices-dataset
b8065d40252b932117bb,Dell,Ultrabook,13.3,False,3200x1800,3200,1800,True,False,Intel Core i7,2.7,8,Intel HD Graphics,0.0,256.0,0.0,256.0,Windows,1.29,991.55,unspecified,True,paperxd/laptop-prices-dataset
ec3246a24e732079ddf4,Dell,Ultrabook,13.3,False,1920x1080,1920,1080,False,False,Intel Core i7,1.8,8,Intel UHD Graphics,0.0,256.0,0.0,256.0,Windows,1.2,1060.03,unspecified,True,paperxd/laptop-prices-dataset
d3b0b8d81bd8462afd68,Dell,Ultrabook,13.3,False,1920x1080,1920,1080,False,True,Intel Core i7,1.8,8,Intel UHD Graphics,0.0,256.0,0.0,256.0,Windows,1.21,1107.02,unspecified,True,paperxd/laptop-prices-dataset
d3f2f5192d3e4ce8cdaa,Dell,Ultrabook,14.0,False,1920x1080,1920,1080,False,False,Intel Core i7,2.8,8,Intel HD Graphics,0.0,512.0,0.0,512.0,Windows,1.36,1127.83,unspecified,True,paperxd/laptop-prices-dataset
ecc7591211066584386a,Dell,Ultrabook,12.5,False,1920x1080,1920,1080,False,False,Intel Core i7,2.8,8,Intel HD Graphics,0.0,256.0,0.0,256.0,Windows,1.6,1134.54,unspecified,True,paperxd/laptop-prices-dataset
36b87f2ad2c2767a3d4a,Dell,Ultrabook,14.0,False,1920x1080,1920,1080,False,False,Intel Core i7,2.8,8,Intel HD Graphics,0.0,256.0,0.0,256.0,Windows,1.36,1191.61,unspecified,True,paperxd/laptop-prices-dataset
dd51243e18e55eacdcaf,Dell,Ultrabook,13.3,False,3840x2160,3840,2160,True,True,Intel Core i7,1.8,8,Intel UHD Graphics,0.0,256.0,0.0,256.0,Windows,1.21,1308.42,unspecified,True,paperxd/laptop-prices-dataset
71c0f056e8a1f03c8e46,Dell,Ultrabook,14.0,False,2560x1440,2560,1440,True,False,Intel Core i7,2.6,8,Intel HD Graphics,0.0,256.0,0.0,256.0,Windows,1.5,1317.8,unspecified,True,paperxd/laptop-prices-dataset
24f5e20762170ed4dd3e,Dell,Ultrabook,15.6,False,1920x1080,1920,1080,False,False,Intel Core i7,1.9,16,Intel UHD Graphics,0.0,768.0,0.0,768.0,Windows,1.88,1079.47,unspecified,True,paperxd/laptop-prices-dataset
c9540d80af4d93b09220,Dell,Ultrabook,12.5,False,1920x1080,1920,1080,False,False,Intel Core i7,2.8,16,Intel HD Graphics,0.0,256.0,0.0,256.0,Windows,1.18,1248.0,unspecified,True,paperxd/laptop-prices-dataset
dc753a2ace0eec09a6b4,Dell,Ultrabook,13.3,False,3200x1800,3200,1800,True,False,Intel Core i7,1.8,16,Intel UHD Graphics,0.0,512.0,0.0,512.0,Windows,1.2,1254.71,unspecified,True,paperxd/laptop-prices-dataset
02e8be04f2d37ed59a5d,Dell,Ultrabook,13.3,False,3200x1800,3200,1800,True,False,Intel Core i7,2.5,16,Intel Iris Plus Graphics,0.0,512.0,0.0,512.0,Windows,1.29,1503.77,unspecified,True,paperxd/laptop-prices-dataset
27c4d976babf266f6029,Dell,Ultrabook,13.3,False,3200x1800,3200,1800,True,False,Intel Core i7,2.7,16,Intel HD Graphics,0.0,1000.0,0.0,1000.0,Windows,1.2,1513.17,unspecified,True,paperxd/laptop-prices-dataset
94cda449faebff279bff,Dell,Ultrabook,13.3,False,3840x2160,3840,2160,True,True,Intel Core i7,1.8,16,Intel UHD Graphics,0.0,1000.0,0.0,1000.0,Windows,1.21,1677.65,unspecified,True,paperxd/laptop-prices-dataset
b61c16d19b2e7f65e89b,Dell,Ultrabook,13.3,False,3200x1800,3200,1800,True,False,Intel Core i7,2.7,16,Intel HD Graphics,0.0,512.0,0.0,512.0,Windows,1.2,1799.16,unspecified,True,paperxd/laptop-prices-dataset
0ec0b352d0a3af4d24a8,Dell,Ultrabook,13.3,False,1920x1080,1920,1080,False,True,Intel Core i7,1.8,64,AMD Radeon,0.0,256.0,0.0,256.0,Windows,1.4,641.12,unspecified,True,paperxd/laptop-prices-dataset
a86f78186a3bc631c19b,Dell,Workstation,15.6,False,1920x1080,1920,1080,False,False,Intel Core i5,2.6,8,AMD FirePro,500.0,0.0,0.0,500.0,Windows,2.23,919.05,unspecified,True,paperxd/laptop-prices-dataset
a1206a8c531ed694c86b,Dell,Workstation,15.6,False,1920x1080,1920,1080,True,False,Intel Core i7,2.8,8,Nvidia Quadro,0.0,256.0,0.0,256.0,Windows,2.06,1183.55,unspecified,True,paperxd/laptop-prices-dataset
dbfae459e4f5db090f26,Dell,Workstation,15.6,False,1920x1080,1920,1080,False,False,Intel Core i7,2.8,8,Nvidia Quadro,1000.0,0.0,0.0,1000.0,Windows,2.23,1193.62,unspecified,True,paperxd/laptop-prices-dataset
726039b3b4ddf923249f,Dell,Workstation,15.6,False,1920x1080,1920,1080,False,True,Intel Core i7,2.7,8,Nvidia Quadro,0.0,256.0,0.0,256.0,Windows,2.0,1433.29,unspecified,True,paperxd/laptop-prices-dataset
7e86665212248573657a,Dell,Workstation,15.6,False,3840x2160,3840,2160,True,False,Intel Core i7,2.8,8,Nvidia Quadro,0.0,256.0,0.0,256.0,Windows,1.78,1820.64,unspecified,True,paperxd/laptop-prices-dataset
f090701f122ce7371f8c,Dell,Workstation,15.6,False,1920x1080,1920,1080,False,True,Intel Core i7,2.7,16,Nvidia Quadro,0.0,256.0,0.0,256.0,Windows,2.17,1325.87,unspecified,True,paperxd/laptop-prices-dataset
f379ea165b222991aeb7,Dell,Workstation,15.6,False,1920x1080,1920,1080,False,True,Intel Core i7,2.7,16,Nvidia Quadro,0.0,512.0,0.0,512.0,Windows,2.17,1569.56,unspecified,True,paperxd/laptop-prices-dataset
ebd07785bd9529f014d2,Dell,Workstation,17.3,False,1920x1080,1920,1080,False,False,Intel Core i7,2.9,16,Nvidia Quadro,0.0,256.0,0.0,256.0,Windows,3.42,1936.69,unspecified,True,paperxd/laptop-prices-dataset
a0b1ddb4d2446caa1a82,Dell,Workstation,15.6,False,1920x1080,1920,1080,False,False,Intel Xeon,3.0,8,Nvidia Quadro,1000.0,0.0,64.0,1064.0,Windows,2.23,1337.96,unspecified,True,paperxd/laptop-prices-dataset
e8cd2c1af02a07d54936,Dell,Workstation,15.6,False,3840x2160,3840,2160,False,False,Intel Xeon,3.0,16,Nvidia Quadro,1000.0,256.0,0.0,1256.0,Windows,2.8,2050.91,unspecified,True,paperxd/laptop-prices-dataset
41ae6ee85b3c3b6a703e,Fujitsu,Notebook,15.6,False,1366x768,1366,768,False,False,Intel Core i5,2.3,4,Intel HD Graphics,0.0,256.0,0.0,256.0,Windows,2.3,435.69,unspecified,True,paperxd/laptop-prices-dataset
8ca76f5ec2223a2e2dfb,Fujitsu,Notebook,15.6,False,1366x768,1366,768,False,False,Intel Core i5,2.5,8,Intel HD Graphics,0.0,256.0,0.0,256.0,Windows,2.2,536.39,unspecified,True,paperxd/laptop-prices-dataset
2febc349bda9d64b3a0d,Google,Ultrabook,12.3,False,2400x1600,2400,1600,True,False,Intel Core i5,1.2,8,Intel HD Graphics,0.0,128.0,0.0,128.0,ChromeOS,1.1,855.94,unspecified,True,paperxd/laptop-prices-dataset
16f7b342617bf44a4dd4,Google,Ultrabook,12.3,False,2400x1600,2400,1600,True,False,Intel Core i5,1.2,8,Intel HD Graphics,0.0,256.0,0.0,256.0,ChromeOS,1.1,1046.6,unspecified,True,paperxd/laptop-prices-dataset
91b6553f37d7ca1f4432,Google,Ultrabook,12.3,False,2400x1600,2400,1600,True,False,Intel Core i7,1.3,16,Intel HD Graphics,0.0,512.0,0.0,512.0,ChromeOS,1.1,1476.25,unspecified,True,paperxd/laptop-prices-dataset
28e558412c04c3a11686,HP,2 in 1 Convertible,11.6,False,1366x768,1366,768,True,False,Intel Celeron Dual Core,1.1,4,Intel HD Graphics,0.0,0.0,32.0,32.0,ChromeOS,1.4,412.87,unspecified,True,paperxd/laptop-prices-dataset
cf000e66db298f6bc50b,HP,2 in 1 Convertible,11.6,False,1366x768,1366,768,True,False,Intel Celeron Dual Core,1.1,8,Intel HD Graphics,0.0,0.0,64.0,64.0,ChromeOS,1.4,332.31,unspecified,True,paperxd/laptop-prices-dataset
442adafe0daf3a79d9eb,HP,2 in 1 Convertible,14.0,False,1920x1080,1920,1080,True,True,Intel Core i3,2.4,4,Nvidia GeForce,0.0,128.0,0.0,128.0,Windows,1.63,469.26,unspecified,True,paperxd/laptop-prices-dataset
54b4dd648c4678309215,HP,2 in 1 Convertible,15.6,False,1366x768,1366,768,True,False,Intel Core i5,2.5,4,Intel HD Graphics,500.0,0.0,0.0,500.0,Windows,2.3,459.73,unspecified,True,paperxd/laptop-prices-dataset
054742d5990c0d9a90d8,HP,2 in 1 Convertible,13.3,False,1920x1080,1920,1080,True,False,Intel Core i5,2.5,4,Intel HD Graphics,0.0,256.0,0.0,256.0,Windows,1.28,1141.26,unspecified,True,paperxd/laptop-prices-dataset
f9ddb281bef6da6e7a5f,HP,2 in 1 Convertible,13.3,False,1920x1080,1920,1080,True,False,Intel Core i5,2.5,4,Intel HD Graphics,0.0,256.0,0.0,256.0,Windows,1.28,1207.72,unspecified,True,paperxd/laptop-prices-dataset
8f04b8e4f6e1760cac36,HP,2 in 1 Convertible,13.3,False,1366x768,1366,768,True,True,Intel Core i5,2.5,8,Intel HD Graphics,0.0,256.0,0.0,256.0,Windows,1.58,561.63,unspecified,True,paperxd/laptop-prices-dataset
9bffeda64bfe0eb83f2f,HP,2 in 1 Convertible,13.3,False,3840x2160,3840,2160,True,True,Intel Core i5,1.6,8,Intel UHD Graphics,0.0,256.0,0.0,256.0,Windows,1.29,1006.32,unspecified,True,paperxd/laptop-prices-dataset
becbfa1befb717726aa1,HP,2 in 1 Convertible,13.3,False,1920x1080,1920,1080,True,False,Intel Core i5,2.4,8,Intel HD Graphics,0.0,256.0,0.0,256.0,Windows,1.48,1093.59,unspecified,True,paperxd/laptop-prices-dataset
aafeda9248b9eb5e1c3d,HP,2 in 1 Convertible,13.3,False,1920x1080,1920,1080,True,False,Intel Core i5,2.5,8,Intel HD Graphics,0.0,256.0,0.0,256.0,Windows,1.28,1528.61,unspecified,True,paperxd/laptop-prices-dataset
8a88e98e919f7c12bb2b,HP,2 in 1 Convertible,13.3,False,2560x1440,2560,1440,True,False,Intel Core i7,2.6,8,Intel HD Graphics,0.0,256.0,0.0,256.0,Windows,1.48,1207.72,unspecified,True,paperxd/laptop-prices-dataset
7301d8ab459c3d918363,HP,2 in 1 Convertible,13.3,False,3840x2160,3840,2160,True,True,Intel Core i7,1.8,8,Intel UHD Graphics,0.0,512.0,0.0,512.0,Windows,1.29,1341.98,unspecified,True,paperxd/laptop-prices-dataset
d7396ff5e29d1e2537cf,HP,2 in 1 Convertible,13.3,False,2560x1440,2560,1440,True,False,Intel Core i7,2.6,8,Intel HD Graphics,0.0,512.0,0.0,512.0,Windows,1.48,1370.18,unspecified,True,paperxd/laptop-prices-dataset
3cb9702a805722945ed0,HP,2 in 1 Convertible,13.3,False,1920x1080,1920,1080,True,False,Intel Core i7,2.8,8,Intel HD Graphics,0.0,256.0,0.0,256.0,Windows,1.28,1717.93,unspecified,True,paperxd/laptop-prices-dataset
a15c5f2e0fc285ce34a9,HP,2 in 1 Convertible,13.3,False,3200x1800,3200,1800,True,False,Intel Core i7,2.7,16,Intel HD Graphics,0.0,256.0,0.0,256.0,Windows,1.42,939.19,unspecified,True,paperxd/laptop-prices-dataset
09f945431ab2ffb7de0b,HP,2 in 1 Convertible,13.3,False,1920x1080,1920,1080,True,False,Intel Core i7,2.8,16,Intel HD Graphics,0.0,256.0,0.0,256.0,Windows,1.28,1325.87,unspecified,True,paperxd/laptop-prices-dataset
26ada554b8922d5fda65,HP,2 in 1 Convertible,13.3,False,3840x2160,3840,2160,True,True,Intel Core i7,1.8,16,Intel UHD Graphics,0.0,1000.0,0.0,1000.0,Windows,1.29,1644.08,unspecified,True,paperxd/laptop-prices-dataset
b0f0fbf847f82094a1d9,HP,2 in 1 Convertible,11.6,False,1366x768,1366,768,True,False,Intel Pentium Quad Core,1.1,4,Intel HD Graphics,0.0,256.0,0.0,256.0,Windows,1.45,520.28,unspecified,True,paperxd/laptop-prices-dataset
ab7d0876faf48019ea60,HP,Gaming,17.3,False,1920x1080,1920,1080,False,True,Intel Core i5,2.3,8,Nvidia GeForce GTX,1000.0,128.0,0.0,1128.0,Windows,3.35,757.93,unspecified,True,paperxd/laptop-prices-dataset
b0f1d7bf806b8b0101cb,HP,Gaming,17.3,False,1920x1080,1920,1080,False,True,Intel Core i5,2.3,8,Nvidia GeForce GTX,1000.0,128.0,0.0,1128.0,Windows,2.75,939.19,unspecified,True,paperxd/laptop-prices-dataset
e6edef942d6106da7b2d,HP,Gaming,15.6,False,1920x1080,1920,1080,False,True,Intel Core i7,2.8,8,Nvidia GeForce GTX,1000.0,0.0,0.0,1000.0,Windows,2.62,603.52,unspecified,True,paperxd/laptop-prices-dataset
1d690be111b8ea24900a,HP,Gaming,15.6,False,1920x1080,1920,1080,False,True,Intel Core i7,2.8,8,Nvidia GeForce GTX,1000.0,128.0,0.0,1128.0,Windows,2.2,737.79,unspecified,True,paperxd/laptop-prices-dataset
4a27a70a56af7d8b8580,HP,Gaming,17.3,False,1920x1080,1920,1080,False,True,Intel Core i7,2.8,8,Nvidia GeForce GTX,1000.0,128.0,0.0,1128.0,Windows,3.35,799.55,unspecified,True,paperxd/laptop-prices-dataset
9d8c7bf5dad1ed8044af,HP,Gaming,15.6,False,1920x1080,1920,1080,False,True,Intel Core i7,2.8,12,Nvidia GeForce GTX,1000.0,128.0,0.0,1128.0,Windows,2.62,838.49,unspecified,True,paperxd/laptop-prices-dataset
9f603a51c1ac4206d3d3,HP,Gaming,17.3,False,1920x1080,1920,1080,False,True,Intel Core i7,2.8,12,Nvidia GeForce GTX,1000.0,0.0,0.0,1000.0,Windows,3.78,1140.59,unspecified,True,paperxd/laptop-prices-dataset
32aba25a2e8c3e3564e4,HP,Gaming,17.3,False,1920x1080,1920,1080,False,True,Intel Core i7,2.8,12,AMD Radeon RX,1000.0,0.0,0.0,1000.0,Windows,3.74,1174.15,unspecified,True,paperxd/laptop-prices-dataset
c2bd3c8ea8ea3cf9d73d,HP,Gaming,17.3,False,1920x1080,1920,1080,False,False,Intel Core i7,2.8,12,Nvidia GeForce GTX,1000.0,0.0,0.0,1000.0,Windows,2.62,1207.72,unspecified,True,paperxd/laptop-prices-dataset
3d8f215388a0e5e3e8e0,HP,Gaming,17.3,False,1920x1080,1920,1080,False,False,Intel Core i7,2.8,12,Nvidia GeForce GTX,1000.0,256.0,0.0,1256.0,Windows,3.35,1341.98,unspecified,True,paperxd/laptop-prices-dataset
2f4cd2f1d94c82e18ad5,HP,Gaming,17.3,False,1920x1080,1920,1080,False,True,Intel Core i7,2.8,16,Nvidia GeForce GTX,1000.0,256.0,0.0,1256.0,Windows,3.35,925.76,unspecified,True,paperxd/laptop-prices-dataset
0d4d3252eb2bed16ed62,HP,Gaming,17.3,False,1920x1080,1920,1080,False,True,Intel Core i7,2.8,16,Nvidia GeForce GTX,1000.0,256.0,0.0,1256.0,Windows,3.78,1005.65,unspecified,True,paperxd/laptop-prices-dataset
67d840e1b12da6b0467f,HP,Netbook,11.6,False,1366x768,1366,768,False,False,Intel Celeron Dual Core,1.6,2,Intel HD Graphics,0.0,0.0,32.0,32.0,Windows,1.17,140.31,unspecified,True,paperxd/laptop-prices-dataset
feb8e472b8e9c5b3cde5,HP,Netbook,11.6,False,1366x768,1366,768,False,False,Intel Celeron Dual Core,1.6,4,Intel HD Graphics,0.0,0.0,16.0,16.0,ChromeOS,1.23,258.46,unspecified,True,paperxd/laptop-prices-dataset
84da2b1da76ea2c41e37,HP,Netbook,12.5,False,1920x1080,1920,1080,False,False,Intel Core M,1.2,8,Intel HD Graphics,0.0,512.0,0.0,512.0,Windows,0.97,1280.89,unspecified,True,paperxd/laptop-prices-dataset
d28277b8821e3f803f3e,HP,Netbook,12.5,False,1366x768,1366,768,False,False,Intel Core i5,2.3,4,Intel HD Graphics,0.0,128.0,0.0,128.0,Windows,2.4,1073.45,unspecified,True,paperxd/laptop-prices-dataset
884dc33d9da7cb1fe5f4,HP,Netbook,12.5,False,1366x768,1366,768,False,False,Intel Core i5,2.6,8,Intel HD Graphics,0.0,256.0,0.0,256.0,Windows,1.26,932.47,unspecified,True,paperxd/laptop-prices-dataset
41758dc63c54a7eac3e4,HP,Netbook,12.5,False,1920x1080,1920,1080,False,False,Intel Core i5,2.3,8,Intel HD Graphics,0.0,256.0,0.0,256.0,Windows,1.26,1120.45,unspecified,True,paperxd/laptop-prices-dataset
4825802b73c3d07d0016,HP,Netbook,12.5,False,1920x1080,1920,1080,False,False,Intel Core i7,2.7,8,Intel HD Graphics,0.0,512.0,0.0,512.0,Windows,1.26,995.58,unspecified,True,paperxd/laptop-prices-dataset
e3a6eebf6adebb24c0e8,HP,Notebook,15.6,False,1920x1080,1920,1080,False,True,AMD A10-Series,2.5,6,AMD Radeon,0.0,128.0,0.0,128.0,Windows,1.91,381.92,unspecified,True,paperxd/laptop-prices-dataset
0c83b603c1976effedb5,HP,Notebook,17.3,False,1920x1080,1920,1080,False,True,AMD A10-Series,2.4,6,AMD Radeon R7,2000.0,0.0,0.0,2000.0,Windows,2.65,381.99,unspecified,True,paperxd/laptop-prices-dataset
6c3c7a747b779012b1af,HP,Notebook,17.3,False,1920x1080,1920,1080,False,True,AMD A10-Series,2.5,6,AMD Radeon,2000.0,0.0,0.0,2000.0,Windows,2.71,439.73,unspecified,True,paperxd/laptop-prices-dataset
9010ef07504d46bfca7f,HP,Notebook,15.6,False,1920x1080,1920,1080,False,False,AMD A12-Series,2.7,6,AMD Radeon,1000.0,0.0,0.0,1000.0,Windows,2.1,355.13,unspecified,True,paperxd/laptop-prices-dataset
c0863fa592b7ab66eb7a,HP,Notebook,15.6,False,1366x768,1366,768,False,False,AMD A12-Series,2.5,8,AMD Radeon R7,2000.0,0.0,0.0,2000.0,Windows,2.04,422.27,unspecified,True,paperxd/laptop-prices-dataset
41762b59c1ceca859cad,HP,Notebook,15.6,False,1366x768,1366,768,False,False,AMD A6-Series,2.5,4,AMD Radeon R4,0.0,256.0,0.0,256.0,Windows,1.86,247.72,unspecified,True,paperxd/laptop-prices-dataset
8c820382033b8741f786,HP,Notebook,15.6,False,1920x1080,1920,1080,False,False,AMD A6-Series,2.5,4,AMD Radeon R4,1000.0,0.0,0.0,1000.0,Windows,2.1,267.19,unspecified,True,paperxd/laptop-prices-dataset
1b66b320461cd002c5b3,HP,Notebook,15.6,False,1920x1080,1920,1080,False,False,AMD A6-Series,2.5,4,AMD Radeon R4,0.0,256.0,0.0,256.0,Windows,1.86,267.52,unspecified,True,paperxd/laptop-prices-dataset
7061a5fa6d79134d3981,HP,Notebook,15.6,False,1366x768,1366,768,False,False,AMD A6-Series,2.5,4,AMD Radeon R4,500.0,0.0,0.0,500.0,Windows,1.86,267.86,unspecified,True,paperxd/laptop-prices-dataset
3a6b2e028d4bcbbdf4fe,HP,Notebook,17.3,False,1920x1080,1920,1080,False,False,AMD A6-Series,2.5,4,AMD Radeon,500.0,0.0,0.0,500.0,Windows,2.71,294.71,unspecified,True,paperxd/laptop-prices-dataset
f065558641dcae0fc3a2,HP,Notebook,15.6,False,1920x1080,1920,1080,False,False,AMD A6-Series,2.5,4,AMD Radeon,0.0,256.0,0.0,256.0,Windows,1.91,321.49,unspecified,True,paperxd/laptop-prices-dataset
538cf31b72af98d07a51,HP,Notebook,15.6,False,1366x768,1366,768,False,False,AMD A6-Series,2.5,8,AMD Radeon R4,0.0,128.0,0.0,128.0,Windows,1.91,299.35,unspecified,True,paperxd/laptop-prices-dataset
f5ee15e3bd960b5a639b,HP,Notebook,15.6,False,1920x1080,1920,1080,False,False,AMD A9-Series,3.0,4,AMD Radeon R5,0.0,256.0,0.0,256.0,Windows,1.91,328.27,unspecified,True,paperxd/laptop-prices-dataset
5805a35829fbff3467c7,HP,Notebook,15.6,False,1920x1080,1920,1080,False,False,AMD A9-Series,3.0,4,AMD Radeon,1000.0,0.0,0.0,1000.0,Windows,2.1,328.28,unspecified,True,paperxd/laptop-prices-dataset
fa107a49b1cae98766f5,HP,Notebook,15.6,False,1920x1080,1920,1080,False,True,AMD A9-Series,3.0,6,AMD Radeon,0.0,256.0,0.0,256.0,Windows,1.95,435.69,unspecified,True,paperxd/laptop-prices-dataset
1719a1ce56966d2346e4,HP,Notebook,15.6,False,1920x1080,1920,1080,False,False,AMD A9-Series,3.0,6,AMD Radeon,1000.0,128.0,0.0,1128.0,Windows,2.1,436.36,unspecified,True,paperxd/laptop-prices-dataset
4a8f976145fea93828a2,HP,Notebook,17.0,False,1600x900,1600,900,False,False,AMD A9-Series,3.0,8,AMD Radeon R5,1000.0,0.0,0.0,1000.0,Windows,2.6,349.69,unspecified,True,paperxd/laptop-prices-dataset
c8a76309894a938f06fd,HP,Notebook,15.6,False,1366x768,1366,768,False,False,AMD E-Series,1.5,4,AMD Radeon R2,500.0,0.0,0.0,500.0,No OS,1.86,173.2,unspecified,True,paperxd/laptop-prices-dataset
d16078b31e70a5b2669e,HP,Notebook,15.6,False,1366x768,1366,768,False,False,AMD E-Series,1.8,4,AMD Radeon R2,500.0,0.0,0.0,500.0,Windows,1.86,199.38,unspecified,True,paperxd/laptop-prices-dataset
ab33b96fe2c70da8a2b4,HP,Notebook,15.6,False,1366x768,1366,768,False,False,AMD E-Series,1.5,4,AMD Radeon R2,500.0,0.0,0.0,500.0,Windows,2.1,221.54,unspecified,True,paperxd/laptop-prices-dataset
2537c07807b5d5a492e2,HP,Notebook,15.6,False,1920x1080,1920,1080,False,False,AMD E-Series,1.5,4,AMD Radeon R2,500.0,0.0,0.0,500.0,Windows,2.1,234.29,unspecified,True,paperxd/laptop-prices-dataset
8a5492c58db4f06899a9,HP,Notebook,14.0,False,1366x768,1366,768,False,False,Intel Celeron Dual Core,1.6,2,Intel HD Graphics,0.0,0.0,32.0,32.0,Windows,1.44,167.16,unspecified,True,paperxd/laptop-prices-dataset
82d97fdee09b0d2e45f4,HP,Notebook,14.0,False,1366x768,1366,768,False,False,Intel Celeron Dual Core,1.6,2,Intel HD Graphics,0.0,0.0,32.0,32.0,Windows,1.44,187.3,unspecified,True,paperxd/laptop-prices-dataset
1b3425d1ffec2b099ed6,HP,Notebook,14.0,False,1366x768,1366,768,False,False,Intel Celeron Dual Core,1.6,4,Intel HD Graphics,0.0,32.0,0.0,32.0,Windows,1.44,153.73,unspecified,True,paperxd/laptop-prices-dataset
fc0ffe4fd65d268a57d3,HP,Notebook,15.6,False,1366x768,1366,768,False,False,Intel Celeron Dual Core,1.6,4,Intel HD Graphics,1000.0,0.0,0.0,1000.0,No OS,1.86,193.95,unspecified,True,paperxd/laptop-prices-dataset
eb0fde5bdc104c981970,HP,Notebook,15.6,False,1366x768,1366,768,False,False,Intel Celeron Dual Core,1.6,4,Intel HD Graphics,0.0,128.0,0.0,128.0,No OS,1.86,200.73,unspecified,True,paperxd/laptop-prices-dataset
8206a9f958f27a58b4a1,HP,Notebook,15.6,False,1366x768,1366,768,False,False,Intel Celeron Dual Core,1.6,4,Intel HD Graphics,500.0,0.0,0.0,500.0,Windows,2.1,232.95,unspecified,True,paperxd/laptop-prices-dataset
ea8b78694a53cfdc5320,HP,Notebook,13.3,False,3200x1800,3200,1800,True,False,Intel Core M,1.1,8,Intel HD Graphics,0.0,256.0,0.0,256.0,Windows,1.16,1140.59,unspecified,True,paperxd/laptop-prices-dataset
746f4087895ac7688f7b,HP,Notebook,15.6,False,1920x1080,1920,1080,False,False,Intel Core i3,2.0,4,Intel HD Graphics,500.0,0.0,0.0,500.0,No OS,1.86,231.6,unspecified,True,paperxd/laptop-prices-dataset
c459e6505698e82f4d0b,HP,Notebook,15.6,False,1366x768,1366,768,False,False,Intel Core i3,2.0,4,Intel HD Graphics,1000.0,0.0,0.0,1000.0,No OS,1.86,232.27,unspecified,True,paperxd/laptop-prices-dataset
281caae135b418e2cd7e,HP,Notebook,15.6,False,1920x1080,1920,1080,False,False,Intel Core i3,2.0,4,Intel HD Graphics,500.0,0.0,0.0,500.0,No OS,2.1,234.29,unspecified,True,paperxd/laptop-prices-dataset
ff3e9c6056c88ba87023,HP,Notebook,15.6,False,1366x768,1366,768,False,False,Intel Core i3,2.0,4,Intel HD Graphics,500.0,0.0,0.0,500.0,No OS,1.86,244.97,unspecified,True,paperxd/laptop-prices-dataset
245108af6104f12dc431,HP,Notebook,15.6,False,1920x1080,1920,1080,False,False,Intel Core i3,2.0,4,Intel HD Graphics,500.0,0.0,0.0,500.0,Windows,1.86,266.52,unspecified,True,paperxd/laptop-prices-dataset
c88b82cbb5c9b70bd40c,HP,Notebook,15.6,False,1366x768,1366,768,False,False,Intel Core i3,2.0,4,AMD Radeon,500.0,0.0,0.0,500.0,Windows,1.86,294.5,unspecified,True,paperxd/laptop-prices-dataset
2098f74d7bb8d015ae6b,HP,Notebook,15.6,False,1920x1080,1920,1080,False,False,Intel Core i3,2.0,4,Intel HD Graphics,0.0,128.0,0.0,128.0,Windows,1.91,294.71,unspecified,True,paperxd/laptop-prices-dataset
99d3d1fcbba4e57641a6,HP,Notebook,15.6,False,1366x768,1366,768,False,False,Intel Core i3,2.0,4,Intel HD Graphics,500.0,0.0,0.0,500.0,Windows,1.86,294.71,unspecified,True,paperxd/laptop-prices-dataset
10de73a2ff7cb6cde17b,HP,Notebook,15.6,False,1920x1080,1920,1080,False,False,Intel Core i3,2.0,4,Intel HD Graphics,1000.0,0.0,0.0,1000.0,Windows,1.86,314.85,unspecified,True,paperxd/laptop-prices-dataset
dc248caebee60d000aae,HP,Notebook,15.6,False,1920x1080,1920,1080,False,False,Intel Core i3,2.0,4,AMD Radeon,1000.0,0.0,0.0,1000.0,Windows,2.1,314.85,unspecified,True,paperxd/laptop-prices-dataset
efdf9de3c8b1e6d41f87,HP,Notebook,15.6,False,1920x1080,1920,1080,False,False,Intel Core i3,2.0,4,Intel HD Graphics,1000.0,0.0,0.0,1000.0,Windows,2.1,320.89,unspecified,True,paperxd/laptop-prices-dataset
c405789d35855850c7f1,HP,Notebook,15.6,False,1920x1080,1920,1080,False,False,Intel Core i3,2.0,4,AMD Radeon,1000.0,128.0,0.0,1128.0,Windows,2.1,334.99,unspecified,True,paperxd/laptop-prices-dataset
2ce55216b05622116f7c,HP,Notebook,15.6,False,1366x768,1366,768,False,False,Intel Core i3,2.3,4,Intel HD Graphics,500.0,0.0,0.0,500.0,Windows,2.07,436.36,unspecified,True,paperxd/laptop-prices-dataset
e6c4a954d5b52c38635a,HP,Notebook,15.6,False,1366x768,1366,768,False,False,Intel Core i3,2.4,4,Intel HD Graphics,500.0,0.0,0.0,500.0,Windows,2.1,448.77,unspecified,True,paperxd/laptop-prices-dataset
7cf75654faaa1ed369ee,HP,Notebook,14.0,False,1366x768,1366,768,False,False,Intel Core i3,2.4,4,Intel HD Graphics,500.0,0.0,0.0,500.0,Windows,1.64,459.19,unspecified,True,paperxd/laptop-prices-dataset
2c418a37851049a4bcc8,HP,Notebook,15.6,False,1920x1080,1920,1080,False,False,Intel Core i3,2.4,4,Intel HD Graphics,500.0,0.0,0.0,500.0,Windows,2.04,459.86,unspecified,True,paperxd/laptop-prices-dataset
3bdbda8ef4791d706a34,HP,Notebook,15.6,False,1366x768,1366,768,False,False,Intel Core i3,2.0,4,Intel HD Graphics,0.0,128.0,0.0,128.0,Windows,1.63,462.54,unspecified,True,paperxd/laptop-prices-dataset
f8da0d63aaa4e6a26f25,HP,Notebook,17.3,False,1920x1080,1920,1080,False,True,Intel Core i3,2.0,4,AMD Radeon R5,0.0,256.0,0.0,256.0,Windows,2.5,469.26,unspecified,True,paperxd/laptop-prices-dataset
42fb908aa7f133c4c34a,HP,Notebook,15.6,False,1366x768,1366,768,False,False,Intel Core i3,2.3,4,Intel HD Graphics,500.0,0.0,0.0,500.0,Windows,2.31,473.39,unspecified,True,paperxd/laptop-prices-dataset
338a8e312099022bff61,HP,Notebook,15.6,False,1920x1080,1920,1080,False,False,Intel Core i3,2.4,4,Intel HD Graphics,0.0,128.0,0.0,128.0,Windows,2.1,473.62,unspecified,True,paperxd/laptop-prices-dataset
002b67a0cce136ad6103,HP,Notebook,13.3,False,1920x1080,1920,1080,False,False,Intel Core i3,2.4,4,Intel HD Graphics,0.0,128.0,0.0,128.0,Windows,1.49,482.68,unspecified,True,paperxd/laptop-prices-dataset
375ca3ccaff6ab613d75,HP,Notebook,15.6,False,1366x768,1366,768,False,False,Intel Core i3,2.4,4,Intel HD Graphics,0.0,256.0,0.0,256.0,Windows,2.04,516.92,unspecified,True,paperxd/laptop-prices-dataset
54e9ef5bd6da92b1fb91,HP,Notebook,13.3,False,1366x768,1366,768,False,False,Intel Core i3,2.4,4,Intel HD Graphics,500.0,0.0,0.0,500.0,Windows,1.49,537.06,unspecified,True,paperxd/laptop-prices-dataset
038cfba02e48e93569a6,HP,Notebook,15.6,False,1920x1080,1920,1080,False,False,Intel Core i3,2.0,6,AMD Radeon R5,1000.0,0.0,0.0,1000.0,Windows,2.04,361.85,unspecified,True,paperxd/laptop-prices-dataset
2176f8a0b610a0fe118d,HP,Notebook,17.3,False,1600x900,1600,900,False,False,Intel Core i3,2.0,8,Intel HD Graphics,1000.0,0.0,0.0,1000.0,Windows,2.54,328.28,unspecified,True,paperxd/laptop-prices-dataset
62a0d4987a754a02cb8e,HP,Notebook,17.3,False,1600x900,1600,900,False,False,Intel Core i3,2.0,8,Intel HD Graphics,1000.0,0.0,0.0,1000.0,Windows,2.65,365.3,unspecified,True,paperxd/laptop-prices-dataset
dac232b1a21630243e57,HP,Notebook,17.3,False,1600x900,1600,900,False,False,Intel Core i3,2.0,8,Intel HD Graphics,0.0,256.0,0.0,256.0,Windows,2.5,429.58,unspecified,True,paperxd/laptop-prices-dataset
dff9f107545629342d55,HP,Notebook,15.6,False,1920x1080,1920,1080,False,True,Intel Core i3,2.4,8,Nvidia GeForce,1000.0,0.0,0.0,1000.0,Windows,2.1,480.67,unspecified,True,paperxd/laptop-prices-dataset
3208a7d34ffd87d9d547,HP,Notebook,15.6,False,1366x768,1366,768,False,False,Intel Core i5,2.5,4,Intel HD Graphics,500.0,0.0,0.0,500.0,No OS,1.86,264.44,unspecified,True,paperxd/laptop-prices-dataset
69020ef84aa3bf04efee,HP,Notebook,15.6,False,1366x768,1366,768,False,False,Intel Core i5,2.3,4,Intel HD Graphics,500.0,0.0,0.0,500.0,No OS,2.1,320.22,unspecified,True,paperxd/laptop-prices-dataset
d9a91288dd41f1a3c8b5,HP,Notebook,15.6,False,1366x768,1366,768,False,False,Intel Core i5,2.5,4,Intel HD Graphics,500.0,0.0,0.0,500.0,Windows,1.86,325.59,unspecified,True,paperxd/laptop-prices-dataset
d3824748daae512458fb,HP,Notebook,15.6,False,1366x768,1366,768,False,False,Intel Core i5,2.5,4,Intel HD Graphics,1000.0,0.0,0.0,1000.0,Windows,1.86,328.07,unspecified,True,paperxd/laptop-prices-dataset
275da818a8c1ca66400b,HP,Notebook,15.6,False,1366x768,1366,768,False,False,Intel Core i5,2.5,4,Intel HD Graphics,500.0,0.0,0.0,500.0,No OS,1.96,334.99,unspecified,True,paperxd/laptop-prices-dataset
3f5f19541763d7498a6b,HP,Notebook,15.6,False,1366x768,1366,768,True,False,Intel Core i5,1.6,4,Intel UHD Graphics,1000.0,0.0,0.0,1000.0,Windows,2.04,350.08,unspecified,True,paperxd/laptop-prices-dataset
2dd4cafdcab4c3dfe542,HP,Notebook,15.6,False,1366x768,1366,768,False,False,Intel Core i5,2.5,4,AMD Radeon,500.0,0.0,0.0,500.0,Windows,1.86,411.26,unspecified,True,paperxd/laptop-prices-dataset
94e90ddaac6d0941e2a6,HP,Notebook,13.3,False,1920x1080,1920,1080,False,True,Intel Core i5,1.6,4,Intel UHD Graphics,500.0,0.0,0.0,500.0,Windows,1.49,453.15,unspecified,True,paperxd/laptop-prices-dataset
97eeff27ea722aee83b9,HP,Notebook,13.3,False,1920x1080,1920,1080,False,True,Intel Core i5,2.5,4,Intel HD Graphics,0.0,256.0,0.0,256.0,Windows,1.32,469.26,unspecified,True,paperxd/laptop-prices-dataset
09d020b3081c9e4e52cb,HP,Notebook,14.0,False,1366x768,1366,768,False,True,Intel Core i5,1.6,4,Intel UHD Graphics,500.0,0.0,0.0,500.0,Windows,1.63,484.7,unspecified,True,paperxd/laptop-prices-dataset
cf15f122b7664fec77d7,HP,Notebook,15.6,False,1920x1080,1920,1080,False,True,Intel Core i5,1.6,4,Intel HD Graphics,500.0,0.0,0.0,500.0,Windows,2.1,484.7,unspecified,True,paperxd/laptop-prices-dataset
39f88a727d2827ef3c25,HP,Notebook,13.3,False,1920x1080,1920,1080,False,True,Intel Core i5,1.6,4,Intel UHD Graphics,0.0,128.0,0.0,128.0,Windows,1.49,487.38,unspecified,True,paperxd/laptop-prices-dataset
af99035aae9472d257b8,HP,Notebook,15.6,False,1366x768,1366,768,False,False,Intel Core i5,2.5,4,Intel HD Graphics,500.0,0.0,0.0,500.0,Windows,2.04,498.13,unspecified,True,paperxd/laptop-prices-dataset
4b77c748a55345e3905e,HP,Notebook,13.3,False,1920x1080,1920,1080,False,True,Intel Core i5,1.6,4,Intel UHD Graphics,500.0,0.0,0.0,500.0,Windows,1.49,506.18,unspecified,True,paperxd/laptop-prices-dataset
deb5ac02022964f790aa,HP,Notebook,14.0,False,1366x768,1366,768,False,False,Intel Core i5,2.5,4,Intel HD Graphics,500.0,0.0,0.0,500.0,Windows,1.64,522.96,unspecified,True,paperxd/laptop-prices-dataset
f4ea0c4d891f9469fd5b,HP,Notebook,15.6,False,1920x1080,1920,1080,False,False,Intel Core i5,2.5,4,Intel HD Graphics,0.0,256.0,0.0,256.0,Windows,2.04,563.24,unspecified,True,paperxd/laptop-prices-dataset
eae3df77317d971e4617,HP,Notebook,15.6,False,1920x1080,1920,1080,False,False,Intel Core i5,2.3,4,Intel HD Graphics,500.0,0.0,0.0,500.0,Windows,2.07,610.91,unspecified,True,paperxd/laptop-prices-dataset
09575d0da64ef999d1eb,HP,Notebook,15.6,False,1366x768,1366,768,False,False,Intel Core i5,2.3,4,Intel HD Graphics,500.0,0.0,0.0,500.0,Windows,1.88,625.68,unspecified,True,paperxd/laptop-prices-dataset
90f81e1204c197a402e6,HP,Notebook,15.6,False,1920x1080,1920,1080,False,False,Intel Core i5,2.3,4,Intel HD Graphics,500.0,0.0,0.0,500.0,Windows,2.31,631.05,unspecified,True,paperxd/laptop-prices-dataset
7df228f7d0ac24d4266c,HP,Notebook,14.0,False,1366x768,1366,768,False,False,Intel Core i5,2.5,4,Intel HD Graphics,0.0,256.0,0.0,256.0,Windows,1.64,653.2,unspecified,True,paperxd/laptop-prices-dataset
1eb026e54ce44effe3d8,HP,Notebook,15.6,False,1366x768,1366,768,False,False,Intel Core i5,2.5,4,Intel HD Graphics,0.0,256.0,0.0,256.0,Windows,2.04,657.23,unspecified,True,paperxd/laptop-prices-dataset
1eed8f61b07ec0767a86,HP,Notebook,14.0,False,1920x1080,1920,1080,False,False,Intel Core i5,2.3,4,Intel HD Graphics,500.0,0.0,0.0,500.0,Windows,1.54,671.33,unspecified,True,paperxd/laptop-prices-dataset
2c785aff255cc7b0f1f6,HP,Notebook,14.0,False,1920x1080,1920,1080,False,False,Intel Core i5,2.3,4,Intel HD Graphics,500.0,0.0,0.0,500.0,Windows,1.54,692.13,unspecified,True,paperxd/laptop-prices-dataset
9d92a1bd2e19cb0ab24d,HP,Notebook,14.0,False,1366x768,1366,768,False,False,Intel Core i5,2.5,4,Intel HD Graphics,500.0,0.0,0.0,500.0,Windows,1.95,711.61,unspecified,True,paperxd/laptop-prices-dataset
c91d90abfcfad33f34eb,HP,Notebook,14.0,False,1366x768,1366,768,False,False,Intel Core i5,2.4,4,Intel HD Graphics,0.0,256.0,0.0,256.0,Windows,1.48,738.45,unspecified,True,paperxd/laptop-prices-dataset
0d67261b7b29e0591acf,HP,Notebook,14.0,False,1920x1080,1920,1080,False,False,Intel Core i5,2.3,4,Intel HD Graphics,0.0,256.0,0.0,256.0,Windows,1.54,738.45,unspecified,True,paperxd/laptop-prices-dataset
946c8d4b31ce30f6c699,HP,Notebook,14.0,False,1366x768,1366,768,False,False,Intel Core i5,2.3,4,Intel HD Graphics,500.0,0.0,0.0,500.0,Windows,1.95,771.36,unspecified,True,paperxd/laptop-prices-dataset
31447fb8af44795d509b,HP,Notebook,14.0,False,1366x768,1366,768,False,False,Intel Core i5,2.5,4,Intel HD Graphics,500.0,0.0,0.0,500.0,Windows,2.31,798.21,unspecified,True,paperxd/laptop-prices-dataset
c550b613f56cca6247d9,HP,Notebook,15.6,False,1366x768,1366,768,False,False,Intel Core i5,2.3,4,Intel HD Graphics,500.0,0.0,0.0,500.0,Windows,2.31,804.92,unspecified,True,paperxd/laptop-prices-dataset
0dcd95093fbe26d85569,HP,Notebook,14.0,False,1920x1080,1920,1080,False,False,Intel Core i5,2.5,4,Intel HD Graphics,0.0,256.0,0.0,256.0,Windows,1.95,808.95,unspecified,True,paperxd/laptop-prices-dataset
cd891c667787ea3996d4,HP,Notebook,14.0,False,1920x1080,1920,1080,False,False,Intel Core i5,2.5,4,Intel HD Graphics,0.0,128.0,0.0,128.0,Windows,1.95,849.23,unspecified,True,paperxd/laptop-prices-dataset
28fb4c3031ed2d4bf9d4,HP,Notebook,14.0,False,1920x1080,1920,1080,False,False,Intel Core i5,2.5,4,Intel HD Graphics,0.0,256.0,0.0,256.0,Windows,1.48,1067.41,unspecified,True,paperxd/laptop-prices-dataset
c612adaa061ae7fb6c89,HP,Notebook,15.6,False,1920x1080,1920,1080,False,False,Intel Core i5,1.6,6,AMD Radeon,0.0,256.0,0.0,256.0,Windows,1.91,415.55,unspecified,True,paperxd/laptop-prices-dataset
dd44d4d73bf1e2dbf1f3,HP,Notebook,14.0,False,1920x1080,1920,1080,False,True,Intel Core i5,2.5,6,Nvidia GeForce,0.0,256.0,0.0,256.0,Windows,1.58,442.41,unspecified,True,paperxd/laptop-prices-dataset
6f3f45ece1adc780ce5d,HP,Notebook,17.3,False,1920x1080,1920,1080,False,True,Intel Core i5,2.5,6,AMD Radeon,2000.0,0.0,0.0,2000.0,Windows,2.71,469.26,unspecified,True,paperxd/laptop-prices-dataset
d58ed224631e46a00a56,HP,Notebook,15.6,False,1366x768,1366,768,True,False,Intel Core i5,2.5,8,Intel HD Graphics,1000.0,0.0,0.0,1000.0,Windows,2.04,375.27,unspecified,True,paperxd/laptop-prices-dataset
d377f0ba465195583713,HP,Notebook,15.6,False,1920x1080,1920,1080,False,False,Intel Core i5,2.5,8,Intel HD Graphics,0.0,256.0,0.0,256.0,No OS,1.86,386.01,unspecified,True,paperxd/laptop-prices-dataset
1750d58210569b540eeb,HP,Notebook,15.6,False,1366x768,1366,768,False,False,Intel Core i5,2.5,8,Intel HD Graphics,0.0,256.0,0.0,256.0,Windows,1.91,388.7,unspecified,True,paperxd/laptop-prices-dataset
a81fded009156c7ecd08,HP,Notebook,15.6,False,1366x768,1366,768,False,False,Intel Core i5,2.5,8,Intel HD Graphics,0.0,128.0,0.0,128.0,Windows,1.91,395.41,unspecified,True,paperxd/laptop-prices-dataset
b0eb4ea1838a6b12d391,HP,Notebook,15.6,False,1920x1080,1920,1080,False,False,Intel Core i5,2.5,8,Intel HD Graphics,0.0,256.0,0.0,256.0,Windows,1.96,402.12,unspecified,True,paperxd/laptop-prices-dataset
a4ced44bddc64310a2b4,HP,Notebook,15.6,False,1366x768,1366,768,False,False,Intel Core i5,2.5,8,AMD Radeon,0.0,256.0,0.0,256.0,Windows,1.91,415.55,unspecified,True,paperxd/laptop-prices-dataset
46048b55a8d181f6d5a0,HP,Notebook,15.6,False,1920x1080,1920,1080,False,False,Intel Core i5,2.5,8,Intel HD Graphics,1000.0,0.0,0.0,1000.0,Windows,1.86,428.98,unspecified,True,paperxd/laptop-prices-dataset
0f5156c2a6433e35df1a,HP,Notebook,15.6,False,1920x1080,1920,1080,False,False,Intel Core i5,2.5,8,Intel HD Graphics,0.0,256.0,0.0,256.0,Windows,1.86,463.22,unspecified,True,paperxd/laptop-prices-dataset
154541548a254cffb57c,HP,Notebook,15.6,False,1920x1080,1920,1080,False,False,Intel Core i5,1.6,8,Intel UHD Graphics,1000.0,0.0,0.0,1000.0,Windows,2.1,533.03,unspecified,True,paperxd/laptop-prices-dataset
197bcc2e19b4f355e3bb,HP,Notebook,15.6,False,1920x1080,1920,1080,False,False,Intel Core i5,2.5,8,Intel HD Graphics,1000.0,0.0,0.0,1000.0,Windows,2.04,541.09,unspecified,True,paperxd/laptop-prices-dataset
ffd4c09d6f8689768a87,HP,Notebook,14.0,False,1920x1080,1920,1080,False,False,Intel Core i5,1.6,8,Intel UHD Graphics,1000.0,0.0,0.0,1000.0,Windows,1.63,545.12,unspecified,True,paperxd/laptop-prices-dataset
9e3fa9ccc66f0151e31a,HP,Notebook,15.6,False,1366x768,1366,768,False,False,Intel Core i5,2.5,8,Nvidia GeForce,1000.0,0.0,0.0,1000.0,Windows,2.04,568.28,unspecified,True,paperxd/laptop-prices-dataset
8dece420c1b920ce16ed,HP,Notebook,14.0,False,1920x1080,1920,1080,False,False,Intel Core i5,1.6,8,Intel HD Graphics,0.0,256.0,0.0,256.0,Windows,1.63,577.34,unspecified,True,paperxd/laptop-prices-dataset
b1817989af9124fc2178,HP,Notebook,15.6,False,1920x1080,1920,1080,False,False,Intel Core i5,1.6,8,Nvidia GeForce,0.0,256.0,0.0,256.0,Windows,2.1,590.1,unspecified,True,paperxd/laptop-prices-dataset
242becbf9605c3af9210,HP,Notebook,15.6,False,1920x1080,1920,1080,False,False,Intel Core i5,2.5,8,Nvidia GeForce,0.0,256.0,0.0,256.0,Windows,2.04,596.81,unspecified,True,paperxd/laptop-prices-dataset
93f57b2393e317f80236,HP,Notebook,17.3,False,1920x1080,1920,1080,False,False,Intel Core i5,1.6,8,Nvidia GeForce,1000.0,0.0,0.0,1000.0,Windows,2.5,601.51,unspecified,True,paperxd/laptop-prices-dataset
06de219801b7b27ca077,HP,Notebook,17.3,False,1600x900,1600,900,False,False,Intel Core i5,2.5,8,Nvidia GeForce,1000.0,0.0,0.0,1000.0,Windows,2.63,610.91,unspecified,True,paperxd/laptop-prices-dataset
156cc408032e41fcf73d,HP,Notebook,17.3,False,1920x1080,1920,1080,False,True,Intel Core i5,1.6,8,Nvidia GeForce,1000.0,0.0,0.0,1000.0,Windows,2.5,613.59,unspecified,True,paperxd/laptop-prices-dataset
0020bcb9f2d77f910a7a,HP,Notebook,17.3,False,1920x1080,1920,1080,False,False,Intel Core i5,1.6,8,Nvidia GeForce,0.0,256.0,0.0,256.0,Windows,2.5,619.64,unspecified,True,paperxd/laptop-prices-dataset
95ed9ee4f1486bf77dfb,HP,Notebook,17.3,False,1920x1080,1920,1080,False,False,Intel Core i5,1.6,8,Intel UHD Graphics,0.0,256.0,0.0,256.0,Windows,2.5,622.99,unspecified,True,paperxd/laptop-prices-dataset
fd41b28bfd75be078cc4,HP,Notebook,13.3,False,1920x1080,1920,1080,False,False,Intel Core i5,1.6,8,Intel UHD Graphics,0.0,512.0,0.0,512.0,Windows,1.49,643.8,unspecified,True,paperxd/laptop-prices-dataset
0288d299b67a1f00d445,HP,Notebook,13.3,False,1920x1080,1920,1080,False,False,Intel Core i5,2.5,8,Intel HD Graphics,0.0,256.0,0.0,256.0,Windows,1.49,644.47,unspecified,True,paperxd/laptop-prices-dataset
d068c0bb5603a461c14b,HP,Notebook,17.3,False,1920x1080,1920,1080,False,False,Intel Core i5,1.6,8,Nvidia GeForce,1000.0,128.0,0.0,1128.0,Windows,2.5,655.89,unspecified,True,paperxd/laptop-prices-dataset
55e12eacd1fa31bd2888,HP,Notebook,15.6,False,1920x1080,1920,1080,False,True,Intel Core i5,2.7,8,Nvidia GeForce,1000.0,128.0,0.0,1128.0,Windows,2.04,657.23,unspecified,True,paperxd/laptop-prices-dataset
7b22c52a3c8433affa11,HP,Notebook,14.0,False,1920x1080,1920,1080,False,False,Intel Core i5,2.5,8,Intel HD Graphics,0.0,256.0,0.0,256.0,Windows,1.95,657.9,unspecified,True,paperxd/laptop-prices-dataset
73fa6762a0bf84a32073,HP,Notebook,14.0,False,1920x1080,1920,1080,False,False,Intel Core i5,2.5,8,Intel HD Graphics,0.0,256.0,0.0,256.0,Windows,1.64,678.38,unspecified,True,paperxd/laptop-prices-dataset
a156491a7de1334562d1,HP,Notebook,14.0,False,1920x1080,1920,1080,False,False,Intel Core i5,2.5,8,Nvidia GeForce,0.0,256.0,0.0,256.0,Windows,1.64,704.4,unspecified,True,paperxd/laptop-prices-dataset
2655045149ab2778efa7,HP,Notebook,17.3,False,1920x1080,1920,1080,False,False,Intel Core i5,2.5,8,Nvidia GeForce,0.0,256.0,0.0,256.0,Windows,2.63,725.03,unspecified,True,paperxd/laptop-prices-dataset
38fa52fd24c1086cd93b,HP,Notebook,15.6,False,1920x1080,1920,1080,False,True,Intel Core i5,2.5,8,Nvidia GeForce GTX,1000.0,128.0,0.0,1128.0,Windows,2.2,737.79,unspecified,True,paperxd/laptop-prices-dataset
aa775e27a1781d42044f,HP,Notebook,14.0,False,1366x768,1366,768,False,False,Intel Core i5,2.6,8,Intel HD Graphics,0.0,256.0,0.0,256.0,Windows,2.31,754.57,unspecified,True,paperxd/laptop-prices-dataset
cd780782a50629299451,HP,Notebook,15.6,False,1920x1080,1920,1080,False,False,Intel Core i5,2.5,8,Intel HD Graphics,0.0,256.0,0.0,256.0,Windows,1.84,768.0,unspecified,True,paperxd/laptop-prices-dataset
e4da2a6a0656481dc690,HP,Notebook,13.3,False,1920x1080,1920,1080,False,True,Intel Core i5,2.5,8,Intel HD Graphics,0.0,256.0,0.0,256.0,Windows,1.11,771.36,unspecified,True,paperxd/laptop-prices-dataset
693d51cfb425c52d52c6,HP,Notebook,15.6,False,1920x1080,1920,1080,False,False,Intel Core i5,2.5,8,AMD FirePro,500.0,0.0,0.0,500.0,Windows,1.9,774.71,unspecified,True,paperxd/laptop-prices-dataset
73ef11d96841dcfe6b5a,HP,Notebook,15.6,False,1920x1080,1920,1080,False,False,Intel Core i5,2.3,8,Intel HD Graphics,0.0,256.0,0.0,256.0,Windows,2.31,782.1,unspecified,True,paperxd/laptop-prices-dataset
8c6e3c7bce9ad7010809,HP,Notebook,13.3,False,1920x1080,1920,1080,False,True,Intel Core i5,2.5,8,Intel HD Graphics,0.0,256.0,0.0,256.0,Windows,1.34,798.21,unspecified,True,paperxd/laptop-prices-dataset
49f42aa61a4a11fac0da,HP,Notebook,14.0,False,1920x1080,1920,1080,False,False,Intel Core i5,2.3,8,Intel HD Graphics,0.0,256.0,0.0,256.0,Windows,1.95,802.24,unspecified,True,paperxd/laptop-prices-dataset
c725e61b196b33c3d2d7,HP,Notebook,14.0,False,1920x1080,1920,1080,False,False,Intel Core i5,2.6,8,Intel HD Graphics,0.0,256.0,0.0,256.0,Windows,1.48,851.24,unspecified,True,paperxd/laptop-prices-dataset
11636f9ce482c98bdb22,HP,Notebook,15.6,False,1920x1080,1920,1080,False,False,Intel Core i5,2.6,8,AMD Radeon R7,0.0,256.0,0.0,256.0,Windows,1.84,905.62,unspecified,True,paperxd/laptop-prices-dataset
d92e9c94a38a7cbd7a5f,HP,Notebook,14.0,False,1920x1080,1920,1080,False,False,Intel Core i5,2.3,8,Intel HD Graphics,0.0,256.0,0.0,256.0,Windows,1.43,986.18,unspecified,True,paperxd/laptop-prices-dataset
0cfe2a77b2677439a042,HP,Notebook,14.0,False,1920x1080,1920,1080,False,False,Intel Core i5,2.3,8,Intel HD Graphics,0.0,256.0,0.0,256.0,Windows,1.43,1015.72,unspecified,True,paperxd/laptop-prices-dataset
845593e983747a5dc311,HP,Notebook,15.6,False,1920x1080,1920,1080,False,False,Intel Core i5,2.3,8,Intel HD Graphics,0.0,256.0,0.0,256.0,Windows,1.88,1060.03,unspecified,True,paperxd/laptop-prices-dataset
7d4450625ffc9a5b07e6,HP,Notebook,13.3,False,1920x1080,1920,1080,False,False,Intel Core i5,2.3,8,Intel HD Graphics,0.0,256.0,0.0,256.0,Windows,1.16,1134.54,unspecified,True,paperxd/laptop-prices-dataset
8b09e7b34a3dc9654feb,HP,Notebook,15.6,False,1920x1080,1920,1080,False,False,Intel Core i5,2.4,8,Intel HD Graphics,0.0,256.0,0.0,256.0,Windows,1.84,1275.52,unspecified,True,paperxd/laptop-prices-dataset
84a6a3868791f915899e,HP,Notebook,15.6,False,1920x1080,1920,1080,False,False,Intel Core i5,2.4,8,Intel HD Graphics,500.0,256.0,0.0,756.0,Windows,1.84,1412.03,unspecified,True,paperxd/laptop-prices-dataset
143607e2702d8d0cacce,HP,Notebook,15.6,False,1366x768,1366,768,False,False,Intel Core i7,2.5,6,AMD Radeon R5,1000.0,0.0,0.0,1000.0,Windows,2.19,512.89,unspecified,True,paperxd/laptop-prices-dataset
37984c59b18eb7921081,HP,Notebook,15.6,False,1920x1080,1920,1080,False,True,Intel Core i7,2.6,6,Nvidia GeForce GTX,1000.0,0.0,0.0,1000.0,Windows,2.18,536.39,unspecified,True,paperxd/laptop-prices-dataset
32f424fa7070b33fde6a,HP,Notebook,15.6,False,1366x768,1366,768,False,False,Intel Core i7,2.7,8,Intel HD Graphics,1000.0,0.0,0.0,1000.0,Windows,2.05,401.45,unspecified,True,paperxd/laptop-prices-dataset
1f5ea3781de447d85f40,HP,Notebook,15.6,False,1366x768,1366,768,False,False,Intel Core i7,2.7,8,Intel HD Graphics,2000.0,0.0,0.0,2000.0,Windows,2.04,422.27,unspecified,True,paperxd/laptop-prices-dataset
112846e86159884ca8a2,HP,Notebook,15.6,False,1920x1080,1920,1080,False,False,Intel Core i7,2.5,8,Intel HD Graphics,0.0,256.0,0.0,256.0,Windows,1.96,455.83,unspecified,True,paperxd/laptop-prices-dataset
bbc3a81b9281d8905ce9,HP,Notebook,15.6,False,1920x1080,1920,1080,False,False,Intel Core i7,2.7,8,AMD Radeon,0.0,256.0,0.0,256.0,Windows,1.91,482.68,unspecified,True,paperxd/laptop-prices-dataset
bf5aa02970246ab72a92,HP,Notebook,15.6,False,1920x1080,1920,1080,False,False,Intel Core i7,2.7,8,AMD Radeon,1000.0,0.0,0.0,1000.0,Windows,2.1,500.14,unspecified,True,paperxd/laptop-prices-dataset
15004829c3df7798997c,HP,Notebook,15.6,False,1920x1080,1920,1080,False,False,Intel Core i7,2.7,8,Nvidia GeForce,1000.0,0.0,0.0,1000.0,Windows,2.04,604.2,unspecified,True,paperxd/laptop-prices-dataset
4eb5aec347d32b9d38c6,HP,Notebook,15.6,False,1366x768,1366,768,False,True,Intel Core i7,1.8,8,Intel UHD Graphics,1000.0,0.0,0.0,1000.0,Windows,2.1,605.54,unspecified,True,paperxd/laptop-prices-dataset
d86125ec841547c572c7,HP,Notebook,15.6,False,1920x1080,1920,1080,False,True,Intel Core i7,2.7,8,Nvidia GeForce,1000.0,0.0,0.0,1000.0,Windows,1.91,657.23,unspecified,True,paperxd/laptop-prices-dataset
f2c017fe37acecca92df,HP,Notebook,14.0,False,1920x1080,1920,1080,False,False,Intel Core i7,1.8,8,Intel UHD Graphics,0.0,256.0,0.0,256.0,Windows,1.63,663.27,unspecified,True,paperxd/laptop-prices-dataset
d3707facc0580b3a57c7,HP,Notebook,17.3,False,1920x1080,1920,1080,False,False,Intel Core i7,1.8,8,Nvidia GeForce,1000.0,0.0,0.0,1000.0,Windows,2.5,683.41,unspecified,True,paperxd/laptop-prices-dataset
860896161d662235e74e,HP,Notebook,15.6,False,1920x1080,1920,1080,False,False,Intel Core i7,2.7,8,Nvidia GeForce,0.0,256.0,0.0,256.0,Windows,2.04,684.08,unspecified,True,paperxd/laptop-prices-dataset
77ffc42fec9dbc2ae679,HP,Notebook,14.0,False,1920x1080,1920,1080,False,False,Intel Core i7,1.8,8,Nvidia GeForce,0.0,256.0,0.0,256.0,Windows,1.63,692.14,unspecified,True,paperxd/laptop-prices-dataset
58d2fe83b6c18da94f93,HP,Notebook,17.3,False,1920x1080,1920,1080,False,False,Intel Core i7,1.8,8,Nvidia GeForce,0.0,256.0,0.0,256.0,Windows,2.5,701.54,unspecified,True,paperxd/laptop-prices-dataset
c961da21add4927a90f9,HP,Notebook,14.0,False,1920x1080,1920,1080,False,False,Intel Core i7,1.8,8,Intel UHD Graphics,0.0,512.0,0.0,512.0,Windows,1.63,727.72,unspecified,True,paperxd/laptop-prices-dataset
82ead6485acb076f07f7,HP,Notebook,13.3,False,1920x1080,1920,1080,False,False,Intel Core i7,2.7,8,Intel HD Graphics,0.0,256.0,0.0,256.0,Windows,1.49,731.75,unspecified,True,paperxd/laptop-prices-dataset
9ec8ec74e35e92d795c8,HP,Notebook,13.3,False,1920x1080,1920,1080,False,False,Intel Core i7,1.8,8,Intel UHD Graphics,0.0,512.0,0.0,512.0,Windows,1.49,740.47,unspecified,True,paperxd/laptop-prices-dataset
b800706f83cf8003ea3d,HP,Notebook,14.0,False,1920x1080,1920,1080,False,False,Intel Core i7,2.7,8,Nvidia GeForce,0.0,256.0,0.0,256.0,Windows,1.64,795.81,unspecified,True,paperxd/laptop-prices-dataset
590cea38bbc041e2eb13,HP,Notebook,17.3,False,1920x1080,1920,1080,False,False,Intel Core i7,2.7,8,Nvidia GeForce,0.0,256.0,0.0,256.0,Windows,2.63,805.59,unspecified,True,paperxd/laptop-prices-dataset
9e318bac2ca43d723e10,HP,Notebook,15.6,False,1920x1080,1920,1080,False,False,Intel Core i7,2.7,8,Intel HD Graphics,0.0,256.0,0.0,256.0,Windows,1.84,818.35,unspecified,True,paperxd/laptop-prices-dataset
5c13e70d83c69db8f1b9,HP,Notebook,15.6,False,1920x1080,1920,1080,False,False,Intel Core i7,2.5,8,Intel HD Graphics,0.0,256.0,0.0,256.0,Windows,1.84,825.06,unspecified,True,paperxd/laptop-prices-dataset
f114c8e7d7bdc571b031,HP,Notebook,15.6,False,1920x1080,1920,1080,False,False,Intel Core i7,2.7,8,AMD FirePro,1000.0,0.0,0.0,1000.0,Windows,1.9,851.92,unspecified,True,paperxd/laptop-prices-dataset
242fd96f24cf9079b3ac,HP,Notebook,17.3,False,1920x1080,1920,1080,False,False,Intel Core i7,2.7,8,Nvidia GeForce,1000.0,0.0,0.0,1000.0,Windows,2.63,859.3,unspecified,True,paperxd/laptop-prices-dataset
bc742bcec16112fedfca,HP,Notebook,14.0,False,1920x1080,1920,1080,False,False,Intel Core i7,2.7,8,Intel HD Graphics,0.0,256.0,0.0,256.0,Windows,1.48,867.36,unspecified,True,paperxd/laptop-prices-dataset
261e2aae280f2ba53b76,HP,Notebook,15.6,False,1920x1080,1920,1080,False,False,Intel Core i7,2.7,8,Intel HD Graphics,0.0,256.0,0.0,256.0,Windows,1.84,875.41,unspecified,True,paperxd/laptop-prices-dataset
3d09f1f449ef3d2db7f6,HP,Notebook,15.6,False,1920x1080,1920,1080,False,False,Intel Core i7,2.9,8,Intel HD Graphics,0.0,256.0,0.0,256.0,Windows,2.31,957.99,unspecified,True,paperxd/laptop-prices-dataset
dfe0d3d6d65e6539344d,HP,Notebook,14.0,False,1920x1080,1920,1080,False,False,Intel Core i7,2.8,8,Intel HD Graphics,0.0,1000.0,0.0,1000.0,Windows,1.48,1174.15,unspecified,True,paperxd/laptop-prices-dataset
14d48c2cec214ed4e099,HP,Notebook,14.0,False,1920x1080,1920,1080,False,False,Intel Core i7,2.5,8,Intel HD Graphics,0.0,256.0,0.0,256.0,Windows,1.43,1496.39,unspecified,True,paperxd/laptop-prices-dataset
a276387d341980591503,HP,Notebook,15.6,False,1920x1080,1920,1080,False,True,Intel Core i7,2.8,12,Nvidia GeForce GTX,1000.0,128.0,0.0,1128.0,Windows,2.21,890.85,unspecified,True,paperxd/laptop-prices-dataset
912c5e52bd87c4064574,HP,Notebook,17.3,False,1920x1080,1920,1080,False,True,Intel Core i7,1.8,16,Nvidia GeForce,1000.0,0.0,0.0,1000.0,Windows,2.9,710.94,unspecified,True,paperxd/laptop-prices-dataset
c729cee2db47f43a2787,HP,Notebook,15.6,False,1920x1080,1920,1080,False,False,Intel Core i7,1.8,16,Intel UHD Graphics,0.0,512.0,0.0,512.0,Windows,2.1,778.07,unspecified,True,paperxd/laptop-prices-dataset
32fd4ba16e12edd4daea,HP,Notebook,13.3,False,1920x1080,1920,1080,False,False,Intel Core i7,1.8,16,Intel UHD Graphics,0.0,512.0,0.0,512.0,Windows,1.49,803.58,unspecified,True,paperxd/laptop-prices-dataset
d2cb0120c0c84be398be,HP,Notebook,17.3,False,1920x1080,1920,1080,False,False,Intel Core i7,1.8,16,Nvidia GeForce,0.0,512.0,0.0,512.0,Windows,2.5,853.26,unspecified,True,paperxd/laptop-prices-dataset
52f29099a0fc9d47a8f0,HP,Notebook,13.3,False,3200x1800,3200,1800,False,False,Intel Pentium Dual Core,1.5,4,Intel HD Graphics,0.0,0.0,32.0,32.0,ChromeOS,1.29,412.87,unspecified,True,paperxd/laptop-prices-dataset
1398a1a89491fe521128,HP,Notebook,15.6,False,1920x1080,1920,1080,False,False,Intel Pentium Quad Core,1.6,4,Intel HD Graphics,0.0,256.0,0.0,256.0,Windows,1.86,267.85,unspecified,True,paperxd/laptop-prices-dataset
c8463334ecae6877a4ff,HP,Notebook,15.6,False,1366x768,1366,768,False,False,Intel Pentium Quad Core,1.6,4,Intel HD Graphics,1000.0,0.0,0.0,1000.0,Windows,1.96,335.66,unspecified,True,paperxd/laptop-prices-dataset
ab8a634232c6d362837a,HP,Notebook,15.6,False,1366x768,1366,768,False,False,Intel Pentium Quad Core,1.6,8,Intel HD Graphics,2000.0,0.0,0.0,2000.0,Windows,2.04,261.15,unspecified,True,paperxd/laptop-prices-dataset
aaf96819a9d8cc244647,HP,Notebook,14.0,False,1366x768,1366,768,False,False,Intel Pentium Quad Core,1.6,8,Intel HD Graphics,2000.0,0.0,0.0,2000.0,Windows,1.94,261.15,unspecified,True,paperxd/laptop-prices-dataset
e419536c98af80653a9e,HP,Ultrabook,15.6,False,1920x1080,1920,1080,False,False,AMD A9-Series,3.0,4,AMD Radeon,0.0,256.0,0.0,256.0,Windows,1.91,334.99,unspecified,True,paperxd/laptop-prices-dataset
5efdeddff4c01b952e6c,HP,Ultrabook,12.5,False,3840x2160,3840,2160,True,True,Intel Core M,1.2,8,Intel HD Graphics,0.0,512.0,0.0,512.0,Windows,0.97,1352.05,unspecified,True,paperxd/laptop-prices-dataset
945d0dcdfc813fdc95a3,HP,Ultrabook,12.5,False,3840x2160,3840,2160,True,False,Intel Core M,1.2,8,Intel HD Graphics,0.0,240.0,0.0,240.0,Windows,1.09,2081.12,unspecified,True,paperxd/laptop-prices-dataset
37710c41345d9d15f120,HP,Ultrabook,13.3,False,3200x1800,3200,1800,True,True,Intel Core M,1.2,16,Intel HD Graphics,0.0,512.0,0.0,512.0,Windows,1.16,1319.16,unspecified,True,paperxd/laptop-prices-dataset
9e0942a965e6ad9cc89f,HP,Ultrabook,14.0,False,1920x1080,1920,1080,False,False,Intel Core i5,2.7,4,Intel HD Graphics,0.0,256.0,0.0,256.0,Windows,1.48,726.38,unspecified,True,paperxd/laptop-prices-dataset
a7f2bd2a4e672d74647e,HP,Ultrabook,12.5,False,1920x1080,1920,1080,False,False,Intel Core i5,2.5,4,Intel HD Graphics,500.0,0.0,0.0,500.0,Windows,1.26,1033.17,unspecified,True,paperxd/laptop-prices-dataset
4545155197abecfce7df,HP,Ultrabook,12.5,False,1366x768,1366,768,False,False,Intel Core i5,2.5,4,Intel HD Graphics,0.0,256.0,0.0,256.0,Windows,1.26,1046.6,unspecified,True,paperxd/laptop-prices-dataset
e25f10c2a8a7be7aea5c,HP,Ultrabook,12.5,False,1920x1080,1920,1080,False,False,Intel Core i5,2.3,4,Intel HD Graphics,500.0,0.0,0.0,500.0,Windows,1.26,1060.03,unspecified,True,paperxd/laptop-prices-dataset
87ed1e171020bf6c18b6,HP,Ultrabook,12.5,False,1920x1080,1920,1080,False,False,Intel Core i5,2.3,8,Intel HD Graphics,0.0,256.0,0.0,256.0,Windows,1.26,804.92,unspecified,True,paperxd/laptop-prices-dataset
cffe37ac6a2cb4002e73,HP,Ultrabook,12.5,False,1366x768,1366,768,False,False,Intel Core i5,2.4,8,Intel HD Graphics,0.0,256.0,0.0,256.0,Windows,1.26,1272.17,unspecified,True,paperxd/laptop-prices-dataset
13c37abaf02229a6a6a7,HP,Ultrabook,15.6,False,1920x1080,1920,1080,False,False,Intel Core i7,1.8,8,Intel HD Graphics,0.0,256.0,0.0,256.0,Windows,1.91,442.41,unspecified,True,paperxd/laptop-prices-dataset
903b5f2f36cc5d6b6c52,HP,Ultrabook,15.6,False,1920x1080,1920,1080,False,True,Intel Core i7,1.8,8,Nvidia GeForce GTX,0.0,256.0,0.0,256.0,Windows,1.83,469.26,unspecified,True,paperxd/laptop-prices-dataset
6d786f1eb4aeff55ebcb,HP,Ultrabook,15.6,False,1920x1080,1920,1080,False,False,Intel Core i7,2.7,8,Intel HD Graphics,0.0,256.0,0.0,256.0,Windows,1.84,504.84,unspecified,True,paperxd/laptop-prices-dataset
485424472b63645b0a17,HP,Ultrabook,13.3,False,1920x1080,1920,1080,False,True,Intel Core i7,2.7,8,Nvidia GeForce,0.0,256.0,0.0,256.0,Windows,1.38,751.22,unspecified,True,paperxd/laptop-prices-dataset
5abd610738d5630b263b,HP,Ultrabook,13.3,False,3200x1800,3200,1800,False,True,Intel Core i7,2.7,8,Intel HD Graphics,0.0,256.0,0.0,256.0,Windows,1.34,768.67,unspecified,True,paperxd/laptop-prices-dataset
28d7ee719f328e904194,HP,Ultrabook,15.6,False,1920x1080,1920,1080,False,False,Intel Core i7,2.5,8,AMD Radeon R7,0.0,256.0,0.0,256.0,Windows,1.84,870.71,unspecified,True,paperxd/laptop-prices-dataset
869bb1ce3053885ef46b,HP,Ultrabook,13.3,False,1920x1080,1920,1080,False,True,Intel Core i7,2.7,8,Intel HD Graphics,0.0,512.0,0.0,512.0,Windows,1.34,888.17,unspecified,True,paperxd/laptop-prices-dataset
cc27c7d84ac03ccbd4c6,HP,Ultrabook,12.5,False,1920x1080,1920,1080,False,False,Intel Core i7,2.7,8,Intel HD Graphics,0.0,256.0,0.0,256.0,Windows,1.26,896.22,unspecified,True,paperxd/laptop-prices-dataset
e725c0f9531399b8b655,HP,Ultrabook,13.3,False,1920x1080,1920,1080,True,True,Intel Core i7,2.7,8,Intel HD Graphics,0.0,256.0,0.0,256.0,Windows,1.11,905.62,unspecified,True,paperxd/laptop-prices-dataset
ff109c5eeb873996d900,HP,Ultrabook,12.5,False,1920x1080,1920,1080,False,False,Intel Core i7,2.5,8,Intel HD Graphics,0.0,256.0,0.0,256.0,Windows,1.26,905.62,unspecified,True,paperxd/laptop-prices-dataset
13dddb0e8636039b928e,HP,Ultrabook,15.6,False,1920x1080,1920,1080,False,False,Intel Core i7,2.7,8,Intel HD Graphics,0.0,512.0,0.0,512.0,Windows,1.84,932.47,unspecified,True,paperxd/laptop-prices-dataset
2d28634cb5fd7df17725,HP,Ultrabook,13.3,False,1920x1080,1920,1080,False,True,Intel Core i7,2.7,8,Intel HD Graphics,0.0,256.0,0.0,256.0,Windows,1.32,939.19,unspecified,True,paperxd/laptop-prices-dataset
a1132c4550141ed09282,HP,Ultrabook,14.0,False,1920x1080,1920,1080,False,False,Intel Core i7,2.6,8,Intel HD Graphics,0.0,256.0,0.0,256.0,Windows,1.43,972.75,unspecified,True,paperxd/laptop-prices-dataset
e939ff98c081c3476188,HP,Ultrabook,14.0,False,1920x1080,1920,1080,False,False,Intel Core i7,2.5,8,Intel HD Graphics,0.0,512.0,0.0,512.0,Windows,1.54,985.51,unspecified,True,paperxd/laptop-prices-dataset
820b557d1605ec162a7c,HP,Ultrabook,14.0,False,1920x1080,1920,1080,False,False,Intel Core i7,2.5,8,Intel HD Graphics,0.0,256.0,0.0,256.0,Windows,1.43,1006.99,unspecified,True,paperxd/laptop-prices-dataset
fe55d8160b9ce0827bf8,HP,Ultrabook,14.0,False,1920x1080,1920,1080,False,True,Intel Core i7,2.7,8,Intel HD Graphics,0.0,256.0,0.0,256.0,Windows,1.36,1174.82,unspecified,True,paperxd/laptop-prices-dataset
eaece9a288a33f735082,HP,Ultrabook,14.0,False,1920x1080,1920,1080,False,False,Intel Core i7,2.5,8,Intel HD Graphics,0.0,512.0,0.0,512.0,Windows,1.54,1255.38,unspecified,True,paperxd/laptop-prices-dataset
464a9117b0bd315f2f6c,HP,Ultrabook,14.0,False,1920x1080,1920,1080,False,False,Intel Core i7,2.5,8,Intel HD Graphics,0.0,256.0,0.0,256.0,Windows,1.54,1266.94,unspecified,True,paperxd/laptop-prices-dataset
49f1485ee438d15b932e,HP,Ultrabook,13.3,False,1920x1080,1920,1080,False,False,Intel Core i7,2.5,8,Intel HD Graphics,0.0,512.0,0.0,512.0,Windows,1.16,1321.84,unspecified,True,paperxd/laptop-prices-dataset
b05ddf001cf6f280e3ef,HP,Ultrabook,14.0,False,1920x1080,1920,1080,False,False,Intel Core i7,2.7,8,Intel HD Graphics,0.0,512.0,0.0,512.0,Windows,1.48,1402.4,unspecified,True,paperxd/laptop-prices-dataset
8d2fcb5be74977c0f09a,HP,Ultrabook,15.6,False,1920x1080,1920,1080,False,False,Intel Core i7,2.5,8,Intel HD Graphics,0.0,256.0,0.0,256.0,Windows,1.88,1457.94,unspecified,True,paperxd/laptop-prices-dataset
a8c2fd66ed8e31be2a52,HP,Ultrabook,14.0,False,2560x1440,2560,1440,False,False,Intel Core i7,2.5,8,Intel HD Graphics,0.0,256.0,0.0,256.0,Windows,1.54,1475.71,unspecified,True,paperxd/laptop-prices-dataset
ff50e08a3433af54db39,HP,Ultrabook,12.5,False,1920x1080,1920,1080,False,False,Intel Core i7,2.5,8,Intel HD Graphics,0.0,256.0,0.0,256.0,Windows,1.26,1542.01,unspecified,True,paperxd/laptop-prices-dataset
7c2c8fb0fc8b19ab7895,HP,Ultrabook,13.3,False,3840x2160,3840,2160,False,True,Intel Core i7,2.7,16,Intel HD Graphics,0.0,512.0,0.0,512.0,Windows,1.3,1375.55,unspecified,True,paperxd/laptop-prices-dataset
9fc838246d3fd057198f,HP,Workstation,17.3,False,1600x900,1600,900,False,False,Intel Core i5,2.8,8,Nvidia Quadro,500.0,0.0,0.0,500.0,Windows,3.14,1249.33,unspecified,True,paperxd/laptop-prices-dataset
2e398370bff428a274e3,HP,Workstation,15.6,False,1920x1080,1920,1080,False,False,Intel Core i7,2.5,8,AMD FirePro,0.0,256.0,0.0,256.0,Windows,1.9,1003.64,unspecified,True,paperxd/laptop-prices-dataset
62073c9cb9dfeed28c5d,HP,Workstation,15.6,False,1920x1080,1920,1080,False,True,Intel Core i7,2.9,8,Intel HD Graphics,0.0,512.0,0.0,512.0,Windows,2.31,1029.82,unspecified,True,paperxd/laptop-prices-dataset
57794c80ee94abd63425,HP,Workstation,15.6,False,1920x1080,1920,1080,False,False,Intel Core i7,2.6,8,Nvidia Quadro,0.0,256.0,0.0,256.0,Windows,2.59,1047.94,unspecified,True,paperxd/laptop-prices-dataset
e51e1f1c8289a2d8ee0d,HP,Workstation,15.6,False,1920x1080,1920,1080,False,False,Intel Core i7,2.8,8,Nvidia Quadro,0.0,256.0,0.0,256.0,Windows,2.6,1166.95,unspecified,True,paperxd/laptop-prices-dataset
3dfd0ab259ef06a70a40,HP,Workstation,15.6,False,1920x1080,1920,1080,False,False,Intel Core i7,2.6,8,Nvidia Quadro,0.0,256.0,0.0,256.0,Windows,2.0,1274.85,unspecified,True,paperxd/laptop-prices-dataset
6d387e9572e7c69e98f2,HP,Workstation,17.3,False,1920x1080,1920,1080,False,False,Intel Core i7,2.8,8,Nvidia Quadro,500.0,0.0,0.0,500.0,Windows,3.14,1280.89,unspecified,True,paperxd/laptop-prices-dataset
c31944ade6b186303ac4,HP,Workstation,15.6,False,1920x1080,1920,1080,False,False,Intel Core i7,2.8,8,Nvidia Quadro,0.0,256.0,0.0,256.0,Windows,3.14,1386.23,unspecified,True,paperxd/laptop-prices-dataset
71447f8661b29391d1eb,HP,Workstation,15.6,False,1920x1080,1920,1080,False,True,Intel Core i7,2.6,8,Nvidia Quadro,0.0,256.0,0.0,256.0,Windows,2.59,1496.39,unspecified,True,paperxd/laptop-prices-dataset
b9d2a3a50c04e4022370,HP,Workstation,15.6,False,1920x1080,1920,1080,False,True,Intel Core i7,2.7,8,Nvidia Quadro,0.0,8.0,0.0,8.0,Windows,2.0,1509.82,unspecified,True,paperxd/laptop-prices-dataset
cd4c8168102d02aebeb9,HP,Workstation,17.3,False,1920x1080,1920,1080,False,True,Intel Core i7,2.6,8,AMD FirePro,1000.0,0.0,0.0,1000.0,Windows,3.0,1946.18,unspecified,True,paperxd/laptop-prices-dataset
649d5e56256217744cfe,HP,Workstation,17.3,False,1920x1080,1920,1080,False,True,Intel Core i7,2.6,8,Nvidia Quadro,0.0,256.0,0.0,256.0,Windows,3.0,2651.34,unspecified,True,paperxd/laptop-prices-dataset
20f0cc6b823d77931bb9,HP,Workstation,15.6,False,1920x1080,1920,1080,False,False,Intel Core i7,2.8,16,Nvidia Quadro,0.0,256.0,0.0,256.0,Windows,2.6,1623.94,unspecified,True,paperxd/laptop-prices-dataset
2cee336975dcc79470ab,HP,Workstation,17.3,False,1920x1080,1920,1080,False,True,Intel Xeon,2.9,16,Nvidia Quadro,0.0,256.0,0.0,256.0,Windows,3.0,2946.46,unspecified,True,paperxd/laptop-prices-dataset
9f0cf8eaf83552d18f58,Huawei,Ultrabook,13.0,False,2160x1440,2160,1440,False,True,Intel Core i5,2.5,8,Intel HD Graphics,0.0,256.0,0.0,256.0,Windows,1.05,905.62,unspecified,True,paperxd/laptop-prices-dataset
af297fcc6cd0bed06f70,Huawei,Ultrabook,13.0,False,2160x1440,2160,1440,False,True,Intel Core i7,2.7,8,Intel HD Graphics,0.0,512.0,0.0,512.0,Windows,1.05,1006.32,unspecified,True,paperxd/laptop-prices-dataset
06425323b6580c905ee0,LG,Ultrabook,14.0,False,1920x1080,1920,1080,True,True,Intel Core i7,2.7,8,Intel HD Graphics,0.0,512.0,0.0,512.0,Windows,0.98,1274.85,unspecified,True,paperxd/laptop-prices-dataset
265a0720d7f4a9574d3b,LG,Ultrabook,15.6,False,1920x1080,1920,1080,False,True,Intel Core i7,1.8,8,Intel HD Graphics,0.0,512.0,0.0,512.0,Windows,1.09,1543.38,unspecified,True,paperxd/laptop-prices-dataset
2d6e1f6d0d6fa6909090,LG,Ultrabook,15.6,False,1920x1080,1920,1080,True,True,Intel Core i7,2.7,16,Intel HD Graphics,0.0,512.0,0.0,512.0,Windows,1.08,1409.12,unspecified,True,paperxd/laptop-prices-dataset
5fda16b730ac05c93c2e,Lenovo,2 in 1 Convertible,10.1,False,1920x1200,1920,1200,True,True,Intel Atom,1.44,4,Intel HD Graphics,0.0,0.0,64.0,64.0,Windows,0.69,321.57,unspecified,True,paperxd/laptop-prices-dataset
52da8c1d99d17e6f7cd2,Lenovo,2 in 1 Convertible,10.1,False,1920x1200,1920,1200,True,True,Intel Atom,1.44,4,Intel HD Graphics,0.0,0.0,64.0,64.0,Android,0.69,368.56,unspecified,True,paperxd/laptop-prices-dataset
c3b54851bafca32f2ac6,Lenovo,2 in 1 Convertible,10.1,False,1920x1200,1920,1200,True,True,Intel Atom,1.44,4,Intel HD Graphics,0.0,0.0,64.0,64.0,Windows,0.69,433.86,unspecified,True,paperxd/laptop-prices-dataset
8e6b2d2e5345d52f9e8b,Lenovo,2 in 1 Convertible,11.3,False,1920x1080,1920,1080,True,True,Intel Core M,1.2,8,Intel HD Graphics,0.0,256.0,0.0,256.0,Windows,1.1,872.06,unspecified,True,paperxd/laptop-prices-dataset
d23e46bf76c0b19df31d,Lenovo,2 in 1 Convertible,14.0,False,1920x1080,1920,1080,True,True,Intel Core i3,2.4,4,Intel HD Graphics,0.0,256.0,0.0,256.0,Windows,1.74,422.27,unspecified,True,paperxd/laptop-prices-dataset
e110cb844b4db493bc7b,Lenovo,2 in 1 Convertible,14.0,False,1920x1080,1920,1080,True,False,Intel Core i5,2.3,4,Intel HD Graphics,0.0,128.0,0.0,128.0,Windows,1.8,559.22,unspecified,True,paperxd/laptop-prices-dataset
f77598effc0c53345636,Lenovo,2 in 1 Convertible,15.6,False,1920x1080,1920,1080,True,True,Intel Core i5,2.3,4,Intel HD Graphics,0.0,256.0,0.0,256.0,Windows,2.1,582.04,unspecified,True,paperxd/laptop-prices-dataset
66f5ac5a4cece67dcd48,Lenovo,2 in 1 Convertible,14.0,False,1920x1080,1920,1080,False,True,Intel Core i5,1.6,8,Intel UHD Graphics,0.0,256.0,0.0,256.0,Windows,1.74,603.52,unspecified,True,paperxd/laptop-prices-dataset
ca028ed77b65cb54a97a,Lenovo,2 in 1 Convertible,15.6,False,1920x1080,1920,1080,True,False,Intel Core i5,2.5,8,AMD Radeon R7,0.0,256.0,0.0,256.0,Windows,2.08,643.8,unspecified,True,paperxd/laptop-prices-dataset
bb232d63fa6a34293b66,Lenovo,2 in 1 Convertible,14.0,False,1920x1080,1920,1080,True,False,Intel Core i5,2.5,8,Intel HD Graphics,0.0,256.0,0.0,256.0,Windows,1.7,670.66,unspecified,True,paperxd/laptop-prices-dataset
92550cf0ff2073bfcc49,Lenovo,2 in 1 Convertible,13.3,False,1920x1080,1920,1080,True,True,Intel Core i5,2.5,8,Intel HD Graphics,0.0,256.0,0.0,256.0,Windows,1.3,694.15,unspecified,True,paperxd/laptop-prices-dataset
d87a9a64063917cb3dd1,Lenovo,2 in 1 Convertible,13.3,False,3200x1800,3200,1800,True,True,Intel Core i5,1.8,8,Intel HD Graphics,0.0,256.0,0.0,256.0,Windows,1.3,804.92,unspecified,True,paperxd/laptop-prices-dataset
d49f48216d141d7d518f,Lenovo,2 in 1 Convertible,13.3,False,1920x1080,1920,1080,True,True,Intel Core i5,2.5,8,Intel HD Graphics,0.0,256.0,0.0,256.0,Windows,1.37,939.19,unspecified,True,paperxd/laptop-prices-dataset
94c94bc65bd93133a7eb,Lenovo,2 in 1 Convertible,13.9,False,1920x1080,1920,1080,True,True,Intel Core i5,1.6,8,Intel UHD Graphics,0.0,256.0,0.0,256.0,Windows,1.4,1073.45,unspecified,True,paperxd/laptop-prices-dataset
7a82f6dd8f9e0ccf77f0,Lenovo,2 in 1 Convertible,14.0,False,2560x1440,2560,1440,True,True,Intel Core i5,2.3,8,Intel HD Graphics,0.0,256.0,0.0,256.0,Windows,1.36,1098.96,unspecified,True,paperxd/laptop-prices-dataset
0866bfa5ac3e5b428b02,Lenovo,2 in 1 Convertible,13.3,False,1920x1080,1920,1080,True,True,Intel Core i5,2.5,8,Intel HD Graphics,0.0,512.0,0.0,512.0,Windows,1.37,1225.17,unspecified,True,paperxd/laptop-prices-dataset
afb796c53e9abff24c94,Lenovo,2 in 1 Convertible,14.0,False,2560x1440,2560,1440,True,True,Intel Core i5,2.5,8,Intel HD Graphics,0.0,256.0,0.0,256.0,Windows,1.42,1564.19,unspecified,True,paperxd/laptop-prices-dataset
a6cd0b9ccd83f76330f4,Lenovo,2 in 1 Convertible,14.0,False,1920x1080,1920,1080,True,True,Intel Core i7,2.5,4,Intel HD Graphics,0.0,128.0,0.0,128.0,Windows,1.8,428.31,unspecified,True,paperxd/laptop-prices-dataset
409b87c38cac9ca61eed,Lenovo,2 in 1 Convertible,15.6,False,1920x1080,1920,1080,True,True,Intel Core i7,2.5,4,Intel HD Graphics,0.0,256.0,0.0,256.0,Windows,1.8,568.61,unspecified,True,paperxd/laptop-prices-dataset
520330c36dccfb76bad5,Lenovo,2 in 1 Convertible,13.9,False,1920x1080,1920,1080,True,True,Intel Core i7,2.7,8,Intel HD Graphics,0.0,256.0,0.0,256.0,Windows,1.38,724.36,unspecified,True,paperxd/laptop-prices-dataset
2ef2d523507990e0fb48,Lenovo,2 in 1 Convertible,15.6,False,1920x1080,1920,1080,True,True,Intel Core i7,2.8,8,Intel HD Graphics,0.0,256.0,0.0,256.0,Windows,2.0,872.06,unspecified,True,paperxd/laptop-prices-dataset
5ad3cbb85171631e89ca,Lenovo,2 in 1 Convertible,13.9,False,1920x1080,1920,1080,True,True,Intel Core i7,2.7,8,Intel HD Graphics,0.0,256.0,0.0,256.0,Windows,1.38,905.62,unspecified,True,paperxd/laptop-prices-dataset
4140ff9c407a6c72bfcd,Lenovo,2 in 1 Convertible,13.3,False,1920x1080,1920,1080,True,True,Intel Core i7,1.8,8,Intel UHD Graphics,0.0,512.0,0.0,512.0,Windows,1.19,1006.32,unspecified,True,paperxd/laptop-prices-dataset
33bbda41f0afa9b00a1d,Lenovo,2 in 1 Convertible,14.0,False,1920x1080,1920,1080,True,True,Intel Core i7,2.5,8,Intel HD Graphics,0.0,256.0,0.0,256.0,Windows,1.8,1120.45,unspecified,True,paperxd/laptop-prices-dataset
df6f74908935a233412d,Lenovo,2 in 1 Convertible,15.6,False,1920x1080,1920,1080,True,True,Intel Core i7,2.8,8,Nvidia GeForce GTX,0.0,512.0,0.0,512.0,Windows,2.0,1140.59,unspecified,True,paperxd/laptop-prices-dataset
478eb629c4f37e6ace58,Lenovo,2 in 1 Convertible,13.3,False,1920x1080,1920,1080,True,True,Intel Core i7,2.7,8,Intel HD Graphics,0.0,256.0,0.0,256.0,Windows,1.37,1179.81,unspecified,True,paperxd/laptop-prices-dataset
666c364d0ba5e73daddf,Lenovo,2 in 1 Convertible,13.9,False,1920x1080,1920,1080,True,True,Intel Core i7,1.8,8,Intel UHD Graphics,0.0,512.0,0.0,512.0,Windows,1.37,1241.29,unspecified,True,paperxd/laptop-prices-dataset
10f6a133a5e228d6ec4c,Lenovo,2 in 1 Convertible,13.3,False,1920x1080,1920,1080,True,True,Intel Core i7,2.7,8,Intel HD Graphics,0.0,256.0,0.0,256.0,Windows,1.37,1309.09,unspecified,True,paperxd/laptop-prices-dataset
24e19a0b764e972bfbb0,Lenovo,2 in 1 Convertible,13.3,False,1920x1080,1920,1080,True,True,Intel Core i7,2.7,8,Intel HD Graphics,0.0,512.0,0.0,512.0,Windows,1.37,1322.52,unspecified,True,paperxd/laptop-prices-dataset
1654cf8dd8d62f911ea6,Lenovo,2 in 1 Convertible,13.3,False,1920x1080,1920,1080,True,True,Intel Core i7,2.7,8,Intel HD Graphics,0.0,512.0,0.0,512.0,Windows,1.37,1359.44,unspecified,True,paperxd/laptop-prices-dataset
249592453ecfe0237e82,Lenovo,2 in 1 Convertible,14.0,False,1920x1080,1920,1080,True,True,Intel Core i7,2.6,8,Nvidia Quadro,0.0,512.0,0.0,512.0,Windows,1.8,1376.48,unspecified,True,paperxd/laptop-prices-dataset
517dffa0e3e141178e6b,Lenovo,2 in 1 Convertible,14.0,False,2560x1440,2560,1440,True,True,Intel Core i7,2.5,8,Intel HD Graphics,0.0,256.0,0.0,256.0,Windows,1.27,1570.24,unspecified,True,paperxd/laptop-prices-dataset
ae2e1a8c1ae01f1fbe8c,Lenovo,2 in 1 Convertible,14.0,False,2560x1440,2560,1440,True,False,Intel Core i7,2.7,8,Intel HD Graphics,0.0,256.0,0.0,256.0,Windows,1.42,1738.74,unspecified,True,paperxd/laptop-prices-dataset
4b490401f9b7539c4cb9,Lenovo,2 in 1 Convertible,13.3,False,3200x1800,3200,1800,True,True,Intel Core i7,2.5,16,Intel HD Graphics,0.0,512.0,0.0,512.0,Windows,1.3,1006.32,unspecified,True,paperxd/laptop-prices-dataset
9e7d72e734102c175302,Lenovo,2 in 1 Convertible,14.0,False,1920x1080,1920,1080,True,False,Intel Core i7,2.7,16,Intel HD Graphics,0.0,512.0,0.0,512.0,Windows,1.38,1174.15,unspecified,True,paperxd/laptop-prices-dataset
c79d00df2ae31cc8d294,Lenovo,2 in 1 Convertible,13.3,False,3200x1800,3200,1800,True,True,Intel Core i7,2.2,16,Intel Iris Graphics,0.0,1000.0,0.0,1000.0,Windows,1.3,1207.72,unspecified,True,paperxd/laptop-prices-dataset
03552f95a0179e288c21,Lenovo,2 in 1 Convertible,13.9,False,3840x2160,3840,2160,True,True,Intel Core i7,1.8,16,Intel UHD Graphics,0.0,512.0,0.0,512.0,Windows,1.4,1241.29,unspecified,True,paperxd/laptop-prices-dataset
bc3904db8fa2f68f87cb,Lenovo,2 in 1 Convertible,15.6,False,3840x2160,3840,2160,True,True,Intel Core i7,2.8,16,Nvidia GeForce GTX,0.0,512.0,0.0,512.0,Windows,2.0,1274.85,unspecified,True,paperxd/laptop-prices-dataset
80a6f3751acf5c3e1a6d,Lenovo,2 in 1 Convertible,13.9,False,3840x2160,3840,2160,True,True,Intel Core i7,1.8,16,Intel UHD Graphics,0.0,512.0,0.0,512.0,Windows,1.4,1409.12,unspecified,True,paperxd/laptop-prices-dataset
aaf6517ce3bc11209b5b,Lenovo,2 in 1 Convertible,14.0,False,2560x1440,2560,1440,True,True,Intel Core i7,2.6,16,Intel HD Graphics,0.0,512.0,0.0,512.0,Windows,2.8,1638.04,unspecified,True,paperxd/laptop-prices-dataset
4e67dcb43fa07ce86ca9,Lenovo,2 in 1 Convertible,14.0,False,2560x1440,2560,1440,True,False,Intel Core i7,2.6,16,Intel HD Graphics,0.0,512.0,0.0,512.0,Windows,1.36,1677.65,unspecified,True,paperxd/laptop-prices-dataset
bc0c17294ea753b1614f,Lenovo,2 in 1 Convertible,14.0,False,2560x1440,2560,1440,True,False,Intel Core i7,2.7,16,Intel HD Graphics,0.0,512.0,0.0,512.0,Windows,1.42,1684.36,unspecified,True,paperxd/laptop-prices-dataset
45b456ceae82e4daf7f0,Lenovo,Gaming,15.6,False,1920x1080,1920,1080,False,True,AMD FX,2.1,16,AMD Radeon R9,1000.0,512.0,0.0,1512.0,Windows,2.5,670.66,unspecified,True,paperxd/laptop-prices-dataset
a1d63669d3ee9b51e704,Lenovo,Gaming,15.6,False,1920x1080,1920,1080,False,True,Intel Core i5,2.5,8,Nvidia GeForce GTX,0.0,256.0,0.0,256.0,No OS,2.4,522.96,unspecified,True,paperxd/laptop-prices-dataset
ffdd2a6ea0ee1ca95d76,Lenovo,Gaming,15.6,False,1920x1080,1920,1080,False,True,Intel Core i5,2.5,8,Nvidia GeForce GTX,1000.0,128.0,0.0,1128.0,No OS,2.4,543.1,unspecified,True,paperxd/laptop-prices-dataset
0ed939551020932b3d16,Lenovo,Gaming,15.6,False,1920x1080,1920,1080,False,True,Intel Core i5,2.5,8,Nvidia GeForce GTX,1000.0,0.0,0.0,1000.0,Windows,2.4,549.82,unspecified,True,paperxd/laptop-prices-dataset
0cc8f9060b95336a5a5a,Lenovo,Gaming,15.6,False,1920x1080,1920,1080,False,True,Intel Core i5,2.5,8,Nvidia GeForce GTX,0.0,256.0,0.0,256.0,Windows,2.5,556.53,unspecified,True,paperxd/laptop-prices-dataset
4797cff87ef09c6bfaad,Lenovo,Gaming,15.6,False,1920x1080,1920,1080,False,True,Intel Core i5,2.5,8,Nvidia GeForce GTX,1000.0,128.0,0.0,1128.0,No OS,2.4,663.94,unspecified,True,paperxd/laptop-prices-dataset
78715ac2f1359a69afd3,Lenovo,Gaming,15.6,False,1920x1080,1920,1080,False,True,Intel Core i5,2.5,8,Nvidia GeForce GTX,1000.0,128.0,0.0,1128.0,Windows,2.5,670.66,unspecified,True,paperxd/laptop-prices-dataset
0143d4d5c4769cb2aadd,Lenovo,Gaming,15.6,False,1920x1080,1920,1080,False,True,Intel Core i5,2.5,8,Nvidia GeForce GTX,1000.0,0.0,0.0,1000.0,No OS,2.5,682.74,unspecified,True,paperxd/laptop-prices-dataset
5d5eec2a19003f15b6a6,Lenovo,Gaming,15.6,False,1920x1080,1920,1080,False,True,Intel Core i7,2.8,4,Nvidia GeForce GTX,1000.0,0.0,0.0,1000.0,Windows,2.4,670.66,unspecified,True,paperxd/laptop-prices-dataset
9081fc85311be2721079,Lenovo,Gaming,15.6,False,1920x1080,1920,1080,False,True,Intel Core i7,2.8,8,Nvidia GeForce GTX,0.0,256.0,0.0,256.0,No OS,2.4,583.38,unspecified,True,paperxd/laptop-prices-dataset
72c8c07e227fd1c82541,Lenovo,Gaming,15.6,False,1920x1080,1920,1080,False,True,Intel Core i7,2.8,8,Nvidia GeForce GTX,1000.0,128.0,0.0,1128.0,Windows,2.5,703.55,unspecified,True,paperxd/laptop-prices-dataset
509ba1eaca4438764daa,Lenovo,Gaming,15.6,False,1920x1080,1920,1080,False,True,Intel Core i7,2.8,8,Nvidia GeForce GTX,1000.0,128.0,0.0,1128.0,Windows,2.5,744.5,unspecified,True,paperxd/laptop-prices-dataset
7571cc863c5c24ca27b2,Lenovo,Gaming,15.6,False,1920x1080,1920,1080,False,True,Intel Core i7,2.8,8,Nvidia GeForce GTX,1000.0,256.0,0.0,1256.0,No OS,2.4,771.36,unspecified,True,paperxd/laptop-prices-dataset
1f4977a88bb7c7305b38,Lenovo,Gaming,15.6,False,1920x1080,1920,1080,False,True,Intel Core i7,2.8,8,Nvidia GeForce GTX,1000.0,128.0,0.0,1128.0,Windows,2.5,798.21,unspecified,True,paperxd/laptop-prices-dataset
b681a9a1909eb444c043,Lenovo,Gaming,15.6,False,1920x1080,1920,1080,False,True,Intel Core i7,2.6,8,Nvidia GeForce GTX,1000.0,128.0,0.0,1128.0,Windows,3.31,802.91,unspecified,True,paperxd/laptop-prices-dataset
5f0776c47c6a395780be,Lenovo,Gaming,15.6,False,1920x1080,1920,1080,False,True,Intel Core i7,2.8,8,Nvidia GeForce GTX,1000.0,128.0,0.0,1128.0,Windows,2.5,838.49,unspecified,True,paperxd/laptop-prices-dataset
2aaddcdda28f7a3cc3ab,Lenovo,Gaming,15.6,False,1920x1080,1920,1080,False,True,Intel Core i7,2.6,8,Nvidia GeForce GTX,1000.0,128.0,0.0,1128.0,Windows,2.6,853.93,unspecified,True,paperxd/laptop-prices-dataset
0cdfb50850af5eb589b3,Lenovo,Gaming,15.6,False,1920x1080,1920,1080,False,True,Intel Core i7,2.8,8,Nvidia GeForce GTX,1000.0,0.0,0.0,1000.0,Windows,3.2,872.06,unspecified,True,paperxd/laptop-prices-dataset
7d9e2e1ac2fd5b14c790,Lenovo,Gaming,15.6,False,1920x1080,1920,1080,False,True,Intel Core i7,2.8,8,Nvidia GeForce GTX,1000.0,256.0,0.0,1256.0,Windows,3.2,939.19,unspecified,True,paperxd/laptop-prices-dataset
810d708568f4025271e3,Lenovo,Gaming,15.6,False,1920x1080,1920,1080,True,True,Intel Core i7,2.6,16,Nvidia GeForce GTX,1000.0,128.0,0.0,1128.0,Windows,2.6,690.8,unspecified,True,paperxd/laptop-prices-dataset
a180ae5138c2746288ab,Lenovo,Gaming,15.6,False,1920x1080,1920,1080,False,True,Intel Core i7,2.8,16,Nvidia GeForce GTX,0.0,256.0,0.0,256.0,Windows,2.5,724.36,unspecified,True,paperxd/laptop-prices-dataset
c04adc6ee3facb0e8a7d,Lenovo,Gaming,15.6,False,1920x1080,1920,1080,False,True,Intel Core i7,2.8,16,Nvidia GeForce GTX,2000.0,256.0,0.0,2256.0,Windows,2.4,757.93,unspecified,True,paperxd/laptop-prices-dataset
c42b12c343d7c76d3ec1,Lenovo,Gaming,15.6,False,1920x1080,1920,1080,False,True,Intel Core i7,2.8,16,Nvidia GeForce GTX,1000.0,256.0,0.0,1256.0,Windows,2.5,791.5,unspecified,True,paperxd/laptop-prices-dataset
099b29a39ca583a4c2f8,Lenovo,Gaming,15.6,False,1920x1080,1920,1080,False,False,Intel Core i7,2.8,16,Nvidia GeForce GTX,0.0,512.0,0.0,512.0,Windows,2.4,804.92,unspecified,True,paperxd/laptop-prices-dataset
fbd2175ffd51d260892b,Lenovo,Gaming,15.6,False,1920x1080,1920,1080,False,True,Intel Core i7,2.6,16,Nvidia GeForce GTX,0.0,512.0,0.0,512.0,Windows,3.31,876.08,unspecified,True,paperxd/laptop-prices-dataset
9bad79a3fc9f1e5f3aee,Lenovo,Gaming,15.6,False,1920x1080,1920,1080,False,False,Intel Core i7,2.8,16,Nvidia GeForce GTX,0.0,512.0,0.0,512.0,No OS,2.4,938.52,unspecified,True,paperxd/laptop-prices-dataset
1affaf1fbcfd13ab3f10,Lenovo,Gaming,15.6,False,1920x1080,1920,1080,False,True,Intel Core i7,2.8,16,Nvidia GeForce GTX,1000.0,256.0,0.0,1256.0,Windows,3.2,1006.32,unspecified,True,paperxd/laptop-prices-dataset
b62adbb668177a935cec,Lenovo,Gaming,15.6,False,1920x1080,1920,1080,False,True,Intel Core i7,2.8,16,Nvidia GeForce GTX,1000.0,512.0,0.0,1512.0,Windows,3.2,1174.15,unspecified,True,paperxd/laptop-prices-dataset
3e3e71749e3cad268df2,Lenovo,Gaming,17.3,False,1920x1080,1920,1080,False,True,Intel Core i7,2.6,16,Nvidia GeForce GTX,1000.0,128.0,0.0,1128.0,Windows,4.6,1537.33,unspecified,True,paperxd/laptop-prices-dataset
1b96be2527932bf752af,Lenovo,Gaming,17.3,False,1920x1080,1920,1080,False,True,Intel Core i7,2.7,32,Nvidia GeForce GTX,1000.0,256.0,0.0,1256.0,Windows,4.6,1787.75,unspecified,True,paperxd/laptop-prices-dataset
9b15b167a0c9df628f47,Lenovo,Netbook,11.6,False,1366x768,1366,768,False,False,Intel Celeron Dual Core,1.6,4,Intel HD Graphics,0.0,16.0,0.0,16.0,ChromeOS,1.25,177.9,unspecified,True,paperxd/laptop-prices-dataset
0bbd17046286b878ed4c,Lenovo,Netbook,11.6,False,1366x768,1366,768,True,False,Intel Celeron Dual Core,1.6,4,Intel HD Graphics,0.0,128.0,0.0,128.0,Windows,1.4,318.88,unspecified,True,paperxd/laptop-prices-dataset
bafbca19c058e5067551,Lenovo,Netbook,11.6,False,1366x768,1366,768,False,True,Intel Celeron Quad Core,1.1,4,Intel HD Graphics,0.0,128.0,0.0,128.0,Windows,1.59,371.24,unspecified,True,paperxd/laptop-prices-dataset
4de1b754e32a7d98c369,Lenovo,Netbook,12.5,False,1920x1080,1920,1080,True,True,Intel Core i7,2.5,16,Intel HD Graphics,0.0,512.0,0.0,512.0,Windows,1.3,1107.69,unspecified,True,paperxd/laptop-prices-dataset
2fef1cf8f5ca2512cd8f,Lenovo,Notebook,15.6,False,1920x1080,1920,1080,False,False,AMD A10-Series,2.4,6,AMD Radeon R5,1000.0,0.0,0.0,1000.0,Windows,2.4,334.99,unspecified,True,paperxd/laptop-prices-dataset
4448a2d7f6af56c9b512,Lenovo,Notebook,15.6,False,1920x1080,1920,1080,False,False,AMD A12-Series,3.6,6,AMD Radeon,0.0,256.0,0.0,256.0,Windows,2.2,368.56,unspecified,True,paperxd/laptop-prices-dataset
b42912c3cc585e1e12bc,Lenovo,Notebook,15.6,False,1920x1080,1920,1080,False,False,AMD A12-Series,3.6,6,AMD Radeon,0.0,256.0,0.0,256.0,Windows,2.2,401.17,unspecified,True,paperxd/laptop-prices-dataset
e1264716c3d65368c290,Lenovo,Notebook,15.6,False,1366x768,1366,768,False,False,AMD A12-Series,3.6,8,AMD Radeon R7,1000.0,0.0,0.0,1000.0,Windows,2.2,288.0,unspecified,True,paperxd/laptop-prices-dataset
84ca4043e6407912224c,Lenovo,Notebook,15.6,False,1920x1080,1920,1080,False,False,AMD A12-Series,3.6,12,AMD Radeon,2000.0,0.0,0.0,2000.0,Windows,2.2,603.52,unspecified,True,paperxd/laptop-prices-dataset
4a71eeaff26c1276ca54,Lenovo,Notebook,15.6,False,1920x1080,1920,1080,False,False,AMD A12-Series,3.6,12,AMD Radeon,0.0,512.0,0.0,512.0,Windows,2.2,637.09,unspecified,True,paperxd/laptop-prices-dataset
686b024591bfe86f5807,Lenovo,Notebook,17.3,False,1600x900,1600,900,False,False,AMD A4-Series,2.2,4,AMD Radeon R3,500.0,0.0,0.0,500.0,Windows,2.8,254.43,unspecified,True,paperxd/laptop-prices-dataset
f38670570cda2f0120d5,Lenovo,Notebook,15.6,False,1366x768,1366,768,False,False,AMD A6-Series,2.0,4,AMD Radeon R4,500.0,0.0,0.0,500.0,Windows,2.19,200.06,unspecified,True,paperxd/laptop-prices-dataset
0b6eeedfd5d3ad40537b,Lenovo,Notebook,15.6,False,1366x768,1366,768,False,False,AMD A6-Series,2.9,4,AMD Radeon R4,500.0,0.0,0.0,500.0,No OS,2.2,207.44,unspecified,True,paperxd/laptop-prices-dataset
9e15e45bf930ae5b03b6,Lenovo,Notebook,15.6,False,1920x1080,1920,1080,False,False,AMD A6-Series,2.5,4,AMD R4,0.0,128.0,0.0,128.0,Windows,2.2,267.86,unspecified,True,paperxd/laptop-prices-dataset
4c8db28cb7fcffdd8940,Lenovo,Notebook,17.3,False,1600x900,1600,900,False,False,AMD A6-Series,2.5,8,AMD Radeon R4,1000.0,0.0,0.0,1000.0,Windows,2.8,348.42,unspecified,True,paperxd/laptop-prices-dataset
64419480560799f4e8c2,Lenovo,Notebook,17.3,False,1600x900,1600,900,False,False,AMD A8-Series,2.2,4,AMD Radeon R5,0.0,128.0,0.0,128.0,Windows,2.6,328.28,unspecified,True,paperxd/laptop-prices-dataset
a6493470110217b7af02,Lenovo,Notebook,15.6,False,1920x1080,1920,1080,False,False,AMD A9-Series,2.9,4,AMD Radeon,0.0,256.0,0.0,256.0,Windows,2.2,267.86,unspecified,True,paperxd/laptop-prices-dataset
29c169c8d88d451bc669,Lenovo,Notebook,15.6,False,1366x768,1366,768,False,False,AMD E-Series,2.2,4,AMD Radeon R2,500.0,0.0,0.0,500.0,Windows,2.2,200.73,unspecified,True,paperxd/laptop-prices-dataset
d17e251c04e326324da1,Lenovo,Notebook,14.0,True,1366x768,1366,768,False,False,AMD E-Series,2.2,4,AMD Radeon R2,0.0,128.0,0.0,128.0,Windows,2.2,234.29,unspecified,True,paperxd/laptop-prices-dataset
eec65ddde5ba534fc4bd,Lenovo,Notebook,14.0,False,1366x768,1366,768,False,False,Intel Celeron Dual Core,1.6,2,Intel HD Graphics,0.0,0.0,64.0,64.0,Windows,1.5,153.73,unspecified,True,paperxd/laptop-prices-dataset
1804b1b65b8b5859b05f,Lenovo,Notebook,14.0,False,1366x768,1366,768,False,False,Intel Celeron Dual Core,1.6,2,Intel HD Graphics,0.0,0.0,32.0,32.0,Windows,1.42,167.16,unspecified,True,paperxd/laptop-prices-dataset
9fb6143fd4b9fc72e40d,Lenovo,Notebook,11.6,False,1366x768,1366,768,False,False,Intel Celeron Dual Core,1.1,2,Intel HD Graphics,0.0,0.0,32.0,32.0,Windows,1.15,204.39,unspecified,True,paperxd/laptop-prices-dataset
efce4e5892d5ed779096,Lenovo,Notebook,14.0,False,1366x768,1366,768,False,False,Intel Celeron Dual Core,1.1,4,Intel HD Graphics,0.0,0.0,64.0,64.0,Windows,1.44,167.16,unspecified,True,paperxd/laptop-prices-dataset
58135e56016de94ede2d,Lenovo,Notebook,15.6,False,1366x768,1366,768,False,False,Intel Celeron Dual Core,1.1,4,Intel HD Graphics,1000.0,0.0,0.0,1000.0,No OS,1.9,169.42,unspecified,True,paperxd/laptop-prices-dataset
2aa192a826ddaf280d7d,Lenovo,Notebook,15.6,False,1366x768,1366,768,False,False,Intel Celeron Dual Core,1.1,4,Intel HD Graphics,0.0,128.0,0.0,128.0,No OS,1.9,181.67,unspecified,True,paperxd/laptop-prices-dataset
e5b71b4da79e4b14c3d8,Lenovo,Notebook,14.0,False,1366x768,1366,768,False,False,Intel Celeron Dual Core,1.6,4,Intel HD Graphics,0.0,0.0,32.0,32.0,Windows,1.43,183.94,unspecified,True,paperxd/laptop-prices-dataset
f68024b6080c4c194f2f,Lenovo,Notebook,14.0,False,1366x768,1366,768,False,False,Intel Celeron Dual Core,1.1,4,Intel HD Graphics,0.0,0.0,32.0,32.0,Windows,1.44,196.03,unspecified,True,paperxd/laptop-prices-dataset
b66d7c373ef4cf92b545,Lenovo,Notebook,14.0,False,1366x768,1366,768,False,False,Intel Celeron Dual Core,1.1,4,Intel HD Graphics,500.0,0.0,0.0,500.0,Windows,2.1,200.73,unspecified,True,paperxd/laptop-prices-dataset
84b62343852f82adb885,Lenovo,Notebook,15.6,False,1366x768,1366,768,False,False,Intel Celeron Dual Core,1.1,4,Intel HD Graphics,1000.0,0.0,0.0,1000.0,Windows,2.2,205.43,unspecified,True,paperxd/laptop-prices-dataset
dc33380a7f3d7813f529,Lenovo,Notebook,15.6,False,1366x768,1366,768,False,False,Intel Celeron Dual Core,1.6,4,Intel HD Graphics,500.0,0.0,0.0,500.0,Windows,2.1,213.48,unspecified,True,paperxd/laptop-prices-dataset
c66ff7b3b934961ce8b1,Lenovo,Notebook,15.6,False,1366x768,1366,768,False,False,Intel Celeron Dual Core,1.1,4,Intel HD Graphics,1000.0,0.0,0.0,1000.0,No OS,2.2,216.16,unspecified,True,paperxd/laptop-prices-dataset
f2c202d768ece4dbb315,Lenovo,Notebook,15.6,False,1366x768,1366,768,False,False,Intel Celeron Dual Core,1.1,4,Intel HD Graphics,500.0,0.0,0.0,500.0,Windows,2.2,281.29,unspecified,True,paperxd/laptop-prices-dataset
e0ee07f2ccb426a9ffdd,Lenovo,Notebook,13.3,False,1366x768,1366,768,False,False,Intel Celeron Dual Core,1.6,4,Intel HD Graphics,0.0,0.0,16.0,16.0,ChromeOS,1.45,308.74,unspecified,True,paperxd/laptop-prices-dataset
a5891ff7a701f1c47a22,Lenovo,Notebook,14.0,False,1366x768,1366,768,False,False,Intel Celeron Quad Core,1.6,4,Intel HD Graphics,0.0,0.0,16.0,16.0,ChromeOS,1.5,218.18,unspecified,True,paperxd/laptop-prices-dataset
c24a9fb1ea70994527b3,Lenovo,Notebook,15.6,False,1366x768,1366,768,False,False,Intel Celeron Quad Core,1.6,8,Intel HD Graphics,1000.0,0.0,0.0,1000.0,No OS,2.2,220.87,unspecified,True,paperxd/laptop-prices-dataset
5a27f4191aa37599b859,Lenovo,Notebook,15.6,False,1366x768,1366,768,False,False,Intel Core i3,2.0,4,Intel HD Graphics,1000.0,0.0,0.0,1000.0,No OS,1.9,227.58,unspecified,True,paperxd/laptop-prices-dataset
1d30f2b0424382368a00,Lenovo,Notebook,15.6,False,1366x768,1366,768,False,False,Intel Core i3,2.0,4,AMD Radeon R5,1000.0,0.0,0.0,1000.0,No OS,1.9,247.05,unspecified,True,paperxd/laptop-prices-dataset
93f6bb552b5c60f53e7f,Lenovo,Notebook,15.6,False,1920x1080,1920,1080,False,False,Intel Core i3,2.0,4,Intel HD Graphics,0.0,128.0,0.0,128.0,No OS,1.85,270.88,unspecified,True,paperxd/laptop-prices-dataset
3fd79226ccba67820ea5,Lenovo,Notebook,14.0,True,1920x1080,1920,1080,False,False,Intel Core i3,2.0,4,Intel HD Graphics,500.0,0.0,0.0,500.0,Windows,2.2,274.57,unspecified,True,paperxd/laptop-prices-dataset
bb9876981b793994b1b5,Lenovo,Notebook,15.6,False,1920x1080,1920,1080,False,False,Intel Core i3,2.0,4,Intel HD Graphics,1000.0,0.0,0.0,1000.0,Windows,1.85,278.53,unspecified,True,paperxd/laptop-prices-dataset
30a64018193ebc7fef3e,Lenovo,Notebook,15.6,False,1366x768,1366,768,False,False,Intel Core i3,2.0,4,Intel HD Graphics,0.0,128.0,0.0,128.0,Windows,2.1,288.0,unspecified,True,paperxd/laptop-prices-dataset
4cc65258b8c5954c041b,Lenovo,Notebook,15.6,False,1920x1080,1920,1080,False,False,Intel Core i3,2.0,4,Intel HD Graphics,0.0,256.0,0.0,256.0,No OS,2.2,298.07,unspecified,True,paperxd/laptop-prices-dataset
bf67e580533f5f49e887,Lenovo,Notebook,15.6,False,1920x1080,1920,1080,False,False,Intel Core i3,2.0,4,Intel HD Graphics,1000.0,0.0,0.0,1000.0,Windows,1.85,301.43,unspecified,True,paperxd/laptop-prices-dataset
4fc5abb79a9f463b34ea,Lenovo,Notebook,15.6,False,1366x768,1366,768,False,False,Intel Core i3,2.0,4,Intel HD Graphics,500.0,0.0,0.0,500.0,No OS,1.9,302.1,unspecified,True,paperxd/laptop-prices-dataset
27c93d83202af9da46bd,Lenovo,Notebook,15.6,False,1920x1080,1920,1080,False,False,Intel Core i3,2.0,4,Nvidia GeForce,1000.0,0.0,0.0,1000.0,Windows,2.2,314.18,unspecified,True,paperxd/laptop-prices-dataset
bf44b00adf701f751595,Lenovo,Notebook,15.6,False,1920x1080,1920,1080,False,False,Intel Core i3,2.0,4,Intel HD Graphics,1000.0,0.0,0.0,1000.0,No OS,2.2,314.85,unspecified,True,paperxd/laptop-prices-dataset
1a4f35f575d68126b59c,Lenovo,Notebook,15.6,False,1920x1080,1920,1080,False,False,Intel Core i3,2.0,4,AMD Radeon R5,1000.0,0.0,0.0,1000.0,No OS,2.2,321.57,unspecified,True,paperxd/laptop-prices-dataset
80700cf2525f435fa1ec,Lenovo,Notebook,17.3,False,1600x900,1600,900,False,False,Intel Core i3,2.0,4,Intel HD Graphics,1000.0,0.0,0.0,1000.0,Windows,2.8,328.28,unspecified,True,paperxd/laptop-prices-dataset
972ff254faaad60c07b2,Lenovo,Notebook,15.6,False,1366x768,1366,768,False,False,Intel Core i3,2.0,4,Intel HD Graphics,500.0,0.0,0.0,500.0,Windows,2.1,328.88,unspecified,True,paperxd/laptop-prices-dataset
76405645f3399f493a9e,Lenovo,Notebook,15.6,False,1920x1080,1920,1080,False,False,Intel Core i3,2.0,4,Intel HD Graphics,0.0,128.0,0.0,128.0,Windows,2.2,334.99,unspecified,True,paperxd/laptop-prices-dataset
e9288ba538a08469f015,Lenovo,Notebook,17.3,False,1920x1080,1920,1080,False,False,Intel Core i3,2.0,4,Intel HD Graphics,500.0,0.0,0.0,500.0,No OS,2.8,355.13,unspecified,True,paperxd/laptop-prices-dataset
588306a550e323fd6b71,Lenovo,Notebook,13.3,False,1920x1080,1920,1080,False,True,Intel Core i3,2.4,4,Intel HD Graphics,0.0,128.0,0.0,128.0,Windows,1.5,368.56,unspecified,True,paperxd/laptop-prices-dataset
ef3af05840b69909d999,Lenovo,Notebook,15.6,False,1366x768,1366,768,False,False,Intel Core i3,2.0,4,Intel HD Graphics,0.0,128.0,0.0,128.0,Windows,2.3,379.3,unspecified,True,paperxd/laptop-prices-dataset
fa8cd4297e4b2e969b96,Lenovo,Notebook,15.6,False,1920x1080,1920,1080,False,False,Intel Core i3,2.0,4,Nvidia GeForce,1000.0,0.0,0.0,1000.0,Windows,2.2,388.7,unspecified,True,paperxd/laptop-prices-dataset
1d47f876084137fd3a44,Lenovo,Notebook,14.0,False,1920x1080,1920,1080,False,True,Intel Core i3,2.7,4,Intel HD Graphics,0.0,128.0,0.0,128.0,Windows,1.7,402.13,unspecified,True,paperxd/laptop-prices-dataset
8d51eb18063bba8cab88,Lenovo,Notebook,15.6,False,1920x1080,1920,1080,False,False,Intel Core i3,2.7,4,Intel HD Graphics,0.0,128.0,0.0,128.0,Windows,2.05,422.94,unspecified,True,paperxd/laptop-prices-dataset
9fa52b3683ab25d99515,Lenovo,Notebook,13.3,False,1920x1080,1920,1080,False,True,Intel Core i3,2.4,4,Intel HD Graphics,0.0,180.0,0.0,180.0,Windows,1.44,493.43,unspecified,True,paperxd/laptop-prices-dataset
ca45ae73da80445042cc,Lenovo,Notebook,15.6,False,1920x1080,1920,1080,False,False,Intel Core i3,2.3,6,Nvidia GeForce,0.0,128.0,0.0,128.0,Windows,2.4,381.99,unspecified,True,paperxd/laptop-prices-dataset
b75a1711b9cf95b1028b,Lenovo,Notebook,15.6,False,1366x768,1366,768,False,False,Intel Core i3,2.0,8,Nvidia GeForce,2000.0,0.0,0.0,2000.0,No OS,2.2,308.14,unspecified,True,paperxd/laptop-prices-dataset
a2d035a9d9f35afb42f2,Lenovo,Notebook,15.6,False,1366x768,1366,768,False,False,Intel Core i3,2.3,8,Intel HD Graphics,1000.0,0.0,0.0,1000.0,Windows,2.29,308.14,unspecified,True,paperxd/laptop-prices-dataset
16177e2c2b223436d085,Lenovo,Notebook,15.6,False,1366x768,1366,768,False,False,Intel Core i3,2.0,8,Intel HD Graphics,1000.0,0.0,0.0,1000.0,Windows,2.2,308.14,unspecified,True,paperxd/laptop-prices-dataset
f698f2799a3cc5ee9fa3,Lenovo,Notebook,15.6,False,1920x1080,1920,1080,False,False,Intel Core i3,2.4,8,Nvidia GeForce,1000.0,0.0,0.0,1000.0,No OS,2.2,334.99,unspecified,True,paperxd/laptop-prices-dataset
fe11065481d32d2c39c8,Lenovo,Notebook,15.6,False,1366x768,1366,768,False,False,Intel Core i3,2.0,8,Nvidia GeForce,0.0,256.0,0.0,256.0,No OS,2.2,334.99,unspecified,True,paperxd/laptop-prices-dataset
10fb7ae3aff8088242f5,Lenovo,Notebook,15.6,False,1366x768,1366,768,False,False,Intel Core i3,2.0,8,Intel HD Graphics,0.0,128.0,0.0,128.0,Windows,7.2,395.41,unspecified,True,paperxd/laptop-prices-dataset
578af3c7dab243a3eaad,Lenovo,Notebook,14.0,False,1920x1080,1920,1080,False,True,Intel Core i3,2.7,8,Intel HD Graphics,0.0,256.0,0.0,256.0,No OS,1.7,402.13,unspecified,True,paperxd/laptop-prices-dataset
4f891e598922dee96477,Lenovo,Notebook,13.3,False,1920x1080,1920,1080,False,True,Intel Core i3,2.4,8,Intel HD Graphics,0.0,256.0,0.0,256.0,Windows,1.4,637.09,unspecified,True,paperxd/laptop-prices-dataset
8fdaba65aa47e4d7732c,Lenovo,Notebook,15.6,False,1366x768,1366,768,False,False,Intel Core i5,2.3,4,Intel HD Graphics,500.0,0.0,0.0,500.0,No OS,2.1,267.19,unspecified,True,paperxd/laptop-prices-dataset
64e0b894598e0f52f250,Lenovo,Notebook,15.6,False,1920x1080,1920,1080,False,False,Intel Core i5,2.3,4,Intel HD Graphics,1000.0,0.0,0.0,1000.0,No OS,2.15,310.39,unspecified,True,paperxd/laptop-prices-dataset
4c3412b992bf8db6e7cd,Lenovo,Notebook,15.6,False,1920x1080,1920,1080,False,False,Intel Core i5,2.5,4,Intel HD Graphics,0.0,128.0,0.0,128.0,No OS,2.2,314.18,unspecified,True,paperxd/laptop-prices-dataset
a6f6d79d717cc48ac462,Lenovo,Notebook,15.6,False,1366x768,1366,768,False,False,Intel Core i5,2.5,4,Intel HD Graphics,1000.0,0.0,0.0,1000.0,No OS,1.9,328.88,unspecified,True,paperxd/laptop-prices-dataset
4863e91a086c27f440ba,Lenovo,Notebook,15.6,False,1366x768,1366,768,False,False,Intel Core i5,2.3,4,Intel HD Graphics,0.0,128.0,0.0,128.0,Windows,2.1,330.96,unspecified,True,paperxd/laptop-prices-dataset
6f00ba2588083eef69f7,Lenovo,Notebook,15.6,False,1366x768,1366,768,False,False,Intel Core i5,2.5,4,Intel HD Graphics,0.0,128.0,0.0,128.0,Windows,1.9,334.32,unspecified,True,paperxd/laptop-prices-dataset
0c9c295775ed715753f0,Lenovo,Notebook,15.6,False,1920x1080,1920,1080,False,False,Intel Core i5,2.5,4,Nvidia GeForce,1000.0,0.0,0.0,1000.0,No OS,2.2,334.99,unspecified,True,paperxd/laptop-prices-dataset
6ab7994b30636b2c5989,Lenovo,Notebook,15.6,False,1920x1080,1920,1080,False,False,Intel Core i5,2.3,4,Intel HD Graphics,500.0,0.0,0.0,500.0,Windows,2.2,359.16,unspecified,True,paperxd/laptop-prices-dataset
a567fdf8aa9efde93642,Lenovo,Notebook,15.6,False,1366x768,1366,768,False,False,Intel Core i5,2.3,4,Intel HD Graphics,500.0,0.0,0.0,500.0,Windows,2.1,362.52,unspecified,True,paperxd/laptop-prices-dataset
f70280ef0c09ec030ada,Lenovo,Notebook,15.6,False,1920x1080,1920,1080,False,False,Intel Core i5,2.5,4,Intel HD Graphics,1000.0,0.0,0.0,1000.0,Windows,1.9,368.56,unspecified,True,paperxd/laptop-prices-dataset
dac00b041fb43dc61d1b,Lenovo,Notebook,17.3,False,1600x900,1600,900,False,False,Intel Core i5,2.5,4,Nvidia GeForce,1000.0,0.0,0.0,1000.0,Windows,2.79,395.41,unspecified,True,paperxd/laptop-prices-dataset
e2cffb832c767a302b95,Lenovo,Notebook,15.6,False,1920x1080,1920,1080,False,False,Intel Core i5,2.5,4,Nvidia GeForce,1000.0,0.0,0.0,1000.0,Windows,2.4,408.84,unspecified,True,paperxd/laptop-prices-dataset
dccfa35f4da49f7ae059,Lenovo,Notebook,15.6,False,1920x1080,1920,1080,False,False,Intel Core i5,1.6,4,Intel HD Graphics,500.0,0.0,0.0,500.0,Windows,2.05,459.86,unspecified,True,paperxd/laptop-prices-dataset
a6836b12e061d14c23b7,Lenovo,Notebook,14.0,False,1920x1080,1920,1080,False,False,Intel Core i5,2.5,4,Intel HD Graphics,0.0,256.0,0.0,256.0,Windows,1.7,469.26,unspecified,True,paperxd/laptop-prices-dataset
49e1bf9ed55b9b8552a9,Lenovo,Notebook,14.0,False,1920x1080,1920,1080,False,False,Intel Core i5,2.5,4,Intel HD Graphics,500.0,0.0,0.0,500.0,Windows,1.87,526.99,unspecified,True,paperxd/laptop-prices-dataset
04622de1fc8bfbdd5d9d,Lenovo,Notebook,15.6,False,1920x1080,1920,1080,False,False,Intel Core i5,1.6,4,Intel UHD Graphics,0.0,256.0,0.0,256.0,Windows,1.8,556.53,unspecified,True,paperxd/laptop-prices-dataset
55cc44b8eb9bf37814fb,Lenovo,Notebook,13.3,False,1920x1080,1920,1080,False,False,Intel Core i5,2.5,4,Intel HD Graphics,0.0,128.0,0.0,128.0,Windows,1.44,591.44,unspecified,True,paperxd/laptop-prices-dataset
86f4f90569a2a694ed66,Lenovo,Notebook,15.6,False,1920x1080,1920,1080,False,True,Intel Core i5,2.3,4,Nvidia GeForce GTX,1000.0,0.0,0.0,1000.0,Windows,2.3,655.89,unspecified,True,paperxd/laptop-prices-dataset
c1497ec2f3608bfc626b,Lenovo,Notebook,14.0,False,1366x768,1366,768,False,False,Intel Core i5,2.5,4,Intel HD Graphics,500.0,0.0,0.0,500.0,Windows,2.02,664.61,unspecified,True,paperxd/laptop-prices-dataset
a36b219c19a2b1c36f1b,Lenovo,Notebook,15.6,False,1366x768,1366,768,False,False,Intel Core i5,2.5,4,Intel HD Graphics,500.0,0.0,0.0,500.0,Windows,2.38,708.25,unspecified,True,paperxd/laptop-prices-dataset
8beb2f3cf99d4b3305fc,Lenovo,Notebook,15.6,False,1920x1080,1920,1080,False,False,Intel Core i5,2.5,6,Intel HD Graphics,1000.0,0.0,0.0,1000.0,Windows,2.4,378.63,unspecified,True,paperxd/laptop-prices-dataset
19a1096f9db3895b860f,Lenovo,Notebook,15.6,False,1920x1080,1920,1080,False,False,Intel Core i5,2.5,6,Intel HD Graphics,0.0,256.0,0.0,256.0,Windows,2.2,388.7,unspecified,True,paperxd/laptop-prices-dataset
0c6fc2639addf3f31d93,Lenovo,Notebook,17.3,False,1600x900,1600,900,False,False,Intel Core i5,2.5,6,Nvidia GeForce GTX,1000.0,0.0,0.0,1000.0,Windows,5.8,435.69,unspecified,True,paperxd/laptop-prices-dataset
98438d51498027d2fb31,Lenovo,Notebook,15.6,False,1920x1080,1920,1080,False,False,Intel Core i5,2.5,6,Nvidia GeForce,0.0,256.0,0.0,256.0,Windows,2.4,466.57,unspecified,True,paperxd/laptop-prices-dataset
f90c07fd5a4a9df2244f,Lenovo,Notebook,17.3,False,1600x900,1600,900,False,False,Intel Core i5,2.5,6,Nvidia GeForce GTX,1000.0,128.0,0.0,1128.0,Windows,2.8,482.68,unspecified,True,paperxd/laptop-prices-dataset
ab8d55f091d4127a5d49,Lenovo,Notebook,15.6,False,1920x1080,1920,1080,False,False,Intel Core i5,2.5,8,Intel HD Graphics,2000.0,0.0,0.0,2000.0,No OS,2.2,348.42,unspecified,True,paperxd/laptop-prices-dataset
522eb0224498a94dccfc,Lenovo,Notebook,17.3,False,1600x900,1600,900,False,False,Intel Core i5,2.5,8,Intel HD Graphics,1000.0,0.0,0.0,1000.0,No OS,2.8,361.85,unspecified,True,paperxd/laptop-prices-dataset
ef799db5d5e9274ab6d6,Lenovo,Notebook,15.6,False,1920x1080,1920,1080,False,False,Intel Core i5,2.5,8,Intel HD Graphics,0.0,256.0,0.0,256.0,No OS,2.2,368.56,unspecified,True,paperxd/laptop-prices-dataset
28f2d999d00609803af6,Lenovo,Notebook,15.6,False,1366x768,1366,768,False,False,Intel Core i5,2.5,8,Nvidia GeForce,2000.0,0.0,0.0,2000.0,No OS,2.2,368.56,unspecified,True,paperxd/laptop-prices-dataset
43dd62c76c271a448235,Lenovo,Notebook,15.6,False,1920x1080,1920,1080,False,True,Intel Core i5,2.5,8,Intel HD Graphics,0.0,256.0,0.0,256.0,No OS,2.3,384.67,unspecified,True,paperxd/laptop-prices-dataset
d3d2116b0c6a5bbe0988,Lenovo,Notebook,17.3,False,1600x900,1600,900,False,False,Intel Core i5,2.5,8,Nvidia GeForce GTX,1000.0,0.0,0.0,1000.0,No OS,2.8,395.41,unspecified,True,paperxd/laptop-prices-dataset
37d982309fec36fa6f86,Lenovo,Notebook,15.6,False,1920x1080,1920,1080,False,False,Intel Core i5,2.3,8,AMD Radeon R5,1000.0,0.0,0.0,1000.0,No OS,2.32,402.13,unspecified,True,paperxd/laptop-prices-dataset
82619773a4e4371efeec,Lenovo,Notebook,15.6,False,1920x1080,1920,1080,False,False,Intel Core i5,2.5,8,Nvidia GeForce,0.0,256.0,0.0,256.0,No OS,2.2,422.27,unspecified,True,paperxd/laptop-prices-dataset
b2b12977ffb986b314f8,Lenovo,Notebook,17.3,False,1600x900,1600,900,False,False,Intel Core i5,2.3,8,AMD Radeon R5,1000.0,0.0,0.0,1000.0,Windows,3.0,442.41,unspecified,True,paperxd/laptop-prices-dataset
de7379e827f829267be2,Lenovo,Notebook,17.3,False,1600x900,1600,900,False,False,Intel Core i5,1.6,8,Nvidia GeForce,0.0,256.0,0.0,256.0,No OS,2.8,468.59,unspecified,True,paperxd/laptop-prices-dataset
36507753156ddab5bf90,Lenovo,Notebook,15.6,False,1920x1080,1920,1080,False,False,Intel Core i5,1.6,8,Intel UHD Graphics,0.0,256.0,0.0,256.0,Windows,2.05,496.11,unspecified,True,paperxd/laptop-prices-dataset
125c9b2e76e4506a2c81,Lenovo,Notebook,15.6,False,1920x1080,1920,1080,False,True,Intel Core i5,2.3,8,Nvidia GeForce GTX,1000.0,128.0,0.0,1128.0,Windows,2.6,529.68,unspecified,True,paperxd/laptop-prices-dataset
f5b9e01ee5025363c283,Lenovo,Notebook,15.6,False,1920x1080,1920,1080,False,False,Intel Core i5,2.5,8,AMD Radeon,1000.0,128.0,0.0,1128.0,Windows,1.9,545.79,unspecified,True,paperxd/laptop-prices-dataset
a77fef1bf989e2aa913a,Lenovo,Notebook,15.6,False,1920x1080,1920,1080,False,False,Intel Core i5,2.5,8,AMD Radeon R5,1000.0,128.0,0.0,1128.0,Windows,1.9,549.11,unspecified,True,paperxd/laptop-prices-dataset
a300aa66163376ceeee2,Lenovo,Notebook,15.6,False,1920x1080,1920,1080,False,False,Intel Core i5,2.5,8,Nvidia GeForce,1000.0,128.0,0.0,1128.0,Windows,2.3,549.82,unspecified,True,paperxd/laptop-prices-dataset
bb2ec6123aa67d9ca597,Lenovo,Notebook,15.6,False,1920x1080,1920,1080,False,False,Intel Core i5,2.5,8,Intel HD Graphics,0.0,256.0,0.0,256.0,Windows,2.3,557.2,unspecified,True,paperxd/laptop-prices-dataset
741aeae70489fac8cf68,Lenovo,Notebook,15.6,False,1920x1080,1920,1080,False,True,Intel Core i5,2.5,8,Intel HD Graphics,1000.0,0.0,0.0,1000.0,Windows,2.3,571.07,unspecified,True,paperxd/laptop-prices-dataset
98d67b8311b059d450f5,Lenovo,Notebook,14.0,False,1920x1080,1920,1080,False,True,Intel Core i5,2.5,8,Nvidia GeForce,0.0,256.0,0.0,256.0,Windows,1.87,575.38,unspecified,True,paperxd/laptop-prices-dataset
e10f13253dbff7d7890c,Lenovo,Notebook,15.6,False,1920x1080,1920,1080,False,True,Intel Core i5,2.5,8,Intel HD Graphics,0.0,256.0,0.0,256.0,Windows,2.3,611.58,unspecified,True,paperxd/laptop-prices-dataset
0df5500c63d8c2bb3f79,Lenovo,Notebook,14.0,False,1920x1080,1920,1080,False,True,Intel Core i5,2.5,8,Intel HD Graphics,0.0,256.0,0.0,256.0,Windows,1.9,629.71,unspecified,True,paperxd/laptop-prices-dataset
529fa9544052a8f9ba53,Lenovo,Notebook,13.3,False,1920x1080,1920,1080,False,False,Intel Core i5,2.5,8,Intel HD Graphics,0.0,256.0,0.0,256.0,Windows,1.44,637.09,unspecified,True,paperxd/laptop-prices-dataset
fe87c361ae82ed41bc42,Lenovo,Notebook,13.3,False,1920x1080,1920,1080,False,True,Intel Core i5,2.5,8,Intel HD Graphics,0.0,256.0,0.0,256.0,Windows,1.44,644.47,unspecified,True,paperxd/laptop-prices-dataset
a80c9db349725b3de28d,Lenovo,Notebook,13.3,False,1920x1080,1920,1080,False,True,Intel Core i5,2.5,8,Intel HD Graphics,0.0,256.0,0.0,256.0,Windows,1.1,670.66,unspecified,True,paperxd/laptop-prices-dataset
9e63b71dcc7504fac700,Lenovo,Notebook,15.6,False,1920x1080,1920,1080,False,True,Intel Core i5,2.5,8,Nvidia GeForce,0.0,256.0,0.0,256.0,Windows,2.3,679.38,unspecified,True,paperxd/laptop-prices-dataset
56586b4b563e7fb2fde8,Lenovo,Notebook,14.0,False,1920x1080,1920,1080,False,True,Intel Core i5,1.6,8,Intel UHD Graphics,0.0,256.0,0.0,256.0,Windows,1.75,704.22,unspecified,True,paperxd/laptop-prices-dataset
bafce68333f2fd9532c4,Lenovo,Notebook,15.6,False,1920x1080,1920,1080,False,False,Intel Core i5,2.3,8,Intel HD Graphics,0.0,256.0,0.0,256.0,Windows,2.3,704.63,unspecified,True,paperxd/laptop-prices-dataset
3f64aec35a51bac27346,Lenovo,Notebook,14.0,False,1920x1080,1920,1080,False,True,Intel Core i5,2.3,8,Intel HD Graphics,0.0,256.0,0.0,256.0,Windows,1.9,719.66,unspecified,True,paperxd/laptop-prices-dataset
53c61061bf317ec5c408,Lenovo,Notebook,14.0,False,1920x1080,1920,1080,False,True,Intel Core i5,2.5,8,Nvidia GeForce,0.0,256.0,0.0,256.0,Windows,1.5,737.79,unspecified,True,paperxd/laptop-prices-dataset
f87b45f49d6315320479,Lenovo,Notebook,14.0,False,1920x1080,1920,1080,False,True,Intel Core i5,1.6,8,AMD Radeon RX,0.0,256.0,0.0,256.0,Windows,1.75,749.22,unspecified,True,paperxd/laptop-prices-dataset
4204d10a417c19089155,Lenovo,Notebook,25.6,False,1920x1080,1920,1080,False,True,Intel Core i5,1.6,8,AMD Radeon RX,1000.0,256.0,0.0,1256.0,Windows,2.1,768.33,unspecified,True,paperxd/laptop-prices-dataset
5ba01fc13545f6532755,Lenovo,Notebook,14.0,False,1920x1080,1920,1080,False,False,Intel Core i5,2.3,8,Intel HD Graphics,0.0,256.0,0.0,256.0,Windows,1.7,796.2,unspecified,True,paperxd/laptop-prices-dataset
b8957ee1675bf65b25fe,Lenovo,Notebook,14.0,False,1920x1080,1920,1080,False,False,Intel Core i5,2.3,8,Intel HD Graphics,0.0,256.0,0.0,256.0,Windows,1.8,799.55,unspecified,True,paperxd/laptop-prices-dataset
854ae690798a0f49352e,Lenovo,Notebook,14.0,False,1920x1080,1920,1080,False,False,Intel Core i5,2.3,8,Intel HD Graphics,0.0,180.0,0.0,180.0,Windows,1.7,804.92,unspecified,True,paperxd/laptop-prices-dataset
41ada8d341cef5a3e277,Lenovo,Notebook,24.0,False,1920x1080,1920,1080,False,False,Intel Core i5,2.3,8,Intel HD Graphics,0.0,256.0,0.0,256.0,Windows,2.02,899.58,unspecified,True,paperxd/laptop-prices-dataset
5e75a575839b4ae6ca2d,Lenovo,Notebook,14.0,False,1920x1080,1920,1080,False,False,Intel Core i5,2.5,8,Intel HD Graphics,0.0,256.0,0.0,256.0,Windows,1.65,902.94,unspecified,True,paperxd/laptop-prices-dataset
1ecc76704b132a6012bd,Lenovo,Notebook,15.6,False,1920x1080,1920,1080,False,False,Intel Core i5,2.3,8,Intel HD Graphics,0.0,256.0,0.0,256.0,Windows,2.3,905.62,unspecified,True,paperxd/laptop-prices-dataset
ab14e9b7f169ce362e75,Lenovo,Notebook,14.0,False,1920x1080,1920,1080,False,False,Intel Core i5,2.5,8,Intel HD Graphics,0.0,180.0,0.0,180.0,Windows,1.7,915.69,unspecified,True,paperxd/laptop-prices-dataset
4486c5b4fea07393e977,Lenovo,Notebook,15.6,False,1920x1080,1920,1080,False,True,Intel Core i5,2.5,8,Intel HD Graphics,0.0,256.0,0.0,256.0,Windows,1.95,933.15,unspecified,True,paperxd/laptop-prices-dataset
acb9b0842f232548aadd,Lenovo,Notebook,14.0,False,1920x1080,1920,1080,False,False,Intel Core i5,2.3,8,Intel HD Graphics,0.0,256.0,0.0,256.0,Windows,1.65,983.5,unspecified,True,paperxd/laptop-prices-dataset
5adc2222aa17ee20efda,Lenovo,Notebook,14.0,False,1920x1080,1920,1080,False,True,Intel Core i5,2.5,8,Intel HD Graphics,0.0,256.0,0.0,256.0,Windows,1.7,989.54,unspecified,True,paperxd/laptop-prices-dataset
47ef3afe424292d54781,Lenovo,Notebook,14.0,False,1920x1080,1920,1080,False,True,Intel Core i5,2.6,8,Intel HD Graphics,0.0,256.0,0.0,256.0,Windows,1.32,1107.69,unspecified,True,paperxd/laptop-prices-dataset
6843047cff6447dd94c5,Lenovo,Notebook,15.6,False,1920x1080,1920,1080,False,True,Intel Core i5,2.5,8,Intel HD Graphics,0.0,512.0,0.0,512.0,Windows,1.95,1317.81,unspecified,True,paperxd/laptop-prices-dataset
31c43252fc94306512cb,Lenovo,Notebook,15.6,False,1920x1080,1920,1080,False,False,Intel Core i7,2.7,4,Intel HD Graphics,1000.0,0.0,0.0,1000.0,Windows,1.85,522.96,unspecified,True,paperxd/laptop-prices-dataset
519c220e496ac2c27c16,Lenovo,Notebook,15.6,False,1920x1080,1920,1080,False,False,Intel Core i7,2.7,4,Nvidia GeForce,1000.0,0.0,0.0,1000.0,Windows,2.2,536.39,unspecified,True,paperxd/laptop-prices-dataset
f43a72ca46bc6f3479c2,Lenovo,Notebook,15.6,False,1920x1080,1920,1080,False,False,Intel Core i7,2.7,6,Nvidia GeForce,0.0,256.0,0.0,256.0,Windows,2.2,529.68,unspecified,True,paperxd/laptop-prices-dataset
67b68450d4509aa5f98f,Lenovo,Notebook,17.3,False,1600x900,1600,900,False,False,Intel Core i7,2.7,6,Nvidia GeForce,1000.0,128.0,0.0,1128.0,Windows,2.8,576.67,unspecified,True,paperxd/laptop-prices-dataset
83221ea49e3225191e02,Lenovo,Notebook,17.3,False,1600x900,1600,900,False,False,Intel Core i7,2.7,6,Nvidia GeForce,1000.0,128.0,0.0,1128.0,Windows,2.8,637.09,unspecified,True,paperxd/laptop-prices-dataset
8e7b7c18228d5b209ad0,Lenovo,Notebook,15.6,False,1366x768,1366,768,False,False,Intel Core i7,2.5,8,Nvidia GeForce,500.0,0.0,0.0,500.0,No OS,2.2,422.27,unspecified,True,paperxd/laptop-prices-dataset
be62dd0f83758545dd37,Lenovo,Notebook,15.6,False,1920x1080,1920,1080,False,False,Intel Core i7,2.7,8,Nvidia GeForce,1000.0,0.0,0.0,1000.0,No OS,2.2,442.41,unspecified,True,paperxd/laptop-prices-dataset
ccb4fb773593c13da037,Lenovo,Notebook,15.6,False,1920x1080,1920,1080,False,True,Intel Core i7,2.5,8,Nvidia GeForce,1000.0,0.0,0.0,1000.0,Windows,2.2,449.12,unspecified,True,paperxd/laptop-prices-dataset
e858534d873598d22607,Lenovo,Notebook,15.6,False,1920x1080,1920,1080,False,False,Intel Core i7,2.7,8,Nvidia GeForce,1000.0,0.0,0.0,1000.0,No OS,2.2,459.86,unspecified,True,paperxd/laptop-prices-dataset
b4aac438f2731b63f860,Lenovo,Notebook,15.6,False,1920x1080,1920,1080,False,False,Intel Core i7,2.7,8,Nvidia GeForce,1000.0,0.0,0.0,1000.0,No OS,2.2,475.97,unspecified,True,paperxd/laptop-prices-dataset
8b6d645ffc56a59b547a,Lenovo,Notebook,14.0,False,1920x1080,1920,1080,False,True,Intel Core i7,2.7,8,AMD Radeon R7,0.0,512.0,0.0,512.0,No OS,1.5,536.39,unspecified,True,paperxd/laptop-prices-dataset
c76424d24e4a910497f6,Lenovo,Notebook,17.3,False,1920x1080,1920,1080,False,False,Intel Core i7,1.8,8,Nvidia GeForce,2000.0,0.0,0.0,2000.0,No OS,2.8,569.96,unspecified,True,paperxd/laptop-prices-dataset
7138cd9b785cd7342eda,Lenovo,Notebook,14.0,False,1920x1080,1920,1080,False,True,Intel Core i7,2.7,8,Nvidia GeForce,0.0,256.0,0.0,256.0,Windows,1.87,576.67,unspecified,True,paperxd/laptop-prices-dataset
72ec275b67b891cf12ff,Lenovo,Notebook,15.6,False,1920x1080,1920,1080,False,False,Intel Core i7,1.8,8,Intel UHD Graphics,0.0,256.0,0.0,256.0,Windows,2.05,590.77,unspecified,True,paperxd/laptop-prices-dataset
0acbd01834cb6c06fc9d,Lenovo,Notebook,15.6,False,1920x1080,1920,1080,False,False,Intel Core i7,1.8,8,Intel UHD Graphics,0.0,256.0,0.0,256.0,Windows,2.17,603.46,unspecified,True,paperxd/laptop-prices-dataset
65dbec1024f5c560d4b3,Lenovo,Notebook,15.6,False,1920x1080,1920,1080,False,True,Intel Core i7,2.6,8,Nvidia GeForce GTX,1000.0,0.0,0.0,1000.0,Windows,2.6,603.52,unspecified,True,paperxd/laptop-prices-dataset
eefecc94ee847a93865d,Lenovo,Notebook,13.3,False,1920x1080,1920,1080,False,True,Intel Core i7,2.7,8,Intel HD Graphics,0.0,256.0,0.0,256.0,Windows,1.4,678.04,unspecified,True,paperxd/laptop-prices-dataset
c04bd1588234ee4c5cec,Lenovo,Notebook,15.6,False,1920x1080,1920,1080,False,True,Intel Core i7,2.7,8,Intel HD Graphics,0.0,256.0,0.0,256.0,Windows,1.95,736.45,unspecified,True,paperxd/laptop-prices-dataset
deb46a12f3e39ec68486,Lenovo,Notebook,15.6,False,1920x1080,1920,1080,False,True,Intel Core i7,1.8,8,AMD Radeon RX,0.0,256.0,0.0,256.0,Windows,2.1,825.44,unspecified,True,paperxd/laptop-prices-dataset
cc0e42c5f5bcff7e152a,Lenovo,Notebook,14.0,False,1920x1080,1920,1080,False,True,Intel Core i7,2.7,8,Intel HD Graphics,0.0,256.0,0.0,256.0,Windows,1.58,993.57,unspecified,True,paperxd/laptop-prices-dataset
915ef260a446478c4fea,Lenovo,Notebook,15.6,False,1920x1080,1920,1080,False,True,Intel Core i7,2.6,8,Intel HD Graphics,0.0,256.0,0.0,256.0,Windows,2.3,1026.46,unspecified,True,paperxd/laptop-prices-dataset
3ec344cd66af966048f2,Lenovo,Notebook,15.6,False,1920x1080,1920,1080,False,True,Intel Core i7,2.7,8,Intel HD Graphics,0.0,512.0,0.0,512.0,Windows,1.99,1160.73,unspecified,True,paperxd/laptop-prices-dataset
d8223d761c4f1e856943,Lenovo,Notebook,15.6,False,1920x1080,1920,1080,False,False,Intel Core i7,2.9,8,Nvidia Quadro,0.0,256.0,0.0,256.0,Windows,2.67,1403.08,unspecified,True,paperxd/laptop-prices-dataset
c0cf61ea9aa1f7c0217a,Lenovo,Notebook,17.3,False,1920x1080,1920,1080,False,True,Intel Core i7,2.8,8,Nvidia Quadro,0.0,256.0,0.0,256.0,Windows,3.4,2013.31,unspecified,True,paperxd/laptop-prices-dataset
6855bab577e9d869cb54,Lenovo,Notebook,15.6,False,1366x768,1366,768,True,False,Intel Core i7,1.8,12,Intel HD Graphics,1000.0,0.0,0.0,1000.0,Windows,2.2,408.84,unspecified,True,paperxd/laptop-prices-dataset
75453e8dcbec331201a8,Lenovo,Notebook,13.3,False,1920x1080,1920,1080,False,True,Intel Core i7,2.7,16,Intel HD Graphics,0.0,512.0,0.0,512.0,Windows,1.4,1006.32,unspecified,True,paperxd/laptop-prices-dataset
8ca1d22e93475997a967,Lenovo,Notebook,15.6,False,3840x2160,3840,2160,False,False,Intel Core i7,2.7,16,Nvidia Quadro,0.0,512.0,0.0,512.0,Windows,2.5,1591.05,unspecified,True,paperxd/laptop-prices-dataset
2e3cd745482896332d2f,Lenovo,Notebook,15.6,False,1920x1080,1920,1080,False,False,Intel Core i7,2.9,16,Nvidia Quadro,0.0,512.0,0.0,512.0,Windows,2.5,1644.08,unspecified,True,paperxd/laptop-prices-dataset
a51eaafee010b12103cd,Lenovo,Notebook,14.0,False,2560x1440,2560,1440,False,True,Intel Core i7,2.6,16,Intel HD Graphics,0.0,256.0,0.0,256.0,Windows,1.1,1758.88,unspecified,True,paperxd/laptop-prices-dataset
1741707e435d00976fae,Lenovo,Notebook,17.3,False,3840x2160,3840,2160,False,True,Intel Core i7,2.7,16,Nvidia Quadro,0.0,512.0,0.0,512.0,Windows,2.4,1992.5,unspecified,True,paperxd/laptop-prices-dataset
39016251b94c10531266,Lenovo,Notebook,15.6,False,1366x768,1366,768,False,False,Intel Pentium Quad Core,1.1,4,Intel HD Graphics,1000.0,0.0,0.0,1000.0,Windows,2.2,207.44,unspecified,True,paperxd/laptop-prices-dataset
b2c8deb17184aa753058,Lenovo,Notebook,15.6,False,1920x1080,1920,1080,False,False,Intel Pentium Quad Core,1.1,4,Intel HD Graphics,500.0,0.0,0.0,500.0,Windows,2.2,230.94,unspecified,True,paperxd/laptop-prices-dataset
75971f65f73e966fef50,Lenovo,Notebook,15.6,False,1920x1080,1920,1080,False,False,Intel Pentium Quad Core,1.1,4,Intel HD Graphics,0.0,128.0,0.0,128.0,Windows,2.2,234.29,unspecified,True,paperxd/laptop-prices-dataset
4d7e5c7e2f9bca7dd1b4,Lenovo,Notebook,15.6,False,1366x768,1366,768,False,False,Intel Pentium Quad Core,1.1,4,Intel HD Graphics,1000.0,0.0,0.0,1000.0,No OS,2.2,241.67,unspecified,True,paperxd/laptop-prices-dataset
77021d52744cb24fad3c,Lenovo,Notebook,15.6,False,3840x2160,3840,2160,False,True,Intel Xeon,3.1,32,Nvidia Quadro,0.0,1000.0,0.0,1000.0,Windows,2.5,3288.84,unspecified,True,paperxd/laptop-prices-dataset
e3571170cc56ca34cff7,Lenovo,Ultrabook,12.5,False,2560x1440,2560,1440,True,True,Intel Core M,1.2,8,Intel HD Graphics,0.0,512.0,0.0,512.0,Windows,0.99,939.19,unspecified,True,paperxd/laptop-prices-dataset
7056a25fa88d2dc273e7,Lenovo,Ultrabook,12.5,False,1366x768,1366,768,False,True,Intel Core i5,2.3,8,Intel HD Graphics,0.0,180.0,0.0,180.0,Windows,1.3,737.79,unspecified,True,paperxd/laptop-prices-dataset
c9becef0a4b05aa8b2eb,Lenovo,Ultrabook,12.5,False,1920x1080,1920,1080,False,True,Intel Core i5,2.5,8,Intel HD Graphics,0.0,256.0,0.0,256.0,Windows,1.36,959.33,unspecified,True,paperxd/laptop-prices-dataset
e3a1bc986766af364205,Lenovo,Ultrabook,14.0,False,1920x1080,1920,1080,False,True,Intel Core i5,2.5,8,Intel HD Graphics,0.0,256.0,0.0,256.0,Windows,1.32,1006.32,unspecified,True,paperxd/laptop-prices-dataset
4820ca59665ba115ffa7,Lenovo,Ultrabook,12.5,False,1920x1080,1920,1080,False,True,Intel Core i5,2.6,8,Intel HD Graphics,0.0,256.0,0.0,256.0,Windows,1.36,1181.54,unspecified,True,paperxd/laptop-prices-dataset
13c4911399e80c040e1e,Lenovo,Ultrabook,14.0,False,1920x1080,1920,1080,False,True,Intel Core i5,2.5,8,Intel HD Graphics,0.0,256.0,0.0,256.0,Windows,1.32,1207.72,unspecified,True,paperxd/laptop-prices-dataset
befbba0c579bbb9739a9,Lenovo,Ultrabook,14.0,False,1920x1080,1920,1080,False,True,Intel Core i5,2.5,8,Intel HD Graphics,0.0,0.0,256.0,256.0,Windows,1.13,1258.74,unspecified,True,paperxd/laptop-prices-dataset
0b60e735003b2c22c156,Lenovo,Ultrabook,15.6,False,1920x1080,1920,1080,False,False,Intel Core i7,2.7,6,Nvidia GeForce,0.0,256.0,0.0,256.0,Windows,1.54,557.87,unspecified,True,paperxd/laptop-prices-dataset
23c7b6830062992e8a3d,Lenovo,Ultrabook,14.0,False,1920x1080,1920,1080,False,True,Intel Core i7,1.8,8,AMD Radeon RX,0.0,256.0,0.0,256.0,Windows,1.75,815.92,unspecified,True,paperxd/laptop-prices-dataset
ce14f795c7d33669af5d,Lenovo,Ultrabook,14.0,False,1920x1080,1920,1080,False,True,Intel Core i7,2.6,8,Intel HD Graphics,0.0,256.0,0.0,256.0,Windows,1.7,999.6,unspecified,True,paperxd/laptop-prices-dataset
1a5859ee48bdb0eef23d,Lenovo,Ultrabook,14.0,False,1920x1080,1920,1080,False,False,Intel Core i7,2.6,8,Intel HD Graphics,0.0,256.0,0.0,256.0,Windows,1.7,1006.32,unspecified,True,paperxd/laptop-prices-dataset
827a0054f332ee3de507,Lenovo,Ultrabook,12.5,False,1920x1080,1920,1080,False,True,Intel Core i7,2.7,8,Intel HD Graphics,0.0,256.0,0.0,256.0,Windows,1.36,1063.38,unspecified,True,paperxd/laptop-prices-dataset
d53e0eaf151b47bcbccd,Lenovo,Ultrabook,12.5,False,1920x1080,1920,1080,False,True,Intel Core i7,2.7,8,Intel HD Graphics,0.0,256.0,0.0,256.0,Windows,1.36,1107.69,unspecified,True,paperxd/laptop-prices-dataset
a44fec21aea76713ed3d,Lenovo,Ultrabook,12.5,False,1920x1080,1920,1080,True,True,Intel Core i7,2.5,8,Intel HD Graphics,0.0,256.0,0.0,256.0,Windows,1.3,1150.31,unspecified,True,paperxd/laptop-prices-dataset
32640cf6c5e03fa5019e,Lenovo,Ultrabook,14.0,False,1920x1080,1920,1080,False,False,Intel Core i7,2.7,8,Intel HD Graphics,0.0,256.0,0.0,256.0,Windows,1.32,1248.0,unspecified,True,paperxd/laptop-prices-dataset
21e4d82a392c9dfe3852,Lenovo,Ultrabook,14.0,False,1920x1080,1920,1080,False,True,Intel Core i7,2.8,8,Nvidia GeForce,0.0,256.0,0.0,256.0,Windows,1.96,1277.54,unspecified,True,paperxd/laptop-prices-dataset
dadbdec063df96d773c4,Lenovo,Ultrabook,14.0,False,2560x1440,2560,1440,False,True,Intel Core i7,2.8,8,Nvidia GeForce,0.0,512.0,0.0,512.0,Windows,1.7,1304.39,unspecified,True,paperxd/laptop-prices-dataset
9c14bf5fbb2551cd4abc,Lenovo,Ultrabook,14.0,False,1920x1080,1920,1080,False,True,Intel Core i7,2.7,8,Intel HD Graphics,0.0,0.0,256.0,256.0,Windows,1.13,1375.55,unspecified,True,paperxd/laptop-prices-dataset
e89436af060fb9fcf426,Lenovo,Ultrabook,14.0,False,2560x1440,2560,1440,False,True,Intel Core i7,2.7,8,Intel HD Graphics,0.0,512.0,0.0,512.0,Windows,1.13,1531.97,unspecified,True,paperxd/laptop-prices-dataset
4b12ae03d58cb78013fb,Lenovo,Ultrabook,14.0,False,1920x1080,1920,1080,False,True,Intel Core i7,2.7,8,Intel HD Graphics,0.0,512.0,0.0,512.0,Windows,1.13,1677.65,unspecified,True,paperxd/laptop-prices-dataset
3d3ac762770de860b673,Lenovo,Ultrabook,14.0,False,1920x1080,1920,1080,False,True,Intel Core i7,2.6,12,Intel HD Graphics,0.0,256.0,0.0,256.0,Windows,8.4,1123.13,unspecified,True,paperxd/laptop-prices-dataset
6e3f0425075bd920bae1,Lenovo,Ultrabook,14.0,False,2560x1440,2560,1440,False,True,Intel Core i7,2.6,12,Intel HD Graphics,0.0,256.0,0.0,256.0,Windows,1.4,1247.33,unspecified,True,paperxd/laptop-prices-dataset
07bd51db234605c99ede,Lenovo,Ultrabook,14.0,False,1920x1080,1920,1080,False,False,Intel Core i7,2.6,12,Intel HD Graphics,0.0,512.0,0.0,512.0,Windows,1.4,1543.38,unspecified,True,paperxd/laptop-prices-dataset
ab5e88a6d4ac69d6f917,Lenovo,Ultrabook,12.5,False,1920x1080,1920,1080,False,True,Intel Core i7,2.7,16,Intel HD Graphics,0.0,512.0,0.0,512.0,Windows,1.36,1207.05,unspecified,True,paperxd/laptop-prices-dataset
cc40e51bec59406b9caa,Lenovo,Ultrabook,14.0,False,2560x1440,2560,1440,False,True,Intel Core i7,2.6,16,Intel HD Graphics,0.0,512.0,0.0,512.0,Windows,1.1,1409.12,unspecified,True,paperxd/laptop-prices-dataset
9d296f4998a40d290320,Lenovo,Ultrabook,14.0,False,1920x1080,1920,1080,False,False,Intel Core i7,2.7,16,Intel HD Graphics,0.0,512.0,0.0,512.0,Windows,1.7,1543.38,unspecified,True,paperxd/laptop-prices-dataset
e1fc67ec227e18ec920b,Lenovo,Ultrabook,14.0,False,1920x1080,1920,1080,False,True,Intel Core i7,2.7,16,Intel HD Graphics,0.0,512.0,0.0,512.0,Windows,1.14,1644.75,unspecified,True,paperxd/laptop-prices-dataset
9889f96a6f45b5b6189f,Lenovo,Ultrabook,14.0,False,2560x1440,2560,1440,False,True,Intel Core i7,2.7,16,Intel HD Graphics,0.0,1000.0,0.0,1000.0,Windows,1.13,1762.24,unspecified,True,paperxd/laptop-prices-dataset
9983f971ff1b47f64041,Lenovo,Ultrabook,24.0,False,2560x1440,2560,1440,False,False,Intel Core i7,2.7,24,Intel HD Graphics,0.0,512.0,0.0,512.0,Windows,1.32,1599.1,unspecified,True,paperxd/laptop-prices-dataset
7b9ada1ba41a9b1187e3,Lenovo,Ultrabook,14.0,False,2560x1440,2560,1440,False,True,Intel Core i7,2.5,64,Intel HD Graphics,0.0,512.0,0.0,512.0,Windows,1.17,1132.29,unspecified,True,paperxd/laptop-prices-dataset
c67aefa00358b2a03000,Lenovo,Workstation,15.6,False,1920x1080,1920,1080,False,False,Intel Core i7,2.8,8,Nvidia Quadro,0.0,512.0,0.0,512.0,Windows,2.67,1292.31,unspecified,True,paperxd/laptop-prices-dataset
fa35bb1d771ce37b570a,Lenovo,Workstation,15.6,False,1920x1080,1920,1080,False,False,Intel Core i7,2.5,16,Nvidia Quadro,0.0,512.0,0.0,512.0,Windows,2.18,1245.31,unspecified,True,paperxd/laptop-prices-dataset
b5e77b3474abd85c1f3e,Lenovo,Workstation,15.6,False,3840x2160,3840,2160,False,True,Intel Core i7,2.8,16,Nvidia GeForce,0.0,512.0,0.0,512.0,Windows,2.3,1641.4,unspecified,True,paperxd/laptop-prices-dataset
429c38bf79058e91e930,Lenovo,Workstation,15.6,False,3840x2160,3840,2160,False,True,Intel Core i7,2.8,16,Nvidia Quadro,0.0,1000.0,0.0,1000.0,Windows,2.5,2214.71,unspecified,True,paperxd/laptop-prices-dataset
c617f3e450ba637a185f,MSI,Gaming,15.6,False,1920x1080,1920,1080,False,False,Intel Core i5,2.5,8,Nvidia GeForce GTX,0.0,256.0,0.0,256.0,Windows,2.2,669.92,unspecified,True,paperxd/laptop-prices-dataset
79c0fc6a4d13d2bed117,MSI,Gaming,15.6,False,1920x1080,1920,1080,False,False,Intel Core i5,2.5,8,Nvidia GeForce GTX,0.0,256.0,0.0,256.0,Windows,2.2,689.95,unspecified,True,paperxd/laptop-prices-dataset
e00c3e9e75b0d2cfee03,MSI,Gaming,15.6,False,1920x1080,1920,1080,False,False,Intel Core i5,2.5,8,Nvidia GeForce GTX,1000.0,128.0,0.0,1128.0,Windows,2.2,731.08,unspecified,True,paperxd/laptop-prices-dataset
65b71a2249f9a12c5413,MSI,Gaming,17.3,False,1920x1080,1920,1080,False,False,Intel Core i5,2.5,8,Nvidia GeForce GTX,1000.0,128.0,0.0,1128.0,Windows,2.7,735.1,unspecified,True,paperxd/laptop-prices-dataset
b611c3ba0474ff85f05d,MSI,Gaming,15.6,False,1920x1080,1920,1080,False,False,Intel Core i5,2.5,8,Nvidia GeForce GTX,1000.0,128.0,0.0,1128.0,Windows,2.2,751.83,unspecified,True,paperxd/laptop-prices-dataset
dc949c0cfcfba76b2959,MSI,Gaming,15.6,False,1920x1080,1920,1080,False,False,Intel Core i5,2.5,8,Nvidia GeForce GTX,0.0,256.0,0.0,256.0,Windows,2.4,804.92,unspecified,True,paperxd/laptop-prices-dataset
4370a63725cb0c526088,MSI,Gaming,15.6,False,1920x1080,1920,1080,False,True,Intel Core i7,2.7,8,Nvidia GeForce GTX,1000.0,0.0,0.0,1000.0,Windows,2.2,563.24,unspecified,True,paperxd/laptop-prices-dataset
2b98b0043a49c6e01151,MSI,Gaming,15.6,False,1920x1080,1920,1080,False,False,Intel Core i7,2.8,8,Nvidia GeForce GTX,1000.0,128.0,0.0,1128.0,Windows,2.4,767.19,unspecified,True,paperxd/laptop-prices-dataset
bc156f6c42976becff74,MSI,Gaming,15.6,False,1920x1080,1920,1080,False,False,Intel Core i7,2.8,8,Nvidia GeForce GTX,1000.0,128.0,0.0,1128.0,Windows,2.2,771.36,unspecified,True,paperxd/laptop-prices-dataset
483a4b22625d94403948,MSI,Gaming,15.6,False,1920x1080,1920,1080,False,False,Intel Core i7,2.6,8,Nvidia GeForce GTX,1000.0,128.0,0.0,1128.0,Windows,2.3,784.78,unspecified,True,paperxd/laptop-prices-dataset
8daf3deab922a38e0913,MSI,Gaming,15.6,False,1920x1080,1920,1080,False,False,Intel Core i7,2.8,8,Nvidia GeForce GTX,1000.0,128.0,0.0,1128.0,Windows,2.2,800.09,unspecified,True,paperxd/laptop-prices-dataset
4a9ac61f1b3b70f2ad21,MSI,Gaming,17.3,False,1920x1080,1920,1080,False,False,Intel Core i7,2.8,8,Nvidia GeForce GTX,1000.0,128.0,0.0,1128.0,Windows,2.7,800.09,unspecified,True,paperxd/laptop-prices-dataset
2ed01c0f9d66d6f95c20,MSI,Gaming,17.3,False,1920x1080,1920,1080,False,False,Intel Core i7,2.8,8,Nvidia GeForce GTX,1000.0,256.0,0.0,1256.0,Windows,2.7,804.92,unspecified,True,paperxd/laptop-prices-dataset
67d113d124804749c477,MSI,Gaming,15.6,False,1920x1080,1920,1080,False,False,Intel Core i7,2.8,8,Nvidia GeForce GTX,1000.0,128.0,0.0,1128.0,Windows,2.2,804.92,unspecified,True,paperxd/laptop-prices-dataset
9aa99822914a75affbe6,MSI,Gaming,15.6,False,1920x1080,1920,1080,False,False,Intel Core i7,2.6,8,Nvidia GeForce GTX,1000.0,128.0,0.0,1128.0,Windows,2.4,825.06,unspecified,True,paperxd/laptop-prices-dataset
3525ce7ca7e1f332862d,MSI,Gaming,17.3,False,1920x1080,1920,1080,False,False,Intel Core i7,2.8,8,Nvidia GeForce GTX,1000.0,128.0,0.0,1128.0,Windows,2.7,905.27,unspecified,True,paperxd/laptop-prices-dataset
5d66e2eb07e53a31cf9a,MSI,Gaming,17.3,False,1920x1080,1920,1080,False,False,Intel Core i7,2.8,8,Nvidia GeForce GTX,0.0,256.0,0.0,256.0,Windows,2.7,905.62,unspecified,True,paperxd/laptop-prices-dataset
f2e1d151cc2ede089946,MSI,Gaming,17.3,False,1920x1080,1920,1080,False,False,Intel Core i7,2.8,8,Nvidia GeForce GTX,1000.0,128.0,0.0,1128.0,Windows,2.7,945.9,unspecified,True,paperxd/laptop-prices-dataset
d54d5c3fa77616fc9e67,MSI,Gaming,15.6,False,1920x1080,1920,1080,False,False,Intel Core i7,2.6,8,Nvidia GeForce GTX,1000.0,128.0,0.0,1128.0,Windows,2.2,990.95,unspecified,True,paperxd/laptop-prices-dataset
f821870ab0a1d91e3200,MSI,Gaming,17.3,False,1920x1080,1920,1080,False,False,Intel Core i7,2.8,8,Nvidia GeForce GTX,1000.0,128.0,0.0,1128.0,Windows,2.7,998.11,unspecified,True,paperxd/laptop-prices-dataset
f9a895cbdf384ab5f96c,MSI,Gaming,17.3,False,1920x1080,1920,1080,False,False,Intel Core i7,2.6,8,Nvidia GeForce GTX,1000.0,128.0,0.0,1128.0,Windows,2.9,1014.5,unspecified,True,paperxd/laptop-prices-dataset
e46ae2364033ccfca3c7,MSI,Gaming,17.3,False,1920x1080,1920,1080,False,False,Intel Core i7,2.6,8,Nvidia GeForce GTX,0.0,256.0,0.0,256.0,Windows,2.6,1073.45,unspecified,True,paperxd/laptop-prices-dataset
562da61c8e0a08af1f0c,MSI,Gaming,15.6,False,1920x1080,1920,1080,False,False,Intel Core i7,2.8,16,Nvidia GeForce GTX,1000.0,256.0,0.0,1256.0,Windows,2.4,868.7,unspecified,True,paperxd/laptop-prices-dataset
4ee7e44784d9af907d54,MSI,Gaming,15.6,False,1920x1080,1920,1080,False,False,Intel Core i7,2.8,16,Nvidia GeForce GTX,1000.0,256.0,0.0,1256.0,Windows,2.2,872.06,unspecified,True,paperxd/laptop-prices-dataset
e89080bd76d46f58fb20,MSI,Gaming,17.3,False,1920x1080,1920,1080,False,False,Intel Core i7,2.8,16,Nvidia GeForce GTX,1000.0,256.0,0.0,1256.0,Windows,2.7,1002.16,unspecified,True,paperxd/laptop-prices-dataset
b58837b092ec8a026cee,MSI,Gaming,17.3,False,1920x1080,1920,1080,False,True,Intel Core i7,2.7,16,Nvidia GeForce GTX,1000.0,256.0,0.0,1256.0,Windows,3.78,1037.63,unspecified,True,paperxd/laptop-prices-dataset
48cdd536424f2788992c,MSI,Gaming,17.3,False,1920x1080,1920,1080,False,False,Intel Core i7,2.8,16,Nvidia GeForce GTX,1000.0,256.0,0.0,1256.0,Windows,2.7,1072.78,unspecified,True,paperxd/laptop-prices-dataset
6f09cbee7ca087f4a03a,MSI,Gaming,17.3,False,1920x1080,1920,1080,False,False,Intel Core i7,2.8,16,Nvidia GeForce GTX,1000.0,256.0,0.0,1256.0,Windows,2.7,1073.45,unspecified,True,paperxd/laptop-prices-dataset
c610a29618ebc72ff9da,MSI,Gaming,14.0,False,1920x1080,1920,1080,False,False,Intel Core i7,2.6,16,Nvidia GeForce GTX,1000.0,256.0,0.0,1256.0,Windows,1.7,1187.58,unspecified,True,paperxd/laptop-prices-dataset
1106541dc435e3a53518,MSI,Gaming,15.6,False,1920x1080,1920,1080,False,True,Intel Core i7,2.8,16,Nvidia GeForce GTX,1000.0,256.0,0.0,1256.0,Windows,2.4,1207.72,unspecified,True,paperxd/laptop-prices-dataset
70496b1b538678cba122,MSI,Gaming,15.6,False,1920x1080,1920,1080,False,False,Intel Core i7,2.6,16,Nvidia GeForce GTX,1000.0,256.0,0.0,1256.0,Windows,2.94,1221.15,unspecified,True,paperxd/laptop-prices-dataset
f2363364dbe3027a7737,MSI,Gaming,17.3,False,1920x1080,1920,1080,False,False,Intel Core i7,2.8,16,Nvidia GeForce GTX,1000.0,256.0,0.0,1256.0,Windows,2.8,1268.81,unspecified,True,paperxd/laptop-prices-dataset
ae3ddb8709651488dc45,MSI,Gaming,14.0,False,1920x1080,1920,1080,False,True,Intel Core i7,2.8,16,Nvidia GeForce GTX,1000.0,256.0,0.0,1256.0,Windows,1.6,1269.48,unspecified,True,paperxd/laptop-prices-dataset
ebfb21e54cacdcbdba4b,MSI,Gaming,15.6,False,1920x1080,1920,1080,False,False,Intel Core i7,2.6,16,Nvidia GeForce GTX,1000.0,256.0,0.0,1256.0,Windows,1.8,1294.99,unspecified,True,paperxd/laptop-prices-dataset
6501dac4fcab6845d235,MSI,Gaming,17.3,False,1920x1080,1920,1080,False,True,Intel Core i7,2.6,16,Nvidia GeForce GTX,1000.0,256.0,0.0,1256.0,Windows,2.43,1308.41,unspecified,True,paperxd/laptop-prices-dataset
d0c4ce55cc12207fb275,MSI,Gaming,17.3,False,1920x1080,1920,1080,False,False,Intel Core i7,2.8,16,Nvidia GeForce GTX,1000.0,256.0,0.0,1256.0,Windows,2.43,1375.48,unspecified,True,paperxd/laptop-prices-dataset
3b56072cff8afc944367,MSI,Gaming,15.6,False,1920x1080,1920,1080,False,False,Intel Core i7,2.8,16,Nvidia GeForce GTX,1000.0,256.0,0.0,1256.0,Windows,1.8,1406.08,unspecified,True,paperxd/laptop-prices-dataset
5f7cbc4e4ca6f6d70a60,MSI,Gaming,15.6,False,1920x1080,1920,1080,False,True,Intel Core i7,2.8,16,Nvidia GeForce GTX,1000.0,256.0,0.0,1256.0,Windows,2.8,1409.12,unspecified,True,paperxd/laptop-prices-dataset
1fdcf33196fc99e43941,MSI,Gaming,15.6,False,1920x1080,1920,1080,False,False,Intel Core i7,2.6,16,Nvidia GeForce GTX,1000.0,128.0,0.0,1128.0,Windows,1.91,1445.62,unspecified,True,paperxd/laptop-prices-dataset
578a99b8b22efd4c83e4,MSI,Gaming,17.3,False,1920x1080,1920,1080,False,False,Intel Core i7,2.7,16,Nvidia GeForce GTX,1000.0,128.0,0.0,1128.0,Windows,4.14,1476.25,unspecified,True,paperxd/laptop-prices-dataset
e3e52e5b0f95273fbbd0,MSI,Gaming,15.6,False,1920x1080,1920,1080,False,False,Intel Core i7,2.8,16,Nvidia GeForce GTX,2000.0,256.0,0.0,2256.0,Windows,1.8,1504.78,unspecified,True,paperxd/laptop-prices-dataset
20234d6ad89dfea4854a,MSI,Gaming,17.3,False,1920x1080,1920,1080,False,False,Intel Core i7,2.8,16,Nvidia GeForce GTX,1000.0,256.0,0.0,1256.0,Windows,2.8,1509.82,unspecified,True,paperxd/laptop-prices-dataset
5c7d8db89ec2f61920ee,MSI,Gaming,15.6,False,1920x1080,1920,1080,False,False,Intel Core i7,2.8,16,Nvidia GeForce GTX,1000.0,256.0,0.0,1256.0,Windows,2.94,1522.48,unspecified,True,paperxd/laptop-prices-dataset
cc5384f7dfc4c7bb4675,MSI,Gaming,15.6,False,3840x2160,3840,2160,False,False,Intel Core i7,2.8,16,Nvidia GeForce GTX,2000.0,256.0,0.0,2256.0,Windows,1.8,1543.38,unspecified,True,paperxd/laptop-prices-dataset
6b4f21daa471ad7d0bd2,MSI,Gaming,17.3,False,1920x1080,1920,1080,False,False,Intel Core i7,2.7,16,Nvidia GeForce GTX,1000.0,128.0,0.0,1128.0,Windows,4.5,1576.95,unspecified,True,paperxd/laptop-prices-dataset
34f7d8a06e2123e04227,MSI,Gaming,17.3,False,1920x1080,1920,1080,False,False,Intel Core i7,2.7,16,Nvidia GeForce GTX,1000.0,256.0,0.0,1256.0,Windows,3.78,1610.52,unspecified,True,paperxd/laptop-prices-dataset
2b541a9ab4ba9ccf38c8,MSI,Gaming,17.3,False,1920x1080,1920,1080,False,False,Intel Core i7,2.8,16,Nvidia GeForce GTX,1000.0,512.0,0.0,1512.0,Windows,2.9,1621.26,unspecified,True,paperxd/laptop-prices-dataset
45e5fa3bb4337d292ff5,MSI,Gaming,17.3,False,1920x1080,1920,1080,False,False,Intel Core i7,2.8,16,Nvidia GeForce GTX,2000.0,256.0,0.0,2256.0,Windows,2.43,1644.08,unspecified,True,paperxd/laptop-prices-dataset
9a4ebdc491546e34d4e9,MSI,Gaming,17.3,False,1920x1080,1920,1080,False,False,Intel Core i7,2.8,16,Nvidia GeForce GTX,1000.0,512.0,0.0,1512.0,Windows,4.14,1677.65,unspecified,True,paperxd/laptop-prices-dataset
df470c4ceb0cb7af2e7f,MSI,Gaming,17.3,False,1920x1080,1920,1080,False,False,Intel Core i7,2.8,16,Nvidia GeForce GTX,1000.0,256.0,0.0,1256.0,Windows,3.78,1677.65,unspecified,True,paperxd/laptop-prices-dataset
0befc5b6933282755697,MSI,Gaming,17.3,False,3840x2160,3840,2160,False,True,Intel Core i7,2.6,16,Nvidia GeForce GTX,2000.0,512.0,0.0,2512.0,Windows,2.43,1778.35,unspecified,True,paperxd/laptop-prices-dataset
ad3378928f27d8e879c9,MSI,Gaming,17.3,False,1920x1080,1920,1080,False,False,Intel Core i7,2.9,16,Nvidia GeForce GTX,1000.0,512.0,0.0,1512.0,Windows,4.14,1832.05,unspecified,True,paperxd/laptop-prices-dataset
e6bf05eb64479a98cee7,MSI,Gaming,18.4,False,1920x1080,1920,1080,False,False,Intel Core i7,2.9,32,Nvidia GTX,1000.0,512.0,0.0,1512.0,Windows,4.4,1879.05,unspecified,True,paperxd/laptop-prices-dataset
34d337a5453e8af7ae32,Mediacom,2 in 1 Convertible,11.6,False,1920x1080,1920,1080,True,True,Intel Celeron Dual Core,1.1,4,Intel HD Graphics,0.0,32.0,0.0,32.0,Windows,1.16,200.73,unspecified,True,paperxd/laptop-prices-dataset
4075f33f81130004ef29,Mediacom,Notebook,14.0,False,1920x1080,1920,1080,False,False,Intel Atom,1.44,2,Intel HD Graphics,0.0,0.0,32.0,32.0,Windows,1.4,160.45,unspecified,True,paperxd/laptop-prices-dataset
e15f7e3b30df2b897b7a,Mediacom,Notebook,14.0,False,1920x1080,1920,1080,False,False,Intel Atom,1.44,4,Intel HD Graphics,0.0,32.0,0.0,32.0,Windows,1.4,167.16,unspecified,True,paperxd/laptop-prices-dataset
78fe33d5a67b1c0bf131,Mediacom,Notebook,13.3,False,1920x1080,1920,1080,False,True,Intel Atom,1.44,4,Intel HD Graphics,0.0,0.0,32.0,32.0,Windows,1.35,171.19,unspecified,True,paperxd/laptop-prices-dataset
ab9d128ecaee439f4895,Mediacom,Notebook,14.0,False,1920x1200,1920,1200,False,True,Intel Atom,1.92,4,Intel HD Graphics,32.0,0.0,0.0,32.0,Windows,1.4,177.9,unspecified,True,paperxd/laptop-prices-dataset
ce34d611cf9a28ce1ca1,Mediacom,Notebook,13.3,False,1920x1080,1920,1080,False,True,Intel Celeron Quad Core,1.1,4,Intel HD Graphics,0.0,32.0,0.0,32.0,Windows,1.2,247.72,unspecified,True,paperxd/laptop-prices-dataset
3edc49d1cb0f05c18798,Mediacom,Notebook,14.0,False,1920x1080,1920,1080,False,True,Intel Celeron Quad Core,1.1,4,Intel HD Graphics,0.0,32.0,0.0,32.0,Windows,1.45,261.15,unspecified,True,paperxd/laptop-prices-dataset
37df4407bee774d4699c,Microsoft,Ultrabook,13.5,False,2256x1504,2256,1504,True,False,Intel Core M,2.2,4,Intel HD Graphics,0.0,128.0,0.0,128.0,Windows,1.252,663.94,unspecified,True,paperxd/laptop-prices-dataset
8d83bd5b2e4664469260,Microsoft,Ultrabook,13.5,False,2256x1504,2256,1504,True,False,Intel Core i5,2.5,4,Intel HD Graphics,0.0,128.0,0.0,128.0,Windows,1.252,731.08,unspecified,True,paperxd/laptop-prices-dataset
92bb4e1ac99c10124ea4,Microsoft,Ultrabook,13.5,False,2256x1504,2256,1504,True,False,Intel Core i5,2.5,8,Intel HD Graphics,0.0,256.0,0.0,256.0,Windows,1.252,899.58,unspecified,True,paperxd/laptop-prices-dataset
77030dd022a8b80c8567,Microsoft,Ultrabook,13.2,True,2256x1504,2256,1504,True,False,Intel Core i7,2.5,8,Intel Iris Plus Graphics,0.0,256.0,0.0,256.0,Windows,1.25,1207.72,unspecified,True,paperxd/laptop-prices-dataset
ea98a96af19effc8df51,Microsoft,Ultrabook,13.5,False,2256x1504,2256,1504,True,False,Intel Core i7,2.8,8,Intel Iris Plus Graphics,0.0,256.0,0.0,256.0,Windows,1.252,1253.94,unspecified,True,paperxd/laptop-prices-dataset
6c935cca1d4bd3941c56,Microsoft,Ultrabook,13.5,False,2256x1504,2256,1504,True,False,Intel Core i7,2.5,16,Intel Iris Plus Graphics,0.0,512.0,0.0,512.0,Windows,1.25,1738.07,unspecified,True,paperxd/laptop-prices-dataset
575cab9d3884d182e499,Razer,Gaming,14.0,False,1920x1080,1920,1080,False,False,Intel Core i7,2.8,16,Nvidia GeForce GTX,0.0,256.0,0.0,256.0,Windows,1.95,1744.78,unspecified,True,paperxd/laptop-prices-dataset
46ec702072a2cc043192,Razer,Gaming,14.0,False,1920x1080,1920,1080,False,False,Intel Core i7,2.8,16,Nvidia GeForce GTX,0.0,512.0,0.0,512.0,Windows,1.95,1946.18,unspecified,True,paperxd/laptop-prices-dataset
2de95367b3985fdb5954,Razer,Gaming,14.0,False,1920x1080,1920,1080,False,False,Intel Core i7,2.8,16,Nvidia GeForce GTX,0.0,1000.0,0.0,1000.0,Windows,1.95,2348.98,unspecified,True,paperxd/laptop-prices-dataset
21ce948abeadca5a6b69,Razer,Gaming,17.3,False,3840x2160,3840,2160,True,False,Intel Core i7,2.9,32,Nvidia GeForce GTX,0.0,512.0,0.0,512.0,Windows,3.49,3691.63,unspecified,True,paperxd/laptop-prices-dataset
a29d5281b84a7c9e6f2b,Razer,Gaming,17.3,False,3840x2160,3840,2160,True,False,Intel Core i7,2.9,32,Nvidia GeForce GTX,0.0,1000.0,0.0,1000.0,Windows,3.49,4094.43,unspecified,True,paperxd/laptop-prices-dataset
95b747421c8a6d54f8aa,Razer,Ultrabook,12.5,False,3840x2160,3840,2160,True,False,Intel Core i7,2.5,8,Intel HD Graphics,0.0,256.0,0.0,256.0,Windows,1.25,690.8,unspecified,True,paperxd/laptop-prices-dataset
2a09bcda65afe358c801,Razer,Ultrabook,12.5,False,3840x2160,3840,2160,True,True,Intel Core i7,2.5,16,Intel HD Graphics,0.0,512.0,0.0,512.0,Windows,1.29,1207.72,unspecified,True,paperxd/laptop-prices-dataset
b46b8c5c1d05989c3c3f,Samsung,2 in 1 Convertible,15.0,False,1920x1080,1920,1080,True,False,Intel Core i7,2.7,16,AMD Radeon,0.0,256.0,0.0,256.0,Windows,1.71,1207.72,unspecified,True,paperxd/laptop-prices-dataset
4448caf772b94ce27d77,Samsung,Netbook,11.6,False,1366x768,1366,768,False,False,Intel Celeron Dual Core,1.6,4,Intel HD Graphics,0.0,0.0,16.0,16.0,ChromeOS,1.15,180.59,unspecified,True,paperxd/laptop-prices-dataset
3d0f2c57d46d192793ae,Samsung,Notebook,15.6,False,1920x1080,1920,1080,False,False,Intel Core i7,2.8,16,Nvidia GeForce GTX,1000.0,128.0,0.0,1128.0,Windows,2.5,1140.59,unspecified,True,paperxd/laptop-prices-dataset
bb69114ec3cb5894676a,Samsung,Ultrabook,13.3,False,1920x1080,1920,1080,False,False,Intel Core i5,2.5,8,Intel HD Graphics,0.0,256.0,0.0,256.0,Windows,0.81,1006.32,unspecified,True,paperxd/laptop-prices-dataset
4e8e90f073fb582b4d34,Samsung,Ultrabook,13.3,False,1920x1080,1920,1080,True,False,Intel Core i7,2.7,8,Intel HD Graphics,0.0,256.0,0.0,256.0,Windows,1.31,1073.45,unspecified,True,paperxd/laptop-prices-dataset
c32114fa7e27b5d1fdb5,Samsung,Ultrabook,15.0,False,1920x1080,1920,1080,False,False,Intel Core i7,2.7,8,Intel HD Graphics,0.0,256.0,0.0,256.0,Windows,1.17,1140.59,unspecified,True,paperxd/laptop-prices-dataset
cbbc86e5b8da5c5c0d38,Samsung,Ultrabook,13.3,False,1920x1080,1920,1080,False,False,Intel Core i7,2.7,16,Intel HD Graphics,0.0,256.0,0.0,256.0,Windows,0.81,1107.02,unspecified,True,paperxd/laptop-prices-dataset
344d85bb0b8bcec76662,Samsung,Ultrabook,15.0,False,1920x1080,1920,1080,False,False,Intel Core i7,2.7,16,Nvidia GeForce,0.0,256.0,0.0,256.0,Windows,1.23,1241.29,unspecified,True,paperxd/laptop-prices-dataset
871ee7829e283f41f091,Toshiba,Notebook,15.6,False,1366x768,1366,768,False,False,Intel Core i3,2.2,4,Intel HD Graphics,500.0,0.0,0.0,500.0,Windows,2.1,300.08,unspecified,True,paperxd/laptop-prices-dataset
a00d3894f759130563d9,Toshiba,Notebook,15.6,False,1366x768,1366,768,False,False,Intel Core i3,2.4,4,Intel HD Graphics,500.0,0.0,0.0,500.0,Windows,5.4,328.28,unspecified,True,paperxd/laptop-prices-dataset
b5887dea5e47e02be70c,Toshiba,Notebook,15.6,False,1366x768,1366,768,False,False,Intel Core i3,2.1,4,Intel HD Graphics,0.0,128.0,0.0,128.0,Windows,2.1,334.32,unspecified,True,paperxd/laptop-prices-dataset
c357cb4418aba60bfdeb,Toshiba,Notebook,15.6,False,1366x768,1366,768,False,False,Intel Core i3,2.4,4,Intel HD Graphics,500.0,0.0,0.0,500.0,Windows,2.0,449.12,unspecified,True,paperxd/laptop-prices-dataset
2043bf17fd583625238b,Toshiba,Notebook,15.6,False,1366x768,1366,768,False,False,Intel Core i5,2.3,4,Intel HD Graphics,500.0,0.0,0.0,500.0,Windows,2.1,404.14,unspecified,True,paperxd/laptop-prices-dataset
14588f8e406dd227192d,Toshiba,Notebook,15.6,False,1366x768,1366,768,False,False,Intel Core i5,2.3,4,Intel HD Graphics,500.0,0.0,0.0,500.0,Windows,2.1,523.64,unspecified,True,paperxd/laptop-prices-dataset
00d83f5f7de814a56440,Toshiba,Notebook,14.0,False,1366x768,1366,768,False,False,Intel Core i5,2.3,4,Intel HD Graphics,500.0,0.0,0.0,500.0,Windows,1.75,614.27,unspecified,True,paperxd/laptop-prices-dataset
8f1b3b9d799c736aa6d8,Toshiba,Notebook,14.0,False,1366x768,1366,768,False,True,Intel Core i5,2.3,4,Intel HD Graphics,0.0,128.0,0.0,128.0,Windows,1.75,684.75,unspecified,True,paperxd/laptop-prices-dataset
72ea20ad8a19f0f33201,Toshiba,Notebook,14.0,False,1920x1080,1920,1080,False,True,Intel Core i5,2.3,4,Intel HD Graphics,0.0,128.0,0.0,128.0,Windows,1.47,741.82,unspecified,True,paperxd/laptop-prices-dataset
5a435a8a8a0237394a85,Toshiba,Notebook,13.3,False,1920x1080,1920,1080,False,False,Intel Core i5,2.3,4,Intel HD Graphics,0.0,128.0,0.0,128.0,Windows,1.2,802.24,unspecified,True,paperxd/laptop-prices-dataset
999033c08bce8b3fbdaf,Toshiba,Notebook,13.3,False,1920x1080,1920,1080,False,False,Intel Core i5,2.5,4,Intel HD Graphics,0.0,128.0,0.0,128.0,Windows,1.05,862.66,unspecified,True,paperxd/laptop-prices-dataset
a0d2ddd0159db036a69f,Toshiba,Notebook,15.6,False,1366x768,1366,768,False,False,Intel Core i5,2.5,8,Intel HD Graphics,0.0,128.0,0.0,128.0,Windows,2.0,532.36,unspecified,True,paperxd/laptop-prices-dataset
6c40675ce1c13f8a3568,Toshiba,Notebook,15.6,False,1920x1080,1920,1080,False,True,Intel Core i5,2.5,8,Intel HD Graphics,500.0,0.0,0.0,500.0,Windows,2.0,577.34,unspecified,True,paperxd/laptop-prices-dataset
151a7522c257dcdc146a,Toshiba,Notebook,15.6,False,1920x1080,1920,1080,False,True,Intel Core i5,2.5,8,Intel HD Graphics,0.0,256.0,0.0,256.0,Windows,2.0,633.06,unspecified,True,paperxd/laptop-prices-dataset
7e65b4dc13fdd7483050,Toshiba,Notebook,13.3,False,1920x1080,1920,1080,False,True,Intel Core i5,2.5,8,Intel HD Graphics,0.0,256.0,0.0,256.0,Windows,1.5,653.2,unspecified,True,paperxd/laptop-prices-dataset
b6ba0668d82f1126a0c1,Toshiba,Notebook,15.6,False,1920x1080,1920,1080,False,True,Intel Core i5,2.5,8,Intel HD Graphics,500.0,0.0,0.0,500.0,Windows,2.0,714.29,unspecified,True,paperxd/laptop-prices-dataset
814c207b1549fca6598d,Toshiba,Notebook,15.6,False,1366x768,1366,768,False,False,Intel Core i5,2.3,8,Intel HD Graphics,0.0,256.0,0.0,256.0,Windows,2.2,751.22,unspecified,True,paperxd/laptop-prices-dataset
23fcc6e88e0d8833850a,Toshiba,Notebook,14.0,False,1920x1080,1920,1080,False,False,Intel Core i5,2.3,8,Intel HD Graphics,0.0,256.0,0.0,256.0,Windows,1.95,792.17,unspecified,True,paperxd/laptop-prices-dataset
a14c4140584fef68e082,Toshiba,Notebook,13.3,False,1366x768,1366,768,False,False,Intel Core i5,2.3,8,Intel HD Graphics,0.0,256.0,0.0,256.0,Windows,1.5,812.31,unspecified,True,paperxd/laptop-prices-dataset
1695f0fbc9efc0e778f4,Toshiba,Notebook,13.3,False,1920x1080,1920,1080,False,False,Intel Core i5,2.3,8,Intel HD Graphics,0.0,256.0,0.0,256.0,Windows,1.2,814.32,unspecified,True,paperxd/laptop-prices-dataset
0efc4827095f8c2b884f,Toshiba,Notebook,15.6,False,1920x1080,1920,1080,False,True,Intel Core i5,2.5,8,Intel HD Graphics,0.0,256.0,0.0,256.0,Windows,2.0,844.53,unspecified,True,paperxd/laptop-prices-dataset
ba6ad60978f11138cece,Toshiba,Notebook,13.3,False,1920x1080,1920,1080,False,False,Intel Core i5,2.3,8,Intel HD Graphics,0.0,256.0,0.0,256.0,Windows,1.2,980.14,unspecified,True,paperxd/laptop-prices-dataset
2b800b5fbaeaa35edd00,Toshiba,Notebook,13.3,False,1920x1080,1920,1080,False,False,Intel Core i5,2.5,8,Intel HD Graphics,0.0,256.0,0.0,256.0,Windows,1.05,990.21,unspecified,True,paperxd/laptop-prices-dataset
6ea708f86fe980e96695,Toshiba,Notebook,14.0,False,1920x1080,1920,1080,False,True,Intel Core i5,2.3,8,Intel HD Graphics,0.0,256.0,0.0,256.0,Windows,1.47,1000.28,unspecified,True,paperxd/laptop-prices-dataset
ce349a75c82e04b0bb92,Toshiba,Notebook,14.0,False,1920x1080,1920,1080,True,True,Intel Core i5,2.5,8,Intel HD Graphics,0.0,256.0,0.0,256.0,Windows,1.25,1030.49,unspecified,True,paperxd/laptop-prices-dataset
d223ed010c6d39ba1dd5,Toshiba,Notebook,13.3,False,1920x1080,1920,1080,False,False,Intel Core i5,2.4,8,Intel HD Graphics,0.0,256.0,0.0,256.0,Windows,1.2,1030.49,unspecified,True,paperxd/laptop-prices-dataset
a750338abae12cbaa1f7,Toshiba,Notebook,13.3,False,1920x1080,1920,1080,False,True,Intel Core i5,2.5,8,Intel HD Graphics,0.0,256.0,0.0,256.0,Windows,1.05,1122.46,unspecified,True,paperxd/laptop-prices-dataset
344cceb5bf55e0e358c3,Toshiba,Notebook,15.6,False,1366x768,1366,768,False,False,Intel Core i7,2.5,8,Nvidia GeForce,500.0,0.0,0.0,500.0,Windows,2.2,545.12,unspecified,True,paperxd/laptop-prices-dataset
4a7a18181e4165671f3e,Toshiba,Notebook,15.6,False,1920x1080,1920,1080,False,True,Intel Core i7,2.5,8,Nvidia GeForce,0.0,256.0,0.0,256.0,Windows,2.2,700.2,unspecified,True,paperxd/laptop-prices-dataset
7dd2fa19f4446ea19cb8,Toshiba,Notebook,15.6,False,1920x1080,1920,1080,False,True,Intel Core i7,2.7,8,Intel HD Graphics,0.0,256.0,0.0,256.0,Windows,2.0,931.8,unspecified,True,paperxd/laptop-prices-dataset
ae3a454ce12f198f2918,Toshiba,Notebook,15.6,False,1920x1080,1920,1080,False,True,Intel Core i7,2.5,8,Intel HD Graphics,0.0,256.0,0.0,256.0,Windows,2.2,939.19,unspecified,True,paperxd/laptop-prices-dataset
ddab02324198a80fbdaa,Toshiba,Notebook,15.6,False,1920x1080,1920,1080,False,True,Intel Core i7,2.5,16,Nvidia GeForce,0.0,512.0,0.0,512.0,Windows,2.4,941.87,unspecified,True,paperxd/laptop-prices-dataset
637f601e3fa1084fb6a4,Toshiba,Notebook,15.6,False,1920x1080,1920,1080,False,True,Intel Core i7,2.5,16,Nvidia GeForce,0.0,256.0,0.0,256.0,Windows,2.4,956.64,unspecified,True,paperxd/laptop-prices-dataset
aff87f863382b4d8132e,Toshiba,Notebook,14.0,False,1366x768,1366,768,False,False,Intel Pentium Dual Core,2.1,4,Intel HD Graphics,0.0,128.0,0.0,128.0,Windows,1.75,334.99,unspecified,True,paperxd/laptop-prices-dataset
cbf4ae99573759af650b,Toshiba,Ultrabook,14.0,False,1366x768,1366,768,False,False,Intel Core i5,2.5,4,Intel HD Graphics,0.0,128.0,0.0,128.0,Windows,1.25,731.75,unspecified,True,paperxd/laptop-prices-dataset
21b9ec1469ea738de3d1,Toshiba,Ultrabook,13.3,False,1366x768,1366,768,False,False,Intel Core i5,2.3,8,Intel HD Graphics,0.0,256.0,0.0,256.0,Windows,1.2,735.1,unspecified,True,paperxd/laptop-prices-dataset
e984f2ce2d86e4b34cc9,Toshiba,Ultrabook,13.3,False,1920x1080,1920,1080,False,False,Intel Core i5,2.3,8,Intel HD Graphics,0.0,256.0,0.0,256.0,Windows,1.2,1067.41,unspecified,True,paperxd/laptop-prices-dataset
1ad8204da7b58d5f9794,Toshiba,Ultrabook,13.3,False,1920x1080,1920,1080,False,False,Intel Core i7,2.5,8,Intel HD Graphics,0.0,256.0,0.0,256.0,Windows,1.2,915.02,unspecified,True,paperxd/laptop-prices-dataset
54a3c23e841412384314,Toshiba,Ultrabook,14.0,False,1920x1080,1920,1080,False,True,Intel Core i7,2.6,8,Intel HD Graphics,0.0,256.0,0.0,256.0,Windows,1.47,1158.04,unspecified,True,paperxd/laptop-prices-dataset
0bc48ff5873bacd69419,Toshiba,Ultrabook,12.5,False,1920x1080,1920,1080,True,False,Intel Core i7,2.7,8,Intel HD Graphics,0.0,512.0,0.0,512.0,Windows,1.1,1201.68,unspecified,True,paperxd/laptop-prices-dataset
3c2c779d1b32e15d0baa,Toshiba,Ultrabook,13.3,False,1920x1080,1920,1080,False,False,Intel Core i7,2.5,16,Intel HD Graphics,0.0,512.0,0.0,512.0,Windows,1.2,1172.81,unspecified,True,paperxd/laptop-prices-dataset
f78182c2dd8056bc164f,Toshiba,Ultrabook,14.0,False,1920x1080,1920,1080,False,True,Intel Core i7,2.6,16,Nvidia GeForce,0.0,512.0,0.0,512.0,Windows,1.47,1184.22,unspecified,True,paperxd/laptop-prices-dataset
42eef609e01d2fa1eaf4,Toshiba,Ultrabook,14.0,False,1920x1080,1920,1080,True,False,Intel Core i7,2.7,16,Intel HD Graphics,0.0,512.0,0.0,512.0,Windows,1.24,1252.03,unspecified,True,paperxd/laptop-prices-dataset
dfb5ea79d844a855332e,Toshiba,Ultrabook,13.3,False,1920x1080,1920,1080,True,False,Intel Core i7,2.5,16,Intel HD Graphics,0.0,512.0,0.0,512.0,Windows,1.36,1260.08,unspecified,True,paperxd/laptop-prices-dataset
e7029432d9b848fa66e3,Toshiba,Ultrabook,13.3,False,1920x1080,1920,1080,False,False,Intel Core i7,2.7,16,Intel HD Graphics,0.0,512.0,0.0,512.0,Windows,1.05,1494.38,unspecified,True,paperxd/laptop-prices-dataset
e8409b9e7d11ccedb010,Toshiba,Ultrabook,13.3,False,1920x1080,1920,1080,True,False,Intel Core i7,2.7,32,Intel HD Graphics,0.0,512.0,0.0,512.0,Windows,1.05,1879.05,unspecified,True,paperxd/laptop-prices-dataset
ff505ec18c4488a7d5ba,Vero,Notebook,14.0,False,1366x768,1366,768,False,False,Intel Atom,1.44,2,Intel HD Graphics,0.0,0.0,32.0,32.0,Windows,1.45,141.52,unspecified,True,paperxd/laptop-prices-dataset
4f2949c7f3685dd19e63,Vero,Notebook,13.3,False,1920x1080,1920,1080,False,False,Intel Atom,1.44,4,Intel HD Graphics,0.0,0.0,32.0,32.0,Windows,1.35,131.58,unspecified,True,paperxd/laptop-prices-dataset
5741a98a1526fdf225d2,Vero,Notebook,14.0,False,1920x1080,1920,1080,False,False,Intel Celeron Dual Core,1.1,4,Intel HD Graphics,0.0,0.0,32.0,32.0,Windows,1.22,136.21,unspecified,True,paperxd/laptop-prices-dataset
dcc92ad1e7ebd877e9f8,Vero,Notebook,14.0,False,1920x1080,1920,1080,False,True,Intel Celeron Dual Core,1.1,4,Intel HD Graphics,0.0,0.0,32.0,32.0,Windows,1.3,174.55,unspecified,True,paperxd/laptop-prices-dataset
aae9771926c13f3304e8,Xiaomi,Notebook,15.6,False,1920x1080,1920,1080,False,True,Intel Core i5,1.6,8,Nvidia GeForce,0.0,256.0,0.0,256.0,No OS,1.95,804.92,unspecified,True,paperxd/laptop-prices-dataset
d0efdc9dedf656bab490,Xiaomi,Notebook,15.6,False,1920x1080,1920,1080,False,True,Intel Core i7,1.8,16,Nvidia GeForce,0.0,256.0,0.0,256.0,No OS,1.95,939.83,unspecified,True,paperxd/laptop-prices-dataset
62dfc75ae8b7039f0a90,Xiaomi,Ultrabook,13.3,False,1920x1080,1920,1080,False,True,Intel Core i5,2.3,8,Nvidia GeForce,0.0,256.0,0.0,256.0,Windows,1.28,627.69,unspecified,True,paperxd/laptop-prices-dataset
387e55a76ec4ada43d37,Xiaomi,Ultrabook,13.3,False,1920x1080,1920,1080,False,True,Intel Core i5,2.5,8,Nvidia GeForce,0.0,256.0,0.0,256.0,No OS,1.3,671.26,unspecified,True,paperxd/laptop-prices-dataset
