source_record_id,category,name,reference_price_inr,source_currency,category_keyword_match,manual_review_required,eligible_for_compatibility,reference_price_only,source_file,source_dataset
e4ba4393a1ebcc0e4ae6,case,AGGARWALFUR Chest Multipurpose Plastic Storage Drawers Standard Cabinet,1850.0,INR,True,False,False,True,PcData/cabinates.csv,sudhanshuy17/pccomponents
7d6ee7ec74e8b0af1a30,case,Ant 690AIR Cabinet Cabinet,7899.0,INR,True,False,False,True,PcData/cabinates.csv,sudhanshuy17/pccomponents
46d10433a48a34e46d07,case,Ant Antice-120A Cabinate gaming Cabinet,3449.0,INR,True,False,False,True,PcData/cabinates.csv,sudhanshuy17/pccomponents
8cb3320c59502dc9852d,case,Ant Esports 690 Air Mid- Tower Cabinet,6634.0,INR,True,False,False,True,PcData/cabinates.csv,sudhanshuy17/pccomponents
9eb3f3f6f086f7b76fb1,case,Ant Esports Elite 1000 PS Mid Tower Cabinet,2219.0,INR,True,False,False,True,PcData/cabinates.csv,sudhanshuy17/pccomponents
f86a3c521c63636b56d2,case,Ant Esports GRAFFITI (Black) Mid Tower Cabinet,5267.0,INR,True,False,False,True,PcData/cabinates.csv,sudhanshuy17/pccomponents
56ed095c7d2c9203c393,case,"Ant Esports ICE-100 Computer / Gaming Case ll Support ATX, Micro-ATX, Mini-ITX ll Mid Tower Cabinet",3109.0,INR,True,False,False,True,PcData/cabinates.csv,sudhanshuy17/pccomponents
206fdb5bc951e34b65d5,case,"Ant Esports ICE-110 Pre-Installed 3 x 120mm Front, Fans 1 x 120 mm Rear Fan ATX Mid-Tower Cabinet",3379.0,INR,True,False,False,True,PcData/cabinates.csv,sudhanshuy17/pccomponents
7722fe77b196bfb14b9e,case,"Ant Esports ICE-120AG Mid Tower Computer Case I Gaming Cabinet Supports ATX, Micro-ATX, Mini-ITX Motherboard with 1 x 120 mm Rear Fan Preinstalled - Black Mid Tower Cabinet",2629.0,INR,True,False,False,True,PcData/cabinates.csv,sudhanshuy17/pccomponents
447c4d12cee4d335bce5,case,"Ant Esports ICE-130AG Mid Tower Computer Case I Gaming Cabinet Supports ATX, Micro-ATX, Mini-ITX Motherboard with Transparent Side Panel 1 x 120 mm Rear Fan Preinstalled - Black Mid Tower Cabinet",2777.0,INR,True,False,False,True,PcData/cabinates.csv,sudhanshuy17/pccomponents
8719647682d42e8528b8,case,"Ant Esports ICE-200TG Mid Tower Gaming Cabinet with RGB Front Panel Supports ATX, Micro-ATX, Mini-ITX Motherboard with Transparent Tempered Glass Side Panel,1 x 120 mm Rainbow Fan Rear Preinstalled Mid Tower Cabinet",3125.0,INR,True,False,False,True,PcData/cabinates.csv,sudhanshuy17/pccomponents
51be03db82816b62b168,case,"Ant Esports ICE-211TG Mid Tower Computer Case I Gaming Cabinet I Mesh Panel with ARGB Strip Front Panel I Supports ATX MB with Transparent Glass Side Panel, 2 x 120 mm ARGB Fan Preinstalled - Black Mid Tower Cabinet",3049.0,INR,True,False,False,True,PcData/cabinates.csv,sudhanshuy17/pccomponents
1f2d2ba71d7fa9c07c6e,case,Ant Esports ICE-5000 RGB (Black) Mid Tower Cabinet,7269.0,INR,True,False,False,True,PcData/cabinates.csv,sudhanshuy17/pccomponents
0c2025582a5c909eac8c,case,"Ant Esports ICE-521MT Mid Tower Computer Case I Gaming Cabinet I Supports ATX MB with Transparent Tempered Glass Side Panel, 3 x 120 mm Auto RGB Front Fans and 1 x 120 mm Rear Fan Preinstalled - Black Mid Tower Cabinet",5396.0,INR,True,False,False,True,PcData/cabinates.csv,sudhanshuy17/pccomponents
995b1f76f784e5b17357,case,Ant Esports Vanguard Mid Tower Cabinet,7609.0,INR,True,False,False,True,PcData/cabinates.csv,sudhanshuy17/pccomponents
bd758730bb07e233cb57,case,Ant ICE100 Cabinate Cabinet,3199.0,INR,True,False,False,True,PcData/cabinates.csv,sudhanshuy17/pccomponents
c1227413f5e4cd8baa30,case,Ant Ice280 Cabinet Cabinet,3599.0,INR,True,False,False,True,PcData/cabinates.csv,sudhanshuy17/pccomponents
6e37f24f5e2c45994466,case,Ant Ice511mt Cabinet Cabinet,3199.0,INR,True,False,False,True,PcData/cabinates.csv,sudhanshuy17/pccomponents
44adf4826a8adbdc64bb,case,ANT SPORT ZEBRONICS Cabinet Cabinet,999.0,INR,True,False,False,True,PcData/cabinates.csv,sudhanshuy17/pccomponents
47bd539cf5211281b933,case,Ant Sx7 Cabinet Cabinet,3799.0,INR,True,False,False,True,PcData/cabinates.csv,sudhanshuy17/pccomponents
244ff6a951d9f57f0a67,case,artis 2220 2.0C Micro ATX Cabinet,2249.0,INR,True,False,False,True,PcData/cabinates.csv,sudhanshuy17/pccomponents
3c675525bfb961d739b7,case,artis 2620 2.0C Micro ATX Cabinet,2249.0,INR,True,False,False,True,PcData/cabinates.csv,sudhanshuy17/pccomponents
3da9ec02894157a77688,case,artis 2620 3.0C Micro ATX Cabinet,2399.0,INR,True,False,False,True,PcData/cabinates.csv,sudhanshuy17/pccomponents
7effac80891980286dc6,case,artis 3330 3.0 Micro ATX Mini Tower Cabinet,2599.0,INR,True,False,False,True,PcData/cabinates.csv,sudhanshuy17/pccomponents
b03f2518c2396acc8900,case,artis G8301 Full Tower Cabinet,3699.0,INR,True,False,False,True,PcData/cabinates.csv,sudhanshuy17/pccomponents
c6dbafe2487cc7dc5dee,case,artis G8306 Gaming Full Tower Cabinet Cabinet,3899.0,INR,True,False,False,True,PcData/cabinates.csv,sudhanshuy17/pccomponents
293547be3fd9a4f1f471,case,artis JOY 2.0 SLIM Mid Tower Cabinet,2999.0,INR,True,False,False,True,PcData/cabinates.csv,sudhanshuy17/pccomponents
b9d5607dff63b8b8a073,case,artis JOY 3.0 Slim Mid Tower Cabinet,3199.0,INR,True,False,False,True,PcData/cabinates.csv,sudhanshuy17/pccomponents
8c8aa99c4c6256851b41,case,artis SPARK 2.0 Full Tower Cabinet,2449.0,INR,True,False,False,True,PcData/cabinates.csv,sudhanshuy17/pccomponents
5b11dceea0ac876c201f,case,artis SPIRIT 2.0 Micro ATX Mini Tower Cabinet,2399.0,INR,True,False,False,True,PcData/cabinates.csv,sudhanshuy17/pccomponents
f8d6149cb4190ff71d7f,case,artis ZEST 3.0 Mini Tower Cabinet,2599.0,INR,True,False,False,True,PcData/cabinates.csv,sudhanshuy17/pccomponents
7c9933bc130ee81cd58e,case,ASUS GT301 Mid Tower Cabinet,7999.0,INR,True,False,False,True,PcData/cabinates.csv,sudhanshuy17/pccomponents
09db65bf59d6568ac61f,case,ASUS ROG STRIX Arion NVME M.2 SSD Enclosure Cabinet,5500.0,INR,True,False,False,True,PcData/cabinates.csv,sudhanshuy17/pccomponents
90344c7dadf87768104f,case,ASUS ROG Strix Helios GX601 MID Tower Cabinet,36099.0,INR,True,False,False,True,PcData/cabinates.csv,sudhanshuy17/pccomponents
c361bc7876e7de43b50b,case,ASUS TUF Gaming GT501 MID Tower Cabinet,13559.0,INR,True,False,False,True,PcData/cabinates.csv,sudhanshuy17/pccomponents
32acaf3f1e6b5fde4b8a,case,Auslese RGB GPU Holder 5V ARGB Vertical GPU Colorful Computer Graphics Video Card Stand RAM Heatsink Kit Cabinet,1449.0,INR,True,False,False,True,PcData/cabinates.csv,sudhanshuy17/pccomponents
d45e84c564d57aa11d42,case,Auslese RGB LED Strip Kit 5V 3 Pin ARGB Light Strip Addressable Bar for Computer Addressable 5V ARGB LED Strip Cabinet,1199.0,INR,True,False,False,True,PcData/cabinates.csv,sudhanshuy17/pccomponents
3ef93d9b824b63c6d5b8,case,COOLER MASTER H500-KGNN-S00 Mid Tower Cabinet,10599.0,INR,True,False,False,True,PcData/cabinates.csv,sudhanshuy17/pccomponents
5b418b9824db4b208cc7,case,COOLER MASTER K501L RGB Computer Case - 360mm Radiator Support | 2 x 120mm Fans Pre-Installed Mid Tower Cabinet,4749.0,INR,True,False,False,True,PcData/cabinates.csv,sudhanshuy17/pccomponents
821cd11ad49be2713b32,case,COOLER MASTER MB520 Mesh Computer Case - 3 x 120mm ARGB Fans Pre-Installed Mid Tower Cabinet,7999.0,INR,True,False,False,True,PcData/cabinates.csv,sudhanshuy17/pccomponents
78a02ff95bd152eb713d,case,COOLER MASTER MCB-D500D-KGNN-S01 Mid Tower Cabinet,8576.0,INR,True,False,False,True,PcData/cabinates.csv,sudhanshuy17/pccomponents
62ba1bf9ee714ab8c10b,case,COOLER MASTER MCB-D500D-WGNN-S01 Mid Tower Cabinet,8699.0,INR,True,False,False,True,PcData/cabinates.csv,sudhanshuy17/pccomponents
4c488fc1fb0d8a040f53,case,COOLER MASTER TD500 Mesh V2 Computer Case - White | ARGB & PWM Hub Included Mid Tower Cabinet,9399.0,INR,True,False,False,True,PcData/cabinates.csv,sudhanshuy17/pccomponents
4e25579bec6452af743e,case,Deepcool CG560 Mini Tower Cabinet,5842.0,INR,True,False,False,True,PcData/cabinates.csv,sudhanshuy17/pccomponents
070b424517ea2ea883f6,case,Deepcool CK560 Mid- Tower Cabinet,8274.0,INR,True,False,False,True,PcData/cabinates.csv,sudhanshuy17/pccomponents
fd6b0ee0ce2c0043741a,case,Deepcool MATREXX 30 SI Mini Tower Cabinet,2455.0,INR,True,False,False,True,PcData/cabinates.csv,sudhanshuy17/pccomponents
8b10885d5e2c60dbe68e,case,Deepcool MATREXX 40 3FS MATX Case Cabinet,3669.0,INR,True,False,False,True,PcData/cabinates.csv,sudhanshuy17/pccomponents
f440be4da38dba6fcc3f,case,Deepcool MATREXX 40 Mid Tower MATX Case Cabinet,2811.0,INR,True,False,False,True,PcData/cabinates.csv,sudhanshuy17/pccomponents
cc09dbd256c33c0d522a,case,Deepcool MATREXX 50 MESH 4FS Mini Tower Cabinet,4821.0,INR,True,False,False,True,PcData/cabinates.csv,sudhanshuy17/pccomponents
0e498e0ac718c90fa905,case,DHRUV-PRO 800 Type super voltage Self-defense Stun Gun With LED Light Emergency Light stun gun Cabinet,1199.0,INR,True,False,False,True,PcData/cabinates.csv,sudhanshuy17/pccomponents
2bfacd17ee93022d2d5d,case,"DIYtronics 1 Pc DC 12V Cooling Fan for PC Case,DC 12V HIGH END Cooling Fan Pack of 1 12V DC Cooling Fan Cabinet",349.0,INR,True,False,False,True,PcData/cabinates.csv,sudhanshuy17/pccomponents
b93f33ae2177d452ff0a,case,"ENTWINO WARRIOR Gaming Cabinet,Supports 7 RGB Fans,Tempered Glass,NO Fans & Power Supply Full Tower Premium Gaming CPU Case Cabinet",6949.0,INR,True,False,False,True,PcData/cabinates.csv,sudhanshuy17/pccomponents
2fbcde33051dde3d4821,case,ERH India 2 Pcs 12V DC CPU Cooler r Comes with 3INCES Grill Cooling Fan for PC Case Cabinet,279.0,INR,True,False,False,True,PcData/cabinates.csv,sudhanshuy17/pccomponents
581672740e5d472e3531,case,"ERH India DC 12V Cooling Fan for PC Case,DC 12V DC Cooling Fan 12V Cooling Fan kit Cabinet",471.0,INR,True,False,False,True,PcData/cabinates.csv,sudhanshuy17/pccomponents
6fdf9c92c2637569e4a2,case,Fingers Gallant C4 Micro ATX Cabinet,2645.0,INR,True,False,False,True,PcData/cabinates.csv,sudhanshuy17/pccomponents
4b43e740211ae6c771c8,case,FINGERS Opulent Micro ATX Cabinet,2645.0,INR,True,False,False,True,PcData/cabinates.csv,sudhanshuy17/pccomponents
2796911e289c9ca572e0,case,FINGERS RGB-Admiral Full ATX Cabinet,3245.0,INR,True,False,False,True,PcData/cabinates.csv,sudhanshuy17/pccomponents
59d7eed0be6be969c05e,case,Fingers RGB BRUNO SG FASHION PC TOWER LED Cabinet,3245.0,INR,True,False,False,True,PcData/cabinates.csv,sudhanshuy17/pccomponents
5acd80a3bc80fc5646f3,case,Fingers RGB-Flow C2 MID TOWER Cabinet,2645.0,INR,True,False,False,True,PcData/cabinates.csv,sudhanshuy17/pccomponents
9cd03582711bcba71bbe,case,FINGERS RGB-WildBox Full ATX Cabinet,2999.0,INR,True,False,False,True,PcData/cabinates.csv,sudhanshuy17/pccomponents
e87bea61f2e200c458f4,case,FINGERS SpotLight Micro ATX Cabinet,2645.0,INR,True,False,False,True,PcData/cabinates.csv,sudhanshuy17/pccomponents
8db04cbff4afb7089a6e,case,"Foxin 3S-SHADE Desktop Computer Case-Steel Body,2xUSB2.0,HD Audio,MIC Jack,8cmx12cmFan COMPUTER CASE Cabinet",1699.0,INR,True,False,False,True,PcData/cabinates.csv,sudhanshuy17/pccomponents
0d09063139e925fc8cc1,case,"Foxin Race Desktop Computer Case,Tower/PC Cabinet with Steel Metal Body | All ATX Motherboard Compatible Cabinet",1099.0,INR,True,False,False,True,PcData/cabinates.csv,sudhanshuy17/pccomponents
d2c0ed16e125daf713ad,case,"Foxin SPARK Desktop Computer Case - Steel Body, 2 x USB 2.0, HD Audio, MIC Jack COMPUTER CASE Cabinet",2099.0,INR,True,False,False,True,PcData/cabinates.csv,sudhanshuy17/pccomponents
b0e6769d238bcda2f8a3,case,GALAX PC Case (REV-05W) Revolution 05 White mid tower Cabinet,4999.0,INR,True,False,False,True,PcData/cabinates.csv,sudhanshuy17/pccomponents
0fb9ea547bb5cd3f8b8e,case,GALAX (Rev-01W) Mid Tower Gaming Case with 4 ARGB Fans (White) - CG01AGWA4A0 Mid Tower Gaming Case Cabinet,4999.0,INR,True,False,False,True,PcData/cabinates.csv,sudhanshuy17/pccomponents
5258fb6f66f1969d6d73,case,GALAX Revolution - 01 Mid Tower Gaming Case with 4 ARGB Fans Mid Tower Cabinet,4799.0,INR,True,False,False,True,PcData/cabinates.csv,sudhanshuy17/pccomponents
e0597c290b18ef20377a,case,GALAX Revolution-05 Mid Tower Gaming Case with 4 ARGB Fans Mid Tower Cabinet,4049.0,INR,True,False,False,True,PcData/cabinates.csv,sudhanshuy17/pccomponents
f7bd4856abb260884ca6,case,GMP NVIDIA INKJET PVC ID CARD FOR EPSON PRINTER 800 MICRON 230 PCS 1 GB DDR2 Graphics Card,1000.0,INR,False,True,False,True,PcData/cabinates.csv,sudhanshuy17/pccomponents
1c6a37315ad34a3c0e64,case,"Jivaa Infotech Laptop Bottom Base Cover for Lenov'o IDEAPAD G50-70, G50-30, G50-45, G50-80 Z50-80 Z50-70 Z50-45 Z50-30Latpop Bottom Case, Base Cover Black Color Full Tower Cabinet",747.0,INR,True,False,False,True,PcData/cabinates.csv,sudhanshuy17/pccomponents
bc8369a9a6a555a8004b,case,Jivaa Infotech Laptop Bottom Base for Le'novo Idea'pad 310-15 310-15ISK 310-15ABR 310-15ikb 310-15iap 510-15ikb Base Lower Bottom Case AP10T000C00 for Le'novo Idea'Pad Full Tower Cabinet,1499.0,INR,True,False,False,True,PcData/cabinates.csv,sudhanshuy17/pccomponents
d3c1001a724a14f00815,case,Jivaa Infotech Laptop Screen Complete Panel for compaq cq40 cq41 cq45 Panel with Hinge p/n 487284-001 FULL TOWER Cabinet,1693.0,INR,True,False,False,True,PcData/cabinates.csv,sudhanshuy17/pccomponents
4c580501c1098a9d04ce,case,Jyothi Rgb cabinet for pc Rgb lighting Cabinet,2000.0,INR,True,False,False,True,PcData/cabinates.csv,sudhanshuy17/pccomponents
ce36772bb4685d6329a8,case,KTOSTON Pad Arm-Stand Desk - Arm Support Bracket Pallet Rack - Multicolor – Set of 1 Arm Rest Pad Cabinet,469.0,INR,True,False,False,True,PcData/cabinates.csv,sudhanshuy17/pccomponents
27c9c1cbd7b543dc2bbe,case,Lian Li 011Dynamic EVO Grey Mid Tower Cabinet,16599.0,INR,True,False,False,True,PcData/cabinates.csv,sudhanshuy17/pccomponents
ee84864bd626ff56a787,case,Lian Li Lancool 215 Mid tower Cabinet,7771.0,INR,True,False,False,True,PcData/cabinates.csv,sudhanshuy17/pccomponents
b36e8d219ef940d5d3d2,case,Lian Li Lancool II Mesh - Type C Mid- Tower Cabinet,9929.0,INR,True,False,False,True,PcData/cabinates.csv,sudhanshuy17/pccomponents
bf0021e614ea23fd7664,case,Lian Li PC-O11 Dynamic Mini Air Mini Tower Cabinet,11368.0,INR,True,False,False,True,PcData/cabinates.csv,sudhanshuy17/pccomponents
b606746dbdf63bb78ca0,case,Lian Li PC-O11 Dynamic Mini Air Mini Tower Cabinet,12088.0,INR,True,False,False,True,PcData/cabinates.csv,sudhanshuy17/pccomponents
cb5579906414fc3f0f72,case,Lian Li PC-O11 Dynamic Mini Mini Tower Cabinet,10865.0,INR,True,False,False,True,PcData/cabinates.csv,sudhanshuy17/pccomponents
35721a2b1562848747e4,case,Lian Li PC-O11 Dynamic Razer Edition Mid Tower ATX Cabinet,17124.0,INR,True,False,False,True,PcData/cabinates.csv,sudhanshuy17/pccomponents
c8d1a7703ff1ca26f595,case,Maizic Smarthome CCTV/DVR/NVR Cabinet Box/DVR Foldable Rack DVR/NVR/Serverbox Cabinet,1199.0,INR,True,False,False,True,PcData/cabinates.csv,sudhanshuy17/pccomponents
89632c7798aaedd6dca4,case,Matrix MTXCC006 MINI TOWER Cabinet,1798.0,INR,True,False,False,True,PcData/cabinates.csv,sudhanshuy17/pccomponents
2fc98f60f557e2eaf5fa,case,Matrix MTXCC009 MINI TOWER Cabinet,1798.0,INR,True,False,False,True,PcData/cabinates.csv,sudhanshuy17/pccomponents
78d0d1c8ac116d7a8766,case,MOODY 928 Women Lady Self Defense Tactical Stun Gun with Flashlight Stun Gun Cabinet,1999.0,INR,True,False,False,True,PcData/cabinates.csv,sudhanshuy17/pccomponents
235f755a89af00ee8ead,case,MOODY Stun Gun High Voltage Electric Shock Tool. Women Safety/ Anti-Rape Device Stun Gun Cabinet,1263.0,INR,True,False,False,True,PcData/cabinates.csv,sudhanshuy17/pccomponents
0a750e0dec748bce9863,case,MOODY Travel Safety – Electric Gadget Stun Gun With LED Light Stun Gun Cabinet,1999.0,INR,True,False,False,True,PcData/cabinates.csv,sudhanshuy17/pccomponents
b09614cbb0d01b6d1b50,case,MPL C001 0 Cabinet,2099.0,INR,True,False,False,True,PcData/cabinates.csv,sudhanshuy17/pccomponents
251e068801659425aa5e,case,MSI MAG FORGE 110R Mid Tower Cabinet,3839.0,INR,True,False,False,True,PcData/cabinates.csv,sudhanshuy17/pccomponents
5bd635d87c2477d14b5b,case,MSI MAG FORGE 111R Mid Tower Cabinet,4799.0,INR,True,False,False,True,PcData/cabinates.csv,sudhanshuy17/pccomponents
8c2f2eee41a4d9e8981e,case,MSI MAG FORGE 112R Mid Tower Cabinet,5699.0,INR,True,False,False,True,PcData/cabinates.csv,sudhanshuy17/pccomponents
d369ade2adb8927ad4ab,case,MSI MAG VAMPIRIC 300R Blue Mid Tower Cabinet,7949.0,INR,True,False,False,True,PcData/cabinates.csv,sudhanshuy17/pccomponents
681623af7c89934337d1,case,MSI MAG VAMPIRIC 300R Green Mid Tower Cabinet,7949.0,INR,True,False,False,True,PcData/cabinates.csv,sudhanshuy17/pccomponents
ba5a524235974beb969f,case,MSI MAG VAMPIRIC 300R Mid Tower Cabinet,7549.0,INR,True,False,False,True,PcData/cabinates.csv,sudhanshuy17/pccomponents
db2373b0fec936e7829a,case,MSI MPG SEKIRA 100R Mid Tower Cabinet,9499.0,INR,True,False,False,True,PcData/cabinates.csv,sudhanshuy17/pccomponents
8f1b87c35c4a94f9e0e6,case,NIHAKA 3 Inch Dc Fan high Speed 12V PC Cooling Fan (Pack of 1) All in one Cabinet,197.0,INR,True,False,False,True,PcData/cabinates.csv,sudhanshuy17/pccomponents
de3e8c6db668913b4acb,case,Nissi AMD CPU COOLER cabinets Cabinet,899.0,INR,True,False,False,True,PcData/cabinates.csv,sudhanshuy17/pccomponents
5fc2e8142d15fad6a66f,case,nwwcc SU1U400A1G231 computer cabinet Cabinet,3350.0,INR,True,False,False,True,PcData/cabinates.csv,sudhanshuy17/pccomponents
f13cad5cc32d6353e603,case,Phanteks Enthoo Pro 2 Closed Full- Tower Cabinet,15973.0,INR,True,False,False,True,PcData/cabinates.csv,sudhanshuy17/pccomponents
d1d4ce7111fed707f761,case,Phanteks P400 Air Mid- Tower Cabinet,9210.0,INR,True,False,False,True,PcData/cabinates.csv,sudhanshuy17/pccomponents
99a03be3abbb9848a8f8,case,Phanteks P400 Air Mid- Tower Cabinet,9570.0,INR,True,False,False,True,PcData/cabinates.csv,sudhanshuy17/pccomponents
2e07d3f44fab13ae40cf,case,Phanteks P500 Air Mid- Tower Cabinet,13999.0,INR,True,False,False,True,PcData/cabinates.csv,sudhanshuy17/pccomponents
c1b582a5db73068267f0,case,Phanteks P500 Air Mid- Tower Cabinet,15973.0,INR,True,False,False,True,PcData/cabinates.csv,sudhanshuy17/pccomponents
68aa7abc1fdf0eb20eb8,case,PMW SU1U400A1G222 computer cabinet Cabinet,2999.0,INR,True,False,False,True,PcData/cabinates.csv,sudhanshuy17/pccomponents
e0836d03b893f98eb046,case,PMW SU1U400A1G226 computer cabinet Cabinet,3300.0,INR,True,False,False,True,PcData/cabinates.csv,sudhanshuy17/pccomponents
ff7ace4f380375777766,case,PMW SU1U400A1G228 computer cabinet Cabinet,2849.0,INR,True,False,False,True,PcData/cabinates.csv,sudhanshuy17/pccomponents
13f862aadf3bb761899d,case,PMW SU1U400A1G229 computer cabinet Cabinet,3050.0,INR,True,False,False,True,PcData/cabinates.csv,sudhanshuy17/pccomponents
6c257ea15040affcc07a,case,PMW SU1U400A1G231 computer cabinet Cabinet,2599.0,INR,True,False,False,True,PcData/cabinates.csv,sudhanshuy17/pccomponents
abd755a47332ca85d8f1,case,PMW SU1U400A1G232 computer cabinet Cabinet,3199.0,INR,True,False,False,True,PcData/cabinates.csv,sudhanshuy17/pccomponents
ff16a86255592d87e028,case,PMW SU1U400A1G233 computer cabinet Cabinet,3600.0,INR,True,False,False,True,PcData/cabinates.csv,sudhanshuy17/pccomponents
2b406f8bafb4a74c7d69,case,PMW SU1U400A1G234 computer cabinet Cabinet,3499.0,INR,True,False,False,True,PcData/cabinates.csv,sudhanshuy17/pccomponents
9821a879306b0bd7b299,case,Point Zero 928 Rechargeable Self Defense Flashlight Stun Gun with Electric Shock Stun Gun Cabinet,1950.0,INR,True,False,False,True,PcData/cabinates.csv,sudhanshuy17/pccomponents
1ed60ec1a05c6f63e8f1,case,Point Zero electric shock stun gun stun guns protection Stun Gun Cabinet,1849.0,INR,True,False,False,True,PcData/cabinates.csv,sudhanshuy17/pccomponents
7a951daeea4c7114a4fc,case,Point Zero High Voltage Electric Shock Tool. Women Safety/ Anti-Rape Device. Rechargeable Stun Gun Cabinet,1199.0,INR,True,False,False,True,PcData/cabinates.csv,sudhanshuy17/pccomponents
971358ccdbc5aef62d48,case,Point Zero Rechargeable electric shock flashlight self-defense Stun Gun Cabinet,1855.0,INR,True,False,False,True,PcData/cabinates.csv,sudhanshuy17/pccomponents
b5bd6d447cbc86cb8ce5,case,Point Zero Self Defense Rechargeable Stun Gun Personal Security Stun Gun Cabinet,1700.0,INR,True,False,False,True,PcData/cabinates.csv,sudhanshuy17/pccomponents
2477fec716c577e15639,case,Qaz Led Flashlight Torch With Shock For Women's And Girls Safety Stun Gun Cabinet,1980.0,INR,True,False,False,True,PcData/cabinates.csv,sudhanshuy17/pccomponents
a3bf79845f3f53e32c29,case,Qaz New Professional Self Defence Stun Gun Pocket 800 Type Stun Gun Cabinet,1950.0,INR,True,False,False,True,PcData/cabinates.csv,sudhanshuy17/pccomponents
cbefc9c838a63760857f,case,Qaz Rechargeable LED Flashlight Heavy Duty Stun Gear Self Defensive Flashlight Stun Gun Cabinet,1965.0,INR,True,False,False,True,PcData/cabinates.csv,sudhanshuy17/pccomponents
6812a9d037a2978d6d18,case,Qaz Stun Gun + LED Flashlight 2 in 1 Electric Shock Safty And Security Gadgets Stun Gun Cabinet,1355.0,INR,True,False,False,True,PcData/cabinates.csv,sudhanshuy17/pccomponents
82136cf81a23fc708ce8,case,"Rubaintech Compatible For Dell Inspiron 15 5570, 2DVTX, 02DVTX, CN-02DVTX Laptop Bottom Base Lower Case D Cover Enclosure Panel Chassis Housing [WITHOUT OPTICAL DRIVE] Cabinet",3199.0,INR,True,False,False,True,PcData/cabinates.csv,sudhanshuy17/pccomponents
0a7910869bbe840ec655,case,"Rubaintech Compatible For Dell Inspiron 15R (N5110), 15R-N5110, N5110, M5110, 005T5, 0005T5 4PVH5, 04PVH5 Laptop Bottom Base Lower Case D Cover Panel Housing Body Part Cabinet",1199.0,INR,True,False,False,True,PcData/cabinates.csv,sudhanshuy17/pccomponents
eb14c4654a6180a07565,case,"Rubaintech Compatible For Dell Inspiron 5480, 5485, 5488, 0R4XHN, 439.04705, 439.0F706, 439.0F709, 439.0F70E, 460.0F703.0001, 460.0F703.0003 Laptop Bottom Base Cover Cabinet",2999.0,INR,True,False,False,True,PcData/cabinates.csv,sudhanshuy17/pccomponents
4bc1024348f54cc6c570,case,"Rubaintech Compatible For Dell Inspiron 5580, 5585, 5588, 0T5PWN, 460.0F804.0002, 439.0F80B 439.0F802, T5PWN Laptop Bottom Base Lower Case D Cover Panel Housing Body Part Cabinet",1999.0,INR,True,False,False,True,PcData/cabinates.csv,sudhanshuy17/pccomponents
82bff049afa79ce081a2,case,"Rubaintech Compatible For Dell Latitude 7480, 7490, E7480, E7490, 0F4GHK, 0HR70F, 0JW2CD, AM1S1000E02, EA1S1000500, HR70F, JW2CD Laptop Bottom Base Lower Case D Cover Cabinet",2499.0,INR,True,False,False,True,PcData/cabinates.csv,sudhanshuy17/pccomponents
11bb40e84caf893f04b0,case,"Rubaintech Compatible For Hp 15-G000NT, 15-G000NX, 15-G000SC, 15-G000SE Laptop ABH Top Back Lid LCD Cover Rear Case Panel Front Bezel Hinges Cabinet",1499.0,INR,True,False,False,True,PcData/cabinates.csv,sudhanshuy17/pccomponents
1afb0f8bcd59678bfbda,case,"Rubaintech Compatible For Hp 15-G000SI, 15-G000SL, 15-G000SM, 15-G000SQ Laptop ABH Top Back Lid LCD Cover Rear Case Panel Front Bezel Hinges Cabinet",1499.0,INR,True,False,False,True,PcData/cabinates.csv,sudhanshuy17/pccomponents
0f2734fd7e7e153c4c73,case,"Rubaintech Compatible For Hp 15-G001AU, 15-G001AX, 15-G001EC, 15-G001NC Laptop ABH Top Back Lid LCD Cover Rear Case Panel Front Bezel Hinges Cabinet",1499.0,INR,True,False,False,True,PcData/cabinates.csv,sudhanshuy17/pccomponents
dcefa99618da84089448,case,"Rubaintech Compatible For Hp 15-G001NF, 15-G001NIA, 15-G001NO, 15-G001NP Laptop ABH Top Back Lid LCD Cover Rear Case Panel Front Bezel Hinges Cabinet",1499.0,INR,True,False,False,True,PcData/cabinates.csv,sudhanshuy17/pccomponents
6acf632a8aa5e132c3db,case,"Rubaintech Compatible For Hp 15-G002AU, 15-G002AX, 15-G002NC, 15-G002NF Laptop ABH Top Back Lid LCD Cover Rear Case Panel Front Bezel Hinges Cabinet",1499.0,INR,True,False,False,True,PcData/cabinates.csv,sudhanshuy17/pccomponents
4e930e45d1a0742032cc,case,"Rubaintech Compatible For Hp 15-G002NT, 15-G002SE, 15-G002SP, 15-G002SR Laptop ABH Top Back Lid LCD Cover Rear Case Panel Front Bezel Hinges Cabinet",1499.0,INR,True,False,False,True,PcData/cabinates.csv,sudhanshuy17/pccomponents
3b507c3bc9df662890b6,case,"Rubaintech Compatible For Hp 15-G003AU, 15-G003AX, 15-G003NC, 15-G003NF Laptop ABH Top Back Lid LCD Cover Rear Case Panel Front Bezel Hinges Cabinet",1499.0,INR,True,False,False,True,PcData/cabinates.csv,sudhanshuy17/pccomponents
9f5ff8978219548f32ab,case,"Rubaintech Compatible For Hp 15-G003NIA, 15-G003NT, 15-G003SC, 15-G003SL Laptop ABH Top Back Lid LCD Cover Rear Case Panel Front Bezel Hinges Cabinet",1499.0,INR,True,False,False,True,PcData/cabinates.csv,sudhanshuy17/pccomponents
d72991562b9941c55587,case,"Rubaintech Compatible For Hp 15-G003SM, 15-G003SP, 15-G003SW, 15-G004AU Laptop ABH Top Back Lid LCD Cover Rear Case Panel Front Bezel Hinges Cabinet",1499.0,INR,True,False,False,True,PcData/cabinates.csv,sudhanshuy17/pccomponents
87e5e11dbc591df8e6ac,case,"Rubaintech Compatible For Hp 15-G004AX, 15-G004NF, 15-G004NL, 15-G004NP Laptop ABH Top Back Lid LCD Cover Rear Case Panel Front Bezel Hinges Cabinet",1499.0,INR,True,False,False,True,PcData/cabinates.csv,sudhanshuy17/pccomponents
98830ea472d2c960a12d,case,"Rubaintech Compatible For Hp 15-G005AU, 15-G005AX, 15-G005NA, 15-G005NE Laptop ABH Top Back Lid LCD Cover Rear Case Panel Front Bezel Hinges Cabinet",1499.0,INR,True,False,False,True,PcData/cabinates.csv,sudhanshuy17/pccomponents
1b194a7afb93a8289c57,case,"Rubaintech Compatible For Hp 15-G005NG, 15-G005NL, 15-G005SW, 15-G006AU Laptop ABH Top Back Lid LCD Cover Rear Case Panel Front Bezel Hinges Cabinet",1499.0,INR,True,False,False,True,PcData/cabinates.csv,sudhanshuy17/pccomponents
4e0c4573fe138c9733a1,case,"Rubaintech Compatible For Hp 15-G006NV, 15-G006NX, 15-G006SL, 15-G006SR Laptop ABH Top Back Lid LCD Cover Rear Case Panel Front Bezel Hinges Cabinet",1499.0,INR,True,False,False,True,PcData/cabinates.csv,sudhanshuy17/pccomponents
b82c619e2390624e1355,case,"Rubaintech Compatible For Hp 15-G007SL, 15-G007SR, 15-G008AU, 15-G008AX Laptop ABH Top Back Lid LCD Cover Rear Case Panel Front Bezel Hinges Cabinet",1499.0,INR,True,False,False,True,PcData/cabinates.csv,sudhanshuy17/pccomponents
d8fd88cf64779dc6ebbd,case,"Rubaintech Compatible For Hp 15-G008ER, 15-G008NF, 15-G008SR, 15-G009AU Laptop ABH Top Back Lid LCD Cover Rear Case Panel Front Bezel Hinges Cabinet",1499.0,INR,True,False,False,True,PcData/cabinates.csv,sudhanshuy17/pccomponents
20dffedd38fe82229f78,case,"Rubaintech Compatible For Hp 15-G009AX, 15-G009ER, 15-G009NL, 15-G009NP Laptop ABH Top Back Lid LCD Cover Rear Case Panel Front Bezel Hinges Cabinet",1499.0,INR,True,False,False,True,PcData/cabinates.csv,sudhanshuy17/pccomponents
2ea72e8b4faa22f2b3c4,case,"Rubaintech Compatible For Hp 15-G009NT, 15-G009NV, 15-G009SR, 15-G009ST Laptop ABH Top Back Lid LCD Cover Rear Case Panel Front Bezel Hinges Cabinet",1499.0,INR,True,False,False,True,PcData/cabinates.csv,sudhanshuy17/pccomponents
b5c9b734662f3af6a4de,case,"Rubaintech Compatible For Hp 15-G010LA, 15-G010ND, 15-G010NL, 15-G010NP Laptop ABH Top Back Lid LCD Cover Rear Case Panel Front Bezel Hinges Cabinet",1499.0,INR,True,False,False,True,PcData/cabinates.csv,sudhanshuy17/pccomponents
3556b76f965ecba9db80,case,"Rubaintech Compatible For Hp 15-G010NR, 15-G010SM, 15-G010SQ, 15-G010SR Laptop ABH Top Back Lid LCD Cover Rear Case Panel Front Bezel Hinges Cabinet",1499.0,INR,True,False,False,True,PcData/cabinates.csv,sudhanshuy17/pccomponents
6bca993c900b417757cb,case,"Rubaintech Compatible For Hp 15-G010ST, 15-G011AU, 15-G011AX, 15-G011CA Laptop ABH Top Back Lid LCD Cover Rear Case Panel Front Bezel Hinges Cabinet",1499.0,INR,True,False,False,True,PcData/cabinates.csv,sudhanshuy17/pccomponents
b9de24baa86ea85f77a2,case,"Rubaintech Compatible For Hp 15-G011ER, 15-G011LA, 15-G011NL, 15-G011NR Laptop ABH Top Back Lid LCD Cover Rear Case Panel Front Bezel Hinges Cabinet",1499.0,INR,True,False,False,True,PcData/cabinates.csv,sudhanshuy17/pccomponents
ee191aea54483dfa5914,case,"Rubaintech Compatible For Hp 15-G011ST, 15-G012AU, 15-G012AX, 15-G012DX Laptop ABH Top Back Lid LCD Cover Rear Case Panel Front Bezel Hinges Cabinet",1499.0,INR,True,False,False,True,PcData/cabinates.csv,sudhanshuy17/pccomponents
0aa9bd2faedbd4a873d1,case,"Rubaintech Compatible For Hp 15-G016DX, 15-G016ER, 15-G016LA, 15-G016SR Laptop ABH Top Back Lid LCD Cover Rear Case Panel Front Bezel Hinges Cabinet",1499.0,INR,True,False,False,True,PcData/cabinates.csv,sudhanshuy17/pccomponents
51352f43736f76da04d0,case,"Rubaintech Compatible For Hp 15-G018DX, 15-G018ER, 15-G018SI, 15-G018SR Laptop ABH Top Back Lid LCD Cover Rear Case Panel Front Bezel Hinges Cabinet",1499.0,INR,True,False,False,True,PcData/cabinates.csv,sudhanshuy17/pccomponents
d66f5ef602dc09d32c34,case,"Rubaintech Compatible For Hp 15-G018ST, 15-G018SV, 15-G019AU, 15-G019ER Laptop ABH Top Back Lid LCD Cover Rear Case Panel Front Bezel Hinges Cabinet",1499.0,INR,True,False,False,True,PcData/cabinates.csv,sudhanshuy17/pccomponents
fe80246ca8144f3f001d,case,"Rubaintech Compatible For Hp 15-G020NP, 15-G020NR, 15-G020NX, 15-G020SE Laptop ABH Top Back Lid LCD Cover Rear Case Panel Front Bezel Hinges Cabinet",1499.0,INR,True,False,False,True,PcData/cabinates.csv,sudhanshuy17/pccomponents
ee8a7794c77e2b81ff10,case,"Rubaintech Compatible For Hp 15-G021DS, 15-G021ER, 15-G021NA, 15-G021NG Laptop ABH Top Back Lid LCD Cover Rear Case Panel Front Bezel Hinges Cabinet",1499.0,INR,True,False,False,True,PcData/cabinates.csv,sudhanshuy17/pccomponents
28731963ac3a546a9e93,case,"Rubaintech Compatible For Hp 15-G021NR, 15-G021SR, 15-G022AU, 15-G022CY Laptop ABH Top Back Lid LCD Cover Rear Case Panel Front Bezel Hinges Cabinet",1499.0,INR,True,False,False,True,PcData/cabinates.csv,sudhanshuy17/pccomponents
8a97584316df3208bc85,case,"Rubaintech Compatible For Hp 15-G022DS, 15-G022NA, 15-G022NP, 15-G023AU Laptop ABH Top Back Lid LCD Cover Rear Case Panel Front Bezel Hinges Cabinet",1499.0,INR,True,False,False,True,PcData/cabinates.csv,sudhanshuy17/pccomponents
0ffb33030909a5400daf,case,"Rubaintech Compatible For Hp 15-G023CL, 15-G023CY, 15-G023DS, 15-G023ER Laptop ABH Top Back Lid LCD Cover Rear Case Panel Front Bezel Hinges Cabinet",1499.0,INR,True,False,False,True,PcData/cabinates.csv,sudhanshuy17/pccomponents
4c142fe94bb3b642770d,case,"Rubaintech Compatible For Hp 15-G023NE, 15-G023NP, 15-G023SR, 15-G024AU Laptop ABH Top Back Lid LCD Cover Rear Case Panel Front Bezel Hinges Cabinet",1499.0,INR,True,False,False,True,PcData/cabinates.csv,sudhanshuy17/pccomponents
572eb32c7501eb5ad656,case,"Rubaintech Compatible For Hp 15-G024CY, 15-G024DS, 15-G024ER, 15-G024NE Laptop ABH Top Back Lid LCD Cover Rear Case Panel Front Bezel Hinges Cabinet",1499.0,INR,True,False,False,True,PcData/cabinates.csv,sudhanshuy17/pccomponents
80da0e872b51fe0d3aa8,case,"Rubaintech Compatible For Hp 15-G025ER, 15-G025NG, 15-G025NO, 15-G025SR Laptop ABH Top Back Lid LCD Cover Rear Case Panel Front Bezel Hinges Cabinet",1499.0,INR,True,False,False,True,PcData/cabinates.csv,sudhanshuy17/pccomponents
7e96105e69a0038daad4,case,"Rubaintech Compatible For Hp 15-G028CA, 15-G028NG, 15-G029AU, 15-G029CA Laptop ABH Top Back Lid LCD Cover Rear Case Panel Front Bezel Hinges Cabinet",1499.0,INR,True,False,False,True,PcData/cabinates.csv,sudhanshuy17/pccomponents
85b4741b25258c0c738b,case,"Rubaintech Compatible For Hp 15-G030SO, 15-G031AU, 15-G031CY, 15-G031DS Laptop ABH Top Back Lid LCD Cover Rear Case Panel Front Bezel Hinges Cabinet",1499.0,INR,True,False,False,True,PcData/cabinates.csv,sudhanshuy17/pccomponents
8849b2aaba7fd982db44,case,"Rubaintech Compatible For Hp 15-G031NO, 15-G032AU, 15-G032CY, 15-G032DS Laptop ABH Top Back Lid LCD Cover Rear Case Panel Front Bezel Hinges Cabinet",1499.0,INR,True,False,False,True,PcData/cabinates.csv,sudhanshuy17/pccomponents
d63e7d6896fee85c262f,case,"Rubaintech Compatible For Hp 15-G032NO, 15-G033AU, 15-G033CY, 15-G033DS Laptop ABH Top Back Lid LCD Cover Rear Case Panel Front Bezel Hinges Cabinet",1499.0,INR,True,False,False,True,PcData/cabinates.csv,sudhanshuy17/pccomponents
7e852097d8d3dcf2c1aa,case,"Rubaintech Compatible For Hp 15-G033NO, 15-G034AU, 15-G034CY, 15-G034DS Laptop ABH Top Back Lid LCD Cover Rear Case Panel Front Bezel Hinges Cabinet",1499.0,INR,True,False,False,True,PcData/cabinates.csv,sudhanshuy17/pccomponents
2aa37a1d4dfe679fe2fb,case,"Rubaintech Compatible For Hp 15-G034NO, 15-G035AU, 15-G035CY, 15-G035DS Laptop ABH Top Back Lid LCD Cover Rear Case Panel Front Bezel Hinges Cabinet",1499.0,INR,True,False,False,True,PcData/cabinates.csv,sudhanshuy17/pccomponents
e3a495ea633c5f7ff7ab,case,"Rubaintech Compatible For Hp 15-G036CY, 15-G036DS, 15-G036SW, 15-G037AU Laptop ABH Top Back Lid LCD Cover Rear Case Panel Front Bezel Hinges Cabinet",1499.0,INR,True,False,False,True,PcData/cabinates.csv,sudhanshuy17/pccomponents
839eb30d3f790029a837,case,"Rubaintech Compatible For Hp 15-G041DS, 15-G041SO, 15-G042AU, 15-G042CY Laptop ABH Top Back Lid LCD Cover Rear Case Panel Front Bezel Hinges Cabinet",1499.0,INR,True,False,False,True,PcData/cabinates.csv,sudhanshuy17/pccomponents
a19bdd2032cce69e6016,case,"Rubaintech Compatible For Hp 15-G044AU, 15-G045AU, 15-G046AU, 15-G047AU Laptop ABH Top Back Lid LCD Cover Rear Case Panel Front Bezel Hinges Cabinet",1499.0,INR,True,False,False,True,PcData/cabinates.csv,sudhanshuy17/pccomponents
5dd0069bdab564007266,case,"Rubaintech Compatible For Hp 15-G048AU, 15-G048CA, 15-G049AU, 15-G049CA Laptop ABH Top Back Lid LCD Cover Rear Case Panel Front Bezel Hinges Cabinet",1499.0,INR,True,False,False,True,PcData/cabinates.csv,sudhanshuy17/pccomponents
634c60e094e80d60b4b6,case,"Rubaintech Compatible For Hp 15-G050SA, 15-G051NG, 15-G051NL, 15-G052NL Laptop ABH Top Back Lid LCD Cover Rear Case Panel Front Bezel Hinges Cabinet",1499.0,INR,True,False,False,True,PcData/cabinates.csv,sudhanshuy17/pccomponents
f3ae29baad05c24400c6,case,"Rubaintech Compatible For Hp 15-G057CL, 15-G057NF, 15-G058NK, 15-G059WM Laptop ABH Top Back Lid LCD Cover Rear Case Panel Front Bezel Hinges Cabinet",1499.0,INR,True,False,False,True,PcData/cabinates.csv,sudhanshuy17/pccomponents
cd1601c1e0fe565f6d41,case,"Rubaintech Compatible For Hp 15-G060CA, 15-G060NL, 15-G060NR, 15-G062NL Laptop ABH Top Back Lid LCD Cover Rear Case Panel Front Bezel Hinges Cabinet",1499.0,INR,True,False,False,True,PcData/cabinates.csv,sudhanshuy17/pccomponents
c087c3008cfcebb3b144,case,"Rubaintech Compatible For Hp 15-G063NF, 15-G063NR, 15-G064NF, 15-G064NL Laptop ABH Top Back Lid LCD Cover Rear Case Panel Front Bezel Hinges Cabinet",1499.0,INR,True,False,False,True,PcData/cabinates.csv,sudhanshuy17/pccomponents
56c383dbb85011d7dcfd,case,"Rubaintech Compatible For Hp 15-G065NL, 15-G066NL, 15-G067CL, 15-G067NF Laptop ABH Top Back Lid LCD Cover Rear Case Panel Front Bezel Hinges Cabinet",1499.0,INR,True,False,False,True,PcData/cabinates.csv,sudhanshuy17/pccomponents
915dedc93beb3d53db76,case,"Rubaintech Compatible For Hp 15-G069CL, 15-G070ER, 15-G070NG, 15-G070NR Laptop ABH Top Back Lid LCD Cover Rear Case Panel Front Bezel Hinges Cabinet",1499.0,INR,True,False,False,True,PcData/cabinates.csv,sudhanshuy17/pccomponents
3a288a24b03a52ea4cd3,case,"Rubaintech Compatible For Hp 15-G070SR, 15-G071NO, 15-G071NR, 15-G072NR Laptop ABH Top Back Lid LCD Cover Rear Case Panel Front Bezel Hinges Cabinet",1499.0,INR,True,False,False,True,PcData/cabinates.csv,sudhanshuy17/pccomponents
c400d615fd5038a4d842,case,"Rubaintech Compatible For Hp 15-G073NG, 15-G073NO, 15-G073NR, 15-G074NR Laptop ABH Top Back Lid LCD Cover Rear Case Panel Front Bezel Hinges Cabinet",1499.0,INR,True,False,False,True,PcData/cabinates.csv,sudhanshuy17/pccomponents
af5eb86d76d8d623a060,case,"Rubaintech Compatible For Hp 15-G075NR, 15-G077NR, 15-G078NR, 15-G079NO Laptop ABH Top Back Lid LCD Cover Rear Case Panel Front Bezel Hinges Cabinet",1499.0,INR,True,False,False,True,PcData/cabinates.csv,sudhanshuy17/pccomponents
c474e6529913f29407ca,case,"Rubaintech Compatible For Hp 15-G080ND, 15-G080NR, 15-G081ND, 15-G081NR Laptop ABH Top Back Lid LCD Cover Rear Case Panel Front Bezel Hinges Cabinet",1499.0,INR,True,False,False,True,PcData/cabinates.csv,sudhanshuy17/pccomponents
8ebec8fd1a508c263bef,case,"Rubaintech Compatible For Hp 15-G085NO, 15-G085NR, 15-G088CA, 15-G089ND Laptop ABH Top Back Lid LCD Cover Rear Case Panel Front Bezel Hinges Cabinet",1499.0,INR,True,False,False,True,PcData/cabinates.csv,sudhanshuy17/pccomponents
4fb55b9869e07bc11d62,case,"Rubaintech Compatible For Hp 15-G093LA, 15-G093NA, 15-G093SA, 15-G094NA Laptop ABH Top Back Lid LCD Cover Rear Case Panel Front Bezel Hinges Cabinet",1499.0,INR,True,False,False,True,PcData/cabinates.csv,sudhanshuy17/pccomponents
6178bfe1d532b0b8ed2a,case,"Rubaintech Compatible For Hp 15-G099SR, 15-G099SU, 15-G100, 15-G100CA Laptop ABH Top Back Lid LCD Cover Rear Case Panel Front Bezel Hinges Cabinet",1499.0,INR,True,False,False,True,PcData/cabinates.csv,sudhanshuy17/pccomponents
8b122d8f184c85056f45,case,"Rubaintech Compatible For Hp 15-G134DS, 15-G135DS, 15-G136DS, 15-G137DS Laptop ABH Top Back Lid LCD Cover Rear Case Panel Front Bezel Hinges Cabinet",1499.0,INR,True,False,False,True,PcData/cabinates.csv,sudhanshuy17/pccomponents
d0cfd3047ae62ce40834,case,"Rubaintech Compatible For Hp 15-G201NH, 15-G201NP, 15-G201NQ, 15-G201NT Laptop ABH Top Back Lid LCD Cover Rear Case Panel Front Bezel Hinges Cabinet",1499.0,INR,True,False,False,True,PcData/cabinates.csv,sudhanshuy17/pccomponents
6c00acdf33ccc4468088,case,"Rubaintech Compatible For Hp 15-G205NG, 15-G205NM, 15-G205UR, 15-G206AU Laptop ABH Top Back Lid LCD Cover Rear Case Panel Front Bezel Hinges Cabinet",1499.0,INR,True,False,False,True,PcData/cabinates.csv,sudhanshuy17/pccomponents
8239e174afd40a70cfb4,case,"Rubaintech Compatible For Hp 15-G206AX, 15-G206NF, 15-G206NG, 15-G206NM Laptop ABH Top Back Lid LCD Cover Rear Case Panel Front Bezel Hinges Cabinet",1499.0,INR,True,False,False,True,PcData/cabinates.csv,sudhanshuy17/pccomponents
24fc08b075577ffe9f29,case,"Rubaintech Compatible For Hp 15-G206NT, 15-G206UR, 15-G207AU, 15-G207AX Laptop ABH Top Back Lid LCD Cover Rear Case Panel Front Bezel Hinges Cabinet",1499.0,INR,True,False,False,True,PcData/cabinates.csv,sudhanshuy17/pccomponents
2ebb5050b3064637da97,case,"Rubaintech Compatible For Hp 15-G208AX, 15-G208NC, 15-G208UR, 15-G209AU Laptop ABH Top Back Lid LCD Cover Rear Case Panel Front Bezel Hinges Cabinet",1499.0,INR,True,False,False,True,PcData/cabinates.csv,sudhanshuy17/pccomponents
7f98cef1bff8ab5d769a,case,"Rubaintech Compatible For Hp 15-G209AX, 15-G209NC, 15-G209NL, 15-G209NR Laptop ABH Top Back Lid LCD Cover Rear Case Panel Front Bezel Hinges Cabinet",1499.0,INR,True,False,False,True,PcData/cabinates.csv,sudhanshuy17/pccomponents
eee7b5c26f652f205d92,case,"Rubaintech Compatible For Hp 15-G210NR, 15-G211AU, 15-G211DX, 15-G211LA Laptop ABH Top Back Lid LCD Cover Rear Case Panel Front Bezel Hinges Cabinet",1499.0,INR,True,False,False,True,PcData/cabinates.csv,sudhanshuy17/pccomponents
26ba4f6ad6f66362008b,case,"Rubaintech Compatible For Hp 15-G211NC, 15-G211NF, 15-G212AU, 15-G212DX Laptop ABH Top Back Lid LCD Cover Rear Case Panel Front Bezel Hinges Cabinet",1499.0,INR,True,False,False,True,PcData/cabinates.csv,sudhanshuy17/pccomponents
002c1de41fbe1bc174a8,case,"Rubaintech Compatible For Hp 15-G212LA, 15-G212NC, 15-G212NF, 15-G212NL Laptop ABH Top Back Lid LCD Cover Rear Case Panel Front Bezel Hinges Cabinet",1499.0,INR,True,False,False,True,PcData/cabinates.csv,sudhanshuy17/pccomponents
35acd2706add7fa5037e,case,"Rubaintech Compatible For Hp 15-G216NL, 15-G217AU, 15-G217NF, 15-G218AU Laptop ABH Top Back Lid LCD Cover Rear Case Panel Front Bezel Hinges Cabinet",1499.0,INR,True,False,False,True,PcData/cabinates.csv,sudhanshuy17/pccomponents
0768af94c158db8e72eb,case,"Rubaintech Compatible For Hp 15-G220NF, 15-G220NL, 15-G220NR, 15-G221AU Laptop ABH Top Back Lid LCD Cover Rear Case Panel Front Bezel Hinges Cabinet",1499.0,INR,True,False,False,True,PcData/cabinates.csv,sudhanshuy17/pccomponents
b9998ce35083b8dc3d32,case,"Rubaintech Compatible For Hp 15-G221CA, 15-G221ND, 15-G221NF, 15-G222AU Laptop ABH Top Back Lid LCD Cover Rear Case Panel Front Bezel Hinges Cabinet",1499.0,INR,True,False,False,True,PcData/cabinates.csv,sudhanshuy17/pccomponents
0cdf152aa91f1e5f649c,case,"Rubaintech Compatible For Hp 15-G222CA, 15-G222NG, 15-G223AU, 15-G223NG Laptop ABH Top Back Lid LCD Cover Rear Case Panel Front Bezel Hinges Cabinet",1499.0,INR,True,False,False,True,PcData/cabinates.csv,sudhanshuy17/pccomponents
112a1f2e6df1faffe2a8,case,"Rubaintech Compatible For Hp 15-G225AU, 15-G225NF, 15-G226AU, 15-G226NF Laptop ABH Top Back Lid LCD Cover Rear Case Panel Front Bezel Hinges Cabinet",1499.0,INR,True,False,False,True,PcData/cabinates.csv,sudhanshuy17/pccomponents
a8f1d3302d7134c162e0,case,"Rubaintech Compatible For Hp 15-G229DS, 15-G229NF, 15-G229UR, 15-G230DS Laptop ABH Top Back Lid LCD Cover Rear Case Panel Front Bezel Hinges Cabinet",1499.0,INR,True,False,False,True,PcData/cabinates.csv,sudhanshuy17/pccomponents
b9e1e7c672423c20153d,case,"Rubaintech Compatible For Hp 15-G230ND, 15-G230NG, 15-G231DS, 15-G231NG Laptop ABH Top Back Lid LCD Cover Rear Case Panel Front Bezel Hinges Cabinet",1499.0,INR,True,False,False,True,PcData/cabinates.csv,sudhanshuy17/pccomponents
8d7b412b73fcce656f20,case,"Rubaintech Compatible For Hp 15-G238NF, 15-G243NF, 15-G245NF, 15-G245NW Laptop ABH Top Back Lid LCD Cover Rear Case Panel Front Bezel Hinges Cabinet",1499.0,INR,True,False,False,True,PcData/cabinates.csv,sudhanshuy17/pccomponents
f764620e553cbcb32a7c,case,"Rubaintech Compatible For Hp 15-G256NF, 15-G256NO, 15-G258NO, 15-G259NA Laptop ABH Top Back Lid LCD Cover Rear Case Panel Front Bezel Hinges Cabinet",1499.0,INR,True,False,False,True,PcData/cabinates.csv,sudhanshuy17/pccomponents
05b3fe8346e1228811b1,case,"Rubaintech Compatible For Hp 15-G271NR, 15-G273NR, 15-G274NR, 15-G275NR Laptop ABH Top Back Lid LCD Cover Rear Case Panel Front Bezel Hinges Cabinet",1499.0,INR,True,False,False,True,PcData/cabinates.csv,sudhanshuy17/pccomponents
0cd3a6e6bc79695693b4,case,"Rubaintech Compatible For Hp 15-G276NR, 15-G277NR, 15-G280NG, 15-G286ND Laptop ABH Top Back Lid LCD Cover Rear Case Panel Front Bezel Hinges Cabinet",1499.0,INR,True,False,False,True,PcData/cabinates.csv,sudhanshuy17/pccomponents
267bc7a06e4246bec848,case,"Rubaintech Compatible For Hp 15-G500NM, 15-G500NR, 15-G500NU, 15-G500NW Laptop ABH Top Back Lid LCD Cover Rear Case Panel Front Bezel Hinges Cabinet",1499.0,INR,True,False,False,True,PcData/cabinates.csv,sudhanshuy17/pccomponents
df849dc735e8df2ccc9a,case,"Rubaintech Compatible For Hp 15-G504NR, 15-G505NC, 15-G507NC, 15-G530UR Laptop ABH Top Back Lid LCD Cover Rear Case Panel Front Bezel Hinges Cabinet",1499.0,INR,True,False,False,True,PcData/cabinates.csv,sudhanshuy17/pccomponents
b225f4e49d3c2aa3b0c0,case,"Rubaintech Compatible For Hp 15-G533UR, 15-G536UR, 15-G537UR, 15-G538UR Laptop ABH Top Back Lid LCD Cover Rear Case Panel Front Bezel Hinges Cabinet",1499.0,INR,True,False,False,True,PcData/cabinates.csv,sudhanshuy17/pccomponents
768ea48ccd440e2ae4f7,case,"Rubaintech Compatible For Hp 15-G551NM, 15-H005LA, 15-H006LA, 15-H007A Laptop ABH Top Back Lid LCD Cover Rear Case Panel Front Bezel Hinges Cabinet",1499.0,INR,True,False,False,True,PcData/cabinates.csv,sudhanshuy17/pccomponents
5e6ce0e6bd8ce049bd7c,case,"Rubaintech Compatible For Hp 15-R001NA, 15-R001NC, 15-R001NE, 15-R001NIA Laptop ABH Top Back Lid LCD Cover Rear Case Panel Front Bezel Hinges Cabinet",1499.0,INR,True,False,False,True,PcData/cabinates.csv,sudhanshuy17/pccomponents
8d823ed9d4ec37aba143,case,"Rubaintech Compatible For Hp 15-R001NS, 15-R001SE, 15-R001SI, 15-R001SIA Laptop ABH Top Back Lid LCD Cover Rear Case Panel Front Bezel Hinges Cabinet",1499.0,INR,True,False,False,True,PcData/cabinates.csv,sudhanshuy17/pccomponents
b9ad0e732963aac5364d,case,"Rubaintech Compatible For Hp 15-R001SL, 15-R001TU, 15-R001TX, 15-R002EE Laptop ABH Top Back Lid LCD Cover Rear Case Panel Front Bezel Hinges Cabinet",1499.0,INR,True,False,False,True,PcData/cabinates.csv,sudhanshuy17/pccomponents
e6b3b9b0fea754fa0747,case,"Rubaintech Compatible For Hp 15-R002TU, 15-R002TX, 15-R003EE, 15-R003EI Laptop ABH Top Back Lid LCD Cover Rear Case Panel Front Bezel Hinges Cabinet",1499.0,INR,True,False,False,True,PcData/cabinates.csv,sudhanshuy17/pccomponents
54d99052398a05a22123,case,"Rubaintech Compatible For Hp 15-R003NA, 15-R003NC, 15-R003NE, 15-R003NG Laptop ABH Top Back Lid LCD Cover Rear Case Panel Front Bezel Hinges Cabinet",1499.0,INR,True,False,False,True,PcData/cabinates.csv,sudhanshuy17/pccomponents
5739c69f212432bc61db,case,"Rubaintech Compatible For Hp 15-R003SI, 15-R003SV, 15-R003TU, 15-R003TX Laptop ABH Top Back Lid LCD Cover Rear Case Panel Front Bezel Hinges Cabinet",1499.0,INR,True,False,False,True,PcData/cabinates.csv,sudhanshuy17/pccomponents
e974168b89e80b2d88d8,case,"Rubaintech Compatible For Hp 15-R004EI, 15-R004NA, 15-R004NC, 15-R004NE Laptop ABH Top Back Lid LCD Cover Rear Case Panel Front Bezel Hinges Cabinet",1499.0,INR,True,False,False,True,PcData/cabinates.csv,sudhanshuy17/pccomponents
32df1283e73702453981,case,"Rubaintech Compatible For Hp 15-R004SI, 15-R004TU, 15-R004TX, 15-R004XX Laptop ABH Top Back Lid LCD Cover Rear Case Panel Front Bezel Hinges Cabinet",1499.0,INR,True,False,False,True,PcData/cabinates.csv,sudhanshuy17/pccomponents
0ca74b03be3d434eaebc,case,"Rubaintech Compatible For Hp 15-R005EE, 15-R005EI, 15-R005LA, 15-R005NA Laptop ABH Top Back Lid LCD Cover Rear Case Panel Front Bezel Hinges Cabinet",1499.0,INR,True,False,False,True,PcData/cabinates.csv,sudhanshuy17/pccomponents
2190de3fff50cabbbe1f,case,"Rubaintech Compatible For Hp 15-R006NC, 15-R006NE, 15-R006NIA, 15-R006NK Laptop ABH Top Back Lid LCD Cover Rear Case Panel Front Bezel Hinges Cabinet",1499.0,INR,True,False,False,True,PcData/cabinates.csv,sudhanshuy17/pccomponents
5c044344534d41aafade,case,"Rubaintech Compatible For Hp 15-R006NL, 15-R006NP, 15-R006NX, 15-R006ST Laptop ABH Top Back Lid LCD Cover Rear Case Panel Front Bezel Hinges Cabinet",1499.0,INR,True,False,False,True,PcData/cabinates.csv,sudhanshuy17/pccomponents
b391e5a161b4ad303c66,case,"Rubaintech Compatible For Hp 15-R007NE, 15-R007NF, 15-R007NIA, 15-R007NL Laptop ABH Top Back Lid LCD Cover Rear Case Panel Front Bezel Hinges Cabinet",1499.0,INR,True,False,False,True,PcData/cabinates.csv,sudhanshuy17/pccomponents
9bcf014c55765463ef0e,case,"Rubaintech Compatible For Hp 15-R008NF, 15-R008NIA, 15-R008NP, 15-R008NS Laptop ABH Top Back Lid LCD Cover Rear Case Panel Front Bezel Hinges Cabinet",1499.0,INR,True,False,False,True,PcData/cabinates.csv,sudhanshuy17/pccomponents
4b7f9ddf2f7abeacde43,case,"Rubaintech Compatible For Hp 15-R008TU, 15-R008TX, 15-R009EE, 15-R009NC Laptop ABH Top Back Lid LCD Cover Rear Case Panel Front Bezel Hinges Cabinet",1499.0,INR,True,False,False,True,PcData/cabinates.csv,sudhanshuy17/pccomponents
fa5d5e814c2fe6e32358,case,"Rubaintech Compatible For Hp 15-R009NIA, 15-R009NS, 15-R009SE, 15-R009ST Laptop ABH Top Back Lid LCD Cover Rear Case Panel Front Bezel Hinges Cabinet",1499.0,INR,True,False,False,True,PcData/cabinates.csv,sudhanshuy17/pccomponents
f9a65ed09e8a459b8c91,case,"Rubaintech Compatible For Hp 15-R010NP, 15-R010NS, 15-R010NX, 15-R010SE Laptop ABH Top Back Lid LCD Cover Rear Case Panel Front Bezel Hinges Cabinet",1499.0,INR,True,False,False,True,PcData/cabinates.csv,sudhanshuy17/pccomponents
e12b90f7232cc370944c,case,"Rubaintech Compatible For Hp 15-R010SI, 15-R010ST, 15-R010SW, 15-R010TU Laptop ABH Top Back Lid LCD Cover Rear Case Panel Front Bezel Hinges Cabinet",1499.0,INR,True,False,False,True,PcData/cabinates.csv,sudhanshuy17/pccomponents
5ea050f6671ba73ef8b5,case,"Rubaintech Compatible For Hp 15-R011NX, 15-R011ST, 15-R011SW, 15-R011TU Laptop ABH Top Back Lid LCD Cover Rear Case Panel Front Bezel Hinges Cabinet",1499.0,INR,True,False,False,True,PcData/cabinates.csv,sudhanshuy17/pccomponents
be63ad782f1ee5678bca,case,"Rubaintech Compatible For Hp 15-R012NX, 15-R012ST, 15-R012SV, 15-R012SX Laptop ABH Top Back Lid LCD Cover Rear Case Panel Front Bezel Hinges Cabinet",1499.0,INR,True,False,False,True,PcData/cabinates.csv,sudhanshuy17/pccomponents
cbf46b9cf8b979dc1d71,case,"Rubaintech Compatible For Hp 15-R013EI, 15-R013NE, 15-R013NIA, 15-R013NS Laptop ABH Top Back Lid LCD Cover Rear Case Panel Front Bezel Hinges Cabinet",1499.0,INR,True,False,False,True,PcData/cabinates.csv,sudhanshuy17/pccomponents
d002353d7320b03a296a,case,"Rubaintech Compatible For Hp 15-R013NX, 15-R013SE, 15-R013SI, 15-R013ST Laptop ABH Top Back Lid LCD Cover Rear Case Panel Front Bezel Hinges Cabinet",1499.0,INR,True,False,False,True,PcData/cabinates.csv,sudhanshuy17/pccomponents
002ec61f332386fc7c04,case,"Rubaintech Compatible For Hp 15-R013TU, 15-R013TX, 15-R014EE, 15-R014NE Laptop ABH Top Back Lid LCD Cover Rear Case Panel Front Bezel Hinges Cabinet",1499.0,INR,True,False,False,True,PcData/cabinates.csv,sudhanshuy17/pccomponents
e6a4bcb275dd99b4dabd,case,"Rubaintech Compatible For Hp 15-R014SV, 15-R014SW, 15-R014TU, 15-R014TX Laptop ABH Top Back Lid LCD Cover Rear Case Panel Front Bezel Hinges Cabinet",1499.0,INR,True,False,False,True,PcData/cabinates.csv,sudhanshuy17/pccomponents
d6bab6553d5ad8652df3,case,"Rubaintech Compatible For Hp 15-R015NE, 15-R015NF, 15-R015NL, 15-R015NS Laptop ABH Top Back Lid LCD Cover Rear Case Panel Front Bezel Hinges Cabinet",1499.0,INR,True,False,False,True,PcData/cabinates.csv,sudhanshuy17/pccomponents
c3b2960159886d9c09e3,case,"Rubaintech Compatible For Hp 15-R016EJ, 15-R016NE, 15-R016NL, 15-R016NS Laptop ABH Top Back Lid LCD Cover Rear Case Panel Front Bezel Hinges Cabinet",1499.0,INR,True,False,False,True,PcData/cabinates.csv,sudhanshuy17/pccomponents
693d96099fa82f7836d1,case,"Rubaintech Compatible For Hp 15-R016NX, 15-R016SV, 15-R016TU, 15-R016TX Laptop ABH Top Back Lid LCD Cover Rear Case Panel Front Bezel Hinges Cabinet",1499.0,INR,True,False,False,True,PcData/cabinates.csv,sudhanshuy17/pccomponents
985680437d736064f92c,case,"Rubaintech Compatible For Hp 15-R017DX, 15-R017EJ, 15-R017NE, 15-R017NK Laptop ABH Top Back Lid LCD Cover Rear Case Panel Front Bezel Hinges Cabinet",1499.0,INR,True,False,False,True,PcData/cabinates.csv,sudhanshuy17/pccomponents
268ced015db5fd0ebf31,case,"Rubaintech Compatible For Hp 15-R017NL, 15-R017NS, 15-R017NX, 15-R017SV Laptop ABH Top Back Lid LCD Cover Rear Case Panel Front Bezel Hinges Cabinet",1499.0,INR,True,False,False,True,PcData/cabinates.csv,sudhanshuy17/pccomponents
efb11062f51d43d7629a,case,"Rubaintech Compatible For Hp 15-R018NE, 15-R018NK, 15-R018NL, 15-R018NS Laptop ABH Top Back Lid LCD Cover Rear Case Panel Front Bezel Hinges Cabinet",1499.0,INR,True,False,False,True,PcData/cabinates.csv,sudhanshuy17/pccomponents
f651aba00d46694fc35c,case,"Rubaintech Compatible For Hp 15-R018NX, 15-R018TU, 15-R018TX, 15-R019EJ Laptop ABH Top Back Lid LCD Cover Rear Case Panel Front Bezel Hinges Cabinet",1499.0,INR,True,False,False,True,PcData/cabinates.csv,sudhanshuy17/pccomponents
0fa638cfbdff3fc8664a,case,"Rubaintech Compatible For Hp 15-R020NK, 15-R020NS, 15-R020NX, 15-R020SQ Laptop ABH Top Back Lid LCD Cover Rear Case Panel Front Bezel Hinges Cabinet",1499.0,INR,True,False,False,True,PcData/cabinates.csv,sudhanshuy17/pccomponents
64cde12d8f556eadf1a3,case,"Rubaintech Compatible For Hp 15-R020ST, 15-R020TU, 15-R020TX, 15-R021EE Laptop ABH Top Back Lid LCD Cover Rear Case Panel Front Bezel Hinges Cabinet",1499.0,INR,True,False,False,True,PcData/cabinates.csv,sudhanshuy17/pccomponents
a85a37db5b938636ac53,case,"Rubaintech Compatible For Hp 15-R021ND, 15-R021NE, 15-R021NG, 15-R021NR Laptop ABH Top Back Lid LCD Cover Rear Case Panel Front Bezel Hinges Cabinet",1499.0,INR,True,False,False,True,PcData/cabinates.csv,sudhanshuy17/pccomponents
bc8312741e81fb0bdecf,case,"Rubaintech Compatible For Hp 15-R021NS, 15-R021NX, 15-R021ST, 15-R021SW Laptop ABH Top Back Lid LCD Cover Rear Case Panel Front Bezel Hinges Cabinet",1499.0,INR,True,False,False,True,PcData/cabinates.csv,sudhanshuy17/pccomponents
382b075dba22f416ec4f,case,"Rubaintech Compatible For Hp 15-R021TU, 15-R021TX, 15-R022NA, 15-R022NE Laptop ABH Top Back Lid LCD Cover Rear Case Panel Front Bezel Hinges Cabinet",1499.0,INR,True,False,False,True,PcData/cabinates.csv,sudhanshuy17/pccomponents
01ab3db7789e726e5913,case,"Rubaintech Compatible For Hp 15-R022NG, 15-R022NR, 15-R022NS, 15-R022NX Laptop ABH Top Back Lid LCD Cover Rear Case Panel Front Bezel Hinges Cabinet",1499.0,INR,True,False,False,True,PcData/cabinates.csv,sudhanshuy17/pccomponents
fc38fcd5c52ba7254a33,case,"Rubaintech Compatible For Hp 15-R022ST, 15-R022TU, 15-R022TX, 15-R023NA Laptop ABH Top Back Lid LCD Cover Rear Case Panel Front Bezel Hinges Cabinet",1499.0,INR,True,False,False,True,PcData/cabinates.csv,sudhanshuy17/pccomponents
e3118553ccc2ce6928ed,case,"Rubaintech Compatible For Hp 15-R024NA, 15-R024NK, 15-R024NR, 15-R024NS Laptop ABH Top Back Lid LCD Cover Rear Case Panel Front Bezel Hinges Cabinet",1499.0,INR,True,False,False,True,PcData/cabinates.csv,sudhanshuy17/pccomponents
4ab37fc196a411592a94,case,"Rubaintech Compatible For Hp 15-R025NR, 15-R025NS, 15-R025NX, 15-R025SV Laptop ABH Top Back Lid LCD Cover Rear Case Panel Front Bezel Hinges Cabinet",1499.0,INR,True,False,False,True,PcData/cabinates.csv,sudhanshuy17/pccomponents
fb84d3baf19cae2cf14a,case,"Rubaintech Compatible For Hp 15-R025TU, 15-R025TX, 15-R026NA, 15-R026NK Laptop ABH Top Back Lid LCD Cover Rear Case Panel Front Bezel Hinges Cabinet",1499.0,INR,True,False,False,True,PcData/cabinates.csv,sudhanshuy17/pccomponents
0a48346cd4a946fc8192,case,"Rubaintech Compatible For Hp 15-R027NA, 15-R027NX, 15-R027TU, 15-R027TX Laptop ABH Top Back Lid LCD Cover Rear Case Panel Front Bezel Hinges Cabinet",1499.0,INR,True,False,False,True,PcData/cabinates.csv,sudhanshuy17/pccomponents
5b2a8ca2ce8942f16b0d,case,"Rubaintech Compatible For Hp 15-R029NX, 15-R029TU, 15-R029TX, 15-R029WM Laptop ABH Top Back Lid LCD Cover Rear Case Panel Front Bezel Hinges Cabinet",1499.0,INR,True,False,False,True,PcData/cabinates.csv,sudhanshuy17/pccomponents
3be4edb2bcbafbb516de,case,"Rubaintech Compatible For Hp 15-R030NA, 15-R030ND, 15-R030NG, 15-R030NR Laptop ABH Top Back Lid LCD Cover Rear Case Panel Front Bezel Hinges Cabinet",1499.0,INR,True,False,False,True,PcData/cabinates.csv,sudhanshuy17/pccomponents
2e667a68a778888e6307,case,"Rubaintech Compatible For Hp 15-R030NX, 15-R030SQ, 15-R030TU, 15-R030TX Laptop ABH Top Back Lid LCD Cover Rear Case Panel Front Bezel Hinges Cabinet",1499.0,INR,True,False,False,True,PcData/cabinates.csv,sudhanshuy17/pccomponents
f6b93b0857f47ab91393,case,"Rubaintech Compatible For Hp 15-R031NF, 15-R031NX, 15-R031SI, 15-R031ST Laptop ABH Top Back Lid LCD Cover Rear Case Panel Front Bezel Hinges Cabinet",1499.0,INR,True,False,False,True,PcData/cabinates.csv,sudhanshuy17/pccomponents
11f800229b3bba2546d6,case,"Rubaintech Compatible For Hp 15-R031SV, 15-R031SW, 15-R031TU, 15-R031TX Laptop ABH Top Back Lid LCD Cover Rear Case Panel Front Bezel Hinges Cabinet",1499.0,INR,True,False,False,True,PcData/cabinates.csv,sudhanshuy17/pccomponents
2230b650ebb83d87af87,case,"Rubaintech Compatible For Hp 15-R032DS, 15-R032NA, 15-R032ND, 15-R032NX Laptop ABH Top Back Lid LCD Cover Rear Case Panel Front Bezel Hinges Cabinet",1499.0,INR,True,False,False,True,PcData/cabinates.csv,sudhanshuy17/pccomponents
40f6f51f63b6a9259c72,case,"Rubaintech Compatible For Hp 15-R033NA, 15-R033ND, 15-R033NX, 15-R033TU Laptop ABH Top Back Lid LCD Cover Rear Case Panel Front Bezel Hinges Cabinet",1499.0,INR,True,False,False,True,PcData/cabinates.csv,sudhanshuy17/pccomponents
8ee3f0a7832b0305548a,case,"Rubaintech Compatible For Hp 15-R033TX, 15-R034CA, 15-R034DS, 15-R034NA Laptop ABH Top Back Lid LCD Cover Rear Case Panel Front Bezel Hinges Cabinet",1499.0,INR,True,False,False,True,PcData/cabinates.csv,sudhanshuy17/pccomponents
1c33da33eefcfd623ed3,case,"Rubaintech Compatible For Hp 15-R037TX, 15-R038CA, 15-R038NG, 15-R038TU Laptop ABH Top Back Lid LCD Cover Rear Case Panel Front Bezel Hinges Cabinet",1499.0,INR,True,False,False,True,PcData/cabinates.csv,sudhanshuy17/pccomponents
082f0ff1bf1a3468553a,case,"Rubaintech Compatible For Hp 15-R038TX, 15-R039CA, 15-R039TU, 15-R039TX Laptop ABH Top Back Lid LCD Cover Rear Case Panel Front Bezel Hinges Cabinet",1499.0,INR,True,False,False,True,PcData/cabinates.csv,sudhanshuy17/pccomponents
685958dda4bda06c1a47,case,"Rubaintech Compatible For Hp 15-R040ER, 15-R040NA, 15-R040NF, 15-R040NG Laptop ABH Top Back Lid LCD Cover Rear Case Panel Front Bezel Hinges Cabinet",1499.0,INR,True,False,False,True,PcData/cabinates.csv,sudhanshuy17/pccomponents
f9b496613dcdb03c0dbf,case,"Rubaintech Compatible For Hp 15-R040TU, 15-R040TX, 15-R041ER, 15-R041NF Laptop ABH Top Back Lid LCD Cover Rear Case Panel Front Bezel Hinges Cabinet",1499.0,INR,True,False,False,True,PcData/cabinates.csv,sudhanshuy17/pccomponents
8fff24daa70e520c4041,case,"Rubaintech Compatible For Hp 15-R041TU, 15-R041TX, 15-R042ER, 15-R042NF Laptop ABH Top Back Lid LCD Cover Rear Case Panel Front Bezel Hinges Cabinet",1499.0,INR,True,False,False,True,PcData/cabinates.csv,sudhanshuy17/pccomponents
840d37c501629857cdaa,case,"Rubaintech Compatible For Hp 15-R042TX, 15-R043ER, 15-R043NF, 15-R043SM Laptop ABH Top Back Lid LCD Cover Rear Case Panel Front Bezel Hinges Cabinet",1499.0,INR,True,False,False,True,PcData/cabinates.csv,sudhanshuy17/pccomponents
bfed34f12414cc1648a8,case,"Rubaintech Compatible For Hp 15-R043SR, 15-R043TU, 15-R044ER, 15-R044NF Laptop ABH Top Back Lid LCD Cover Rear Case Panel Front Bezel Hinges Cabinet",1499.0,INR,True,False,False,True,PcData/cabinates.csv,sudhanshuy17/pccomponents
4048b8bb620b15d1aca3,case,"Rubaintech Compatible For Hp 15-R044SR, 15-R044TU, 15-R044TX, 15-R045ER Laptop ABH Top Back Lid LCD Cover Rear Case Panel Front Bezel Hinges Cabinet",1499.0,INR,True,False,False,True,PcData/cabinates.csv,sudhanshuy17/pccomponents
f5be105ce2e4c6ac8800,case,"Rubaintech Compatible For Hp 15-R047ER, 15-R047NF, 15-R047NO, 15-R047SR Laptop ABH Top Back Lid LCD Cover Rear Case Panel Front Bezel Hinges Cabinet",1499.0,INR,True,False,False,True,PcData/cabinates.csv,sudhanshuy17/pccomponents
945d7dc372529ecad7be,case,"Rubaintech Compatible For Hp 15-R049TU, 15-R050NR, 15-R050SR, 15-R050SU Laptop ABH Top Back Lid LCD Cover Rear Case Panel Front Bezel Hinges Cabinet",1499.0,INR,True,False,False,True,PcData/cabinates.csv,sudhanshuy17/pccomponents
07d224e8f3dc891276eb,case,"Rubaintech Compatible For Hp 15-R052ND, 15-R052NR, 15-R052SR, 15-R052TU Laptop ABH Top Back Lid LCD Cover Rear Case Panel Front Bezel Hinges Cabinet",1499.0,INR,True,False,False,True,PcData/cabinates.csv,sudhanshuy17/pccomponents
44587f047e989373959b,case,"Rubaintech Compatible For Hp 15-R053CL, 15-R053ND, 15-R053NF, 15-R053SR Laptop ABH Top Back Lid LCD Cover Rear Case Panel Front Bezel Hinges Cabinet",1499.0,INR,True,False,False,True,PcData/cabinates.csv,sudhanshuy17/pccomponents
2aa6bb7ec06450ae076b,case,"Rubaintech Compatible For Hp 15-R055SR, 15-R055TU, 15-R056NF, 15-R056SR Laptop ABH Top Back Lid LCD Cover Rear Case Panel Front Bezel Hinges Cabinet",1499.0,INR,True,False,False,True,PcData/cabinates.csv,sudhanshuy17/pccomponents
ef21878755f4c56782d2,case,"Rubaintech Compatible For Hp 15-R056TU, 15-R057SR, 15-R057TU, 15-R058NF Laptop ABH Top Back Lid LCD Cover Rear Case Panel Front Bezel Hinges Cabinet",1499.0,INR,True,False,False,True,PcData/cabinates.csv,sudhanshuy17/pccomponents
d5d0afc0900e9fc8d3f4,case,"Rubaintech Compatible For Hp 15-R058NO, 15-R058SR, 15-R058TU, 15-R059NO Laptop ABH Top Back Lid LCD Cover Rear Case Panel Front Bezel Hinges Cabinet",1499.0,INR,True,False,False,True,PcData/cabinates.csv,sudhanshuy17/pccomponents
865892e4ce857b9669fc,case,"Rubaintech Compatible For Hp 15-R059TU, 15-R060ER, 15-R060SR, 15-R060TU Laptop ABH Top Back Lid LCD Cover Rear Case Panel Front Bezel Hinges Cabinet",1499.0,INR,True,False,False,True,PcData/cabinates.csv,sudhanshuy17/pccomponents
c5b9f5cddee79d05a9b7,case,"Rubaintech Compatible For Hp 15-R061ER, 15-R061NE, 15-R061NF, 15-R061NO Laptop ABH Top Back Lid LCD Cover Rear Case Panel Front Bezel Hinges Cabinet",1499.0,INR,True,False,False,True,PcData/cabinates.csv,sudhanshuy17/pccomponents
38328038f7d9219583c1,case,"Rubaintech Compatible For Hp 15-R061SR, 15-R061SW, 15-R061TU, 15-R062ER Laptop ABH Top Back Lid LCD Cover Rear Case Panel Front Bezel Hinges Cabinet",1499.0,INR,True,False,False,True,PcData/cabinates.csv,sudhanshuy17/pccomponents
1bb73326259165792dde,case,"Rubaintech Compatible For Hp 15-R062NF, 15-R062NO, 15-R062SR, 15-R062TU Laptop ABH Top Back Lid LCD Cover Rear Case Panel Front Bezel Hinges Cabinet",1499.0,INR,True,False,False,True,PcData/cabinates.csv,sudhanshuy17/pccomponents
b42f3ba0a675a3f29860,case,"Rubaintech Compatible For Hp 15-R065NO, 15-R065SR, 15-R065TU, 15-R066ER Laptop ABH Top Back Lid LCD Cover Rear Case Panel Front Bezel Hinges Cabinet",1499.0,INR,True,False,False,True,PcData/cabinates.csv,sudhanshuy17/pccomponents
9bf708a0750b3970e122,case,"Rubaintech Compatible For Hp 15-R066NF, 15-R066TU, 15-R067NF, 15-R067NO Laptop ABH Top Back Lid LCD Cover Rear Case Panel Front Bezel Hinges Cabinet",1499.0,INR,True,False,False,True,PcData/cabinates.csv,sudhanshuy17/pccomponents
b1b796135f0a807bbc83,case,"Rubaintech Compatible For Hp 15-R067SR, 15-R067TU, 15-R068NF, 15-R068NO Laptop ABH Top Back Lid LCD Cover Rear Case Panel Front Bezel Hinges Cabinet",1499.0,INR,True,False,False,True,PcData/cabinates.csv,sudhanshuy17/pccomponents
d492150e9f33696c3a2b,case,"Rubaintech Compatible For Hp 15-R068TU, 15-R069NO, 15-R069TU, 15-R070TU Laptop ABH Top Back Lid LCD Cover Rear Case Panel Front Bezel Hinges Cabinet",1499.0,INR,True,False,False,True,PcData/cabinates.csv,sudhanshuy17/pccomponents
f77d6c77af15f3c16392,case,"Rubaintech Compatible For Hp 15-R071NF, 15-R071SW, 15-R071TU, 15-R072NF Laptop ABH Top Back Lid LCD Cover Rear Case Panel Front Bezel Hinges Cabinet",1499.0,INR,True,False,False,True,PcData/cabinates.csv,sudhanshuy17/pccomponents
305913f628f2cb553f7e,case,"Rubaintech Compatible For Hp 15-R072TU, 15-R073ER, 15-R073NF, 15-R073SR Laptop ABH Top Back Lid LCD Cover Rear Case Panel Front Bezel Hinges Cabinet",1499.0,INR,True,False,False,True,PcData/cabinates.csv,sudhanshuy17/pccomponents
550783cff619046afd7e,case,"Rubaintech Compatible For Hp 15-R080ND, 15-R080SR, 15-R080TU, 15-R081ER Laptop ABH Top Back Lid LCD Cover Rear Case Panel Front Bezel Hinges Cabinet",1499.0,INR,True,False,False,True,PcData/cabinates.csv,sudhanshuy17/pccomponents
a28844cc1087079cc4d2,case,"Rubaintech Compatible For Hp 15-R082ER, 15-R082NR, 15-R082SR, 15-R082TU Laptop ABH Top Back Lid LCD Cover Rear Case Panel Front Bezel Hinges Cabinet",1499.0,INR,True,False,False,True,PcData/cabinates.csv,sudhanshuy17/pccomponents
7a5e4a094319e593a12c,case,"Rubaintech Compatible For Hp 15-R083ER, 15-R083SR, 15-R083TU, 15-R084NG Laptop ABH Top Back Lid LCD Cover Rear Case Panel Front Bezel Hinges Cabinet",1499.0,INR,True,False,False,True,PcData/cabinates.csv,sudhanshuy17/pccomponents
7fbcf5eaed09e708a615,case,"Rubaintech Compatible For Hp 15-R084NO, 15-R084TU, 15-R085ND, 15-R085NO Laptop ABH Top Back Lid LCD Cover Rear Case Panel Front Bezel Hinges Cabinet",1499.0,INR,True,False,False,True,PcData/cabinates.csv,sudhanshuy17/pccomponents
19adc971887aa2162cb7,case,"Rubaintech Compatible For Hp 15-R099SH, 15-R099SM, 15-R100, 15-R100NE Laptop ABH Top Back Lid LCD Cover Rear Case Panel Front Bezel Hinges Cabinet",1499.0,INR,True,False,False,True,PcData/cabinates.csv,sudhanshuy17/pccomponents
855e2c33d90344f7346e,case,"Rubaintech Compatible For Hp 15-R100NV, 15-R101NA, 15-R101NK, 15-R101NL Laptop ABH Top Back Lid LCD Cover Rear Case Panel Front Bezel Hinges Cabinet",1499.0,INR,True,False,False,True,PcData/cabinates.csv,sudhanshuy17/pccomponents
89690265f53566b4ac5e,case,"Rubaintech Compatible For Hp 15-R101NP, 15-R101NS, 15-R101NW, 15-R101NX Laptop ABH Top Back Lid LCD Cover Rear Case Panel Front Bezel Hinges Cabinet",1499.0,INR,True,False,False,True,PcData/cabinates.csv,sudhanshuy17/pccomponents
9f0420ca382566b74f9b,case,"Rubaintech Compatible For Hp 15-R101TU, 15-R102NA, 15-R102NE, 15-R102NG Laptop ABH Top Back Lid LCD Cover Rear Case Panel Front Bezel Hinges Cabinet",1499.0,INR,True,False,False,True,PcData/cabinates.csv,sudhanshuy17/pccomponents
f2087cce16e5f534a3bb,case,"Rubaintech Compatible For Hp 15-R102TU, 15-R103NE, 15-R103NF, 15-R103NG Laptop ABH Top Back Lid LCD Cover Rear Case Panel Front Bezel Hinges Cabinet",1499.0,INR,True,False,False,True,PcData/cabinates.csv,sudhanshuy17/pccomponents
ff41b00d19fd7d764073,case,"Rubaintech Compatible For Hp 15-R104NF, 15-R104NG, 15-R104NIA, 15-R104NO Laptop ABH Top Back Lid LCD Cover Rear Case Panel Front Bezel Hinges Cabinet",1499.0,INR,True,False,False,True,PcData/cabinates.csv,sudhanshuy17/pccomponents
77db16bd5f915987fcc3,case,"Rubaintech Compatible For Hp 15-R104NP, 15-R104NV, 15-R104NW, 15-R104NX Laptop ABH Top Back Lid LCD Cover Rear Case Panel Front Bezel Hinges Cabinet",1499.0,INR,True,False,False,True,PcData/cabinates.csv,sudhanshuy17/pccomponents
916c8b5f5af6061e2927,case,"Rubaintech Compatible For Hp 15-R106NE, 15-R106NF, 15-R106NIA, 15-R106NL Laptop ABH Top Back Lid LCD Cover Rear Case Panel Front Bezel Hinges Cabinet",1499.0,INR,True,False,False,True,PcData/cabinates.csv,sudhanshuy17/pccomponents
bd5b5d1449b92479f7aa,case,"Rubaintech Compatible For Hp 15-R108NK, 15-R108NL, 15-R108NV, 15-R108NW Laptop ABH Top Back Lid LCD Cover Rear Case Panel Front Bezel Hinges Cabinet",1499.0,INR,True,False,False,True,PcData/cabinates.csv,sudhanshuy17/pccomponents
cf683850bc48fed9faa3,case,"Rubaintech Compatible For Hp 15-R111NS, 15-R111NT, 15-R111NW, 15-R111TU Laptop ABH Top Back Lid LCD Cover Rear Case Panel Front Bezel Hinges Cabinet",1499.0,INR,True,False,False,True,PcData/cabinates.csv,sudhanshuy17/pccomponents
cc64937360147964c427,case,"Rubaintech Compatible For Hp 15-R112NA, 15-R112NE, 15-R112NF, 15-R112NT Laptop ABH Top Back Lid LCD Cover Rear Case Panel Front Bezel Hinges Cabinet",1499.0,INR,True,False,False,True,PcData/cabinates.csv,sudhanshuy17/pccomponents
38f838068b04e91f123a,case,"Rubaintech Compatible For Hp 15-R112NX, 15-R112TU, 15-R112TX, 15-R113NE Laptop ABH Top Back Lid LCD Cover Rear Case Panel Front Bezel Hinges Cabinet",1499.0,INR,True,False,False,True,PcData/cabinates.csv,sudhanshuy17/pccomponents
c701c79b93e555c1a385,case,"Rubaintech Compatible For Hp 15-R113NL, 15-R113NT, 15-R113NX, 15-R113TU Laptop ABH Top Back Lid LCD Cover Rear Case Panel Front Bezel Hinges Cabinet",1499.0,INR,True,False,False,True,PcData/cabinates.csv,sudhanshuy17/pccomponents
86d33bdbaf6487cc7c4a,case,"Rubaintech Compatible For Hp 15-R113TX, 15-R114NE, 15-R114NX, 15-R114TU Laptop ABH Top Back Lid LCD Cover Rear Case Panel Front Bezel Hinges Cabinet",1499.0,INR,True,False,False,True,PcData/cabinates.csv,sudhanshuy17/pccomponents
10734c04fd18786bf636,case,"Rubaintech Compatible For Hp 15-R117NF, 15-R117NI, 15-R117NIA, 15-R117NK Laptop ABH Top Back Lid LCD Cover Rear Case Panel Front Bezel Hinges Cabinet",1499.0,INR,True,False,False,True,PcData/cabinates.csv,sudhanshuy17/pccomponents
26781aabbbd7fb24d450,case,"Rubaintech Compatible For Hp 15-R117NL, 15-R117NX, 15-R117TU, 15-R117TX Laptop ABH Top Back Lid LCD Cover Rear Case Panel Front Bezel Hinges Cabinet",1499.0,INR,True,False,False,True,PcData/cabinates.csv,sudhanshuy17/pccomponents
51471efc3c5926d13848,case,"Rubaintech Compatible For Hp 15-R118NE, 15-R118NK, 15-R118NT, 15-R118NV Laptop ABH Top Back Lid LCD Cover Rear Case Panel Front Bezel Hinges Cabinet",1499.0,INR,True,False,False,True,PcData/cabinates.csv,sudhanshuy17/pccomponents
8d3c88dd0e30e83a5145,case,"Rubaintech Compatible For Hp 15-R118NX, 15-R118TU, 15-R119NF, 15-R119NK Laptop ABH Top Back Lid LCD Cover Rear Case Panel Front Bezel Hinges Cabinet",1499.0,INR,True,False,False,True,PcData/cabinates.csv,sudhanshuy17/pccomponents
f94b34cce2fe2d3976a5,case,"Rubaintech Compatible For Hp 15-R119NT, 15-R119NV, 15-R119NX, 15-R119TU Laptop ABH Top Back Lid LCD Cover Rear Case Panel Front Bezel Hinges Cabinet",1499.0,INR,True,False,False,True,PcData/cabinates.csv,sudhanshuy17/pccomponents
e6e28815dbd71f9fb21b,case,"Rubaintech Compatible For Hp 15-R121NG, 15-R121NK, 15-R121NT, 15-R121NX Laptop ABH Top Back Lid LCD Cover Rear Case Panel Front Bezel Hinges Cabinet",1499.0,INR,True,False,False,True,PcData/cabinates.csv,sudhanshuy17/pccomponents
63be230951f67be7cc98,case,"Rubaintech Compatible For Hp 15-R122NX, 15-R122TU, 15-R123NE, 15-R123NS Laptop ABH Top Back Lid LCD Cover Rear Case Panel Front Bezel Hinges Cabinet",1499.0,INR,True,False,False,True,PcData/cabinates.csv,sudhanshuy17/pccomponents
bbd17f26cc0f5781b171,case,"Rubaintech Compatible For Hp 15-R126NE, 15-R126NS, 15-R126TU, 15-R127NA Laptop ABH Top Back Lid LCD Cover Rear Case Panel Front Bezel Hinges Cabinet",1499.0,INR,True,False,False,True,PcData/cabinates.csv,sudhanshuy17/pccomponents
36d784a7079a7d7d8a0b,case,"Rubaintech Compatible For Hp 15-R127NE, 15-R127NF, 15-R127NG, 15-R127NL Laptop ABH Top Back Lid LCD Cover Rear Case Panel Front Bezel Hinges Cabinet",1499.0,INR,True,False,False,True,PcData/cabinates.csv,sudhanshuy17/pccomponents
140b9fba502715ba3594,case,"Rubaintech Compatible For Hp 15-R127NV, 15-R127TU, 15-R128NE, 15-R128NF Laptop ABH Top Back Lid LCD Cover Rear Case Panel Front Bezel Hinges Cabinet",1499.0,INR,True,False,False,True,PcData/cabinates.csv,sudhanshuy17/pccomponents
4b28a373dcd5e767df70,case,"Rubaintech Compatible For Hp 15-R129TU, 15-R130NF, 15-R130NL, 15-R130NV Laptop ABH Top Back Lid LCD Cover Rear Case Panel Front Bezel Hinges Cabinet",1499.0,INR,True,False,False,True,PcData/cabinates.csv,sudhanshuy17/pccomponents
519efc35326c2578c8cf,case,"Rubaintech Compatible For Hp 15-R130NW, 15-R130NX, 15-R131NX, 15-R131WM Laptop ABH Top Back Lid LCD Cover Rear Case Panel Front Bezel Hinges Cabinet",1499.0,INR,True,False,False,True,PcData/cabinates.csv,sudhanshuy17/pccomponents
95b82d8962a3ac221bf0,case,"Rubaintech Compatible For Hp 15-R132DS, 15-R132NF, 15-R132NG, 15-R132NL Laptop ABH Top Back Lid LCD Cover Rear Case Panel Front Bezel Hinges Cabinet",1499.0,INR,True,False,False,True,PcData/cabinates.csv,sudhanshuy17/pccomponents
debff9a70e545bbcd174,case,"Rubaintech Compatible For Hp 15-R137DS, 15-R137NE, 15-R137NL, 15-R137WM Laptop ABH Top Back Lid LCD Cover Rear Case Panel Front Bezel Hinges Cabinet",1499.0,INR,True,False,False,True,PcData/cabinates.csv,sudhanshuy17/pccomponents
9d987612b74002c047ac,case,"Rubaintech Compatible For Hp 15-R138CA, 15-R138DS, 15-R138NE, 15-R138NF Laptop ABH Top Back Lid LCD Cover Rear Case Panel Front Bezel Hinges Cabinet",1499.0,INR,True,False,False,True,PcData/cabinates.csv,sudhanshuy17/pccomponents
70c928c82be627521657,case,"Rubaintech Compatible For Hp 15-R139NL, 15-R140NE, 15-R140NW, 15-R141DS Laptop ABH Top Back Lid LCD Cover Rear Case Panel Front Bezel Hinges Cabinet",1499.0,INR,True,False,False,True,PcData/cabinates.csv,sudhanshuy17/pccomponents
7e274cc67ee06b3ae08a,case,"Rubaintech Compatible For Hp 15-R145NF, 15-R146NE, 15-R147NE, 15-R148NE Laptop ABH Top Back Lid LCD Cover Rear Case Panel Front Bezel Hinges Cabinet",1499.0,INR,True,False,False,True,PcData/cabinates.csv,sudhanshuy17/pccomponents
49c18e6e07e342efdb6c,case,"Rubaintech Compatible For Hp 15-R148NF, 15-R149NE, 15-R150NA, 15-R150NC Laptop ABH Top Back Lid LCD Cover Rear Case Panel Front Bezel Hinges Cabinet",1499.0,INR,True,False,False,True,PcData/cabinates.csv,sudhanshuy17/pccomponents
5a84a1e9c80f59d2a86b,case,"Rubaintech Compatible For Hp 15-R150NH, 15-R150NM, 15-R150NQ, 15-R150NR Laptop ABH Top Back Lid LCD Cover Rear Case Panel Front Bezel Hinges Cabinet",1499.0,INR,True,False,False,True,PcData/cabinates.csv,sudhanshuy17/pccomponents
a7afc76472de2278a560,case,"Rubaintech Compatible For Hp 15-R150NU, 15-R150SA, 15-R151NH, 15-R151NM Laptop ABH Top Back Lid LCD Cover Rear Case Panel Front Bezel Hinges Cabinet",1499.0,INR,True,False,False,True,PcData/cabinates.csv,sudhanshuy17/pccomponents
d24ef2982ec883c81011,case,"Rubaintech Compatible For Hp 15-R152NQ, 15-R152NR, 15-R152NU, 15-R153NC Laptop ABH Top Back Lid LCD Cover Rear Case Panel Front Bezel Hinges Cabinet",1499.0,INR,True,False,False,True,PcData/cabinates.csv,sudhanshuy17/pccomponents
b518c3491aa6e7adc335,case,"Rubaintech Compatible For Hp 15-R154NF, 15-R154NM, 15-R154NR, 15-R155NR Laptop ABH Top Back Lid LCD Cover Rear Case Panel Front Bezel Hinges Cabinet",1499.0,INR,True,False,False,True,PcData/cabinates.csv,sudhanshuy17/pccomponents
0ddf34a38c7a7d4fb6fd,case,"Rubaintech Compatible For Hp 15-R174CA, 15-R180UR, 15-R181NG, 15-R181NR Laptop ABH Top Back Lid LCD Cover Rear Case Panel Front Bezel Hinges Cabinet",1499.0,INR,True,False,False,True,PcData/cabinates.csv,sudhanshuy17/pccomponents
840fc51915bb9c2d8fdc,case,"Rubaintech Compatible For Hp 15-R187UR, 15-R189ND, 15-R189NG, 15-R200 Laptop ABH Top Back Lid LCD Cover Rear Case Panel Front Bezel Hinges Cabinet",1499.0,INR,True,False,False,True,PcData/cabinates.csv,sudhanshuy17/pccomponents
c3e87fc3252d53f68ddb,case,"Rubaintech Compatible For Hp 15-R2010TU, 15-R2011TU, 15-R201TU, 15-R201TX Laptop ABH Top Back Lid LCD Cover Rear Case Panel Front Bezel Hinges Cabinet",1499.0,INR,True,False,False,True,PcData/cabinates.csv,sudhanshuy17/pccomponents
b9db70c7e63002193575,case,"Rubaintech Compatible For Hp 15-R202NH, 15-R202NP, 15-R202NQ, 15-R202NT Laptop ABH Top Back Lid LCD Cover Rear Case Panel Front Bezel Hinges Cabinet",1499.0,INR,True,False,False,True,PcData/cabinates.csv,sudhanshuy17/pccomponents
ed013ce9c39e2dbe059b,case,"Rubaintech Compatible For Hp 15-R203NJ, 15-R203NL, 15-R203NP, 15-R203NQ Laptop ABH Top Back Lid LCD Cover Rear Case Panel Front Bezel Hinges Cabinet",1499.0,INR,True,False,False,True,PcData/cabinates.csv,sudhanshuy17/pccomponents
1cb7e139835d38f923d1,case,"Rubaintech Compatible For Hp 15-R203TU, 15-R203TX, 15-R204NA, 15-R204NE Laptop ABH Top Back Lid LCD Cover Rear Case Panel Front Bezel Hinges Cabinet",1499.0,INR,True,False,False,True,PcData/cabinates.csv,sudhanshuy17/pccomponents
62b15d73bb19ade2d2a1,case,"Rubaintech Compatible For Hp 15-R204NQ, 15-R204NS, 15-R204NT, 15-R204NX Laptop ABH Top Back Lid LCD Cover Rear Case Panel Front Bezel Hinges Cabinet",1499.0,INR,True,False,False,True,PcData/cabinates.csv,sudhanshuy17/pccomponents
ac5569e4bac8feeb2ad1,case,"Rubaintech Compatible For Hp 15-R205NE, 15-R205NL, 15-R205NQ, 15-R205NS Laptop ABH Top Back Lid LCD Cover Rear Case Panel Front Bezel Hinges Cabinet",1499.0,INR,True,False,False,True,PcData/cabinates.csv,sudhanshuy17/pccomponents
718e5e0d5782c5919703,case,"Rubaintech Compatible For Hp 15-R205NT, 15-R205TU, 15-R205TX, 15-R206NA Laptop ABH Top Back Lid LCD Cover Rear Case Panel Front Bezel Hinges Cabinet",1499.0,INR,True,False,False,True,PcData/cabinates.csv,sudhanshuy17/pccomponents
d37c7e5dbaaa7a9e6c10,case,"Rubaintech Compatible For Hp 15-R206NE, 15-R206NG, 15-R206NS, 15-R206NW Laptop ABH Top Back Lid LCD Cover Rear Case Panel Front Bezel Hinges Cabinet",1499.0,INR,True,False,False,True,PcData/cabinates.csv,sudhanshuy17/pccomponents
9a75ac0c8fdaf09bc8f2,case,"Rubaintech Compatible For Hp 15-R207NK, 15-R207NL, 15-R207NP, 15-R207NS Laptop ABH Top Back Lid LCD Cover Rear Case Panel Front Bezel Hinges Cabinet",1499.0,INR,True,False,False,True,PcData/cabinates.csv,sudhanshuy17/pccomponents
89f8c22e24ca353cbb86,case,"Rubaintech Compatible For Hp 15-R208NL, 15-R208NP, 15-R208NS, 15-R208NT Laptop ABH Top Back Lid LCD Cover Rear Case Panel Front Bezel Hinges Cabinet",1499.0,INR,True,False,False,True,PcData/cabinates.csv,sudhanshuy17/pccomponents
734a04cd4ce6c236d3a5,case,"Rubaintech Compatible For Hp 15-R208NX, 15-R208TU, 15-R208TX, 15-R208UR Laptop ABH Top Back Lid LCD Cover Rear Case Panel Front Bezel Hinges Cabinet",1499.0,INR,True,False,False,True,PcData/cabinates.csv,sudhanshuy17/pccomponents
881fe16673235bef1c15,case,"Rubaintech Compatible For Hp 15-R209NS, 15-R209NT, 15-R209NV, 15-R209NX Laptop ABH Top Back Lid LCD Cover Rear Case Panel Front Bezel Hinges Cabinet",1499.0,INR,True,False,False,True,PcData/cabinates.csv,sudhanshuy17/pccomponents
bb9dc014ac3e1f7d9246,case,"Rubaintech Compatible For Hp 15-R209TU, 15-R209TX, 15-R209UR, 15-R210CA Laptop ABH Top Back Lid LCD Cover Rear Case Panel Front Bezel Hinges Cabinet",1499.0,INR,True,False,False,True,PcData/cabinates.csv,sudhanshuy17/pccomponents
4c7ead630c862f46f2e5,case,"Rubaintech Compatible For Hp 15-R210NL, 15-R210NO, 15-R210NS, 15-R210NT Laptop ABH Top Back Lid LCD Cover Rear Case Panel Front Bezel Hinges Cabinet",1499.0,INR,True,False,False,True,PcData/cabinates.csv,sudhanshuy17/pccomponents
05d0596f6be27f9e508a,case,"Rubaintech Compatible For Hp 15-R210TU, 15-R210TX, 15-R210UR, 15-R211NA Laptop ABH Top Back Lid LCD Cover Rear Case Panel Front Bezel Hinges Cabinet",1499.0,INR,True,False,False,True,PcData/cabinates.csv,sudhanshuy17/pccomponents
e5c77101f2db5d2de943,case,"Rubaintech Compatible For Hp 15-R211NE, 15-R211NIA, 15-R211NK, 15-R211NL Laptop ABH Top Back Lid LCD Cover Rear Case Panel Front Bezel Hinges Cabinet",1499.0,INR,True,False,False,True,PcData/cabinates.csv,sudhanshuy17/pccomponents
7107565a79079be6e2c3,case,"Rubaintech Compatible For Hp 15-R211NS, 15-R211NT, 15-R211TU, 15-R211TX Laptop ABH Top Back Lid LCD Cover Rear Case Panel Front Bezel Hinges Cabinet",1499.0,INR,True,False,False,True,PcData/cabinates.csv,sudhanshuy17/pccomponents
3993e1500bcc1fa5b3da,case,"Rubaintech Compatible For Hp 15-R211UR, 15-R212NA, 15-R212NIA, 15-R212NK Laptop ABH Top Back Lid LCD Cover Rear Case Panel Front Bezel Hinges Cabinet",1499.0,INR,True,False,False,True,PcData/cabinates.csv,sudhanshuy17/pccomponents
8b922b7ef2de9bd25a32,case,"Rubaintech Compatible For Hp 15-R212NL, 15-R212NS, 15-R212NT, 15-R212NV Laptop ABH Top Back Lid LCD Cover Rear Case Panel Front Bezel Hinges Cabinet",1499.0,INR,True,False,False,True,PcData/cabinates.csv,sudhanshuy17/pccomponents
9789cf032f5118fb7df6,case,"Rubaintech Compatible For Hp 15-R212TU, 15-R212TX, 15-R212UR, 15-R213NA Laptop ABH Top Back Lid LCD Cover Rear Case Panel Front Bezel Hinges Cabinet",1499.0,INR,True,False,False,True,PcData/cabinates.csv,sudhanshuy17/pccomponents
13e0518920ae1ef26c1f,case,"Rubaintech Compatible For Hp 15-R213NIA, 15-R213NK, 15-R213NL, 15-R213NS Laptop ABH Top Back Lid LCD Cover Rear Case Panel Front Bezel Hinges Cabinet",1499.0,INR,True,False,False,True,PcData/cabinates.csv,sudhanshuy17/pccomponents
36dfedad741b564fd2cb,case,"Rubaintech Compatible For Hp 15-R214NIA, 15-R214NK, 15-R214NL, 15-R214NT Laptop ABH Top Back Lid LCD Cover Rear Case Panel Front Bezel Hinges Cabinet",1499.0,INR,True,False,False,True,PcData/cabinates.csv,sudhanshuy17/pccomponents
4b90bc607af68f9cd9cd,case,"Rubaintech Compatible For Hp 15-R214NX, 15-R214TU, 15-R214TX, 15-R215NA Laptop ABH Top Back Lid LCD Cover Rear Case Panel Front Bezel Hinges Cabinet",1499.0,INR,True,False,False,True,PcData/cabinates.csv,sudhanshuy17/pccomponents
848e10c0015cfe71caf5,case,"Rubaintech Compatible For Hp 15-R215NG, 15-R215NK, 15-R215NS, 15-R215NT Laptop ABH Top Back Lid LCD Cover Rear Case Panel Front Bezel Hinges Cabinet",1499.0,INR,True,False,False,True,PcData/cabinates.csv,sudhanshuy17/pccomponents
06b522da8b43dad237b7,case,"Rubaintech Compatible For Hp 15-R216TX, 15-R217NA, 15-R217NF, 15-R217NK Laptop ABH Top Back Lid LCD Cover Rear Case Panel Front Bezel Hinges Cabinet",1499.0,INR,True,False,False,True,PcData/cabinates.csv,sudhanshuy17/pccomponents
f4683123a683296764b9,case,"Rubaintech Compatible For Hp 15-R217NL, 15-R217NS, 15-R217NX, 15-R217TU Laptop ABH Top Back Lid LCD Cover Rear Case Panel Front Bezel Hinges Cabinet",1499.0,INR,True,False,False,True,PcData/cabinates.csv,sudhanshuy17/pccomponents
313befc3de892dfddd03,case,"Rubaintech Compatible For Hp 15-R220TX, 15-R221CY, 15-R221NE, 15-R221NS Laptop ABH Top Back Lid LCD Cover Rear Case Panel Front Bezel Hinges Cabinet",1499.0,INR,True,False,False,True,PcData/cabinates.csv,sudhanshuy17/pccomponents
b492be73c17c81f46803,case,"Rubaintech Compatible For Hp 15-R222CY, 15-R222NE, 15-R222NG, 15-R222NK Laptop ABH Top Back Lid LCD Cover Rear Case Panel Front Bezel Hinges Cabinet",1499.0,INR,True,False,False,True,PcData/cabinates.csv,sudhanshuy17/pccomponents
d2b30968f0ee6caddbd3,case,"Rubaintech Compatible For Hp 15-R224NL, 15-R224TU, 15-R224TX, 15-R225CY Laptop ABH Top Back Lid LCD Cover Rear Case Panel Front Bezel Hinges Cabinet",1499.0,INR,True,False,False,True,PcData/cabinates.csv,sudhanshuy17/pccomponents
41e83e88ec172ff8cb6c,case,"Rubaintech Compatible For Hp 15-R226NS, 15-R226TU, 15-R226TX, 15-R227CY Laptop ABH Top Back Lid LCD Cover Rear Case Panel Front Bezel Hinges Cabinet",1499.0,INR,True,False,False,True,PcData/cabinates.csv,sudhanshuy17/pccomponents
a955901648bda8dfa451,case,"Rubaintech Compatible For Hp 15-R228NE, 15-R228NF, 15-R228NK, 15-R228NS Laptop ABH Top Back Lid LCD Cover Rear Case Panel Front Bezel Hinges Cabinet",1499.0,INR,True,False,False,True,PcData/cabinates.csv,sudhanshuy17/pccomponents
2949416dd699c94c98a8,case,"Rubaintech Compatible For Hp 15-R229TU, 15-R229TX, 15-R230, 15-R230CA Laptop ABH Top Back Lid LCD Cover Rear Case Panel Front Bezel Hinges Cabinet",1499.0,INR,True,False,False,True,PcData/cabinates.csv,sudhanshuy17/pccomponents
9aafcd593028a4b05625,case,"Rubaintech Compatible For Hp 15-R230NV, 15-R230NW, 15-R230TU, 15-R230TX Laptop ABH Top Back Lid LCD Cover Rear Case Panel Front Bezel Hinges Cabinet",1499.0,INR,True,False,False,True,PcData/cabinates.csv,sudhanshuy17/pccomponents
623c847138c551b08684,case,"Rubaintech Compatible For Hp 15-R231NS, 15-R231NW, 15-R231TU, 15-R231TX Laptop ABH Top Back Lid LCD Cover Rear Case Panel Front Bezel Hinges Cabinet",1499.0,INR,True,False,False,True,PcData/cabinates.csv,sudhanshuy17/pccomponents
a9e560a922e6ecf07b68,case,"Rubaintech Compatible For Hp 15-R232NE, 15-R232NK, 15-R232NL, 15-R232NS Laptop ABH Top Back Lid LCD Cover Rear Case Panel Front Bezel Hinges Cabinet",1499.0,INR,True,False,False,True,PcData/cabinates.csv,sudhanshuy17/pccomponents
e0207c305d3b3a36c5e5,case,"Rubaintech Compatible For Hp 15-R235TX, 15-R236NE, 15-R236NS, 15-R236TU Laptop ABH Top Back Lid LCD Cover Rear Case Panel Front Bezel Hinges Cabinet",1499.0,INR,True,False,False,True,PcData/cabinates.csv,sudhanshuy17/pccomponents
d0515b5b4024e8fe2497,case,"Rubaintech Compatible For Hp 15-R242TX, 15-R243ND, 15-R243NS, 15-R243TU Laptop ABH Top Back Lid LCD Cover Rear Case Panel Front Bezel Hinges Cabinet",1499.0,INR,True,False,False,True,PcData/cabinates.csv,sudhanshuy17/pccomponents
b8c88dc2af1354101abd,case,"Rubaintech Compatible For Hp 15-R257UR, 15-R258NE, 15-R258TU, 15-R258UR Laptop ABH Top Back Lid LCD Cover Rear Case Panel Front Bezel Hinges Cabinet",1499.0,INR,True,False,False,True,PcData/cabinates.csv,sudhanshuy17/pccomponents
bb0909e32ef1e6d76c65,case,"Rubaintech Compatible For Hp 15-R272UR, 15-R273NG, 15-R273TU, 15-R274TU Laptop ABH Top Back Lid LCD Cover Rear Case Panel Front Bezel Hinges Cabinet",1499.0,INR,True,False,False,True,PcData/cabinates.csv,sudhanshuy17/pccomponents
db189cedeac0a2a7ab14,case,"Rubaintech Compatible For Hp 15-R275TU, 15-R276TU, 15-R277TU, 15-R278TU Laptop ABH Top Back Lid LCD Cover Rear Case Panel Front Bezel Hinges Cabinet",1499.0,INR,True,False,False,True,PcData/cabinates.csv,sudhanshuy17/pccomponents
bb3b790256eda98c63d1,case,"Rubaintech Compatible For Hp 15-R284TU, 15-R285NG, 15-R285TU, 15-R286TU Laptop ABH Top Back Lid LCD Cover Rear Case Panel Front Bezel Hinges Cabinet",1499.0,INR,True,False,False,True,PcData/cabinates.csv,sudhanshuy17/pccomponents
e237aaceacd871932c37,case,"Rubaintech Compatible For Hp 15R, 15-R, 15-R000, 15-R000EL Laptop ABH Top Back Lid LCD Cover Rear Case Panel Front Bezel Hinges Cabinet",1499.0,INR,True,False,False,True,PcData/cabinates.csv,sudhanshuy17/pccomponents
67702a6eb596779ab78c,case,"Rubaintech Compatible For Hp 256 G3, 256G3, 256-G3, 749641-001 Laptop ABH Top Back Lid LCD Cover Rear Case Panel Front Bezel Hinges Cabinet",1499.0,INR,True,False,False,True,PcData/cabinates.csv,sudhanshuy17/pccomponents
270b23b4bc5fb38d2540,case,"Rubaintech Compatible For Lenovo ThinkPad E470, E470C, E475, 01HW718, AP11N000900, FA11N000B00 Laptop Bottom Base Lower Case D Cover Enclosure Panel Housing Frame Cabinet",2399.0,INR,True,False,False,True,PcData/cabinates.csv,sudhanshuy17/pccomponents
b36b46c7af9ca03ee5ba,case,Smars 800 Type Super voltage Self-defense Stun Gun With LED Light Emergency Light stun gun Cabinet,1199.0,INR,True,False,False,True,PcData/cabinates.csv,sudhanshuy17/pccomponents
4b3c303f43490d170956,case,STORITE 3 Pack RGB LED Series 120mm Case Fan for Computer Case - 4Pin Molex connector Cooler,799.0,INR,True,False,False,True,PcData/cabinates.csv,sudhanshuy17/pccomponents
24262f7f014d00fc3413,case,Thermaltake Commander C31 MID TOWER Cabinet,9889.0,INR,True,False,False,True,PcData/cabinates.csv,sudhanshuy17/pccomponents
42ea3e880d9d821a2185,case,Thermaltake Commander C32 Mid Tower Cabinet,9889.0,INR,True,False,False,True,PcData/cabinates.csv,sudhanshuy17/pccomponents
e0be275d6cddf08cdb65,case,Thermaltake Core P5 TG Mid Tower Cabinet,19319.0,INR,True,False,False,True,PcData/cabinates.csv,sudhanshuy17/pccomponents
3a682ca844d37a4ba833,case,Thermaltake Divider 200 Micro Tower Cabinet,9349.0,INR,True,False,False,True,PcData/cabinates.csv,sudhanshuy17/pccomponents
508573280957cd462e6b,case,Thermaltake H200 TG RGB Mid Tower Cabinet,5799.0,INR,True,False,False,True,PcData/cabinates.csv,sudhanshuy17/pccomponents
8a8ec73f2a0177c77240,case,Thermaltake S300 TG Mid Tower Cabinet,6049.0,INR,True,False,False,True,PcData/cabinates.csv,sudhanshuy17/pccomponents
9ae918843eeee9a9eca3,case,Thermaltake View 51 TG Mid Tower Cabinet,19849.0,INR,True,False,False,True,PcData/cabinates.csv,sudhanshuy17/pccomponents
c5072065d360c557d97c,case,Thermaltake View 71 TG Mid Tower Cabinet,18339.0,INR,True,False,False,True,PcData/cabinates.csv,sudhanshuy17/pccomponents
75ba0e8f1ff61b427942,case,WEFLY SATA Optical 2nd Hard Drive Caddy with SSD HDD for 9.5mm Universal CD/DVD Slot Internal Hard Drive Enclosure/HDD Caddy Cabinet,220.0,INR,True,False,False,True,PcData/cabinates.csv,sudhanshuy17/pccomponents
e5a8e7dd2f824705aae0,case,XPG BATTLECRUISER Super Mid-Tower Computer Case Mid Tower Cabinet,11512.0,INR,True,False,False,True,PcData/cabinates.csv,sudhanshuy17/pccomponents
b8182c4e85c24012efbc,case,XPG STARKER AIR Mid Tower White Computer Case Mid Tower Cabinet,4899.0,INR,True,False,False,True,PcData/cabinates.csv,sudhanshuy17/pccomponents
ac9bd9f986bdaaa7acaf,case,ZEBRONICS ZEB-877B-CRONUS Mid Tower Cabinet,2999.0,INR,True,False,False,True,PcData/cabinates.csv,sudhanshuy17/pccomponents
66df37894fd1533d95da,case,ZEBRONICS Zeb -944B -WARGOD Mid Tower Cabinet,6499.0,INR,True,False,False,True,PcData/cabinates.csv,sudhanshuy17/pccomponents
6e638da467d5582944a2,cpu,22 TECH 2.93 GHz LGA 775 INTEL 2.93 Core Two Duo High Speed Processor Processor,699.0,INR,True,False,False,True,PcData/CPU.csv,sudhanshuy17/pccomponents
50b30f278f2601876d3c,cpu,22 TECH 3.3 GHz LGA 1155 Intel Core i3 2120 2nd Generation 3.3 GHz LGA 1155 Cores Desktop Processor Processor,999.0,INR,True,False,False,True,PcData/CPU.csv,sudhanshuy17/pccomponents
056c9daf5c7d3afbb2db,cpu,aby 3.3 GHz LGA 1156 INTEL CORE I5 4590 Processor,3449.0,INR,True,False,False,True,PcData/CPU.csv,sudhanshuy17/pccomponents
1d792b72971d2f96b826,cpu,amd A6-7400K 3.5 GHz Upto 3.9 GHz FM2 Socket 2 Cores 2 Threads 1 MB L2 0 MB L3 Desktop Processor,5500.0,INR,True,False,False,True,PcData/CPU.csv,sudhanshuy17/pccomponents
4b1c11a14f1a9a25efd7,cpu,amd R7 3700X 3.6 GHz Upto 4.4 GHz AM4 Socket 8 Cores 16 Threads 4 MB L2 32 MB L3 Desktop Processor,27999.0,INR,True,False,False,True,PcData/CPU.csv,sudhanshuy17/pccomponents
2ae9f73a730fc4f95681,cpu,amd Ryzen 3 3200G with Radeon Vega 8 Graphics (YD3200C5FHBOX) 3.6 Ghz Upto 4 GHz AM4 Socket 4 Cores 4 Threads 2 MB L2 4 MB L3 Desktop Processor,7916.0,INR,True,False,False,True,PcData/CPU.csv,sudhanshuy17/pccomponents
e5f2853f1e4c21c78927,cpu,amd RYZEN 5 3500 3.6 GHz Upto 4.1 GHz AM4 Socket 6 Cores 6 Threads 3 MB L2 16 MB L3 Desktop Processor,15999.0,INR,True,False,False,True,PcData/CPU.csv,sudhanshuy17/pccomponents
f85a988bc1504af0de48,cpu,amd Ryzen 5 3500X 6 Cores & 6 Threads up to 4.1GHz 3.6 GHz Upto 4.1 GHz AM4 Socket 6 Cores 6 Threads 3 MB L2 32 MB L3 Desktop Processor,10750.0,INR,True,False,False,True,PcData/CPU.csv,sudhanshuy17/pccomponents
06e222a0ca069dd95c3b,cpu,amd Ryzen 5 3600 with Wraith Stealth Cooler (100-000000031) 3.6 Ghz Upto 4.2 GHz AM4 Socket 6 Cores 12 Threads 3 MB L2 32 MB L3 Desktop Processor,9800.0,INR,True,False,False,True,PcData/CPU.csv,sudhanshuy17/pccomponents
0faa611057371ce23feb,cpu,amd Ryzen 5 4500 3.6 GHz Upto 4.1 GHz AM4 Socket 6 Cores 12 Threads Desktop Processor,11099.0,INR,True,False,False,True,PcData/CPU.csv,sudhanshuy17/pccomponents
2ef193657de32610bc33,cpu,amd Ryzen 5 5500 3.6 GHz Upto 4.2 GHz AM4 Socket 6 Cores 12 Threads Desktop Processor,11796.0,INR,True,False,False,True,PcData/CPU.csv,sudhanshuy17/pccomponents
47d7fc44f36fa9dad7a8,cpu,amd Ryzen 5 5600 3.5 GHz Upto 4.4 GHz AM4 Socket 6 Cores 12 Threads Desktop Processor,15799.0,INR,True,False,False,True,PcData/CPU.csv,sudhanshuy17/pccomponents
8a1556ba607b1159b344,cpu,amd RYZEN 5 5600 SERIES 5000 3.5 GHz AM4 Socket 6 Cores 3 MB L2 32 MB L3 Desktop Processor,18999.0,INR,True,False,False,True,PcData/CPU.csv,sudhanshuy17/pccomponents
134bd296dd05df1af325,cpu,amd Ryzen 5 5600G 3.9 GHz Upto 4.4 GHz AM4 Socket 6 Cores 12 Threads 3 kB L2 16 kB L3 Desktop Processor,12499.0,INR,True,False,False,True,PcData/CPU.csv,sudhanshuy17/pccomponents
b6be9fe731d5f295df88,cpu,amd Ryzen 5 5600X 3.7 GHz Upto 4.6 GHz AM4 Socket 6 Cores 12 Threads Desktop Processor,16599.0,INR,True,False,False,True,PcData/CPU.csv,sudhanshuy17/pccomponents
3d46e8c06f2ce961f15f,cpu,amd Ryzen� 5 7600 3.8 GHz Upto 5.1 GHz AM5 Socket 6 Cores 12 Threads 6 MB L2 32 MB L3 Desktop Processor,22790.0,INR,True,False,False,True,PcData/CPU.csv,sudhanshuy17/pccomponents
9d38993243c24cea56d7,cpu,amd Ryzen 5 7600X 4.7 GHz Upto 5.3 GHz AM5 Socket 6 Cores 12 Threads Desktop Processor,23890.0,INR,True,False,False,True,PcData/CPU.csv,sudhanshuy17/pccomponents
63d413ef127fd9fcdfb9,cpu,amd Ryzen 7 3700X with Wraith Prism & RGB LED Cooler (100-100000071BOX) 3.6 Ghz Upto 4.4 Ghz AM4 Socket 8 Cores 16 Threads 4 MB L2 32 MB L3 Desktop Processor,27999.0,INR,True,False,False,True,PcData/CPU.csv,sudhanshuy17/pccomponents
c85c7f4df12b58dc3890,cpu,amd Ryzen 7 3800XT 3.9 GHz Upto 4.7 GHz AM4 Socket 8 Cores 16 Threads Desktop Processor,35349.0,INR,True,False,False,True,PcData/CPU.csv,sudhanshuy17/pccomponents
a6d7617ece25bf090574,cpu,amd Ryzen 7 5700G 3.8 GHz Upto 4.6 GHz AM4 Socket 8 Cores 16 Threads 4 kB L2 16 kB L3 Desktop Processor,18699.0,INR,True,False,False,True,PcData/CPU.csv,sudhanshuy17/pccomponents
d66154d46de4eddce7ce,cpu,amd Ryzen 7 5700X 3.4 GHz Upto 4.6 GHz AM4 Socket 8 Cores 16 Threads Desktop Processor,19656.0,INR,True,False,False,True,PcData/CPU.csv,sudhanshuy17/pccomponents
52b98149b430147eee1f,cpu,amd Ryzen 7 5800X 3.8 GHz Upto 4.7 GHz AM4 Socket 8 Cores 16 Threads Desktop Processor,23499.0,INR,True,False,False,True,PcData/CPU.csv,sudhanshuy17/pccomponents
8e3fe191dcf11e1bbc04,cpu,amd Ryzen 7 7700X 4.5 GHz Upto 5.4 GHz AM5 Socket 8 Cores 16 Threads Desktop Processor,32990.0,INR,True,False,False,True,PcData/CPU.csv,sudhanshuy17/pccomponents
05d899341a151f5aec18,cpu,amd Ryzen 9 3900XT 3.8 GHz Upto 4.7 GHz AM4 Socket 12 Cores 24 Threads Desktop Processor,42993.0,INR,True,False,False,True,PcData/CPU.csv,sudhanshuy17/pccomponents
67134389bc7c3dc118b1,cpu,amd Ryzen 9 5900X 3.7 GHz Upto 4.8 GHz AM4 Socket 12 Cores 24 Threads Desktop Processor,34890.0,INR,True,False,False,True,PcData/CPU.csv,sudhanshuy17/pccomponents
7901c8309406907556d9,cpu,amd Ryzen 9 5950X 3.4 GHz Upto 4.9 GHz AM4 Socket 16 Cores 32 Threads Desktop Processor,51890.0,INR,True,False,False,True,PcData/CPU.csv,sudhanshuy17/pccomponents
67aafa838774c66d8dfd,cpu,amd Ryzen� 9 7900X 3D 4.4 GHz Upto 5.6 GHz AM5 Socket 12 Cores 24 Threads 12 MB L2 128 MB L3 Desktop Processor,55999.0,INR,True,False,False,True,PcData/CPU.csv,sudhanshuy17/pccomponents
5beed3005bb91cec3d7d,cpu,amd Ryzen 9 7900X 4.7 GHz Upto 5.6 GHz AM5 Socket 12 Cores 24 Threads Desktop Processor,44390.0,INR,True,False,False,True,PcData/CPU.csv,sudhanshuy17/pccomponents
ffd4b515f1af8a7de98a,cpu,amd Ryzen 9 7950X 4.5 GHz Upto 5.7 GHz AM5 Socket 16 Cores 32 Threads Desktop Processor,60999.0,INR,True,False,False,True,PcData/CPU.csv,sudhanshuy17/pccomponents
d7b34e1e1c39fc5a0da7,cpu,"amd Ryzen Processor 7 series 3.7 GHz AM4 Socket 8 Cores Server, Desktop Processor",27999.0,INR,True,False,False,True,PcData/CPU.csv,sudhanshuy17/pccomponents
d4595431a928836bfc58,cpu,amd Ryzen7 7800X 3D 4.2 GHz AM5 Socket 8 Cores Desktop Processor,45799.0,INR,True,False,False,True,PcData/CPU.csv,sudhanshuy17/pccomponents
94065a03ab50452958cb,cpu,amd ThreadRipper 1900X 3.8 Upto 4 AM4 Socket 8 Cores 16 Threads 4 L2 Workstation Processor,66000.0,INR,True,False,False,True,PcData/CPU.csv,sudhanshuy17/pccomponents
f21913b9de312aab39b4,cpu,AQBP 2.9 GHz LGA 1156 Intel Core I3 530 2.93 GHz LGA 1156 Socket 4 Cores Desktop Processor (Silver) Processor,1050.0,INR,True,False,False,True,PcData/CPU.csv,sudhanshuy17/pccomponents
a93e75b3da6649483ff0,cpu,Arko 3.06 GHz LGA 1156 Intel Core i3-540 3.06 GHz (Refurbished) Processor,1519.0,INR,True,False,False,True,PcData/CPU.csv,sudhanshuy17/pccomponents
2110e1517d0a31d76a76,cpu,Astound VGA Male to HDMI Female Converter 3.5MM USB Gaming Adapter,999.0,INR,False,True,False,True,PcData/CPU.csv,sudhanshuy17/pccomponents
9077186ef3765ecd6756,cpu,Astound VGA to HDMI Converter Adapter Gaming Adapter,999.0,INR,False,True,False,True,PcData/CPU.csv,sudhanshuy17/pccomponents
9805a37fb992a08459e9,cpu,"Astound VGA to HDMI Converter, converts VGA & audio to HDMI Gaming Adapter",999.0,INR,False,True,False,True,PcData/CPU.csv,sudhanshuy17/pccomponents
7d768a3669ab016edbdd,cpu,"Bestor Dual-Sided Multifunctional Desk Pad ,Waterproof Desk Blotter Protector,Extended Mouse Pad/Desk Mat for Work from Home/Office/Gaming | Vegan PU Leather | Anti-Skid, Anti-Slip, Reversible Splash-Proof – Deskspread ~ Navy Blue & Yellow Mousepad",769.0,INR,False,True,False,True,PcData/CPU.csv,sudhanshuy17/pccomponents
f721a105e51fe9554162,cpu,betaohm 2.6 GHz LGA 1155 Intel G620 Processor,359.0,INR,True,False,False,True,PcData/CPU.csv,sudhanshuy17/pccomponents
4f930d280021d5aa879d,cpu,betaohm 3.1 GHz LGA 1155 Intel Core i5-2400 Quad-Core Processor 3.1 GHz 6 MB Cache LGA 1155 Processor,1900.0,INR,True,False,False,True,PcData/CPU.csv,sudhanshuy17/pccomponents
5b906f688c89c0d49579,cpu,betaohm 3.2 GHz LGA 1151 Intel Core I5-6500 3.2 GHz 4 Cores 4 Threads 6 MB Smart Cache Processor,5180.0,INR,True,False,False,True,PcData/CPU.csv,sudhanshuy17/pccomponents
47f7dc3cca8ab4ebe66a,cpu,betaohm 3.3 GHz LGA 1155 Intel Core i5 2500 i5-2500 3.3GHz Processor,1950.0,INR,True,False,False,True,PcData/CPU.csv,sudhanshuy17/pccomponents
97f23c12d824f2a63931,cpu,betaohm 3.4 GHz LGA 1155 Intel Core i5 3570 3rd Generation Processor Excellent Performance Processor Processor,1630.0,INR,True,False,False,True,PcData/CPU.csv,sudhanshuy17/pccomponents
ec88077a1eb3130637c4,cpu,betaohm 3.7 GHz LGA 1151 Intel Core i3-6100 6th Generation 3.7 GHz LGA 1151 Socket 2 Cores 4 Threads 3 MB Processor,1940.0,INR,True,False,False,True,PcData/CPU.csv,sudhanshuy17/pccomponents
c5d5d257d5eb143437f2,cpu,betaohm 3 GHz LGA 1155 I5 3rd genration with Rgb mousepad with 2 year warrenty all over india Processor,2099.0,INR,True,False,False,True,PcData/CPU.csv,sudhanshuy17/pccomponents
27bb46ad8658a84211e2,cpu,betaohm 3 GHz LGA 1155 Intel Socket Processor 2 Core 3.0GHz lga 1155 (G2030) Processor,585.0,INR,True,False,False,True,PcData/CPU.csv,sudhanshuy17/pccomponents
38ec99b714cf1bb2332b,cpu,BRCTRADERS 3.3 GHz LGA 1155 3220 Processor,1700.0,INR,True,False,False,True,PcData/CPU.csv,sudhanshuy17/pccomponents
ab374526a1edd35401da,cpu,Cipto Folding Portable Adjustment Desktop Laptop Holder Stand Cooling Pad,494.0,INR,False,True,False,True,PcData/CPU.csv,sudhanshuy17/pccomponents
92146d04d0329eebb3a3,cpu,DAICHI 3.3 GHz LGA 1155 INTEL CORE i3-3rd GENERATION FOR H61 MOTHERBOARD Processor,899.0,INR,True,False,False,True,PcData/CPU.csv,sudhanshuy17/pccomponents
21e0f1d48df82787b323,cpu,DEVBHOOMI 165 GHz AM2+ DB -VIP 400R Processor,699.0,INR,True,False,False,True,PcData/CPU.csv,sudhanshuy17/pccomponents
beba4efd6515c618f79f,cpu,Dtech 2.6 GHz LGA 1155 G620 Processor,389.0,INR,True,False,False,True,PcData/CPU.csv,sudhanshuy17/pccomponents
86d55c43e0cf4980b7d4,cpu,"Dtech 2.8 GHz AM2+, AM3 AMD Sempron 145 Processor Processor",499.0,INR,True,False,False,True,PcData/CPU.csv,sudhanshuy17/pccomponents
e5e851d7d532bcf1cf6c,cpu,Dtech 2.9 GHz LGA 1155 G2020 Processor,449.0,INR,True,False,False,True,PcData/CPU.csv,sudhanshuy17/pccomponents
85119f773d2654253f1c,cpu,Dtech 2.9 GHz LGA 1155 G645 Processor,399.0,INR,True,False,False,True,PcData/CPU.csv,sudhanshuy17/pccomponents
bf2a05a9d3506200caf5,cpu,Dtech 2.93 GHz LGA 775 E7500 Processor,399.0,INR,True,False,False,True,PcData/CPU.csv,sudhanshuy17/pccomponents
45a66b1bb5d73c9dbed0,cpu,"Dtech 3.2 GHz FM2+, FM2 AMD A8-5500B AD550BOKA44HJ Processor",2499.0,INR,True,False,False,True,PcData/CPU.csv,sudhanshuy17/pccomponents
f344f3c032140ed9d9bb,cpu,Dtech 3.2 GHz LGA 1155 Intel Core i5 3470 Processor,3050.0,INR,True,False,False,True,PcData/CPU.csv,sudhanshuy17/pccomponents
7ce180bd6630e06e9053,cpu,Dtech 3.3 GHz LGA 1150 G4400 Processor,2500.0,INR,True,False,False,True,PcData/CPU.csv,sudhanshuy17/pccomponents
4d5be852e15c95ed13cf,cpu,Dtech 3.3 GHz LGA 1151 G4400 3.30Ghz Pentium LGA1151 6th Gen Processor,1399.0,INR,True,False,False,True,PcData/CPU.csv,sudhanshuy17/pccomponents
de6a19bf678a0dd2e287,cpu,Dtech 3.3 GHz LGA 1155 2120 Processor,849.0,INR,True,False,False,True,PcData/CPU.csv,sudhanshuy17/pccomponents
d5185ed68137adfc5d8e,cpu,Dtech 3 GHz LGA 775 E5700 Processor,399.0,INR,True,False,False,True,PcData/CPU.csv,sudhanshuy17/pccomponents
b6471aa79ffc0b253293,cpu,DTech Pentium 3 GHz LGA 1155 G2030 Processor,549.0,INR,True,False,False,True,PcData/CPU.csv,sudhanshuy17/pccomponents
bba7e414534718ab4702,cpu,ERH India 100 GHz AM2 1 Pc Induction Cooling Fan Big Processor,229.0,INR,True,False,False,True,PcData/CPU.csv,sudhanshuy17/pccomponents
80158fe4cca8d2a7372c,cpu,ERH India 100 GHz AM2 1 Pc Induction Cooling Fan Small Processor,299.0,INR,True,False,False,True,PcData/CPU.csv,sudhanshuy17/pccomponents
beffd0f00604d08721a9,cpu,ERH India 100 GHz AM2 1 Pc Induction Cooling Fan Small Processor,388.0,INR,True,False,False,True,PcData/CPU.csv,sudhanshuy17/pccomponents
087892288d147f1187ed,cpu,Etake 3.6 GHz LGA 775 CPU Fan Cooler and Heat-Sink Cooling Fan 12V DC Processor,349.0,INR,True,False,False,True,PcData/CPU.csv,sudhanshuy17/pccomponents
2b56ba88472e90ddd8e1,cpu,EXPERTRONICS 2.93 GHz LGA 775 Core 2 Duo 2.93 Processor,425.0,INR,True,False,False,True,PcData/CPU.csv,sudhanshuy17/pccomponents
e978f20c884ae083dfac,cpu,GIG SN 3.5 GHz LGA 1200 I5 11400f Processor,20000.0,INR,True,False,False,True,PcData/CPU.csv,sudhanshuy17/pccomponents
8c82d593d469fd866463,cpu,GIGASTAR 2.5 GHz LGA 1150 i5-2nd gen-2400 Processor,1990.0,INR,True,False,False,True,PcData/CPU.csv,sudhanshuy17/pccomponents
c331883d1142641da2d9,cpu,GIGASTAR 2 GHz LGA 1150 i5-4th gen-4590 Processor,2899.0,INR,True,False,False,True,PcData/CPU.csv,sudhanshuy17/pccomponents
4fb4e01b27cf02418e86,cpu,GIGASTAR 3.2 GHz LGA 1151 INTEL CORE I3 6100T Processor,6750.0,INR,True,False,False,True,PcData/CPU.csv,sudhanshuy17/pccomponents
890dde11c58c2d37904f,cpu,GIGASTAR 3.2 GHz LGA 1156 Intel Core i5-650 For H55 Motherboard 1st Generation Processor,765.0,INR,True,False,False,True,PcData/CPU.csv,sudhanshuy17/pccomponents
a61f4359c086ea347822,cpu,GIGASTAR 3.3 GHz LGA 1155 Intel Core i3 i3-2120 3.30 GHz Processor - Socket H2 LGA-1155 Processor,674.0,INR,True,False,False,True,PcData/CPU.csv,sudhanshuy17/pccomponents
d0108f2d60d12f564227,cpu,GIGASTAR 3.4 GHz LGA 1155 INTEL CORE I5-3570 Processor,1630.0,INR,True,False,False,True,PcData/CPU.csv,sudhanshuy17/pccomponents
c75e831334f5687c07e9,cpu,GIGASTAR 3.4 GHz LGA 1155 Intel i3 (3240) 3rd Gen Processor for H61 Chipset Processor,800.0,INR,True,False,False,True,PcData/CPU.csv,sudhanshuy17/pccomponents
3874f01a49daa0fd5cfc,cpu,GIGASTAR 3.4 GHz LGA 1155 Intel i5-3570K For H61 Motherboard 3rd Generation Processor,1890.0,INR,True,False,False,True,PcData/CPU.csv,sudhanshuy17/pccomponents
db2ab36b584279511ebd,cpu,Gigatech 4 GHz LGA 1151 core i7 6th generation (OEM Tray) Desktop processor Processor,11316.0,INR,True,False,False,True,PcData/CPU.csv,sudhanshuy17/pccomponents
5014c5dd674dacd4d700,cpu,GREEN SOUL Monster Ult. (S) Multi-Functional Ergonomic Chair|Gaming & WFH|Supreme Comfort Gaming Chair,18990.0,INR,False,True,False,True,PcData/CPU.csv,sudhanshuy17/pccomponents
4fa755b2232c960742c1,cpu,GREEN SOUL Xtreme Gaming Chair,16990.0,INR,False,True,False,True,PcData/CPU.csv,sudhanshuy17/pccomponents
9c2e570587bb9f84e57f,cpu,Intel 1st Generation Core i3 550 Processor LGA 1156 Supported 3.2 GHz LGA 1156 Socket 2 Cores 4 Threads 4 MB Smart Cache Desktop Processor,1339.0,INR,True,False,False,True,PcData/CPU.csv,sudhanshuy17/pccomponents
0e1fc916ab773d5d4675,cpu,Intel 2400 3.1 GHz LGA 1155 Socket 8 Cores Desktop Processor,2298.0,INR,True,False,False,True,PcData/CPU.csv,sudhanshuy17/pccomponents
64d91751dfbec8fdca72,cpu,Intel 3570 3.4 GHz LGA 1155 Socket 4 Cores Desktop Processor,1800.0,INR,True,False,False,True,PcData/CPU.csv,sudhanshuy17/pccomponents
42a5f6c16eb7c1814915,cpu,Intel 3570 processor 3.8 GHz LGA 1155 Socket 4 Cores Desktop Processor,1889.0,INR,True,False,False,True,PcData/CPU.csv,sudhanshuy17/pccomponents
65da85bf2cef47a13e53,cpu,Intel 3570K 3.4 GHz LGA 1155 Socket 4 Cores Desktop Processor,2400.0,INR,True,False,False,True,PcData/CPU.csv,sudhanshuy17/pccomponents
b6c58e4e62527a464970,cpu,Intel 4th Generation 3.3 GHz LGA 1150 Socket 2 Cores Desktop Processor,1350.0,INR,True,False,False,True,PcData/CPU.csv,sudhanshuy17/pccomponents
6f2eff5054063277595d,cpu,Intel 540 core I3 1st 3 GHz LGA 1156 Socket 4 Cores Desktop Processor,1299.0,INR,True,False,False,True,PcData/CPU.csv,sudhanshuy17/pccomponents
4d71ce825d51c63330b1,cpu,Intel 540 core I3 3.06 GHz LGA 1156 Socket 4 Cores Desktop Processor,1200.0,INR,True,False,False,True,PcData/CPU.csv,sudhanshuy17/pccomponents
105accef304a44a99962,cpu,Intel 6100 3.7 GHz LGA 1151 Socket 2 Cores 4 Threads Desktop Processor,2600.0,INR,True,False,False,True,PcData/CPU.csv,sudhanshuy17/pccomponents
78be5ce8191bc59f00ac,cpu,Intel 6100T 3.2 GHz LGA 1151 Socket 2 Cores 4 Threads Desktop Processor,2250.0,INR,True,False,False,True,PcData/CPU.csv,sudhanshuy17/pccomponents
3a6ec0db4dae1d49b52b,cpu,"Intel Core 2 Duo (E8400) 6M Cache , 3 GHz LGA 775 Socket 2 Cores Desktop Processor",1800.0,INR,True,False,False,True,PcData/CPU.csv,sudhanshuy17/pccomponents
df0d4d1e7a0abcedf668,cpu,Intel Core i3-10100 3.6 GHz Upto 4.3 GHz LGA 1200 Socket 4 Cores 8 Threads 6 MB Smart Cache Desktop Processor,9599.0,INR,True,False,False,True,PcData/CPU.csv,sudhanshuy17/pccomponents
61ca36937bd25d60452e,cpu,Intel Core i3 10th Gen 10100f 3.6 GHz LGA 1200 Socket 4 Cores Desktop Processor,7940.0,INR,True,False,False,True,PcData/CPU.csv,sudhanshuy17/pccomponents
16310621cdb1216dd12e,cpu,Intel Core i3 2100 3.1 GHz LGA 1155 Socket 2 Cores Desktop Processor,900.0,INR,True,False,False,True,PcData/CPU.csv,sudhanshuy17/pccomponents
a3133f27509ff4ab0c1f,cpu,Intel Core i3 2120 2nd Generation 3.3 GHz LGA 1155 Socket 2 Cores Desktop Processor,1249.0,INR,True,False,False,True,PcData/CPU.csv,sudhanshuy17/pccomponents
7921e7dd472aee5327d4,cpu,Intel Core i3-2120 3.3 GHz LGA 1155 Socket 2 Cores 4 Threads 3 MB Smart Cache Desktop Processor,800.0,INR,True,False,False,True,PcData/CPU.csv,sudhanshuy17/pccomponents
c1d7ca8a059dc6f67cb4,cpu,Intel Core i3-3220 ( 3RD Genaretion ) 3.3 GHz LGA 1155 Socket 2 Cores Desktop Processor,1662.0,INR,True,False,False,True,PcData/CPU.csv,sudhanshuy17/pccomponents
70dbddce34ecbd28fa56,cpu,Intel Core i3-3240 3.4 GHz LGA 1155 Socket 2 Cores 4 Threads 3 MB Smart Cache Desktop Processor,1699.0,INR,True,False,False,True,PcData/CPU.csv,sudhanshuy17/pccomponents
fb96059cd48ca7f1ca46,cpu,Intel Core i3-3250 (3RD Generation) 3.5 GHz LGA 1155 Socket 2 Cores Desktop Processor,1500.0,INR,True,False,False,True,PcData/CPU.csv,sudhanshuy17/pccomponents
d260b1480d78609c38c8,cpu,Intel Core i3-4130T 2.9 GHz LGA 1150 Socket 2 Cores 4 Threads 3 MB Smart Cache Desktop Processor,4180.0,INR,True,False,False,True,PcData/CPU.csv,sudhanshuy17/pccomponents
a7b57c7905644ca4fb2f,cpu,Intel Core i3 4150 3.5 GHz LGA 1150 Socket 2 Cores Desktop Processor,1898.0,INR,True,False,False,True,PcData/CPU.csv,sudhanshuy17/pccomponents
b55d1bc761db4a621061,cpu,Intel Core i3-540 3.06 GHz LGA 1156 Socket 2 Cores 4 Threads 4 MB Smart Cache Desktop Processor,1350.0,INR,True,False,False,True,PcData/CPU.csv,sudhanshuy17/pccomponents
ee2e8b4fd00109389376,cpu,Intel Core i3-7100 ( 7Th Gen ) 3MB Smart Cache 3.9 GHz LGA 1151 Socket 2 Cores Desktop Processor,9999.0,INR,True,False,False,True,PcData/CPU.csv,sudhanshuy17/pccomponents
63ef7238c44c66412dad,cpu,Intel Core i5-10600K 4.1 GHz Upto 4.8 GHz LGA 1200 Socket 6 Cores 12 Threads 12 MB Smart Cache Desktop Processor,22499.0,INR,True,False,False,True,PcData/CPU.csv,sudhanshuy17/pccomponents
d8d8e8c13adb95270098,cpu,Intel Core i5-2400 3.1 GHz Upto 3.4 GHz LGA 1155 Socket 4 Cores 4 Threads 6 MB Smart Cache Desktop Processor,2786.0,INR,True,False,False,True,PcData/CPU.csv,sudhanshuy17/pccomponents
75fb54665e5965a23e47,cpu,Intel CORE I5 2400 PROCESSOR ( 2ND GENERATION ) 3.1 GHz Upto 3.4 GHz LGA 1155 Socket 4 Cores 4 Threads 6 MB Smart Cache Desktop Processor,2289.0,INR,True,False,False,True,PcData/CPU.csv,sudhanshuy17/pccomponents
78ee5b67a496f18f8851,cpu,Intel core I5 2500k 3.3 GHz LGA 1155 Socket 4 Cores Desktop Processor,2600.0,INR,True,False,False,True,PcData/CPU.csv,sudhanshuy17/pccomponents
6b66b3a9ffe10e7b8592,cpu,Intel Core i5-2500K 3.3 GHz Upto 3.7 GHz LGA 1155 Socket 4 Cores 4 Threads 6 MB Smart Cache Desktop Processor,2300.0,INR,True,False,False,True,PcData/CPU.csv,sudhanshuy17/pccomponents
2347f0427b369e621ee9,cpu,Intel Core i5-3470 3.2 GHz Upto 3.6 GHz LGA 1155 Socket 4 Cores 4 Threads 6 MB Smart Cache Desktop Processor,2734.0,INR,True,False,False,True,PcData/CPU.csv,sudhanshuy17/pccomponents
a47dcaeedc5c543b71a8,cpu,Intel Core i5-3470 3.2 GHz Upto 3.6 GHz LGA 1155 Socket 4 Cores 4 Threads 6 MB Smart Cache Desktop Processor (Silver) 3.2 GHz LGA 1155 Socket 4 Cores Desktop Processor,2652.0,INR,True,False,False,True,PcData/CPU.csv,sudhanshuy17/pccomponents
7bbcb1944222dba8e3bd,cpu,Intel Core i5 3470 3.6 GHz LGA 1155 Socket 4 Cores Desktop Processor,1700.0,INR,True,False,False,True,PcData/CPU.csv,sudhanshuy17/pccomponents
5cee224f496baa5c9143,cpu,Intel CORE I5 3470 PROCESSOR ( 3RD GENERATION ) 3.2 GHz Upto 3.6 GHz LGA 1155 Socket 4 Cores 4 Threads 6 MB Smart Cache Desktop Processor,3209.0,INR,True,False,False,True,PcData/CPU.csv,sudhanshuy17/pccomponents
dc739cafbcf384d1afb0,cpu,Intel Core i5-3550 ( 3RD GEN ) Quad-Core 6MB Cache 3.3 GHz LGA 1155 Socket 4 Cores Desktop Processor,2422.0,INR,True,False,False,True,PcData/CPU.csv,sudhanshuy17/pccomponents
f7a159dc9d2510606b87,cpu,Intel Core i5-3550P ( 3RD GEN ) Quad-Core 6MB Cache 3.1 GHz LGA 1155 Socket 4 Cores Desktop Processor,2422.0,INR,True,False,False,True,PcData/CPU.csv,sudhanshuy17/pccomponents
acde862e57987db0b069,cpu,Intel Core i5-3570 3.4 GHz Upto 3.8 GHz LGA 1155 Socket 4 Cores 4 Threads 6 MB Smart Cache Desktop Processor,2496.0,INR,True,False,False,True,PcData/CPU.csv,sudhanshuy17/pccomponents
e7227442e82cff29d7ac,cpu,Intel Core I5 3570 3.8 GHz LGA 1155 Socket 4 Cores Desktop Processor,2050.0,INR,True,False,False,True,PcData/CPU.csv,sudhanshuy17/pccomponents
cb025eff86cce23e9f1d,cpu,Intel Core i5 3570 Best Performance 3rd Generation 3.4 GHz LGA 1155 Socket 4 Cores Desktop Processor,2382.0,INR,True,False,False,True,PcData/CPU.csv,sudhanshuy17/pccomponents
ca5bf0d23076125dd810,cpu,Intel CORE I5 3570 PROCESSOR ( 3RD GENERATION ) 3.4 GHz Upto 3.8 GHz LGA 1155 Socket 4 Cores 4 Threads 6 MB Smart Cache Desktop Processor,2878.0,INR,True,False,False,True,PcData/CPU.csv,sudhanshuy17/pccomponents
2a0129f0479a08cbaff8,cpu,Intel core I5 3rd Gen 3570 3.4 GHz LGA 1155 Socket 4 Cores Desktop Processor,2500.0,INR,True,False,False,True,PcData/CPU.csv,sudhanshuy17/pccomponents
efe2e51ef35d9f91f7eb,cpu,Intel Core i5-4570 (4TH Gen) Quad-Core 6MB Cache 3.2 GHz LGA 1150 Socket 4 Cores Desktop Processor,2397.0,INR,True,False,False,True,PcData/CPU.csv,sudhanshuy17/pccomponents
91d89e8db4ee06402848,cpu,Intel Core i5-4570S (4TH Gen) Quad-Core 6MB Cache 2.9 GHz LGA 1150 Socket 4 Cores Desktop Processor,2800.0,INR,True,False,False,True,PcData/CPU.csv,sudhanshuy17/pccomponents
eaa3440d3fe833cf44e2,cpu,Intel Core i5-4570T (4TH Generation) 6MB Cache 2.9 GHz LGA 1150 Socket 4 Cores Desktop Processor,2400.0,INR,True,False,False,True,PcData/CPU.csv,sudhanshuy17/pccomponents
aeedbca84de15ed4140b,cpu,Intel CORE I5 4590 ( 4TH GENERATION ) PROCESSOR 3.3 GHz Upto 3.7 GHz LGA 1150 Socket 4 Cores 4 Threads 6 MB Smart Cache Desktop Processor,3100.0,INR,True,False,False,True,PcData/CPU.csv,sudhanshuy17/pccomponents
21ed06117eab8581c962,cpu,Intel Core i5-4670 (4TH Gen) Quad-Core 6MB Cache 3.4 GHz LGA 1150 Socket 4 Cores Desktop Processor,2999.0,INR,True,False,False,True,PcData/CPU.csv,sudhanshuy17/pccomponents
c706757c028f76333494,cpu,Intel Core i7-10700 2.9 GHz Upto 4.8 GHz LGA 1200 Socket 8 Cores 16 Threads 16 MB Smart Cache Desktop Processor,26435.0,INR,True,False,False,True,PcData/CPU.csv,sudhanshuy17/pccomponents
5c06be940cf63eb4f7c3,cpu,Intel Core i7-10700K 3.8 GHz Upto 5.1 GHz LGA 1200 Socket 8 Cores 16 Threads 16 MB Smart Cache Desktop Processor,28499.0,INR,True,False,False,True,PcData/CPU.csv,sudhanshuy17/pccomponents
eaafef6c4245e6e7b618,cpu,Intel Core i7 7700 3.6 GHz LGA 1151 Socket 4 Cores Desktop Processor,14100.0,INR,True,False,False,True,PcData/CPU.csv,sudhanshuy17/pccomponents
cb9b593f981bc5a92dfc,cpu,Intel Core i9-10850K 3.6 GHz Upto 5.2 GHz LGA 1200 Socket 10 Cores 20 Threads 20 MB Smart Cache Desktop Processor,37957.0,INR,True,False,False,True,PcData/CPU.csv,sudhanshuy17/pccomponents
0952c45387a1bb1ec4e9,cpu,Intel Core i9-10900KF 3.7 GHz Upto 5.3 GHz LGA 1200 Socket 10 Cores 20 Threads 20 MB Smart Cache Desktop Processor,42999.0,INR,True,False,False,True,PcData/CPU.csv,sudhanshuy17/pccomponents
5c1bee2ce754875a9747,cpu,Intel Core i9-10900X X-series 3.7 GHz LGA 2066 Socket 10 Cores Desktop Processor,63999.0,INR,True,False,False,True,PcData/CPU.csv,sudhanshuy17/pccomponents
ff17ca47dfb3d52417ec,cpu,Intel Core i9-10980XE Extreme Edition 3 GHz Upto 4.6 GHz LGA 2066 Socket 18 Cores 36 Threads 25 MB Smart Cache Desktop Processor,87370.0,INR,True,False,False,True,PcData/CPU.csv,sudhanshuy17/pccomponents
754e2cdd2f6d92853a5f,cpu,Intel Core i9-9980XE Extreme Edition 3 GHz Upto 4.4 GHz LGA 2066 Socket 18 Cores 36 Threads Desktop Processor,79999.0,INR,True,False,False,True,PcData/CPU.csv,sudhanshuy17/pccomponents
f170e5400d3261fa8caa,cpu,Intel Core(TM) i7-10700F 2.9 GHz LGA 1200 Socket 8 Cores Desktop Processor,24999.0,INR,True,False,False,True,PcData/CPU.csv,sudhanshuy17/pccomponents
9d34c32e016ee6293d34,cpu,Intel Dual Core 4Th Gen G3420 3.2 GHz LGA 1150 Socket 2 Cores Desktop Processor,1140.0,INR,True,False,False,True,PcData/CPU.csv,sudhanshuy17/pccomponents
bd7fa3fdf19ddeda0c88,cpu,Intel Dual Core G2020 2.9 GHz LGA 1155 Socket 2 Cores Desktop Processor,949.0,INR,True,False,False,True,PcData/CPU.csv,sudhanshuy17/pccomponents
3a88f096822bf5ca3a1d,cpu,Intel e-7500 2.93 GHz Upto 2.93 GHz LGA 775 Socket 2 Cores 2 Threads 3 MB Smart Cache Desktop Processor,1150.0,INR,True,False,False,True,PcData/CPU.csv,sudhanshuy17/pccomponents
f02875b655d6c03963c0,cpu,Intel E2160 3 GHz LGA 775 Socket 2 Cores Desktop Processor,1300.0,INR,True,False,False,True,PcData/CPU.csv,sudhanshuy17/pccomponents
bd5a7b499c2e171f0b02,cpu,"Intel G2130(Dual core ,3.2GHz ,LGA1155) 3.2 GHz LGA 1155 Socket 2 Cores Desktop Processor",1187.0,INR,True,False,False,True,PcData/CPU.csv,sudhanshuy17/pccomponents
87a35aa3cb3ef271781e,cpu,Intel G3240 4th Generation LGA 1150 3.1 GHz LGA 1150 Socket 2 Cores Desktop Processor,1092.0,INR,True,False,False,True,PcData/CPU.csv,sudhanshuy17/pccomponents
e4d2d48751003e1d58fa,cpu,Intel G3250 4th Generation 3.2 GHz LGA 1150 Socket 2 Cores Desktop Processor,1234.0,INR,True,False,False,True,PcData/CPU.csv,sudhanshuy17/pccomponents
92492fcb0adc4d4d74ae,cpu,Intel G3250T 4th Generation LGA 1150 2.8 GHz LGA 1150 Socket 2 Cores Desktop Processor,1092.0,INR,True,False,False,True,PcData/CPU.csv,sudhanshuy17/pccomponents
5b4f8511395c2349c12a,cpu,Intel G3260 4Th Generation 3.3 GHz LGA 1150 Socket 2 Cores Desktop Processor,1263.0,INR,True,False,False,True,PcData/CPU.csv,sudhanshuy17/pccomponents
4fc8e17e265bc1a51216,cpu,Intel G4400 3.3 GHz LGA 1151 Socket 2 Cores Desktop Processor,4999.0,INR,True,False,False,True,PcData/CPU.csv,sudhanshuy17/pccomponents
50ddcbaa5d0a0784b3aa,cpu,Intel G4560 3.5 GHz LGA 1151 Socket 2 Cores Desktop Processor,5999.0,INR,True,False,False,True,PcData/CPU.csv,sudhanshuy17/pccomponents
b60a4974e4ecb54ba887,cpu,Intel G5900 3.4 GHz LGA 1200 Socket 2 Cores Desktop Processor,5999.0,INR,True,False,False,True,PcData/CPU.csv,sudhanshuy17/pccomponents
5ade692d6a0d629663f1,cpu,Intel G630 2.7 GHz LGA 1155 Socket 2 Cores Desktop Processor,1499.0,INR,True,False,False,True,PcData/CPU.csv,sudhanshuy17/pccomponents
81a97493c62fb5e0a0e9,cpu,Intel G6405 4.1 GHz Upto 4.1 GHz LGA 1200 Socket 2 Cores 4 Threads Desktop Processor,5499.0,INR,True,False,False,True,PcData/CPU.csv,sudhanshuy17/pccomponents
937f68a151b04820874b,cpu,Intel I3-10100F LGA1200 3.6 GHz Upto 4.3 GHz LGA 1200 Socket 4 Cores 8 Threads 6 MB Smart Cache Desktop Processor,6998.0,INR,True,False,False,True,PcData/CPU.csv,sudhanshuy17/pccomponents
19ee07ea9a533c0efcc4,cpu,Intel i3-10105 4.4 GHz Upto 4.4 GHz LGA 1200 Socket 4 Cores 8 Threads Desktop Processor,9999.0,INR,True,False,False,True,PcData/CPU.csv,sudhanshuy17/pccomponents
db42b378c6a1b49e57e4,cpu,Intel i3-10105F 3.7 GHz Upto 3.7 GHz LGA 1200 Socket 4 Cores 8 Threads Desktop Processor,7099.0,INR,True,False,False,True,PcData/CPU.csv,sudhanshuy17/pccomponents
e7e7aa18e803fab90ca3,cpu,Intel i3-12100 4.3 GHz Upto 4.3 GHz LGA1700 Socket 4 Cores 8 Threads Desktop Processor,12999.0,INR,True,False,False,True,PcData/CPU.csv,sudhanshuy17/pccomponents
35b26b01e2400f0e6a34,cpu,Intel i3-12100F 4.3 GHz Upto 4.3 GHz LGA1700 Socket 4 Cores 8 Threads Desktop Processor,8626.0,INR,True,False,False,True,PcData/CPU.csv,sudhanshuy17/pccomponents
5c92bb272224dcf178b8,cpu,Intel I3 2100 3.1 GHz LGA 1155 Socket 2 Cores Desktop Processor,1235.0,INR,True,False,False,True,PcData/CPU.csv,sudhanshuy17/pccomponents
26a53fa33f7f369904ce,cpu,Intel i3-2120 3.3 GHz LGA 1155 Socket 2 Cores 4 Threads 3 MB Smart Cache Desktop Processor,1303.0,INR,True,False,False,True,PcData/CPU.csv,sudhanshuy17/pccomponents
5b0431b0efe0dfa112d1,cpu,Intel I3 2120 3.3 GHz LGA 1155 Socket 2 Cores Desktop Processor,1400.0,INR,True,False,False,True,PcData/CPU.csv,sudhanshuy17/pccomponents
cb362a8ff8e2e2290375,cpu,Intel I3-3220 3.3 GHz LGA 775 Socket 2 Cores 4 Threads 3 MB Smart Cache Desktop Processor,1998.0,INR,True,False,False,True,PcData/CPU.csv,sudhanshuy17/pccomponents
eedfd8db75a99bdbbbe2,cpu,Intel i3 (3220) 3rd Generation Processor for H61 Motherboards 3.3 GHz LGA 1155 Socket 2 Cores Desktop Processor,1709.0,INR,True,False,False,True,PcData/CPU.csv,sudhanshuy17/pccomponents
28af8d6414f3d7431819,cpu,Intel i3 3240 3 GHz LGA 1155 Socket 2 Cores Desktop Processor,1698.0,INR,True,False,False,True,PcData/CPU.csv,sudhanshuy17/pccomponents
982dd55b5e2d676094d0,cpu,Intel I3 3250 3.5 GHz LGA 1155 Socket 2 Cores Desktop Processor,1200.0,INR,True,False,False,True,PcData/CPU.csv,sudhanshuy17/pccomponents
2047f2edb16a2db61b27,cpu,Intel I3 4130 3.4 GHz LGA 1150 Socket 4 Cores Desktop Processor,1350.0,INR,True,False,False,True,PcData/CPU.csv,sudhanshuy17/pccomponents
03fcf9f19a57b44122ba,cpu,"Intel I3 4150 3.5 GHz LGA 1150 Socket 2 Cores Desktop, Tablet Processor",3899.0,INR,True,False,False,True,PcData/CPU.csv,sudhanshuy17/pccomponents
8cd0b429b98f7b1643fc,cpu,Intel I3 540 3.06 GHz LGA 1156 Socket 4 Cores Desktop Processor,1350.0,INR,True,False,False,True,PcData/CPU.csv,sudhanshuy17/pccomponents
6d03359d7fd98ca5e1da,cpu,Intel I3 550 3.2 GHz LGA 1156 Socket 4 Cores Desktop Processor,1412.0,INR,True,False,False,True,PcData/CPU.csv,sudhanshuy17/pccomponents
31473f6933a2485360c5,cpu,Intel I3 6100T 3.2 GHz LGA 1151 Socket 2 Cores Desktop Processor,6500.0,INR,True,False,False,True,PcData/CPU.csv,sudhanshuy17/pccomponents
6caa101214cfc2bbbbf6,cpu,Intel i5-11400 4.4 GHz Upto 4.4 GHz LGA 1200 Socket 6 Cores 12 Threads Desktop Processor,14818.0,INR,True,False,False,True,PcData/CPU.csv,sudhanshuy17/pccomponents
01e285e7d19e152ccffa,cpu,Intel i5-11400F 4.4 GHz Upto 2.6 GHz LGA 1200 Socket 6 Cores 12 Threads Desktop Processor,13000.0,INR,True,False,False,True,PcData/CPU.csv,sudhanshuy17/pccomponents
524c1f54aa3397ec4f7a,cpu,Intel I5-11500 4.6 GHz Upto 4.6 GHz LGA 1200 Socket 6 Cores 12 Threads Desktop Processor,20999.0,INR,True,False,False,True,PcData/CPU.csv,sudhanshuy17/pccomponents
56857f372bbc19d8f2d3,cpu,Intel i5-11600K 3.9 GHz Upto 3.9 GHz LGA 1200 Socket 6 Cores 12 Threads Desktop Processor,23999.0,INR,True,False,False,True,PcData/CPU.csv,sudhanshuy17/pccomponents
ad73e2f002f0e55d44da,cpu,Intel i5-12400F 4.4 GHz Upto 4.4 GHz LGA1700 Socket 6 Cores 12 Threads Desktop Processor,13008.0,INR,True,False,False,True,PcData/CPU.csv,sudhanshuy17/pccomponents
b22eaf46253936e8984d,cpu,Intel i5-12600K 4.9 GHz Upto 4.9 GHz LGA1700 Socket 10 Cores 16 Threads Desktop Processor,27499.0,INR,True,False,False,True,PcData/CPU.csv,sudhanshuy17/pccomponents
9364bb0bbd144b8f2458,cpu,Intel i5-13600K 2.6 GHz LGA1700 Socket 6 Cores Desktop Processor,28900.0,INR,True,False,False,True,PcData/CPU.csv,sudhanshuy17/pccomponents
1d08c1f02af22dbc0451,cpu,Intel I5 2400 3.4 GHz LGA 1156 Socket 4 Cores Desktop Processor,2199.0,INR,True,False,False,True,PcData/CPU.csv,sudhanshuy17/pccomponents
ba5405573c48e24862b8,cpu,Intel I5 2500 3.3 GHz LGA 1155 Socket 4 Cores Desktop Processor,1869.0,INR,True,False,False,True,PcData/CPU.csv,sudhanshuy17/pccomponents
4eba4bafd2e99c65a644,cpu,Intel i5 2500 3.7 GHz LGA 1155 Socket 2 Cores Desktop Processor,1575.0,INR,True,False,False,True,PcData/CPU.csv,sudhanshuy17/pccomponents
27057c58c045016b6eed,cpu,Intel I5 3470 3.2 GHz LGA 1155 Socket 4 Cores Desktop Processor,2350.0,INR,True,False,False,True,PcData/CPU.csv,sudhanshuy17/pccomponents
e2b128c1a00a2342c109,cpu,Intel I5-3470 3.2 GHz LGA 1155 Socket 4 Cores Desktop Processor,2755.0,INR,True,False,False,True,PcData/CPU.csv,sudhanshuy17/pccomponents
43c0d4a1ad5bf77d3b9b,cpu,Intel i5-3470T (3RD Gen) 2.9 GHz LGA 1155 Socket 2 Cores Desktop Processor,2900.0,INR,True,False,False,True,PcData/CPU.csv,sudhanshuy17/pccomponents
f0b1ec7be84eb56796f2,cpu,Intel I5 3550 3.3 GHz LGA 1155 Socket 4 Cores Desktop Processor,1800.0,INR,True,False,False,True,PcData/CPU.csv,sudhanshuy17/pccomponents
22d6cee599afc732c209,cpu,Intel i5 3570 3.4 GHz Upto 4 GHz LGA 1155 Socket 4 Cores 4 Threads 8 MB Smart Cache Desktop Processor,3339.0,INR,True,False,False,True,PcData/CPU.csv,sudhanshuy17/pccomponents
74cf8d41ddbdacbba388,cpu,Intel I5 3570 3.8 GHz LGA 1155 Socket 4 Cores Desktop Processor,1790.0,INR,True,False,False,True,PcData/CPU.csv,sudhanshuy17/pccomponents
088b75bfa2a2c3fe22ed,cpu,Intel I5 3570 3.8 GHz LGA 1155 Socket 4 Cores Desktop Processor,2044.0,INR,True,False,False,True,PcData/CPU.csv,sudhanshuy17/pccomponents
45c44c92939ffdfd1b35,cpu,Intel I5 3570K 3.4 GHz LGA 1155 Socket 4 Cores Desktop Processor,2850.0,INR,True,False,False,True,PcData/CPU.csv,sudhanshuy17/pccomponents
d59527e947780ca8f4f8,cpu,"Intel i5-4460 ( 4Th Generation ) 6 MB Smart Cache, 3.2 GHz LGA 1150 Socket 4 Cores Desktop Processor",3150.0,INR,True,False,False,True,PcData/CPU.csv,sudhanshuy17/pccomponents
e7870e7422918d6d8557,cpu,Intel i5 4570 3.3 GHz LGA 1150 Socket 4 Cores Desktop Processor,3148.0,INR,True,False,False,True,PcData/CPU.csv,sudhanshuy17/pccomponents
87b9728c17c2453a1a79,cpu,Intel I5-4590(4Th Gen) 6 MB Cache 3.3 GHz LGA 1150 Socket 4 Cores Desktop Processor,3372.0,INR,True,False,False,True,PcData/CPU.csv,sudhanshuy17/pccomponents
770d21c8553d316af43a,cpu,"Intel i5-4590S (4TH Gen) 6MB Cache, 3 GHz LGA 1150 Socket 4 Cores Desktop Processor",2660.0,INR,True,False,False,True,PcData/CPU.csv,sudhanshuy17/pccomponents
0298f5c2c05f36d27475,cpu,Intel I5-4590T 2 GHz LGA 1150 Socket 4 Cores 4 Threads 6 MB Smart Cache Desktop Processor,3500.0,INR,True,False,False,True,PcData/CPU.csv,sudhanshuy17/pccomponents
f59b61c3fd05bf610c37,cpu,"Intel i5-4590T (4TH Gen) 6MB Cache, 2 GHz LGA 1150 Socket 4 Cores Desktop Processor",2900.0,INR,True,False,False,True,PcData/CPU.csv,sudhanshuy17/pccomponents
beb5d08543060e6ec2cb,cpu,"Intel i5-4670 ( 4Th Generation ) 6 MB Smart Cache, 3.4 GHz LGA 1150 Socket 4 Cores Desktop Processor",2950.0,INR,True,False,False,True,PcData/CPU.csv,sudhanshuy17/pccomponents
8a8d429aa08dc750acac,cpu,"Intel i5-4690(4Th Generation ) 6 MB Smart Cache, 3.5 GHz LGA 1150 Socket 4 Cores Desktop Processor",3299.0,INR,True,False,False,True,PcData/CPU.csv,sudhanshuy17/pccomponents
9db618a7b576dd72ef31,cpu,Intel i5 650 LGA 1156 3.2 GHz LGA 1156 Socket 2 Cores Desktop Processor,1900.0,INR,True,False,False,True,PcData/CPU.csv,sudhanshuy17/pccomponents
4b7ff6756055a4c96b24,cpu,Intel I5 6500 3.2 GHz LGA 1151 Socket 4 Cores Desktop Processor,5200.0,INR,True,False,False,True,PcData/CPU.csv,sudhanshuy17/pccomponents
52025071eca6aa23e4bc,cpu,Intel i5 QHVZ 2.2G 35W for LGA 1151 2.2 GHz LGA 1151 Socket 4 Cores Desktop Processor,9999.0,INR,True,False,False,True,PcData/CPU.csv,sudhanshuy17/pccomponents
8c32faf14342b5d64ee3,cpu,Intel i7-11700 2.5 GHz Upto 2.5 GHz LGA 1200 Socket 8 Cores 16 Threads Desktop Processor,26899.0,INR,True,False,False,True,PcData/CPU.csv,sudhanshuy17/pccomponents
73eef305852ac4f56893,cpu,Intel I7-11700 4.9 GHz Upto 4.9 GHz LGA 1200 Socket 8 Cores 16 Threads Desktop Processor,29999.0,INR,True,False,False,True,PcData/CPU.csv,sudhanshuy17/pccomponents
f7aefca1f13da52a139e,cpu,Intel I7-11700F 4.9 GHz Upto 4.9 GHz LGA 1200 Socket 8 Cores 16 Threads Desktop Processor,26518.0,INR,True,False,False,True,PcData/CPU.csv,sudhanshuy17/pccomponents
4e107ce5a3e187934c2d,cpu,Intel I7-11700K 5 Ghz Upto 5 GHz LGA 1200 Socket 8 Cores 16 Threads Desktop Processor,30999.0,INR,True,False,False,True,PcData/CPU.csv,sudhanshuy17/pccomponents
7a21da84af5fca5c3c5c,cpu,Intel i7-12700F 4.9 GHz Upto 4.9 GHz LGA1700 Socket 12 Cores 20 Threads Desktop Processor,27399.0,INR,True,False,False,True,PcData/CPU.csv,sudhanshuy17/pccomponents
22b70d3fa115ca656be4,cpu,Intel I7 3770 3.4 GHz LGA 1155 Socket 4 Cores Desktop Processor,4495.0,INR,True,False,False,True,PcData/CPU.csv,sudhanshuy17/pccomponents
dc1202e1d0207edc5a13,cpu,Intel I7 3770 3.4 GHz LGA 1155 Socket 4 Cores Desktop Processor,4949.0,INR,True,False,False,True,PcData/CPU.csv,sudhanshuy17/pccomponents
a37c9877cbee9f049fd7,cpu,Intel I7 3770 3.9 GHz LGA 1155 Socket 4 Cores Desktop Processor,4790.0,INR,True,False,False,True,PcData/CPU.csv,sudhanshuy17/pccomponents
f4df2fdd6c05a0950118,cpu,Intel I7 4770 3.4 GHz LGA 1150 Socket 2 Cores Desktop Processor,6150.0,INR,True,False,False,True,PcData/CPU.csv,sudhanshuy17/pccomponents
a30fcdf60909de9ebdd9,cpu,Intel I7 4790 4 GHz LGA 1150 Socket 4 Cores Desktop Processor,6300.0,INR,True,False,False,True,PcData/CPU.csv,sudhanshuy17/pccomponents
f0ab44621b8a846e1872,cpu,Intel i9-10920X 4.6 GHz Upto 4.6 GHz LGA 2066 Socket 12 Cores 24 Threads Desktop Processor,60999.0,INR,True,False,False,True,PcData/CPU.csv,sudhanshuy17/pccomponents
b23101e565fd93fdcdf4,cpu,Intel i9-10940X 4.6 GHz Upto 4.6 GHz LGA 2066 Socket 14 Cores 28 Threads Desktop Processor,69999.0,INR,True,False,False,True,PcData/CPU.csv,sudhanshuy17/pccomponents
db0b4e72fcabc3d9639b,cpu,Intel i9-12900 5.1 GHz Upto 5.1 GHz LGA1700 Socket 16 Cores 24 Threads Desktop Processor,47999.0,INR,True,False,False,True,PcData/CPU.csv,sudhanshuy17/pccomponents
cd48507b2eb95d8905c0,cpu,Intel i9-12900F 5.1 GHz Upto 5.1 GHz LGA1700 Socket 16 Cores 24 Threads Desktop Processor,46999.0,INR,True,False,False,True,PcData/CPU.csv,sudhanshuy17/pccomponents
6449ca2f195969554eef,cpu,Intel I9-12900KF 5.2 GHz Upto 5.2 GHz LGA1700 Socket 16 Cores 24 Threads Desktop Processor,49399.0,INR,True,False,False,True,PcData/CPU.csv,sudhanshuy17/pccomponents
b068c63e960370f1aa00,cpu,Intel LGA 1150 4th Gen 3.3 GHz LGA 1150 Socket 2 Cores Desktop Processor,1450.0,INR,True,False,False,True,PcData/CPU.csv,sudhanshuy17/pccomponents
cefe3612a92927d93f95,cpu,Intel Pentium G4400 3.3 GHz LGA 1150 Socket 2 Cores 2 Threads 3 MB Smart Cache Desktop Processor,3390.0,INR,True,False,False,True,PcData/CPU.csv,sudhanshuy17/pccomponents
3e15d3fcd4149da58bf3,cpu,Intel Pentium Gold G6400 4 GHz LGA 1200 Socket 2 Cores 4 Threads 4 MB Smart Cache Desktop Processor,6399.0,INR,True,False,False,True,PcData/CPU.csv,sudhanshuy17/pccomponents
18b63f617c8c57a2465f,cpu,ITFY TECH 3.7 GHz LGA 1150 I5 4590S Processor,3450.0,INR,True,False,False,True,PcData/CPU.csv,sudhanshuy17/pccomponents
9e5d1116d12f2b0b1d82,cpu,KAVTRON 3.1 GHz LGA 1155 KAV-INT-2100 Processor,1799.0,INR,True,False,False,True,PcData/CPU.csv,sudhanshuy17/pccomponents
ece606646b9b608f2942,cpu,KAVTRON 3.3 GHz LGA 1155 2nd Gen Processor in-tel Core i3-2120 3.3Ghz for H61 Motherboard LGA-1155 Processor,2599.0,INR,True,False,False,True,PcData/CPU.csv,sudhanshuy17/pccomponents
8169caec4d919d12771c,cpu,KAVTRON 3.4 GHz LGA 1155 3rd Gen Processor in-tel Core i3-3240 3.4Ghz for H71 or H61 Motherboard LGA-1155 Processor,2249.0,INR,True,False,False,True,PcData/CPU.csv,sudhanshuy17/pccomponents
bd701c458af3dc767134,cpu,KAVTRON 3.5 GHz LGA 1150 4th Gen Processor in-tel Core i3-4150 3.5Ghz for H81 Motherboard LGA-1150 Processor,3400.0,INR,True,False,False,True,PcData/CPU.csv,sudhanshuy17/pccomponents
6298b40d7698579bac30,cpu,KAVTRON 3.7 GHz LGA 1150 KAV-INT-4170 Processor,5999.0,INR,True,False,False,True,PcData/CPU.csv,sudhanshuy17/pccomponents
7be541621629f7c5f599,cpu,KAVTRON 3 GHz LGA 775 intel Core2 Duo E8400 3.0Ghz G31/G35/G41/G45 Motherboard LGA775 6MB Processor Processor,699.0,INR,True,False,False,True,PcData/CPU.csv,sudhanshuy17/pccomponents
29e91cc4c987d2dc7cc1,cpu,"LAPTECH WORLD 3 GHz LGA 1155 Processor intel I5, 3rd Gen 3330, 3370 Processor",2200.0,INR,True,False,False,True,PcData/CPU.csv,sudhanshuy17/pccomponents
caaf5376f0ef472d5338,cpu,MD Tech 2.9 GHz LGA 2011-v3 e5-2697 v2 (Used) Processor,7999.0,INR,True,False,False,True,PcData/CPU.csv,sudhanshuy17/pccomponents
99b9ccd710a6e8ef5a2e,cpu,MULTIHOB 3.2 GHz LGA 1155 i5 3470 3.20Ghz Processor,1699.0,INR,True,False,False,True,PcData/CPU.csv,sudhanshuy17/pccomponents
0d6b80030a9006cfafe2,cpu,OCTA 2.93 GHz LGA 775 E7500 Processor,650.0,INR,True,False,False,True,PcData/CPU.csv,sudhanshuy17/pccomponents
9f8ceec8464767942afb,cpu,PROCESSORE 3.1 GHz LGA 1155 I32ND GEN I3 2100 Processor,850.0,INR,True,False,False,True,PcData/CPU.csv,sudhanshuy17/pccomponents
7935d7ca265ed54fbe6f,cpu,PROCESSORE 3.1 GHz LGA 1155 i5 2nd gen i5 2400 Processor,2000.0,INR,True,False,False,True,PcData/CPU.csv,sudhanshuy17/pccomponents
1c98784d26c8bd73b311,cpu,PROCESSORE 3.1 GHz LGA 1155 intel core i5 2400 2nd gen Processor,1015.0,INR,True,False,False,True,PcData/CPU.csv,sudhanshuy17/pccomponents
bcc9ea10b4e64add5209,cpu,PROCESSORE 3.2 GHz LGA 1150 I3 6TH 6100T Processor,3599.0,INR,True,False,False,True,PcData/CPU.csv,sudhanshuy17/pccomponents
f013b1e76bb7921eb567,cpu,Processorss 3.3 GHz LGA 1155 Intel 3rd Generation Core i3 3220 3.3 GHz LGA 1155 Socket Processor,1099.0,INR,True,False,False,True,PcData/CPU.csv,sudhanshuy17/pccomponents
6ca7ea9a15b5bce36c41,cpu,processsor Ultra 3.1 GHz LGA 1155 Core i3 2nd Generation Support H61 Motherboards Processor,466.0,INR,True,False,False,True,PcData/CPU.csv,sudhanshuy17/pccomponents
76770f787e9ed6ca97f3,cpu,processsor Ultra 3.4 GHz LGA 1155 Core i3 3240 Processor 3rd generation For H61 Motherboard (refurbished) Processor,790.0,INR,True,False,False,True,PcData/CPU.csv,sudhanshuy17/pccomponents
1918d8650e53b1174366,cpu,processsor Ultra 3.5 GHz LGA 1150 Intel Core i3 4150 3.5Ghz 4th generation Processor,760.0,INR,True,False,False,True,PcData/CPU.csv,sudhanshuy17/pccomponents
6341ed215d9b0030614c,cpu,processsor Ultra 3.9 GHz LGA 1155 I3-7100 Processor,3120.0,INR,True,False,False,True,PcData/CPU.csv,sudhanshuy17/pccomponents
954ca46dfb22af8899a9,cpu,processsor Ultra 3 GHz LGA 1150 Core i3 4150t Processor,1615.0,INR,True,False,False,True,PcData/CPU.csv,sudhanshuy17/pccomponents
fd96a03096c6b4de73fb,cpu,"QUEZIL AK-66 Powerful Fire Metal Trigger Gamepad Controller Joystick Mobile Game Controller Remote, Gaming Grip Remote Control Compatible with Gaming Accessory Kit",299.0,INR,False,True,False,True,PcData/CPU.csv,sudhanshuy17/pccomponents
f023e83ac7538c58ef6c,cpu,rahul 3.48 GHz LGA 2011-v3 Processor Processor,7000.0,INR,True,False,False,True,PcData/CPU.csv,sudhanshuy17/pccomponents
d987b8a54a751ca2f49c,cpu,Refurb 3.2 GHz LGA 1150 Corei5 4th Processor,1990.0,INR,True,False,False,True,PcData/CPU.csv,sudhanshuy17/pccomponents
33df8ebfe67bdccc783a,cpu,REKART Multi-Functional Ergonomic Gaming Chair Adjustable Back Rest M5-Yellow M1 - YELLOW Gaming Chair,8499.0,INR,False,True,False,True,PcData/CPU.csv,sudhanshuy17/pccomponents
5a2baa59cd63a5c631ed,cpu,Reklinex Multi-Functional Ergonomic with Lumbar Support & Adjustable Back Rest Reklinex M2 Blue Gaming Chair,8499.0,INR,False,True,False,True,PcData/CPU.csv,sudhanshuy17/pccomponents
5e8096806dcc0ecc2674,cpu,RETRACK 4RGB Cooler Silent Fan Foldable Laptop Cooling Pad For 11-17.3 inch Laptop 4 Fan Cooling Pad,1299.0,INR,False,True,False,True,PcData/CPU.csv,sudhanshuy17/pccomponents
50859f4db658a47be523,cpu,RETRACK Portable 4 RGB Fans Powerful Cooler Stand Quiet Gaming Stand11-17.3 inch Laptop Cooling Pad,1299.0,INR,False,True,False,True,PcData/CPU.csv,sudhanshuy17/pccomponents
a8489370f19215dcbe97,cpu,RRHR SALES AK-66 Six Finger All-in-One Mobile Game Controller Mobile Phone Handle L1R1 Fire and Aim Button PUBG Trigger Shooter Joystick Motion Controller,299.0,INR,False,True,False,True,PcData/CPU.csv,sudhanshuy17/pccomponents
739969074d41286a32bd,cpu,ryzen 3.9 GHz AM4 5600G Processor,14999.0,INR,True,False,False,True,PcData/CPU.csv,sudhanshuy17/pccomponents
bd0d56d39416084f4a69,cpu,srigs 3.1 GHz LGA 1155 Intel Core i5-2400 (2nd Gen) Processor,1300.0,INR,True,False,False,True,PcData/CPU.csv,sudhanshuy17/pccomponents
389f16da7397b77a88a4,cpu,srigs 3.2 GHz LGA 1151 i7 8700 Processor,16999.0,INR,True,False,False,True,PcData/CPU.csv,sudhanshuy17/pccomponents
aceb63b5524ee7d8551e,cpu,srigs 3.2 GHz LGA 1151 intel core i7 8700 Processor,16499.0,INR,True,False,False,True,PcData/CPU.csv,sudhanshuy17/pccomponents
357a95b5d74099aeaa30,cpu,srigs 3.2 GHz LGA 1155 Intel i5 3470 Processor,1800.0,INR,True,False,False,True,PcData/CPU.csv,sudhanshuy17/pccomponents
84e1739e3e5817c4b17f,cpu,srigs 3.3 GHz LGA 1155 Intel Core i3-3200 (3rd Gen) Processor,815.0,INR,True,False,False,True,PcData/CPU.csv,sudhanshuy17/pccomponents
56ce639c6e766b5a093c,cpu,srigs 3.4 GHz LGA 1155 Intel Core i7-2600k (2nd Gen) Processor,4499.0,INR,True,False,False,True,PcData/CPU.csv,sudhanshuy17/pccomponents
a3110d01b02ac5a50aac,cpu,suryaasys 3.1 GHz LGA 1151 Processor core i5 6500T Processor,5200.0,INR,True,False,False,True,PcData/CPU.csv,sudhanshuy17/pccomponents
73dd34e97809afe1c59b,cpu,suryaasys 3.2 GHz LGA 1155 I5 3470 Processor,1805.0,INR,True,False,False,True,PcData/CPU.csv,sudhanshuy17/pccomponents
5b2b70650b3d306e654f,cpu,suryaasys 3.2 GHz LGA 1156 I5 650 Processor,810.0,INR,True,False,False,True,PcData/CPU.csv,sudhanshuy17/pccomponents
9302b164fa28649b82c2,cpu,suryaasys 3.2 GHz LGA 1366 I7 960 Processor,2900.0,INR,True,False,False,True,PcData/CPU.csv,sudhanshuy17/pccomponents
6118e204320ad0c145de,cpu,suryaasys 3.28 GHz LGA 1156 I3 550 Processor,700.0,INR,True,False,False,True,PcData/CPU.csv,sudhanshuy17/pccomponents
cdf6241dbb72278e6b49,cpu,suryaasys 3.3 GHz LGA 1151 G4400 Processor,1188.0,INR,True,False,False,True,PcData/CPU.csv,sudhanshuy17/pccomponents
c3ba628bb0104f1e1df4,cpu,suryaasys 3.3 GHz LGA 1151 Processor core i5 7500t Processor,7400.0,INR,True,False,False,True,PcData/CPU.csv,sudhanshuy17/pccomponents
426928e7fdcece2c9231,cpu,suryaasys 3.4 GHz LGA 1151 I7 6700 Processor,9000.0,INR,True,False,False,True,PcData/CPU.csv,sudhanshuy17/pccomponents
7033e61dd7c58321bc28,cpu,suryaasys 3.4 GHz LGA 1155 I5 3570 Processor,2050.0,INR,True,False,False,True,PcData/CPU.csv,sudhanshuy17/pccomponents
4221d17268d69e54f892,cpu,suryaasys 3.6 GHz LGA 1151 I3 8100 Processor,5000.0,INR,True,False,False,True,PcData/CPU.csv,sudhanshuy17/pccomponents
da83e546d9f9b219b567,cpu,suryaasys 3.7 GHz LGA 1150 core i5 4590 Processor,2400.0,INR,True,False,False,True,PcData/CPU.csv,sudhanshuy17/pccomponents
7ea8128ffcc934024329,cpu,suryaasys 3.7 GHz LGA 1151 I3 6100 Processor,2400.0,INR,True,False,False,True,PcData/CPU.csv,sudhanshuy17/pccomponents
89edb35ab3dfce42191a,cpu,suryaasys 3.8 GHz LGA 1151 Processor core i5 7500 Processor,7700.0,INR,True,False,False,True,PcData/CPU.csv,sudhanshuy17/pccomponents
347b3bc8a90da35d2857,cpu,suryaasys 3.8 GHz LGA 1155 2600S Processor,3550.0,INR,True,False,False,True,PcData/CPU.csv,sudhanshuy17/pccomponents
e3a09ac10b4656e64bb7,cpu,suryaasys 3.9 GHz LGA 1151 I3 7100 Processor,3100.0,INR,True,False,False,True,PcData/CPU.csv,sudhanshuy17/pccomponents
0b02fdc469e281381c89,cpu,suryaasys 4.1 GHz LGA 1151 core i5 8500 Processor,11200.0,INR,True,False,False,True,PcData/CPU.csv,sudhanshuy17/pccomponents
159e8a6e3ef74448cb5b,cpu,TAJ PC 3.4 GHz LGA 1155 I5 3570 3rd generation Processor,2199.0,INR,True,False,False,True,PcData/CPU.csv,sudhanshuy17/pccomponents
3a7ebe891976397138dd,cpu,Teratech 2200 GHz LGA 775 Heatsink Processor,349.0,INR,True,False,False,True,PcData/CPU.csv,sudhanshuy17/pccomponents
67d0ad78e7b261081ad7,cpu,TP TROOPS Micro to USB A 3.0 OTG Gaming Adapter,220.0,INR,False,True,False,True,PcData/CPU.csv,sudhanshuy17/pccomponents
ef982402744d5d46bdd8,cpu,"TP TROOPS Type C to Lighting OTG Adapter - iOS 15 OTG Adapter, Gaming Adapter",209.0,INR,False,True,False,True,PcData/CPU.csv,sudhanshuy17/pccomponents
0e07210c77c3ad1f6d9f,cpu,WDNET 3.2 GHz LGA 1155 INTEL CORE i3 3RD GEN PROCESSOR Processor,1800.0,INR,True,False,False,True,PcData/CPU.csv,sudhanshuy17/pccomponents
61734d77e8e496142825,cpu,WDNET 3.3 GHz LGA 1155 INTEL CORE I3 4TH GEN PROCESSOR Processor,2999.0,INR,True,False,False,True,PcData/CPU.csv,sudhanshuy17/pccomponents
8fd9204233fdd8252bde,cpu,WDNET 3.3 GHz LGA 1155 INTEL CORE I5 4TH GEN PROCESSOR Processor,2800.0,INR,True,False,False,True,PcData/CPU.csv,sudhanshuy17/pccomponents
8558f9d33babbb7f59ca,cpu,WDNET 3.4 GHz LGA 1151 INTEL CORE I5 6TH GEN PROCESSOR Processor,6499.0,INR,True,False,False,True,PcData/CPU.csv,sudhanshuy17/pccomponents
8d4b7022a7b387a625f0,cpu,WDNET 3.7 GHz LGA 1151 Intel Core i3 6th Generation CPU Processor,3000.0,INR,True,False,False,True,PcData/CPU.csv,sudhanshuy17/pccomponents
84c3a1c94f6ae90cb647,cpu,WHO 1333 GHz LGA 1150 775 E-8400 Processor Processor,599.0,INR,True,False,False,True,PcData/CPU.csv,sudhanshuy17/pccomponents
30ce158a0348a04db3fe,cpu,wnd 2.93 GHz LGA 775 Intel Core 2 Duo E7500/2.93/3M/1066 MHz Processor,399.0,INR,True,False,False,True,PcData/CPU.csv,sudhanshuy17/pccomponents
f9a430615e84b57c1168,cpu,wnd 3.06 GHz LGA 1156 Intel Core i3-540 3.06 GHz Processor,999.0,INR,True,False,False,True,PcData/CPU.csv,sudhanshuy17/pccomponents
ac5daf0520e4fdadb26f,cpu,wnd 3.06 GHz LGA 775 Intel Core 2 Duo E7600/3.06/3M/1066 MHz Processor,410.0,INR,True,False,False,True,PcData/CPU.csv,sudhanshuy17/pccomponents
47348a9ecb401494f7f6,cpu,wnd 3.2 GHz LGA 1156 Intel Core i5-650 For H55 Motherboard 1st Generation Processor (Silver) Processor,1100.0,INR,True,False,False,True,PcData/CPU.csv,sudhanshuy17/pccomponents
9e3fb84bf764a441979c,cpu,wnd 3.3 GHz LGA 1150 INTEL CORE I3 4TH GENERATION Processor Processor,777.0,INR,True,False,False,True,PcData/CPU.csv,sudhanshuy17/pccomponents
76b208b4f59d2f09a275,cpu,wnd 3.3 GHz LGA 1155 Intel 3rd Generation Core i3 3220 3.3 GHz Processor,733.0,INR,True,False,False,True,PcData/CPU.csv,sudhanshuy17/pccomponents
6e3b4a48843e4d874625,cpu,wnd 3.4 GHz LGA 1155 Intel Core i5-2400 Processor,999.0,INR,True,False,False,True,PcData/CPU.csv,sudhanshuy17/pccomponents
6c3aaab62960cd23a028,cpu,wnd 3.4 GHz LGA 1155 Intel Core i5 3570 Best Performance 3rd Generation Processor,2180.0,INR,True,False,False,True,PcData/CPU.csv,sudhanshuy17/pccomponents
617a9911d6751ecdf6f7,cpu,wnd 3.7 GHz LGA 1150 Intel Core i5 4th Generation Processor,2700.0,INR,True,False,False,True,PcData/CPU.csv,sudhanshuy17/pccomponents
1cf38d0c385a9f691303,cpu,wnd 850 GHz LGA 1155 Intel i3-2120 3.3 GHz 2 Cores Processor Processor,499.0,INR,True,False,False,True,PcData/CPU.csv,sudhanshuy17/pccomponents
10ea0bd3dc028184bc4b,gpu,AARVEX NVIDIA GT610 1 GB DDR3 Graphics Card,2750.0,INR,True,False,False,True,PcData/GPU.csv,sudhanshuy17/pccomponents
65d4ca6ea71174bc4d4b,gpu,Acer Intel ARC A380 6 GB GDDR6 Graphics Card,11699.0,INR,True,False,False,True,PcData/GPU.csv,sudhanshuy17/pccomponents
37e8d81adf14fc88cc01,gpu,amd AMD Radeon RX 6600 8 GB GDDR6 Graphics Card,36339.0,INR,True,False,False,True,PcData/GPU.csv,sudhanshuy17/pccomponents
4843cb153289ff1aea17,gpu,amd AMD Radeon RX 6700 XT 12 GB GDDR6 Graphics Card,60999.0,INR,True,False,False,True,PcData/GPU.csv,sudhanshuy17/pccomponents
041ed8a9f70616e69ac7,gpu,amd AMD Radeon Sapphire Nitro 16 GB GDDR6 Graphics Card,107799.0,INR,True,False,False,True,PcData/GPU.csv,sudhanshuy17/pccomponents
a2ee1d62bf3a47f93d1d,gpu,"amd AMD Radeon Sapphire NITRO+ Radeon™ RX 6600 XT Graphic Card with 8 GB GDDR6, RDNA™ 2 8 GB GDDR6 Graphics Card",49499.0,INR,True,False,False,True,PcData/GPU.csv,sudhanshuy17/pccomponents
0fad811bfd7552680013,gpu,"amd AMD Radeon Sapphire NITRO+ Radeon™ RX 6800 Graphic Card with 16 GB GDDR6, RDNA™ 2 16 GB GDDR6 Graphics Card",112999.0,INR,True,False,False,True,PcData/GPU.csv,sudhanshuy17/pccomponents
c703832d00f0c6704be8,gpu,"amd AMD Radeon Sapphire Pulse Radeon™ RX 6800 Graphic Card with 16 GB GDDR6, RDNA™ 16 GB GDDR6 Graphics Card",99999.0,INR,True,False,False,True,PcData/GPU.csv,sudhanshuy17/pccomponents
73317c63fc90410d4ffc,gpu,"amd AMD Radeon Sapphire PULSE Radeon™ RX 6800 XT Graphic Card with 16 GB GDDR6, RDNA™ 2 16 GB GDDR6 Graphics Card",115999.0,INR,True,False,False,True,PcData/GPU.csv,sudhanshuy17/pccomponents
039c37ca9f21c84971fd,gpu,amd by Sapphire AMD Radeon Radeon RX 6500 XT 4 GB GDDR6 Graphics Card,17345.0,INR,True,False,False,True,PcData/GPU.csv,sudhanshuy17/pccomponents
15d63ded43a20680c203,gpu,Anwara NVIDIA POKEMON GOLD 16 GB GDDR4 Graphics Card,899.0,INR,True,False,False,True,PcData/GPU.csv,sudhanshuy17/pccomponents
9796cdde15749a681a9d,gpu,ASRock AMD Radeon RX6500XT PGD 4 GB GDDR6 Graphics Card,20999.0,INR,True,False,False,True,PcData/GPU.csv,sudhanshuy17/pccomponents
bc7cc23ed10f2558802d,gpu,ASRock AMD Radeon RX6600 CLD 8 GB GDDR6 Graphics Card,32999.0,INR,True,False,False,True,PcData/GPU.csv,sudhanshuy17/pccomponents
64c6abb292862dbb8182,gpu,ASRock AMD Radeon RX6600XT CLD 8 GB GDDR6 Graphics Card,39999.0,INR,True,False,False,True,PcData/GPU.csv,sudhanshuy17/pccomponents
78fe96a7c8f86206fd42,gpu,ASRock AMD Radeon RX6600XT PGD 8 GB GDDR6 Graphics Card,39999.0,INR,True,False,False,True,PcData/GPU.csv,sudhanshuy17/pccomponents
f787b72ab9a4fb3e2c17,gpu,ASRock AMD Radeon RX6700XT CLD 12 GB GDDR6 Graphics Card,60298.0,INR,True,False,False,True,PcData/GPU.csv,sudhanshuy17/pccomponents
8d4e813eda525023aa81,gpu,ASRock AMD Radeon RX6700XT PGD 12 GB GDDR6 Graphics Card,59999.0,INR,True,False,False,True,PcData/GPU.csv,sudhanshuy17/pccomponents
649f9fde41f521c279e9,gpu,ASRock AMD Radeon RX6800XT PGD 16 GB GDDR6 Graphics Card,94999.0,INR,True,False,False,True,PcData/GPU.csv,sudhanshuy17/pccomponents
3037fe4aa111a8109e56,gpu,ASUS AMD Radeon Dual RX 6500XT OC 4 GB GDDR6 Graphics Card,17999.0,INR,True,False,False,True,PcData/GPU.csv,sudhanshuy17/pccomponents
a319c112125b791b2709,gpu,ASUS AMD Radeon Dual RX 6650XT OC 8 GB GDDR6 Graphics Card,39999.0,INR,True,False,False,True,PcData/GPU.csv,sudhanshuy17/pccomponents
884157028e17e35f9ae6,gpu,ASUS AMD Radeon PH-RX550-4G-EVO 4 GB GDDR5 Graphics Card,9999.0,INR,True,False,False,True,PcData/GPU.csv,sudhanshuy17/pccomponents
871bb463f1767f597555,gpu,ASUS NVIDIA DUAL-RTX3060-O12G 12 GB GDDR6 Graphics Card,85000.0,INR,True,False,False,True,PcData/GPU.csv,sudhanshuy17/pccomponents
f331cf3d71f1d7317008,gpu,ASUS NVIDIA GeForce Dual GTX 1650 4GB DDR6 GRAPHIC CARD 4 GB GDDR6 Graphics Card,15999.0,INR,True,False,False,True,PcData/GPU.csv,sudhanshuy17/pccomponents
7f6b64d3534b06580112,gpu,ASUS NVIDIA Geforce GT 710 2 GB DDR3 Graphics Card,4557.0,INR,True,False,False,True,PcData/GPU.csv,sudhanshuy17/pccomponents
504a67c78def950ce5a6,gpu,ASUS NVIDIA GeForce GT 730 2 GB GDDR5 Graphics Card,4399.0,INR,True,False,False,True,PcData/GPU.csv,sudhanshuy17/pccomponents
48ac40e355e5ad480abf,gpu,ASUS NVIDIA GeForce GT 730 2GB GDDR5 64-Bit Graphics Card with 4-HDMI ports 2 GB GDDR5 Graphics Card,11899.0,INR,True,False,False,True,PcData/GPU.csv,sudhanshuy17/pccomponents
03bea7a36e219985025d,gpu,ASUS NVIDIA ROG-STRIX-RTX3080-O10G-V2 10 GB GDDR6X Graphics Card,79999.0,INR,True,False,False,True,PcData/GPU.csv,sudhanshuy17/pccomponents
faf516a6b6a291d936c3,gpu,Colorful NVIDIA GT-1050 4 GB DDR5 Graphics Card,19499.0,INR,True,False,False,True,PcData/GPU.csv,sudhanshuy17/pccomponents
414016306031d317af28,gpu,Colorful NVIDIA GTX-1660 6 GB GDDR6 Graphics Card,23010.0,INR,True,False,False,True,PcData/GPU.csv,sudhanshuy17/pccomponents
e53389379f4c1f1dbaac,gpu,Colorful NVIDIA RTX-3050 8 GB GDDR6 Graphics Card,28999.0,INR,True,False,False,True,PcData/GPU.csv,sudhanshuy17/pccomponents
4e34378a92488c4513f8,gpu,Colorful NVIDIA RTX-3070 Ti 8 GB GDDR6 Graphics Card,64999.0,INR,True,False,False,True,PcData/GPU.csv,sudhanshuy17/pccomponents
35ba9079b2a930cf55e1,gpu,Colorful NVIDIA RTX-3080 Ti 12 GB GDDR6X Graphics Card,99999.0,INR,True,False,False,True,PcData/GPU.csv,sudhanshuy17/pccomponents
690029a59b950229c11c,gpu,Dtech NVIDIA NVIDIA GT210 1 GB DDR3 Graphics Card,1424.0,INR,True,False,False,True,PcData/GPU.csv,sudhanshuy17/pccomponents
496c024a2315bfb636bd,gpu,Electronicspices AMD Radeon Zotac NTK FD5010U12S DC 12V 0.22AMP graphics fan 1 GB DDR5 Graphics Card,486.0,INR,True,False,False,True,PcData/GPU.csv,sudhanshuy17/pccomponents
aea9c2dae06b6099712b,gpu,Enter NVIDIA E-GT610-2GD3 PCI Express 2.0 Graphics Card 64 bit 2GB HDMI VGA 2 GB DDR3 Graphics Card,2299.0,INR,True,False,False,True,PcData/GPU.csv,sudhanshuy17/pccomponents
d686051bcb74d757f9bb,gpu,Etzin NVIDIA NVIDIA 6 Port SATA 3 PCI Express Expansion Card(EPL-752PC) 1 GB DDR2 Graphics Card,4999.0,INR,True,False,False,True,PcData/GPU.csv,sudhanshuy17/pccomponents
15871bee619b324e55c6,gpu,Etzin NVIDIA NVIDIA M.2 to PCI-E X16 Slot Adapter Card(EPL-409HS) 1 GB DDR2 Graphics Card,443.0,INR,True,False,False,True,PcData/GPU.csv,sudhanshuy17/pccomponents
d1b1f683e33014aa23a8,gpu,Etzin NVIDIA NVIDIA PCI-E 1X to SATA pcie to sata10 port Card(EPL-751PC) 1 GB DDR2 Graphics Card,7999.0,INR,True,False,False,True,PcData/GPU.csv,sudhanshuy17/pccomponents
aed28ae3ab261b57107a,gpu,Etzin NVIDIA NVIDIA PCIe x1 to 4 USB Hub PCI-Expres(EPL-750PC) 1 GB DDR2 Graphics Card,2999.0,INR,True,False,False,True,PcData/GPU.csv,sudhanshuy17/pccomponents
3cedc9258db4b69e8e07,gpu,"FRONTECH NVIDIA GT 610 Graphics Card with 64 Bits PCIe 2.0, High Efficiency 2 GB DDR3 Graphics Card",1959.0,INR,True,False,False,True,PcData/GPU.csv,sudhanshuy17/pccomponents
62bf885d88fd6797da41,gpu,GALAX NVIDIA GEFORCE GT 710 2GB 2 GB GDDR3 Graphics Card,4350.0,INR,True,False,False,True,PcData/GPU.csv,sudhanshuy17/pccomponents
73fadbfd6d657d0807fc,gpu,GALAX NVIDIA GEFORCE GT 730 4GB DDR3 4 GB GDDR3 Graphics Card,6870.0,INR,True,False,False,True,PcData/GPU.csv,sudhanshuy17/pccomponents
6a6b79f144ccf2df980d,gpu,GALAX NVIDIA GT 730 4 GB DDR3 Graphics Card,6400.0,INR,True,False,False,True,PcData/GPU.csv,sudhanshuy17/pccomponents
c7cc05c0496c11130d5f,gpu,GALAX NVIDIA NVIDIA GEFORCE GT 710 2GB GDDR3 Graphics Card (Black) 2 GB GDDR3 Graphics Card,3850.0,INR,True,False,False,True,PcData/GPU.csv,sudhanshuy17/pccomponents
67cda23e34f554d5baae,gpu,GEONIX NVIDIA Geonix610 2 GB DDR3 Graphics Card,1890.0,INR,True,False,False,True,PcData/GPU.csv,sudhanshuy17/pccomponents
cd43c8dc7bd9fec1a054,gpu,GEONIX NVIDIA GX GT610 2GB D3 2 GB DDR3 Graphics Card,2157.0,INR,True,False,False,True,PcData/GPU.csv,sudhanshuy17/pccomponents
f3fcf0821b7af6ff9eb2,gpu,GEONIX NVIDIA GX GT730 4GB D3 4 GB DDR3 Graphics Card,2990.0,INR,True,False,False,True,PcData/GPU.csv,sudhanshuy17/pccomponents
82e5b64876e730286f1f,gpu,GEONIX NVIDIA ?GX GT730 4GB D3 4 GB DDR3 Graphics Card,3270.0,INR,True,False,False,True,PcData/GPU.csv,sudhanshuy17/pccomponents
b0c9c078031cbfa59e88,gpu,GIGABYTE AMD Radeon GV-R65XTEAGLE-4GD 4 GB GDDR6 Graphics Card,23499.0,INR,True,False,False,True,PcData/GPU.csv,sudhanshuy17/pccomponents
c12870bf773ab44e53d8,gpu,GIGABYTE AMD Radeon GV-R65XTGAMING OC-4GD 4 GB GDDR6 Graphics Card,25999.0,INR,True,False,False,True,PcData/GPU.csv,sudhanshuy17/pccomponents
9b6f6ba959457487daf7,gpu,GIGABYTE AMD Radeon GV-R66EAGLE-8GD 8 GB GDDR6 Graphics Card,41499.0,INR,True,False,False,True,PcData/GPU.csv,sudhanshuy17/pccomponents
7b6ac57cb2cf6c633155,gpu,GIGABYTE AMD Radeon GV-R66XTEAGLE-8GD 8 GB GDDR6 Graphics Card,46999.0,INR,True,False,False,True,PcData/GPU.csv,sudhanshuy17/pccomponents
43e135b6fd919d04a807,gpu,GIGABYTE AMD Radeon GV-R66XTGAMING OC-8GD 8 GB GDDR6 Graphics Card,48999.0,INR,True,False,False,True,PcData/GPU.csv,sudhanshuy17/pccomponents
f851225cd168299964aa,gpu,GIGABYTE AMD Radeon GV-R68XTGAMING OC-16GD 16 GB GDDR6 Graphics Card,104999.0,INR,True,False,False,True,PcData/GPU.csv,sudhanshuy17/pccomponents
c89d442154e908044ae0,gpu,GIGABYTE AMD Radeon GV-R69XTAORUS M-16GD 16 GB GDDR6 Graphics Card,149999.0,INR,True,False,False,True,PcData/GPU.csv,sudhanshuy17/pccomponents
8bef894df85588c1e7d5,gpu,GIGABYTE AMD Radeon GV-R69XTGAMING OC-16GD 16 GB GDDR6 Graphics Card,139999.0,INR,True,False,False,True,PcData/GPU.csv,sudhanshuy17/pccomponents
fcb6ee1e2e0d5916a9da,gpu,GIGABYTE NVIDIA 1650-1 Fan 4 GB GDDR6 Graphics Card,13200.0,INR,True,False,False,True,PcData/GPU.csv,sudhanshuy17/pccomponents
4ec3d48c5dcee37d9467,gpu,GIGABYTE NVIDIA GeForce RTX™ 2060 D6 6G 6 GB GDDR6 Graphics Card,54500.0,INR,True,False,False,True,PcData/GPU.csv,sudhanshuy17/pccomponents
b3ea140239288055aff6,gpu,GIGABYTE NVIDIA GeForce RTX™ 3060 VISION OC 12G 12 GB GDDR6 Graphics Card,88600.0,INR,True,False,False,True,PcData/GPU.csv,sudhanshuy17/pccomponents
a8df9ece59bd6745e6bc,gpu,GIGABYTE NVIDIA GV-N1656WF2OC-4GB 4 GB GDDR6 Graphics Card,13799.0,INR,True,False,False,True,PcData/GPU.csv,sudhanshuy17/pccomponents
557ecc3d3fb560c66575,gpu,GIGABYTE NVIDIA GV-N1656WF2OC-4GD 4 GB GDDR6 Graphics Card,14990.0,INR,True,False,False,True,PcData/GPU.csv,sudhanshuy17/pccomponents
80b2a76f272cb58b03da,gpu,GIGABYTE NVIDIA GV-N3050WF2OC-8GD 8 GB GDDR6 Graphics Card,23890.0,INR,True,False,False,True,PcData/GPU.csv,sudhanshuy17/pccomponents
290f3f06c6763f378c89,gpu,GIGABYTE NVIDIA GV-n3060WF2OC-12GB 12 GB GDDR6 Graphics Card,28500.0,INR,True,False,False,True,PcData/GPU.csv,sudhanshuy17/pccomponents
503d4f28603fdecabcd1,gpu,GIGABYTE NVIDIA GV-N308TGAMING OC-12GD 12 GB GDDR6X Graphics Card,114999.0,INR,True,False,False,True,PcData/GPU.csv,sudhanshuy17/pccomponents
cf2601fc3c7b37ef3de5,gpu,GIGABYTE NVIDIA GV-N710D3-2GL 2 GB DDR3 Graphics Card,3999.0,INR,True,False,False,True,PcData/GPU.csv,sudhanshuy17/pccomponents
e0fc8944681479546cbb,gpu,GMP NVIDIA INKJET PVC ID CARD FOR EPSON PRINTER 800 MICRON 230 PCS 1 GB DDR2 Graphics Card,1000.0,INR,True,False,False,True,PcData/GPU.csv,sudhanshuy17/pccomponents
8f66ea385f59ae29ffbb,gpu,HASTHIP Intel M.2 NVME SSD Convert Adapter Card for MacBook Air Pro Retina (Year 2013-2017) 1 GB DDR3 Graphics Card,754.0,INR,True,False,False,True,PcData/GPU.csv,sudhanshuy17/pccomponents
c0cb4efffb6f72efd368,gpu,HASTHIP Intel PCI-E PCI Express 3.0 X4 to NVME M.2 NVME to NVME SSD PCI-e 3.0 x 4 Host Control 1 GB DDR3 Graphics Card,699.0,INR,True,False,False,True,PcData/GPU.csv,sudhanshuy17/pccomponents
fefa5ad06a6996d09b45,gpu,HASTHIP NVIDIA Addressable RGB Graphics Card GPU Brace Support Video Card Sag Holder 1 GB DDR3 Graphics Card,1499.0,INR,True,False,False,True,PcData/GPU.csv,sudhanshuy17/pccomponents
231a8ec0869038d8c6ae,gpu,Inno3D NVIDIA GEFORCE GTX 1630 TWIN X2 OC 4 GB GDDR6 Graphics Card,14999.0,INR,True,False,False,True,PcData/GPU.csv,sudhanshuy17/pccomponents
692402be8fa50021d36a,gpu,Inno3D NVIDIA GEFORCE GTX 1650 Twin X2 OC 4 GB GDDR6 Graphics Card,17197.0,INR,True,False,False,True,PcData/GPU.csv,sudhanshuy17/pccomponents
f2864c347d5805f11713,gpu,Inno3D NVIDIA GEFORCE GTX 1660 Super Twin X2 6 GB GDDR6 Graphics Card,21599.0,INR,True,False,False,True,PcData/GPU.csv,sudhanshuy17/pccomponents
f56ae6fb376c78291803,gpu,Inno3D NVIDIA GeForce GTX1050 TI 4 GB GDDR5 Graphics Card,14999.0,INR,True,False,False,True,PcData/GPU.csv,sudhanshuy17/pccomponents
b0eada4d98790d734131,gpu,Inno3D NVIDIA GeForce RTX 2060 Super Twin X2 OC 8 GB GDDR6 Graphics Card,44999.0,INR,True,False,False,True,PcData/GPU.csv,sudhanshuy17/pccomponents
f95ebc4997ce9a371817,gpu,Inno3D NVIDIA GEFORCE RTX 3050 TWIN X2 8 GB GDDR6 Graphics Card,24044.0,INR,True,False,False,True,PcData/GPU.csv,sudhanshuy17/pccomponents
d0df37c616f3c23b4754,gpu,Inno3D NVIDIA GEFORCE RTX 3050 Twin X2 OC 8 GB GDDR6 Graphics Card,31413.0,INR,True,False,False,True,PcData/GPU.csv,sudhanshuy17/pccomponents
bf159597304ecc139f5d,gpu,Inno3D NVIDIA GEFORCE RTX 3060 Ti iChill X3 RED LHR 8 GB GDDR6 Graphics Card,55319.0,INR,True,False,False,True,PcData/GPU.csv,sudhanshuy17/pccomponents
793df876e437a4ceb08f,gpu,Inno3D NVIDIA GEFORCE RTX 3060 TI ITWIN X2 LHR 8 GB GDDR6 Graphics Card,41499.0,INR,True,False,False,True,PcData/GPU.csv,sudhanshuy17/pccomponents
028764e9938f83547cea,gpu,Inno3D NVIDIA GEFORCE RTX 3060 TWIN X2 12 GB GDDR6 Graphics Card,28809.0,INR,True,False,False,True,PcData/GPU.csv,sudhanshuy17/pccomponents
1bf2cb77c0e13ced2375,gpu,Inno3D NVIDIA GEFORCE RTX 3060 Twin X2 OC 12 GB GDDR6 Graphics Card,47999.0,INR,True,False,False,True,PcData/GPU.csv,sudhanshuy17/pccomponents
44f7502aa86e6c82055f,gpu,Inno3D NVIDIA GEFORCE RTX 3070 Ti X3 8 GB GDDR6X Graphics Card,59999.0,INR,True,False,False,True,PcData/GPU.csv,sudhanshuy17/pccomponents
0e74391ab58187f93882,gpu,Inno3D NVIDIA GEFORCE RTX 3070 Ti X3 OC 8 GB GDDR6X Graphics Card,79999.0,INR,True,False,False,True,PcData/GPU.csv,sudhanshuy17/pccomponents
85d61627766063e7caae,gpu,Inno3D NVIDIA GEFORCE RTX 3080 iChill X4 LHR 10 GB GDDR6X Graphics Card,94849.0,INR,True,False,False,True,PcData/GPU.csv,sudhanshuy17/pccomponents
3d0a1b93094888da0042,gpu,Inno3D NVIDIA GEFORCE RTX 3080 iChill X4 LHR 12 GB GDDR6X Graphics Card,118999.0,INR,True,False,False,True,PcData/GPU.csv,sudhanshuy17/pccomponents
f4e718f751829729b22a,gpu,Inno3D NVIDIA GEFORCE RTX 3080 Ti iChill X3 12 GB GDDR6X Graphics Card,134999.0,INR,True,False,False,True,PcData/GPU.csv,sudhanshuy17/pccomponents
9eacf20edbc3a32b100c,gpu,Inno3D NVIDIA GEFORCE RTX 3080 Ti X3 12 GB GDDR6X Graphics Card,129999.0,INR,True,False,False,True,PcData/GPU.csv,sudhanshuy17/pccomponents
f333336b67bf41c893f2,gpu,Inno3D NVIDIA GEFORCE RTX 3090 iChill Frostbite 24 GB GDDR6X Graphics Card,203999.0,INR,True,False,False,True,PcData/GPU.csv,sudhanshuy17/pccomponents
f509e60ea1f4d2b7c39d,gpu,Inno3D NVIDIA GTX 1050 Ti 4 GB GDDR5 Graphics Card,15999.0,INR,True,False,False,True,PcData/GPU.csv,sudhanshuy17/pccomponents
a25babebb623930cc671,gpu,Inno3D NVIDIA RTX 3090 TI 24GB X3 OC 24 GB GDDR6X Graphics Card,206999.0,INR,True,False,False,True,PcData/GPU.csv,sudhanshuy17/pccomponents
56ddf6c01e796abc6bc4,gpu,ITSNAVAKER NVIDIA CONSISTENT GRAPHICS CARD G210 1 GB DDR3 Graphics Card,2395.0,INR,True,False,False,True,PcData/GPU.csv,sudhanshuy17/pccomponents
c1ac265f6d5318bea54e,gpu,Jack and Rex NVIDIA NGFF M.2 M key to USB 3.0 Adapter Card Extender M2 to USB3.0 Adapter Converter for PCI-E Riser Card Graphics GPU Mining Miner Package ships in Anti-electrostatic bags to prevent damage. 1 GB DDR2 Graphics Card,389.0,INR,True,False,False,True,PcData/GPU.csv,sudhanshuy17/pccomponents
028fa8862cf81b00f093,gpu,LipiWorld NVIDIA (Pack Of 2) VER-14Pro V014 Pro PCI-E 1X to 16X Pcie Riser Card 16 GB GDDR4 Graphics Card,1199.0,INR,True,False,False,True,PcData/GPU.csv,sudhanshuy17/pccomponents
3b2e57dd2a1b8e157e2d,gpu,LipiWorld NVIDIA Pack Of 2 VER011-PRO Riser Card 10 Capacitors PCI-E 1X to 16X 16 GB GDDR4 Graphics Card,1129.0,INR,True,False,False,True,PcData/GPU.csv,sudhanshuy17/pccomponents
98255f1a4b1269de6b2c,gpu,LipiWorld NVIDIA (Pack Of 6) VER-14Pro V014 Pro PCI-E 1X to 16X Pcie Riser Card 16 GB GDDR4 Graphics Card,3299.0,INR,True,False,False,True,PcData/GPU.csv,sudhanshuy17/pccomponents
9714be1961380f0b05d9,gpu,LipiWorld NVIDIA Pack Of 6 VER011-PRO Riser Card 10 Capacitors PCI-E 1X to 16X 16 GB GDDR4 Graphics Card,2999.0,INR,True,False,False,True,PcData/GPU.csv,sudhanshuy17/pccomponents
d2c17eba692b7613e43c,gpu,LipiWorld NVIDIA Pcie Splitter 1 to 4 PCI Riser Card PCIe 1 to 4 Port 4 Risers into 1 PCI Card 16 GB GDDR4 Graphics Card,1879.0,INR,True,False,False,True,PcData/GPU.csv,sudhanshuy17/pccomponents
1e45e5c5680baaa26fc2,gpu,LipiWorld NVIDIA VER-14Pro V014 Pro PCI-E 1X to 16X Pcie Riser for Bitcoin ETH Coin Mining 16 GB GDDR4 Graphics Card,649.0,INR,True,False,False,True,PcData/GPU.csv,sudhanshuy17/pccomponents
dce69c6ec99bbdb65762,gpu,microware NVIDIA PCI-E Extender Riser Card USB 3.0 1x to 16x Adapter for BTC Miner 16 GB GDDR4 Graphics Card,599.0,INR,True,False,False,True,PcData/GPU.csv,sudhanshuy17/pccomponents
93db5bd8b8afa5776354,gpu,MSI AMD Radeon Radeon RX 6400 AERO ITX 4G 4 GB GDDR6 Graphics Card,15999.0,INR,True,False,False,True,PcData/GPU.csv,sudhanshuy17/pccomponents
a0ae60ddb94ecd2f57d1,gpu,MSI AMD Radeon Radeon RX 6500 XT MECH 2X 4G OC 4 GB GDDR6 Graphics Card,21999.0,INR,True,False,False,True,PcData/GPU.csv,sudhanshuy17/pccomponents
797b1127c40a4dc61706,gpu,MSI AMD Radeon Radeon RX 6600 ARMOR 8G 8 GB GDDR6 Graphics Card,44509.0,INR,True,False,False,True,PcData/GPU.csv,sudhanshuy17/pccomponents
134da72aafec0263aa28,gpu,MSI AMD Radeon Radeon RX 6600 MECH 2X 8G 8 GB GDDR6 Graphics Card,34999.0,INR,True,False,False,True,PcData/GPU.csv,sudhanshuy17/pccomponents
95d9e7b0e5e87c750431,gpu,MSI AMD Radeon Radeon RX 6600 XT MECH 2X 8G OC 8 GB GDDR6 Graphics Card,41706.0,INR,True,False,False,True,PcData/GPU.csv,sudhanshuy17/pccomponents
fb8a42c2ce3146c5a64c,gpu,MSI AMD Radeon Radeon RX 6600 XT MECH 2X 8G OCV1 8 GB GDDR6 Graphics Card,54289.0,INR,True,False,False,True,PcData/GPU.csv,sudhanshuy17/pccomponents
f517cc6217eaa42d9c33,gpu,MSI AMD Radeon Radeon RX 6700 XT MECH 2X 12G OC 12 GB GDDR6 Graphics Card,76999.0,INR,True,False,False,True,PcData/GPU.csv,sudhanshuy17/pccomponents
8f161654e8bebcbf969f,gpu,MSI AMD Radeon Radeon RX 6800 GAMING X TRIO 16G 16 GB GDDR6 Graphics Card,92390.0,INR,True,False,False,True,PcData/GPU.csv,sudhanshuy17/pccomponents
6490e828ccd92780b7f0,gpu,MSI AMD Radeon RX 6700 XT 12 GB GDDR6 Graphics Card,76999.0,INR,True,False,False,True,PcData/GPU.csv,sudhanshuy17/pccomponents
9c4e88856446c4f18f51,gpu,MSI NVIDIA GeForce GTX 1050 Ti 4GT OCV1 4 GB GDDR5 Graphics Card,14999.0,INR,True,False,False,True,PcData/GPU.csv,sudhanshuy17/pccomponents
1a2d774e31769188b8c4,gpu,MSI NVIDIA GeForce GTX 1660 Super Gaming X 6 GB GDDR5 Graphics Card,30703.0,INR,True,False,False,True,PcData/GPU.csv,sudhanshuy17/pccomponents
5c6262c6236f77ab35ad,gpu,MSI NVIDIA GeForce RTX 2060 VENTUS GP OC 6 GB GDDR6 Graphics Card,32479.0,INR,True,False,False,True,PcData/GPU.csv,sudhanshuy17/pccomponents
f42af6eeccad4a9abba4,gpu,MSI NVIDIA GeForce RTX 3050 GAMING X 8G 8 GB GDDR6 Graphics Card,32999.0,INR,True,False,False,True,PcData/GPU.csv,sudhanshuy17/pccomponents
f90964baebf8a374e05b,gpu,MSI NVIDIA GeForce RTX 3050 VENTUS 2X 8G OC 8 GB GDDR6 Graphics Card,29434.0,INR,True,False,False,True,PcData/GPU.csv,sudhanshuy17/pccomponents
fcc7572df55c30025938,gpu,MSI NVIDIA GeForce RTX 3070 VENTUS 3X 8G OC LHR 8 GB GDDR6 Graphics Card,57999.0,INR,True,False,False,True,PcData/GPU.csv,sudhanshuy17/pccomponents
60a4eec9b7f351c560cb,gpu,MSI NVIDIA GeForce RTX 3070 VENTUS 3X PLUS 8G OC LHR 8GB GDDR6 256-bit 8 GB GDDR6 Graphics Card,57999.0,INR,True,False,False,True,PcData/GPU.csv,sudhanshuy17/pccomponents
32db56bc41a099a2c380,gpu,MSI NVIDIA GeForce RTX 3080 GAMING Z TRIO 12G LHR 12 GB GDDR6X Graphics Card,104999.0,INR,True,False,False,True,PcData/GPU.csv,sudhanshuy17/pccomponents
0082d4dc8a22aacab0ad,gpu,MSI NVIDIA GeForce RTX 3080 SUPRIM X 12G LHR 12 GB GDDR6X Graphics Card,184999.0,INR,True,False,False,True,PcData/GPU.csv,sudhanshuy17/pccomponents
c4c14e972972b6d6a4be,gpu,MSI NVIDIA GeForce RTX 3080 Ti GAMING X TRIO 12G 12 GB GDDR6X Graphics Card,149999.0,INR,True,False,False,True,PcData/GPU.csv,sudhanshuy17/pccomponents
aa8e8b96b3025d4d2844,gpu,MSI NVIDIA GeForce RTX 3080 Ti VENTUS 3X 12G OC 12 GB GDDR6X Graphics Card,154999.0,INR,True,False,False,True,PcData/GPU.csv,sudhanshuy17/pccomponents
7e9d27c2953031def742,gpu,MSI NVIDIA GeForce RTX 3080 VENTUS 3X PLUS 12G OC LHR 12 GB GDDR6X Graphics Card,117999.0,INR,True,False,False,True,PcData/GPU.csv,sudhanshuy17/pccomponents
0dd155d7b3fe7ee02f47,gpu,MSI NVIDIA GeForce RTX 3090 GAMING X TRIO 24G 24 GB GDDR6 Graphics Card,179999.0,INR,True,False,False,True,PcData/GPU.csv,sudhanshuy17/pccomponents
e05f15c720aabf206b40,gpu,MSI NVIDIA N730K-4GD3 4 GB DDR3 Graphics Card,6499.0,INR,True,False,False,True,PcData/GPU.csv,sudhanshuy17/pccomponents
b38617293cef823dfc47,gpu,MSI NVIDIA RTX 3060 Ti 8 GB GDDR6 Graphics Card,44999.0,INR,True,False,False,True,PcData/GPU.csv,sudhanshuy17/pccomponents
e26a436650e95b22b101,gpu,MSI NVIDIA RTX 3070 GAMING 8 GB GDDR6 Graphics Card,59499.0,INR,True,False,False,True,PcData/GPU.csv,sudhanshuy17/pccomponents
7e645254916d974bbec9,gpu,MSI NVIDIA RTX 3090 Ti GAMING X TRIO 24G 24 GB GDDR6X Graphics Card,207999.0,INR,True,False,False,True,PcData/GPU.csv,sudhanshuy17/pccomponents
865628633f961a267978,gpu,MSI NVIDIA RTX 3090 VENTUS 24 GB GDDR6X Graphics Card,204999.0,INR,True,False,False,True,PcData/GPU.csv,sudhanshuy17/pccomponents
475d41018b078dfde670,gpu,mytechvision AMD Radeon RX 580 8 GB GDDR5 Graphics Card,10999.0,INR,True,False,False,True,PcData/GPU.csv,sudhanshuy17/pccomponents
74fceb2578acd496e788,gpu,mytechvision NVIDIA GTX 1050 4 GB GDDR5 Graphics Card,11999.0,INR,True,False,False,True,PcData/GPU.csv,sudhanshuy17/pccomponents
976b1a713fa8e05fc2da,gpu,Nextar NVIDIA GPU Expansion Card Usb 3.0 PCI-E 1X to 16X Extender Riser Ver 009s Card 16 GB GDDR4 Graphics Card,499.0,INR,True,False,False,True,PcData/GPU.csv,sudhanshuy17/pccomponents
0ec5dede66bb55c57fa0,gpu,"Nextar NVIDIA VER 009S Riser Cable Black PCIE Riser 1X to 16X Graphics Extension for GPU Mining Powered Riser Adapter Card, 60cm USB 3.0 Cable, 4 Solid Capacitors, Two 6PIN & Molex 3 Power Options(Pack 0f 2) 16 GB GDDR4 Graphics Card",1545.0,INR,True,False,False,True,PcData/GPU.csv,sudhanshuy17/pccomponents
a3ef45cef6fac40d956c,gpu,"Nextar NVIDIA VER 009S Riser Cable Black PCIE Riser 1X to 16X Graphics Extension for GPU Mining Powered Riser Adapter Card, 60cm USB 3.0 Cable, 4 Solid Capacitors, Two 6PIN & Molex 3 Power Options(Pack 0f 5) 16 GB GDDR4 Graphics Card",3249.0,INR,True,False,False,True,PcData/GPU.csv,sudhanshuy17/pccomponents
2bd6e7db1d708e3d6506,gpu,Nextron NVIDIA GT610 2 GB DDR3 Graphics Card,2999.0,INR,True,False,False,True,PcData/GPU.csv,sudhanshuy17/pccomponents
da8ed92a02cb3a777803,gpu,nVIDIA NVIDIA RTX 3060 Gaming OC 12GB LHR Graphics Card (rev. 2.0) GV-N3060Gaming OC-12GD 12 GB GDDR6 Graphics Card,35999.0,INR,True,False,False,True,PcData/GPU.csv,sudhanshuy17/pccomponents
55f17bab6a67a214a795,gpu,PowerColor AMD Radeon Fighter 6700XT 12 GB GDDR6 Graphics Card,62890.0,INR,True,False,False,True,PcData/GPU.csv,sudhanshuy17/pccomponents
3cffda14e03adc9c6ffe,gpu,REO AMD/ATI AMDR5340 2 GB DDR3 Graphics Card,4200.0,INR,True,False,False,True,PcData/GPU.csv,sudhanshuy17/pccomponents
2f775b62def4ac0a3a45,gpu,Sapphire AMD Radeon Radeon RX 6400 4 GB GDDR6 Graphics Card,14299.0,INR,True,False,False,True,PcData/GPU.csv,sudhanshuy17/pccomponents
319372f056095401b664,gpu,Selito AMD Radeon AMD RADEON 8 GB DDR5 Graphics Card,10799.0,INR,True,False,False,True,PcData/GPU.csv,sudhanshuy17/pccomponents
f9bf65bd1ff1164082a5,gpu,Selito AMD Radeon RX 580 8 GB GDDR5 Graphics Card,10999.0,INR,True,False,False,True,PcData/GPU.csv,sudhanshuy17/pccomponents
349cab884ece344907f9,gpu,Selito NVIDIA GTX 1060 3 GB GDDR5 Graphics Card,12999.0,INR,True,False,False,True,PcData/GPU.csv,sudhanshuy17/pccomponents
0abfde705450469a8ab4,gpu,sillora AMD Radeon AMD 8 GB GDDR5 Graphics Card,10799.0,INR,True,False,False,True,PcData/GPU.csv,sudhanshuy17/pccomponents
15e4610a4234ddcabfc7,gpu,sillora AMD Radeon RX 580 8 GB GDDR5 Graphics Card,10799.0,INR,True,False,False,True,PcData/GPU.csv,sudhanshuy17/pccomponents
26589359881874a8b588,gpu,srigs NVIDIA gt730ddr3 4 GB DDR3 Graphics Card,3999.0,INR,True,False,False,True,PcData/GPU.csv,sudhanshuy17/pccomponents
23a99055abbf4922b40a,gpu,srigs NVIDIA zeb-gt-4gd3 4 GB DDR3 Graphics Card,3819.0,INR,True,False,False,True,PcData/GPU.csv,sudhanshuy17/pccomponents
a40cf1631d5ef0e93bbb,gpu,Tobo AMD/ATI Riser Card VER0010S Plus Ultra Latest / 8 Capacitor / GPU Riser / PCIE Riser Express Cable 16x to 1x Power PCIe Riser Adapter 80cm USB 3.0 Cable (VER 010S-Pack-2) 1 GB DDR2 Graphics Card,1754.0,INR,True,False,False,True,PcData/GPU.csv,sudhanshuy17/pccomponents
8e7f66b932a19f476e27,gpu,Tobo NVIDIA ER010S Plus USB 3.0 PCI-E Riser VER 010S Plus Express 1X to 16X Extender Pcie Riser Adapter Card SATA 6 LED Light 1 GB DDR2 Graphics Card,699.0,INR,True,False,False,True,PcData/GPU.csv,sudhanshuy17/pccomponents
1001e8bb927260019200,gpu,"Tobo NVIDIA M.2 to 2.5 inch SATA Enclosure,M.2 SSD to 2.5 inch SATA Adapter with case 10 GB DDR2 Graphics Card",1374.0,INR,True,False,False,True,PcData/GPU.csv,sudhanshuy17/pccomponents
5bd6af1faee21eeb2c58,gpu,Tobo NVIDIA M.2 To USB 3.0 Pcie 1x To 16x Riser Card Switch Transfer Card Adapter USB 3.0 1 GB DDR3 Graphics Card,426.0,INR,True,False,False,True,PcData/GPU.csv,sudhanshuy17/pccomponents
a412dc9999bb3be99e3a,gpu,"Tobo NVIDIA VER009S PCIE Riser Express Cable 1X to 16X (Dual-6pin / MOLEX) with Led Graphics Extension Ethereum ETH Mining Powered PCI-E Riser Adapter Card, with 24inches USB 3.0 Cable (VER009S) 2 GB DDR2 Graphics Card",499.0,INR,True,False,False,True,PcData/GPU.csv,sudhanshuy17/pccomponents
13107b7f743dae67173a,gpu,Verilux AMD/ATI PC PWM Fan Hub CPU Cooling HUB 10 Port 12V 4 Pin Fan PWM Splitter Splitter 256 MB GDDR5 Graphics Card,664.0,INR,True,False,False,True,PcData/GPU.csv,sudhanshuy17/pccomponents
ab49082ad14de85bbe10,gpu,Verilux Intel 2 Pack Pi+ VER009S Gold PCI-E 6Pin 1X to 16X Powered Pcie Riser Adapter Card 256 MB DDR2 Graphics Card,1461.0,INR,True,False,False,True,PcData/GPU.csv,sudhanshuy17/pccomponents
ab53330f3a4fd450a26a,gpu,Verilux Intel M.2 NVME SSD Convert Adapter Card for MacBook Air Pro Retina (Year 2013-2017) 1 GB DDR3 Graphics Card,754.0,INR,True,False,False,True,PcData/GPU.csv,sudhanshuy17/pccomponents
fb213bb8f2369a3a827c,gpu,Verilux Intel PCI-E PCI Express 3.0 X4 to NVME M.2 NVME to NVME SSD PCI-e 3.0 x 4 Host Control 1 GB DDR3 Graphics Card,664.0,INR,True,False,False,True,PcData/GPU.csv,sudhanshuy17/pccomponents
e73d8228fa76b5f4bb67,gpu,Verilux NVIDIA Addressable RGB Graphics Card GPU Brace Support Video Card Sag Holder 1 GB DDR3 Graphics Card,1499.0,INR,True,False,False,True,PcData/GPU.csv,sudhanshuy17/pccomponents
399dfafbed58c73ac6d1,gpu,"Verilux NVIDIA Cable GPU Riser Adapter-Mining Bitcoin, Ethereum ETH Zcash ZEC Monero 1 GB DDR2 Graphics Card",1307.0,INR,True,False,False,True,PcData/GPU.csv,sudhanshuy17/pccomponents
96efa859810eb3a19ad9,gpu,"Verilux NVIDIA Card for Key M 2230, 2242, 2260, 2280 Size M.2 SSD, Support PCIe x4 x8 x16 256 MB GDDR5 Graphics Card",619.0,INR,True,False,False,True,PcData/GPU.csv,sudhanshuy17/pccomponents
4e4ab61c8dbc93de7e44,gpu,"Verilux NVIDIA NVME Adapter PCIe x16 with Gel Pad, M.2 NVME or AHCI SSD to PCIE 3.0 Adapter Card for Key M 2230, 2242, 2260, 2280 Size M.2 SSD, Support PCIe x4 x8 x16 Slot 256 MB GDDR5 Graphics Card",599.0,INR,True,False,False,True,PcData/GPU.csv,sudhanshuy17/pccomponents
8c451f2cdc29bf7ba187,gpu,Verilux NVIDIA PCI-E Extender Cable PCIe 16x to 16x Flexible GPU Riser Adapter Card Extender Cable 256 MB GDDR3 Graphics Card,769.0,INR,True,False,False,True,PcData/GPU.csv,sudhanshuy17/pccomponents
da42b74798199d79e2d0,gpu,"Xsentuals NVIDIA PCIe Riser Adapter Card VER009S / 009S Black & Gold 16x to 1x 60cm USB 3.0 Extension Cable - GPU Riser Adapter - Mining Bitcoin, Ethereum ETH Zcash ZEC Monero XMR 16 GB GDDR4 Graphics Card",499.0,INR,True,False,False,True,PcData/GPU.csv,sudhanshuy17/pccomponents
b265f89ef972048b3a27,gpu,Xsentuals NVIDIA STC PCIe Riser Adapter VER 008S PCI-E 16x to 1x 60 cm USB 3.0 Extension Cable and 4 Pin 6 PinB-SATA Power -Ethereum Mining ETH 16 GB GDDR4 Graphics Card,479.0,INR,True,False,False,True,PcData/GPU.csv,sudhanshuy17/pccomponents
39d6ecc7d7f0861ba001,gpu,ZEB NVIDIA -GT610-1GD3 1 GB DDR3 Graphics Card,2550.0,INR,True,False,False,True,PcData/GPU.csv,sudhanshuy17/pccomponents
f3d0adc98ed054bba595,gpu,ZEB NVIDIA GT610-2GD3 2 GB DDR3 Graphics Card,2950.0,INR,True,False,False,True,PcData/GPU.csv,sudhanshuy17/pccomponents
b978f7f5836eed6901b0,gpu,ZEBRONICS NVIDIA GT730 4 GB DDR3 Graphics Card,4099.0,INR,True,False,False,True,PcData/GPU.csv,sudhanshuy17/pccomponents
ce437aeceab72c775a54,gpu,ZEBRONICS NVIDIA ZEB-GT610 2 GB DDR3 Graphics Card,2049.0,INR,True,False,False,True,PcData/GPU.csv,sudhanshuy17/pccomponents
bc3aa579b925df3cfad3,gpu,ZEBRONICS NVIDIA ZEB GT730 4 GB GDDR3 Graphics Card,4375.0,INR,True,False,False,True,PcData/GPU.csv,sudhanshuy17/pccomponents
028d5a5b11b11759c091,gpu,ZEBRONICS NVIDIA ZEBGT730 4 GB GDDR3 Graphics Card,4149.0,INR,True,False,False,True,PcData/GPU.csv,sudhanshuy17/pccomponents
bdb54f937a72a79952b3,gpu,"Zorbes Intel VER009S-Gold PCIE Riser, PCIE Cable 6 Pin 1X to 16X Powered Pcie Riser Adapter 1 GB DDR3 Graphics Card",889.0,INR,True,False,False,True,PcData/GPU.csv,sudhanshuy17/pccomponents
e2f2a05b434d98928309,gpu,ZOTAC NVIDIA GAMING GeForce RTX 3050 Twin Edge 8 GB GDDR6 Graphics Card,24674.0,INR,True,False,False,True,PcData/GPU.csv,sudhanshuy17/pccomponents
80655f6f4ff0fdc0cf77,gpu,ZOTAC NVIDIA GAMING GeForce RTX 4070 Twin Edge OC 12 GB GDDR6X Graphics Card,61848.0,INR,True,False,False,True,PcData/GPU.csv,sudhanshuy17/pccomponents
677f62eaf20c69fef709,gpu,ZOTAC NVIDIA GeForce GT 1030 2 GB DDR5 Graphics Card,7899.0,INR,True,False,False,True,PcData/GPU.csv,sudhanshuy17/pccomponents
df352ddd44a01afdc42b,gpu,ZOTAC NVIDIA GeForce GT 710 2 GB DDR3 Graphics Card,3957.0,INR,True,False,False,True,PcData/GPU.csv,sudhanshuy17/pccomponents
dd126288ccede20c1d9b,gpu,ZOTAC NVIDIA GeForce GT 710 2 GB DDR3 Graphics Card,4013.0,INR,True,False,False,True,PcData/GPU.csv,sudhanshuy17/pccomponents
26f414ca65744ec21d61,gpu,ZOTAC NVIDIA GeForce GT 730 4GB Zone Edition 4 GB DDR3 Graphics Card,7537.0,INR,True,False,False,True,PcData/GPU.csv,sudhanshuy17/pccomponents
b16e093d95a1814cec47,gpu,ZOTAC NVIDIA GeForce GT 730 Zone Edition 4 GB DDR3 Graphics Card,7950.0,INR,True,False,False,True,PcData/GPU.csv,sudhanshuy17/pccomponents
7e49cb705323de067564,gpu,ZOTAC NVIDIA Geforce GTX 1630 4 GB GDDR6 4 GB GDDR6 Graphics Card,15000.0,INR,True,False,False,True,PcData/GPU.csv,sudhanshuy17/pccomponents
c2aae2555f72fb922a96,gpu,ZOTAC NVIDIA GeForce GTX 1650 OC 4 GB GDDR6 Graphics Card,13899.0,INR,True,False,False,True,PcData/GPU.csv,sudhanshuy17/pccomponents
c37396b8b2f8dfc3ed66,gpu,ZOTAC NVIDIA GeForce RTX 3060 Twin Edge 12 GB GDDR6 Graphics Card,29022.0,INR,True,False,False,True,PcData/GPU.csv,sudhanshuy17/pccomponents
cb751228f6b574ec5afd,gpu,ZOTAC NVIDIA GEFORCE RTX 4060 OC SPIDER-MANTM: ACROSS THE SPIDER-VERSE BUNDLE 8 GB GDDR6 Graphics Card,32283.0,INR,True,False,False,True,PcData/GPU.csv,sudhanshuy17/pccomponents
01abf6653d55c688b12e,gpu,ZOTAC NVIDIA GEFORCE RTX 4060 TWIN EDGE OC White Edition 8 GB GDDR6 Graphics Card,33261.0,INR,True,False,False,True,PcData/GPU.csv,sudhanshuy17/pccomponents
141a3d431e1a445a986a,gpu,ZOTAC NVIDIA GTX1650AMP 4 GB GDDR6 Graphics Card,13950.0,INR,True,False,False,True,PcData/GPU.csv,sudhanshuy17/pccomponents
7f566e09241999ecc3e1,gpu,ZOTAC NVIDIA RTX 2060 Twin Fan 12 GB GDDR6 Graphics Card,36999.0,INR,True,False,False,True,PcData/GPU.csv,sudhanshuy17/pccomponents
a427955daf3643ef7bc9,gpu,ZOTAC NVIDIA RTX 3050 Twin Edge 8 GB GDDR6 Graphics Card,23500.0,INR,True,False,False,True,PcData/GPU.csv,sudhanshuy17/pccomponents
d0109b1ea00bd7b57c65,gpu,ZOTAC NVIDIA RTX 3050 Twin Edge OC 8 GB GDDR6 Graphics Card,32999.0,INR,True,False,False,True,PcData/GPU.csv,sudhanshuy17/pccomponents
686c49155ed010e0c39f,gpu,ZOTAC NVIDIA RTX 3060 AMP White Edition 12 GB GDDR6 Graphics Card,32609.0,INR,True,False,False,True,PcData/GPU.csv,sudhanshuy17/pccomponents
dd6f907c79c6b2bafd18,gpu,ZOTAC NVIDIA RTX 3060 Ti Twin Edge LHR 8 GB GDDR6 Graphics Card,49999.0,INR,True,False,False,True,PcData/GPU.csv,sudhanshuy17/pccomponents
545c72e8dd4427713b77,gpu,ZOTAC NVIDIA RTX 3060 Twin Edge 12 GB GDDR6 Graphics Card,29490.0,INR,True,False,False,True,PcData/GPU.csv,sudhanshuy17/pccomponents
443e2c58ab25754296f9,gpu,ZOTAC NVIDIA RTX 3060 Twin Edge OC 12 GB GDDR6 Graphics Card,30000.0,INR,True,False,False,True,PcData/GPU.csv,sudhanshuy17/pccomponents
5dd2ccbc00a0d50de164,gpu,ZOTAC NVIDIA RTX 3070 Ti Trinity 8 GB GDDR6X Graphics Card,59800.0,INR,True,False,False,True,PcData/GPU.csv,sudhanshuy17/pccomponents
e93511e8249c2cfec6e8,gpu,ZOTAC NVIDIA RTX 3070 Twin Edge LHR 8 GB GDDR6 Graphics Card,57999.0,INR,True,False,False,True,PcData/GPU.csv,sudhanshuy17/pccomponents
07450dd5cb14e1308e44,gpu,ZOTAC NVIDIA RTX 3070 Twin Edge OC White Edition LHR 8 GB GDDR6 Graphics Card,57999.0,INR,True,False,False,True,PcData/GPU.csv,sudhanshuy17/pccomponents
e10bec727b8184f62062,gpu,ZOTAC NVIDIA RTX 3080 Ti AMP Holo 12 GB GDDR6X Graphics Card,156999.0,INR,True,False,False,True,PcData/GPU.csv,sudhanshuy17/pccomponents
ccb5741a0c4bca9d1cc5,gpu,ZOTAC NVIDIA RTX 3090 Trinity OC 24 GB GDDR6X Graphics Card,168999.0,INR,True,False,False,True,PcData/GPU.csv,sudhanshuy17/pccomponents
9d4b8f61a1ef72890e01,gpu,ZOTAC NVIDIA ZT-T20600H-10M 6 GB GDDR6 Graphics Card,34999.0,INR,True,False,False,True,PcData/GPU.csv,sudhanshuy17/pccomponents
bad0230e93225aa0ae54,motherboard,AARVEX 61 Motherboard,3050.0,INR,True,False,False,True,PcData/MotherBoard.csv,sudhanshuy17/pccomponents
cec161ebba60024404a4,motherboard,aht Board_001 Motherboard,1650.0,INR,True,False,False,True,PcData/MotherBoard.csv,sudhanshuy17/pccomponents
65f5ee8e46da1626068d,motherboard,aht M3A785GM-LE Motherboard,1615.0,INR,True,False,False,True,PcData/MotherBoard.csv,sudhanshuy17/pccomponents
b8210937081850d3efc6,motherboard,Ant Value G41MAD3 Motherboard,2161.0,INR,True,False,False,True,PcData/MotherBoard.csv,sudhanshuy17/pccomponents
a5972e120e9305dd94ac,motherboard,Ant Value H110MAD4 Motherboard,4256.0,INR,True,False,False,True,PcData/MotherBoard.csv,sudhanshuy17/pccomponents
b479d9aa8486268f8e0c,motherboard,Ant Value H61MAD3 Motherboard,5499.0,INR,True,False,False,True,PcData/MotherBoard.csv,sudhanshuy17/pccomponents
61afed3aca240b77d070,motherboard,ASHK AS-HK110M-H-R1 Motherboard,9700.0,INR,True,False,False,True,PcData/MotherBoard.csv,sudhanshuy17/pccomponents
a765840ec1f2ea482e6b,motherboard,ASRock B450M-HDV Motherboard,5678.0,INR,True,False,False,True,PcData/MotherBoard.csv,sudhanshuy17/pccomponents
da2cd19ed1948572e0db,motherboard,ASRock B550 PG Riptide Motherboard,12179.0,INR,True,False,False,True,PcData/MotherBoard.csv,sudhanshuy17/pccomponents
a2775bdce22eef8350b8,motherboard,ASRock B550 Pro4 Motherboard,16149.0,INR,True,False,False,True,PcData/MotherBoard.csv,sudhanshuy17/pccomponents
cf6f4ed885db2585866b,motherboard,ASRock B550 Taichi Motherboard,23449.0,INR,True,False,False,True,PcData/MotherBoard.csv,sudhanshuy17/pccomponents
6eb8bcc9a34eb778fb01,motherboard,ASRock B550M Pro4 Motherboard,9389.0,INR,True,False,False,True,PcData/MotherBoard.csv,sudhanshuy17/pccomponents
643cc2052c4ed3dc3f17,motherboard,ASRock B560 Pro4 Motherboard,9299.0,INR,True,False,False,True,PcData/MotherBoard.csv,sudhanshuy17/pccomponents
596f6bee0d5d769fe562,motherboard,ASRock B560 Steel Legend Motherboard,11720.0,INR,True,False,False,True,PcData/MotherBoard.csv,sudhanshuy17/pccomponents
e62eff780e5a2cb093a0,motherboard,ASRock B650 PG Lightning Motherboard,20799.0,INR,True,False,False,True,PcData/MotherBoard.csv,sudhanshuy17/pccomponents
e96ba966d8604ee8ddf6,motherboard,ASRock B650 Pro RS Motherboard,21949.0,INR,True,False,False,True,PcData/MotherBoard.csv,sudhanshuy17/pccomponents
71be6b445594f01c1187,motherboard,ASRock B650E Steel Legend WiFi Motherboard,27399.0,INR,True,False,False,True,PcData/MotherBoard.csv,sudhanshuy17/pccomponents
6794321e39b43e7866d1,motherboard,ASRock B660 Pro RS Motherboard,11499.0,INR,True,False,False,True,PcData/MotherBoard.csv,sudhanshuy17/pccomponents
2fa18bc79040dac4f932,motherboard,ASRock H610M-HDV/M.2 Motherboard,7019.0,INR,True,False,False,True,PcData/MotherBoard.csv,sudhanshuy17/pccomponents
43d160d6343a5cce97b4,motherboard,ASRock X570 Phantom Gaming4 Motherboard,14269.0,INR,True,False,False,True,PcData/MotherBoard.csv,sudhanshuy17/pccomponents
8c0f3ee9fe1465136f0d,motherboard,ASRock Z590 OC Formula Motherboard,55809.0,INR,True,False,False,True,PcData/MotherBoard.csv,sudhanshuy17/pccomponents
54b4d9940b9b72dab71f,motherboard,ASRock Z590 Phantom Gaming4/AC Motherboard,15569.0,INR,True,False,False,True,PcData/MotherBoard.csv,sudhanshuy17/pccomponents
cf7870c848e337bfe221,motherboard,ASRock Z590 Phantom Gaming4 Motherboard,14729.0,INR,True,False,False,True,PcData/MotherBoard.csv,sudhanshuy17/pccomponents
9a599cb13cf61116b411,motherboard,ASRock Z590 Taichi Motherboard,44129.0,INR,True,False,False,True,PcData/MotherBoard.csv,sudhanshuy17/pccomponents
91673dac711ccd4679fb,motherboard,ASRock Z690 PG Riptide Motherboard,20299.0,INR,True,False,False,True,PcData/MotherBoard.csv,sudhanshuy17/pccomponents
ab9a11b37a0deb6cb175,motherboard,ASRock Z690 Pro RS Motherboard,17999.0,INR,True,False,False,True,PcData/MotherBoard.csv,sudhanshuy17/pccomponents
72e7318230e63e81b36b,motherboard,ASRock Z690 Steel Legend Motherboard,22499.0,INR,True,False,False,True,PcData/MotherBoard.csv,sudhanshuy17/pccomponents
5ba02137100e39775c96,motherboard,ASRock Z690 Steel Legend WiFi 6E Motherboard,25499.0,INR,True,False,False,True,PcData/MotherBoard.csv,sudhanshuy17/pccomponents
5620feeea03095d7a56b,motherboard,ASRock Z690 Taichi Razer Edition Motherboard,54999.0,INR,True,False,False,True,PcData/MotherBoard.csv,sudhanshuy17/pccomponents
ee791dc723f407cc536f,motherboard,ASRock Z690M-ITX/ax Motherboard,21499.0,INR,True,False,False,True,PcData/MotherBoard.csv,sudhanshuy17/pccomponents
443b696627f2a8295857,motherboard,ASRock Z690M Phantom Gaming 4 Motherboard,13499.0,INR,True,False,False,True,PcData/MotherBoard.csv,sudhanshuy17/pccomponents
f377f61ae3d25eb852b5,motherboard,ASRock Z790 PG- ITX/TB4 Motherboard,38999.0,INR,True,False,False,True,PcData/MotherBoard.csv,sudhanshuy17/pccomponents
8c20c351215145bf9a29,motherboard,ASRock Z790 Pro RS WiFi Motherboard,28849.0,INR,True,False,False,True,PcData/MotherBoard.csv,sudhanshuy17/pccomponents
a95944d2628eb6d4b2fc,motherboard,ASRock Z790 Steel legend WiFi Motherboard,30299.0,INR,True,False,False,True,PcData/MotherBoard.csv,sudhanshuy17/pccomponents
280643249e66cff860b6,motherboard,ASRock Z790M -ITX WiFi Motherboard,26139.0,INR,True,False,False,True,PcData/MotherBoard.csv,sudhanshuy17/pccomponents
310b334b960f9cb8bb8a,motherboard,ASRock Z790M PG Lightning/D4 Motherboard,19039.0,INR,True,False,False,True,PcData/MotherBoard.csv,sudhanshuy17/pccomponents
74e6cbefb7f2ff9eddc3,motherboard,ASUS EX B460M-V5 Motherboard,8742.0,INR,True,False,False,True,PcData/MotherBoard.csv,sudhanshuy17/pccomponents
d3d9aa47151dd59b0080,motherboard,ASUS EX-B660M-V5 D4 Motherboard,11924.0,INR,True,False,False,True,PcData/MotherBoard.csv,sudhanshuy17/pccomponents
02e2dbfd0c4883cddf5a,motherboard,ASUS PRIME A320M-K Motherboard,5999.0,INR,True,False,False,True,PcData/MotherBoard.csv,sudhanshuy17/pccomponents
749321dc6be5f6ee64c7,motherboard,ASUS Prime A520M-E Motherboard,6999.0,INR,True,False,False,True,PcData/MotherBoard.csv,sudhanshuy17/pccomponents
57a2bd6a94ea9ab5e396,motherboard,ASUS Prime-B450M-A-II Motherboard,8999.0,INR,True,False,False,True,PcData/MotherBoard.csv,sudhanshuy17/pccomponents
cb21efba99b65704afaa,motherboard,ASUS PRIME B550M-A WIFI II Motherboard,13999.0,INR,True,False,False,True,PcData/MotherBoard.csv,sudhanshuy17/pccomponents
dfd0870673020ce3b14b,motherboard,ASUS Prime B550M-K Motherboard,10384.0,INR,True,False,False,True,PcData/MotherBoard.csv,sudhanshuy17/pccomponents
165a4729014a9595d8ec,motherboard,ASUS PRIME B660-PLUS D4 Motherboard,16999.0,INR,True,False,False,True,PcData/MotherBoard.csv,sudhanshuy17/pccomponents
6b60ab600e2859cae298,motherboard,ASUS PRIME B660M-A D4 Motherboard,14499.0,INR,True,False,False,True,PcData/MotherBoard.csv,sudhanshuy17/pccomponents
3d48d4f7d0500e13152d,motherboard,ASUS ?PRIME H410M-E Motherboard,6999.0,INR,True,False,False,True,PcData/MotherBoard.csv,sudhanshuy17/pccomponents
e1eefd6f7204d83c4914,motherboard,ASUS Prime H510M-E Motherboard,7499.0,INR,True,False,False,True,PcData/MotherBoard.csv,sudhanshuy17/pccomponents
aeefdd286fca6277631b,motherboard,ASUS PRIME H610M-E D4 Motherboard,8950.0,INR,True,False,False,True,PcData/MotherBoard.csv,sudhanshuy17/pccomponents
87bf841be33a16132758,motherboard,ASUS PRIME H670-PLUS D4 Motherboard,17999.0,INR,True,False,False,True,PcData/MotherBoard.csv,sudhanshuy17/pccomponents
6197a509e2b7559c70a9,motherboard,ASUS PRIME X570- PRO/CSM Motherboard,26999.0,INR,True,False,False,True,PcData/MotherBoard.csv,sudhanshuy17/pccomponents
dea12a4323e94b423bec,motherboard,ASUS PRIME X670-P CSM Motherboard,28149.0,INR,True,False,False,True,PcData/MotherBoard.csv,sudhanshuy17/pccomponents
ab09bddd7a101bf1b613,motherboard,ASUS PRIME X670 P WIFI CSM Motherboard,30002.0,INR,True,False,False,True,PcData/MotherBoard.csv,sudhanshuy17/pccomponents
c51e3b127825b7ac9bca,motherboard,ASUS Prime Z690-A Motherboard,29950.0,INR,True,False,False,True,PcData/MotherBoard.csv,sudhanshuy17/pccomponents
cc36c4f152f0786794da,motherboard,ASUS Prime Z690-P D4 Motherboard,21499.0,INR,True,False,False,True,PcData/MotherBoard.csv,sudhanshuy17/pccomponents
cf2f2c5145052b1ee144,motherboard,ASUS Prime Z690M-Plus Motherboard,21009.0,INR,True,False,False,True,PcData/MotherBoard.csv,sudhanshuy17/pccomponents
76782c78251f5e11f14a,motherboard,ASUS PROART B660-CREATOR D4 Motherboard,25609.0,INR,True,False,False,True,PcData/MotherBoard.csv,sudhanshuy17/pccomponents
34e99b87c7b62d364c0e,motherboard,ASUS ROG STRIX B550-F GAMING WIFI II Motherboard,23999.0,INR,True,False,False,True,PcData/MotherBoard.csv,sudhanshuy17/pccomponents
c9c9e6471fb43f96ca56,motherboard,ASUS ROG STRIX B660A-GAMING-WiFi D4 Motherboard,23499.0,INR,True,False,False,True,PcData/MotherBoard.csv,sudhanshuy17/pccomponents
d55c6067d0ebd7329c9c,motherboard,ASUS ROG STRIX X670E A GAMING WIFI Motherboard,41739.0,INR,True,False,False,True,PcData/MotherBoard.csv,sudhanshuy17/pccomponents
185ec4aafac93b5402d0,motherboard,ASUS ROG Strix Z490-F Gaming Motherboard,25719.0,INR,True,False,False,True,PcData/MotherBoard.csv,sudhanshuy17/pccomponents
9d6e1683f7ab7d868a40,motherboard,ASUS ROG STRIX Z590-E Gaming Wi-Fi Motherboard,33517.0,INR,True,False,False,True,PcData/MotherBoard.csv,sudhanshuy17/pccomponents
af2cc15e7ebc378dc1ad,motherboard,ASUS ROG STRIX Z590-F Gaming Wi-Fi Motherboard,29999.0,INR,True,False,False,True,PcData/MotherBoard.csv,sudhanshuy17/pccomponents
470433c89f10c08cbbb9,motherboard,ASUS Rog Strix Z690-A Gaming Wifi D4 Motherboard,37199.0,INR,True,False,False,True,PcData/MotherBoard.csv,sudhanshuy17/pccomponents
96423e55b2bc7632612c,motherboard,ASUS ?ROG STRIX Z790-H GAMING WIFI Motherboard,35519.0,INR,True,False,False,True,PcData/MotherBoard.csv,sudhanshuy17/pccomponents
eb121aa477a0b4a1d46b,motherboard,ASUS TUF Gaming B550-PLUS Motherboard,15926.0,INR,True,False,False,True,PcData/MotherBoard.csv,sudhanshuy17/pccomponents
951529a2d2cc78d7474e,motherboard,ASUS TUF-GAMING-B550M-E Motherboard,13181.0,INR,True,False,False,True,PcData/MotherBoard.csv,sudhanshuy17/pccomponents
47ddc23dee784887d5fa,motherboard,ASUS TUF Gaming B560M-Plus Motherboard,14462.0,INR,True,False,False,True,PcData/MotherBoard.csv,sudhanshuy17/pccomponents
b0a58ddfd5b343717912,motherboard,ASUS TUF GAMING B650-PLUS Motherboard,24990.0,INR,True,False,False,True,PcData/MotherBoard.csv,sudhanshuy17/pccomponents
3cefd169cf5b0e78366e,motherboard,ASUS TUF GAMING B650M-PLUS Motherboard,21585.0,INR,True,False,False,True,PcData/MotherBoard.csv,sudhanshuy17/pccomponents
f95ad630c43ef2f2ee2c,motherboard,ASUS TUF GAMING B650M-PLUS WIFI Motherboard,23161.0,INR,True,False,False,True,PcData/MotherBoard.csv,sudhanshuy17/pccomponents
42eccfbcc1a3fafd8113,motherboard,ASUS TUF GAMING B660M-PLUS D4 Motherboard,18999.0,INR,True,False,False,True,PcData/MotherBoard.csv,sudhanshuy17/pccomponents
e6d91448e38ea6e8d925,motherboard,ASUS TUF GAMING B660M-PLUS WIFI D4 Motherboard,18821.0,INR,True,False,False,True,PcData/MotherBoard.csv,sudhanshuy17/pccomponents
6bf4bf3c91386f9d402f,motherboard,ASUS TUF GAMING X670E PLUS Motherboard,32952.0,INR,True,False,False,True,PcData/MotherBoard.csv,sudhanshuy17/pccomponents
feb57db2569cf76b3372,motherboard,ASUS TUF GAMING X670E PLUS WIFI Motherboard,39750.0,INR,True,False,False,True,PcData/MotherBoard.csv,sudhanshuy17/pccomponents
9587a4da356ee9fe23ee,motherboard,ASUS TUF GAMING Z590-PLUS Motherboard,19799.0,INR,True,False,False,True,PcData/MotherBoard.csv,sudhanshuy17/pccomponents
15f8aa84f1ab5312ac71,motherboard,ASUS TUF Gaming Z590-Plus Wi-Fi Motherboard,22532.0,INR,True,False,False,True,PcData/MotherBoard.csv,sudhanshuy17/pccomponents
79685b0e371f5b333af3,motherboard,ASUS Tuf Gaming Z690-Plus D4 Motherboard,25498.0,INR,True,False,False,True,PcData/MotherBoard.csv,sudhanshuy17/pccomponents
2a27148f5f13fa004632,motherboard,ASUS Tuf Gaming Z690-Plus Wifi D4 Motherboard,25606.0,INR,True,False,False,True,PcData/MotherBoard.csv,sudhanshuy17/pccomponents
e6d1f456251bc3d92f4a,motherboard,ASUS ?TUF GAMING Z790-PLUS WIFI Motherboard,35999.0,INR,True,False,False,True,PcData/MotherBoard.csv,sudhanshuy17/pccomponents
271f6d1d797fcc6ef4b2,motherboard,Blue Feather MB H-61 Motherboard,3000.0,INR,True,False,False,True,PcData/MotherBoard.csv,sudhanshuy17/pccomponents
1d0b64a4e15331a22f77,motherboard,Cansistant CONSISTENT_H61 Motherboard,1950.0,INR,True,False,False,True,PcData/MotherBoard.csv,sudhanshuy17/pccomponents
1c1cb09d3c51df50ac28,motherboard,Cmos Micro Lithium Cell CR2032 Motherboard,202.0,INR,True,False,False,True,PcData/MotherBoard.csv,sudhanshuy17/pccomponents
31568d3ace6b123a9386,motherboard,DHRUV-PRO 3In1 Mini PCI- PCI-E LPC Laptop Analyzer Tester Diagnostic Card Post Test Motherboard,899.0,INR,True,False,False,True,PcData/MotherBoard.csv,sudhanshuy17/pccomponents
a0e2b04e5f88c57b1983,motherboard,Dtech Acer H310CH5-M23HV Motherboard,3399.0,INR,True,False,False,True,PcData/MotherBoard.csv,sudhanshuy17/pccomponents
b68a2384fc8965daed12,motherboard,Dtech Acer H57-AD With i3 Processor 2Gb Ram Motherboard,2899.0,INR,True,False,False,True,PcData/MotherBoard.csv,sudhanshuy17/pccomponents
cf3947556d9b8ab42023,motherboard,Dtech Acer H81-M1 Motherboard,2499.0,INR,True,False,False,True,PcData/MotherBoard.csv,sudhanshuy17/pccomponents
c3a87aab4e8bf1b7137c,motherboard,Dtech Asus M2N68 AM PLUS Motherboard,1999.0,INR,True,False,False,True,PcData/MotherBoard.csv,sudhanshuy17/pccomponents
fe349cab5b358fcd7166,motherboard,Dtech Asus M4N68T-M LE V2 Motherboard,2399.0,INR,True,False,False,True,PcData/MotherBoard.csv,sudhanshuy17/pccomponents
c7f0500a3ae1467df90d,motherboard,Dtech Asus P5GAsus P5G41T-MLX Motherboard,2299.0,INR,True,False,False,True,PcData/MotherBoard.csv,sudhanshuy17/pccomponents
512bea8ffe7bae27d0c3,motherboard,Dtech Asus P5KPL AMPS Motherboard with dual core processor and 2Gb RAM Motherboard,2500.0,INR,True,False,False,True,PcData/MotherBoard.csv,sudhanshuy17/pccomponents
312b87be0c6d91449244,motherboard,Dtech Asus P8H61M LX3 Motherboard,4499.0,INR,True,False,False,True,PcData/MotherBoard.csv,sudhanshuy17/pccomponents
eaa7aff7a8bba211977a,motherboard,Dtech ECS G41 Motherboard Pentium E5200 2.5Ghz 2Gb DDR3 RAM Motherboard,2700.0,INR,True,False,False,True,PcData/MotherBoard.csv,sudhanshuy17/pccomponents
e63e8a0553d090214246,motherboard,Dtech ECS H61H2 Motherboard Intel G2020 Processor 2Gb Adata Ram DDR3 Motherboard,2799.0,INR,True,False,False,True,PcData/MotherBoard.csv,sudhanshuy17/pccomponents
9acc5e2bdacaf30d3635,motherboard,Dtech Foxin G31 Motherboard with Dual Core Processor and 2Gb DDR2 RAM Motherboard,2449.0,INR,True,False,False,True,PcData/MotherBoard.csv,sudhanshuy17/pccomponents
3d88c7a4be45bbf1cd7e,motherboard,Dtech Gigabyte B75MS Motherboard with 3rd gen Core i3 Processor and 4Gb Ram Motherboard,5499.0,INR,True,False,False,True,PcData/MotherBoard.csv,sudhanshuy17/pccomponents
be83d0a2e223b9f862f3,motherboard,Dtech Gigabyte GA-H61M-S Motherboard,2499.0,INR,True,False,False,True,PcData/MotherBoard.csv,sudhanshuy17/pccomponents
ea088102a288248cff52,motherboard,Dtech Gigabyte GA-N3050M-D3P Motherboard,2499.0,INR,True,False,False,True,PcData/MotherBoard.csv,sudhanshuy17/pccomponents
cfb407b9505822addc3a,motherboard,Dtech Gigabyte H81M-S Motherboard,3499.0,INR,True,False,False,True,PcData/MotherBoard.csv,sudhanshuy17/pccomponents
cfe66d4c4f3e8de450cf,motherboard,Dtech H110M4-C2H Motherboard,2999.0,INR,True,False,False,True,PcData/MotherBoard.csv,sudhanshuy17/pccomponents
92f7a5e51b350a9d5824,motherboard,Dtech Intel D245KT Motherboard,1799.0,INR,True,False,False,True,PcData/MotherBoard.csv,sudhanshuy17/pccomponents
c08fc82ea64b64b67bac,motherboard,Dtech Intel D945GCPE Motherboard,1699.0,INR,True,False,False,True,PcData/MotherBoard.csv,sudhanshuy17/pccomponents
dddf5f668a6c6556e091,motherboard,Dtech Intel H61 Motherboard with Core i3 Processor and 4Gb Ram Motherboard,4199.0,INR,True,False,False,True,PcData/MotherBoard.csv,sudhanshuy17/pccomponents
d30c19aa7325d6014164,motherboard,Dtech Lapcare G31 Motherboard Motherboard,1899.0,INR,True,False,False,True,PcData/MotherBoard.csv,sudhanshuy17/pccomponents
7a7e60db123b7e2d64de,motherboard,Dtech Lapcare H61 LA Motherboard,2399.0,INR,True,False,False,True,PcData/MotherBoard.csv,sudhanshuy17/pccomponents
542887147b3e862c8a08,motherboard,Dtech M5A78L-MLX AM3+ Motherboard,2499.0,INR,True,False,False,True,PcData/MotherBoard.csv,sudhanshuy17/pccomponents
3a198b1794815347f4fe,motherboard,Dtech Zebronics G31 Series Motherboard Motherboard,1899.0,INR,True,False,False,True,PcData/MotherBoard.csv,sudhanshuy17/pccomponents
be74caa7e54fd992566d,motherboard,"Enter E-G41D2 (4SATA, 775LGA, DDR2, 10/100LAN, Intel G41+ICH7 Chipset, 5.1Audio, PCIe) Motherboard",1945.0,INR,True,False,False,True,PcData/MotherBoard.csv,sudhanshuy17/pccomponents
e12fdac5b59ef597884d,motherboard,Enter ENTERG41 Motherboard,2700.0,INR,True,False,False,True,PcData/MotherBoard.csv,sudhanshuy17/pccomponents
bf721e264b280f00f74a,motherboard,Enter ENTERH61 Motherboard,2560.0,INR,True,False,False,True,PcData/MotherBoard.csv,sudhanshuy17/pccomponents
bbc5c072c42824db2af2,motherboard,"Enter i3,i5,i7 SUPPORT E-H61 MOTHERBOARD Motherboard",2070.0,INR,True,False,False,True,PcData/MotherBoard.csv,sudhanshuy17/pccomponents
edd52ee5d8fcc3dc3e71,motherboard,EXPERTRONICS Consistent CMB G41-II DDR2 (3 Year Warranty) Motherboard,2038.0,INR,True,False,False,True,PcData/MotherBoard.csv,sudhanshuy17/pccomponents
ff79905d16669f608a29,motherboard,FOXI FOXIN - G41 DDR3 Motherboard,3299.0,INR,True,False,False,True,PcData/MotherBoard.csv,sudhanshuy17/pccomponents
d9a7d10eab841c48ff51,motherboard,FOXI FOXIN H61 MB 2 YEAR ARANTY Motherboard,2252.0,INR,True,False,False,True,PcData/MotherBoard.csv,sudhanshuy17/pccomponents
64b3dfe82686d62a3086,motherboard,FOXI FOXIN H81 MOTHERBOARD Motherboard,3880.0,INR,True,False,False,True,PcData/MotherBoard.csv,sudhanshuy17/pccomponents
84d48d1e9844e27707be,motherboard,Frantech Frontech_H61 Motherboard,3299.0,INR,True,False,False,True,PcData/MotherBoard.csv,sudhanshuy17/pccomponents
8063ff233c9806791a3d,motherboard,Frontech 0471 Motherboard,2705.0,INR,True,False,False,True,PcData/MotherBoard.csv,sudhanshuy17/pccomponents
a802f89fc1452ca89648,motherboard,Frontech FT G41 FT-0456 Motherboard,2450.0,INR,True,False,False,True,PcData/MotherBoard.csv,sudhanshuy17/pccomponents
2ca22af7a7c1d245b441,motherboard,Frontech FT- H61 with Nvme slot LGA 1155 Socket Motherboard,2199.0,INR,True,False,False,True,PcData/MotherBoard.csv,sudhanshuy17/pccomponents
645b1fbbdd3b7a56bacf,motherboard,Frontech G41/775 DDR2 Motherboard,1974.0,INR,True,False,False,True,PcData/MotherBoard.csv,sudhanshuy17/pccomponents
b58c881f1a76b8e25801,motherboard,Frontech H110/1151 DDR4 Motherboard,3819.0,INR,True,False,False,True,PcData/MotherBoard.csv,sudhanshuy17/pccomponents
185e1322e5b706f35089,motherboard,Frontech H55/1156 Motherboard,2129.0,INR,True,False,False,True,PcData/MotherBoard.csv,sudhanshuy17/pccomponents
ce1122c6fa3b59743152,motherboard,Frontech H61/1155 DDR3 Motherboard,2059.0,INR,True,False,False,True,PcData/MotherBoard.csv,sudhanshuy17/pccomponents
f35ed5b2332eb5cc93a4,motherboard,gebronic ZEBRONIC_H61M2 Motherboard,2099.0,INR,True,False,False,True,PcData/MotherBoard.csv,sudhanshuy17/pccomponents
7ee6f572bfd2f475d2d0,motherboard,GEONIX Geonix_H61 Motherboard,1790.0,INR,True,False,False,True,PcData/MotherBoard.csv,sudhanshuy17/pccomponents
3e8e6f1455bb7f066fac,motherboard,GEONIX GX-H61 DDR3 Motherboard|2.0 USB| LGA 1155 Support Intel 2nd and 3rd Gen CPU DDR3 Motherboard,1999.0,INR,True,False,False,True,PcData/MotherBoard.csv,sudhanshuy17/pccomponents
969db8b819cdda25f416,motherboard,GEONIX GX-H81 D3 Motherboard,2690.0,INR,True,False,False,True,PcData/MotherBoard.csv,sudhanshuy17/pccomponents
1f64ffb1f1e47bcaf6e3,motherboard,GEONIX H61 Motherboard,1748.0,INR,True,False,False,True,PcData/MotherBoard.csv,sudhanshuy17/pccomponents
4ffa9611e7a4ce767816,motherboard,GIGABYTE 110MH Motherboard,7499.0,INR,True,False,False,True,PcData/MotherBoard.csv,sudhanshuy17/pccomponents
5724a70b82533bc3af43,motherboard,GIGABYTE A520M K Motherboard,5899.0,INR,True,False,False,True,PcData/MotherBoard.csv,sudhanshuy17/pccomponents
d27262c7e987dd078578,motherboard,GIGABYTE B450-Aorus Elite V2 Motherboard,10043.0,INR,True,False,False,True,PcData/MotherBoard.csv,sudhanshuy17/pccomponents
95c719d2db0bef57fdc2,motherboard,GIGABYTE B450 Motherboard,9999.0,INR,True,False,False,True,PcData/MotherBoard.csv,sudhanshuy17/pccomponents
08fd3d6080523c698969,motherboard,GIGABYTE B450-S2H Motherboard,6749.0,INR,True,False,False,True,PcData/MotherBoard.csv,sudhanshuy17/pccomponents
0375c9f2feb7a23409b6,motherboard,GIGABYTE B450M DS3H (AMD Ryzen AM4/M.2/HMDI/DVI/USB 3.1/DDR4/Micro ATX) Motherboard,8190.0,INR,True,False,False,True,PcData/MotherBoard.csv,sudhanshuy17/pccomponents
ca57b4d9ec96fa36551b,motherboard,GIGABYTE B550-Aorus Elite AX V2 Motherboard,16800.0,INR,True,False,False,True,PcData/MotherBoard.csv,sudhanshuy17/pccomponents
91c262a12af10260eb16,motherboard,GIGABYTE B550-DS3H-AC Motherboard,11000.0,INR,True,False,False,True,PcData/MotherBoard.csv,sudhanshuy17/pccomponents
694f061ad86adbdfa1bc,motherboard,GIGABYTE B550 GAMING X Motherboard,12205.0,INR,True,False,False,True,PcData/MotherBoard.csv,sudhanshuy17/pccomponents
8f3656a6bf5e48636147,motherboard,GIGABYTE B550-Gaming X V2 Motherboard,12249.0,INR,True,False,False,True,PcData/MotherBoard.csv,sudhanshuy17/pccomponents
b58bb4e2855d2153b180,motherboard,GIGABYTE B550M DS3H Motherboard,9649.0,INR,True,False,False,True,PcData/MotherBoard.csv,sudhanshuy17/pccomponents
c3f36770a1f258044866,motherboard,GIGABYTE B550M-DS3H Motherboard,9800.0,INR,True,False,False,True,PcData/MotherBoard.csv,sudhanshuy17/pccomponents
ae0b2e8702ee28dabdf1,motherboard,GIGABYTE B560 Motherboard,24999.0,INR,True,False,False,True,PcData/MotherBoard.csv,sudhanshuy17/pccomponents
95707ad9c1894cce721b,motherboard,GIGABYTE B560M-DS2H-AC Motherboard,12400.0,INR,True,False,False,True,PcData/MotherBoard.csv,sudhanshuy17/pccomponents
556dcdadad10f8986674,motherboard,GIGABYTE B560M-H V2 Motherboard,7149.0,INR,True,False,False,True,PcData/MotherBoard.csv,sudhanshuy17/pccomponents
2fee7c9de28e49c226cd,motherboard,GIGABYTE B650M K Motherboard,14500.0,INR,True,False,False,True,PcData/MotherBoard.csv,sudhanshuy17/pccomponents
9cdcf6dd5ffdf6044e9d,motherboard,GIGABYTE ?B760M AORUS ELITE AX Motherboard,23999.0,INR,True,False,False,True,PcData/MotherBoard.csv,sudhanshuy17/pccomponents
329b6f9d77f561ae42b5,motherboard,GIGABYTE B760M AORUS PRO DDR4 Motherboard,19999.0,INR,True,False,False,True,PcData/MotherBoard.csv,sudhanshuy17/pccomponents
49156ee718110a0f13ba,motherboard,GIGABYTE ?B760M DS3H AX DDR4 Motherboard,16999.0,INR,True,False,False,True,PcData/MotherBoard.csv,sudhanshuy17/pccomponents
48cc4121f9010bfa847b,motherboard,GIGABYTE ?B760M DS3H AX Motherboard,17499.0,INR,True,False,False,True,PcData/MotherBoard.csv,sudhanshuy17/pccomponents
1d1a5840a92098b4faab,motherboard,GIGABYTE B760M DS3H DDR4 Motherboard,14999.0,INR,True,False,False,True,PcData/MotherBoard.csv,sudhanshuy17/pccomponents
56d6aea1dd0f83fdb49b,motherboard,GIGABYTE H81M-H Motherboard,6299.0,INR,True,False,False,True,PcData/MotherBoard.csv,sudhanshuy17/pccomponents
f8186d0440791e404d3f,motherboard,GIGABYTE MBG-B760MAORUSPROAX Motherboard,23999.0,INR,True,False,False,True,PcData/MotherBoard.csv,sudhanshuy17/pccomponents
0060ffb4cdce16b8cc5a,motherboard,GIGABYTE ?Z690 AORUS ULTRA Motherboard,41599.0,INR,True,False,False,True,PcData/MotherBoard.csv,sudhanshuy17/pccomponents
7db3fcbf20140b94e6e7,motherboard,GIGABYTE ?Z690 Motherboard,39999.0,INR,True,False,False,True,PcData/MotherBoard.csv,sudhanshuy17/pccomponents
6faf6f7cdea67fe94c9c,motherboard,GIGABYTE Z690 UD AX Motherboard,31999.0,INR,True,False,False,True,PcData/MotherBoard.csv,sudhanshuy17/pccomponents
21ab05749c3af2ed9f34,motherboard,GIGABYTE Z690UD Motherboard,24999.0,INR,True,False,False,True,PcData/MotherBoard.csv,sudhanshuy17/pccomponents
3147379b753131e0f604,motherboard,GIGABYTE Z790 UD AC Motherboard,26999.0,INR,True,False,False,True,PcData/MotherBoard.csv,sudhanshuy17/pccomponents
c7551857b631d34b7167,motherboard,IKIS New PCI 4-Digit PC Motherboard Diagnostic Card with User Manual Motherboard,449.0,INR,True,False,False,True,PcData/MotherBoard.csv,sudhanshuy17/pccomponents
dbcdb9be080a08f8792c,motherboard,KRYSTAA KST-H613 Motherboard,2430.0,INR,True,False,False,True,PcData/MotherBoard.csv,sudhanshuy17/pccomponents
46dd63d9c6871da9b0ff,motherboard,LAPCARE H110 Motherboard,4289.0,INR,True,False,False,True,PcData/MotherBoard.csv,sudhanshuy17/pccomponents
81531d2754a009eeb64a,motherboard,LAPCARE h81 1150 Motherboard,3199.0,INR,True,False,False,True,PcData/MotherBoard.csv,sudhanshuy17/pccomponents
e29087b743f169b0415e,motherboard,LAPCARE h81 Motherboard,3299.0,INR,True,False,False,True,PcData/MotherBoard.csv,sudhanshuy17/pccomponents
8f5f9bcb23301d633e38,motherboard,LAPCARE LKMBMB8006 Motherboard,6499.0,INR,True,False,False,True,PcData/MotherBoard.csv,sudhanshuy17/pccomponents
cff3e8b2b0be88b6a5fc,motherboard,LAPCARE (LPMH510) Motherboard,7499.0,INR,True,False,False,True,PcData/MotherBoard.csv,sudhanshuy17/pccomponents
e66651da791b2504c093,motherboard,LAPCARE MXG41 Motherboard,2349.0,INR,True,False,False,True,PcData/MotherBoard.csv,sudhanshuy17/pccomponents
ddedebd887004abe8bf3,motherboard,Mak World 4 Digi PC Motherboard Diagnostic Card Motherboard,331.0,INR,True,False,False,True,PcData/MotherBoard.csv,sudhanshuy17/pccomponents
0b3fe10cdb9fd423e86c,motherboard,Matrix MXG41 Motherboard,1934.0,INR,True,False,False,True,PcData/MotherBoard.csv,sudhanshuy17/pccomponents
e3a269c66e0874317559,motherboard,Matrix MXH61 Motherboard,1976.0,INR,True,False,False,True,PcData/MotherBoard.csv,sudhanshuy17/pccomponents
19da79001f5beea6513b,motherboard,Matrix MXH81 Motherboard,2591.0,INR,True,False,False,True,PcData/MotherBoard.csv,sudhanshuy17/pccomponents
f7977a172a70b9ea4ed3,motherboard,Maxwell Arduino UNO R3 Board ATmega328P with FREE USB Cable Motherboard,899.0,INR,True,False,False,True,PcData/MotherBoard.csv,sudhanshuy17/pccomponents
d16740292b951ea80dd9,motherboard,MSI A320M-A PRO AMD AM4 m-ATX DDR4 Motherboard,5999.0,INR,True,False,False,True,PcData/MotherBoard.csv,sudhanshuy17/pccomponents
cb826c2e05df37ae6619,motherboard,MSI B450M PRO-VDH MAX Mini-ATX AM4 Gaming Motherboard,8899.0,INR,True,False,False,True,PcData/MotherBoard.csv,sudhanshuy17/pccomponents
84de8ec5751344deebdb,motherboard,MSI B550M PRO-VDH WIFI Motherboard,12999.0,INR,True,False,False,True,PcData/MotherBoard.csv,sudhanshuy17/pccomponents
cabe7ca89fd4e4c9c581,motherboard,MSI B560M PRO-E Motherboard,8499.0,INR,True,False,False,True,PcData/MotherBoard.csv,sudhanshuy17/pccomponents
3e67809a169423dda727,motherboard,MSI MAG B550 TOMAHAWK Motherboard,18000.0,INR,True,False,False,True,PcData/MotherBoard.csv,sudhanshuy17/pccomponents
61d100bdc221281e170d,motherboard,MSI MAG B560 TOMAHAWK WIFI Motherboard,20599.0,INR,True,False,False,True,PcData/MotherBoard.csv,sudhanshuy17/pccomponents
a2a8d021923c344a7ecf,motherboard,MSI MAG Z590 TORPEDO Motherboard,24599.0,INR,True,False,False,True,PcData/MotherBoard.csv,sudhanshuy17/pccomponents
1aac6310cc7362214123,motherboard,MSI MAG Z690 TOMAHAWK WIFI Motherboard,32999.0,INR,True,False,False,True,PcData/MotherBoard.csv,sudhanshuy17/pccomponents
bbffe805129d16da73dd,motherboard,MSI MEG B550 UNIFY-X Motherboard,30499.0,INR,True,False,False,True,PcData/MotherBoard.csv,sudhanshuy17/pccomponents
cde61039a062dcdaaa8c,motherboard,MSI MEG X570 UNIFY ATX AM4 Gaming Motherboard,35007.0,INR,True,False,False,True,PcData/MotherBoard.csv,sudhanshuy17/pccomponents
922bd31bf11fec2501e9,motherboard,MSI MEG Z490I UNIFY Mini-ATX LGA 1200 Gaming Motherboard,19667.0,INR,True,False,False,True,PcData/MotherBoard.csv,sudhanshuy17/pccomponents
2654dac83219f9f9bbf5,motherboard,MSI MEG Z590 GODLIKE Motherboard,98999.0,INR,True,False,False,True,PcData/MotherBoard.csv,sudhanshuy17/pccomponents
dbd7a641493d6b6d6d78,motherboard,MSI MEG Z590I UNIFY Motherboard,37399.0,INR,True,False,False,True,PcData/MotherBoard.csv,sudhanshuy17/pccomponents
39473e5475ef3f5071f5,motherboard,MSI MEG Z690 Ace E-ATX Motherboard,74078.0,INR,True,False,False,True,PcData/MotherBoard.csv,sudhanshuy17/pccomponents
9fb3cc3e66773fd33475,motherboard,MSI MPG B550 Gaming Plus Motherboard,17999.0,INR,True,False,False,True,PcData/MotherBoard.csv,sudhanshuy17/pccomponents
e10172c636bc7cf12a8d,motherboard,MSI MPG X570 GAMING PLUS ATX AM4 Gaming Motherboard,23699.0,INR,True,False,False,True,PcData/MotherBoard.csv,sudhanshuy17/pccomponents
6b82a2c546ef151ac181,motherboard,MSI MPG Z490 GAMING CARBON WIFI ATX LGA 1200 Gaming Motherboard,27879.0,INR,True,False,False,True,PcData/MotherBoard.csv,sudhanshuy17/pccomponents
de933f6fb83cf845e9d4,motherboard,MSI MPG Z490 GAMING EDGE WIFI ATX LGA 1200 Gaming Motherboard,22799.0,INR,True,False,False,True,PcData/MotherBoard.csv,sudhanshuy17/pccomponents
f8940b4dd79bdf8b6318,motherboard,MSI MPG Z590 GAMING EDGE WIFI Motherboard,29518.0,INR,True,False,False,True,PcData/MotherBoard.csv,sudhanshuy17/pccomponents
d0f145acccce1e62974e,motherboard,MSI MPG Z590 GAMING PLUS Motherboard,25699.0,INR,True,False,False,True,PcData/MotherBoard.csv,sudhanshuy17/pccomponents
58fe83b5a54bf289aefd,motherboard,MSI MPG Z690 CARBON EK X Motherboard,40513.0,INR,True,False,False,True,PcData/MotherBoard.csv,sudhanshuy17/pccomponents
de379c291e2e44f025aa,motherboard,MSI MPG Z690 EDGE WIFI DDR4 Motherboard,32100.0,INR,True,False,False,True,PcData/MotherBoard.csv,sudhanshuy17/pccomponents
90301629c464dea63403,motherboard,MSI MPG Z690 FORCE WIFI ATX Motherboard,43201.0,INR,True,False,False,True,PcData/MotherBoard.csv,sudhanshuy17/pccomponents
4544be5e850b6b4d8513,motherboard,MSI PRO B660-A DDR4 Motherboard,24449.0,INR,True,False,False,True,PcData/MotherBoard.csv,sudhanshuy17/pccomponents
12cd5d55e7c2a5365e68,motherboard,MSI PRO H410M-B Motherboard,6999.0,INR,True,False,False,True,PcData/MotherBoard.csv,sudhanshuy17/pccomponents
30d70afd011c633c2cd9,motherboard,"MSI PRO H510M-B Motherboard, Micro-ATX Motherboard",5999.0,INR,True,False,False,True,PcData/MotherBoard.csv,sudhanshuy17/pccomponents
8282f0a22fd921c922a4,motherboard,MSI PRO Z690-A WIFI Motherboard,28999.0,INR,True,False,False,True,PcData/MotherBoard.csv,sudhanshuy17/pccomponents
53c329d8ce2ac02b401f,motherboard,MSI X299 PRO Motherboard,31999.0,INR,True,False,False,True,PcData/MotherBoard.csv,sudhanshuy17/pccomponents
a51c5effa976c5d61876,motherboard,MSI Z490-A PRO ATX LGA 1200 Gaming Motherboard,12999.0,INR,True,False,False,True,PcData/MotherBoard.csv,sudhanshuy17/pccomponents
9f2094484e6e25cccc82,motherboard,MSI Z590 A PRO Motherboard,16586.0,INR,True,False,False,True,PcData/MotherBoard.csv,sudhanshuy17/pccomponents
7a9ccfe4e82c4ecb60c0,motherboard,MSI Z590 PLUS Motherboard,17649.0,INR,True,False,False,True,PcData/MotherBoard.csv,sudhanshuy17/pccomponents
0f07254ef8d6efd67277,motherboard,MSI Z590 PRO WIFI Motherboard,21699.0,INR,True,False,False,True,PcData/MotherBoard.csv,sudhanshuy17/pccomponents
f41d223b5961ea5cd8ad,motherboard,MSI Z590 UNIFY Motherboard,28844.0,INR,True,False,False,True,PcData/MotherBoard.csv,sudhanshuy17/pccomponents
33c4180124f236a732ff,motherboard,MSI Z690-A DDR4 Motherboard,19667.0,INR,True,False,False,True,PcData/MotherBoard.csv,sudhanshuy17/pccomponents
e984bee5e3ba2af65e31,motherboard,mytechvision X79 motherboard with E5 2650 processor Motherboard,8999.0,INR,True,False,False,True,PcData/MotherBoard.csv,sudhanshuy17/pccomponents
f3091c89a51ac115f234,motherboard,mytechvision X99 LGA 2011 Motherboard,9984.0,INR,True,False,False,True,PcData/MotherBoard.csv,sudhanshuy17/pccomponents
facddea95cdd0cb25413,motherboard,mytechvision X99 Motherboard,12999.0,INR,True,False,False,True,PcData/MotherBoard.csv,sudhanshuy17/pccomponents
1b447fb76a83ae73ccba,motherboard,nVIDIA Jetson Nano 4GB Developer Kit - B01 Model Motherboard,19500.0,INR,True,False,False,True,PcData/MotherBoard.csv,sudhanshuy17/pccomponents
72f865350dec4abbb5c3,motherboard,PAC 4-Digit PC Motherboard Diagnostic Card with User Manual Motherboard Motherboard,345.0,INR,True,False,False,True,PcData/MotherBoard.csv,sudhanshuy17/pccomponents
35c08e01f392ebd4361f,motherboard,powerx PMB-H61 Motherboard,3800.0,INR,True,False,False,True,PcData/MotherBoard.csv,sudhanshuy17/pccomponents
68554f5f7ad8aaaf7258,motherboard,RashMove FMB-G41(DDR3) Motherboard,4500.0,INR,True,False,False,True,PcData/MotherBoard.csv,sudhanshuy17/pccomponents
6f25e2704065003d56e3,motherboard,RashMove FMB-G41 SOcket 775 Motherboard,4400.0,INR,True,False,False,True,PcData/MotherBoard.csv,sudhanshuy17/pccomponents
8e86325a717197c79e71,motherboard,"Raspberry Pi 3 Model B 1GB RAM, 1.2GHz CPU, WiFi/BLE, 40 GPIO Pins Single Board Computer Motherboard",4649.0,INR,True,False,False,True,PcData/MotherBoard.csv,sudhanshuy17/pccomponents
81c7001ed2531eb42ed2,motherboard,Raspberry Pi 3 Model B Kit with Adapter Case LAN-HDMI Cable HeatSink SD Card & RPi 3B 1GB Motherboard,5499.0,INR,True,False,False,True,PcData/MotherBoard.csv,sudhanshuy17/pccomponents
100d5c6adec91357b0bf,motherboard,Raspberry Pi 3 Model B+ Kit with Adapter Case LAN-HDMI Cable HeatSink SD Card & RPi 3B Plus Motherboard,5499.0,INR,True,False,False,True,PcData/MotherBoard.csv,sudhanshuy17/pccomponents
af9c42e850fb649a5ae9,motherboard,"Raspberry Pi 4 Model B 2GB RAM Kit with 32GB Noobs, LAN-mHDMI Cable, Power Supply, RPi 4B 2GB Motherboard",8500.0,INR,True,False,False,True,PcData/MotherBoard.csv,sudhanshuy17/pccomponents
b41f996e0f1213bb1e00,motherboard,Raspberry Pi 4 Model B 2GB RAM Motherboard,5999.0,INR,True,False,False,True,PcData/MotherBoard.csv,sudhanshuy17/pccomponents
691adea4f4364944d5ea,motherboard,"Raspberry Pi 4 Model B 4GB RAM Kit with 32GB Noobs, LAN-mHDMI Cable, Power Supply, RPi 4B 4GB Motherboard",9500.0,INR,True,False,False,True,PcData/MotherBoard.csv,sudhanshuy17/pccomponents
4a522ce80f92af017c20,motherboard,"Raspberry Pi 4 Model B 8GB RAM Kit with 32GB Noobs, LAN-mHDMI Cable, Power Supply, RPi 4B 8GB Motherboard",12999.0,INR,True,False,False,True,PcData/MotherBoard.csv,sudhanshuy17/pccomponents
d1f587d39b91ae0c480b,motherboard,Raspberry Pi 4-Model B-8GB RAM Motherboard,8099.0,INR,True,False,False,True,PcData/MotherBoard.csv,sudhanshuy17/pccomponents
3334fadf6387b6e0ea52,motherboard,Raspberry Pi Zero 2W A-Tiny Computer Motherboard,2499.0,INR,True,False,False,True,PcData/MotherBoard.csv,sudhanshuy17/pccomponents
bafdec8fa3d5a8576969,motherboard,Shining sun Vision Pi Zero 2 W A-Tiny Computer Motherboard,2499.0,INR,True,False,False,True,PcData/MotherBoard.csv,sudhanshuy17/pccomponents
978b487332565179d84b,motherboard,sillora X99 + E2 2620 V3 Motherboard,9999.0,INR,True,False,False,True,PcData/MotherBoard.csv,sudhanshuy17/pccomponents
255cdc3bfe4a4843b60d,motherboard,"SmartCam NanoPi M1 Plus Allwinner H3,Quad-Core A7@1.2GHz Compatible Raspberry Pi Motherboard",8999.0,INR,True,False,False,True,PcData/MotherBoard.csv,sudhanshuy17/pccomponents
a159118c84ef6730340a,motherboard,TECHON New PCI 4-digit PC Diagnostic Card With User Manual (red) Motherboard,331.0,INR,True,False,False,True,PcData/MotherBoard.csv,sudhanshuy17/pccomponents
458bd75823fe64b645fc,motherboard,techut PCI 4-Digit PC Motherboard Diagnostic Card with User Manual Motherboard,349.0,INR,True,False,False,True,PcData/MotherBoard.csv,sudhanshuy17/pccomponents
87e3f6e36ca7abd6d359,motherboard,Thunderz 1155 Motherboard,3499.0,INR,True,False,False,True,PcData/MotherBoard.csv,sudhanshuy17/pccomponents
a67468764ef88d222bc2,motherboard,TNC COMPUTER FT-0470 Motherboard,2180.0,INR,True,False,False,True,PcData/MotherBoard.csv,sudhanshuy17/pccomponents
5cd91bbc76d801c05110,motherboard,ZEB ZEBRONICS H61M2 Motherboard,2049.0,INR,True,False,False,True,PcData/MotherBoard.csv,sudhanshuy17/pccomponents
125e4d10fe9bfda11996,motherboard,ZEB ZEBRONICS_H61M2 Motherboard,3249.0,INR,True,False,False,True,PcData/MotherBoard.csv,sudhanshuy17/pccomponents
c97735fc031f44fee0cf,motherboard,zebion H-61 Motherboard Motherboard,2800.0,INR,True,False,False,True,PcData/MotherBoard.csv,sudhanshuy17/pccomponents
55e12344f6207655940c,motherboard,zebion Marlin H55 Motherboard,3200.0,INR,True,False,False,True,PcData/MotherBoard.csv,sudhanshuy17/pccomponents
d8342c49db41034b6d9a,motherboard,ZEBRONICS G31-D2-775 Motherboard,2999.0,INR,True,False,False,True,PcData/MotherBoard.csv,sudhanshuy17/pccomponents
689a59f8dfea44c85908,motherboard,ZEBRONICS G41+128 GB SATA SSD + 4GB starlite DDR3 RAM with Core 2 Duo CPU Combo set Motherboard,5211.0,INR,True,False,False,True,PcData/MotherBoard.csv,sudhanshuy17/pccomponents
88643b410f485f2cb2ff,motherboard,ZEBRONICS G41-D2SP COMBO WITH C2D PROCESSOR Motherboard,3990.0,INR,True,False,False,True,PcData/MotherBoard.csv,sudhanshuy17/pccomponents
ee41559e3789e5c0745f,motherboard,ZEBRONICS G41-D3-COMBO-KIT Motherboard,3475.0,INR,True,False,False,True,PcData/MotherBoard.csv,sudhanshuy17/pccomponents
773a792350dcd75d898a,motherboard,ZEBRONICS G41-D3-COMBO-KIT Motherboard Free mouse & wifi any brand Motherboard,5549.0,INR,True,False,False,True,PcData/MotherBoard.csv,sudhanshuy17/pccomponents
e7d0b1c104fe9603b49d,motherboard,ZEBRONICS G41 D3 Motherboard,2999.0,INR,True,False,False,True,PcData/MotherBoard.csv,sudhanshuy17/pccomponents
3ce7b626d323d5b889b5,motherboard,ZEBRONICS G41 Motherboard,1999.0,INR,True,False,False,True,PcData/MotherBoard.csv,sudhanshuy17/pccomponents
979e8564eba8a9bce1fe,motherboard,ZEBRONICS G41 Supported Socket 775 RAM DDR3 Motherboard,2019.0,INR,True,False,False,True,PcData/MotherBoard.csv,sudhanshuy17/pccomponents
300f53f02df4471b865c,motherboard,ZEBRONICS H110 Motherboard with M.2 Nvme Slot Motherboard,5369.0,INR,True,False,False,True,PcData/MotherBoard.csv,sudhanshuy17/pccomponents
67c32211ed751d00d9d5,motherboard,ZEBRONICS H55+128GB SATA SSD + 4GB starlite DDR3 RAM with CORE i3 1ST GEN CPU Combo set Motherboard,6900.0,INR,True,False,False,True,PcData/MotherBoard.csv,sudhanshuy17/pccomponents
c86bf341d313ceeeb0ab,motherboard,ZEBRONICS H55-COMBO-KIT-2GB Motherboard,5787.0,INR,True,False,False,True,PcData/MotherBoard.csv,sudhanshuy17/pccomponents
c729f327dde6f37fed42,motherboard,ZEBRONICS H55-COMBO-KIT-4GB Motherboard,4850.0,INR,True,False,False,True,PcData/MotherBoard.csv,sudhanshuy17/pccomponents
99f306c6c506472b7cb3,motherboard,ZEBRONICS H61+128 SATA GB SSD + 4GB starlite DDR3 RAM Combo set Motherboard,5062.0,INR,True,False,False,True,PcData/MotherBoard.csv,sudhanshuy17/pccomponents
16d7256e86441226704a,motherboard,ZEBRONICS H61+128 SATA GB SSD + 4GB starlite DDR3 RAM with CORE i3 3RD GEN CPU Combo set Motherboard,5790.0,INR,True,False,False,True,PcData/MotherBoard.csv,sudhanshuy17/pccomponents
cb43d46a170645f74718,motherboard,ZEBRONICS H61+128GB SATA SSD+4GB starlite DDR3 RAM with PENTIUM DUALCORE CPU Combo Motherboard,5499.0,INR,True,False,False,True,PcData/MotherBoard.csv,sudhanshuy17/pccomponents
69b0414afff3bec37dd9,motherboard,ZEBRONICS H61+240GB CRUCIAL SSD + 4GB starlite DDR3 RAM with CORE i3 3RD GEN CPU Combo set Motherboard,5999.0,INR,True,False,False,True,PcData/MotherBoard.csv,sudhanshuy17/pccomponents
27ca4a05e65e98accbed,motherboard,ZEBRONICS H61-i3-4gb Pfan Motherboard,3399.0,INR,True,False,False,True,PcData/MotherBoard.csv,sudhanshuy17/pccomponents
1a229f30d2caffd7e2b5,motherboard,ZEBRONICS H61 + i5 3570 Processor + 4Gb Ram + CPU Fan Motherboard,6019.0,INR,True,False,False,True,PcData/MotherBoard.csv,sudhanshuy17/pccomponents
7ed92e6a691d08dde37e,motherboard,ZEBRONICS H61-i5-4GB-FAN Motherboard,4699.0,INR,True,False,False,True,PcData/MotherBoard.csv,sudhanshuy17/pccomponents
2ddad01409dc0fabfdae,motherboard,ZEBRONICS H61-i5-4GB-PFAN-COMBO Motherboard,3799.0,INR,True,False,False,True,PcData/MotherBoard.csv,sudhanshuy17/pccomponents
40580962166431718a72,motherboard,ZEBRONICS H61 kit Motherboard,7180.0,INR,True,False,False,True,PcData/MotherBoard.csv,sudhanshuy17/pccomponents
d510d4e406d6b6ccc6d8,motherboard,ZEBRONICS H61 Mboard + i5 3470 Processor + 4GB DDR3 Ram + CPU Fan Motherboard,4761.0,INR,True,False,False,True,PcData/MotherBoard.csv,sudhanshuy17/pccomponents
0efde13b7d91ca71135f,motherboard,ZEBRONICS H61 Motherboard,2104.0,INR,True,False,False,True,PcData/MotherBoard.csv,sudhanshuy17/pccomponents
aefbff58abbf12b52de0,motherboard,ZEBRONICS H61 Supported Socket 1155 RAM DDR3 Motherboard,2225.0,INR,True,False,False,True,PcData/MotherBoard.csv,sudhanshuy17/pccomponents
fbfb0e642ff42dcf2d71,motherboard,ZEBRONICS H61M2+240GB WD SSD + 4GB starlite DDR3 RAM with CORE i3 3RD GEN CPU Combo set Motherboard,6500.0,INR,True,False,False,True,PcData/MotherBoard.csv,sudhanshuy17/pccomponents
9fecc4b01ecdcb7564d2,motherboard,ZEBRONICS H61M2+240GB WD SSD + 8GB starlite DDR3 RAM with CORE i3 3RD GEN CPU Combo set Motherboard,6750.0,INR,True,False,False,True,PcData/MotherBoard.csv,sudhanshuy17/pccomponents
cb2c722a4e6cc1f4658d,motherboard,ZEBRONICS H61M2+240GB WD SSD + 8GB starlite DDR3 RAM with CORE i5 3RD GEN CPU Combo set Motherboard,7200.0,INR,True,False,False,True,PcData/MotherBoard.csv,sudhanshuy17/pccomponents
212ad3312a772e286001,motherboard,ZEBRONICS H61M2+ Starlite 128GB NVME SSD & 4GB DDR3 RAM with PENTIUM DUALCORE CPU comboset Motherboard,5850.0,INR,True,False,False,True,PcData/MotherBoard.csv,sudhanshuy17/pccomponents
6a6d5ab43f0a99d31fda,motherboard,ZEBRONICS H61M2+ Starlite 256GB NVME SSD & 4GB DDR3 RAM with Core i3(3rd Gen) CPU comboset Motherboard,6999.0,INR,True,False,False,True,PcData/MotherBoard.csv,sudhanshuy17/pccomponents
4974b37daaf048232c78,motherboard,ZEBRONICS H61M2+ Starlite 256GB NVME SSD & 8GB RAM with Intel Core i3 Processor comboset Motherboard,6999.0,INR,True,False,False,True,PcData/MotherBoard.csv,sudhanshuy17/pccomponents
fe6a2e01b1522fd67505,motherboard,ZEBRONICS H81+128 GB SATA SSD + 4GB starlite DDR3 RAM with core i3 4th en CPUCombo set Motherboard,6999.0,INR,True,False,False,True,PcData/MotherBoard.csv,sudhanshuy17/pccomponents
3ad75fe2e5eab3a2d348,motherboard,ZEBRONICS H81+128GB SATA SSD+4GB starlite DDR3 RAM with Pentium Dualcore G3250 CPU Combo Motherboard,5999.0,INR,True,False,False,True,PcData/MotherBoard.csv,sudhanshuy17/pccomponents
b61d63ae51263b5ebf74,motherboard,ZEBRONICS H81+240GB CRUCIAL SSD + 4GB starlite DDR3 RAM with CORE i3 4Th GEN CPU Combo set Motherboard,7749.0,INR,True,False,False,True,PcData/MotherBoard.csv,sudhanshuy17/pccomponents
852f922072d0560b2726,motherboard,ZEBRONICS H81M2+240GB WD SSD + 4GB starlite DDR3 RAM with CORE i3 4Th GEN CPU Combo set Motherboard,8400.0,INR,True,False,False,True,PcData/MotherBoard.csv,sudhanshuy17/pccomponents
2fd805c0d787a7a84bdc,motherboard,ZEBRONICS H81M2+ Starlite 256GB NVME SSD & 8GB RAM with Intel Core i3 Processor combo set Motherboard,8948.0,INR,True,False,False,True,PcData/MotherBoard.csv,sudhanshuy17/pccomponents
b3bd5571405040f79266,motherboard,ZEBRONICS Z31/G31 Combo kit Motherboard,3750.0,INR,True,False,False,True,PcData/MotherBoard.csv,sudhanshuy17/pccomponents
71a8ce2bfd963c5aba30,motherboard,ZEBRONICS ZEB-61 MOTHERBOARD Motherboard,2225.0,INR,True,False,False,True,PcData/MotherBoard.csv,sudhanshuy17/pccomponents
809e14f7d12ddbea7b0d,motherboard,ZEBRONICS ZEB-G31-D2-COMBO KIT Motherboard,3799.0,INR,True,False,False,True,PcData/MotherBoard.csv,sudhanshuy17/pccomponents
ac9c96951b3b6b7fd47e,motherboard,ZEBRONICS ZEB-G41 - D2 Motherboard,2390.0,INR,True,False,False,True,PcData/MotherBoard.csv,sudhanshuy17/pccomponents
1139363500b2a3c545d2,motherboard,ZEBRONICS ZEB-G41-D2S Motherboard,2310.0,INR,True,False,False,True,PcData/MotherBoard.csv,sudhanshuy17/pccomponents
cef3eabe2a5828133816,motherboard,ZEBRONICS ZEB-G41-D3-4GB-COMBO Motherboard,3347.0,INR,True,False,False,True,PcData/MotherBoard.csv,sudhanshuy17/pccomponents
c6d254bcd9964e532a91,motherboard,ZEBRONICS ZEB-G41 D3 Motherboard,2450.0,INR,True,False,False,True,PcData/MotherBoard.csv,sudhanshuy17/pccomponents
3bda4097d00e4fbbe74c,motherboard,ZEBRONICS Zeb H-61M2 Motherboard LGA 1155 Socket with M2 slot Motherboard,2449.0,INR,True,False,False,True,PcData/MotherBoard.csv,sudhanshuy17/pccomponents
a037c9cd63df8855aae1,motherboard,ZEBRONICS Zeb H110-D4 LGA 1151 Socket Motherboard Motherboard,4337.0,INR,True,False,False,True,PcData/MotherBoard.csv,sudhanshuy17/pccomponents
58c75e3733695dc316ec,motherboard,ZEBRONICS Zeb H110-D4 Motherboard,3980.0,INR,True,False,False,True,PcData/MotherBoard.csv,sudhanshuy17/pccomponents
b7de485136cffada43d0,motherboard,ZEBRONICS ZEB-H310-NVMe Motherboard,4999.0,INR,True,False,False,True,PcData/MotherBoard.csv,sudhanshuy17/pccomponents
52654b96f101abd03d9d,motherboard,ZEBRONICS ZEB-H55-D3 Motherboard,2375.0,INR,True,False,False,True,PcData/MotherBoard.csv,sudhanshuy17/pccomponents
3e7602d155b12d6c3f79,motherboard,ZEBRONICS ZEB H55 (HDMI - MSATA) Motherboard,2465.0,INR,True,False,False,True,PcData/MotherBoard.csv,sudhanshuy17/pccomponents
480f312bf29eded83b23,motherboard,ZEBRONICS ZEB-H55 Motherboard,2790.0,INR,True,False,False,True,PcData/MotherBoard.csv,sudhanshuy17/pccomponents
6e36ef7583cf16e105cc,motherboard,"ZEBRONICS ZEB-H61 LGA 1155 Socket ,128GB SATA 2.5"" SSD Combo Set Motherboard Motherboard",3790.0,INR,True,False,False,True,PcData/MotherBoard.csv,sudhanshuy17/pccomponents
90253fb1465a49e7b4a1,motherboard,ZEBRONICS ZEB H61 MBRD Motherboard,2199.0,INR,True,False,False,True,PcData/MotherBoard.csv,sudhanshuy17/pccomponents
c6c189016d4b7d2fc3cd,motherboard,ZEBRONICS Zeb-H61 Motherboard,1971.0,INR,True,False,False,True,PcData/MotherBoard.csv,sudhanshuy17/pccomponents
c976006c0b6012ec6451,motherboard,ZEBRONICS ZEB -H61 Motherboard,2190.0,INR,True,False,False,True,PcData/MotherBoard.csv,sudhanshuy17/pccomponents
f56043c74097bc7cac14,motherboard,ZEBRONICS ZEB-H61 Motherboard,2299.0,INR,True,False,False,True,PcData/MotherBoard.csv,sudhanshuy17/pccomponents
0e4de09ce52f5cf62f2f,motherboard,ZEBRONICS ZEB-H61 Motherboard,2449.0,INR,True,False,False,True,PcData/MotherBoard.csv,sudhanshuy17/pccomponents
a830ba686629c02f2ed4,motherboard,ZEBRONICS Zeb-H61 Motherboard LGA1155 Socket Micro ATX DDR3 Motherboard,2449.0,INR,True,False,False,True,PcData/MotherBoard.csv,sudhanshuy17/pccomponents
4f87d47c68b8f2376500,motherboard,ZEBRONICS ZEB-H61M2-4GB-i5-FAN-P Motherboard,4199.0,INR,True,False,False,True,PcData/MotherBoard.csv,sudhanshuy17/pccomponents
a1d2bff39c24fbc5faba,motherboard,ZEBRONICS ZEB-H61M2 built in NVMe Slot + Scuda 128GB NVMe SSD+4GB DDR3 RAM Combo Set Motherboard,5822.0,INR,True,False,False,True,PcData/MotherBoard.csv,sudhanshuy17/pccomponents
efc46bea394ef004acd5,motherboard,ZEBRONICS ZEB-H61M2 built in NVMe Slot + SCUDA 512GB NVMe SSD Combo Set Motherboard,5999.0,INR,True,False,False,True,PcData/MotherBoard.csv,sudhanshuy17/pccomponents
758c18ffdbf3056b518b,motherboard,ZEBRONICS Zeb-H61M2 Motherboard,2299.0,INR,True,False,False,True,PcData/MotherBoard.csv,sudhanshuy17/pccomponents
c75b134f9d68514af472,motherboard,ZEBRONICS Zeb-H61M2 Motherboard,2449.0,INR,True,False,False,True,PcData/MotherBoard.csv,sudhanshuy17/pccomponents
969a4a6a77a0ad0319b8,motherboard,ZEBRONICS Zeb H61M2 Motherboard with M2 slot LGA 1155 Socket Motherboard,2299.0,INR,True,False,False,True,PcData/MotherBoard.csv,sudhanshuy17/pccomponents
a7bf30d2b5451a2e5f60,motherboard,ZEBRONICS Zeb-H61M2 with M2 slot LGA 1155 Socket Motherboard,2449.0,INR,True,False,False,True,PcData/MotherBoard.csv,sudhanshuy17/pccomponents
a7565d240d06ae1af827,motherboard,ZEBRONICS ZEB-H61M2 with NVMe Slot + Scuda 256GB NVMe SSD Combo Set Motherboard,4549.0,INR,True,False,False,True,PcData/MotherBoard.csv,sudhanshuy17/pccomponents
9f8f2c023783d4307d12,motherboard,ZEBRONICS ZEB-H61M2 with NVMe Slot + Starlite 4GB RAM + Scuda 256GB NVMe SSD Combo Set Motherboard,6349.0,INR,True,False,False,True,PcData/MotherBoard.csv,sudhanshuy17/pccomponents
9b4f9c9e85a6c26ac4d4,motherboard,ZEBRONICS ZEB-H61M2 with PCIE M.2 / NVMe Slot (LGA 1155 Socket) Motherboard,2299.0,INR,True,False,False,True,PcData/MotherBoard.csv,sudhanshuy17/pccomponents
6e4e0d4907c00f51e725,motherboard,ZEBRONICS Zeb-h61m2p Motherboard,2299.0,INR,True,False,False,True,PcData/MotherBoard.csv,sudhanshuy17/pccomponents
b98aac0e4cd2f369900c,motherboard,ZEBRONICS ZEB H81 MB Motherboard,2849.0,INR,True,False,False,True,PcData/MotherBoard.csv,sudhanshuy17/pccomponents
be8128fffb8fa393012d,motherboard,ZEBRONICS ZEB-H81 Motherboard,2478.0,INR,True,False,False,True,PcData/MotherBoard.csv,sudhanshuy17/pccomponents
695c3b776109f9bf7ea3,motherboard,ZEBRONICS ZEB-H81 Motherboard,2849.0,INR,True,False,False,True,PcData/MotherBoard.csv,sudhanshuy17/pccomponents
f6819488a0d7b424470f,motherboard,ZEBRONICS ZEB-H81M2 Motherboard,2799.0,INR,True,False,False,True,PcData/MotherBoard.csv,sudhanshuy17/pccomponents
80a89eaa6f89c8d48d06,motherboard,ZEBRONICS ZEB-H81M2 with NVMe Slot + Scuda 256GB NVMe SSD Combo Set (LGA 1150) Motherboard,4749.0,INR,True,False,False,True,PcData/MotherBoard.csv,sudhanshuy17/pccomponents
23b88cd3cc1f00b12038,motherboard,ZEBRONICS ZEB-H81M2 with NVMe Slot + Starlite 4GB RAM + Scuda 256GB NVMe SSD Combo Set Motherboard,5800.0,INR,True,False,False,True,PcData/MotherBoard.csv,sudhanshuy17/pccomponents
e8c1babe76cf84e5e2a7,motherboard,ZEBRONICS ZEB-H81M2 with PCIE M.2 / NVMe Slot (LGA 1150 Socket) Motherboard,2449.0,INR,True,False,False,True,PcData/MotherBoard.csv,sudhanshuy17/pccomponents
6dd807dbaa146c8d1aab,motherboard,ZEBRONICS ZEB-H81M2 with PCIE M.2 / NVMe Slot Motherboard,2449.0,INR,True,False,False,True,PcData/MotherBoard.csv,sudhanshuy17/pccomponents
c5b07d83332c63b9d78f,motherboard,ZEBRONICS ZEB55 Motherboard,2399.0,INR,True,False,False,True,PcData/MotherBoard.csv,sudhanshuy17/pccomponents
f30247dcd9823fbabac1,motherboard,"ZEBRONICS ZEBH61 CORE I5 2400 8 GB RAM, FAN Motherboard",4150.0,INR,True,False,False,True,PcData/MotherBoard.csv,sudhanshuy17/pccomponents
7127c7f5b5440d02be3c,motherboard,Zingsha X99 Dual CPU Motherboard with Intel Xeon 2699 v3 CPU and 64 GB RAM Motherboard,58559.0,INR,True,False,False,True,PcData/MotherBoard.csv,sudhanshuy17/pccomponents
7a18706ef74755d9d0d1,psu,AARL PSU (Silver) 120 Watts PSU,653.0,INR,True,False,False,True,PcData/PowerSupply.csv,sudhanshuy17/pccomponents
10d6b80516d3802854e5,psu,AL QURAISH 24V 5A 120Watt SMPS POWER SUPPLY 120 Watts PSU,898.0,INR,True,False,False,True,PcData/PowerSupply.csv,sudhanshuy17/pccomponents
a735fb5c8dc2d177c47c,psu,AL QURAISH 5V 10A SLIM HEAVY METAL BOSY 50Watt SMPS POWER SUPPLY 50 Watts PSU,899.0,INR,True,False,False,True,PcData/PowerSupply.csv,sudhanshuy17/pccomponents
103a1b15be9d684d2890,psu,AL QURAISH 5V 40A 200Watt SMPS RAINPROOF POWER SUPPLY FOR LED DRIVERS ETC. 200 Watts PSU,1249.0,INR,True,False,False,True,PcData/PowerSupply.csv,sudhanshuy17/pccomponents
dced2148bf7e815423a4,psu,AL QURAISH 5V 60A 300Watt SMPS RAINPROOF POWER SUPPLY 300 Watts PSU,1179.0,INR,True,False,False,True,PcData/PowerSupply.csv,sudhanshuy17/pccomponents
90be85b2e86d243e997c,psu,AL QURAISH 5V 80A 400Watt SMPS RAINPROOF POWER SUPPLY 400 Watts PSU,1649.0,INR,True,False,False,True,PcData/PowerSupply.csv,sudhanshuy17/pccomponents
5b411e1b683f5cce085c,psu,alwar T-1000S RGB LED strip controller with 256M SD card 2048 pixels for WS2801 WS2811 WS2812B LPD6803 SK6812 LED strip DC5-24V 60 Watts PSU,1299.0,INR,True,False,False,True,PcData/PowerSupply.csv,sudhanshuy17/pccomponents
a99ee437b5b51756d716,psu,Ant Esports VS400L 400 Watts PSU,1069.0,INR,True,False,False,True,PcData/PowerSupply.csv,sudhanshuy17/pccomponents
2f2b55d3135db2f36094,psu,Ant Esports VS450L 450 Watts PSU,1650.0,INR,True,False,False,True,PcData/PowerSupply.csv,sudhanshuy17/pccomponents
5f81dd9f65bf714567b3,psu,Ant Esports VS500L 500 Watts PSU,2020.0,INR,True,False,False,True,PcData/PowerSupply.csv,sudhanshuy17/pccomponents
66619a995ee3ad8a2c2a,psu,Ant Esports VS600L 600 Watts PSU,2306.0,INR,True,False,False,True,PcData/PowerSupply.csv,sudhanshuy17/pccomponents
a860f8054207b02ac9e5,psu,ARS INFOTECH Aykait SMPS (DSATA- 20+4 Pin) Power Supply (Silver) 240 Watts PSU,597.0,INR,True,False,False,True,PcData/PowerSupply.csv,sudhanshuy17/pccomponents
b48d8f94abf7a3e5f62b,psu,ARS INFOTECH SMPS (DSATA- 20+4 Pin) Power Supply (Silver) 240 Watts PSU,583.0,INR,True,False,False,True,PcData/PowerSupply.csv,sudhanshuy17/pccomponents
75255fa11624b41040cc,psu,artis 2220 2.0C Micro ATX Cabinet,2399.0,INR,False,True,False,True,PcData/PowerSupply.csv,sudhanshuy17/pccomponents
560f9b9239c6865cffde,psu,artis 2620 2.0C Micro ATX Cabinet,2399.0,INR,False,True,False,True,PcData/PowerSupply.csv,sudhanshuy17/pccomponents
f2c0a1056d65264f4d0d,psu,artis 2620 3.0C Micro ATX Cabinet,2599.0,INR,False,True,False,True,PcData/PowerSupply.csv,sudhanshuy17/pccomponents
9661c0f3b2b135adb20b,psu,artis 3330 3.0 Micro ATX Mini Tower Cabinet,2799.0,INR,False,True,False,True,PcData/PowerSupply.csv,sudhanshuy17/pccomponents
ded5731f0c72a48c5043,psu,artis 600 Watt High Performance Power Supply Unit 600 Watts PSU,3999.0,INR,True,False,False,True,PcData/PowerSupply.csv,sudhanshuy17/pccomponents
266b56b683efdb44fd29,psu,artis BLISS 3.0 Full Tower Cabinet,2899.0,INR,False,True,False,True,PcData/PowerSupply.csv,sudhanshuy17/pccomponents
e00acf4395e0e48840a0,psu,artis JOY 2.0 SLIM Mid Tower Cabinet,3199.0,INR,False,True,False,True,PcData/PowerSupply.csv,sudhanshuy17/pccomponents
178612a68984a15bd4f3,psu,artis JOY 3.0 Slim Mid Tower Cabinet,3399.0,INR,False,True,False,True,PcData/PowerSupply.csv,sudhanshuy17/pccomponents
85c8e0a336f462a5dc8b,psu,artis SPARK 2.0 Full Tower Cabinet,2699.0,INR,False,True,False,True,PcData/PowerSupply.csv,sudhanshuy17/pccomponents
fe0fdaf362bd3afefef4,psu,artis VIP 400R 12 Plus 400 Watts PSU,999.0,INR,True,False,False,True,PcData/PowerSupply.csv,sudhanshuy17/pccomponents
c4191ceaa73359c63d20,psu,artis VIP250 250W SMPS Compact Power Supply Unit 250 Watts PSU,1199.0,INR,True,False,False,True,PcData/PowerSupply.csv,sudhanshuy17/pccomponents
ae5c77285e9ada7a723f,psu,artis VIP500 GOLD Super Silent Power Supply 500 Watts PSU,2199.0,INR,True,False,False,True,PcData/PowerSupply.csv,sudhanshuy17/pccomponents
e2b576c80f9aaa8a9c4f,psu,ASUS ROG Strix 850G 850 Watts PSU,16999.0,INR,True,False,False,True,PcData/PowerSupply.csv,sudhanshuy17/pccomponents
75fa30c909295c748ba7,psu,ASUS ROG Thor 850P 850 Watts PSU,19349.0,INR,True,False,False,True,PcData/PowerSupply.csv,sudhanshuy17/pccomponents
3d998a9e9a0b02285d47,psu,ASUS TUF Gaming 550B 550 Watts PSU,7499.0,INR,True,False,False,True,PcData/PowerSupply.csv,sudhanshuy17/pccomponents
39d5ce31f3b97468ebbe,psu,ASUS TUF Gaming 650B 650 Watts PSU,8340.0,INR,True,False,False,True,PcData/PowerSupply.csv,sudhanshuy17/pccomponents
6daf766ae332003a0814,psu,Auslese RGB GPU Holder 5V ARGB Vertical GPU Colorful Computer Graphics Video Card Stand RAM Heatsink Kit Cabinet,1449.0,INR,False,True,False,True,PcData/PowerSupply.csv,sudhanshuy17/pccomponents
b99ce25409eaa743d70e,psu,Auslese RGB LED Strip Kit 5V 3 Pin ARGB Light Strip Addressable Bar for Computer Addressable 5V ARGB LED Strip Cabinet,1199.0,INR,False,True,False,True,PcData/PowerSupply.csv,sudhanshuy17/pccomponents
de74a7bdbe0c0387816b,psu,Aykait Power Supply SMPS (DSATA- 20+4 Pin) Power Supply (Silver) 240 Watts PSU,613.0,INR,True,False,False,True,PcData/PowerSupply.csv,sudhanshuy17/pccomponents
17047021b808dce1aba1,psu,Aykait SMPS (DSATA- 20+4 Pin) Power Supply (Silver) 240 Watts PSU,616.0,INR,True,False,False,True,PcData/PowerSupply.csv,sudhanshuy17/pccomponents
179793ca47aa1836b845,psu,BALRAMA 12 Volt 3 Amp DC Adaptor SMPS Power Supply AC to DC Converter 12V 3A Charger 36 Watts PSU,499.0,INR,True,False,False,True,PcData/PowerSupply.csv,sudhanshuy17/pccomponents
923c8b9f2526f5d71362,psu,BALRAMA 12 Volt 5 Amp DC Adaptor SMPS Power Supply AC to DC Converter 12V 5A Charger 60 Watts PSU,499.0,INR,True,False,False,True,PcData/PowerSupply.csv,sudhanshuy17/pccomponents
22f897caba110392c2c3,psu,BALRAMA 16 Channel CCTV SMPS 12 Volt 20 Amp Power Supply Security Dome Bullet Cameras 200 Watts PSU,1299.0,INR,True,False,False,True,PcData/PowerSupply.csv,sudhanshuy17/pccomponents
70912dc417564c55c0ac,psu,BALRAMA 4 Channel CCTV SMPS 12 Volt 5 Amp Power Supply for Security Dome Bullet Cameras 60 Watts PSU,599.0,INR,True,False,False,True,PcData/PowerSupply.csv,sudhanshuy17/pccomponents
b574fda668997a7a16e8,psu,BALRAMA 8 Channel CCTV SMPS 12 Volt 10 Amp Power Supply for Security Dome Bullet Cameras 120 Watts PSU,699.0,INR,True,False,False,True,PcData/PowerSupply.csv,sudhanshuy17/pccomponents
3daf5b1008ecfdda0bba,psu,Bharti Flex Board 12 Volt Hilight RainProof Power Supply for Sinage 200 Watts PSU,798.0,INR,True,False,False,True,PcData/PowerSupply.csv,sudhanshuy17/pccomponents
03fc4a95ad94daa6058d,psu,Bharti Flex Board HiLight Rainproof Power Supply 12 Volt For 160 LED Module 250 Watts PSU,948.0,INR,True,False,False,True,PcData/PowerSupply.csv,sudhanshuy17/pccomponents
ac3824a770526f1b08ea,psu,Bharti Flex Board HiLight Rainproof Power Supply 12 Volt For 190 LED Module 300 Watts PSU,1298.0,INR,True,False,False,True,PcData/PowerSupply.csv,sudhanshuy17/pccomponents
a738c42f913bf6cec722,psu,Bharti Flex Board HiLight Rainproof Power Supply 12 Volt For 255 LED Module 400 Watts PSU,1498.0,INR,True,False,False,True,PcData/PowerSupply.csv,sudhanshuy17/pccomponents
f3c5f52a370edc9fb2d6,psu,Bharti Flex Board HiLight Rainproof Power Supply 12 Volt For 255 LED Module / Electric instruments 400 Watts PSU,1423.0,INR,True,False,False,True,PcData/PowerSupply.csv,sudhanshuy17/pccomponents
e9cfed4fd02001861f58,psu,Bharti Flex Board HiLight Rainproof Power Supply 12 Volt For 390 LED Module 400 Watts For LED Board Advertising Agency Cabinet,2498.0,INR,True,False,False,True,PcData/PowerSupply.csv,sudhanshuy17/pccomponents
93995a349cf6db7b59cc,psu,Bharti Flex Board HiLight Rainproof Power Supply 12 Volt For 390 LED Module 600 Watts PSU,1997.0,INR,True,False,False,True,PcData/PowerSupply.csv,sudhanshuy17/pccomponents
3b36a4276f39980d569c,psu,Bharti Flex Board HiLight Rainproof Power Supply 12 Volt For 450 LED Module 700 Watts PSU,1498.0,INR,True,False,False,True,PcData/PowerSupply.csv,sudhanshuy17/pccomponents
4fb381d9ea3a128111e8,psu,Bharti Flex Board HiLight Rainproof Power Supply 200 Watt 12 Volt For 130 LED Module Computer PSU Cabinet,848.0,INR,True,False,False,True,PcData/PowerSupply.csv,sudhanshuy17/pccomponents
07f65bd435608ee9e833,psu,Bharti Flex Board HiLight Rainproof Power Supply 300 Watt 12 Volt For 190 LED Module Electrical Instruments Cabinet,1198.0,INR,True,False,False,True,PcData/PowerSupply.csv,sudhanshuy17/pccomponents
3ccd7e5532d3749529a9,psu,Bharti Flex Board HiLight Rainproof Power Supply 400 Watt 12 Volt For 255 LED Module Electrical Instruments Cabinet,1299.0,INR,True,False,False,True,PcData/PowerSupply.csv,sudhanshuy17/pccomponents
a8236242f5a936f76640,psu,Bharti Flex Board HiLight Rainproof Power Supply 600 Watt 12 Volt For 390 LED Module Electrical Instruments Cabinet,2003.0,INR,True,False,False,True,PcData/PowerSupply.csv,sudhanshuy17/pccomponents
fddbbe9074e44320c2f7,psu,Bharti Flex Board HiLight Rainproof Power Supply 700 Watt 12 Volt For 450 LED Module Electrical instrument Cabinet,2448.0,INR,True,False,False,True,PcData/PowerSupply.csv,sudhanshuy17/pccomponents
2d18b1d35f4b2be4513e,psu,Bharti Flex Board Rainproof Power Supply 12 Volt For 130 LED Module 200 Watts PSU,768.0,INR,True,False,False,True,PcData/PowerSupply.csv,sudhanshuy17/pccomponents
1207e383e26a813fab3d,psu,BLSM AYKAIT SMPS (DSATA- 20+4 Pin) Power Supply (Silver) 240 Watts PSU,614.0,INR,True,False,False,True,PcData/PowerSupply.csv,sudhanshuy17/pccomponents
a46447983ffcdea6b047,psu,BLSM SMPS (DSATA- 20+4 Pin) Power Supply (Silver) 240 Watts PSU,582.0,INR,True,False,False,True,PcData/PowerSupply.csv,sudhanshuy17/pccomponents
ac9783396f1e752aca55,psu,Bright Electronic Components 12V 10A Power Supply 120 Watts PSU,685.0,INR,True,False,False,True,PcData/PowerSupply.csv,sudhanshuy17/pccomponents
7199dc729a2597f574b7,psu,Bright Electronic Components 12V 20A Power Supply 240 Watts PSU,999.0,INR,True,False,False,True,PcData/PowerSupply.csv,sudhanshuy17/pccomponents
2ed2c24edd15fdaf23ac,psu,Bright Electronic Components 12V 50A Rainproof Power Supply | 600W Rainproof Power Supply 600 Watts PSU,2045.0,INR,True,False,False,True,PcData/PowerSupply.csv,sudhanshuy17/pccomponents
7556a448e0aa65492c49,psu,Bright Electronic Components 12V 5A Power Supply 60 Watts PSU,499.0,INR,True,False,False,True,PcData/PowerSupply.csv,sudhanshuy17/pccomponents
6ab3870f05260f6134d3,psu,Bright Electronic Components 15V 5A Power Supply 75 Watts PSU,869.0,INR,True,False,False,True,PcData/PowerSupply.csv,sudhanshuy17/pccomponents
70e6cd11f4679a16f3a9,psu,Bright Electronic Components 5V 10A Power Supply 50 Watts PSU,575.0,INR,True,False,False,True,PcData/PowerSupply.csv,sudhanshuy17/pccomponents
7663b37434c8ebafcc0e,psu,Bright Electronic Components 5V 60A Power Supply | 300 watt SMPS (Rainproof) 300 Watts PSU,1050.0,INR,True,False,False,True,PcData/PowerSupply.csv,sudhanshuy17/pccomponents
4d806c2f77f8c5f0a523,psu,Bright Electronic Components 5V5ASMPS 25 Watts PSU,399.0,INR,True,False,False,True,PcData/PowerSupply.csv,sudhanshuy17/pccomponents
57eae8d77541a0d23393,psu,BTronics 12V 16.6A / 199W DC Switched SMPS Power Supply (12V 16.6A Rainproof) 400 Watts PSU,889.0,INR,True,False,False,True,PcData/PowerSupply.csv,sudhanshuy17/pccomponents
48cdb36f66d94e95f579,psu,BTronics 12V 33A / 400W DC Switched SMPS Power Supply (12V-33A Rainproof) 400 Watts PSU,1299.0,INR,True,False,False,True,PcData/PowerSupply.csv,sudhanshuy17/pccomponents
114fd46cf41277e06ab4,psu,BTronics 5V 10A Power Supply | 50W Power Supply 50 Watts PSU,598.0,INR,True,False,False,True,PcData/PowerSupply.csv,sudhanshuy17/pccomponents
4c8dd4036d13f3f9af40,psu,BTronics 5V 20A Power Supply | 100W Power Supply 100 Watts PSU,789.0,INR,True,False,False,True,PcData/PowerSupply.csv,sudhanshuy17/pccomponents
c06804a5eeae9bb81894,psu,BTronics 5V 5A Power Supply | 25W Power Supply 25 Watts PSU,399.0,INR,True,False,False,True,PcData/PowerSupply.csv,sudhanshuy17/pccomponents
a98b29e54139e10bfcc2,psu,Circle CG 500W 80 PLUS WHITE 500 Watts PSU,4600.0,INR,True,False,False,True,PcData/PowerSupply.csv,sudhanshuy17/pccomponents
fb668c6c3ce013011235,psu,Circle Power Supply CPH 799 400 Watts PSU,1199.0,INR,True,False,False,True,PcData/PowerSupply.csv,sudhanshuy17/pccomponents
490e18e5aeff1b34b687,psu,CLANCOR CCSMPS 240 Watts PSU,950.0,INR,True,False,False,True,PcData/PowerSupply.csv,sudhanshuy17/pccomponents
465f58311b784be5e7b6,psu,Com C 12V 5 Amp 60W DC Switching Switch Power Supply for LED Strip and CCTV 5 Watts PSU,615.0,INR,True,False,False,True,PcData/PowerSupply.csv,sudhanshuy17/pccomponents
29a5aa0114d019da3206,psu,"COOLER MASTER CM MWE 650 Bronze V2 230v, 80 Plus Bronze Certified, Non-Modular Power Supply 650 Watts PSU",5499.0,INR,True,False,False,True,PcData/PowerSupply.csv,sudhanshuy17/pccomponents
4d6fecad10a2dd8c574e,psu,"COOLER MASTER G700 Gold 80 Plus Gold Certified Power Supply, Intel ATX 12V 2.52 700 Watts PSU",6789.0,INR,True,False,False,True,PcData/PowerSupply.csv,sudhanshuy17/pccomponents
04c56225d43d0b7a4333,psu,COOLER MASTER MWE 450 Bronze 450 Watts PSU,3349.0,INR,True,False,False,True,PcData/PowerSupply.csv,sudhanshuy17/pccomponents
2a9a1ee32f42858c5d14,psu,"COOLER MASTER MWE 450 Bronze V2 230v, 80 Plus Bronze Certified 450 Watts PSU",3349.0,INR,True,False,False,True,PcData/PowerSupply.csv,sudhanshuy17/pccomponents
7693098a5af9de57bce8,psu,"COOLER MASTER MWE Gold V2, FM 1250W A/IN Cable 1250 Watts PSU",20999.0,INR,True,False,False,True,PcData/PowerSupply.csv,sudhanshuy17/pccomponents
3151989eb5d709774b48,psu,COOLER MASTER MWE Gold V2 FM 750W A/UK Cable 750 Watts PSU,9449.0,INR,True,False,False,True,PcData/PowerSupply.csv,sudhanshuy17/pccomponents
5cca2320e545a0da9c4e,psu,COOLER MASTER MWE Gold V2 FM 850W A/UK Cable 850 Watts PSU,10799.0,INR,True,False,False,True,PcData/PowerSupply.csv,sudhanshuy17/pccomponents
b5a274a2e7912cb07f5e,psu,"COOLER MASTER MWE Gold V2, Fully modular 1050W A/IN Ca 1050 Watts PSU",17499.0,INR,True,False,False,True,PcData/PowerSupply.csv,sudhanshuy17/pccomponents
7deb3e7d6e1dfdd53378,psu,COOLER MASTER V SFX Gold 750W A/UK Cable 750 Watts PSU,12873.0,INR,True,False,False,True,PcData/PowerSupply.csv,sudhanshuy17/pccomponents
d34a1428d4b5b204827c,psu,COOLER MASTER V SFX Gold 850W A/UK Cable 850 Watts PSU,13543.0,INR,True,False,False,True,PcData/PowerSupply.csv,sudhanshuy17/pccomponents
102643a2397833078db0,psu,Daz Cam Brand 12 Volt 10 Amp SMPS Worldwide Adapter (Silver) 120 Watts PSU,599.0,INR,True,False,False,True,PcData/PowerSupply.csv,sudhanshuy17/pccomponents
43135d9834225d0fcc4a,psu,Daz Cam Brand 12 Volt 5 Amp SMPS (1 Year Warranty) Worldwide Adapter 60 Watts PSU,499.0,INR,True,False,False,True,PcData/PowerSupply.csv,sudhanshuy17/pccomponents
6a1ac9cd8d6a516a6ece,psu,Deepcool DQ1000M-V3L 80 Plus Gold Fully Modular 1000 Watts PSU,12705.0,INR,True,False,False,True,PcData/PowerSupply.csv,sudhanshuy17/pccomponents
e89338550972e82b2519,psu,Deepcool DQ850-M-V2L 850 Watts PSU,9766.0,INR,True,False,False,True,PcData/PowerSupply.csv,sudhanshuy17/pccomponents
4769c1e3d061148b72f7,psu,Deepcool PK750D 750 Watts PSU,5819.0,INR,True,False,False,True,PcData/PowerSupply.csv,sudhanshuy17/pccomponents
27408d858e6fcac2ed46,psu,Deepcool PM850D 850 Watts PSU,8035.0,INR,True,False,False,True,PcData/PowerSupply.csv,sudhanshuy17/pccomponents
634d99c562a8afc8181c,psu,"Deepcool PX1000G 80 Plus Gold /Cybenetics_Platinum, ATX 3.0 Fully Modular 1000 Watts PSU",15919.0,INR,True,False,False,True,PcData/PowerSupply.csv,sudhanshuy17/pccomponents
0e29cab9abee9820173c,psu,"Deepcool PX1200G 80 Plus Gold /Cybenetics_Platinum, ATX 3.0 Fully Modular 1200 Watts PSU",19929.0,INR,True,False,False,True,PcData/PowerSupply.csv,sudhanshuy17/pccomponents
8d08abe0e1fa0eeed717,psu,DELTA PMT-12V50W2BA 50 Watts PSU,999.0,INR,True,False,False,True,PcData/PowerSupply.csv,sudhanshuy17/pccomponents
8e35e4951830f5c1f916,psu,DEVBHOOMI DB - COMPUTER 400W PSU/SMPS 400 Watts PSU,699.0,INR,True,False,False,True,PcData/PowerSupply.csv,sudhanshuy17/pccomponents
d5972fd13a7a614f7081,psu,DHRUV-PRO 12 Volts / 3 Amp DC Output Power Supply Power LED Driver Power Supply Adaptor for CCTV Camera AC Input 100/240vAC silver 36 Watts PSU,382.0,INR,True,False,False,True,PcData/PowerSupply.csv,sudhanshuy17/pccomponents
649fa7b0a114e66ac71c,psu,DHRUV-PRO 12V Switched Rainproof Power Supply (Silver) (12V 400W 180x120x56mm Small Body) 400 Watts PSU,1092.0,INR,True,False,False,True,PcData/PowerSupply.csv,sudhanshuy17/pccomponents
cd6e318c7732b51441b6,psu,DHRUV-PRO 12V Switched Rainproof Power Supply (Silver) (12V 400W 180x120x56mm)-Small Body 400 Watts PSU,1149.0,INR,True,False,False,True,PcData/PowerSupply.csv,sudhanshuy17/pccomponents
20f9fe02ba3dafdd16ee,psu,DHRUV-PRO 12V Switched Rainproof Power Supply (Silver) (12V 500W 227x120x56mm Big Body) 500 Watts PSU,1378.0,INR,True,False,False,True,PcData/PowerSupply.csv,sudhanshuy17/pccomponents
ca79496e00e342f24148,psu,DHRUV-PRO 12V Switched Rainproof Power Supply (Silver) (12V 700W 237x120x56mm Big Body) 700 Watts PSU,2100.0,INR,True,False,False,True,PcData/PowerSupply.csv,sudhanshuy17/pccomponents
a6f150286aaa7f8608ab,psu,DHRUV-PRO DHRUV-PRO Led Indicator 12 Volts / 5 Amp DC Output Power Supply High Quality Metal Case Type Power LED Driver Power Supply Adaptor for CCTV Camera AC Input 100/240vAC 60 Watts PSU,543.0,INR,True,False,False,True,PcData/PowerSupply.csv,sudhanshuy17/pccomponents
0fb0a30ef63449100260,psu,DHRUV-PRO Led Indicator 12 Volt / 20 Amp DC Output Power Supply Metal Case Type Power LED Driver Power Supply Adaptor for CCTV Camera AC Input 100/240vAC 240 Watts PSU,899.0,INR,True,False,False,True,PcData/PowerSupply.csv,sudhanshuy17/pccomponents
792feda6886ac7e86e62,psu,"DHRUV-PRO Led Indicator 12 Volt / 30 Amp DC Output Power Supply, Metal Case Type Power LED Driver Power Supply Adaptor for CCTV Camera AC Input 100/240vAC 360 Watts PSU",999.0,INR,True,False,False,True,PcData/PowerSupply.csv,sudhanshuy17/pccomponents
f017c60fe3c5da145ad9,psu,DHRUV-PRO Led Indicator 24 Volt / 10 Amp DC Output Power Supply Metal Case Type Power Supply Adaptor for CCTV Camera AC Input 100/240vAC 240 Watts PSU,1179.0,INR,True,False,False,True,PcData/PowerSupply.csv,sudhanshuy17/pccomponents
daf1ce52d195bf15f82c,psu,DHRUV-PRO Led Indicator 24 Volt / 2 Amp DC Output Power Supply Metal Case Type Power Supply Adaptor AC Input 100/240vAC 48 Watts PSU,544.0,INR,True,False,False,True,PcData/PowerSupply.csv,sudhanshuy17/pccomponents
3df8ccb449d0c6a03eed,psu,DHRUV-PRO Led Indicator 24 Volt / 20 Amp DC Output Power Supply Metal Case Type Power Supply Adaptor for CCTV Camera AC Input 100/240vAC 480 Watts PSU,2897.0,INR,True,False,False,True,PcData/PowerSupply.csv,sudhanshuy17/pccomponents
54d726b3d8a1bb8421f0,psu,DHRUV-PRO Led Indicator 24 Volt / 3 Amp DC Output Power Supply Metal Case Type Power Supply Adaptor AC Input 100/240vAC 72 Watts PSU,571.0,INR,True,False,False,True,PcData/PowerSupply.csv,sudhanshuy17/pccomponents
03f3e31238046197f112,psu,DHRUV-PRO Led Indicator 24 Volt / 5 Amp DC Output Power Supply Metal Case Type Power Supply Adaptor AC Input 100/240vAC 120 Watts PSU,749.0,INR,True,False,False,True,PcData/PowerSupply.csv,sudhanshuy17/pccomponents
63b9c21e376dc922591b,psu,DHRUV-PRO Led Indicator 48 Volt / 10 Amp DC Output Power Supply Metal Case Type Power Supply Adaptor for multipurpose use AC Input 100/240vAC 480 Watts PSU,2950.0,INR,True,False,False,True,PcData/PowerSupply.csv,sudhanshuy17/pccomponents
436a2d54cc9fa1d5ce75,psu,DHRUV-PRO Led Indicator 48 Volt / 5 Amp DC Output Power Supply Metal Case Type Power Supply Adaptor For multipurpose use AC Input 100/240vAC 240 Watts PSU,1449.0,INR,True,False,False,True,PcData/PowerSupply.csv,sudhanshuy17/pccomponents
e3afb69c6bc579946389,psu,DHRUV-PRO Led Indicator 5 Volt / 10 Amp DC Output Power Supply Metal Case Type LED Driver Power Supply Adaptor AC Input 100/240vAC 50 Watts PSU,525.0,INR,True,False,False,True,PcData/PowerSupply.csv,sudhanshuy17/pccomponents
b30b2c913d9e6b3d3910,psu,DHRUV-PRO Led Indicator 5 Volt / 20 Amp DC Output Power Supply Metal Case Type LED Driver Power Supply Adaptor AC Input 100/240vAC 100 Watts PSU,799.0,INR,True,False,False,True,PcData/PowerSupply.csv,sudhanshuy17/pccomponents
7d4d42c268ff29107669,psu,DHRUV-PRO Led Indicator 5 Volt / 5 Amp DC Output Power Supply Metal Case Type LED Driver Power Supply Adaptor AC Input 100/240vAC 25 Watts PSU,490.0,INR,True,False,False,True,PcData/PowerSupply.csv,sudhanshuy17/pccomponents
bd9fd07c6ff6764daa84,psu,DHRUV-PRO Led Indicator 5 Volt / 80 Amp DC Output Power Supply Metal Case Type LED Driver Power Supply Adaptor AC Input 100/240vAC 400 Watts PSU,1999.0,INR,True,False,False,True,PcData/PowerSupply.csv,sudhanshuy17/pccomponents
4f59025ac504adc633cd,psu,discounthub Corsair 600W 12+4 pin PCIe 5.0 12VHPWR Type-4 600W PSU Power Cable - CP-8920284 600 Watts PSU,1499.0,INR,True,False,False,True,PcData/PowerSupply.csv,sudhanshuy17/pccomponents
538681adf83736d7e41b,psu,Divinext 12 Volt 1.7 Amp Agricultural Sprayer Pump Battery Charger DC SMPS Power Supply 20 Watts PSU,499.0,INR,True,False,False,True,PcData/PowerSupply.csv,sudhanshuy17/pccomponents
895ba9e8cf4fba2108cf,psu,Divinext 12 Volt 10 Amp 120 Watt Power Supply Unit AC to DC Switch Mode Power Adaptor. 120 Watts PSU,799.0,INR,True,False,False,True,PcData/PowerSupply.csv,sudhanshuy17/pccomponents
8d2ea4dbbc0c5242bbfc,psu,Divinext 12 Volt 20 Amp 240 Watt Power Supply Unit AC to DC Switch Mode Power Adaptor. 240 Watts PSU,1299.0,INR,True,False,False,True,PcData/PowerSupply.csv,sudhanshuy17/pccomponents
032622516dac8019dfee,psu,Divinext 12 Volt 5 Amp 60 Watt Power Supply Unit AC to DC Switch Mode Power Adaptor. 60 Watts PSU,599.0,INR,True,False,False,True,PcData/PowerSupply.csv,sudhanshuy17/pccomponents
87fff473dbb6499a6f60,psu,Divinext 12V DC 33.3A 400W Rainproof LED Driver AC-DC Power Supply 400 Watts PSU,1499.0,INR,True,False,False,True,PcData/PowerSupply.csv,sudhanshuy17/pccomponents
82390fac40775b9b5000,psu,Divinext 3pc Combo 12 Volt 2 Amp Adaptor Charger + RGB Control Box + IR Remote Controller 6 Watts PSU,399.0,INR,True,False,False,True,PcData/PowerSupply.csv,sudhanshuy17/pccomponents
55a8b9939b2bdea2c898,psu,Divinext 5 Volt 10 Amp 50 Watt Power Supply Unit AC to DC SMPS Power Adaptor Charger 5V 10A 50 Watts PSU,699.0,INR,True,False,False,True,PcData/PowerSupply.csv,sudhanshuy17/pccomponents
38b03522f91daa7ae9dc,psu,Divinext 5 Volt 60 Amp 300 Watt LED Rainproof Switching Power Supply SMPS Adapter DC5V 300 Watts PSU,1499.0,INR,True,False,False,True,PcData/PowerSupply.csv,sudhanshuy17/pccomponents
6185faea1ae5e692d75f,psu,Divinext 5 Volt 60 Amp 300 Watt Switching Power Supply SMPS Adapter DC5V 300 Watts 300 Watts PSU,1199.0,INR,True,False,False,True,PcData/PowerSupply.csv,sudhanshuy17/pccomponents
fe0ab900f52848f5a81c,psu,Divinext AC to DC Switch Mode Power Adaptor (SMPS) with Metal Casing + LED Indicator Electronic Adeptor 360 Watts PSU,1399.0,INR,True,False,False,True,PcData/PowerSupply.csv,sudhanshuy17/pccomponents
0009413779b932ddf8e7,psu,Divinext H2O 4 Way 4 Step Wireless RF Radio IR Remote Control Switch for Light & Fan 1000 Watts PSU,599.0,INR,True,False,False,True,PcData/PowerSupply.csv,sudhanshuy17/pccomponents
ae22a465bc7fa9f115f9,psu,Divinext Rainproof 12 Volt 33 Amp 400 Watt Power Supply Unit AC to DC SMPS Power Adaptor Charger 400 Watts PSU,1599.0,INR,True,False,False,True,PcData/PowerSupply.csv,sudhanshuy17/pccomponents
76187aa14e89855b04da,psu,Divinext Rainproof 5 Volt 60 Amp 300 Watt Power Supply Unit AC to DC SMPS Power Adaptor Charger 300 Watts PSU,1499.0,INR,True,False,False,True,PcData/PowerSupply.csv,sudhanshuy17/pccomponents
bce10af063ee997436c8,psu,Divinext Rainproof T8000AC SD Card Pixel Controller RGB LED Strip Light Controller T-8000 AC 3 Watts PSU,3399.0,INR,True,False,False,True,PcData/PowerSupply.csv,sudhanshuy17/pccomponents
2bf3e4e2ba498d5fb608,psu,Divinext RGB Control Box IR Remote Controller Wireless for LED Light Strip Tape Lighting 6 Watts PSU,299.0,INR,True,False,False,True,PcData/PowerSupply.csv,sudhanshuy17/pccomponents
aa5ff1293a09822bfec1,psu,Divinext T8000 SD Card Pixel Controller RGB LED Strip Light Controller T-8000 with Adaptor 100 Watts PSU,3399.0,INR,True,False,False,True,PcData/PowerSupply.csv,sudhanshuy17/pccomponents
86931b517109b4abb09e,psu,"ds vision Led Indicator 12 Volt / 30 Amp DC Output Power Supply, Metal Case Type Power LED Driver Power Supply Adaptor for CCTV Camera AC Input 100/240vAC 360 Watts PSU (White) 360 Watts PSU",1499.0,INR,True,False,False,True,PcData/PowerSupply.csv,sudhanshuy17/pccomponents
7ce89cb32da85bf36ca7,psu,Dtech ZEB 450S 450 Watts PSU,849.0,INR,True,False,False,True,PcData/PowerSupply.csv,sudhanshuy17/pccomponents
dcd14154af8abd68c0ff,psu,Easy Electronics 5 Volt 5 Amp DC Power Supply SMPS (5V 5A) 25 Watts PSU,385.0,INR,True,False,False,True,PcData/PowerSupply.csv,sudhanshuy17/pccomponents
4e7c25605de49e4908de,psu,Enter Computer Power Supply 500 Watts PSU,660.0,INR,True,False,False,True,PcData/PowerSupply.csv,sudhanshuy17/pccomponents
ce13f054ce9b62b4d7db,psu,Enter Computer Power Supply 500w Model No. E-500F 500 Watts PSU,743.0,INR,True,False,False,True,PcData/PowerSupply.csv,sudhanshuy17/pccomponents
ac848d05b3b863d23175,psu,Enter e-500 new model 500 Watts PSU,665.0,INR,True,False,False,True,PcData/PowerSupply.csv,sudhanshuy17/pccomponents
435afbb260d6e7fca2b8,psu,Enter E-500b Computer Power Supply 500 Watts PSU,743.0,INR,True,False,False,True,PcData/PowerSupply.csv,sudhanshuy17/pccomponents
7dbe6a29045f5195d92d,psu,Enter Supply 500w Model No. E-500F 500 Watts PSU,664.0,INR,True,False,False,True,PcData/PowerSupply.csv,sudhanshuy17/pccomponents
6e2661762b23519b7b61,psu,EnterGo E-500B 500-Watt Computer Power Supply (Black) 500 Watts PSU,659.0,INR,True,False,False,True,PcData/PowerSupply.csv,sudhanshuy17/pccomponents
15ef54ce4222710ce8f1,psu,"ENTWINO WARRIOR Gaming Cabinet,Supports 7 RGB Fans,Tempered Glass,NO Fans & Power Supply Full Tower Premium Gaming CPU Case Cabinet",6949.0,INR,True,False,False,True,PcData/PowerSupply.csv,sudhanshuy17/pccomponents
36db6ec5b810a8ceb834,psu,EVGA 110-BQ-0750-VN BQ 750 Watts PSU,7699.0,INR,True,False,False,True,PcData/PowerSupply.csv,sudhanshuy17/pccomponents
0bdd43cd8005f90713c8,psu,EVGA 110-BQ-0850-VN BQ 850 Watts PSU,8499.0,INR,True,False,False,True,PcData/PowerSupply.csv,sudhanshuy17/pccomponents
f29362892ebf3bde6ee5,psu,EVGA 220-GT-0850-YN SupernovaGT 850 Watts PSU,10999.0,INR,True,False,False,True,PcData/PowerSupply.csv,sudhanshuy17/pccomponents
5d54e10714a1becc15fb,psu,EVGA 220-GT-1000-XN SupernovaGT 1000 Watts PSU,17899.0,INR,True,False,False,True,PcData/PowerSupply.csv,sudhanshuy17/pccomponents
a9ee83478dd86a429bb7,psu,EVGA 220-GT-1300-XN SupernovaGT 1300 Watts PSU,25899.0,INR,True,False,False,True,PcData/PowerSupply.csv,sudhanshuy17/pccomponents
04cf2bb6d07939ccf1ed,psu,"EVGA 750 BR, 80+ BRONZE 100-BR-0750-KN 750 Watts PSU",5999.0,INR,True,False,False,True,PcData/PowerSupply.csv,sudhanshuy17/pccomponents
525e6d1ad9cf413fdbc6,psu,"FCW 4 Channel CCTV Power Supply, 12V DC, 5 Amp, 60 Watts PSU",490.0,INR,True,False,False,True,PcData/PowerSupply.csv,sudhanshuy17/pccomponents
99bee116334678428de2,psu,FINGERS Baby-Gamma-401 230 Watts PSU,1325.0,INR,True,False,False,True,PcData/PowerSupply.csv,sudhanshuy17/pccomponents
d3315958c38dd139b338,psu,Fingers BlackBox-500 500 Watts PSU,2199.0,INR,True,False,False,True,PcData/PowerSupply.csv,sudhanshuy17/pccomponents
85007c6087b622cfd389,psu,FINGERS Gamma-12-407 267 Watts PSU,1099.0,INR,True,False,False,True,PcData/PowerSupply.csv,sudhanshuy17/pccomponents
ecd0490aab5a1b12ad10,psu,Foxin FPS 800 250 Watts PSU,1049.0,INR,True,False,False,True,PcData/PowerSupply.csv,sudhanshuy17/pccomponents
60588407bbb9965d7b45,psu,Frontech ps-0005 450 Watts PSU,745.0,INR,True,False,False,True,PcData/PowerSupply.csv,sudhanshuy17/pccomponents
314884b5b6db22f24f8d,psu,Frontech PS-0005 450 Watts PSU,780.0,INR,True,False,False,True,PcData/PowerSupply.csv,sudhanshuy17/pccomponents
90f69ea1c32669b9633f,psu,"Frontech PS-0005 SMPS Compliant with ATX 12V, 20/24 Pin Power Supply Unit 450 Watts PSU",569.0,INR,True,False,False,True,PcData/PowerSupply.csv,sudhanshuy17/pccomponents
723d710372cd85156ba6,psu,fyb er FYBER 8CH CCTV POWER SUPPLY (SMPS) PS-1208 12 Watts PSU,950.0,INR,True,False,False,True,PcData/PowerSupply.csv,sudhanshuy17/pccomponents
64d82e3e48255b08e348,psu,GoodsBazaar 12v 400w Rainproof Outdoor SMPS Power Supply DC Adaptor Power Charger 12 Volt 400 Watts PSU,1599.0,INR,True,False,False,True,PcData/PowerSupply.csv,sudhanshuy17/pccomponents
cfedeab78a256aa71239,psu,Hilight Rainproof Power Supply / SMPS 200 Watt 12V for Advertising Agencies 200 Watts PSU,850.0,INR,True,False,False,True,PcData/PowerSupply.csv,sudhanshuy17/pccomponents
d9daea7312f74e3a5848,psu,Hilight smps Hilight Rainproof Power Supply / SMPS 400 Watt 12V for Advertising Agencies 400 Watts PSU,1149.0,INR,True,False,False,True,PcData/PowerSupply.csv,sudhanshuy17/pccomponents
5071772d5a8187dd96e4,psu,HUBX 3.5 MM BLACK JACK 4 POLE 5 Watts PSU,135.0,INR,True,False,False,True,PcData/PowerSupply.csv,sudhanshuy17/pccomponents
7ac6d4f3cecb280a0287,psu,HUBX BATTERY SPACER 10 PCS 5 Watts PSU,129.0,INR,True,False,False,True,PcData/PowerSupply.csv,sudhanshuy17/pccomponents
767b2f928cb6efe395cc,psu,HUBX BATTERY SPACERS 40 PCS 5 Watts PSU,249.0,INR,True,False,False,True,PcData/PowerSupply.csv,sudhanshuy17/pccomponents
5de532064d3ce8b42ee2,psu,HUBX BREAD BOARD POWER SUPPLY 5 Watts PSU,129.0,INR,True,False,False,True,PcData/PowerSupply.csv,sudhanshuy17/pccomponents
5797d60da70daf1c98ce,psu,HUBX COMBO BATTERY CASE AND TP4056 5 Watts PSU,265.0,INR,True,False,False,True,PcData/PowerSupply.csv,sudhanshuy17/pccomponents
6368591e5d5ae5ffc53a,psu,HUBX COMBO POWERBANK MODULE AND BATTERY CASE 5 Watts PSU,199.0,INR,True,False,False,True,PcData/PowerSupply.csv,sudhanshuy17/pccomponents
6cdb36f84ae79e761eaa,psu,HUBX DS1307 RTC I2C 5 Watts PSU,299.0,INR,True,False,False,True,PcData/PowerSupply.csv,sudhanshuy17/pccomponents
d873d6b7bf656c20127b,psu,HUBX NICKEL STRIP - 5 METER 0 Watts PSU,265.0,INR,True,False,False,True,PcData/PowerSupply.csv,sudhanshuy17/pccomponents
b005881526efc386b9b2,psu,HUBX TTP223 TOUCH SENSOR 5 Watts PSU,169.0,INR,True,False,False,True,PcData/PowerSupply.csv,sudhanshuy17/pccomponents
cb0704ed2c757bc4483d,psu,iball SPIRIT 12V POWER SUPPLY 200 Watts PSU,1200.0,INR,True,False,False,True,PcData/PowerSupply.csv,sudhanshuy17/pccomponents
f1952ed32b714a4e8f91,psu,iball ZPS-281 Computer Power Supply 250 Watts PSU,999.0,INR,True,False,False,True,PcData/PowerSupply.csv,sudhanshuy17/pccomponents
24995a955687978a896f,psu,iball ZPS-281 Computer Power Supply 250 Watts PSU,1160.0,INR,True,False,False,True,PcData/PowerSupply.csv,sudhanshuy17/pccomponents
9257468bf16674fe3bbe,psu,iBAT SOLUTIONS Mornsun 12V 29A 348W AC DC Enclosed Single Output SMPS LM350-12B12 348 Watts PSU,2899.0,INR,True,False,False,True,PcData/PowerSupply.csv,sudhanshuy17/pccomponents
dd47d96fb384402388a8,psu,iBAT SOLUTIONS Mornsun 24V 14.6A 350W AC DC Enclosed Single Output SMPS LM350-12B24 350 Watts PSU,2999.0,INR,True,False,False,True,PcData/PowerSupply.csv,sudhanshuy17/pccomponents
e7d4fab62c4c97dc64cb,psu,"Jantasales Power Supply for 130 LED Strip Lights, CCTV, SMPS for Electric Board, 12 Volt 200 Watts PSU",798.0,INR,True,False,False,True,PcData/PowerSupply.csv,sudhanshuy17/pccomponents
8d5aa63696a6ddabd8d9,psu,jivith DC Power Supply SMPS Best for Industrial Application(12V 2A) 24 Watts PSU,570.0,INR,True,False,False,True,PcData/PowerSupply.csv,sudhanshuy17/pccomponents
0c608402b9aae208aa37,psu,JIVO POESWITCH@01 65 Watts PSU,2500.0,INR,True,False,False,True,PcData/PowerSupply.csv,sudhanshuy17/pccomponents
14a76f860ca15ccaf228,psu,KARDOCART SMPS (DSATA- 20+4 Pin) Power Supply (Silver) 240 Watts PSU,612.0,INR,True,False,False,True,PcData/PowerSupply.csv,sudhanshuy17/pccomponents
3eec83c7fbf88a74c018,psu,LAPCARE LPS450 450 Watts PSU,670.0,INR,True,False,False,True,PcData/PowerSupply.csv,sudhanshuy17/pccomponents
2f7eb16f1f052e1b566c,psu,LAPCARE LPS450 450 Watts PSU,730.0,INR,True,False,False,True,PcData/PowerSupply.csv,sudhanshuy17/pccomponents
4f943a5583f89955f862,psu,LAPCARE PS3 450W SMPS Computer Power Supply LPS450 450 Watts PSU,725.0,INR,True,False,False,True,PcData/PowerSupply.csv,sudhanshuy17/pccomponents
1dbaefd6de614fdc958a,psu,LAPCARE SMPS Power supply (LPS450) 450 Watts PSU,670.0,INR,True,False,False,True,PcData/PowerSupply.csv,sudhanshuy17/pccomponents
a35d6ef8cbafecd94334,psu,"Lian Li SP750 PSU-UK, black 750 Watts PSU",11190.0,INR,True,False,False,True,PcData/PowerSupply.csv,sudhanshuy17/pccomponents
8332769a12d80693b680,psu,"LKAY 12V 10A 120W DC Switching Switch Power Supply for Pixel Light, LED Strip, CCTV (ISO APPROVED COMPANY) 120 Watts PSU",685.0,INR,True,False,False,True,PcData/PowerSupply.csv,sudhanshuy17/pccomponents
bde532013a618c691b24,psu,M V COLLECTIONS 12 VOLT 30 AMP POWER SUPPLY FOR CAR AMPLIFIERS AND STERIO 450 Watts PSU,1499.0,INR,True,False,False,True,PcData/PowerSupply.csv,sudhanshuy17/pccomponents
5b3bcac02236125e82cd,psu,Mean Well LRS-100-24 24 Watts PSU,1200.0,INR,True,False,False,True,PcData/PowerSupply.csv,sudhanshuy17/pccomponents
81161ca20eb84b787c4d,psu,Micrologics ML 125 18 Watts PSU,2000.0,INR,True,False,False,True,PcData/PowerSupply.csv,sudhanshuy17/pccomponents
ba8b4b07df7735703026,psu,Micrologics ML 222T 60 Watts PSU,6800.0,INR,True,False,False,True,PcData/PowerSupply.csv,sudhanshuy17/pccomponents
00ddbb3096ad7a38873a,psu,Micrologics ML 3010 300 Watts PSU,21800.0,INR,True,False,False,True,PcData/PowerSupply.csv,sudhanshuy17/pccomponents
402db0f2805234d68206,psu,Micrologics ML 302 30 Watts PSU,4200.0,INR,True,False,False,True,PcData/PowerSupply.csv,sudhanshuy17/pccomponents
81a3a172ae16b43b2cdb,psu,Micrologics ML 302D 120 Watts PSU,8300.0,INR,True,False,False,True,PcData/PowerSupply.csv,sudhanshuy17/pccomponents
49aefaf6214038adf40a,psu,Micrologics Ml 302M 100 Watts PSU,9200.0,INR,True,False,False,True,PcData/PowerSupply.csv,sudhanshuy17/pccomponents
669b377d4f15f2135b11,psu,Micrologics ML 305 150 Watts PSU,8700.0,INR,True,False,False,True,PcData/PowerSupply.csv,sudhanshuy17/pccomponents
4c9453413ef23c97a9e9,psu,Micrologics ML 444t 20 Watts PSU,8700.0,INR,True,False,False,True,PcData/PowerSupply.csv,sudhanshuy17/pccomponents
0676373e882f17e412ad,psu,MILLENNIUM TECHNOLOGY ATX-450 450 Watts PSU,699.0,INR,True,False,False,True,PcData/PowerSupply.csv,sudhanshuy17/pccomponents
811cccc53f7d6caef35a,psu,MSI MAG A650BN 650 Watts PSU,5390.0,INR,True,False,False,True,PcData/PowerSupply.csv,sudhanshuy17/pccomponents
e6d9eb0c5f55e7481251,psu,"NARANG 12V 5A 60W DC Switching Switch Power Supply for LED Strip, CCTV a1 60 Watts PSU",599.0,INR,True,False,False,True,PcData/PowerSupply.csv,sudhanshuy17/pccomponents
27d1d329e4ee4e9c597c,psu,Nzxt 1000 W 80+ GOLD FULL MODULAR 1000 Watts PSU,15598.0,INR,True,False,False,True,PcData/PowerSupply.csv,sudhanshuy17/pccomponents
c09991bb3a95456eade2,psu,Nzxt 750 W 80+ GOLD FULL MODULAR 750 Watts PSU,9494.0,INR,True,False,False,True,PcData/PowerSupply.csv,sudhanshuy17/pccomponents
311c21c3ce8e1fd639ae,psu,Nzxt 850 W 80+ GOLD FULL MODULAR 850 Watts PSU,10851.0,INR,True,False,False,True,PcData/PowerSupply.csv,sudhanshuy17/pccomponents
af2541db90c3e0e717b9,psu,Nzxt C 750 750 Watts PSU,10499.0,INR,True,False,False,True,PcData/PowerSupply.csv,sudhanshuy17/pccomponents
7f764fbc7ab25ec53246,psu,Nzxt C 850 850 Watts PSU,11899.0,INR,True,False,False,True,PcData/PowerSupply.csv,sudhanshuy17/pccomponents
624df2192c3780169a43,psu,"Obvie RGB Gaming PC Fans, Dual Light Loop RGB LED Fans, Quite Cooling Computer Fans Cooler",1298.0,INR,False,True,False,True,PcData/PowerSupply.csv,sudhanshuy17/pccomponents
7c7729354329354ef718,psu,Omron S8FS-C05024J POWER SUPPLY 50 Watts PSU,1090.0,INR,True,False,False,True,PcData/PowerSupply.csv,sudhanshuy17/pccomponents
252e6919d69c03dd2a95,psu,Omron S8FS-C35024 POWER SUPPLY 350 Watts PSU,3105.0,INR,True,False,False,True,PcData/PowerSupply.csv,sudhanshuy17/pccomponents
26f563aa818e22c61ccc,psu,Parisa (12V DC) 4 Channel Power Supply (SMPS) 60 Watts PSU,599.0,INR,True,False,False,True,PcData/PowerSupply.csv,sudhanshuy17/pccomponents
424bd2b8d8ef3730e795,psu,"PS PLUS Amp DC Output Power Supply, Metal Case Type Power Supply 360 Watts PSU",1499.0,INR,True,False,False,True,PcData/PowerSupply.csv,sudhanshuy17/pccomponents
1135710b78458615bd13,psu,RINKS PRO Led Indicator 24 Volt / 5 Amp DC Output Power Supply Metal Case 120 Watts PSU,842.0,INR,True,False,False,True,PcData/PowerSupply.csv,sudhanshuy17/pccomponents
b3dc84d976baef3faeac,psu,RINKS PRO Led Indicator 5 Volt / 20 Amp DC Output Power Supply Metal Case 100 Watts PSU,859.0,INR,True,False,False,True,PcData/PowerSupply.csv,sudhanshuy17/pccomponents
e4745c2aeb7110a57c9b,psu,Riptu 10/60 pixel toran controller 5V 10 Watts PSU,1008.0,INR,True,False,False,True,PcData/PowerSupply.csv,sudhanshuy17/pccomponents
551fdd71520ecef55c00,psu,Riptu 100 Amp Rainproof power supply Smps adapter 5v 500 Watts PSU,2155.0,INR,True,False,False,True,PcData/PowerSupply.csv,sudhanshuy17/pccomponents
3a6c81defbf931a2e729,psu,Riptu 10Amp pixel power supply 5V 40 Watts PSU,1000.0,INR,True,False,False,True,PcData/PowerSupply.csv,sudhanshuy17/pccomponents
71f4018ee6247e23bea3,psu,Riptu 10Amp power supply SMPS 5V 300 Watts PSU,1199.0,INR,True,False,False,True,PcData/PowerSupply.csv,sudhanshuy17/pccomponents
e5e64a08c95fedd5fcea,psu,Riptu 5Amp pixel power supply 40 Watts PSU,359.0,INR,True,False,False,True,PcData/PowerSupply.csv,sudhanshuy17/pccomponents
aabde0eb7678e1b2353f,psu,Riptu 60amp power supply 300 Watts PSU,1235.0,INR,True,False,False,True,PcData/PowerSupply.csv,sudhanshuy17/pccomponents
2cca1f60b614f608bf29,psu,Riptu 80 Amp 400 Watt Led Rainproof power supply SMPS 400 Watts PSU,2049.0,INR,True,False,False,True,PcData/PowerSupply.csv,sudhanshuy17/pccomponents
e4a2bf57cacdd4088318,psu,Riptu T1000S DC3-24V Pixel led light controller with 256Mb Memory card 60 Watts PSU,1850.0,INR,True,False,False,True,PcData/PowerSupply.csv,sudhanshuy17/pccomponents
b50276c97fe140c97f68,psu,Riptu T8000TTL With 2GB SD Card Pixel Controller RGB LED Strip Light Controller 3 Watts PSU,5698.0,INR,True,False,False,True,PcData/PowerSupply.csv,sudhanshuy17/pccomponents
65780443dcf4bce5b887,psu,RNC ent 500W E-500E 500 Watts PSU,670.0,INR,True,False,False,True,PcData/PowerSupply.csv,sudhanshuy17/pccomponents
a7131c829f30c6f8ec7d,psu,RNS INNOVATIONS 5V/20AMP DC POWER SUPPLY 5 Watts PSU,799.0,INR,True,False,False,True,PcData/PowerSupply.csv,sudhanshuy17/pccomponents
3299f369baec81c77302,psu,RNS INNOVATIONS T-8000S Pixel led Controller 5 Watts PSU,3499.0,INR,True,False,False,True,PcData/PowerSupply.csv,sudhanshuy17/pccomponents
b80f175bf8b96617e3ac,psu,Satya 12v 20a 240w Dc Switching Power Supply 240 Watts PSU,1095.0,INR,True,False,False,True,PcData/PowerSupply.csv,sudhanshuy17/pccomponents
7ee2946f47db248a5492,psu,Satya Power Supply Transformer for LED Strips Lighting 360 Watts PSU,1499.0,INR,True,False,False,True,PcData/PowerSupply.csv,sudhanshuy17/pccomponents
0be0ed23b01a78ce350d,psu,SCHNIEDER ABL 2REM24065K 150 Watts PSU,2600.0,INR,True,False,False,True,PcData/PowerSupply.csv,sudhanshuy17/pccomponents
fe565a8184f0edefeb8d,psu,SECUREYE 5AMP 12V 4 CHANNEL CCTV SMPS (POWER SUPPLY) 12 Watts PSU,535.0,INR,True,False,False,True,PcData/PowerSupply.csv,sudhanshuy17/pccomponents
db09b569e0210fb4202c,psu,SECUREYE POWER SUPPLY 8CH STEEL S-10B 120 Watts PSU,650.0,INR,True,False,False,True,PcData/PowerSupply.csv,sudhanshuy17/pccomponents
ae6f85105d3ef71551a7,psu,"sheetal traders 12V 10A 120W DC Switching Switch Power Supply for Pixel Light, LED Strip, CCTV 120 Watts PSU (Silver) 120 Watts PSU",795.0,INR,True,False,False,True,PcData/PowerSupply.csv,sudhanshuy17/pccomponents
06fe829370e48b10a5e9,psu,sheetal traders 12V 5 Amp 60W DC Switching Switch Power Supply for LED Strip and CCTV 5 Watts PSU (Silver) 60 Watts PSU,499.0,INR,True,False,False,True,PcData/PowerSupply.csv,sudhanshuy17/pccomponents
28698ad2cb921b591165,psu,"sheetal traders 5 Volt 10A DC Power Supply, Tablets (Silver) 300 Watts PSU (Silver) 300 Watts PSU",599.0,INR,True,False,False,True,PcData/PowerSupply.csv,sudhanshuy17/pccomponents
cf6edc3535349490f0a7,psu,"sheetal traders 5 Volt 5A DC Power Supply, SMPS for LED Strip, CCTV, Cameras, Mobile, Tablets (Silver) 60 Watts PSU (Silver) 60 Watts PSU",399.0,INR,True,False,False,True,PcData/PowerSupply.csv,sudhanshuy17/pccomponents
649f8fbf497436edce08,psu,"sheetal traders 5V 10A 50W DC Switching Switch Power Supply for Pixel Light, LED Strip, CCTV 50 Watts PSU (Silver) 50 Watts PSU",599.0,INR,True,False,False,True,PcData/PowerSupply.csv,sudhanshuy17/pccomponents
d62b31ff2ea8439431fa,psu,sheetal traders Led Indicator 12 Volts / 5 Amp DC Output Power Supply High Quality Metal Case Type Power LED Driver Power Supply Adaptor for CCTV Camera AC Input 100/240vAC 60 Watts PSU (White) 60 Watts PSU,599.0,INR,True,False,False,True,PcData/PowerSupply.csv,sudhanshuy17/pccomponents
136de2f4266377240957,psu,sheetal traders Power Supply Transformer Adapter Converter 300 Watts PSU (Silver) 360 Watts PSU,1499.0,INR,True,False,False,True,PcData/PowerSupply.csv,sudhanshuy17/pccomponents
5e26ad7bd2b50b733650,psu,SHETTI N-450 450 Watts PSU,799.0,INR,True,False,False,True,PcData/PowerSupply.csv,sudhanshuy17/pccomponents
a837ba4fa8d2caf8c82e,psu,"SHREE INDUSTRIESS DC Switching Switch Power Supply LED Strip, Amplifier Board, Power Supply 120 Watts PSU",648.0,INR,True,False,False,True,PcData/PowerSupply.csv,sudhanshuy17/pccomponents
b922db8f7b384e3275e0,psu,skarsh Power Cable Desktops PC and Printers Monitor SMPS Power Cable Mains Power Cable 1000 Watts PSU,284.0,INR,True,False,False,True,PcData/PowerSupply.csv,sudhanshuy17/pccomponents
85b898606376c5faf8fe,psu,"SKR Schneider ABL2REM24045K Single Phase Power Supply,(SMPS) 108 Watts PSU",5359.0,INR,True,False,False,True,PcData/PowerSupply.csv,sudhanshuy17/pccomponents
408bb4200ef4ab9b5e09,psu,Sparkle Controls LRS-100-24 100 Watts PSU,1349.0,INR,True,False,False,True,PcData/PowerSupply.csv,sudhanshuy17/pccomponents
76a6f4c3d12f3db5848a,psu,SUPERTRON Corsair Premium Individually ATX 24-Pin Cable Type 4 Gen 4 – (CP-8920229) 12 Watts PSU,2199.0,INR,True,False,False,True,PcData/PowerSupply.csv,sudhanshuy17/pccomponents
0c978b1f1748a8125ac7,psu,Thermaltake Litepower RGB 650W 650 Watts PSU,4699.0,INR,True,False,False,True,PcData/PowerSupply.csv,sudhanshuy17/pccomponents
0ae184a36550559c9625,psu,Thermaltake Smart BX1 650W 650 Watts PSU,5799.0,INR,True,False,False,True,PcData/PowerSupply.csv,sudhanshuy17/pccomponents
6b4039df05c6ff7b70d1,psu,Thermaltake Smart BX1 750W 750 Watts PSU,6999.0,INR,True,False,False,True,PcData/PowerSupply.csv,sudhanshuy17/pccomponents
d939fd8e085889d134a9,psu,Thermaltake Toughpower GF 750W 750 Watts PSU,10119.0,INR,True,False,False,True,PcData/PowerSupply.csv,sudhanshuy17/pccomponents
f8f3d53f3af5c50e2813,psu,Thermaltake Toughpower GF 850W 850 Watts PSU,11499.0,INR,True,False,False,True,PcData/PowerSupply.csv,sudhanshuy17/pccomponents
599c480471e7d5e7ad91,psu,Thermaltake Toughpower GF1 1000W 80 1000 Watts PSU,17999.0,INR,True,False,False,True,PcData/PowerSupply.csv,sudhanshuy17/pccomponents
dfe8e65a6ea8cbf34041,psu,Tobo NVIDIA M.2 To USB 3.0 Pcie 1x To 16x Riser Card Switch Transfer Card Adapter USB 3.0 1 GB DDR3 Graphics Card,426.0,INR,False,True,False,True,PcData/PowerSupply.csv,sudhanshuy17/pccomponents
dee29113dd1e7a76b2cc,psu,"TRIDEV TRADERS 12V 10A 120W DC Switching Switch Power Supply for Pixel Light, LED Strip, CCTV 120 Watts PSU",699.0,INR,True,False,False,True,PcData/PowerSupply.csv,sudhanshuy17/pccomponents
8667bd7351bc5480acb0,psu,"TRIDEV TRADERS 12V 10A 120W DC Switching Switch Power Supply for Pixel Light, LED Strip, CCTV (ISO APPROVED COMPANY) 120 Watts PSU",685.0,INR,True,False,False,True,PcData/PowerSupply.csv,sudhanshuy17/pccomponents
b5086dbd0b4933634c3d,psu,"TRIDEV TRADERS 12V 20A 240W DC Switching Switch Power Supply for LED Strip, CCTV (Silver) (ISO APPROVED COMPANY) 240 Watts PSU",1199.0,INR,True,False,False,True,PcData/PowerSupply.csv,sudhanshuy17/pccomponents
70d2bc6f33f0b26d8ec8,psu,"TRIDEV TRADERS 12V 30A 360W DC Switching Switch Power Supply for LED Strip, CCTV 360 Watts PSU",1499.0,INR,True,False,False,True,PcData/PowerSupply.csv,sudhanshuy17/pccomponents
b37647b5aab90fa9da51,psu,"TRIDEV TRADERS 12V 30A 360W DC Switching Switch Power Supply for LED Strip, CCTV (ISO APPROVED COMPANY) 360 Watts PSU",1499.0,INR,True,False,False,True,PcData/PowerSupply.csv,sudhanshuy17/pccomponents
2f8899577cad1302a099,psu,"TRIDEV TRADERS 5 Volt 10A DC Power Supply, Tablets (Silver) - (Pack of 2) 300 Watts PSU",599.0,INR,True,False,False,True,PcData/PowerSupply.csv,sudhanshuy17/pccomponents
c0d9e060fa51e14f6e74,psu,"TRIDEV TRADERS 5 Volt 5A DC Power Supply, SMPS for LED Strip, CCTV, Cameras, Mobile, Tablets (Silver) 60 Watts PSU",399.0,INR,True,False,False,True,PcData/PowerSupply.csv,sudhanshuy17/pccomponents
e06faa0a176a6404f30e,psu,"TRIDEV TRADERS 5V 20A 100W DC Switching Switch Power Supply for LED Strip, CCTV (Silver) (ISO APPROVED COMPANY) 100 Watts PSU",795.0,INR,True,False,False,True,PcData/PowerSupply.csv,sudhanshuy17/pccomponents
bf279622d0285a2ec51a,psu,TRIDEV TRADERS T8000 Ac 220-240V Sd Card Pixel Controller for Ws2801 Ws2811 Lpd8806 Max 8192 Pixels Dc5V 240 Watts PSU,3399.0,INR,True,False,False,True,PcData/PowerSupply.csv,sudhanshuy17/pccomponents
e814081eb0990331871a,psu,TRP Traders 12V 5 Amp SMPS DC Switching Power Supply for CCTV and LED Light 1 year Warranty 60 Watts PSU,530.0,INR,True,False,False,True,PcData/PowerSupply.csv,sudhanshuy17/pccomponents
05bb87c509d478d04a5c,psu,TRP Traders 12V 8 Amp SMPS DC Switching Power Supply for CCTV and LED Light 1 year Warranty 100 Watts PSU,699.0,INR,True,False,False,True,PcData/PowerSupply.csv,sudhanshuy17/pccomponents
1a1b1973f54c644d93b0,psu,TRP Traders Rainproof 12 Volt 8 Amp SMPS Dc Power Supply for CCTV and LED Strip Light 100 Watts PSU,740.0,INR,True,False,False,True,PcData/PowerSupply.csv,sudhanshuy17/pccomponents
268a61fa5ba93250885e,psu,TRP Traders T1000S LED RGB Full Color Programmable Pixel Controller with SD Card DC5V / DC 7.5 â 24V for WS2811 2801 LPD8806 6803 1903 (Controller) 60 Watts PSU,1250.0,INR,True,False,False,True,PcData/PowerSupply.csv,sudhanshuy17/pccomponents
5534a9dc4a2c3952a473,psu,VEDRID KV 450 450 Watts PSU,699.0,INR,True,False,False,True,PcData/PowerSupply.csv,sudhanshuy17/pccomponents
48d543bc63547ef5f9d4,psu,VEDRID SMPS -450W (DSATA- 20+4 Pin) Power Supply (Silver) 450 Watts PSU,699.0,INR,True,False,False,True,PcData/PowerSupply.csv,sudhanshuy17/pccomponents
fe5056fb59c1147bb8e6,psu,WEFLY SATA Optical 2nd Hard Drive Caddy with SSD HDD for 9.5mm Universal CD/DVD Slot Internal Hard Drive Enclosure/HDD Caddy Cabinet,220.0,INR,False,True,False,True,PcData/PowerSupply.csv,sudhanshuy17/pccomponents
fe2fea834d788e852f5b,psu,Xsentuals NVIDIA PCI-E VER009S-PLUS / 009S Plus / 8 Capacitor / 3 Power Supply / 1X to 16X Riser Card USB 3.0 PCIE Riser Graphics Extension Riser Adapter Card - GPU Riser - Mining Bitcoin Ethereum BTC ETH 16 GB GDDR4 Graphics Card,699.0,INR,True,False,False,True,PcData/PowerSupply.csv,sudhanshuy17/pccomponents
26c774bec131023376e7,psu,ZEBRONICS SMPS ZEB-N450W (DSATA- 20+4 Pin) Power Supply (Silver) 450 Watts PSU,999.0,INR,True,False,False,True,PcData/PowerSupply.csv,sudhanshuy17/pccomponents
95067bdeabb66d375418,psu,ZEBRONICS SMPS ZEB-N450W (DSATA) 450 Watts PSU,724.0,INR,True,False,False,True,PcData/PowerSupply.csv,sudhanshuy17/pccomponents
7da85b2c8cbbbbca7844,psu,ZEBRONICS ZEB-VS500Z 500 Watts PSU,1999.0,INR,True,False,False,True,PcData/PowerSupply.csv,sudhanshuy17/pccomponents
227a07536ea1f3544ecd,psu,ZEBRONICS ZEB-VS500Z Gamer's Dream 500 Watts PSU,2349.0,INR,True,False,False,True,PcData/PowerSupply.csv,sudhanshuy17/pccomponents
aa6cf8d1b3d8444c60db,ram,AARVEX DDR3 DDR3 8 GB (Dual Channel) PC (AARVEX8GBRAMDDR3),2950.0,INR,True,False,False,True,PcData/RAM.csv,sudhanshuy17/pccomponents
8a6d6565bba6cd13f706,ram,AARVEX DDR4 2400 DDR4 8 GB (Single Channel) PC (DDR4 2400MHZ),2275.0,INR,True,False,False,True,PcData/RAM.csv,sudhanshuy17/pccomponents
1449c62e5ac2ad79a718,ram,ADATA 3200 DDR4 8 GB PC (DDR4 DESKTOP),2000.0,INR,True,False,False,True,PcData/RAM.csv,sudhanshuy17/pccomponents
4780a965ee691538c139,ram,ADATA GAMMIX D30 DDR4 8 GB (Single Channel) PC SDRAM (8 GB 3200 MHz AX4U32008G16A-SR30 Desktop RAM),6299.0,INR,True,False,False,True,PcData/RAM.csv,sudhanshuy17/pccomponents
4f8922ac426a59c3eaef,ram,ADATA NA DDR4 4 GB (Single Channel) PC (AD4U2666J4G19-R),2500.0,INR,True,False,False,True,PcData/RAM.csv,sudhanshuy17/pccomponents
cc4334a488fde8518459,ram,ADATA SPECTRIX D60G DDR4 16 GB (Single Channel) PC SDRAM (16 GB (2x8GB) 3200 MHz AX4U32008G16A-DT60 Desktop RAM),13999.0,INR,True,False,False,True,PcData/RAM.csv,sudhanshuy17/pccomponents
457d695251492ec90c3e,ram,ADATA XPG GAMMIX D30 DDR4 8 GB (Single Channel) PC DDR4 (XPG GAMMIX D30 8GB 3200MHZ XMP 2 READY),1975.0,INR,True,False,False,True,PcData/RAM.csv,sudhanshuy17/pccomponents
d6ddb69906d6733b76f1,ram,adtaaa D30 DDR4 8 GB PC (ADATA XPG D30 3200MHZ 8GB),2345.0,INR,True,False,False,True,PcData/RAM.csv,sudhanshuy17/pccomponents
33107124855da40490dd,ram,adtaaa D50 DDR4 8 GB (Single Channel) PC (D50 3200MHZ),4000.0,INR,True,False,False,True,PcData/RAM.csv,sudhanshuy17/pccomponents
d085ea47b46e8abcc112,ram,adtaaa D60G DDR4 16 GB (Dual Channel) PC (XPG D60 G),5486.0,INR,True,False,False,True,PcData/RAM.csv,sudhanshuy17/pccomponents
2d42625511f4fce7c00a,ram,ANWI SYSTEMS ORA DDR4 8 GB (Single Channel) PC SDRAM (ORA 8GB RAM SDRAM 3200 MHz),1730.0,INR,True,False,False,True,PcData/RAM.csv,sudhanshuy17/pccomponents
ad4354f7fc893e13e215,ram,aoxer Desktop RAM 2017-07 DDR4 8 GB PC (AAP24D4G8),4999.0,INR,True,False,False,True,PcData/RAM.csv,sudhanshuy17/pccomponents
6b48ac2b0981ecaebdee,ram,AVIONICS RAM DDR3 8 GB (Single Channel) PC ((KVR16N11S8/8-SP) (Green)),1199.0,INR,True,False,False,True,PcData/RAM.csv,sudhanshuy17/pccomponents
3a21bf5a9ae3d36bdb6e,ram,AVN ULTRA DDR3 1 GB (Dual Channel) PC (M378B2873GHO),2400.0,INR,True,False,False,True,PcData/RAM.csv,sudhanshuy17/pccomponents
ea6cddda30c6d978d322,ram,BesComputes DDR3 DDR3 2 GB (Single Channel) PC (KINGSTON Desktop RAM DDR3 2 GB (Dual Channel) PC (KVR1333D3N9/2G-SP)),799.0,INR,True,False,False,True,PcData/RAM.csv,sudhanshuy17/pccomponents
1dedd104e1c4457e29ff,ram,BRTY NA DDR3 8 GB PC (8GB DDR3 RAM DESKTOP),1750.0,INR,True,False,False,True,PcData/RAM.csv,sudhanshuy17/pccomponents
08f1cf9592c5b45544e9,ram,BRYT Standard DDR3 4 GB (Dual Channel) PC DRAM (RAM DDR3 Long DIMM | 1600MHz | 240 Pins | RAM Memory for PC and Desktop),479.0,INR,True,False,False,True,PcData/RAM.csv,sudhanshuy17/pccomponents
34233f251ea37eb578e2,ram,BRYT Standard DDR3 8 GB (Dual Channel) PC DRAM (RAM DDR3 Long DIMM | 1600MHz | 240 Pins | RAM Memory for PC and Desktop),759.0,INR,True,False,False,True,PcData/RAM.csv,sudhanshuy17/pccomponents
2e7544c94da7cd67729a,ram,BRYT Standard DDR4 16 GB (Dual Channel) PC DRAM (RAM DDR4 Long DIMM | 2666MHz | CL19 | 260 Pins| Non ECC | RAM Memory for Desktop),2369.0,INR,True,False,False,True,PcData/RAM.csv,sudhanshuy17/pccomponents
40245041f6eff7914ee7,ram,BRYT Standard DDR4 4 GB (Dual Channel) PC DRAM (RAM DDR4 Long DIMM | 2666MHz | CL19 | 260 Pins| Non ECC | RAM Memory for Desktop),819.0,INR,True,False,False,True,PcData/RAM.csv,sudhanshuy17/pccomponents
59ff6ee044fcb0663b34,ram,BRYT Standard DDR4 8 GB (Dual Channel) PC DRAM (RAM DDR4 Long DIMM | 2666MHz | CL19 | 260 Pins| Non ECC | RAM Memory for Desktop),1339.0,INR,True,False,False,True,PcData/RAM.csv,sudhanshuy17/pccomponents
9270e29fa6f9d3305cde,ram,consistant DT PC2 667 DDR2 2 GB (Single Channel) PC (10022023),599.0,INR,True,False,False,True,PcData/RAM.csv,sudhanshuy17/pccomponents
d833226e7cb6bb05262e,ram,consistant DT PC3 1333 DDR3 2 GB (Single Channel) PC (07062023),579.0,INR,True,False,False,True,PcData/RAM.csv,sudhanshuy17/pccomponents
fbc165b68f64ce936084,ram,consistant DT PC3 1600 8IC DDR3 4 GB (Single Channel) PC (21062023),689.0,INR,True,False,False,True,PcData/RAM.csv,sudhanshuy17/pccomponents
a9b014a4656f19339e48,ram,Corsair VENGEANCE LPX DDR4 16 GB PC (1 x 16GB) 3000MHz C16 Desktop RAM (CMK16GX4M1D3000C16),4399.0,INR,True,False,False,True,PcData/RAM.csv,sudhanshuy17/pccomponents
e418639377f5309e4200,ram,Corsair Vengeance LPX DDR4 16 GB PC (1 x 16GB) 3200MHz C16 Desktop RAM (CMK16GX4M1E3200C16),3600.0,INR,True,False,False,True,PcData/RAM.csv,sudhanshuy17/pccomponents
5cdab9d8a05bc83e133b,ram,Corsair Vengeance LPX DDR4 16 GB PC (1 x 16GB) 3600MHz C18 Desktop RAM (CMK16GX4M1Z3600C18),3979.0,INR,True,False,False,True,PcData/RAM.csv,sudhanshuy17/pccomponents
180d5ae7d66beafae796,ram,Corsair Vengeance LPX DDR4 4 GB PC (CMK4GX4M1A2400C16 (1 x 4GB) 2400MHz),1795.0,INR,True,False,False,True,PcData/RAM.csv,sudhanshuy17/pccomponents
60a89a64d96b51405212,ram,Corsair VENGEANCE LPX DDR4 8 GB PC (8GBx1) 3200MHz CL16 Desktop RAM (CMK8GX4M1E3200C16),1999.0,INR,True,False,False,True,PcData/RAM.csv,sudhanshuy17/pccomponents
2f5274b9112b8db0ce67,ram,Corsair Vengeance LPX DDR4 8 GB PC DDR4 SDRAM (CMK8GX4M1E3200C16 (1 x 8GB) 3200MHz),2195.0,INR,True,False,False,True,PcData/RAM.csv,sudhanshuy17/pccomponents
56a7bd79c5b9faf4e60d,ram,Corsair Vengeance RGB RS 16 GB 3200MHz C16 Memory (Black) DDR4 16 GB PC SDRAM (CMG16GX4M1E3200C16),4270.0,INR,True,False,False,True,PcData/RAM.csv,sudhanshuy17/pccomponents
21b62ca619ec8df1cb84,ram,Corsair Vengeance RGB RS 8 GB 3200MHz C16 Memory (Black) DDR4 8 GB PC SDRAM (CMG8GX4M1E3200C16),2845.0,INR,True,False,False,True,PcData/RAM.csv,sudhanshuy17/pccomponents
3276e9f84abe6cfdc453,ram,Crucial 3200Mhz Ballistix Performance Desktop & Gaming Memory (Black) (No RGB) with 10 Years Warranty DDR4 8 GB (Dual Channel) PC DRAM family - Ballistix (BL8G32C16U4B),2071.0,INR,True,False,False,True,PcData/RAM.csv,sudhanshuy17/pccomponents
3589aa3835042688205b,ram,Crucial 4800MHz CL40 CT16G48C40U5 DDR5 16 GB (Dual Channel) PC DRAM (CT16G48C40U5),5500.0,INR,True,False,False,True,PcData/RAM.csv,sudhanshuy17/pccomponents
cdfc9fd2e93e1dc819df,ram,Crucial 4800MHz CL40 CT32G48C40U5 DDR5 32 GB (Dual Channel) PC DRAM (CT32G48C40U5),8679.0,INR,True,False,False,True,PcData/RAM.csv,sudhanshuy17/pccomponents
db74bdf96f2c1606a62e,ram,Crucial 4800MHz CL40 CT8G48C40U5 DDR5 8 GB (Dual Channel) PC DRAM (CT8G48C40U5),2499.0,INR,True,False,False,True,PcData/RAM.csv,sudhanshuy17/pccomponents
876ce5571535a2d42c13,ram,Crucial 8GB DDR4-2400 PC4-19200 CL-17 UDIMM RAM DDR4 8 GB (Dual Channel) PC SDRAM (13.4 x 0.1 x 3.1 cm Item model number CT8G4DFS824A),1691.0,INR,True,False,False,True,PcData/RAM.csv,sudhanshuy17/pccomponents
0df8ae393eebb30a4bda,ram,"Crucial Ballistix 3200 MHz DDR4 16 GB (Single Channel) PC, Server UDIMM (CL16 Desktop Gaming RAM RGB - Red)",9187.0,INR,True,False,False,True,PcData/RAM.csv,sudhanshuy17/pccomponents
00522dfd82afd5a837b8,ram,Crucial Ballistix DDR4 8 GB (Single Channel) PC SDRAM (BL8G26C16U4B),3849.0,INR,True,False,False,True,PcData/RAM.csv,sudhanshuy17/pccomponents
08e1b54f29f660a2235d,ram,Crucial Basic DDR4 16 GB (Single Channel) PC DDR4 16GB (CB16GU2666 for Desktop),2600.0,INR,True,False,False,True,PcData/RAM.csv,sudhanshuy17/pccomponents
7d147a4e304fb4af793c,ram,Crucial BASIC DDR4 4 GB (Dual Channel) PC (CB4GU2666),1199.0,INR,True,False,False,True,PcData/RAM.csv,sudhanshuy17/pccomponents
a3bf329de31cfb1df2aa,ram,Crucial Basic DDR4 4 GB (Single Channel) PC SDRAM (Basics Memory Module for Desktop),890.0,INR,True,False,False,True,PcData/RAM.csv,sudhanshuy17/pccomponents
5be67ee7967f01314878,ram,"Crucial CB4G8266 DDR4 4 GB (Dual Channel) Laptop, PC (4GB DDR4 2666MHZ SODIMM Laptop Memory CB4GS2666)",980.0,INR,True,False,False,True,PcData/RAM.csv,sudhanshuy17/pccomponents
57f745c7fc52d09f66b8,ram,Crucial CB4GU2666 DDR4 4 GB (Single Channel) PC (CRUCIALDDR4-2666),990.0,INR,True,False,False,True,PcData/RAM.csv,sudhanshuy17/pccomponents
b9004ab18888a83ea878,ram,Crucial CL19 DDR4 8 GB (Single Channel) PC (Basic 1.2v (CB8GU2666)),1999.0,INR,True,False,False,True,PcData/RAM.csv,sudhanshuy17/pccomponents
d415819b119220e57688,ram,Crucial Crucial Basic Series 2666 Mhz Desktop Ram with 10 Years Warranty DDR4 4 GB (Dual Channel) PC (CT4G4DFS8266- 4GB DDR4-2666 UDIMM),990.0,INR,True,False,False,True,PcData/RAM.csv,sudhanshuy17/pccomponents
712d6706f53d34521036,ram,Crucial Crucial CT Series DDR4 8 GB (Dual Channel) PC DDR4 (CT4G4SFS8266),1799.0,INR,True,False,False,True,PcData/RAM.csv,sudhanshuy17/pccomponents
0c3d40969632897abd17,ram,Crucial CT-2400 MHz DDR4 4 GB (Single Channel) PC SDRAM (CT4G4DFS824A),940.0,INR,True,False,False,True,PcData/RAM.csv,sudhanshuy17/pccomponents
70eb9449015fb6669ee5,ram,Crucial CT DDR4 16 GB (Dual Channel) PC Unbuffered (DDR4-2400 UDIMM),3750.0,INR,True,False,False,True,PcData/RAM.csv,sudhanshuy17/pccomponents
fa7a2fe47a11ba22bc46,ram,Crucial CT DDR4 16 GB (Single Channel) PC (CT16G4DFRA266),2690.0,INR,True,False,False,True,PcData/RAM.csv,sudhanshuy17/pccomponents
f7434d89bee4fc4fe0b0,ram,Crucial CT DDR4 4 GB (Single Channel) PC SDRAM (CT4G4DFS8266),1099.0,INR,True,False,False,True,PcData/RAM.csv,sudhanshuy17/pccomponents
7d8f84f09ad0775fd78c,ram,Crucial CT DDR4 8 GB (Dual Channel) PC Unbuffered (DDR4 2400),1540.0,INR,True,False,False,True,PcData/RAM.csv,sudhanshuy17/pccomponents
3d2a601f3614c199fba5,ram,Crucial CT DDR4 8 GB (Single Channel) PC DRAM (CT8G4DFRA266),1490.0,INR,True,False,False,True,PcData/RAM.csv,sudhanshuy17/pccomponents
c1b9a01727dc8b0fbe11,ram,Crucial CT Series DDR3 4 GB (Single Channel) PC DDR3L-1600 (CT51264BD160B),890.0,INR,True,False,False,True,PcData/RAM.csv,sudhanshuy17/pccomponents
42b42e50cfe0ab0b1433,ram,Crucial CT Series DDR3 8 GB (Dual Channel) PC DDR3L (CT102464BD160B),1620.0,INR,True,False,False,True,PcData/RAM.csv,sudhanshuy17/pccomponents
1291960230fb6b1a125e,ram,Crucial CT SERIES DDR4 8 GB (Single Channel) PC DRAM (CT8G48FRA266),1490.0,INR,True,False,False,True,PcData/RAM.csv,sudhanshuy17/pccomponents
5645bcb519e3b9471d41,ram,Crucial CT8G4DFS824A(2400MHz) DDR4 8 GB (Single Channel) PC (CT8G4DFS824A),1639.0,INR,True,False,False,True,PcData/RAM.csv,sudhanshuy17/pccomponents
98b56413ef83cdc94dc4,ram,Crucial DDR4 DDR4 8 GB (Single Channel) PC (8GB DDR4 2666MHZ),1799.0,INR,True,False,False,True,PcData/RAM.csv,sudhanshuy17/pccomponents
c2e9b59373ca78c62225,ram,Crucial Memory DDR4 32 GB (Single Channel) PC DRAM (CT2K16G4DFRA266),12799.0,INR,True,False,False,True,PcData/RAM.csv,sudhanshuy17/pccomponents
44e376023b9f5aa4a95e,ram,Crucial Memory DDR4 32 GB (Single Channel) PC DRAM (CT32G4DFD8266),12672.0,INR,True,False,False,True,PcData/RAM.csv,sudhanshuy17/pccomponents
7c718b240bc447f403ae,ram,Crucial NA DDR4 16 GB (Single Channel) PC DRAM (CT16G4DFRA32A),2590.0,INR,True,False,False,True,PcData/RAM.csv,sudhanshuy17/pccomponents
69a22b2932ca71b2d24c,ram,Crucial UDIMM DDR4 8 GB (Single Channel) PC SD RAM (CT8G4DFRA32A),1540.0,INR,True,False,False,True,PcData/RAM.csv,sudhanshuy17/pccomponents
570ff70aadd23b7bdef8,ram,CRUSIAL 3200Mhz Crucial Notebook Memory DDR4 16 GB (Dual Channel) PC (Crucial 3200 DDR4 16 GB (Dual Channel) desktop pc (CT16G4SFRA32A)),2690.0,INR,True,False,False,True,PcData/RAM.csv,sudhanshuy17/pccomponents
016ee6b60f2d144b8471,ram,D-tron 4GB DDR3 12800(1600Mhz) DDR3 4 GB (Dual Channel) PC Dual Channel Ram (Destop Ram/Long-DIMM (UDIMM) Unbuffered Ram For Standard & Gaming Destop PC),649.0,INR,True,False,False,True,PcData/RAM.csv,sudhanshuy17/pccomponents
d3b76a9ac289ac18b8ad,ram,DAICHI 1600 DDR3 8 GB (Dual Channel) PC (8GB RAM),1614.0,INR,True,False,False,True,PcData/RAM.csv,sudhanshuy17/pccomponents
6d90151bd5174dab7c28,ram,DAICHI DDR2 DDR2 2 GB (Single Channel) PC (2GB DDR2-800 RAM),879.0,INR,True,False,False,True,PcData/RAM.csv,sudhanshuy17/pccomponents
a2da5b8c48ca2f235786,ram,DAICHI DI4GD3 DDR3 4 GB (Dual Channel) PC (DI4GD3 4 GB DDR3 DT PC3 1600 MHz (PC-12800)),664.0,INR,True,False,False,True,PcData/RAM.csv,sudhanshuy17/pccomponents
0f94a4a760335601657f,ram,Dandy 2RX8 PC2=6400U-66-12 DDR2 2 GB PC (High Speed Ram For PC),649.0,INR,True,False,False,True,PcData/RAM.csv,sudhanshuy17/pccomponents
bb7a1c59287525c72912,ram,Diachi DT PC2 800 DDR2 2 GB (Dual Channel) PC (DI2GD2),449.0,INR,True,False,False,True,PcData/RAM.csv,sudhanshuy17/pccomponents
23344699914c4942f4c6,ram,discover tech supply 12800u DDR3 4 GB (Dual Channel) PC (Ramaxel RMR5040ED58E9W-1600 PC3-12800U 2Rx8 Desktop Memory),849.0,INR,True,False,False,True,PcData/RAM.csv,sudhanshuy17/pccomponents
bd6bbce862b68493eeed,ram,"EVM DDR3 1333 DDR3 8 GB (Dual Channel) PC, Server (8GB DDR3 1333 (DESKTOP RAM))",1249.0,INR,True,False,False,True,PcData/RAM.csv,sudhanshuy17/pccomponents
6ed113df71f9a78b4291,ram,EVM DDR3 4 GB (Dual Channel) PC DRAM (EVMT4G1333U86D/ EVMT4G1333U88D),849.0,INR,True,False,False,True,PcData/RAM.csv,sudhanshuy17/pccomponents
5ea765c5eda5fbd2144f,ram,EVM DDR4 DDR4 8 GB (Quad Channel) PC (DDR4 8GB DESKTOP 2666 RAM),1699.0,INR,True,False,False,True,PcData/RAM.csv,sudhanshuy17/pccomponents
daf7ea95b5cb8f795a97,ram,EXPERTRONICS Pro DDR2 2 GB (Dual Channel) PC U-DIMM (EXP2GB2800D),395.0,INR,True,False,False,True,PcData/RAM.csv,sudhanshuy17/pccomponents
9d2fac0f0d43e80adcc5,ram,EXPERTRONICS PRO DDR3 4 GB (Dual Channel) PC (EXP4GB31600D),480.0,INR,True,False,False,True,PcData/RAM.csv,sudhanshuy17/pccomponents
c1f4a9011b529b0bca3d,ram,EXPERTRONICS PRO DDR3 8 GB (Dual Channel) PC (EXP4GB31600D),839.0,INR,True,False,False,True,PcData/RAM.csv,sudhanshuy17/pccomponents
ab5d92bcc7106d0c0606,ram,"Frontech RAM DDR4 4 GB PC (2133/2400 MHz Desktop RAM Memory, Suitable for Gaming, Multitasking)",859.0,INR,True,False,False,True,PcData/RAM.csv,sudhanshuy17/pccomponents
6fac68a48df9ff684da9,ram,G.Skill Aegis DDR4 16 GB (Single Channel) PC SDRAM (F4-2666C19S-16GIS - 1*16GB 2666 MHz Desktop RAM),10399.0,INR,True,False,False,True,PcData/RAM.csv,sudhanshuy17/pccomponents
fbca96a56a8f0333a768,ram,G.Skill Ripjaws DDR4 16 GB (Single Channel) PC SDRAM (F4-3200C16S-16GVK - 1*16GB 3200 MHz Desktop RAM),14599.0,INR,True,False,False,True,PcData/RAM.csv,sudhanshuy17/pccomponents
5982e4f21105ba2a2f25,ram,G.Skill Ripjaws DDR4 16 GB (Single Channel) PC SDRAM (F4-3600C18S-16GVK - 1*16GB 3600 MHz Desktop RAM),10199.0,INR,True,False,False,True,PcData/RAM.csv,sudhanshuy17/pccomponents
7a883cf69bd02cd1d7e2,ram,G.Skill Ripjaws DDR4 32 GB (Single Channel) PC SDRAM (F4-3200C16S-32GVK - 1*32GB 3200 MHz Desktop RAM),28599.0,INR,True,False,False,True,PcData/RAM.csv,sudhanshuy17/pccomponents
12aab210f75da180c665,ram,G.Skill Ripjaws DDR4 32 GB (Single Channel) PC SDRAM (F4-3600C18S-32GVK - 1*32GB 3600 MHz Desktop RAM),28699.0,INR,True,False,False,True,PcData/RAM.csv,sudhanshuy17/pccomponents
1f44116c3db03be712d8,ram,G.Skill Ripjaws DDR4 8 GB (Single Channel) PC SDRAM (F4-3200C16S-8GVKB - 1*8GB 3200 MHz Desktop RAM),6999.0,INR,True,False,False,True,PcData/RAM.csv,sudhanshuy17/pccomponents
e3a85a8da3925447889b,ram,G.Skill Ripjaws DDR4 8 GB (Single Channel) PC SDRAM (F4-3600C18S-8GVK - 1*8GB 3600 MHz Desktop RAM),7599.0,INR,True,False,False,True,PcData/RAM.csv,sudhanshuy17/pccomponents
9b024234fca5c81dc668,ram,G.Skill Ripjaws V DDR4 8 GB (Single Channel) PC (2400 MHz Desktop RAM - F4-2400C17S-8GVR),4999.0,INR,True,False,False,True,PcData/RAM.csv,sudhanshuy17/pccomponents
faa75190b10fbc9723cc,ram,G.Skill Trident DDR4 16 GB (Dual Channel) PC SDRAM (F4-3600C18D-16GTZR - 2*8GB 3600 MHz Desktop RAM),16799.0,INR,True,False,False,True,PcData/RAM.csv,sudhanshuy17/pccomponents
87e2304bf6b3b234f910,ram,G.Skill Trident DDR4 32 GB (Dual Channel) PC SDRAM (F4-3600C18D-32GTZN - 2*16GB 3600 MHz Desktop RAM),33599.0,INR,True,False,False,True,PcData/RAM.csv,sudhanshuy17/pccomponents
48b02f4fa987a00ac7f0,ram,G.Skill Trident DDR4 32 GB (Dual Channel) PC SDRAM (F4-3600C18D-32GTZR - 2*16GB 3600 MHz Desktop RAM),28199.0,INR,True,False,False,True,PcData/RAM.csv,sudhanshuy17/pccomponents
f06e37db3eb728d898fd,ram,G.Skill Trident DDR5 32 GB (Dual Channel) PC SDRAM (F5-6000J3636F16GX2-TZ5RK - 2*16GB 6000 MHz Desktop RAM),88999.0,INR,True,False,False,True,PcData/RAM.csv,sudhanshuy17/pccomponents
a834ea454eea780ada1e,ram,G.Skill Trident Z Neo 3200 Mhz DDR4 16 GB (Dual Channel) PC (F4-3200C16D-16GTZN),16999.0,INR,True,False,False,True,PcData/RAM.csv,sudhanshuy17/pccomponents
210a195dd083eeaeb42e,ram,GEONIX Desktop RAM DDR4 8 GB PC (8GB DDR4 2666MHz),1290.0,INR,True,False,False,True,PcData/RAM.csv,sudhanshuy17/pccomponents
c2fbc5bcddd606656d69,ram,GEONIX RAM 1333Mhz DDR3 4 GB (Dual Channel) PC DDR3 (GX4GBDDR3),599.0,INR,True,False,False,True,PcData/RAM.csv,sudhanshuy17/pccomponents
39efef219d41fe645e61,ram,GEONIX RAM DDR3 4 GB (Dual Channel) PC 4 GB DDR3 (RAM DDR3),499.0,INR,True,False,False,True,PcData/RAM.csv,sudhanshuy17/pccomponents
a5be2efb2b3a894f31d9,ram,GEONIX RAM DDR3 4 GB (Dual Channel) PC (GX 4GB DDR3 1600 MHZ),499.0,INR,True,False,False,True,PcData/RAM.csv,sudhanshuy17/pccomponents
c2ff05f736e3784a8959,ram,GEONIX RAM DDR3 8 GB (Dual Channel) PC 8 GB (8) 1600 MHz DDR3 DIMM (RAM DDR3 SD RAM),784.0,INR,True,False,False,True,PcData/RAM.csv,sudhanshuy17/pccomponents
070385bcfef8c1b4806b,ram,GEONIX RAM DDR3 8 GB (Dual Channel) PC SD RAM (GX 8GB DDR3 1600 MHZ),784.0,INR,True,False,False,True,PcData/RAM.csv,sudhanshuy17/pccomponents
817adbd3ec133b527a28,ram,Grabdeal DLUD2SIM0007 DDR2 2 GB PC (DLUD2SIM0007 2GB DDR2 667 U-DIMM The Ordinary Ram Optimizing Performance),649.0,INR,True,False,False,True,PcData/RAM.csv,sudhanshuy17/pccomponents
6d90cdb903bca83da5da,ram,Grabdeal DLUD3SIM0007 DDR3 2 GB PC (2GB DDR3 1333 U-DIMM The Ordinary Ram Optimizing Performance),599.0,INR,True,False,False,True,PcData/RAM.csv,sudhanshuy17/pccomponents
580e3e6bdde302ba2333,ram,gskill Ripjaws V 3200mhz DDR4 16 GB PC (F4-3200C16S-16GVK),3290.0,INR,True,False,False,True,PcData/RAM.csv,sudhanshuy17/pccomponents
09b89d594ef49c462bd6,ram,gskill Ripjaws V 3200mhz DDR4 8 GB PC (F4-3200C16S-8GVKB),1999.0,INR,True,False,False,True,PcData/RAM.csv,sudhanshuy17/pccomponents
7e590a3fe182d03711d3,ram,HIKVISION DESKTOP MEMORY DDR4 4 GB (Dual Channel) PC DRAM (HKED404),1795.0,INR,True,False,False,True,PcData/RAM.csv,sudhanshuy17/pccomponents
1d9704be0ab3f3d4aed7,ram,HIKVISION DESKTOP MEMORY DDR4 8 GB (Single Channel) PC (HKEDX4081CBA1D0ZA1 8G),1395.0,INR,True,False,False,True,PcData/RAM.csv,sudhanshuy17/pccomponents
03064852303e1e234b4c,ram,hinix ddr3 DDR3 2 GB (Single Channel) PC (ra123),1300.0,INR,True,False,False,True,PcData/RAM.csv,sudhanshuy17/pccomponents
8879eab690c6d4a3d795,ram,Hynix 002 DDR3 4 GB (Dual Channel) PC (DDR3 4GB RAM),494.0,INR,True,False,False,True,PcData/RAM.csv,sudhanshuy17/pccomponents
22004b40a7fc26bcd819,ram,Hynix 10600/1333 DDR3 4 GB PC (HMT351UCFR8C-H9 PC3 10600U),460.0,INR,True,False,False,True,PcData/RAM.csv,sudhanshuy17/pccomponents
1af9beb74733f956ef32,ram,Hynix 10600 DDR3 2 GB PC ddr3 (2GB DDR3),320.0,INR,True,False,False,True,PcData/RAM.csv,sudhanshuy17/pccomponents
7a996fa47fee5d691a8e,ram,"Hynix 11280/1600 DDR3 4 GB PC (HMT451U6AFR8C-PB , PC3 12800U)",463.0,INR,True,False,False,True,PcData/RAM.csv,sudhanshuy17/pccomponents
818accd25cb0e1b4b157,ram,Hynix 12800 DDR3 2 GB (Dual Channel) PC (hynix2gb312800),345.0,INR,True,False,False,True,PcData/RAM.csv,sudhanshuy17/pccomponents
68717a2e40babf0234e7,ram,Hynix 12800 DDR3 8 GB (Single Channel) PC (8GB DDR3 PC3L-12800 Ram Desktop),860.0,INR,True,False,False,True,PcData/RAM.csv,sudhanshuy17/pccomponents
360c3b8ec9fe682d7492,ram,Hynix 1333 DDR3 2 GB PC (DDR3 2GB),307.0,INR,True,False,False,True,PcData/RAM.csv,sudhanshuy17/pccomponents
a765a9aa0b1139bcde86,ram,Hynix 1333 DDR3 2 GB PC (H15201504-9),320.0,INR,True,False,False,True,PcData/RAM.csv,sudhanshuy17/pccomponents
05626615bf08268a7f31,ram,Hynix 1333/PC3-10600 DDR3 2 GB PC (2g ddr3 10600u pc ram),325.0,INR,True,False,False,True,PcData/RAM.csv,sudhanshuy17/pccomponents
817a3089c3ec2916b914,ram,Hynix 1333Mhz/10600 DDR3 4 GB PC (HMT351UBFR8C-H9 PC3 10600U),460.0,INR,True,False,False,True,PcData/RAM.csv,sudhanshuy17/pccomponents
c1a268886928019aa74a,ram,"Hynix 1600/12800 DDR3 4 GB (Dual Channel) PC DRAM (HMT351U6CFR8C-H9 AA , DDR3 1600MHZ , 2RX8 4GB)",445.0,INR,True,False,False,True,PcData/RAM.csv,sudhanshuy17/pccomponents
a3c63c9e021966c1aac2,ram,"Hynix 1600/12800 DDR3 4 GB PC DRAM (HMT351U6CFR8C-H9 AA 1730 , DDR3 1600MHZ , 2RX8)",460.0,INR,True,False,False,True,PcData/RAM.csv,sudhanshuy17/pccomponents
18489adb206cd28ebb18,ram,Hynix 1600/12800 DDR3 8 GB (Dual Channel) PC DDR 3 (DDR3 8GB),819.0,INR,True,False,False,True,PcData/RAM.csv,sudhanshuy17/pccomponents
fc6022bbe4ac33e28363,ram,Hynix 1600MHz DDR3 4 GB PC (HMT451U6AFR8C),456.0,INR,True,False,False,True,PcData/RAM.csv,sudhanshuy17/pccomponents
2c91acdc7cd4daf47d62,ram,Hynix 1600MHZ DDR3 8 GB (Dual Channel) PC (8GB 2Rx8 PC3L-12800U-11-13-F3),780.0,INR,True,False,False,True,PcData/RAM.csv,sudhanshuy17/pccomponents
6eacefff3e778600ce95,ram,Hynix 1600MHz DDR3 8 GB PC (PC3-12800),799.0,INR,True,False,False,True,PcData/RAM.csv,sudhanshuy17/pccomponents
c632116064f83bc6523e,ram,Hynix 1600Mhz low voltage 1.35V DDR3 4 GB PC (GB_007),460.0,INR,True,False,False,True,PcData/RAM.csv,sudhanshuy17/pccomponents
03c9bb7a3bbad41905aa,ram,Hynix 2 DDR2 2 GB (Dual Channel) PC (HYMD2GB),395.0,INR,True,False,False,True,PcData/RAM.csv,sudhanshuy17/pccomponents
5a07294e1fdee8f2c4d7,ram,Hynix 2400T DDR4 8 GB PC (8GB Ddr4 2400T),1200.0,INR,True,False,False,True,PcData/RAM.csv,sudhanshuy17/pccomponents
7b3af9d29c22cfd0bd9d,ram,Hynix 2666 DDR4 8 GB PC (8GB DDR4 2666 MHz Desktop),1299.0,INR,True,False,False,True,PcData/RAM.csv,sudhanshuy17/pccomponents
daf32b8d4e00d83d201c,ram,Hynix 6400/667/800 DDR2 2 GB PC DDR2 (2 GB 2RX8 PC2=6400U-66-12),375.0,INR,True,False,False,True,PcData/RAM.csv,sudhanshuy17/pccomponents
e75aa5627e02d31f142f,ram,Hynix 667 DDR2 2 GB PC (2GB DDR2),366.0,INR,True,False,False,True,PcData/RAM.csv,sudhanshuy17/pccomponents
904ebec4ed6a1ed64e7e,ram,Hynix 667 MHZ DDR2 2 GB PC DDR2 (Desktop 667),395.0,INR,True,False,False,True,PcData/RAM.csv,sudhanshuy17/pccomponents
76fe6c5229babcc2c107,ram,Hynix 667MHZ DDR2 1 GB PC DDR2 (Desktop 667),273.0,INR,True,False,False,True,PcData/RAM.csv,sudhanshuy17/pccomponents
7b761bd33c59434c2ea5,ram,Hynix 800MHZ DDR2 2 GB (Single Channel) PC DDR2 (Desktop 800),384.0,INR,True,False,False,True,PcData/RAM.csv,sudhanshuy17/pccomponents
874a751c0416978400d6,ram,Hynix ddr2 553-664 DDR2 1 GB (Single Channel) PC (Hymp64cp8),266.0,INR,True,False,False,True,PcData/RAM.csv,sudhanshuy17/pccomponents
ad60b5c06d190519f1d9,ram,Hynix ddr2 DDR2 1 GB PC (H15201504-5),266.0,INR,True,False,False,True,PcData/RAM.csv,sudhanshuy17/pccomponents
bdfae8bb85b600310447,ram,Hynix ddr2 DDR2 2 GB (Dual Channel) PC SDRAM (HYMP125U64CP8-Y5),395.0,INR,True,False,False,True,PcData/RAM.csv,sudhanshuy17/pccomponents
b6108fcc167764cc3dde,ram,Hynix ddr2 DDR2 2 GB (Dual Channel) PC sdram (YMP),395.0,INR,True,False,False,True,PcData/RAM.csv,sudhanshuy17/pccomponents
f11fb7757bb7e1152ef4,ram,Hynix ddr2 DDR2 2 GB PC (2gb ddr2 destop),508.0,INR,True,False,False,True,PcData/RAM.csv,sudhanshuy17/pccomponents
50566540f6edd96cd28e,ram,Hynix ddr2 DDR2 2 GB PC (hinix),366.0,INR,True,False,False,True,PcData/RAM.csv,sudhanshuy17/pccomponents
612574aa8484a7255cd3,ram,Hynix ddr2 DDR2 2 GB PC (Hynix DDR2 2GB PC RAM),399.0,INR,True,False,False,True,PcData/RAM.csv,sudhanshuy17/pccomponents
f4816a3a5a09b9baf946,ram,Hynix DDR2 DDR2 2 GB (Single Channel) PC (HRD02DP),395.0,INR,True,False,False,True,PcData/RAM.csv,sudhanshuy17/pccomponents
a3dcf5af57306b87eaac,ram,Hynix ddr2 DDR2 2 GB (Single Channel) PC (: RAMF9C8FRFNS8V7P),395.0,INR,True,False,False,True,PcData/RAM.csv,sudhanshuy17/pccomponents
ec75b31af0ef08ad04e3,ram,Hynix DDR3 1333 DDR3 2 GB (Dual Channel) PC (HMT125U6BFR8C-H PC3 10600U),322.0,INR,True,False,False,True,PcData/RAM.csv,sudhanshuy17/pccomponents
511add4fd565b583729a,ram,"Hynix DDR3 1333Mhz Desktop RAM DDR3 2 GB (Single Channel) PC (HMT325U6BFR8C-H9 , PC3 10600U)",308.0,INR,True,False,False,True,PcData/RAM.csv,sudhanshuy17/pccomponents
c9f39fafa2083307e8b7,ram,Hynix ddr3 DDR3 2 GB PC (2gb ddr3 destop),555.0,INR,True,False,False,True,PcData/RAM.csv,sudhanshuy17/pccomponents
fad42e2da4c12a56ec17,ram,Hynix ddr3 DDR3 2 GB PC (HMT125S6TFR8C),350.0,INR,True,False,False,True,PcData/RAM.csv,sudhanshuy17/pccomponents
8b8ba5c6a0687575bf87,ram,Hynix ddr3 DDR3 4 GB (Dual Channel) PC (ddr3),433.0,INR,True,False,False,True,PcData/RAM.csv,sudhanshuy17/pccomponents
3d53e59e98f2ce50adda,ram,Hynix ddr3 DDR3 4 GB (Dual Channel) PC Desktop Ram (Desktop 4GB DDR3),464.0,INR,True,False,False,True,PcData/RAM.csv,sudhanshuy17/pccomponents
466516339859000cb8b7,ram,Hynix ddr3 DDR3 4 GB (Dual Channel) PC (HMT351U6BFR8C-H9 PC3-10600U),419.0,INR,True,False,False,True,PcData/RAM.csv,sudhanshuy17/pccomponents
ae1fa1d74b35b9b11fe3,ram,Hynix DDR3 DDR3 4 GB PC (4GB 2Rx8 Ram 1600 Mhz - 12800U),490.0,INR,True,False,False,True,PcData/RAM.csv,sudhanshuy17/pccomponents
624a9fc30b98ecca7a48,ram,Hynix ddr3 DDR3 4 GB PC (H15201504-11),464.0,INR,True,False,False,True,PcData/RAM.csv,sudhanshuy17/pccomponents
56b22e96331e838fe5d9,ram,Hynix DDR3 DDR3 4 GB PC (PC1333MHZ),433.0,INR,True,False,False,True,PcData/RAM.csv,sudhanshuy17/pccomponents
291ff9aec03eebef6c20,ram,Hynix ddr3 DDR3 8 GB (Dual Channel) PC (ddr3),810.0,INR,True,False,False,True,PcData/RAM.csv,sudhanshuy17/pccomponents
dddc819222b644474865,ram,Hynix ddr3 DDR3 8 GB PC (ddr3 DDR3 8 GB (Dual Channel) PC (ddr3)),760.0,INR,True,False,False,True,PcData/RAM.csv,sudhanshuy17/pccomponents
b0d6ed674433fdac0325,ram,Hynix ddr3 DDR3 8 GB PC (HMT41GU6AFR8A-PB),820.0,INR,True,False,False,True,PcData/RAM.csv,sudhanshuy17/pccomponents
5cacefc59b305e257795,ram,Hynix DDR4 1RX16 PC4-2400MHZ DDR4 4 GB (Single Channel) PC (HMA851U6AFR6N-UH),654.0,INR,True,False,False,True,PcData/RAM.csv,sudhanshuy17/pccomponents
3f4bfec4284e6e2a9024,ram,Hynix Desktop DDR2 2 GB PC (DDR2),360.0,INR,True,False,False,True,PcData/RAM.csv,sudhanshuy17/pccomponents
be8f33def672b45e6334,ram,Hynix Desktop Ram DDR3 4 GB PC SDRAM (HMT351U6CFR8C-H9),430.0,INR,True,False,False,True,PcData/RAM.csv,sudhanshuy17/pccomponents
65ac2a56b6f7d411e21f,ram,Hynix DESKTOP RAM PC4 -2400T DDR4 8 GB (Single Channel) PC (HMA81GU6AFR8N-UH 288-Pin Dimm Memory Module),1299.0,INR,True,False,False,True,PcData/RAM.csv,sudhanshuy17/pccomponents
8ade7820525eb6fd46c4,ram,Hynix Genuine DDR3 2 GB PC (Hynix DDR3 2GB PC RAM),323.0,INR,True,False,False,True,PcData/RAM.csv,sudhanshuy17/pccomponents
f5987782e9d7fe9a0109,ram,Hynix High Performance Pack of Two DDR3 8 GB (Dual Channel) PC (8GB DDR-3 Pack of 2),3321.0,INR,True,False,False,True,PcData/RAM.csv,sudhanshuy17/pccomponents
a248b0e7522d830ef7f7,ram,Hynix hymp125u64cp8-y5 DDR2 1 GB PC ddrr 2 1gb (5300u),266.0,INR,True,False,False,True,PcData/RAM.csv,sudhanshuy17/pccomponents
7a7d17d56eb9c776349d,ram,Hynix HYNIX DDR3 4 GB (Dual Channel) PC DRAM (HMT351U6CFR8C-PB NO AA 1311),495.0,INR,True,False,False,True,PcData/RAM.csv,sudhanshuy17/pccomponents
7da9e06653969c92e05d,ram,Hynix Hynix Genuine DDR2 2 GB PC DDR2 2 GB PC (Hynix Genuine DDR2 2 GB PC ),380.0,INR,True,False,False,True,PcData/RAM.csv,sudhanshuy17/pccomponents
920c83278c6a57b6de19,ram,Hynix Hynix Genuine DDR3 4 GB PC DDR3 4 GB PC (Hynix Genuine DDR3 4 GB PC ),460.0,INR,True,False,False,True,PcData/RAM.csv,sudhanshuy17/pccomponents
bad5d0bece206a03e494,ram,Hynix MODULE DDR3 2 GB (Single Channel) PC (10600U-09-10-F3),370.0,INR,True,False,False,True,PcData/RAM.csv,sudhanshuy17/pccomponents
a000b44968f3b719fce4,ram,Hynix NA DDR2 2 GB PC (Desktop RAM),395.0,INR,True,False,False,True,PcData/RAM.csv,sudhanshuy17/pccomponents
fd3c8b775fe005a1e9ba,ram,Hynix New DDR3 2 GB PC (2GBDDR3),323.0,INR,True,False,False,True,PcData/RAM.csv,sudhanshuy17/pccomponents
5e88e271099966ea90c0,ram,"Hynix PC3 12800, DESKTOP PC RAM DDR3 4 GB (Dual Channel) PC DDR (HMT451U6AFR8A-PB, DDR3 1600MHZ,2RX8)",466.0,INR,True,False,False,True,PcData/RAM.csv,sudhanshuy17/pccomponents
7697864396ab077438bb,ram,"Hynix PC3 12800, DESKTOP PC RAM DDR3 4 GB (Dual Channel) PC (RT_0145)",459.0,INR,True,False,False,True,PcData/RAM.csv,sudhanshuy17/pccomponents
0c7f406673ea9fa2b69d,ram,"Hynix PC3 12800, DESKTOP PC RAM DDR3 4 GB PC DDR3 RAM (HMT351U6CFR8C-PB , DDR3 1600MHZ , 2RX8)",425.0,INR,True,False,False,True,PcData/RAM.csv,sudhanshuy17/pccomponents
db312ceadba16d7970a1,ram,Hynix pc3 DDR3 2 GB (Single Channel) PC (ram),323.0,INR,True,False,False,True,PcData/RAM.csv,sudhanshuy17/pccomponents
300ac9442425e6c68791,ram,Hynix PC4-2666V 1RX8 DDR2 8 GB (Single Channel) PC (HMA81GS6JJR8N-VK),1299.0,INR,True,False,False,True,PcData/RAM.csv,sudhanshuy17/pccomponents
45aac6a53dc4e588682e,ram,Hynix ram DDR2 2 GB (Single Channel) PC (ram 2gb ddr2),384.0,INR,True,False,False,True,PcData/RAM.csv,sudhanshuy17/pccomponents
f12c1477ad7d10186282,ram,"HyperX 3600MHZ DDR4 8 GB PC, Server (?KF436C17BB/8)",3499.0,INR,True,False,False,True,PcData/RAM.csv,sudhanshuy17/pccomponents
0aac2c73bb8e5ad2927a,ram,HyperX FURY RGB DDR4 8 GB (Dual Channel) PC (Kingston 8GB RGB DDR4 3000 MHz),3415.0,INR,True,False,False,True,PcData/RAM.csv,sudhanshuy17/pccomponents
9bd839661a7cec8cedef,ram,HyperX HX432C16FB3/8 DDR4 8 GB (Single Channel) PC (HX432C16FB3/8),2650.0,INR,True,False,False,True,PcData/RAM.csv,sudhanshuy17/pccomponents
a789e6c47fb701c24c94,ram,"HyperX KINGSTON FURY 3000 MHZ DDR4 8 GB (Quad Channel) PC, Mac PC (KF432C16BB/16)",3680.0,INR,True,False,False,True,PcData/RAM.csv,sudhanshuy17/pccomponents
59d01d2e58001b96be58,ram,"HyperX NA DDR3 8 GB (Dual Channel) Laptop, PC (Fury 8GB DDR3 1866MHz CL10 DIMM Desktop Memory (HX318C10F/8))",1285.0,INR,True,False,False,True,PcData/RAM.csv,sudhanshuy17/pccomponents
e1cac06c2637e6cf1765,ram,KINGSTON BEAST KF432C16BB/8 DDR4 8 GB (Single Channel) PC SDRAM (FURY),2290.0,INR,True,False,False,True,PcData/RAM.csv,sudhanshuy17/pccomponents
13f6bd5308567f61b39b,ram,"KINGSTON DDR3 1333Mhz Desktop PC DDR3 8 GB (Dual Channel) PC (KVR1333D3N9/8G, 2Rx8 PC3-10600 CL9 240-Pin uDIMM)",2695.0,INR,True,False,False,True,PcData/RAM.csv,sudhanshuy17/pccomponents
bdef061646eac49ca698,ram,KINGSTON HyperX Fury DDR3 4 GB (Dual Channel) PC (HX316C10F/4),1199.0,INR,True,False,False,True,PcData/RAM.csv,sudhanshuy17/pccomponents
3eb77f24213c75a6479d,ram,KINGSTON HyperX Fury DDR3 8 GB (Dual Channel) PC (HX316C10F/8),2149.0,INR,True,False,False,True,PcData/RAM.csv,sudhanshuy17/pccomponents
7ebec3cfca98be82a431,ram,KINGSTON HyperX FURY Memory DDR3 8 GB (Dual Channel) PC (HX318C10F/8),2678.0,INR,True,False,False,True,PcData/RAM.csv,sudhanshuy17/pccomponents
65eb4305c0f27ced6d67,ram,KINGSTON KVR DDR3 4 GB (Single Channel) PC (KVR16N11S8/4-SP),2100.0,INR,True,False,False,True,PcData/RAM.csv,sudhanshuy17/pccomponents
210b1d815c5937031036,ram,KINGSTON KVR1333D3N9/2G DDR3 2 GB (Single Channel) PC (KVR1333D3N9/2G 1333Mhz 2GB 1.5v Desktop RAM),530.0,INR,True,False,False,True,PcData/RAM.csv,sudhanshuy17/pccomponents
f7171faf8ce34fab86ca,ram,KINGSTON KVR1333d3n9/4 DDR3 4 GB (Single Channel) PC (KVR16N11N9/4 1333MHz Desktop 1.5v),1299.0,INR,True,False,False,True,PcData/RAM.csv,sudhanshuy17/pccomponents
e9934dd52cb1cf95170e,ram,KINGSTON PC4-21300 Desktop PC DDR4 4 GB (Single Channel) PC (Hyper X HX426C15FB/4 DDR4-2666 CL15 288-Pin DIMM),4899.0,INR,True,False,False,True,PcData/RAM.csv,sudhanshuy17/pccomponents
61d61e1f505cd28cad23,ram,KINGSTON RAM DDR3 8 GB PC ValueRAM (KVR16N11/8),2280.0,INR,True,False,False,True,PcData/RAM.csv,sudhanshuy17/pccomponents
672d1ed765b1077f13ce,ram,KINGSTON RAM DDR4 8 GB PC 288-Pin DDR4 SDRAM (2400MHz Non-ECC CL17 DIMM 1Rx8 Desktop Memory - KVR24N17S8 8),2699.0,INR,True,False,False,True,PcData/RAM.csv,sudhanshuy17/pccomponents
b24e25ae3ddde6c94909,ram,KINGSTON Value DDR3 4 GB (Single Channel) PC (KVR16N11S8/4 1600MHz Desktop 1.5v),1700.0,INR,True,False,False,True,PcData/RAM.csv,sudhanshuy17/pccomponents
83ecac1e63ae9f8507dd,ram,KINGSTON Value DDR3 4 GB (Single Channel) PC (KVR16N11S8/4 1600MHz RAM),1100.0,INR,True,False,False,True,PcData/RAM.csv,sudhanshuy17/pccomponents
51288fe0471c76d67f8c,ram,KINGSTON Value RAM DDR3 2 GB (Dual Channel) PC (KVR1333D3N9/2G-SP),989.0,INR,True,False,False,True,PcData/RAM.csv,sudhanshuy17/pccomponents
d74d2fc0f7bd24af683b,ram,KINGSTON ValueRAM 4GB 800MHz DDR2 4 GB PC (KVR800D2N6K2/2G),1600.0,INR,True,False,False,True,PcData/RAM.csv,sudhanshuy17/pccomponents
d14292466261cb817ae8,ram,KINGSTON Valueram DDR4 16 GB (Dual Channel) PC DDR4 (KVR26N19D8/16),4435.0,INR,True,False,False,True,PcData/RAM.csv,sudhanshuy17/pccomponents
a0f7f5ade704b5a35d7b,ram,KlNGSTON KVR26N19S8/8 DDR4 8 GB (Single Channel) PC DDR4 (DDR4 8GB 2666MHZ),2350.0,INR,True,False,False,True,PcData/RAM.csv,sudhanshuy17/pccomponents
f4661ebfa3efbebd5940,ram,MANSI ULTRA DDR2 2 GB (Dual Channel) PC (MANSI01),1800.0,INR,True,False,False,True,PcData/RAM.csv,sudhanshuy17/pccomponents
c771252d49eeed3103c2,ram,PremiumAV Desktop DDR 1 GB (Dual Channel) PC (MST-1847),599.0,INR,False,True,False,True,PcData/RAM.csv,sudhanshuy17/pccomponents
b1df889844d54a95e971,ram,PremiumAV Desktop DDR3 2 GB (Dual Channel) PC (MST-1854),599.0,INR,True,False,False,True,PcData/RAM.csv,sudhanshuy17/pccomponents
f207de181456feb52cd2,ram,PremiumAV Desktop DDR3 2 GB (Dual Channel) PC (MST-1855),599.0,INR,True,False,False,True,PcData/RAM.csv,sudhanshuy17/pccomponents
462dd419d1ea961c974c,ram,PremiumAV Desktop DDR3 8 GB (Dual Channel) PC (MST-1859),1999.0,INR,True,False,False,True,PcData/RAM.csv,sudhanshuy17/pccomponents
37e2becd09b6101fd24d,ram,PremiumAV Desktop DDR4 16 GB (Dual Channel) PC (MST-1868),4999.0,INR,True,False,False,True,PcData/RAM.csv,sudhanshuy17/pccomponents
c4140934e731c3c6522b,ram,PremiumAV Desktop DDR4 4 GB (Dual Channel) PC (MST-1860),1299.0,INR,True,False,False,True,PcData/RAM.csv,sudhanshuy17/pccomponents
120ae5df90df76ea26a2,ram,PremiumAV Desktop DDR4 8 GB (Dual Channel) PC (Desktop RAM 2666 MHz),2999.0,INR,True,False,False,True,PcData/RAM.csv,sudhanshuy17/pccomponents
53968802583e085ecc49,ram,REO Desktop 8 GB DDR3 RAM PC3-12800 240-Pin DIMM DDR3 8 GB (Single Channel) PC (DDR3 8GB),2400.0,INR,True,False,False,True,PcData/RAM.csv,sudhanshuy17/pccomponents
e5db59b8417e47728f49,ram,REO DESKTOP DDR4 4 GB RAM 2666MHz PC4-21300 288-Pin DIMM DDR4 8 GB (Single Channel) PC DRAM (DDR4 8GB),4250.0,INR,True,False,False,True,PcData/RAM.csv,sudhanshuy17/pccomponents
2fa8433986832d4e6752,ram,REO DESKTOP PC-3 12800 240-Pin DIMM DDR3 4 GB (Single Channel) PC (DDR3 4GB),1500.0,INR,True,False,False,True,PcData/RAM.csv,sudhanshuy17/pccomponents
abc33a2e48e884743bd6,ram,Rex ddr DDR2 2 GB (Single Channel) PC (Ram ddr2),850.0,INR,True,False,False,True,PcData/RAM.csv,sudhanshuy17/pccomponents
5f4fc3fd76cc1dd76ecd,ram,SAMSUNG 1600mhz Desktop 1Rx8 RAM DDR3 4 GB (Single Channel) PC (M378B5173DB0-CK0 PC3-12800U),900.0,INR,True,False,False,True,PcData/RAM.csv,sudhanshuy17/pccomponents
22ab6ec897d1ae629d22,ram,"SAMSUNG 2400Mhz Desktop RAM DDR4 4 GB (Single Channel) PC (M378A5244CB0-CRC, PC4-19200)",1619.0,INR,True,False,False,True,PcData/RAM.csv,sudhanshuy17/pccomponents
86cd3a4f2a3d9ab1d160,ram,SAMSUNG CF7 DDR2 2 GB (Dual Channel) PC (6400U-666-12-P3),599.0,INR,True,False,False,True,PcData/RAM.csv,sudhanshuy17/pccomponents
87fe90a6f9a3374ad63a,ram,SAMSUNG DDR3 10600 DDR3 4 GB PC (DDR3),1305.0,INR,True,False,False,True,PcData/RAM.csv,sudhanshuy17/pccomponents
3df8fe18760c15a9226b,ram,SAMSUNG DDR3 1333mhz DDR3 4 GB (Dual Channel) PC (m378b5173dbo-ckd),792.0,INR,True,False,False,True,PcData/RAM.csv,sudhanshuy17/pccomponents
b750c43dd148af13ac3b,ram,SAMSUNG DDR3 1333MHZ DDR3 4 GB (Dual Channel) PC (M378B5273CH0-CH9 PC3-10600U DESKTOP PC RAM),1180.0,INR,True,False,False,True,PcData/RAM.csv,sudhanshuy17/pccomponents
c214f4f3fb0f3b748a6a,ram,SAMSUNG OEM DDR3 2 GB (Single Channel) PC (M378TP),498.0,INR,True,False,False,True,PcData/RAM.csv,sudhanshuy17/pccomponents
fad74c1f06ac18d0d339,ram,SAMSUNG OEM DDR3 4 GB (Dual Channel) PC (SD34GBPP),950.0,INR,True,False,False,True,PcData/RAM.csv,sudhanshuy17/pccomponents
f65adbd4203b3dcc918a,ram,SAMSUNG Original DDR2 2 GB (Single Channel) PC (Samsung DDR2 2GB PC RAM),1390.0,INR,True,False,False,True,PcData/RAM.csv,sudhanshuy17/pccomponents
aeb82e8971f4186305ba,ram,SAMSUNG Pc3-10600/1333 DDR3 4 GB PC (4GB DDR3 1333 M378B5273DH0-CH9),911.0,INR,True,False,False,True,PcData/RAM.csv,sudhanshuy17/pccomponents
75069e4c581ce008657c,ram,SAMSUNG Premium DDR2 2 GB PC (Desktop),599.0,INR,True,False,False,True,PcData/RAM.csv,sudhanshuy17/pccomponents
794c177022bbf4a0ffd5,ram,ShopGlobal 2 DDR2 1 GB (Dual Channel) PC (MST-1850),499.0,INR,True,False,False,True,PcData/RAM.csv,sudhanshuy17/pccomponents
8349c6d87a7d3d337b7f,ram,"ShopGlobal Desktop DDR3 8 GB (Dual Channel) PC, PC (MST-1858)",1709.0,INR,True,False,False,True,PcData/RAM.csv,sudhanshuy17/pccomponents
e24a77ddca1777216c05,ram,"ShopGlobal Desktop DDR4 8 GB (Quad Channel) PC, PC (MST-1867)",2024.0,INR,True,False,False,True,PcData/RAM.csv,sudhanshuy17/pccomponents
d0b865654affb3f96889,ram,SIMMRTONICS 1333 DESKTOP 4GB DDR3 DDR3 4 GB (Single Channel) PC (PC 1333 DESKTOP 4GB DDR3),699.0,INR,True,False,False,True,PcData/RAM.csv,sudhanshuy17/pccomponents
ebbbc149aca55a68045f,ram,SIMMRTONICS 1600Mhz DDR3 4GB DESKTOP RAM DDR3 4 GB (Single Channel) PC (1600Mhz DDR3 4GB DESKTOP),699.0,INR,True,False,False,True,PcData/RAM.csv,sudhanshuy17/pccomponents
f53355c590e468cfd7f3,ram,SIMMRTONICS DDR3 1333 4GB DSKTP DDR3 4 GB (Single Channel) PC (DDR3 1333 4GB DSKTP),699.0,INR,True,False,False,True,PcData/RAM.csv,sudhanshuy17/pccomponents
16b1c2352073ee9f1286,ram,SIMMRTONICS DDR3 4GB 1600 DSKTP DDR3 4 GB (Single Channel) PC (DDR3 4GB 1600 DSKTP),699.0,INR,True,False,False,True,PcData/RAM.csv,sudhanshuy17/pccomponents
4e9e3971f650eccd337e,ram,SIMMRTONICS DDR4 2666 16GB DDR4 16 GB (Single Channel) PC (DDR4 16GB 2666),2799.0,INR,True,False,False,True,PcData/RAM.csv,sudhanshuy17/pccomponents
93932d2bb6e78287c994,ram,SIMMRTONICS DDR4 8GB 2400 DESKTOP DDR4 8 GB (Single Channel) PC (DDR4 8GB 2400 DESKTOP),1525.0,INR,True,False,False,True,PcData/RAM.csv,sudhanshuy17/pccomponents
89aa1340e59b1d5a5b47,ram,Simmtronic Desktop RAM U-DIMM DDR3 8 GB (Single Channel) PC 8GB DDR3L Desktop RAM (8GB Desktop RAM),1049.0,INR,True,False,False,True,PcData/RAM.csv,sudhanshuy17/pccomponents
57bba8fb0f1fc663f8a2,ram,Simmtronic U-DIMM 2400MHZ DDR4 8 GB (Single Channel) PC DDR4 DESKTP / PC RAM (Desktop RAM),1499.0,INR,True,False,False,True,PcData/RAM.csv,sudhanshuy17/pccomponents
1feeff8817bb4c36b6fe,ram,Simmtronics 2133 MHz DDR4 16 GB PC (2133 MHz),5292.0,INR,True,False,False,True,PcData/RAM.csv,sudhanshuy17/pccomponents
d83e016c86bdc1b5b962,ram,Simmtronics 2133 MHZ DDR4 4 GB PC (DESKTOP RAM),1643.0,INR,True,False,False,True,PcData/RAM.csv,sudhanshuy17/pccomponents
1646b16537921f804a1f,ram,SIMMTRONICS 2133 MHz DDR4 8 GB PC (DDR4),2618.0,INR,True,False,False,True,PcData/RAM.csv,sudhanshuy17/pccomponents
71f1e1c22ade8f7c88e0,ram,Simmtronics 2400 MHz DDR4 16 GB PC (2400 MHz),2775.0,INR,True,False,False,True,PcData/RAM.csv,sudhanshuy17/pccomponents
4902aa7a15385b21e96c,ram,Simmtronics 2400 MHz DDR4 4 GB PC (RAM),999.0,INR,True,False,False,True,PcData/RAM.csv,sudhanshuy17/pccomponents
017e5d2f15066c7684e7,ram,Simmtronics 2400 MHz DDR4 8 GB PC DDR4 RAM (8GB DDR4 2400 MHz RAM),1525.0,INR,True,False,False,True,PcData/RAM.csv,sudhanshuy17/pccomponents
ba285e6a2aee454d2893,ram,Simmtronics 2666 MHz DDR4 4 GB PC (PC),999.0,INR,True,False,False,True,PcData/RAM.csv,sudhanshuy17/pccomponents
328daf30a9db9c942fc8,ram,Simmtronics DESKTOP RAM DDR2 1 GB (Single Channel) PC (400Mhz),2045.0,INR,True,False,False,True,PcData/RAM.csv,sudhanshuy17/pccomponents
4ad6b9c093b8c89a9db2,ram,Simmtronics DESKTOP RAM DDR2 1 GB (Single Channel) PC (800MHz),349.0,INR,True,False,False,True,PcData/RAM.csv,sudhanshuy17/pccomponents
f14c32b566f0bcd193bb,ram,Simmtronics DESKTOP RAM DDR2 2 GB (Single Channel) PC (800MHz),549.0,INR,True,False,False,True,PcData/RAM.csv,sudhanshuy17/pccomponents
85070fe84fcdea3cb1e5,ram,Simmtronics DESKTOP RAM DDR3 8 GB (Single Channel) PC (1333MHz),2140.0,INR,True,False,False,True,PcData/RAM.csv,sudhanshuy17/pccomponents
29608e9aa06d5bc06ada,ram,Simmtronics DESKTOP RAM DDR4 16 GB (Single Channel) PC (3200 MHz),2849.0,INR,True,False,False,True,PcData/RAM.csv,sudhanshuy17/pccomponents
798f467da13d1858e1df,ram,Simmtronics DESKTOP RAM DDR4 32 GB (Single Channel) PC (3200 MHz),6997.0,INR,True,False,False,True,PcData/RAM.csv,sudhanshuy17/pccomponents
9b30c8cbb99655be9e3a,ram,Simmtronics DESKTOP RAM DDR4 4 GB (Single Channel) PC (3200MHz),1125.0,INR,True,False,False,True,PcData/RAM.csv,sudhanshuy17/pccomponents
fdb75ed8c992a98bf1f4,ram,Simmtronics DESKTOP RAM DDR4 8 GB (Single Channel) PC (2133MHz),2618.0,INR,True,False,False,True,PcData/RAM.csv,sudhanshuy17/pccomponents
647f8af7a937d5f985b7,ram,Simmtronics DESKTOP RAM DDR4 8 GB (Single Channel) PC (3200MHz),1599.0,INR,True,False,False,True,PcData/RAM.csv,sudhanshuy17/pccomponents
71334c22889e8e493e69,ram,simtronics 1 gb ddr2 800 pc-6400 DDR2 1 GB (Single Channel) PC (Simmtronics 1 Gb Ddr-2 800 Mhz Pc 6400 For Desktop),299.0,INR,True,False,False,True,PcData/RAM.csv,sudhanshuy17/pccomponents
7e874586845a5738d3ce,ram,simtronics 1333 DDR3 2 GB (Dual Channel) PC (simm tronics ddr3 desktop two gb 1333),438.0,INR,True,False,False,True,PcData/RAM.csv,sudhanshuy17/pccomponents
d501d56973ee3df0da64,ram,simtronics 1333 DDR3 4 GB (Dual Channel) PC DESKTOP RAM 4GB DDR-3 (ram 4gb),683.0,INR,True,False,False,True,PcData/RAM.csv,sudhanshuy17/pccomponents
a7fdd05d1d3b23d548a9,ram,"simtronics 1600MHZ DDR3 8 GB (Single Channel) PC, Server (8GB DDR3 1600MHZ)",1075.0,INR,True,False,False,True,PcData/RAM.csv,sudhanshuy17/pccomponents
6ce3250bd729a56e1c30,ram,simtronics 2 GB DDR3 1333Mhz DDR3 2 GB (Single Channel) PC (2GB DDR3 DIMM RAM 1333Mhz),375.0,INR,True,False,False,True,PcData/RAM.csv,sudhanshuy17/pccomponents
e3a1bff2005eb0528c72,ram,simtronics 2 GB DDR3 800Mhz DDR2 2 GB (Single Channel) PC (2GB DDR2 DIMM RAM 800Mhz),499.0,INR,True,False,False,True,PcData/RAM.csv,sudhanshuy17/pccomponents
baf0ec540956c86c0971,ram,simtronics 2 GB DDR3 DDR3 2 GB (Single Channel) PC (Simmtronics 2GB DDR3 1600 Desktop),395.0,INR,True,False,False,True,PcData/RAM.csv,sudhanshuy17/pccomponents
f27c79a538719299cc5c,ram,simtronics 2400 DDR4 4 GB PC (simmtronics 4gb ddr4 2400),999.0,INR,True,False,False,True,PcData/RAM.csv,sudhanshuy17/pccomponents
d55eafd360ae588cbf2a,ram,simtronics 2GB DDR2 667 Mhz DDR2 2 GB (Single Channel) PC (2GEB DDR2 DIMM RAM 667 Mhz),495.0,INR,True,False,False,True,PcData/RAM.csv,sudhanshuy17/pccomponents
baa39367501edba84cf1,ram,simtronics 2GB DDR2 667MHZ DDR2 2 GB (Dual Channel) PC (2GB DDR2 667MHZ),911.0,INR,True,False,False,True,PcData/RAM.csv,sudhanshuy17/pccomponents
4f7c423f07b14c66f3d7,ram,simtronics 4 DDR3 4 GB (Dual Channel) PC Dasktop (Simmtronics 4GB 1333MHz DDR3 SDRAM),697.0,INR,True,False,False,True,PcData/RAM.csv,sudhanshuy17/pccomponents
768f600c89c95d3e3f1b,ram,simtronics 4 GB DDR3 1333 Desktop DDR3 4 GB PC (Simmtronics 4 Gb Ddr-3 Ram 1333 Mhz Pc 10600 For Desktop),680.0,INR,True,False,False,True,PcData/RAM.csv,sudhanshuy17/pccomponents
bd985588670816f8221e,ram,simtronics 8GB DDR3 1333 Desktop DDR3 8 GB (Single Channel) PC (Simmtronics 8 GB RAM DDR-3 1333 Mhz),1299.0,INR,True,False,False,True,PcData/RAM.csv,sudhanshuy17/pccomponents
38f7a6afb60358755c38,ram,simtronics 8GB DDR3 8 GB (Single Channel) PC Dasktop (8GB DDR3 Desktop 1600L),1075.0,INR,True,False,False,True,PcData/RAM.csv,sudhanshuy17/pccomponents
ca6619ad77a82b12bc8e,ram,simtronics 8GB DDR4 2666 MHz RAM DDR4 8 GB (Dual Channel) PC (8GB DDR4 2666 MHz RAM),1499.0,INR,True,False,False,True,PcData/RAM.csv,sudhanshuy17/pccomponents
44c5f218812917275699,ram,simtronics DDR1 DDR 1 GB (Single Channel) PC (Simmtronics 1GB 400 MHz DDR PC 3200 Desktop RAM),724.0,INR,True,False,False,True,PcData/RAM.csv,sudhanshuy17/pccomponents
faf1e0a7c143a0cdc4bd,ram,simtronics ddr3 DDR3 4 GB PC (DLUD3SIM0008),699.0,INR,True,False,False,True,PcData/RAM.csv,sudhanshuy17/pccomponents
b1cdc31e432831e2d2e6,ram,simtronics DDR4 2400 DDR4 4 GB (Single Channel) PC (Simmtronics (Black)),997.0,INR,True,False,False,True,PcData/RAM.csv,sudhanshuy17/pccomponents
bd97bf9761ffc3fa2deb,ram,simtronics PC-6400 DDR2 2 GB (Single Channel) PC (Simmtronics 2 Gb Dddr-2 800 Mhz Pc 6400 For Desktop),490.0,INR,True,False,False,True,PcData/RAM.csv,sudhanshuy17/pccomponents
4927647f4bad6ad7fc21,ram,simtronics RAM DDR2 2 GB PC SDRAM (667 DESKTOP),499.0,INR,True,False,False,True,PcData/RAM.csv,sudhanshuy17/pccomponents
a29d42840d3e5b9c9ce1,ram,simtronics RAM DDR2 2 GB PC SDRAM (800 DESKTOP),499.0,INR,True,False,False,True,PcData/RAM.csv,sudhanshuy17/pccomponents
151fcd8fe01409a88b95,ram,simtronics RAM DDR3 4 GB PC SDRAM (1600 DESKTOP),699.0,INR,True,False,False,True,PcData/RAM.csv,sudhanshuy17/pccomponents
642477177d0b0421e29e,ram,"simtronics S930P 128GB DDR 64 GB Laptop, PC, Server (Simmtronics SSD 128GB)",947.0,INR,False,True,False,True,PcData/RAM.csv,sudhanshuy17/pccomponents
db3170c96779707c797e,ram,simtronics SIMMTRONICS - 2 GB DDR2 800 DESTOP DDR2 2 GB (Dual Channel) PC ddr2 (SIMMTRONICS - 2 GB DDR2 800 DESTOP),888.0,INR,True,False,False,True,PcData/RAM.csv,sudhanshuy17/pccomponents
797cf1fa06f49612266e,ram,simtronics Simmtronics 2GB DDR3 1600 Desktop DDR3 2 GB (Dual Channel) PC (Simmtronics 2GB DDR3 1600 Desktop),740.0,INR,True,False,False,True,PcData/RAM.csv,sudhanshuy17/pccomponents
99cf93c69834206a9e1c,ram,simtronics SIMMTRONICS DDR 64 GB PC (256GB 3D NAND SATA 2.5-inch SSD),1285.0,INR,False,True,False,True,PcData/RAM.csv,sudhanshuy17/pccomponents
74f3e90bce544946e3fc,ram,simtronics Simmtronics DDR2 2 GB PC NA (Desktop RAM 2GB DDR2 667 MHz (PC 5300) with 3 Year Warranty),549.0,INR,True,False,False,True,PcData/RAM.csv,sudhanshuy17/pccomponents
569235f71e9097ba2dc6,ram,simtronics Simmtronics DDR3 2 GB PC (Ram for Desktop 1600 Mhz 3 Years Warranty),449.0,INR,True,False,False,True,PcData/RAM.csv,sudhanshuy17/pccomponents
3f3761c6a2b611e4b1b8,ram,simtronics Simmtronics DDR3 4 GB (Single Channel) PC (DDR 3 4GB Ram),699.0,INR,True,False,False,True,PcData/RAM.csv,sudhanshuy17/pccomponents
e1ce452df9af3fef3077,ram,"simtronics U-DIMM 2400MHZ DDR4 8 GB (Single Channel) PC, Server (Desktop RAM)",1525.0,INR,True,False,False,True,PcData/RAM.csv,sudhanshuy17/pccomponents
4ddc94b90c98f407eb58,ram,Sk Hynix 2400MHz DDR4 8 GB (Dual Channel) PC DDR4 (HMA81GU6AFR8N),1299.0,INR,True,False,False,True,PcData/RAM.csv,sudhanshuy17/pccomponents
df677e69f52ce03103e9,ram,Sk Hynix DDR3 DDR3 8 GB PC (8GB DDR3 DESKTOP RAM),825.0,INR,True,False,False,True,PcData/RAM.csv,sudhanshuy17/pccomponents
16f81c3e434d8d403818,ram,Sk Hynix HMT41GU6BFR8A DDR3 8 GB (Dual Channel) PC (8GB DDR3 12800U),820.0,INR,True,False,False,True,PcData/RAM.csv,sudhanshuy17/pccomponents
7f2f86a42b489f37f7d7,ram,Starlite 4GB DDR3 PC1333U (1333MHz) DDR3 4 GB (Single Channel) PC (DESKTOP RAM),1305.0,INR,True,False,False,True,PcData/RAM.csv,sudhanshuy17/pccomponents
c74a9fca7c695f343c12,ram,Starlite DDR DDR4 8 GB PC (8GB DDR4 PC2400),1799.0,INR,True,False,False,True,PcData/RAM.csv,sudhanshuy17/pccomponents
1d65c5582f335ae7b4ff,ram,Starlite DDR DDR4 8 GB (Single Channel) PC (8GB DDR4 PC3200),1850.0,INR,True,False,False,True,PcData/RAM.csv,sudhanshuy17/pccomponents
e693134f470e2bf242d8,ram,Starlite DDR3PC1333S DDR3 2 GB PC (DDR3PC1333S),789.0,INR,True,False,False,True,PcData/RAM.csv,sudhanshuy17/pccomponents
5c42f229bfb0115ed2fb,ram,Starlite DDR4 4GB Desktop Ram (2400MHz) DDR4 4 GB PC (PC2400),1850.0,INR,True,False,False,True,PcData/RAM.csv,sudhanshuy17/pccomponents
41f1393a2e4a46d4d23d,ram,Starlite DT 4GBDDR3PC1600S DDR3 4 GB (Single Channel) PC (nath1600),899.0,INR,True,False,False,True,PcData/RAM.csv,sudhanshuy17/pccomponents
8833bbc1dcc3e087ed71,ram,"Starlite Gold 4GB DDR3 1600MHZ Desktop RAM , DDR3 4 GB PC (STARLITEGold)",928.0,INR,True,False,False,True,PcData/RAM.csv,sudhanshuy17/pccomponents
b8ff5116bb8b8f703346,ram,"Starlite Gold 8GB DDR3 1600MHZ Desktop RAM DDR3 8 GB PC Desktop Ram (DDR3 ,1600Mhz)",1550.0,INR,True,False,False,True,PcData/RAM.csv,sudhanshuy17/pccomponents
3351feedae5d4b0d3077,ram,"Starlite GOLD 8GB DDR4 3200 MHZ Desktop RAM , DDR4 8 GB PC (8GB,3200MHZ)",1899.0,INR,True,False,False,True,PcData/RAM.csv,sudhanshuy17/pccomponents
91a5707987ecbd6f50b1,ram,Starlite GOLD DDR4 8 GB (Single Channel) PC (8GB DDR4 ( PC2666 Gold Ram)),1849.0,INR,True,False,False,True,PcData/RAM.csv,sudhanshuy17/pccomponents
fc2e8a7addba13f1dbdf,ram,STELLULAR 1333/10600 DDR3 8 GB (Dual Channel) PC (ST8GD3-10600U),1399.0,INR,True,False,False,True,PcData/RAM.csv,sudhanshuy17/pccomponents
58e8a2a035bd57e41f43,ram,STELLULAR 1600Mhz/12800 DDR3 2 GB (Dual Channel) PC DRAM (ST2GD3-12800u combo),849.0,INR,True,False,False,True,PcData/RAM.csv,sudhanshuy17/pccomponents
56138b661dfd64f7b68b,ram,STELLULAR 1600Mhz/12800 DDR3 8 GB (Dual Channel) PC (ST8GD3-12800U),1399.0,INR,True,False,False,True,PcData/RAM.csv,sudhanshuy17/pccomponents
6dcefee03b6ee667fcf2,ram,STELLULAR 2666/21300MHZ DDR4 4 GB (Dual Channel) PC (ST4GD4-21300U),1140.0,INR,True,False,False,True,PcData/RAM.csv,sudhanshuy17/pccomponents
2ad11108dd6b3e4239ec,ram,STELLULAR 3200/25600MHZ DDR4 8 GB (Dual Channel) PC (ST8GD4-25600U),1899.0,INR,True,False,False,True,PcData/RAM.csv,sudhanshuy17/pccomponents
cb63f26a61ad747aecfd,ram,STELLULAR 667/5300MHZ DDR2 2 GB (Dual Channel) PC (ST2GD2-5300U COMBO),849.0,INR,True,False,False,True,PcData/RAM.csv,sudhanshuy17/pccomponents
a3f9eeeb0efc86b91213,ram,TECH- Assemblers DDR2 DDR2 2 GB (Dual Channel) PC (DDR2-2GB),699.0,INR,True,False,False,True,PcData/RAM.csv,sudhanshuy17/pccomponents
823ec75722bf3b7a5d6d,ram,Thermaltake TOUGHRAM RGB DDR4 8 GB (Dual Channel) PC (R009D408GX2-3200C16A),10266.0,INR,True,False,False,True,PcData/RAM.csv,sudhanshuy17/pccomponents
9e84a020be75e1802c7b,ram,Thermaltake TOUGHRAM RGB DDR4 8 GB (Dual Channel) PC (R009D408GX2-3600C18B),10950.0,INR,True,False,False,True,PcData/RAM.csv,sudhanshuy17/pccomponents
30b662c922690736e7b1,ram,Thermaltake TOUGHRAM RGB DDR4 8 GB (Dual Channel) PC (R022D408GX2-3200C16A),10266.0,INR,True,False,False,True,PcData/RAM.csv,sudhanshuy17/pccomponents
3ca17a700dff22362f04,ram,Thermaltake TOUGHRAM RGB DDR4 8 GB (Dual Channel) PC (R022D408GX2-3600C18A),10950.0,INR,True,False,False,True,PcData/RAM.csv,sudhanshuy17/pccomponents
286a347acea0c616a438,ram,Thermaltake TOUGHRAM RGB DDR4 8 GB (Dual Channel) PC (RG25D408GX2-3600C18A),11361.0,INR,True,False,False,True,PcData/RAM.csv,sudhanshuy17/pccomponents
ef2c682c57da5f7f5af2,ram,Thermaltake TOUGHRAM RGB DDR4 8 GB (Dual Channel) PC (RG26D408GX2-3600C18A),11361.0,INR,True,False,False,True,PcData/RAM.csv,sudhanshuy17/pccomponents
7012f97844b0790f29a4,ram,Thermaltake TOUGHRAM RGB DDR4 8 GB (Dual Channel) PC (RG28D408GX2-3600C18A),11361.0,INR,True,False,False,True,PcData/RAM.csv,sudhanshuy17/pccomponents
b729890e6f97cccd2c10,ram,Thermaltake TOUGHRAM XG RGB DDR4 8 GB (Dual Channel) PC (R016D408GX2-3600C18A),10950.0,INR,True,False,False,True,PcData/RAM.csv,sudhanshuy17/pccomponents
fe9c55f52cb9e9b33afc,ram,Thermaltake TOUGHRAM XG RGB DDR4 8 GB (Dual Channel) PC (RG06D408GX2-3600C18B),10950.0,INR,True,False,False,True,PcData/RAM.csv,sudhanshuy17/pccomponents
16b1228ed3868d522386,ram,Thermaltake TOUGHRAM Z-ONE RGB DDR4 8 GB (Dual Channel) PC (R019D408GX2-3200C16A),9172.0,INR,True,False,False,True,PcData/RAM.csv,sudhanshuy17/pccomponents
914e87896320a2b81dfc,ram,TSND TRANSCEND DDR3-1333 U DIMM DDR3 4 GB (Single Channel) PC DDR3 SDRAM Memory (TS512MLK64V3N),1299.0,INR,True,False,False,True,PcData/RAM.csv,sudhanshuy17/pccomponents
661c4800d7bdd342ba16,ram,wnd 12800 DDR3 4 GB (Dual Channel) PC (RAM),433.0,INR,True,False,False,True,PcData/RAM.csv,sudhanshuy17/pccomponents
3d580c457610dae72e01,ram,wnd 12800 LOW DDR3 4 GB (Single Channel) PC (DDR3 4 GB),433.0,INR,True,False,False,True,PcData/RAM.csv,sudhanshuy17/pccomponents
f1121c16cdfacf700955,ram,wnd 5300 DDR2 2 GB PC (RAM DESKTOP),429.0,INR,True,False,False,True,PcData/RAM.csv,sudhanshuy17/pccomponents
1793b2b0650b133028ab,ram,XPG ADATA SPECTRIX D60G DDR4 RGB 16GB (2x8GB) 3200MHz U-DIMM Desktop Memory DDR4 8 GB (Dual Channel) PC GAMING RGB RAM (AX4U320038G16-DT60),5490.0,INR,True,False,False,True,PcData/RAM.csv,sudhanshuy17/pccomponents
6bd00e85ed007f452f26,ram,XPG D60G DDR4 16 GB (Dual Channel) PC (SPECTRIX D60G RGB AX4U320016G16A-DT60),13745.0,INR,True,False,False,True,PcData/RAM.csv,sudhanshuy17/pccomponents
b07e6fb70c1acbd37f57,ram,XPG GAMMIX D30 3200mhz DDR4 8 GB PC SD RAM (AX4U320038G16A-SR30),1939.0,INR,True,False,False,True,PcData/RAM.csv,sudhanshuy17/pccomponents
e08b9cbc26e179f1e36a,ram,XPG LANCER RGB DDR5 16 GB (Single Channel) PC SDRAM (16 GB 6000 MHz AX5U6000C4016G-CLARBK Desktop RAM),32999.0,INR,True,False,False,True,PcData/RAM.csv,sudhanshuy17/pccomponents
12b6293866933981b3f2,ram,XPG RAM DDR4 16 GB PC DDR4 (GAMIX D30 DDR4 16GB (1x16GB) 3200MHz U-DIMM Desktop Memory - AX4U3200316G16A-SR30),3290.0,INR,True,False,False,True,PcData/RAM.csv,sudhanshuy17/pccomponents
2f8539faef2ccafc1a92,ram,XPG RAM DDR4 8 GB PC DDR4 (Adata GAMIX D30 8GB 3000Mhz DDR4 U-DIMM Desktop RAM),1975.0,INR,True,False,False,True,PcData/RAM.csv,sudhanshuy17/pccomponents
9ced0f306776e9ab3fef,ram,XPG Spectrix D50 DDR4 16 GB (Dual Channel) PC (3200 MHz Desktop RAM - AX4U32008G16A- DT50),13299.0,INR,True,False,False,True,PcData/RAM.csv,sudhanshuy17/pccomponents
7232429287de0986ff31,ram,XPG SPECTRIX DDR4 16 GB (Single Channel) PC (D60G 3200Mhz),4969.0,INR,True,False,False,True,PcData/RAM.csv,sudhanshuy17/pccomponents
6170f0a6d40d0a5a05cc,ram,ZEBRONICS DDR4 8GB 2666mhz DDR4 8 GB (Quad Channel) PC (ZEB-DM26G8D4),1799.0,INR,True,False,False,True,PcData/RAM.csv,sudhanshuy17/pccomponents
e2b8336c521595433e3a,ram,zione Desktop Ram 4GB DDR4 2400 MHz (ZION ZSPZ PC2400) DDR4 4 GB PC (2400MHz),1768.0,INR,True,False,False,True,PcData/RAM.csv,sudhanshuy17/pccomponents
d5aaa3457d524218bce6,storage,"AARVEX AX650 512 GB Desktop, Laptop, Servers Internal Solid State Drive (SSD) (AX650 SATA)",2699.0,INR,True,False,False,True,PcData/StorageSSD.csv,sudhanshuy17/pccomponents
9ad643d01adf1ffa6744,storage,Acer FA100 128 GB Laptop Internal Solid State Drive (SSD) (FA100),2049.0,INR,True,False,False,True,PcData/StorageSSD.csv,sudhanshuy17/pccomponents
013ed4018d14dc5df766,storage,Acer FA100 512 GB Laptop Internal Solid State Drive (SSD) (FA100),4559.0,INR,True,False,False,True,PcData/StorageSSD.csv,sudhanshuy17/pccomponents
c15ff43f53a2b3f1f1e8,storage,Acer RE100 2.5 128 GB Laptop Internal Solid State Drive (SSD) (RE100 2.5),2253.0,INR,True,False,False,True,PcData/StorageSSD.csv,sudhanshuy17/pccomponents
311dc28900222c06ba9f,storage,Acer RE100 2.5 512 GB Laptop Internal Solid State Drive (SSD) (RE100 2.5),4567.0,INR,True,False,False,True,PcData/StorageSSD.csv,sudhanshuy17/pccomponents
9b57288dd2af936d557e,storage,Acer RE100 M.2 128 GB Laptop Internal Solid State Drive (SSD) (RE100 M.2),2163.0,INR,True,False,False,True,PcData/StorageSSD.csv,sudhanshuy17/pccomponents
65d16c65bf73f02b786f,storage,Acer RE100 M.2 256 GB Laptop Internal Solid State Drive (SSD) (RE100 M.2),2499.0,INR,True,False,False,True,PcData/StorageSSD.csv,sudhanshuy17/pccomponents
190a5da889dca52d1f77,storage,Acer RE100 M.2 512 GB Laptop Internal Solid State Drive (SSD) (RE100 M.2),4099.0,INR,True,False,False,True,PcData/StorageSSD.csv,sudhanshuy17/pccomponents
7e6eba7a3a680084fe32,storage,"Acer SA100 240 GB Laptop, Desktop Internal Solid State Drive (SSD) (SA100)",1895.0,INR,True,False,False,True,PcData/StorageSSD.csv,sudhanshuy17/pccomponents
e11595f6c4b98a9f3aad,storage,ADATA Gammix 1 TB All in One PC's Internal Solid State Drive (SSD) (GAMMIX All in One PC's Internal Solid State Drive S50 Lite AGAMMIXS50L-1T-CS),18399.0,INR,True,False,False,True,PcData/StorageSSD.csv,sudhanshuy17/pccomponents
a68342a373febfcb5636,storage,ADATA SSD 256 GB Laptop Internal Solid State Drive (SSD) (SU660),1758.0,INR,True,False,False,True,PcData/StorageSSD.csv,sudhanshuy17/pccomponents
6f4de8e9a6782b1c816c,storage,"ADATA SSD 512 GB Laptop, All in One PC's, Desktop Internal Solid State Drive (SSD) (SU660 512GB)",2850.0,INR,True,False,False,True,PcData/StorageSSD.csv,sudhanshuy17/pccomponents
d1c0c06d0ae06f513e4e,storage,ADATA SU630 240 GB Laptop Internal Solid State Drive (SSD) (ASU630SS-240GQ-R),1999.0,INR,True,False,False,True,PcData/StorageSSD.csv,sudhanshuy17/pccomponents
365c12571549623bf91c,storage,"ADATA SU650 120 GB Laptop, Desktop, All in One PC's, Servers Internal Solid State Drive (SSD) (SU650)",1575.0,INR,True,False,False,True,PcData/StorageSSD.csv,sudhanshuy17/pccomponents
2b1fce55605e6eaf699b,storage,"ADATA SU650 240 GB Laptop, Desktop, All in One PC's, Servers Internal Solid State Drive (SSD) (SU650)",1999.0,INR,True,False,False,True,PcData/StorageSSD.csv,sudhanshuy17/pccomponents
88909ddd1d462ecf8957,storage,ADATA SU650 240 GB Laptop Internal Solid State Drive (SSD) (ASU650SS-240GT-R),1690.0,INR,True,False,False,True,PcData/StorageSSD.csv,sudhanshuy17/pccomponents
1d54ee6fcd594ab415f4,storage,ADATA Ultimate SU650 120 GB Desktop Internal Solid State Drive (SSD) (SU655 M.2),2044.0,INR,True,False,False,True,PcData/StorageSSD.csv,sudhanshuy17/pccomponents
537ba4aa6d64679c8faf,storage,"ADATA Ultimate SU650 120 GB Laptop, Desktop, All in One PC's, Surveillance Systems, Servers, Network Attached Storage Internal Solid State Drive (SSD) (ASU650SS-120GT-C)",1296.0,INR,True,False,False,True,PcData/StorageSSD.csv,sudhanshuy17/pccomponents
999f6411ad266200e24b,storage,ADATA Ultimate SU650 240 GB Desktop Internal Solid State Drive (SSD) (SU655 M.2),2368.0,INR,True,False,False,True,PcData/StorageSSD.csv,sudhanshuy17/pccomponents
6c971c8a867a8d0abcbe,storage,ADATA XPG SX6000 LITE PCIe NVMe M.2 2280 128 GB Laptop Internal Solid State Drive (SSD) (ASX6000LNP-128GT-C),3298.0,INR,True,False,False,True,PcData/StorageSSD.csv,sudhanshuy17/pccomponents
96b91d4ec2e1d49d4ee8,storage,"BRYT NA 512 GB All in One PC's, Desktop, Laptop Internal Solid State Drive (SSD) (512 GB SSD M.2)",3500.0,INR,True,False,False,True,PcData/StorageSSD.csv,sudhanshuy17/pccomponents
e12d8b47060b92a6075b,storage,"BRYT PCIe NVMe Gen 3x4 SSD 512 GB Desktop, Laptop Internal Solid State Drive (SSD) (Read Speed up to 2000 MB/s & Write Speed up to 1600 MB/s)",2129.0,INR,True,False,False,True,PcData/StorageSSD.csv,sudhanshuy17/pccomponents
d70ceecc0445b27abe6a,storage,"Consistent 2.5 SATA 128 GB Laptop, Desktop Internal Solid State Drive (SSD) (CTSSD128S6 128GB SSD DRIVE)",920.0,INR,True,False,False,True,PcData/StorageSSD.csv,sudhanshuy17/pccomponents
9b6718c427c7abbc929e,storage,Consistent 5 Year Warranty 512 GB Laptop Internal Solid State Drive (SSD) (CTSSD512S6),2100.0,INR,True,False,False,True,PcData/StorageSSD.csv,sudhanshuy17/pccomponents
3e9e9fea9e0a71761c9c,storage,"Consistent CTSSD 128 GB All in One PC's, Desktop, Laptop, Network Attached Storage Internal Solid State Drive (SSD) (CT)",920.0,INR,True,False,False,True,PcData/StorageSSD.csv,sudhanshuy17/pccomponents
294bf435f8a642cbf5e2,storage,"Consistent CTSSD 128 GB Desktop, Laptop, All in One PC's Internal Solid State Drive (SSD) (CTSSD128S6)",915.0,INR,True,False,False,True,PcData/StorageSSD.csv,sudhanshuy17/pccomponents
1474171f74d8d7f7eee8,storage,"Consistent NVMe 256 GB All in One PC's, Desktop, Laptop Internal Solid State Drive (SSD) (256GB NVMe)",1590.0,INR,True,False,False,True,PcData/StorageSSD.csv,sudhanshuy17/pccomponents
d4462cc722a81756697c,storage,"Consistent S6 256 GB Laptop, All in One PC's, Desktop Internal Solid State Drive (SSD) (S6 256GB)",1250.0,INR,True,False,False,True,PcData/StorageSSD.csv,sudhanshuy17/pccomponents
2530b6a8a42fd9dd77af,storage,Consistent SOLID STATE DRIVE 256 256 GB Laptop Internal Solid State Drive (SSD) (CTSSD256S5),1250.0,INR,True,False,False,True,PcData/StorageSSD.csv,sudhanshuy17/pccomponents
72d9322ad4163f6f1787,storage,"Consistent SSD 2.5 SATA 256 GB Desktop, Laptop, All in One PC's Internal Solid State Drive (SSD) (CTSSD256S6)",1250.0,INR,True,False,False,True,PcData/StorageSSD.csv,sudhanshuy17/pccomponents
f9071366d4fbf5791696,storage,"Consistent SSD 256 GB Laptop Internal Solid State Drive (SSD) (256 GB SSD FOR DESKTOP , LAPTOP ,)",1250.0,INR,True,False,False,True,PcData/StorageSSD.csv,sudhanshuy17/pccomponents
29871206dde8495e93f4,storage,"Consistent SSD 512 GB All in One PC's, Desktop, Laptop, Network Attached Storage, Servers, Surveillance Systems Internal Solid State Drive (SSD) (512 GB SSD)",2100.0,INR,True,False,False,True,PcData/StorageSSD.csv,sudhanshuy17/pccomponents
87fcff14566521603ecb,storage,"Crucial BX500 1 TB Desktop, Laptop Internal Solid State Drive (SSD) (CT1000BX500SSD1)",4202.0,INR,True,False,False,True,PcData/StorageSSD.csv,sudhanshuy17/pccomponents
5782c0160245d52b1666,storage,Crucial BX500 240 GB All in One PC's Internal Solid State Drive (SSD) (BX500-240GB),1499.0,INR,True,False,False,True,PcData/StorageSSD.csv,sudhanshuy17/pccomponents
90059e005f3d58759735,storage,"Crucial BX500 240 GB Laptop, Desktop Internal Solid State Drive (SSD) (CT240BX500SSD1)",1419.0,INR,True,False,False,True,PcData/StorageSSD.csv,sudhanshuy17/pccomponents
3def764e02992381a865,storage,Crucial BX500 240 GB Laptop Internal Solid State Drive (SSD) (BX500 240GB 3D NAND SATA 2.5-inch SSD (CT240BX500SSD1)),1299.0,INR,True,False,False,True,PcData/StorageSSD.csv,sudhanshuy17/pccomponents
4331faaddeffee694245,storage,"Crucial BX500 3D NAND 2.5-inch 500 GB Desktop, Laptop Internal Solid State Drive (SSD) (CT500BX500SSD1)",2183.0,INR,True,False,False,True,PcData/StorageSSD.csv,sudhanshuy17/pccomponents
3779e2ab7a2b8aae1b7f,storage,"Crucial BX500 480 GB Desktop, Laptop, Servers, Network Attached Storage Internal Solid State Drive (SSD) (BX500)",2449.0,INR,True,False,False,True,PcData/StorageSSD.csv,sudhanshuy17/pccomponents
132c15e1e125ac18cda0,storage,"Crucial BX500 480 GB Laptop, Desktop Internal Solid State Drive (SSD) (CT480BX500SSD1)",2103.0,INR,True,False,False,True,PcData/StorageSSD.csv,sudhanshuy17/pccomponents
497f45eff892035218c1,storage,Crucial BX500 480 GB Laptop Internal Solid State Drive (SSD) (BX500 480GB 3D NAND SATA 2.5-inch SSD (CT480BX500SSD1)),2399.0,INR,True,False,False,True,PcData/StorageSSD.csv,sudhanshuy17/pccomponents
c8716a977c88d2bfdcaa,storage,"Crucial BX500 SATA SSD 240 GB Desktop, Laptop, All in One PC's, Network Attached Storage, Surveillance Systems, Servers Internal Solid State Drive (SSD) (BX500 240GB 2.5 INCH SATA SSD)",1449.0,INR,True,False,False,True,PcData/StorageSSD.csv,sudhanshuy17/pccomponents
6fefbcf8634312928cf5,storage,Crucial CT 1 TB Laptop Internal Solid State Drive (SSD) (MX500),6200.0,INR,True,False,False,True,PcData/StorageSSD.csv,sudhanshuy17/pccomponents
042b66e897ab0f2173a1,storage,"Crucial CT 2 TB Laptop, Desktop Internal Solid State Drive (SSD) (CT2000MX500SSD1)",11732.0,INR,True,False,False,True,PcData/StorageSSD.csv,sudhanshuy17/pccomponents
b983b42fa2fa91594409,storage,"Crucial CT 2000 GB Laptop, Desktop Internal Solid State Drive (SSD) (BX500)",9525.0,INR,True,False,False,True,PcData/StorageSSD.csv,sudhanshuy17/pccomponents
4de5672b7fb97c0e6528,storage,"Crucial CT 250 GB Laptop, Desktop Internal Solid State Drive (SSD) (2.5 inches 7mm Internal (CT250MX500SSD1))",1896.0,INR,True,False,False,True,PcData/StorageSSD.csv,sudhanshuy17/pccomponents
6b62db9d0114e652853e,storage,"Crucial CT1000P3PSSD8 1000 GB Desktop, Laptop Internal Solid State Drive (SSD) (P3 Plus PCIe 4.0 NVMe M.2 2280)",5579.0,INR,True,False,False,True,PcData/StorageSSD.csv,sudhanshuy17/pccomponents
34c0a4cc263c6974bf43,storage,"Crucial CT1000P3SSD8 1000 GB Desktop, Laptop Internal Solid State Drive (SSD) (P3 PCIe 3.0 NVMe M.2 2280)",3902.0,INR,True,False,False,True,PcData/StorageSSD.csv,sudhanshuy17/pccomponents
e7a2a630623058410969,storage,"Crucial CT2000P3PSSD8 2000 GB Desktop, Laptop Internal Solid State Drive (SSD) (P3 Plus PCIe 4.0 NVMe M.2 2280)",13999.0,INR,True,False,False,True,PcData/StorageSSD.csv,sudhanshuy17/pccomponents
e07836368b415e9a7dd6,storage,"Crucial CT2000P3SSD8 2000 GB Desktop, Laptop Internal Solid State Drive (SSD) (P3 PCIe 3.0 NVMe M.2 2280)",10265.0,INR,True,False,False,True,PcData/StorageSSD.csv,sudhanshuy17/pccomponents
9c603a589ae78b3f837a,storage,"Crucial CT4000P3PSSD8 4000 GB Desktop, Laptop Internal Solid State Drive (SSD) (P3 Plus PCIe 4.0 NVMe M.2 2280)",21827.0,INR,True,False,False,True,PcData/StorageSSD.csv,sudhanshuy17/pccomponents
20766ba49aded38fe567,storage,"Crucial CT4000P3SSD8 4000 GB Desktop, Laptop Internal Solid State Drive (SSD) (P3 PCIe 3.0 NVMe M.2 2280)",23999.0,INR,True,False,False,True,PcData/StorageSSD.csv,sudhanshuy17/pccomponents
2f0d9213a880836fc5ed,storage,"Crucial CT500P3SSD8 500 GB Desktop, Laptop Internal Solid State Drive (SSD) (P3 PCIe 3.0 NVMe M.2 2280)",2483.0,INR,True,False,False,True,PcData/StorageSSD.csv,sudhanshuy17/pccomponents
0fe2fe0e99fb0f175c3a,storage,"Crucial MX Series 500 GB Laptop, Desktop Internal Solid State Drive (SSD) (MX500)",5419.0,INR,True,False,False,True,PcData/StorageSSD.csv,sudhanshuy17/pccomponents
5ee3f40a478c6c536a84,storage,"Crucial MX500 250 GB Laptop, Desktop Internal Solid State Drive (SSD) (CT250MX500SSD4/ CT250MX500SSD1)",2424.0,INR,True,False,False,True,PcData/StorageSSD.csv,sudhanshuy17/pccomponents
694866c9c04e6449509d,storage,Crucial MX500 250 GB Laptop Internal Solid State Drive (SSD) (MX500 250GB SATA 2.5-inch 7mm Internal SSD (CT250MX500SSD1)),2499.0,INR,True,False,False,True,PcData/StorageSSD.csv,sudhanshuy17/pccomponents
716afde52262a899c502,storage,"Crucial MX500 250GB 3D NAND SATA 2.5 Inch 500 Laptop, Desktop Internal Solid State Drive (SSD) (CT500MX500SSD1)",2933.0,INR,True,False,False,True,PcData/StorageSSD.csv,sudhanshuy17/pccomponents
12c7026928d7375443c8,storage,Crucial MX500 500 GB All in One PC's Internal Solid State Drive (SSD) (MX 500),3200.0,INR,True,False,False,True,PcData/StorageSSD.csv,sudhanshuy17/pccomponents
67a2eacda02385075028,storage,"Crucial MX500 500 GB Desktop, Servers Internal Solid State Drive (SSD) (CT500MX500SSD1 3D NAND SATA)",3200.0,INR,True,False,False,True,PcData/StorageSSD.csv,sudhanshuy17/pccomponents
28c69d04067719dc9f12,storage,"Crucial MX500 500 GB Laptop, Desktop Internal Solid State Drive (SSD) (CT1000MX500SSD1)",3500.0,INR,True,False,False,True,PcData/StorageSSD.csv,sudhanshuy17/pccomponents
ab9ef2daae3a835dc697,storage,Crucial MX500 500 GB Laptop Internal Solid State Drive (SSD) (MX500 500GB 2.5-inch SSD),3200.0,INR,True,False,False,True,PcData/StorageSSD.csv,sudhanshuy17/pccomponents
443e527d32ac22567f9e,storage,"Crucial P2 1 TB Laptop, Desktop Internal Solid State Drive (SSD) (P2 NVMe CT1000P2SSD8)",7000.0,INR,True,False,False,True,PcData/StorageSSD.csv,sudhanshuy17/pccomponents
2cc9794350c0926aa87e,storage,Crucial P3 500 GB All in One PC's Internal Solid State Drive (SSD) (P3 PLUS),3300.0,INR,True,False,False,True,PcData/StorageSSD.csv,sudhanshuy17/pccomponents
f3753d4868ad17ec9ce7,storage,"Crucial P3 PCIe 3.0 NVMe M.2 2280 500 GB Desktop, Laptop Internal Solid State Drive (SSD) (CT500P3SSD8)",2690.0,INR,True,False,False,True,PcData/StorageSSD.csv,sudhanshuy17/pccomponents
a0aa715619b7271df199,storage,"Crucial P3 Plus PCIe 4.0 NVMe M.2 2280 500 GB Desktop, Laptop Internal Solid State Drive (SSD) (CT500P3PSSD8)",3499.0,INR,True,False,False,True,PcData/StorageSSD.csv,sudhanshuy17/pccomponents
32c8fe449e2310abd717,storage,"Crucial P5 Plus 2 TB Laptop, Desktop Internal Solid State Drive (SSD) (CT2000P5PSSD8)",16234.0,INR,True,False,False,True,PcData/StorageSSD.csv,sudhanshuy17/pccomponents
7779da335c6f6628361f,storage,"CYBERX Black 128 GB Laptop, Desktop Internal Solid State Drive (SSD) (Pack of 1)",1180.0,INR,True,False,False,True,PcData/StorageSSD.csv,sudhanshuy17/pccomponents
202655dac91d58a079f4,storage,"CYBERX SATA 128 GB Desktop, Laptop, All in One PC's Internal Solid State Drive (SSD) (128GB SATA)",1199.0,INR,True,False,False,True,PcData/StorageSSD.csv,sudhanshuy17/pccomponents
095f06bc56d851ef4a7a,storage,"DAHUA SATA SSD 128 GB Desktop, Laptop Internal Solid State Drive (SSD) (DHI-SSD-C800AS128G)",1199.0,INR,True,False,False,True,PcData/StorageSSD.csv,sudhanshuy17/pccomponents
0a1ea040406f81987879,storage,Etzin NA 0 GB All in One PC's Internal Solid State Drive (SSD) (PCI-E 1 to 4 PCI Express slots 16 x PCI-E riser card 1 X to 4 PCI-E adapter external PCIe slot multiplier card for Bitcoin Miner),2299.0,INR,True,False,False,True,PcData/StorageSSD.csv,sudhanshuy17/pccomponents
d5f2af0151cf306dc384,storage,"EVM 128GB M.2 NVME PCIE SSD 128 GB Laptop, Desktop Internal Solid State Drive (SSD) (128GB M.2 NVME PCIE SSD)",1300.0,INR,True,False,False,True,PcData/StorageSSD.csv,sudhanshuy17/pccomponents
f3ef44e15d25475e056d,storage,"EVM 2.5 INCH SATA 128 GB Desktop, All in One PC's, Laptop Internal Solid State Drive (SSD) (128 GB SSD SATA)",892.0,INR,True,False,False,True,PcData/StorageSSD.csv,sudhanshuy17/pccomponents
9165563b7f71098c6b79,storage,"EVM 2.5"" inch SATA. SSD 128 GB Laptop, Desktop, All in One PC's Internal Solid State Drive (SSD) (128GB SSD 2.5"" INCH SATA)",889.0,INR,True,False,False,True,PcData/StorageSSD.csv,sudhanshuy17/pccomponents
1b5e8c27d9c8655b8ec4,storage,"EVM M.2 2280 1 TB Laptop, Desktop, All in One PC's Internal Solid State Drive (SSD) (M.2 2280)",3999.0,INR,True,False,False,True,PcData/StorageSSD.csv,sudhanshuy17/pccomponents
171ae3d0f968a992a4e4,storage,EVM M.2 2280 512 GB Laptop Internal Solid State Drive (SSD) (M.2 2280 512GB SSD),2199.0,INR,True,False,False,True,PcData/StorageSSD.csv,sudhanshuy17/pccomponents
bab2acdcbde8c3fa7ffd,storage,EVM m.2 512 GB Laptop Internal Solid State Drive (SSD) (m.2),2650.0,INR,True,False,False,True,PcData/StorageSSD.csv,sudhanshuy17/pccomponents
ec9cfafe65ccf49832e9,storage,"EVM M.2 NVME 128 GB All in One PC's, Desktop, Laptop Internal Solid State Drive (SSD) (128GB NVME PCIE GEN 3x4 SSD)",1360.0,INR,True,False,False,True,PcData/StorageSSD.csv,sudhanshuy17/pccomponents
9628b6d767cb7bc11ee1,storage,"EVM M.2 NVME 512 GB Desktop, Laptop Internal Solid State Drive (SSD) (512GB M.2 NVME PCIE GEN 3x4 SSD)",2700.0,INR,True,False,False,True,PcData/StorageSSD.csv,sudhanshuy17/pccomponents
909df925693ab80f0af9,storage,"EVM NVME 1 TB Desktop, Laptop, Network Attached Storage, Surveillance Systems Internal Solid State Drive (SSD) (1TB M.2 NVME PCIE SSD)",4799.0,INR,True,False,False,True,PcData/StorageSSD.csv,sudhanshuy17/pccomponents
9c761db227c5b0ccc4fa,storage,"EVM NVME 128 GB All in One PC's, Desktop, Laptop, Network Attached Storage Internal Solid State Drive (SSD) (128 GB NVME SSD)",1699.0,INR,True,False,False,True,PcData/StorageSSD.csv,sudhanshuy17/pccomponents
8744406e5a4bbe62ba3f,storage,"EVM NVME 256 GB Desktop, Laptop Internal Solid State Drive (SSD) (256GB M.2 PCIE NVME SSD)",1600.0,INR,True,False,False,True,PcData/StorageSSD.csv,sudhanshuy17/pccomponents
372a3238d4db02c6756d,storage,"EVM NVME 256 GB Desktop, Laptop, Servers, Network Attached Storage, Surveillance Systems Internal Solid State Drive (SSD) (256GB M.2 NVME PCIE SSD)",1699.0,INR,True,False,False,True,PcData/StorageSSD.csv,sudhanshuy17/pccomponents
3e329cb437ede843a4de,storage,"EVM NVME PCIE 1 TB Desktop, Laptop, All in One PC's Internal Solid State Drive (SSD) (EVMNV/1TB)",3999.0,INR,True,False,False,True,PcData/StorageSSD.csv,sudhanshuy17/pccomponents
22304150bbb228af2037,storage,"EVM SATA 1 TB All in One PC's, Desktop, Laptop, Surveillance Systems, Network Attached Storage Internal Solid State Drive (SSD) (1TB SSD 2.5"" INCH SATA)",3765.0,INR,True,False,False,True,PcData/StorageSSD.csv,sudhanshuy17/pccomponents
b726ac137699808a5e71,storage,"EVM SATA 1 TB All in One PC's, Laptop, Desktop Internal Solid State Drive (SSD) (1TB SSD 2.5"" INCH SATA)",4199.0,INR,True,False,False,True,PcData/StorageSSD.csv,sudhanshuy17/pccomponents
5fb822f76e77c8376749,storage,"EVM SATA 256 GB All in One PC's, Desktop, Laptop Internal Solid State Drive (SSD) (256GB SATA SSD)",1250.0,INR,True,False,False,True,PcData/StorageSSD.csv,sudhanshuy17/pccomponents
e0b945dc647cc858458d,storage,"EVM sata 256 GB Desktop, All in One PC's, Laptop, Network Attached Storage, Servers, Surveillance Systems Internal Solid State Drive (SSD) (256GB SSD 2.5"" INCH SATA)",1220.0,INR,True,False,False,True,PcData/StorageSSD.csv,sudhanshuy17/pccomponents
e94f95cc17096d21dc0b,storage,"EVM SATA 512 GB All in One PC's, Desktop, Laptop Internal Solid State Drive (SSD) (256GB 2.5"" SATA SSD)",2250.0,INR,True,False,False,True,PcData/StorageSSD.csv,sudhanshuy17/pccomponents
9a10cda9d419fa2d116c,storage,"EVM SATA 512 GB Laptop, Desktop, All in One PC's Internal Solid State Drive (SSD) (SSD Internal Hard Disk SATA)",3149.0,INR,True,False,False,True,PcData/StorageSSD.csv,sudhanshuy17/pccomponents
e0099553d9b1a37b851b,storage,"EVM SATA III 128 GB Desktop, Laptop Internal Solid State Drive (SSD) (Read 550 MB/s, Write 500 MB/s)",899.0,INR,True,False,False,True,PcData/StorageSSD.csv,sudhanshuy17/pccomponents
d7a85fb94e34df3c98a6,storage,"EVM SATA III 256 GB Desktop, Laptop Internal Solid State Drive (SSD) (Read 550 MB/s, Write 500 MB/s)",1240.0,INR,True,False,False,True,PcData/StorageSSD.csv,sudhanshuy17/pccomponents
980b158411aa80e1c5f2,storage,EVM SSD 128 GB Laptop Internal Solid State Drive (SSD) (SSD 128GB WIth Caddy 9.5MM),1140.0,INR,True,False,False,True,PcData/StorageSSD.csv,sudhanshuy17/pccomponents
4433c7b39c977062fb6a,storage,"EVM SSD 256 GB Desktop, Laptop Internal Solid State Drive (SSD) (256GB)",1199.0,INR,True,False,False,True,PcData/StorageSSD.csv,sudhanshuy17/pccomponents
1a5d6a6077f017b0b6c3,storage,"EVM SSD 256 GB Laptop, Desktop, All in One PC's Internal Solid State Drive (SSD) (SSD 256GB M.2 2280)",1299.0,INR,True,False,False,True,PcData/StorageSSD.csv,sudhanshuy17/pccomponents
c2f6ba2ccb3a286c6146,storage,EVM SSD 256 GB Laptop Internal Solid State Drive (SSD) (SSD 256GB WIth Caddy 12.7MM),1450.0,INR,True,False,False,True,PcData/StorageSSD.csv,sudhanshuy17/pccomponents
09b994012c6e0947da52,storage,EVM SSD 256 GB Laptop Internal Solid State Drive (SSD) (SSD 256GB WIth Caddy 9.5MM),1440.0,INR,True,False,False,True,PcData/StorageSSD.csv,sudhanshuy17/pccomponents
d709f33f47ab8e1d9949,storage,"EVM SSD 512 GB All in One PC's, Desktop, Laptop, Network Attached Storage Internal Solid State Drive (SSD) (512GB SSD 2.5')",2050.0,INR,True,False,False,True,PcData/StorageSSD.csv,sudhanshuy17/pccomponents
081425b0b20c0f2c25b0,storage,"EXPERTRONICS Pro 128 GB Laptop, All in One PC's Internal Solid State Drive (SSD) (Consistent 128GB SSD with 9.5 MM Caddy)",1095.0,INR,True,False,False,True,PcData/StorageSSD.csv,sudhanshuy17/pccomponents
128d694603be612f6510,storage,"EXPERTRONICS Pro 256 GB Laptop, All in One PC's Internal Solid State Drive (SSD) (Consistent SSD 256GB WIth Caddy 9.5MM)",1440.0,INR,True,False,False,True,PcData/StorageSSD.csv,sudhanshuy17/pccomponents
885334efdca2f0fa03e4,storage,EXPERTRONICS WD Green with Caddy 9.5 MM 240 GB Laptop Internal Solid State Drive (SSD) (WDS240G3G0A),1739.0,INR,True,False,False,True,PcData/StorageSSD.csv,sudhanshuy17/pccomponents
536b3ba731929f22ca81,storage,EXPERTRONICS WD Green with Caddy 9.5 MM 480 GB Laptop Internal Solid State Drive (SSD) (WDS480G3G0A),2870.0,INR,True,False,False,True,PcData/StorageSSD.csv,sudhanshuy17/pccomponents
3be8ad27b3dc80fb0cf1,storage,"Foxin 128 Turbo 128 GB Laptop, Desktop Internal Solid State Drive (SSD) (FOX_SSD_128)",899.0,INR,True,False,False,True,PcData/StorageSSD.csv,sudhanshuy17/pccomponents
85f2649219b3e7f4c014,storage,"Frontech Internal SSD 128 GB All in One PC's, Desktop, Laptop, Surveillance Systems Internal Solid State Drive (SSD) (SSD 0026)",1149.0,INR,True,False,False,True,PcData/StorageSSD.csv,sudhanshuy17/pccomponents
0384e7c9c0e9f824b6ce,storage,Frontech SSD-0015 512 GB Desktop Internal Solid State Drive (SSD) (SSD-0015),1989.0,INR,True,False,False,True,PcData/StorageSSD.csv,sudhanshuy17/pccomponents
f82afa40fb38d69e7a0e,storage,Frontech SSD-0029 256 GB Desktop Internal Solid State Drive (SSD) (Form Factor: M.2),1449.0,INR,True,False,False,True,PcData/StorageSSD.csv,sudhanshuy17/pccomponents
83b01d6837f4177bc72b,storage,"Frontech SSD-0042 128 GB Desktop Internal Solid State Drive (SSD) (128GB Internal SSD, 2.5 SATA3, TLC+SMI, Low Energy Consumption,)",859.0,INR,True,False,False,True,PcData/StorageSSD.csv,sudhanshuy17/pccomponents
4408cc33beeef567b0cf,storage,"GEONIX 1 128 GB Desktop, Laptop Internal Solid State Drive (SSD) (Gx 128GB SSD GOLD)",840.0,INR,True,False,False,True,PcData/StorageSSD.csv,sudhanshuy17/pccomponents
14f455a7c7c4aeebce57,storage,"GEONIX 1 256 GB Laptop, Desktop Internal Solid State Drive (SSD) (256GB GOLDEDITION)",1175.0,INR,True,False,False,True,PcData/StorageSSD.csv,sudhanshuy17/pccomponents
09b439f47e2316f5f058,storage,"GEONIX M.2 SSD 256 GB Desktop, Laptop Internal Solid State Drive (SSD) (SUPERSONIC256 M.2)",1234.0,INR,True,False,False,True,PcData/StorageSSD.csv,sudhanshuy17/pccomponents
fa6053cec35635a3d747,storage,"GEONIX M.2 SSD 512 GB Desktop, Laptop Internal Solid State Drive (SSD) (SUPERSONIC512 M.2)",1940.0,INR,True,False,False,True,PcData/StorageSSD.csv,sudhanshuy17/pccomponents
f8c17023b4751be03116,storage,"GEONIX NVMe 256 GB Laptop, Desktop Internal Solid State Drive (SSD) (SUPERSONIC256 NVMe)",1489.0,INR,True,False,False,True,PcData/StorageSSD.csv,sudhanshuy17/pccomponents
1bfdea54cd64dc6d2a8b,storage,"GEONIX SSD GOLD 1 TB Desktop, Laptop, All in One PC's Internal Solid State Drive (SSD) (SUPERSONIC1024GB)",3490.0,INR,True,False,False,True,PcData/StorageSSD.csv,sudhanshuy17/pccomponents
f417e8bf7f6f8447fdaf,storage,"GEONIX SUPERSONIC GOLD EDITION 256 GB All in One PC's, Desktop, Laptop Internal Solid State Drive (SSD) (SATA III 3.0)",1140.0,INR,True,False,False,True,PcData/StorageSSD.csv,sudhanshuy17/pccomponents
553540ed9b014de3d155,storage,"GEONIX Ultra Durable 120 GB Desktop, Laptop Internal Solid State Drive (SSD) (SUPERSONIC 120)",1135.0,INR,True,False,False,True,PcData/StorageSSD.csv,sudhanshuy17/pccomponents
91f70c69a106f371a9ed,storage,"GIGABYTE Black 120 GB Laptop, Desktop Internal Solid State Drive (SSD) (GP-GSTFS31120GNTD)",1749.0,INR,True,False,False,True,PcData/StorageSSD.csv,sudhanshuy17/pccomponents
437fa3b4e4d4810ebfb3,storage,GIGABYTE M30 SSD 1TB 1 TB Desktop Internal Solid State Drive (SSD) (GP-GM301TB-G),10799.0,INR,True,False,False,True,PcData/StorageSSD.csv,sudhanshuy17/pccomponents
8d629baa9d022c1ba090,storage,GIGABYTE NA 512 GB Desktop Internal Solid State Drive (SSD) (GP-GSM2NE3512GNTD),5067.0,INR,True,False,False,True,PcData/StorageSSD.csv,sudhanshuy17/pccomponents
334fd685a625e7b41adf,storage,GIGABYTE NVMe SSD 1TB 1 TB Desktop Internal Solid State Drive (SSD) (GP-GSM2NE3100TNTD),9499.0,INR,True,False,False,True,PcData/StorageSSD.csv,sudhanshuy17/pccomponents
52281374c1e6d6663f64,storage,GIGABYTE SATA 2.5 Inch 240 GB Desktop Internal Solid State Drive (SSD) (GP-GSTFS31240GNTD),1549.0,INR,True,False,False,True,PcData/StorageSSD.csv,sudhanshuy17/pccomponents
7dcb9f0782eb72096c0e,storage,"GIGABYTE SATA 240 GB Laptop, All in One PC's, Desktop Internal Solid State Drive (SSD) ((GP-GSTFS31240GNTD)",1799.0,INR,True,False,False,True,PcData/StorageSSD.csv,sudhanshuy17/pccomponents
12c4214a2474310daff4,storage,"GIGABYTE SATA SSD 480 GB Desktop, Laptop, All in One PC's Internal Solid State Drive (SSD) (GP-GSTFS31480GNTD)",2299.0,INR,True,False,False,True,PcData/StorageSSD.csv,sudhanshuy17/pccomponents
8db69dd43172e6e3df4f,storage,GIGABYTE SSD 1TB SATA 1 TB Desktop Internal Solid State Drive (SSD) (GP-GSTFS31100TNTD),8299.0,INR,True,False,False,True,PcData/StorageSSD.csv,sudhanshuy17/pccomponents
a9c92604db9166ba2449,storage,HASTHIP SSD 256 GB All in One PC's Internal Solid State Drive (SSD) (NVME M.2 SSD 256GB SSD M.2 2280 SATA III 6Gb/s Internal Solid State),2099.0,INR,True,False,False,True,PcData/StorageSSD.csv,sudhanshuy17/pccomponents
3ee3379c657252d88a78,storage,HASTHIP SSD 512 GB All in One PC's Internal Solid State Drive (SSD) (NVME M.2 SSD 512GB SSD M.2 2280 PCIe NVMe 3.0 x4 3D NAND Internal Solid),4299.0,INR,True,False,False,True,PcData/StorageSSD.csv,sudhanshuy17/pccomponents
fae51cb93cadf2fb7137,storage,"HIKVISION E100 SATA SSD 128 GB Desktop, Laptop Internal Solid State Drive (SSD) (HS-SSD-E100)",1550.0,INR,True,False,False,True,PcData/StorageSSD.csv,sudhanshuy17/pccomponents
939d55ef7ea667172382,storage,HP EX900 250GB NVME 250 GB Laptop Internal Solid State Drive (SSD) (2YY43AA#ABC),2596.0,INR,True,False,False,True,PcData/StorageSSD.csv,sudhanshuy17/pccomponents
78a87fbf187279c61189,storage,HP EX900 M.2 120GB PCIe 3.1 x 4 NVMe 3D TLC NAND Internal Solid State Drive 120 GB Laptop Internal Solid State Drive (SSD) (2YY42AA#ABC),2049.0,INR,True,False,False,True,PcData/StorageSSD.csv,sudhanshuy17/pccomponents
445bd50f273281452308,storage,HP EX900 M.2 PCIe 3.1 x4 NVMe 3D TLC NAND 500 GB Laptop Internal Solid State Drive (SSD) (2YY44AA#ABC),3416.0,INR,True,False,False,True,PcData/StorageSSD.csv,sudhanshuy17/pccomponents
418ee99fa9c3d8ff9b43,storage,HP HP EX900 250 GB Laptop Internal Solid State Drive (SSD) (EX900 - 250 GB),2595.0,INR,True,False,False,True,PcData/StorageSSD.csv,sudhanshuy17/pccomponents
ae021ef6f990a84c87a0,storage,"HP HP S650 2.5"" 240 GB Laptop, Desktop, All in One PC's Internal Solid State Drive (SSD) (S650 2.5""- 240 GB)",1999.0,INR,True,False,False,True,PcData/StorageSSD.csv,sudhanshuy17/pccomponents
033b28f311221de72ca5,storage,"HP HP S650 2.5"" 480 GB Laptop Internal Solid State Drive (SSD) (S650 2.5""- 480 GB)",3200.0,INR,True,False,False,True,PcData/StorageSSD.csv,sudhanshuy17/pccomponents
88316cf50b344db64329,storage,"HP S Series 250 GB Laptop, All in One PC's Internal Solid State Drive (SSD) (2DP98AA#ABC)",2600.0,INR,True,False,False,True,PcData/StorageSSD.csv,sudhanshuy17/pccomponents
0df261073fe6fdce0381,storage,HP S600 2.5 120 GB Laptop Internal Solid State Drive (SSD) (4FZ32AA#ABB),1800.0,INR,True,False,False,True,PcData/StorageSSD.csv,sudhanshuy17/pccomponents
cad24489fc8dae6d5d7f,storage,"HP S600 240 GB Laptop, Desktop Internal Solid State Drive (SSD) (4YH54PA)",2090.0,INR,True,False,False,True,PcData/StorageSSD.csv,sudhanshuy17/pccomponents
b4cb32841a98db3f0b00,storage,"HP S650 240 GB Laptop, Desktop, Surveillance Systems, All in One PC's Internal Solid State Drive (SSD) (S650)",1970.0,INR,True,False,False,True,PcData/StorageSSD.csv,sudhanshuy17/pccomponents
87d870cb3ab217812323,storage,"HP S700 120 GB Laptop, Desktop Internal Solid State Drive (SSD) (S700-120GB)",2395.0,INR,True,False,False,True,PcData/StorageSSD.csv,sudhanshuy17/pccomponents
f22594008abb9df04582,storage,"HP S700 120 GB Laptop, Desktop Internal Solid State Drive (SSD) (SSD S700 M.2 120GB)",1599.0,INR,True,False,False,True,PcData/StorageSSD.csv,sudhanshuy17/pccomponents
339c04496675330edb2a,storage,"HP S700 2.5 500 GB Laptop, Desktop Internal Solid State Drive (SSD) (2DP99AA#ABB)",3316.0,INR,True,False,False,True,PcData/StorageSSD.csv,sudhanshuy17/pccomponents
bad96450c226ea1cc2a4,storage,"HP S700 250 GB Laptop, Desktop Internal Solid State Drive (SSD) (4YH56PA)",2600.0,INR,True,False,False,True,PcData/StorageSSD.csv,sudhanshuy17/pccomponents
ae2bdada5d2ac27b36ba,storage,"HP S700 250 GB Laptop, Desktop Internal Solid State Drive (SSD) (4YH59PA)",2499.0,INR,True,False,False,True,PcData/StorageSSD.csv,sudhanshuy17/pccomponents
62a1d6dfa722ac58bcbe,storage,"HP S700 500 GB Laptop, Desktop Internal Solid State Drive (SSD) (4YH57PA)",4464.0,INR,True,False,False,True,PcData/StorageSSD.csv,sudhanshuy17/pccomponents
cf2b299025d5954c5c1f,storage,"HP S700 500 GB Laptop, Desktop Internal Solid State Drive (SSD) (S700-500GB)",3595.0,INR,True,False,False,True,PcData/StorageSSD.csv,sudhanshuy17/pccomponents
efe3250c79207a11f1a8,storage,HP S700 Pro 1 TB All in One PC's Internal Solid State Drive (SSD) (S700-1TB),6999.0,INR,True,False,False,True,PcData/StorageSSD.csv,sudhanshuy17/pccomponents
37b7b0a7876f451d0059,storage,"HP S750 SATA 2.5"" SSD, 512 GB Laptop, Desktop Internal Solid State Drive (SSD) (S750 3D NAND 512GB)",3850.0,INR,True,False,False,True,PcData/StorageSSD.csv,sudhanshuy17/pccomponents
24a19fbf992dce505766,storage,"HP S750 SSD , SATA 2.5"" 256 GB Desktop, Laptop Internal Solid State Drive (SSD) (S750 3D NAND 256GB)",1999.0,INR,True,False,False,True,PcData/StorageSSD.csv,sudhanshuy17/pccomponents
ba744f5b2f03ef9ca26d,storage,"HP SSD S700 2.5 (4YH56PA) 250 GB All in One PC's, Laptop, Desktop Internal Solid State Drive (SSD) (SSD S700 2.5 (4YH56PA))",2052.0,INR,True,False,False,True,PcData/StorageSSD.csv,sudhanshuy17/pccomponents
05793cf2cea483c8b1b0,storage,HyperX Fury RGB 960 GB Desktop Internal Solid State Drive (SSD) (SHFR200/960GIN),19700.0,INR,True,False,False,True,PcData/StorageSSD.csv,sudhanshuy17/pccomponents
6a5b8601b875aa209120,storage,"Intex Panther 256 GB Desktop, Laptop, All in One PC's Internal Solid State Drive (SSD) (Panther 256-2.5"")",1499.0,INR,True,False,False,True,PcData/StorageSSD.csv,sudhanshuy17/pccomponents
9b773f9cb5de39accf47,storage,"Intex SATA 256 GB All in One PC's, Desktop, Laptop, Surveillance Systems Internal Solid State Drive (SSD) (PANTHER 256GB SATA SSD)",1449.0,INR,True,False,False,True,PcData/StorageSSD.csv,sudhanshuy17/pccomponents
b7c9a2080175f52db628,storage,"KingSpec SATA III 120 GB Desktop, Laptop Internal Solid State Drive (SSD) (ORIGNAL BRAND)",1099.0,INR,True,False,False,True,PcData/StorageSSD.csv,sudhanshuy17/pccomponents
63a0b76131a461f9145a,storage,"KINGSTON 400 240 GB Laptop, All in One PC's, Desktop Internal Solid State Drive (SSD) (240)",2999.0,INR,True,False,False,True,PcData/StorageSSD.csv,sudhanshuy17/pccomponents
7a7a797c25363a180256,storage,"KINGSTON A 400 240 GB All in One PC's, Desktop, Laptop Internal Solid State Drive (SSD) (SA400S37)",1800.0,INR,True,False,False,True,PcData/StorageSSD.csv,sudhanshuy17/pccomponents
1bd5cd897c0299637cf2,storage,"KINGSTON A2000 M.2 2280 NVMe PCIe Interface 500 GB Desktop, Laptop Internal Solid State Drive (SSD) (SA2000M8-500G)",4900.0,INR,True,False,False,True,PcData/StorageSSD.csv,sudhanshuy17/pccomponents
41fc859517f0ff13af94,storage,KINGSTON A2000 NVME 250 GB Laptop Internal Solid State Drive (SSD) (SA2000M8/250G),3240.0,INR,True,False,False,True,PcData/StorageSSD.csv,sudhanshuy17/pccomponents
06348f55c579b54255c1,storage,"KINGSTON A400 120 GB Desktop, Laptop, All in One PC's, Servers Internal Solid State Drive (SSD) (SA400S37/120G)",2289.0,INR,True,False,False,True,PcData/StorageSSD.csv,sudhanshuy17/pccomponents
ae9e522c9860c4f7c373,storage,"KINGSTON A400 240 GB Laptop, Desktop Internal Solid State Drive (SSD) (SA400S37/240G)",1950.0,INR,True,False,False,True,PcData/StorageSSD.csv,sudhanshuy17/pccomponents
59e79a7e4a3d8fa4195d,storage,"KINGSTON A400 240 GB Laptop, Desktop Internal Solid State Drive (SSD) (SA400S37/240GIN)",1699.0,INR,True,False,False,True,PcData/StorageSSD.csv,sudhanshuy17/pccomponents
98484113ffc8ec027632,storage,KINGSTON A400 240 GB Laptop Internal Solid State Drive (SSD) (A400),2600.0,INR,True,False,False,True,PcData/StorageSSD.csv,sudhanshuy17/pccomponents
fa8bc4990c2f35e92492,storage,"KINGSTON A400 480 GB Desktop, All in One PC's Internal Solid State Drive (SSD) (SA400S37/480G)",2699.0,INR,True,False,False,True,PcData/StorageSSD.csv,sudhanshuy17/pccomponents
91c4b487d5e6fd90b3f0,storage,"KINGSTON A400 480 GB Laptop, Desktop Internal Solid State Drive (SSD) (A400 480GB SSD)",2359.0,INR,True,False,False,True,PcData/StorageSSD.csv,sudhanshuy17/pccomponents
5041524d410015517d8a,storage,"KINGSTON A400 480 GB Laptop, Desktop Internal Solid State Drive (SSD) (SSD 480GB A400 10X)",2600.0,INR,True,False,False,True,PcData/StorageSSD.csv,sudhanshuy17/pccomponents
b8723b527512499cc532,storage,"KINGSTON A400 960 GB Laptop, Desktop Internal Solid State Drive (SSD) (SA400S37/960GIN)",4549.0,INR,True,False,False,True,PcData/StorageSSD.csv,sudhanshuy17/pccomponents
1420ac7e2cc601c0f8ad,storage,"KINGSTON NV2 250 GB Laptop, Desktop, All in One PC's Internal Solid State Drive (SSD) (NV2 PCIe 4.0 NVMe SSD)",2450.0,INR,True,False,False,True,PcData/StorageSSD.csv,sudhanshuy17/pccomponents
d43c917b4b1bec60e8c0,storage,"KINGSTON SATA 240 GB Laptop, Desktop Internal Solid State Drive (SSD) (A400 -SA400S37/240GIN)",1700.0,INR,True,False,False,True,PcData/StorageSSD.csv,sudhanshuy17/pccomponents
a9aef8d9c22c19142934,storage,"KINGSTON SATA 480 GB Laptop, Desktop Internal Solid State Drive (SSD) (A400-SA400S37/480GIN)",2500.0,INR,True,False,False,True,PcData/StorageSSD.csv,sudhanshuy17/pccomponents
b0f8fa45f945ab02607c,storage,KINGSTON SSD NV2 4.0 500 GB Desktop Internal Solid State Drive (SSD) (SNV2S/500G),2750.0,INR,True,False,False,True,PcData/StorageSSD.csv,sudhanshuy17/pccomponents
386445f73b09669c19c3,storage,KITECH KTNG 128 GB Laptop Internal Solid State Drive (SSD) (KTNG128 GB),899.0,INR,True,False,False,True,PcData/StorageSSD.csv,sudhanshuy17/pccomponents
62e2f9c0dc9e999bd664,storage,KITECH KTNV 256 GB Laptop Internal Solid State Drive (SSD) (KTNV 256 GB),1499.0,INR,True,False,False,True,PcData/StorageSSD.csv,sudhanshuy17/pccomponents
44557c958b96fc480c60,storage,KITECH KTNV 512 GB Laptop Internal Solid State Drive (SSD) (KTNV 512 GB),2199.0,INR,True,False,False,True,PcData/StorageSSD.csv,sudhanshuy17/pccomponents
03c4ee20bd0d64adf2c7,storage,KITECH KTS100 2.5 Inch 128 GB Desktop Internal Solid State Drive (SSD) (KTS100),689.0,INR,True,False,False,True,PcData/StorageSSD.csv,sudhanshuy17/pccomponents
0323eeeb53f48745c9f7,storage,KITECH KTS200 256 GB Desktop Internal Solid State Drive (SSD) (KTS200),1099.0,INR,True,False,False,True,PcData/StorageSSD.csv,sudhanshuy17/pccomponents
098a5f997b73e80c8a0c,storage,KRYSTAA KST 120 GB Desktop Internal Solid State Drive (SSD) (KST-SSD120GA),1325.0,INR,True,False,False,True,PcData/StorageSSD.csv,sudhanshuy17/pccomponents
1d09e40376824ff1165e,storage,LAPCARE 890605686756 240 GB Desktop Internal Solid State Drive (SSD) (SATAN SSD 240),2999.0,INR,True,False,False,True,PcData/StorageSSD.csv,sudhanshuy17/pccomponents
d1107c4399ed296f1e7d,storage,LAPCARE GEN3 512 GB Laptop Internal Solid State Drive (SSD) (LAPDISC),2569.0,INR,True,False,False,True,PcData/StorageSSD.csv,sudhanshuy17/pccomponents
184d5da158cab00c63cc,storage,"LAPCARE LPSSD128GB 128 GB Laptop, Desktop Internal Solid State Drive (SSD) (Lapdisc 128GB 2.5"" SATA SSD Compatible With Desktop & Laptop)",1499.0,INR,True,False,False,True,PcData/StorageSSD.csv,sudhanshuy17/pccomponents
3a64186eb7b7674075f1,storage,"LAPCARE LPSSD256GB 256 GB Laptop Internal Solid State Drive (SSD) (LAPDISC 2.5"" SATA SSD)",1549.0,INR,True,False,False,True,PcData/StorageSSD.csv,sudhanshuy17/pccomponents
34a17690d478b51e16d6,storage,LAPCARE NVME 128 GB Laptop Internal Solid State Drive (SSD) (LAPDISC128),1689.0,INR,True,False,False,True,PcData/StorageSSD.csv,sudhanshuy17/pccomponents
85f0aee5a8e7d7c73a3d,storage,LAPCARE Nvme 256 GB Laptop Internal Solid State Drive (SSD) (LAPDISC 2280 NVME PCIe gen 3 256GB),2489.0,INR,True,False,False,True,PcData/StorageSSD.csv,sudhanshuy17/pccomponents
0c785c88aec26ae51df1,storage,"LAPCARE Sata 256 GB All in One PC's, Desktop, Laptop Internal Solid State Drive (SSD) (2.5 INCH SATA SSD 256GB for Desktop & Laptop (L0SDAS7503))",1899.0,INR,True,False,False,True,PcData/StorageSSD.csv,sudhanshuy17/pccomponents
d838eab2e04c84ba4eac,storage,Lexar NM610 250 GB Laptop Internal Solid State Drive (SSD) (NM610),2799.0,INR,True,False,False,True,PcData/StorageSSD.csv,sudhanshuy17/pccomponents
48696184381d9e837cc0,storage,Lexar NM610 (NVME) 500 GB Laptop Internal Solid State Drive (SSD) (NM610 (NVME)),4599.0,INR,True,False,False,True,PcData/StorageSSD.csv,sudhanshuy17/pccomponents
3c6264577528473d2384,storage,"Lexar NM620 256 GB Laptop, Desktop Internal Solid State Drive (SSD) (LNM620X256G-RNNNG)",2100.0,INR,True,False,False,True,PcData/StorageSSD.csv,sudhanshuy17/pccomponents
73bbb81778226962c9cd,storage,"Lexar NM620 512 GB Laptop, Desktop Internal Solid State Drive (SSD) (LNM620X512G-RNNNG)",3499.0,INR,True,False,False,True,PcData/StorageSSD.csv,sudhanshuy17/pccomponents
295395aa38db8815d9b4,storage,"Lexar NS10 Lite 120 GB Laptop, Desktop Internal Solid State Drive (SSD) (LNS10LT-120BCN)",985.0,INR,True,False,False,True,PcData/StorageSSD.csv,sudhanshuy17/pccomponents
809a0786f812ed499817,storage,"Lexar NS10 Lite 240 GB Laptop, Desktop Internal Solid State Drive (SSD) (LNS10LT-240BCN)",1799.0,INR,True,False,False,True,PcData/StorageSSD.csv,sudhanshuy17/pccomponents
7258f2ab469f8a37b013,storage,"Lexar NS10 Lite 480 GB Laptop, Desktop Internal Solid State Drive (SSD) (LNS10LT-480BCN)",2599.0,INR,True,False,False,True,PcData/StorageSSD.csv,sudhanshuy17/pccomponents
a734cfa979af46da15c9,storage,"Matrix M.2 SOLID STATE DRIVE 128 GB Desktop, Laptop, All in One PC's Internal Solid State Drive (SSD) (ST-VLW128G)",779.0,INR,True,False,False,True,PcData/StorageSSD.csv,sudhanshuy17/pccomponents
c47faf52a28822fa529d,storage,"Matrix SATA III 128 GB Desktop, Laptop, All in One PC's Internal Solid State Drive (SSD) (SST128GA-L)",799.0,INR,True,False,False,True,PcData/StorageSSD.csv,sudhanshuy17/pccomponents
fd11e7b4fc2f1a473c6e,storage,"MILLENNIUM TECHNOLOGY 128gb 2.5"" Solid State Drive 128 GB Laptop, Desktop, Surveillance Systems Internal Solid State Drive (SSD) (MIL25/128GB)",869.0,INR,True,False,False,True,PcData/StorageSSD.csv,sudhanshuy17/pccomponents
befb051d51d5b43a75d8,storage,"MSI SATA 240 GB Desktop, All in One PC's, Laptop Internal Solid State Drive (SSD) (Spatium S270)",1925.0,INR,True,False,False,True,PcData/StorageSSD.csv,sudhanshuy17/pccomponents
97515129d52cb0af6dee,storage,"MSI SATA SSD 120 GB Desktop, Laptop, All in One PC's Internal Solid State Drive (SSD) (SPATIUM S270 SATA 2.5"")",1399.0,INR,True,False,False,True,PcData/StorageSSD.csv,sudhanshuy17/pccomponents
3617dc9aeaf993d298ed,storage,MSI SPATIUM 1 TB Desktop Internal Solid State Drive (SSD) (SPATIUM M390 NVMe),10499.0,INR,True,False,False,True,PcData/StorageSSD.csv,sudhanshuy17/pccomponents
ce9144bf4792e8230171,storage,MSI SPATIUM 1 TB Desktop Internal Solid State Drive (SSD) (SPATIUM M450 PCIe 4.0 NVMe),10499.0,INR,True,False,False,True,PcData/StorageSSD.csv,sudhanshuy17/pccomponents
e55c84b10055b136be4f,storage,MSI SPATIUM 500 GB Desktop Internal Solid State Drive (SSD) (SPATIUM M450 PCIe 4.0 NVMe),5799.0,INR,True,False,False,True,PcData/StorageSSD.csv,sudhanshuy17/pccomponents
4b864418eac0240e91b2,storage,"MSI SPATIUM M461 1 TB Laptop, Desktop, All in One PC's Internal Solid State Drive (SSD) (S78-440L1D0-P83)",5550.0,INR,True,False,False,True,PcData/StorageSSD.csv,sudhanshuy17/pccomponents
4b44f396e9b61098f48d,storage,"MU ENTERPRISES SD26 256 GB All in One PC's, Desktop, Laptop Internal Solid State Drive (SSD) (256GB SATA SSD)",1519.0,INR,True,False,False,True,PcData/StorageSSD.csv,sudhanshuy17/pccomponents
0621c3e5633d089511ff,storage,"MU ENTERPRISES SD26 256 GB All in One PC's, Desktop, Laptop Internal Solid State Drive (SSD) (SSD256GB)",1396.0,INR,True,False,False,True,PcData/StorageSSD.csv,sudhanshuy17/pccomponents
202d55dbb4516826a638,storage,"MU ENTERPRISES SD52 512 GB Desktop, Laptop, All in One PC's Internal Solid State Drive (SSD) (512GB SATA)",1800.0,INR,True,False,False,True,PcData/StorageSSD.csv,sudhanshuy17/pccomponents
bc1c29571f17bbd2a0ba,storage,"MU ENTERPRISES SD52 512 GB Laptop, All in One PC's, Desktop Internal Solid State Drive (SSD) (SSD512)",2599.0,INR,True,False,False,True,PcData/StorageSSD.csv,sudhanshuy17/pccomponents
f5d199efca966308dec3,storage,"PACIFIC INTERNATIONAL Straight Drive 128 GB Desktop, Laptop, Servers Internal Solid State Drive (SSD) (PI SATA BLACK 128 GB Internal SSD Solid State Drive - SATA 6Gb/s 2.5 inches)",749.0,INR,True,False,False,True,PcData/StorageSSD.csv,sudhanshuy17/pccomponents
0555f0556763e89a18df,storage,PACIFIC INTERNATIONAL Straight Drive 256 GB All in One PC's Internal Solid State Drive (SSD) (PI SATA BLACK 256 GB Internal SSD Solid State Drive - SATA 6Gb/s 2.5 inches),1049.0,INR,True,False,False,True,PcData/StorageSSD.csv,sudhanshuy17/pccomponents
87114796e3659a151690,storage,PNY NA 120 GB Desktop Internal Solid State Drive (SSD) (CS900 2.5),3152.0,INR,True,False,False,True,PcData/StorageSSD.csv,sudhanshuy17/pccomponents
746f97c5a951518f7eb2,storage,PNY NA 240 GB Desktop Internal Solid State Drive (SSD) (CS900 2.5),2709.0,INR,True,False,False,True,PcData/StorageSSD.csv,sudhanshuy17/pccomponents
4a6795f4bc19405c3d3f,storage,"PNY NA 512 GB Laptop, Desktop Internal Solid State Drive (SSD) (CS1031 M.2)",6399.0,INR,True,False,False,True,PcData/StorageSSD.csv,sudhanshuy17/pccomponents
eae0f50822322200596c,storage,"PNY NVME 256 GB Laptop, Desktop, Servers, All in One PC's Internal Solid State Drive (SSD) (CS1031 NVMe Gen3x4 SSD- 256GB)",2599.0,INR,True,False,False,True,PcData/StorageSSD.csv,sudhanshuy17/pccomponents
71566531d2308dded053,storage,"PNY NVME 500 GB Laptop, Desktop, Servers, All in One PC's Internal Solid State Drive (SSD) (CS1031 500GB M.2 NVMe PCIe Gen3 x4 Internal Solid State Drive (SSD))",3599.0,INR,True,False,False,True,PcData/StorageSSD.csv,sudhanshuy17/pccomponents
a6cd8acebfb295564bdc,storage,"powerx NE1000 512 GB All in One PC's, Desktop, Laptop Internal Solid State Drive (SSD) (M.2. PCIE NVMe)",2750.0,INR,True,False,False,True,PcData/StorageSSD.csv,sudhanshuy17/pccomponents
51f65f8a4b15f15ab60d,storage,"powerx SS1000 256 GB All in One PC's, Desktop, Laptop Internal Solid State Drive (SSD) (256GB)",1350.0,INR,True,False,False,True,PcData/StorageSSD.csv,sudhanshuy17/pccomponents
e0bd4eeaea8a8b47567a,storage,"powerx SS1000 512 GB All in One PC's, Desktop, Laptop Internal Solid State Drive (SSD) (512GB)",2350.0,INR,True,False,False,True,PcData/StorageSSD.csv,sudhanshuy17/pccomponents
ee055cb28e70d49c6dcd,storage,prass SUPERSONIC 120 GB Laptop Internal Solid State Drive (SSD) (GEONIX S FOR LAPTOP & DESKTOP),1199.0,INR,True,False,False,True,PcData/StorageSSD.csv,sudhanshuy17/pccomponents
9a26f29a6e53d5650510,storage,Punta PLUS 128 GB Desktop Internal Solid State Drive (SSD) (PSSD128PLUS),999.0,INR,True,False,False,True,PcData/StorageSSD.csv,sudhanshuy17/pccomponents
5cb177d60f98041fb2ad,storage,"Punta SSD 128 GB All in One PC's, Desktop, Laptop, Servers Internal Solid State Drive (SSD) (SSD 128 GB PLUS)",999.0,INR,True,False,False,True,PcData/StorageSSD.csv,sudhanshuy17/pccomponents
79635456eb8efae3c894,storage,"Punta SSD 256 GB All in One PC's, Desktop, Laptop, Servers Internal Solid State Drive (SSD) (SSD 256 GB PLUS)",1931.0,INR,True,False,False,True,PcData/StorageSSD.csv,sudhanshuy17/pccomponents
4ddfc803977dcc5edf01,storage,"SAMSUNG 850 EVO M.2 500 GB Desktop, Laptop Internal Solid State Drive (SSD) (MZ-N5E500BW)",13679.0,INR,True,False,False,True,PcData/StorageSSD.csv,sudhanshuy17/pccomponents
0f656370a66400025342,storage,"SAMSUNG 860 EVO 1 TB Laptop, Desktop Internal Solid State Drive (SSD) (MZ-N6E1T0BW)",11908.0,INR,True,False,False,True,PcData/StorageSSD.csv,sudhanshuy17/pccomponents
7fae0419bbbbaef00f2a,storage,"SAMSUNG 860 Evo 2 TB Laptop, Desktop Internal Solid State Drive (SSD) (MZ-76E2T0BW)",23184.0,INR,True,False,False,True,PcData/StorageSSD.csv,sudhanshuy17/pccomponents
9e0b816fc0752cee048e,storage,"SAMSUNG 860 EVO 250 GB Laptop, All in One PC's, Desktop Internal Solid State Drive (SSD) (MZ-N6E250BW)",4377.0,INR,True,False,False,True,PcData/StorageSSD.csv,sudhanshuy17/pccomponents
f8db4de540f3227069ca,storage,SAMSUNG 860 Pro 1 TB Laptop Internal Solid State Drive (SSD) (MZ-76P1T0BW),19770.0,INR,True,False,False,True,PcData/StorageSSD.csv,sudhanshuy17/pccomponents
b2ad7354527e56dfdad4,storage,"SAMSUNG 860 Pro 256 GB Laptop, Desktop Internal Solid State Drive (SSD) (MZ-76P256BW)",6707.0,INR,True,False,False,True,PcData/StorageSSD.csv,sudhanshuy17/pccomponents
d0e8daa4a6f9ce59aaea,storage,"SAMSUNG 860 Pro 512 GB Laptop, Desktop Internal Solid State Drive (SSD) (MZ-76P512BW)",12080.0,INR,True,False,False,True,PcData/StorageSSD.csv,sudhanshuy17/pccomponents
bfce0d4a84d82ba3c9f0,storage,"SAMSUNG 870 Evo 2 TB Laptop, Desktop Internal Solid State Drive (SSD) (MZ-77E2T0BW)",15519.0,INR,True,False,False,True,PcData/StorageSSD.csv,sudhanshuy17/pccomponents
1ad878541363a33e07c0,storage,"SAMSUNG 870 Evo 250 GB Laptop, Desktop Internal Solid State Drive (SSD) (MZ-77E250BW)",2959.0,INR,True,False,False,True,PcData/StorageSSD.csv,sudhanshuy17/pccomponents
e3a58aa4766f06feb9a6,storage,"SAMSUNG 870 Evo 4 TB Laptop, Desktop Internal Solid State Drive (SSD) (MZ-77E4T0BW)",31039.0,INR,True,False,False,True,PcData/StorageSSD.csv,sudhanshuy17/pccomponents
07855eed45f9b6565792,storage,"SAMSUNG 870 Evo 500 GB Laptop, Desktop Internal Solid State Drive (SSD) (MZ-77E500BW)",3709.0,INR,True,False,False,True,PcData/StorageSSD.csv,sudhanshuy17/pccomponents
a4713f908f55e5cb4e4c,storage,"SAMSUNG 870 QVO 1 TB Laptop, Desktop Internal Solid State Drive (SSD) (MZ-77Q1T0BW)",5999.0,INR,True,False,False,True,PcData/StorageSSD.csv,sudhanshuy17/pccomponents
033fc54445f1ccc5084f,storage,"SAMSUNG 870 QVO 2 TB Laptop, Desktop Internal Solid State Drive (SSD) (MZ-77Q2T0BW)",13019.0,INR,True,False,False,True,PcData/StorageSSD.csv,sudhanshuy17/pccomponents
db4b0c64277a77938088,storage,"SAMSUNG 870 QVO 4 TB Laptop, Desktop Internal Solid State Drive (SSD) (MZ-77Q4T0BW)",28179.0,INR,True,False,False,True,PcData/StorageSSD.csv,sudhanshuy17/pccomponents
a328c9e9ad8d0aca96e1,storage,"SAMSUNG 870 QVO 8 TB Laptop, Desktop Internal Solid State Drive (SSD) (MZ-77Q8T0BW)",55249.0,INR,True,False,False,True,PcData/StorageSSD.csv,sudhanshuy17/pccomponents
d6e8bfbc0b0302fd97fe,storage,"SAMSUNG 970 EVO Plus 1 TB Laptop, Desktop Internal Solid State Drive (SSD) (MZ-V7S1T0BW)",6049.0,INR,True,False,False,True,PcData/StorageSSD.csv,sudhanshuy17/pccomponents
07e51c72da06ffaca814,storage,"SAMSUNG 970 EVO Plus 250 GB Laptop, Desktop Internal Solid State Drive (SSD) (MZ-V7S250BW)",3039.0,INR,True,False,False,True,PcData/StorageSSD.csv,sudhanshuy17/pccomponents
81a1093e523a782ce840,storage,"SAMSUNG 970 EVO Plus 500 GB Laptop, Desktop Internal Solid State Drive (SSD) (MZ-V7S500BW)",3299.0,INR,True,False,False,True,PcData/StorageSSD.csv,sudhanshuy17/pccomponents
c3d17a7ca023f2206afd,storage,"SAMSUNG 970 Evo Series - pcie nvme - M.2 Internal 250 GB Laptop, Desktop Internal Solid State Drive (SSD) (mz-v7e250bw)",7500.0,INR,True,False,False,True,PcData/StorageSSD.csv,sudhanshuy17/pccomponents
c6916bbbdeaf4fe4b335,storage,"SAMSUNG 970 Pro 1 TB Laptop, Servers, Network Attached Storage, Desktop Internal Solid State Drive (SSD) (MZ-V7P1T0BW)",26207.0,INR,True,False,False,True,PcData/StorageSSD.csv,sudhanshuy17/pccomponents
04290c00485bbe04bfdc,storage,"SAMSUNG 980 500 GB Laptop, Desktop Internal Solid State Drive (SSD) (MZ-V8V500BW)",3899.0,INR,True,False,False,True,PcData/StorageSSD.csv,sudhanshuy17/pccomponents
08e25934ef49f64fa5ff,storage,"SAMSUNG 980 Pro 1 TB Laptop, Desktop Internal Solid State Drive (SSD) (MZ-V8P1T0BW)",9099.0,INR,True,False,False,True,PcData/StorageSSD.csv,sudhanshuy17/pccomponents
fd375c5fc08093102128,storage,"SAMSUNG 980 Pro 500 GB Laptop, Desktop Internal Solid State Drive (SSD) (MZ-V8P500BW)",5699.0,INR,True,False,False,True,PcData/StorageSSD.csv,sudhanshuy17/pccomponents
03172de2818179edfc6c,storage,"SAMSUNG 990 PRO 1 TB Laptop, Desktop Internal Solid State Drive (SSD) (MZ-V9P1T0BW)",12890.0,INR,True,False,False,True,PcData/StorageSSD.csv,sudhanshuy17/pccomponents
7cc99c1d8ad10d16ddfd,storage,"SAMSUNG SSD-001 500 GB Laptop Internal Solid State Drive (SSD) (870 EVO 500GB SATA 2.5"" Internal Solid State Drive (SSD) (MZ-77E500))",6660.0,INR,True,False,False,True,PcData/StorageSSD.csv,sudhanshuy17/pccomponents
04501c638d24276f7650,storage,"SAMSUNG SSD-003 1 TB Laptop Internal Solid State Drive (SSD) (980 1TB Up to 3,500 MB/s PCIe 3.0 NVMe M.2 (2280) Internal Solid State Drive (SSD) (MZ-V8V1T0))",14400.0,INR,True,False,False,True,PcData/StorageSSD.csv,sudhanshuy17/pccomponents
e6553ea504506e64c45f,storage,"SAMSUNG SSD-006 1 TB Laptop Internal Solid State Drive (SSD) (870 QVO 1TB SATA 2.5"" Internal Solid State Drive (SSD) (MZ-77Q1T0BW))",11699.0,INR,True,False,False,True,PcData/StorageSSD.csv,sudhanshuy17/pccomponents
95ec689400e2a8edbc86,storage,"SAMSUNG SSD-008 500 GB Laptop Internal Solid State Drive (SSD) (980 500GB Up to 3,100 MB/s PCIe 3.0 NVMe M.2 (2280) Internal Solid State Drive (SSD) (MZ-V8V500))",5999.0,INR,True,False,False,True,PcData/StorageSSD.csv,sudhanshuy17/pccomponents
0125e0a9063cfb7bc82f,storage,"SAMSUNG SSD-009 250 GB Laptop Internal Solid State Drive (SSD) (980 250GB Up to 2,900 MB/s PCIe 3.0 NVMe M.2 (2280) Internal Solid State Drive (SSD) (MZ-V8V250))",5500.0,INR,True,False,False,True,PcData/StorageSSD.csv,sudhanshuy17/pccomponents
2f5fe7e9c8faf72e3960,storage,SanDisk Extreme Portable SDSSDE61-1T00-G25 1 TB Wired External Solid State Drive (SSD),8849.0,INR,True,False,False,True,PcData/StorageSSD.csv,sudhanshuy17/pccomponents
ce320921f40038874852,storage,SanDisk Extreme Portable SDSSDE61-2T00-G25 2 TB Wired External Solid State Drive (SSD),14699.0,INR,True,False,False,True,PcData/StorageSSD.csv,sudhanshuy17/pccomponents
b891aaf7cbc79cec9a82,storage,SanDisk Portable SSD SDSSDE30-1T00-G25 1 TB External Solid State Drive (SSD),7099.0,INR,True,False,False,True,PcData/StorageSSD.csv,sudhanshuy17/pccomponents
de25ec15cbf8628cb950,storage,"scuda 256GB SATA SSD 256 GB Laptop, Desktop, All in One PC's Internal Solid State Drive (SSD) (SSD)",1711.0,INR,True,False,False,True,PcData/StorageSSD.csv,sudhanshuy17/pccomponents
f004fbef674e2685aebe,storage,"scuda 6 GB/S Speed 128 GB Desktop, Laptop Internal Solid State Drive (SSD) (128GB SATA SSD)",1299.0,INR,True,False,False,True,PcData/StorageSSD.csv,sudhanshuy17/pccomponents
fc99a0ea770bc6db49bc,storage,"scuda 6GB /S Speed 128 GB Desktop, Laptop, All in One PC's Internal Solid State Drive (SSD) (128GB SATA, 2.5 Inch)",1399.0,INR,True,False,False,True,PcData/StorageSSD.csv,sudhanshuy17/pccomponents
850a92533c7437e85b73,storage,"scuda NVMe 128 GB Desktop, Laptop Internal Solid State Drive (SSD) (Faster Speed)",1850.0,INR,True,False,False,True,PcData/StorageSSD.csv,sudhanshuy17/pccomponents
b0057bea6d8eeb3f3833,storage,"scuda PCIe NVMe SSD 512 GB Laptop, Desktop Internal Solid State Drive (SSD) (Interface PCIe GEN 3X4 , NVMe 1.3)",2999.0,INR,True,False,False,True,PcData/StorageSSD.csv,sudhanshuy17/pccomponents
d0d4736fb35eb5b709df,storage,"scuda SATA 2.5 inch 256 GB Laptop, Desktop, All in One PC's Internal Solid State Drive (SSD) (256GB SATA SSD)",1750.0,INR,True,False,False,True,PcData/StorageSSD.csv,sudhanshuy17/pccomponents
0acf958f8e8298908b85,storage,"scuda SATA 2.5"" SSD 1 TB Laptop, Desktop Internal Solid State Drive (SSD) (1TB)",3999.0,INR,True,False,False,True,PcData/StorageSSD.csv,sudhanshuy17/pccomponents
ab9bf576e577d497425e,storage,"scuda SATA SSD 512 GB Laptop, Desktop, All in One PC's Internal Solid State Drive (SSD) (512GB SATA SSD)",2750.0,INR,True,False,False,True,PcData/StorageSSD.csv,sudhanshuy17/pccomponents
cf5840b5ea5577a6d245,storage,SD TECH SOLUTION CNVM128RCMX02375 128 GB Laptop Internal Solid State Drive (SSD) (CTNVMe128S6),1150.0,INR,True,False,False,True,PcData/StorageSSD.csv,sudhanshuy17/pccomponents
0ca9681641a14b66ef2d,storage,"Seagate Barracuda Q5 with M.2 NVMe PCIe Gen3 ×4, 3D QLC for Desktop or Laptop, 1-Year Rescue Services 1 TB Laptop Internal Solid State Drive (SSD) (ZP1000CV3A001)",5764.0,INR,True,False,False,True,PcData/StorageSSD.csv,sudhanshuy17/pccomponents
5cda1e10086c1c529331,storage,"Seagate BarraCuda(ZA240CV10002) SATA SSD 240 GB Laptop, Desktop, All in One PC's Internal Solid State Drive (SSD) (ZA240CV1A0012)",1799.0,INR,True,False,False,True,PcData/StorageSSD.csv,sudhanshuy17/pccomponents
842be4eba5505cd59b38,storage,"Seagate Expansion SSD for PC Laptop, Mac with 3 Year Data Recovery Services STLH1000400� 1 TB External Solid State Drive (SSD)",8899.0,INR,True,False,False,True,PcData/StorageSSD.csv,sudhanshuy17/pccomponents
58475e8804b7e329fecc,storage,"Seagate Expansion SSD for PC Laptop, Mac with 3 Year Data Recovery Services STLH500400 500 GB External Solid State Drive (SSD)",5999.0,INR,True,False,False,True,PcData/StorageSSD.csv,sudhanshuy17/pccomponents
73b020d800dfabe67947,storage,Seagate Firecuda 520 with PCIe Gen4 x4 NVMe 1.3 for Gaming PC Gaming Laptop Desktop 1 TB Laptop Internal Solid State Drive (SSD) (ZP1000GM3A002),13591.0,INR,True,False,False,True,PcData/StorageSSD.csv,sudhanshuy17/pccomponents
0df4f6448de609a36b3e,storage,Seagate Firecuda 520 with PCIe Gen4 x4 NVMe 1.3 for Gaming PC Gaming Laptop Desktop 2 TB Laptop Internal Solid State Drive (SSD) (ZP2000GM3A002),23219.0,INR,True,False,False,True,PcData/StorageSSD.csv,sudhanshuy17/pccomponents
4a9fa1ad7ee613a0d8c9,storage,Seagate Firecuda 530 - M.2 PCIe Gen4 and 3-Years Rescue Services 1 TB Laptop Internal Solid State Drive (SSD) (ZP1000GM3A013),8499.0,INR,True,False,False,True,PcData/StorageSSD.csv,sudhanshuy17/pccomponents
12bd281eb2220348fa17,storage,Seagate Firecuda 530 - M.2 PCIe Gen4 and 3-Years Rescue Services 2 TB Laptop Internal Solid State Drive (SSD) (ZP2000GM3A013),15999.0,INR,True,False,False,True,PcData/StorageSSD.csv,sudhanshuy17/pccomponents
eb8f313877766adccd9d,storage,Seagate Firecuda 530 - M.2 PCIe Gen4 and 3-Years Rescue Services 500 GB Laptop Internal Solid State Drive (SSD) (ZP500GM3A013),6499.0,INR,True,False,False,True,PcData/StorageSSD.csv,sudhanshuy17/pccomponents
56ba696cfb402b3a5463,storage,"Seagate Firecuda 530 - M.2 PCIe Gen4, Heatsink 1 TB Laptop Internal Solid State Drive (SSD) (ZP1000GM3A023)",32087.0,INR,True,False,False,True,PcData/StorageSSD.csv,sudhanshuy17/pccomponents
f0b57728093c7ca97360,storage,"Seagate Firecuda 530 - M.2 PCIe Gen4, Heatsink 4 TB Laptop Internal Solid State Drive (SSD) (ZP4000GM3A023)",122862.0,INR,True,False,False,True,PcData/StorageSSD.csv,sudhanshuy17/pccomponents
0e7023890f26a6b73e86,storage,"Seagate One Touch with up to 1030 Mb/s for Windows & Mac, with Android App and 3 years Data Recovery Services - Portable 1 TB External Solid State Drive (SSD)",8999.0,INR,True,False,False,True,PcData/StorageSSD.csv,sudhanshuy17/pccomponents
17e8e81524c2084bc374,storage,"Silicon Power A55 1 TB Desktop, Laptop Internal Solid State Drive (SSD) (SP001TBSS3A55S25)",3999.0,INR,True,False,False,True,PcData/StorageSSD.csv,sudhanshuy17/pccomponents
19b8a29021809482738d,storage,Silicon Power A55 128 GB Laptop Internal Solid State Drive (SSD) (SP128GBSS3A55S25),899.0,INR,True,False,False,True,PcData/StorageSSD.csv,sudhanshuy17/pccomponents
95a1edaa9b72cfb6bc4b,storage,Silicon Power A55 256 GB Laptop Internal Solid State Drive (SSD) (SP256GBSS3A55S25),1199.0,INR,True,False,False,True,PcData/StorageSSD.csv,sudhanshuy17/pccomponents
1eab4749e8b86d9b212a,storage,Silicon Power A55 512 GB Laptop Internal Solid State Drive (SSD) (SP512GBSS3A55S25),1999.0,INR,True,False,False,True,PcData/StorageSSD.csv,sudhanshuy17/pccomponents
bd101807e0444efcc79e,storage,"Silicon Power NVMe PCIe Gen3x4 128 GB Desktop, Laptop, All in One PC's, Servers, Network Attached Storage Internal Solid State Drive (SSD) (?SP128GBP34A60M28)",1900.0,INR,True,False,False,True,PcData/StorageSSD.csv,sudhanshuy17/pccomponents
e06ba49f647da77fd6e1,storage,"Silicon Power NVMe PCIe Gen3x4 256 GB All in One PC's, Desktop, Laptop, Network Attached Storage, Servers Internal Solid State Drive (SSD) (256GB NVMe PCIe Gen3x4 M.2 2280 (SP256GBP34A60M28))",1997.0,INR,True,False,False,True,PcData/StorageSSD.csv,sudhanshuy17/pccomponents
196e7a8846c1ffb68861,storage,"Silicon Power P34A60 1 TB Desktop, Laptop Internal Solid State Drive (SSD) (SP001TBP34A60M28)",4199.0,INR,True,False,False,True,PcData/StorageSSD.csv,sudhanshuy17/pccomponents
100a45cde0ff1f9c1499,storage,"Silicon Power P34A60 256 GB Desktop, Laptop Internal Solid State Drive (SSD) (SP256GBP34A60M28)",1399.0,INR,True,False,False,True,PcData/StorageSSD.csv,sudhanshuy17/pccomponents
7b408446f8c1e134636a,storage,"Silicon Power P34A60 512 GB Desktop, Laptop Internal Solid State Drive (SSD) (SP512GBP34A60M28)",2399.0,INR,True,False,False,True,PcData/StorageSSD.csv,sudhanshuy17/pccomponents
636cee6908c3e6f9f8f7,storage,"Silicon Power ssd 128 GB Laptop, Desktop Internal Solid State Drive (SSD) (SU128GBSS3A55M28AB)",1574.0,INR,True,False,False,True,PcData/StorageSSD.csv,sudhanshuy17/pccomponents
dbe520d37ced0074e320,storage,"Simmtronics 128GB 2.5SATA SSD 6GB PER SECOND 128 GB All in One PC's, Desktop, Laptop Internal Solid State Drive (SSD) (128GB 2.5SATA SSD)",947.0,INR,True,False,False,True,PcData/StorageSSD.csv,sudhanshuy17/pccomponents
0e59297f34558dd41d6a,storage,"Simmtronics 2.5"" 128 GB Desktop Internal Solid State Drive (SSD) (S930P PRO 2.5"" 128GB)",949.0,INR,True,False,False,True,PcData/StorageSSD.csv,sudhanshuy17/pccomponents
676bf3c05b2a30435373,storage,"Simmtronics 2.5 256 GB Desktop, Laptop Internal Solid State Drive (SSD) (2.5 256GB SSD (S930P))",1299.0,INR,True,False,False,True,PcData/StorageSSD.csv,sudhanshuy17/pccomponents
57a4a6b0414423fa2e53,storage,"Simmtronics 2.5 512GB SATA 6gb/S PRO SSD 512 GB All in One PC's, Desktop, Laptop Internal Solid State Drive (SSD) (2.5 512GB SATA 6gb/S PRO)",2125.0,INR,True,False,False,True,PcData/StorageSSD.csv,sudhanshuy17/pccomponents
6aa1915a8dcd356127b2,storage,Simmtronics 2280 128 GB Laptop Internal Solid State Drive (SSD) (S950P PRO M.2),949.0,INR,True,False,False,True,PcData/StorageSSD.csv,sudhanshuy17/pccomponents
2842073a96c669c9256d,storage,"Simmtronics 2280 256 GB Laptop, Desktop Internal Solid State Drive (SSD) (ssd 256)",1549.0,INR,True,False,False,True,PcData/StorageSSD.csv,sudhanshuy17/pccomponents
aecb6a5776d218e19dab,storage,"Simmtronics 256GB 2.5 SATA SSD 6GB/S 256 GB All in One PC's, Desktop, Laptop Internal Solid State Drive (SSD) (256GB 2.5 SATA SSD)",1299.0,INR,True,False,False,True,PcData/StorageSSD.csv,sudhanshuy17/pccomponents
ef06ff01cadd1414e36f,storage,"Simmtronics 256GB M.2 SOLID STATE DRIVE 6gb/S 256 GB All in One PC's, Desktop, Laptop Internal Solid State Drive (SSD) (256GB M.2 SOLID STATE DRIVE)",1297.0,INR,True,False,False,True,PcData/StorageSSD.csv,sudhanshuy17/pccomponents
d9bd10ad696dcb961a29,storage,Simmtronics M.2 128 GB Laptop Internal Solid State Drive (SSD) (NVMe 128gb ssd ( s970p)),1197.0,INR,True,False,False,True,PcData/StorageSSD.csv,sudhanshuy17/pccomponents
c02ea8153486d67d1d3e,storage,Simmtronics M.2 2280 SATA 6GB/S SSD 256 GB Laptop Internal Solid State Drive (SSD) (M.2 256GB SSD(S950P)),1325.0,INR,True,False,False,True,PcData/StorageSSD.csv,sudhanshuy17/pccomponents
843fc9354a26437a66a8,storage,"Simmtronics NA 128 GB All in One PC's, Desktop, Laptop Internal Solid State Drive (SSD) (2.5 SATA 6GB/s)",949.0,INR,True,False,False,True,PcData/StorageSSD.csv,sudhanshuy17/pccomponents
edbbf1766316ce07ff6c,storage,"Simmtronics PRO 128 GB Laptop, Desktop, All in One PC's Internal Solid State Drive (SSD) (128 GB SOLID STATE DRIVE 2.5"" STATA)",947.0,INR,True,False,False,True,PcData/StorageSSD.csv,sudhanshuy17/pccomponents
976d0430fd89e7291944,storage,"Simmtronics PRO 2.5"" 512 GB Desktop Internal Solid State Drive (SSD) (S930P PRO 2.5"")",2125.0,INR,True,False,False,True,PcData/StorageSSD.csv,sudhanshuy17/pccomponents
b5dbd788ca38cda54590,storage,Simmtronics PRO NVME 128 GB Laptop Internal Solid State Drive (SSD) (S970P PRO NVME),1175.0,INR,True,False,False,True,PcData/StorageSSD.csv,sudhanshuy17/pccomponents
250c0fa5f678d9cb13f9,storage,Simmtronics PRO NVME 512 GB Laptop Internal Solid State Drive (SSD) (S970P PRO NVME),2449.0,INR,True,False,False,True,PcData/StorageSSD.csv,sudhanshuy17/pccomponents
9fbcaa1bc05ec1dbcd67,storage,"Simmtronics S730E PRO 256 GB Desktop, Laptop Internal Solid State Drive (SSD) (SSD 256 GB 2.5” Sata 6GB/s)",1299.0,INR,True,False,False,True,PcData/StorageSSD.csv,sudhanshuy17/pccomponents
9ec7cf0ca280910ba6b9,storage,"Simmtronics S930P 256 GB Desktop, Laptop, All in One PC's Internal Solid State Drive (SSD) (2.5 SATA 6GB/s)",1299.0,INR,True,False,False,True,PcData/StorageSSD.csv,sudhanshuy17/pccomponents
aa2ba30e25f914779e70,storage,"Simmtronics S930P PRO 2.5 512 GB Desktop, Laptop, All in One PC's Internal Solid State Drive (SSD) (2.5 SATA 6GB/s SSD)",2125.0,INR,True,False,False,True,PcData/StorageSSD.csv,sudhanshuy17/pccomponents
15fb5156c70ecf465d5a,storage,"Simmtronics S930P PRO 256 GB Desktop, Laptop Internal Solid State Drive (SSD) (256GB - SSD 2.5” Sata 6GB/s)",1299.0,INR,True,False,False,True,PcData/StorageSSD.csv,sudhanshuy17/pccomponents
46f37d714c2f207e880c,storage,Simmtronics S950P PRO M.2 120 GB Servers Internal Solid State Drive (SSD) (S950P PRO M.2),925.0,INR,True,False,False,True,PcData/StorageSSD.csv,sudhanshuy17/pccomponents
ef42bec553671e79e9c0,storage,"Simmtronics S950P PRO M.2 256 GB Desktop, Laptop, All in One PC's Internal Solid State Drive (SSD) (M.2 2280 SATA 6GB/S)",1325.0,INR,True,False,False,True,PcData/StorageSSD.csv,sudhanshuy17/pccomponents
46bc07a4eb2707d97e2b,storage,"Simmtronics SSD 1024 GB All in One PC's, Desktop, Laptop Internal Solid State Drive (SSD) (2.5 "" SATA 6Gb/s SSD)",3799.0,INR,True,False,False,True,PcData/StorageSSD.csv,sudhanshuy17/pccomponents
9ae6f21e673639077fd2,storage,"Simmtronics SSD 256 GB All in One PC's, Desktop, Laptop Internal Solid State Drive (SSD) (2.5 "" SATA 6Gb/s SSD)",1299.0,INR,True,False,False,True,PcData/StorageSSD.csv,sudhanshuy17/pccomponents
b6b7f62efff65e9df5e6,storage,"Simmtronics SSD 512 GB All in One PC's, Desktop, Laptop Internal Solid State Drive (SSD) (2.5 "" SATA 6Gb/s SSD)",2125.0,INR,True,False,False,True,PcData/StorageSSD.csv,sudhanshuy17/pccomponents
dc59a83de84e4f97258c,storage,TECH- Assemblers 3D NANO 120 GB Laptop Internal Solid State Drive (SSD) (with Aluminium Casing for Optimum Heat Circulation with High Speed Turbo Boot),1499.0,INR,True,False,False,True,PcData/StorageSSD.csv,sudhanshuy17/pccomponents
82dfced852de844fb563,storage,"Techmatrix Ultra Durable 240 GB Laptop, All in One PC's, Desktop Internal Solid State Drive (SSD) (M.2 SSD)",3499.0,INR,True,False,False,True,PcData/StorageSSD.csv,sudhanshuy17/pccomponents
7c94073cf47ca89488f2,storage,"Techmatrix Ultra Durable 240 GB Laptop, All in One PC's, Desktop Internal Solid State Drive (SSD) (SATA III 2.5/7mm SSD)",2999.0,INR,True,False,False,True,PcData/StorageSSD.csv,sudhanshuy17/pccomponents
bfeaccfc3c8575a99740,storage,"Techmatrix Ultra Durable 480 GB Laptop, All in One PC's, Desktop Internal Solid State Drive (SSD) (SATA III 2.5/7mm SSD)",5299.0,INR,True,False,False,True,PcData/StorageSSD.csv,sudhanshuy17/pccomponents
9768633bf2773b4ad02b,storage,"VIE M.2 NVMe SSD 512 GB Internal Solid State Drive (SSD) 512 GB Desktop, Laptop Internal Solid State Drive (SSD) (LAPTOP,NOTEBOOK,DELL,HP,LENOVO,ASUS, MSI)",3199.0,INR,True,False,False,True,PcData/StorageSSD.csv,sudhanshuy17/pccomponents
9e52bba2ed2649fc6317,storage,"WD 480 GB SSD 480 GB Desktop, Laptop, Network Attached Storage Internal Solid State Drive (SSD) (WD480)",2754.0,INR,True,False,False,True,PcData/StorageSSD.csv,sudhanshuy17/pccomponents
44f73cd35981b594003f,storage,"WD AN1500 1 TB Laptop, All in One PC's, Desktop Internal Solid State Drive (SSD) (WDS100T1X0L)",27886.0,INR,True,False,False,True,PcData/StorageSSD.csv,sudhanshuy17/pccomponents
fcbb1fccf180cac94919,storage,"WD AN1500 2 TB Laptop, All in One PC's, Desktop Internal Solid State Drive (SSD) (WDS200T1X0L)",44183.0,INR,True,False,False,True,PcData/StorageSSD.csv,sudhanshuy17/pccomponents
57017ca74f97e5ec1d06,storage,"WD Black 1 TB Laptop, Desktop Internal Solid State Drive (SSD) (WDS100T2X0C)",21563.0,INR,True,False,False,True,PcData/StorageSSD.csv,sudhanshuy17/pccomponents
49012abc826fec2d50f4,storage,WD Blue 3D 1 TB Laptop Internal Solid State Drive (SSD) (WDS100T2B0A-00sm50),18917.0,INR,True,False,False,True,PcData/StorageSSD.csv,sudhanshuy17/pccomponents
51e47308838173de0e96,storage,WD Blue 3D 2 TB Laptop Internal Solid State Drive (SSD) (WDS200T2B0B),11599.0,INR,True,False,False,True,PcData/StorageSSD.csv,sudhanshuy17/pccomponents
6bf08ce880ce240c31e4,storage,"WD Blue 3D 250 GB Laptop, Desktop, Servers, Surveillance Systems Internal Solid State Drive (SSD) (WDS250G2B0A)",2399.0,INR,True,False,False,True,PcData/StorageSSD.csv,sudhanshuy17/pccomponents
cf6d3ba8a687ade55554,storage,WD Blue 3D 500 GB Laptop Internal Solid State Drive (SSD) (WDS500G2B0B),2259.0,INR,True,False,False,True,PcData/StorageSSD.csv,sudhanshuy17/pccomponents
de1d8475078486e8f53e,storage,"WD Blue™ SA510 2.5"" SATA Internal SSD 250 GB Desktop, Laptop Internal Solid State Drive (SSD) (250GB - WDS250G3B0A)",2499.0,INR,True,False,False,True,PcData/StorageSSD.csv,sudhanshuy17/pccomponents
deb8c3ed91a19c04a3d3,storage,"WD Blue™ SA510 500 GB Desktop, Laptop Internal Solid State Drive (SSD) (500GB 2.5”/7mm SATA SSD - WDS500G3B0A)",3699.0,INR,True,False,False,True,PcData/StorageSSD.csv,sudhanshuy17/pccomponents
83f2582a56da39370c76,storage,WD Blue™ SN570 1 TB Desktop Internal Solid State Drive (SSD) (1TB M.2 NVMe),7819.0,INR,True,False,False,True,PcData/StorageSSD.csv,sudhanshuy17/pccomponents
dd15e4a3d77356798653,storage,"WD Blue™ SN570 M.2 NVMe 500 GB Desktop, Laptop, All in One PC's, Network Attached Storage, Surveillance Systems Internal Solid State Drive (SSD) (WDS500G3B0C)",3248.0,INR,True,False,False,True,PcData/StorageSSD.csv,sudhanshuy17/pccomponents
2685b8641e86542d8f3b,storage,WD Green 1 TB Laptop Internal Solid State Drive (SSD) (WDS100T2G0A),6108.0,INR,True,False,False,True,PcData/StorageSSD.csv,sudhanshuy17/pccomponents
7a193a62a5472e72ec78,storage,"WD GREEN 240 GB All in One PC's, Laptop Internal Solid State Drive (SSD) (WDS240G3G0A)",1749.0,INR,True,False,False,True,PcData/StorageSSD.csv,sudhanshuy17/pccomponents
ac8f5ff970ff02a566d7,storage,"WD Green 240 GB Desktop, Laptop Internal Solid State Drive (SSD) (WDS240G1G0A)",2699.0,INR,True,False,False,True,PcData/StorageSSD.csv,sudhanshuy17/pccomponents
666c877fd3516ba20175,storage,"WD Green™ 240 GB Laptop, Desktop Internal Solid State Drive (SSD) (240GB SATA M.2 2280 - WDS240G3G0B)",2099.0,INR,True,False,False,True,PcData/StorageSSD.csv,sudhanshuy17/pccomponents
90357342b65ff3332bd4,storage,WD Green™ 480 GB Desktop Internal Solid State Drive (SSD) (480GB 2.5-inch SATA III - WDS480G3G0A),2637.0,INR,True,False,False,True,PcData/StorageSSD.csv,sudhanshuy17/pccomponents
667e4c775b0a24ef2905,storage,"WD Green 480 GB Laptop, Desktop Internal Solid State Drive (SSD) (WDS480G2G0A)",2325.0,INR,True,False,False,True,PcData/StorageSSD.csv,sudhanshuy17/pccomponents
c22c59fd161db09329ac,storage,WD Green 480 GB Laptop Internal Solid State Drive (SSD) (WDS480G2G0B),3350.0,INR,True,False,False,True,PcData/StorageSSD.csv,sudhanshuy17/pccomponents
848d0d56617f8447be79,storage,"WD Green SATA 2.5/7mm disque 120 GB Laptop, All in One PC's, Desktop Internal Solid State Drive (SSD) (WDS120G2G0A)",1700.0,INR,True,False,False,True,PcData/StorageSSD.csv,sudhanshuy17/pccomponents
914da10fc24c2fd8eca7,storage,"WD Green SATA 2.5/7mm disque 240 GB Laptop, All in One PC's, Desktop Internal Solid State Drive (SSD) (WDS240G2G0A)",1899.0,INR,True,False,False,True,PcData/StorageSSD.csv,sudhanshuy17/pccomponents
166733fda2bf3f56829a,storage,WD Green SN350 M.2 NVMe 480 GB Desktop Internal Solid State Drive (SSD) (WDS480G2G0C),3199.0,INR,True,False,False,True,PcData/StorageSSD.csv,sudhanshuy17/pccomponents
356b8e8c8821e25e2877,storage,"WD M.2 WDS240G2G0B 240 GB Laptop, Desktop Internal Solid State Drive (SSD) (GREEN 240 GB Laptop Internal Solid State Drive (M.2 WDS240G2G0B))",2049.0,INR,True,False,False,True,PcData/StorageSSD.csv,sudhanshuy17/pccomponents
4f1e8a2146cbff826e77,storage,WD NAND 500 GB Laptop Internal Solid State Drive (SSD) (WDS500G3BOA),3507.0,INR,True,False,False,True,PcData/StorageSSD.csv,sudhanshuy17/pccomponents
4a554f59bc62de62c6c9,storage,"WD SN350 240 GB Desktop, Laptop, All in One PC's Internal Solid State Drive (SSD) (WDS240G2G0C-00AJM0)",1809.0,INR,True,False,False,True,PcData/StorageSSD.csv,sudhanshuy17/pccomponents
e13631b67118b20169fb,storage,WD SN750 1 TB Laptop Internal Solid State Drive (SSD) (WDS100T3X0C),12403.0,INR,True,False,False,True,PcData/StorageSSD.csv,sudhanshuy17/pccomponents
d575694e1e4b147c29e5,storage,WD SN750 1 TB Laptop Internal Solid State Drive (SSD) (WDS100T3XHC),16520.0,INR,True,False,False,True,PcData/StorageSSD.csv,sudhanshuy17/pccomponents
d65f75b567c2ccb0fd47,storage,WD SN750 250 GB Desktop Internal Solid State Drive (SSD) (WDS250G3X0C),4659.0,INR,True,False,False,True,PcData/StorageSSD.csv,sudhanshuy17/pccomponents
827acea8a51be8c7f34b,storage,WD SN750 500 GB Laptop Internal Solid State Drive (SSD) (WDS500G3X0C),6099.0,INR,True,False,False,True,PcData/StorageSSD.csv,sudhanshuy17/pccomponents
73d4d81a04122d32f1ca,storage,"WD SN850 without Heatsink 1 TB Laptop, All in One PC's, Desktop Internal Solid State Drive (SSD) (WDS100T1X0E)",10746.0,INR,True,False,False,True,PcData/StorageSSD.csv,sudhanshuy17/pccomponents
7fac5a49512c01645db2,storage,"WD SN850 without Heatsink 2 TB Laptop, All in One PC's, Desktop Internal Solid State Drive (SSD) (WDS200T1X0E)",25109.0,INR,True,False,False,True,PcData/StorageSSD.csv,sudhanshuy17/pccomponents
661bc74bc5965a58a9d4,storage,"WD SN850 without Heatsink 500 GB Laptop, All in One PC's, Desktop Internal Solid State Drive (SSD) (WDS500G1X0E)",6819.0,INR,True,False,False,True,PcData/StorageSSD.csv,sudhanshuy17/pccomponents
4459f78451b47d20daa6,storage,WD WD Black 2 TB Laptop Internal Solid State Drive (SSD) (WDS200T3X0C),17569.0,INR,True,False,False,True,PcData/StorageSSD.csv,sudhanshuy17/pccomponents
5e16a8bdafce517b4c6d,storage,WD WD Blue 4 TB Desktop Internal Solid State Drive (SSD) (WDS400T2B0A),24139.0,INR,True,False,False,True,PcData/StorageSSD.csv,sudhanshuy17/pccomponents
28579f0b84ec4ba9a78f,storage,"WD WD Blue NVMe SN550 250 GB Desktop, Laptop Internal Solid State Drive (SSD) (WDS250G2B0C)",2645.0,INR,True,False,False,True,PcData/StorageSSD.csv,sudhanshuy17/pccomponents
674b723b73a350d3dfec,storage,"WD WD Blue NVMe SN570 250 GB Desktop, Laptop Internal Solid State Drive (SSD) (WDS250G3B0C)",2702.0,INR,True,False,False,True,PcData/StorageSSD.csv,sudhanshuy17/pccomponents
b29b1e1cb3c6126de29e,storage,"WD WD Blue SN550 500 GB Desktop, Laptop Internal Solid State Drive (SSD) (WDS500G2B0C)",3499.0,INR,True,False,False,True,PcData/StorageSSD.csv,sudhanshuy17/pccomponents
d83e8db661ed0d9d0a80,storage,WD WD Green 2 TB Desktop Internal Solid State Drive (SSD) (WDS200T2G0A),12099.0,INR,True,False,False,True,PcData/StorageSSD.csv,sudhanshuy17/pccomponents
eb330df8850a2e187333,storage,"WESTERN DIGITAL WD Black SN770 1 TB Desktop, Laptop Internal Solid State Drive (SSD) (WDS100T3X0E)",5169.0,INR,True,False,False,True,PcData/StorageSSD.csv,sudhanshuy17/pccomponents
ade4eacd00598895f385,storage,"WESTERN DIGITAL WD Black SN770 250 GB Desktop, Laptop Internal Solid State Drive (SSD) (WDS250G3X0E)",4029.0,INR,True,False,False,True,PcData/StorageSSD.csv,sudhanshuy17/pccomponents
6ee77095603fd4c466a5,storage,"WESTERN DIGITAL WD Black SN770 500 GB Desktop, Laptop Internal Solid State Drive (SSD) (WDS500G3X0E)",4399.0,INR,True,False,False,True,PcData/StorageSSD.csv,sudhanshuy17/pccomponents
49dd59eea2249ce021a7,storage,"WESTERN DIGITAL WD Blue M.2 250 GB Desktop, Laptop Internal Solid State Drive (SSD) (WDS250G3B0B)",1929.0,INR,True,False,False,True,PcData/StorageSSD.csv,sudhanshuy17/pccomponents
0cf6a9abc4353599a64a,storage,"WESTERN DIGITAL WD Blue M.2 500 GB Desktop, Laptop Internal Solid State Drive (SSD) (WDS500G3B0B)",3059.0,INR,True,False,False,True,PcData/StorageSSD.csv,sudhanshuy17/pccomponents
53326b86b078cbc79880,storage,"WESTERN DIGITAL WD Blue NVMe SN570 1 TB Laptop, Desktop Internal Solid State Drive (SSD) (WDS100T3B0C)",4299.0,INR,True,False,False,True,PcData/StorageSSD.csv,sudhanshuy17/pccomponents
38e97c3be9dc04011681,storage,"WESTERN DIGITAL WD Blue NVMe SN570 500 GB Laptop, Desktop Internal Solid State Drive (SSD) (WDS500G3B0C)",2579.0,INR,True,False,False,True,PcData/StorageSSD.csv,sudhanshuy17/pccomponents
82e3da29211eb1d067b5,storage,"WESTERN DIGITAL WD Blue SATA 250 GB Desktop, Laptop Internal Solid State Drive (SSD) (WDS250G3B0A)",1949.0,INR,True,False,False,True,PcData/StorageSSD.csv,sudhanshuy17/pccomponents
28766545fc522ee6a2d9,storage,"WESTERN DIGITAL WD Blue SATA 500 GB Desktop, Laptop Internal Solid State Drive (SSD) (WDS500G3B0A)",3029.0,INR,True,False,False,True,PcData/StorageSSD.csv,sudhanshuy17/pccomponents
bdd1c322a288a385f4c0,storage,"WESTERN DIGITAL WD Green M.2 240 GB Desktop, Laptop Internal Solid State Drive (SSD) (WDS240G3G0B)",1349.0,INR,True,False,False,True,PcData/StorageSSD.csv,sudhanshuy17/pccomponents
1bf550ba0a37439f5d6f,storage,"WESTERN DIGITAL WD Green Nvme SN350 2 TB Desktop, Laptop Internal Solid State Drive (SSD) (WDS200T3G0C)",10059.0,INR,True,False,False,True,PcData/StorageSSD.csv,sudhanshuy17/pccomponents
c384b3c6da9349747118,storage,"WESTERN DIGITAL WD Green SATA 240 GB Desktop, Laptop Internal Solid State Drive (SSD) (WDS240G3G0A)",1349.0,INR,True,False,False,True,PcData/StorageSSD.csv,sudhanshuy17/pccomponents
25a3d0c30bfa75a3f9e6,storage,"WESTERN DIGITAL WD Green SATA 480 GB Desktop, Laptop Internal Solid State Drive (SSD) (WDS480G3G0A)",2119.0,INR,True,False,False,True,PcData/StorageSSD.csv,sudhanshuy17/pccomponents
b36adcd3cf7728065648,storage,"WESTERN DIGITAL WD SN850X 1 TB Desktop, Laptop Internal Solid State Drive (SSD) (WDS100T2X0E)",8469.0,INR,True,False,False,True,PcData/StorageSSD.csv,sudhanshuy17/pccomponents
267f07877aec432aed79,storage,"Xsentuals M.2 NVMe 8 GB Desktop, Laptop Internal Solid State Drive (SSD) (M.2 NVMe SSD Converter Adapter Expansion Card for PCIe/PCI Express)",599.0,INR,True,False,False,True,PcData/StorageSSD.csv,sudhanshuy17/pccomponents
490212f325adab850ae1,storage,Xsentuals M.2 NVMe 8 GB Laptop Internal Solid State Drive (SSD) (M.2 NVME SSD Convert Adapter Card for Upgrade MacBook Air (2013-2017)),749.0,INR,True,False,False,True,PcData/StorageSSD.csv,sudhanshuy17/pccomponents
4132f08f2323f185f867,storage,"Xsentuals M.2 NVMe 8 GB Laptop Internal Solid State Drive (SSD) (M.2 NVME SSD Convert Adapter for Upgraded MacBook Air Pro Retina Mid 2013-2017,)",549.0,INR,True,False,False,True,PcData/StorageSSD.csv,sudhanshuy17/pccomponents
f68e2f26aae59d1708b8,storage,Xsentuals M.2 NVMe 8 GB Laptop Internal Solid State Drive (SSD) (M.2 SSD Full-speed PCIE To M2 Adapter NVMe SSD M2 PCIE X1 Riser PCI-E PCI Express M-key Connector Support 2230 2242 2260 2280 M.2 SSD Full-speed PCIE To M2 Adapter NVMe SSD M2 PCIE X1 Riser PCI-E PCI Express M-key Connector Support 2230 2242 2260 2280 M.2 SSD Full-speed PCIE To M2 Adapter NVMe SSD M2 PCIE X1 Riser PCI-E PCI Express M-key Connector Support 2230 2242 2260 2280 M.2 SSD Full-speed PCIE To M2 Adapter NVMe SSD M2 PCIE X1 Riser PCI-E PCI Express M-key Connector Support 2230 2242 2260 2280 M.2 SSD Full-speed PCIE To M2 Adapter NVMe SSD M2 PCIE X1 Riser PCI-E PCI Express M-key Connector Support 2230 2242 2260 2280),899.0,INR,True,False,False,True,PcData/StorageSSD.csv,sudhanshuy17/pccomponents
fdb1019050d573eb47c7,storage,zebion SSD 256 GB All in One PC's Internal Solid State Drive (SSD) (SUPERSONIC),1745.0,INR,True,False,False,True,PcData/StorageSSD.csv,sudhanshuy17/pccomponents
b1ef846722d3cef153d2,storage,"ZEBRONICS 2.5 SATA SSD 256 GB Laptop, Desktop, All in One PC's Internal Solid State Drive (SSD) (ZEB-SD26)",1390.0,INR,True,False,False,True,PcData/StorageSSD.csv,sudhanshuy17/pccomponents
f339a46c4dc29fc62b41,storage,ZEBRONICS Desktop RAM 4GB DDR3 1600MHz + 128 GB Desktop Internal Solid State Drive (SSD) (Combo set),2149.0,INR,True,False,False,True,PcData/StorageSSD.csv,sudhanshuy17/pccomponents
3f93032f9ffe81bd659d,storage,"ZEBRONICS H61 Motherboard + 4GB DDR3 1600MHz Desktop RAM + Sata 2.5"" 128 GB Desktop Internal Solid State Drive (SSD) (H61+4GBB DDR3+128 GB SSD)",5199.0,INR,True,False,False,True,PcData/StorageSSD.csv,sudhanshuy17/pccomponents
4035669f2e4cc974ad84,storage,"ZEBRONICS m.2 nvme 512 GB All in One PC's Internal Solid State Drive (SSD) (MN52 m.2 NVMe (2280) SSD with 512GB Capacity, 1900MB/s Read, 1100MB/s Write)",2499.0,INR,True,False,False,True,PcData/StorageSSD.csv,sudhanshuy17/pccomponents
5549fe0e9433ddc7663d,storage,"ZEBRONICS M.2 NVME SSD 256 GB Laptop, All in One PC's, Desktop Internal Solid State Drive (SSD) (ZEB-MN26)",1545.0,INR,True,False,False,True,PcData/StorageSSD.csv,sudhanshuy17/pccomponents
cd2346e236b63712565c,storage,"ZEBRONICS NVME SSD M.2 2280 FORM FACTOR 128 GB Desktop, Laptop Internal Solid State Drive (SSD) (ZEB-MN13)",1199.0,INR,True,False,False,True,PcData/StorageSSD.csv,sudhanshuy17/pccomponents
c150c84b8daf22422f72,storage,"ZEBRONICS SD102 1 TB All in One PC's Internal Solid State Drive (SSD) (SD102 2.5"" 1TB SSD, SATA III, 550MB/s Data Speed, Ultra Low Power.)",3899.0,INR,True,False,False,True,PcData/StorageSSD.csv,sudhanshuy17/pccomponents
f799f4034178b268f7f6,storage,"ZEBRONICS SMART 120 GB Laptop, Desktop Internal Solid State Drive (SSD) (ZEB-SD12)",999.0,INR,True,False,False,True,PcData/StorageSSD.csv,sudhanshuy17/pccomponents
8ff96d63c46bfe1ad845,storage,"ZEBRONICS Smart 128 GB Desktop, Laptop, All in One PC's Internal Solid State Drive (SSD) (ZEB-SD13)",949.0,INR,True,False,False,True,PcData/StorageSSD.csv,sudhanshuy17/pccomponents
1fd22073a41ff3f032cb,storage,"ZEBRONICS SMART 256 GB Desktop, All in One PC's, Laptop, Servers Internal Solid State Drive (SSD) (ZEB SD26)",1300.0,INR,True,False,False,True,PcData/StorageSSD.csv,sudhanshuy17/pccomponents
48392d5e880b700a7b19,storage,"ZEBRONICS SSD 120 GB All in One PC's, Desktop, Laptop Internal Solid State Drive (SSD) (ZEB SD12)",1199.0,INR,True,False,False,True,PcData/StorageSSD.csv,sudhanshuy17/pccomponents
41132723748965251ef3,storage,"ZEBRONICS SSD 128 GB All in One PC's, Desktop, Laptop Internal Solid State Drive (SSD) (ZEB MN13)",1299.0,INR,True,False,False,True,PcData/StorageSSD.csv,sudhanshuy17/pccomponents
267b0b904ddabf38c492,storage,"ZEBRONICS SSD 240 GB All in One PC's, Desktop, Laptop Internal Solid State Drive (SSD) (ZEB SD24)",1449.0,INR,True,False,False,True,PcData/StorageSSD.csv,sudhanshuy17/pccomponents
81e5f6cfa23175fac332,storage,"ZEBRONICS SSD 256 GB All in One PC's, Desktop, Laptop Internal Solid State Drive (SSD) (ZEB M26)",2425.0,INR,True,False,False,True,PcData/StorageSSD.csv,sudhanshuy17/pccomponents
926d3e831ee9cc94dda3,storage,"ZEBRONICS SSD 256 GB All in One PC's, Desktop, Laptop Internal Solid State Drive (SSD) (ZEB MN26)",1699.0,INR,True,False,False,True,PcData/StorageSSD.csv,sudhanshuy17/pccomponents
2558b7f170985f79aa5c,storage,"ZEBRONICS SSD 480 GB All in One PC's, Desktop, Laptop Internal Solid State Drive (SSD) (ZEB SD48)",2599.0,INR,True,False,False,True,PcData/StorageSSD.csv,sudhanshuy17/pccomponents
d51d2c58e8218e9b003a,storage,"ZEBRONICS ZEB SD13 128 GB Desktop, Laptop Internal Solid State Drive (SSD) (ZEB SD13 128GB SSD,Ultra Low Power Consumption, S.M.A.R.T. Thermal Management)",749.0,INR,True,False,False,True,PcData/StorageSSD.csv,sudhanshuy17/pccomponents
c6d9ac21c1a7fb4de991,storage,"ZEBRONICS ZEB-SD26 256 GB Laptop, Desktop Internal Solid State Drive (SSD) (ZEB-SD26 256 GB Solid State Drive, TLC, SATA II & SATA III Interface)",1099.0,INR,True,False,False,True,PcData/StorageSSD.csv,sudhanshuy17/pccomponents
6b7c734eba7940852cc7,storage,"ZEBRONICS ZEB-SD52 512 GB Desktop, Laptop Internal Solid State Drive (SSD) (ZEB-SD52 SSD 512GB, SATA II and SATA III Interface, QLC, Silent Operation)",1899.0,INR,True,False,False,True,PcData/StorageSSD.csv,sudhanshuy17/pccomponents
