source_record_id,source_code,accessory_type,raw_name,brand,model,identity_key,brand_confidence,source_trust_status,review_status,recommendation_eligible,source_variant_count,available_colours,source_offer_observed,headset_style,has_microphone,wireless_capable,enclosure_type,frequency_response_raw,candidate_use_tags,primary_use_profile,completeness_score,curation_priority,warning_flags
9250e0710f419346c123,docyx_pc_part_dataset_2025_07_23,headset,Asus Orion,ASUS,Orion,headset:asus:orion,curated_alias,reference_only_needs_verification,needs_review,False,1,Black;Red,True,over_ear,True,False,closed,"20,20",general;communication;gaming,gaming,100.0,130.0,frequency_units_ambiguous;unverified_reference_source
bffb645add9f738d76c6,docyx_pc_part_dataset_2025_07_23,headset,Asus ROG CETRA II,ASUS,ROG CETRA II,headset:asus:rog-cetra-ii,curated_alias,reference_only_needs_verification,needs_review,False,1,Black,True,in_ear,True,False,closed,"20,40",general;communication;gaming,gaming,100.0,130.0,frequency_units_ambiguous;unverified_reference_source
f4e6f0b10b93722c7490,docyx_pc_part_dataset_2025_07_23,headset,Asus ROG Delta,ASUS,ROG Delta,headset:asus:rog-delta,curated_alias,reference_only_needs_verification,needs_review,False,1,Black;Silver,True,over_ear,True,False,closed,"20,40",general;communication;gaming,gaming,100.0,130.0,frequency_units_ambiguous;unverified_reference_source
9116f37fb755332330bf,docyx_pc_part_dataset_2025_07_23,headset,Asus ROG Delta II,ASUS,ROG Delta II,headset:asus:rog-delta-ii,curated_alias,reference_only_needs_verification,needs_review,False,1,Black,True,over_ear,True,True,closed,"20,20",general;communication;gaming;portable,communication,100.0,130.0,frequency_units_ambiguous;unverified_reference_source
481800ea7bd038818b32,docyx_pc_part_dataset_2025_07_23,headset,Asus ROG Delta S EVA Edition,ASUS,ROG Delta S EVA Edition,headset:asus:rog-delta-s-eva-edition,curated_alias,reference_only_needs_verification,needs_review,False,1,Green;Purple,True,over_ear,True,False,closed,"20,40",general;communication;gaming,gaming,100.0,130.0,frequency_units_ambiguous;unverified_reference_source
077e8077988fef81b902,docyx_pc_part_dataset_2025_07_23,headset,Asus ROG Strix Go,ASUS,ROG Strix Go,headset:asus:rog-strix-go,curated_alias,reference_only_needs_verification,needs_review,False,2,Black,True,over_ear,True,True,closed,"20,40",general;communication;gaming;portable,communication,100.0,130.0,frequency_units_ambiguous;unverified_reference_source;identity_duplicates_collapsed
0cf530bb1bf12078bd0e,docyx_pc_part_dataset_2025_07_23,headset,Asus ROG Strix Go Core,ASUS,ROG Strix Go Core,headset:asus:rog-strix-go-core,curated_alias,reference_only_needs_verification,needs_review,False,2,Black;White,True,over_ear,True,False,closed,"20,40",general;communication;gaming,gaming,100.0,130.0,frequency_units_ambiguous;unverified_reference_source;identity_duplicates_collapsed
659fb4eae1b81e6121a3,docyx_pc_part_dataset_2025_07_23,headset,Asus ROG Strix Go Electro Punk,ASUS,ROG Strix Go Electro Punk,headset:asus:rog-strix-go-electro-punk,curated_alias,reference_only_needs_verification,needs_review,False,1,Black;Pink,True,over_ear,True,False,closed,"20,40",general;communication;gaming,gaming,100.0,130.0,frequency_units_ambiguous;unverified_reference_source
063747c07ab1603e6ff4,docyx_pc_part_dataset_2025_07_23,headset,Asus TUF Gaming H1,ASUS,TUF Gaming H1,headset:asus:tuf-gaming-h1,curated_alias,reference_only_needs_verification,needs_review,False,1,Black,True,over_ear,True,False,closed,"20,20",general;communication;gaming,gaming,100.0,130.0,frequency_units_ambiguous;unverified_reference_source
60a6ba51812f1aca3788,docyx_pc_part_dataset_2025_07_23,headset,Asus TUF Gaming H1 Wireless,ASUS,TUF Gaming H1 Wireless,headset:asus:tuf-gaming-h1-wireless,curated_alias,reference_only_needs_verification,needs_review,False,1,,True,over_ear,True,True,closed,"20,20",general;communication;gaming;portable,communication,100.0,130.0,frequency_units_ambiguous;unverified_reference_source
bc3c1b688598e31e5111,docyx_pc_part_dataset_2025_07_23,headset,Asus TUF Gaming H3,ASUS,TUF Gaming H3,headset:asus:tuf-gaming-h3,curated_alias,reference_only_needs_verification,needs_review,False,4,Black;Blue;Gray;Red;Silver,True,over_ear,True,False,closed,"20,20",general;communication;gaming,gaming,100.0,130.0,frequency_units_ambiguous;unverified_reference_source;identity_duplicates_collapsed
4c89c92b4137d40ed7d6,docyx_pc_part_dataset_2025_07_23,headset,Audio-Technica ATH-102USB,Audio-Technica,ATH-102USB,headset:audio-technica:ath-102usb,curated_alias,reference_only_needs_verification,needs_review,False,1,Black,True,on_ear,True,False,closed,"20,20",general;communication;gaming,gaming,100.0,130.0,frequency_units_ambiguous;unverified_reference_source
552efff814cd5bf9b6bb,docyx_pc_part_dataset_2025_07_23,headset,Audio-Technica ATH-CHX5ISBK,Audio-Technica,ATH-CHX5ISBK,headset:audio-technica:ath-chx5isbk,curated_alias,reference_only_needs_verification,needs_review,False,1,Black,True,in_ear,True,False,closed,"20,22",general;communication;gaming,gaming,100.0,130.0,frequency_units_ambiguous;unverified_reference_source
1e68fac9ebc612a9a01e,docyx_pc_part_dataset_2025_07_23,headset,Audio-Technica ATH-CHX5ISBL,Audio-Technica,ATH-CHX5ISBL,headset:audio-technica:ath-chx5isbl,curated_alias,reference_only_needs_verification,needs_review,False,1,Blue,True,in_ear,True,False,closed,"20,22",general;communication;gaming,gaming,100.0,130.0,frequency_units_ambiguous;unverified_reference_source
a33482e5b5cd413c60f6,docyx_pc_part_dataset_2025_07_23,headset,Audio-Technica ATH-CK313MBPK,Audio-Technica,ATH-CK313MBPK,headset:audio-technica:ath-ck313mbpk,curated_alias,reference_only_needs_verification,needs_review,False,1,Black;Pink,True,in_ear,True,False,closed,"20,23",general;communication;gaming,gaming,100.0,130.0,frequency_units_ambiguous;unverified_reference_source
4e93cdaf36860587c276,docyx_pc_part_dataset_2025_07_23,headset,Audio-Technica ATH-CK313MPK,Audio-Technica,ATH-CK313MPK,headset:audio-technica:ath-ck313mpk,curated_alias,reference_only_needs_verification,needs_review,False,1,Black;Pink,True,in_ear,True,False,closed,"20,23",general;communication;gaming,gaming,100.0,130.0,frequency_units_ambiguous;unverified_reference_source
34b4d1269a2f98c798f0,docyx_pc_part_dataset_2025_07_23,headset,Audio-Technica ATH-CKL202iSBK,Audio-Technica,ATH-CKL202iSBK,headset:audio-technica:ath-ckl202isbk,curated_alias,reference_only_needs_verification,needs_review,False,1,Black,True,in_ear,True,False,closed,"20,23",general;communication;gaming,gaming,100.0,130.0,frequency_units_ambiguous;unverified_reference_source
f7c0691997b168942ab6,docyx_pc_part_dataset_2025_07_23,headset,Audio-Technica ATH-G1WL,Audio-Technica,ATH-G1WL,headset:audio-technica:ath-g1wl,curated_alias,reference_only_needs_verification,needs_review,False,1,Black,True,over_ear,True,True,closed,"5,40",general;communication;gaming;portable,communication,100.0,130.0,frequency_units_ambiguous;unverified_reference_source
e1f8eae455506b612c61,docyx_pc_part_dataset_2025_07_23,headset,Audio-Technica ATH-M50xSTS StreamSet USB,Audio-Technica,ATH-M50xSTS StreamSet USB,headset:audio-technica:ath-m50xsts-streamset-usb,curated_alias,reference_only_needs_verification,needs_review,False,1,Black;Silver,True,over_ear,True,False,closed,"15,28",general;communication;gaming,gaming,100.0,130.0,frequency_units_ambiguous;unverified_reference_source
9f2ab3e84418e457d2ae,docyx_pc_part_dataset_2025_07_23,headset,Audio-Technica ATH-MSR7BK,Audio-Technica,ATH-MSR7BK,headset:audio-technica:ath-msr7bk,curated_alias,reference_only_needs_verification,needs_review,False,1,Black;Silver,True,over_ear,True,False,closed,"5,40",general;communication;gaming,gaming,100.0,130.0,frequency_units_ambiguous;unverified_reference_source
7f3546b4e9fe14c4ef25,docyx_pc_part_dataset_2025_07_23,headset,Audio-Technica ATH-S220BT,Audio-Technica,ATH-S220BT,headset:audio-technica:ath-s220bt,curated_alias,reference_only_needs_verification,needs_review,False,3,Beige;Black;Blue;White,True,over_ear,True,True,closed,"5,32",general;communication;gaming;portable,communication,100.0,130.0,frequency_units_ambiguous;unverified_reference_source;identity_duplicates_collapsed
af44384ded903010b763,docyx_pc_part_dataset_2025_07_23,headset,Audio-Technica ATH-TWX7,Audio-Technica,ATH-TWX7,headset:audio-technica:ath-twx7,curated_alias,reference_only_needs_verification,needs_review,False,3,Black;Brown;Gray;White,True,in_ear,True,True,closed,"10,40",general;communication;gaming;portable,communication,100.0,130.0,frequency_units_ambiguous;unverified_reference_source;identity_duplicates_collapsed
af5fae1c96b3033b13d8,docyx_pc_part_dataset_2025_07_23,headset,Audio-Technica SonicFuel CKR30iS,Audio-Technica,SonicFuel CKR30iS,headset:audio-technica:sonicfuel-ckr30is,curated_alias,reference_only_needs_verification,needs_review,False,1,White,True,in_ear,True,False,closed,"5,24",general;communication;gaming,gaming,100.0,130.0,frequency_units_ambiguous;unverified_reference_source
fd888ea8bf38e40ed762,docyx_pc_part_dataset_2025_07_23,headset,Audio-Technica SonicFuel CLR100iS,Audio-Technica,SonicFuel CLR100iS,headset:audio-technica:sonicfuel-clr100is,curated_alias,reference_only_needs_verification,needs_review,False,5,Black;Blue;Green;Pink;White,True,in_ear,True,False,closed,"20,25",general;communication;gaming,gaming,100.0,130.0,frequency_units_ambiguous;unverified_reference_source;identity_duplicates_collapsed
e225e9ea93d7b13f63b2,docyx_pc_part_dataset_2025_07_23,headset,Corsair HS35 v2,Corsair,HS35 v2,headset:corsair:hs35-v2,curated_alias,reference_only_needs_verification,needs_review,False,4,Black;Blue;Red,True,over_ear,True,False,closed,,general;communication;gaming,gaming,100.0,130.0,unverified_reference_source;identity_duplicates_collapsed
d567b945087773431110,docyx_pc_part_dataset_2025_07_23,headset,Corsair HS55 STEREO,Corsair,HS55 STEREO,headset:corsair:hs55-stereo,curated_alias,reference_only_needs_verification,needs_review,False,2,Black;Gray;White,True,over_ear,True,False,closed,"20,20",general;communication;gaming,gaming,100.0,130.0,frequency_units_ambiguous;unverified_reference_source;identity_duplicates_collapsed
44c06abea9a7468f1ef3,docyx_pc_part_dataset_2025_07_23,headset,Corsair HS55 SURROUND,Corsair,HS55 SURROUND,headset:corsair:hs55-surround,curated_alias,reference_only_needs_verification,needs_review,False,2,Black;Gray;White,True,over_ear,True,False,closed,"20,20",general;communication;gaming,gaming,100.0,130.0,frequency_units_ambiguous;unverified_reference_source;identity_duplicates_collapsed
ae60447bc912237476e3,docyx_pc_part_dataset_2025_07_23,headset,Corsair HS60 HAPTIC,Corsair,HS60 HAPTIC,headset:corsair:hs60-haptic,curated_alias,reference_only_needs_verification,needs_review,False,2,Black;Gray,True,over_ear,True,False,closed,"20,20",general;communication;gaming,gaming,100.0,130.0,frequency_units_ambiguous;unverified_reference_source;identity_duplicates_collapsed
6868573cc881a58e8264,docyx_pc_part_dataset_2025_07_23,headset,Corsair HS65 SURROUND,Corsair,HS65 SURROUND,headset:corsair:hs65-surround,curated_alias,reference_only_needs_verification,needs_review,False,2,Black;Gray;White,True,over_ear,True,False,closed,"20,20",general;communication;gaming,gaming,100.0,130.0,frequency_units_ambiguous;unverified_reference_source;identity_duplicates_collapsed
6cf6501e1ddd4cf29e59,docyx_pc_part_dataset_2025_07_23,headset,Corsair HS70 PRO,Corsair,HS70 PRO,headset:corsair:hs70-pro,curated_alias,reference_only_needs_verification,needs_review,False,2,Beige;Black,True,over_ear,True,True,closed,"20,20",general;communication;gaming;portable,communication,100.0,130.0,frequency_units_ambiguous;unverified_reference_source;identity_duplicates_collapsed
ec15f30ccefb4cea1e5f,docyx_pc_part_dataset_2025_07_23,headset,Corsair HS80 MAX WIRELESS,Corsair,HS80 MAX WIRELESS,headset:corsair:hs80-max-wireless,curated_alias,reference_only_needs_verification,needs_review,False,2,Black;Gray;White,True,over_ear,True,True,closed,"20,40",general;communication;gaming;portable,communication,100.0,130.0,frequency_units_ambiguous;unverified_reference_source;identity_duplicates_collapsed
67972ca91a583c50293f,docyx_pc_part_dataset_2025_07_23,headset,Corsair HS80 RGB,Corsair,HS80 RGB,headset:corsair:hs80-rgb,curated_alias,reference_only_needs_verification,needs_review,False,4,Black;Gray;White,True,over_ear,True,True,closed,"20,40",general;communication;gaming;portable,communication,100.0,130.0,frequency_units_ambiguous;unverified_reference_source;identity_duplicates_collapsed
f317c43787ca9d973dd0,docyx_pc_part_dataset_2025_07_23,headset,Corsair VIRTUOSO MAX,Corsair,VIRTUOSO MAX,headset:corsair:virtuoso-max,curated_alias,reference_only_needs_verification,needs_review,False,2,Black;Silver,True,over_ear,True,True,closed,"20,40",general;communication;gaming;portable,communication,100.0,130.0,frequency_units_ambiguous;unverified_reference_source;identity_duplicates_collapsed
fa07892e972d0c69c0c4,docyx_pc_part_dataset_2025_07_23,headset,Corsair VIRTUOSO RGB Wireless XT,Corsair,VIRTUOSO RGB Wireless XT,headset:corsair:virtuoso-rgb-wireless-xt,curated_alias,reference_only_needs_verification,needs_review,False,1,Black;Silver,True,over_ear,True,True,closed,"20,40",general;communication;gaming;portable,communication,100.0,130.0,frequency_units_ambiguous;unverified_reference_source
eadb9d12b4eaf5f0a65c,docyx_pc_part_dataset_2025_07_23,headset,Corsair VOID RGB ELITE,Corsair,VOID RGB ELITE,headset:corsair:void-rgb-elite,curated_alias,reference_only_needs_verification,needs_review,False,4,Black;White,True,over_ear,True,True,closed,"20,30",general;communication;gaming;portable,communication,100.0,130.0,frequency_units_ambiguous;unverified_reference_source;identity_duplicates_collapsed
6c9f94ac4061cd93f81a,docyx_pc_part_dataset_2025_07_23,headset,Corsair VOID WIRELESS v2,Corsair,VOID WIRELESS v2,headset:corsair:void-wireless-v2,curated_alias,reference_only_needs_verification,needs_review,False,2,Black;White,True,over_ear,True,True,closed,"20,20",general;communication;gaming;portable,communication,100.0,130.0,frequency_units_ambiguous;unverified_reference_source;identity_duplicates_collapsed
37bfa1061ef5495c4aa4,docyx_pc_part_dataset_2025_07_23,headset,Corsair Virtuoso RGB,Corsair,Virtuoso RGB,headset:corsair:virtuoso-rgb,curated_alias,reference_only_needs_verification,needs_review,False,2,Black;White,True,over_ear,True,True,closed,"20,40",general;communication;gaming;portable,communication,100.0,130.0,frequency_units_ambiguous;unverified_reference_source;identity_duplicates_collapsed
1efd0ecb17edbc9df24e,docyx_pc_part_dataset_2025_07_23,headset,Corsair Virtuoso RGB SE,Corsair,Virtuoso RGB SE,headset:corsair:virtuoso-rgb-se,curated_alias,reference_only_needs_verification,needs_review,False,2,Black;White,True,over_ear,True,True,closed,"20,40",general;communication;gaming;portable,communication,100.0,130.0,frequency_units_ambiguous;unverified_reference_source;identity_duplicates_collapsed
486d85c8d72cdd1047fd,docyx_pc_part_dataset_2025_07_23,headset,HP HyperX Cloud Alpha,HyperX,Cloud Alpha,headset:hyperx:cloud-alpha,curated_alias,reference_only_needs_verification,needs_review,False,2,Black;Red,True,over_ear,True,True,closed,"15,21",general;communication;gaming;portable,communication,100.0,130.0,frequency_units_ambiguous;unverified_reference_source;identity_duplicates_collapsed
4a0ffe9f21f61453db70,docyx_pc_part_dataset_2025_07_23,headset,HP HyperX Cloud II,HyperX,Cloud II,headset:hyperx:cloud-ii,curated_alias,reference_only_needs_verification,needs_review,False,4,Black;Gunmetal;Red,True,over_ear,True,False,closed,"15,25",general;communication;gaming,gaming,100.0,130.0,frequency_units_ambiguous;unverified_reference_source;identity_duplicates_collapsed
6d8d04c5371af3287673,docyx_pc_part_dataset_2025_07_23,headset,HP HyperX Cloud III,HyperX,Cloud III,headset:hyperx:cloud-iii,curated_alias,reference_only_needs_verification,needs_review,False,4,Black;Red,True,over_ear,True,True,closed,"10,21",general;communication;gaming;portable,communication,100.0,130.0,frequency_units_ambiguous;unverified_reference_source;identity_duplicates_collapsed
f56ba3bec93bd6730b4c,docyx_pc_part_dataset_2025_07_23,headset,HP HyperX Cloud Stinger,HyperX,Cloud Stinger,headset:hyperx:cloud-stinger,curated_alias,reference_only_needs_verification,needs_review,False,3,Black;Gray;Pink;Red,True,over_ear,True,False,closed,"18,23",general;communication;gaming,gaming,100.0,130.0,frequency_units_ambiguous;unverified_reference_source;identity_duplicates_collapsed
b9c074a3c2d43a41b206,docyx_pc_part_dataset_2025_07_23,headset,HP HyperX Cloud Stinger 2,HyperX,Cloud Stinger 2,headset:hyperx:cloud-stinger-2,curated_alias,reference_only_needs_verification,needs_review,False,1,Black,True,over_ear,True,False,closed,"10,28",general;communication;gaming,gaming,100.0,130.0,frequency_units_ambiguous;unverified_reference_source
32f15feb53a34b5ae192,docyx_pc_part_dataset_2025_07_23,headset,HP HyperX Cloud Stinger 2 Core,HyperX,Cloud Stinger 2 Core,headset:hyperx:cloud-stinger-2-core,curated_alias,reference_only_needs_verification,needs_review,False,1,Black,True,over_ear,True,False,closed,"10,25",general;communication;gaming,gaming,100.0,130.0,frequency_units_ambiguous;unverified_reference_source
93f2222afaeaaaa0a658,docyx_pc_part_dataset_2025_07_23,headset,HP HyperX Cloud Stinger Core - PS5/PS4,HyperX,Cloud Stinger Core - PS5/PS4,headset:hyperx:cloud-stinger-core-ps5-ps4,curated_alias,reference_only_needs_verification,needs_review,False,1,Black;Blue,True,over_ear,True,False,closed,"20,20",general;communication;gaming,gaming,100.0,130.0,frequency_units_ambiguous;unverified_reference_source
1f027a3da313efa45a8c,docyx_pc_part_dataset_2025_07_23,headset,HP HyperX Cloud Stinger Core - Wireless,HyperX,Cloud Stinger Core - Wireless,headset:hyperx:cloud-stinger-core-wireless,curated_alias,reference_only_needs_verification,needs_review,False,1,Black,True,over_ear,True,True,closed,"10,21",general;communication;gaming;portable,communication,100.0,130.0,frequency_units_ambiguous;unverified_reference_source
201c96805ac6c33b30ae,docyx_pc_part_dataset_2025_07_23,headset,HP HyperX Cloud Stinger Core - Wireless PS5/PS4,HyperX,Cloud Stinger Core - Wireless PS5/PS4,headset:hyperx:cloud-stinger-core-wireless-ps5-ps4,curated_alias,reference_only_needs_verification,needs_review,False,1,Blue;White,True,over_ear,True,True,closed,"10,21",general;communication;gaming;portable,communication,100.0,130.0,frequency_units_ambiguous;unverified_reference_source
db5aedc85a4fbad15adc,docyx_pc_part_dataset_2025_07_23,headset,HP HyperX Cloud Stinger Core - Wireless Xbox,HyperX,Cloud Stinger Core - Wireless Xbox,headset:hyperx:cloud-stinger-core-wireless-xbox,curated_alias,reference_only_needs_verification,needs_review,False,1,Gray;Green,True,over_ear,True,True,closed,"10,21",general;communication;gaming;portable,communication,100.0,130.0,frequency_units_ambiguous;unverified_reference_source
fcb2c104e00b2be2d80a,docyx_pc_part_dataset_2025_07_23,headset,HP HyperX CloudX,HyperX,CloudX,headset:hyperx:cloudx,curated_alias,reference_only_needs_verification,needs_review,False,1,Black;Silver,True,over_ear,True,False,closed,"15,25",general;communication;gaming,gaming,100.0,130.0,frequency_units_ambiguous;unverified_reference_source
a85269de60701e358fd5,docyx_pc_part_dataset_2025_07_23,headset,HP HyperX CloudX Flight,HyperX,CloudX Flight,headset:hyperx:cloudx-flight,curated_alias,reference_only_needs_verification,needs_review,False,1,Black;Green,True,over_ear,True,True,closed,"20,20",general;communication;gaming;portable,communication,100.0,130.0,frequency_units_ambiguous;unverified_reference_source
a6d20016c5409226acc3,docyx_pc_part_dataset_2025_07_23,headset,HP HyperX CloudX Stinger Core - Xbox,HyperX,CloudX Stinger Core - Xbox,headset:hyperx:cloudx-stinger-core-xbox,curated_alias,reference_only_needs_verification,needs_review,False,1,Black;Green,True,over_ear,True,False,closed,"20,20",general;communication;gaming,gaming,100.0,130.0,frequency_units_ambiguous;unverified_reference_source
885bb428e959ad044bfd,docyx_pc_part_dataset_2025_07_23,headset,Logitech ASTRO A10,Logitech,ASTRO A10,headset:logitech:astro-a10,curated_alias,reference_only_needs_verification,needs_review,False,5,Black;Gray;Green;Purple;Red;White,True,over_ear,True,False,closed,"20,20",general;communication;gaming,gaming,100.0,130.0,frequency_units_ambiguous;unverified_reference_source;identity_duplicates_collapsed
a8519924eb1c85037fd5,docyx_pc_part_dataset_2025_07_23,headset,Logitech ASTRO A30 LIGHTSPEED (Playstation/PC),Logitech,ASTRO A30 LIGHTSPEED (Playstation/PC),headset:logitech:astro-a30-lightspeed-playstation-pc,curated_alias,reference_only_needs_verification,needs_review,False,2,Black;Blue;White,True,over_ear,True,True,closed,"20,20",general;communication;gaming;portable,communication,100.0,130.0,frequency_units_ambiguous;unverified_reference_source;identity_duplicates_collapsed
1e1eab3ce617f363514b,docyx_pc_part_dataset_2025_07_23,headset,Logitech ASTRO A30 LIGHTSPEED (Xbox/PC),Logitech,ASTRO A30 LIGHTSPEED (Xbox/PC),headset:logitech:astro-a30-lightspeed-xbox-pc,curated_alias,reference_only_needs_verification,needs_review,False,2,Black;Blue;White,True,over_ear,True,True,closed,"20,20",general;communication;gaming;portable,communication,100.0,130.0,frequency_units_ambiguous;unverified_reference_source;identity_duplicates_collapsed
6179473cf090c4302b20,docyx_pc_part_dataset_2025_07_23,headset,Logitech ASTRO A40 TR,Logitech,ASTRO A40 TR,headset:logitech:astro-a40-tr,curated_alias,reference_only_needs_verification,needs_review,False,2,Black;Blue;Red,True,over_ear,True,False,closed,"20,20",general;communication;gaming,gaming,100.0,130.0,frequency_units_ambiguous;unverified_reference_source;identity_duplicates_collapsed
4cac242f0620dc18f84b,docyx_pc_part_dataset_2025_07_23,headset,Logitech ASTRO A50 (GEN 5),Logitech,ASTRO A50 (GEN 5),headset:logitech:astro-a50-gen-5,curated_alias,reference_only_needs_verification,needs_review,False,2,Black;Red;White,True,over_ear,True,True,closed,"20,20",general;communication;gaming;portable,communication,100.0,130.0,frequency_units_ambiguous;unverified_reference_source;identity_duplicates_collapsed
3b4ae13f57eb8ceefd2d,docyx_pc_part_dataset_2025_07_23,headset,Logitech ASTRO A50 + Base Station,Logitech,ASTRO A50 + Base Station,headset:logitech:astro-a50-base-station,curated_alias,reference_only_needs_verification,needs_review,False,2,Black;Gold;Gray,True,over_ear,True,True,closed,"20,20",general;communication;gaming;portable,communication,100.0,130.0,frequency_units_ambiguous;unverified_reference_source;identity_duplicates_collapsed
6cef6bc9583b70f05516,docyx_pc_part_dataset_2025_07_23,headset,Logitech ASTRO A50 X,Logitech,ASTRO A50 X,headset:logitech:astro-a50-x,curated_alias,reference_only_needs_verification,needs_review,False,2,Black;White,True,over_ear,True,True,closed,"20,20",general;communication;gaming;portable,communication,100.0,130.0,frequency_units_ambiguous;unverified_reference_source;identity_duplicates_collapsed
91f602983b0cc8bab9f3,docyx_pc_part_dataset_2025_07_23,headset,Logitech FITS,Logitech,FITS,headset:logitech:fits,curated_alias,reference_only_needs_verification,needs_review,False,2,Black;White,True,in_ear,True,True,closed,"20,20",general;communication;gaming;portable,communication,100.0,130.0,frequency_units_ambiguous;unverified_reference_source;identity_duplicates_collapsed
0fdffdb622ff3d0bd741,docyx_pc_part_dataset_2025_07_23,headset,Logitech G535 LIGHTSPEED,Logitech,G535 LIGHTSPEED,headset:logitech:g535-lightspeed,curated_alias,reference_only_needs_verification,needs_review,False,1,Black;Blue,True,over_ear,True,True,closed,"20,20",general;communication;gaming;portable,communication,100.0,130.0,frequency_units_ambiguous;unverified_reference_source
7bfded5726ddd74bd750,docyx_pc_part_dataset_2025_07_23,headset,Logitech G933 Artemis Spectrum,Logitech,G933 Artemis Spectrum,headset:logitech:g933-artemis-spectrum,curated_alias,reference_only_needs_verification,needs_review,False,1,Black;Blue,True,over_ear,True,True,closed,"20,20",general;communication;gaming;portable,communication,100.0,130.0,frequency_units_ambiguous;unverified_reference_source
c10abd9a00a70f172165,docyx_pc_part_dataset_2025_07_23,headset,Logitech G PRO,Logitech,PRO,headset:logitech:pro,curated_alias,reference_only_needs_verification,needs_review,False,2,Black,True,over_ear,True,False,closed,"20,20",general;communication;gaming,gaming,100.0,130.0,frequency_units_ambiguous;unverified_reference_source;identity_duplicates_collapsed
000ee8b4da428fe6d4ab,docyx_pc_part_dataset_2025_07_23,headset,Logitech PRO X 2 LIGHTSPEED,Logitech,PRO X 2 LIGHTSPEED,headset:logitech:pro-x-2-lightspeed,curated_alias,reference_only_needs_verification,needs_review,False,3,Black;Pink;White,True,over_ear,True,True,closed,"20,20",general;communication;gaming;portable,communication,100.0,130.0,frequency_units_ambiguous;unverified_reference_source;identity_duplicates_collapsed
a7d062a06a4a78152d9b,docyx_pc_part_dataset_2025_07_23,headset,Logitech Pro X,Logitech,Pro X,headset:logitech:pro-x,curated_alias,reference_only_needs_verification,needs_review,False,2,Black,True,over_ear,True,False,closed,"20,20",general;communication;gaming,gaming,100.0,130.0,frequency_units_ambiguous;unverified_reference_source;identity_duplicates_collapsed
f0372534450fe47836da,docyx_pc_part_dataset_2025_07_23,headset,Logitech Pro X Shroud,Logitech,Pro X Shroud,headset:logitech:pro-x-shroud,curated_alias,reference_only_needs_verification,needs_review,False,1,Black;Blue,True,over_ear,True,True,closed,"20,20",general;communication;gaming;portable,communication,100.0,130.0,frequency_units_ambiguous;unverified_reference_source
2ce368909a20bbb72e89,docyx_pc_part_dataset_2025_07_23,headset,Razer Barracuda,Razer,Barracuda,headset:razer:barracuda,curated_alias,reference_only_needs_verification,needs_review,False,1,Black,True,over_ear,True,True,closed,"20,20",general;communication;gaming;portable,communication,100.0,130.0,frequency_units_ambiguous;unverified_reference_source
b95455aa08dcbdf32f1b,docyx_pc_part_dataset_2025_07_23,headset,Razer Barracuda Pro,Razer,Barracuda Pro,headset:razer:barracuda-pro,curated_alias,reference_only_needs_verification,needs_review,False,1,Black,True,over_ear,True,True,closed,"20,20",general;communication;gaming;portable,communication,100.0,130.0,frequency_units_ambiguous;unverified_reference_source
d2f44fe664d34a5021f1,docyx_pc_part_dataset_2025_07_23,headset,Razer Barracuda X,Razer,Barracuda X,headset:razer:barracuda-x,curated_alias,reference_only_needs_verification,needs_review,False,3,Black;Gray;Pink;White,True,over_ear,True,True,closed,"20,20",general;communication;gaming;portable,communication,100.0,130.0,frequency_units_ambiguous;unverified_reference_source;identity_duplicates_collapsed
9429b92d1b3fcdc0f085,docyx_pc_part_dataset_2025_07_23,headset,Razer Barracuda X (2021),Razer,Barracuda X (2021),headset:razer:barracuda-x-2021,curated_alias,reference_only_needs_verification,needs_review,False,1,Black,True,over_ear,True,True,closed,"20,20",general;communication;gaming;portable,communication,100.0,130.0,frequency_units_ambiguous;unverified_reference_source
837dfa4dcfe322aab280,docyx_pc_part_dataset_2025_07_23,headset,Razer BlackShark V2,Razer,BlackShark V2,headset:razer:blackshark-v2,curated_alias,reference_only_needs_verification,needs_review,False,1,Black;Green,True,over_ear,True,False,closed,"12,28",general;communication;gaming,gaming,100.0,130.0,frequency_units_ambiguous;unverified_reference_source
198f6b9d8b0090837a45,docyx_pc_part_dataset_2025_07_23,headset,Razer BlackShark V2 HyperSpeed,Razer,BlackShark V2 HyperSpeed,headset:razer:blackshark-v2-hyperspeed,curated_alias,reference_only_needs_verification,needs_review,False,2,Black;White,True,over_ear,True,False,closed,"12,28",general;communication;gaming,gaming,100.0,130.0,frequency_units_ambiguous;unverified_reference_source;identity_duplicates_collapsed
d9b4f01b41bf8336db00,docyx_pc_part_dataset_2025_07_23,headset,Razer BlackShark V2 Pro,Razer,BlackShark V2 Pro,headset:razer:blackshark-v2-pro,curated_alias,reference_only_needs_verification,needs_review,False,1,Black,True,over_ear,True,True,closed,"12,28",general;communication;gaming;portable,communication,100.0,130.0,frequency_units_ambiguous;unverified_reference_source
56f42315f110576fe0b8,docyx_pc_part_dataset_2025_07_23,headset,Razer BlackShark V2 Pro (2023),Razer,BlackShark V2 Pro (2023),headset:razer:blackshark-v2-pro-2023,curated_alias,reference_only_needs_verification,needs_review,False,2,Black;White,True,over_ear,True,True,closed,"12,28",general;communication;gaming;portable,communication,100.0,130.0,frequency_units_ambiguous;unverified_reference_source;identity_duplicates_collapsed
7b366b9c6eee420468d1,docyx_pc_part_dataset_2025_07_23,headset,Razer BlackShark V2 X,Razer,BlackShark V2 X,headset:razer:blackshark-v2-x,curated_alias,reference_only_needs_verification,needs_review,False,1,Black;Green,True,over_ear,True,False,closed,"12,28",general;communication;gaming,gaming,100.0,130.0,frequency_units_ambiguous;unverified_reference_source
38a3360621577a4d9c63,docyx_pc_part_dataset_2025_07_23,headset,Razer Electra V2 USB,Razer,Electra V2 USB,headset:razer:electra-v2-usb,curated_alias,reference_only_needs_verification,needs_review,False,1,Black;Green,True,over_ear,True,False,closed,"20,20",general;communication;gaming,gaming,100.0,130.0,frequency_units_ambiguous;unverified_reference_source
4d070a877b71a3decf5b,docyx_pc_part_dataset_2025_07_23,headset,Razer Kaira Pro for PlayStation,Razer,Kaira Pro for PlayStation,headset:razer:kaira-pro-for-playstation,curated_alias,reference_only_needs_verification,needs_review,False,1,Black;White,True,over_ear,True,True,closed,"20,20",general;communication;gaming;portable,communication,100.0,130.0,frequency_units_ambiguous;unverified_reference_source
7b5e9fa8b6c85b5615f6,docyx_pc_part_dataset_2025_07_23,headset,Razer Kaira for PlayStation,Razer,Kaira for PlayStation,headset:razer:kaira-for-playstation,curated_alias,reference_only_needs_verification,needs_review,False,1,Black;White,True,over_ear,True,True,closed,"20,20",general;communication;gaming;portable,communication,100.0,130.0,frequency_units_ambiguous;unverified_reference_source
122dfcf0dfb9c0197599,docyx_pc_part_dataset_2025_07_23,headset,Razer Kaira for Xbox,Razer,Kaira for Xbox,headset:razer:kaira-for-xbox,curated_alias,reference_only_needs_verification,needs_review,False,2,Black;Green;White,True,over_ear,True,True,closed,"20,20",general;communication;gaming;portable,communication,100.0,130.0,frequency_units_ambiguous;unverified_reference_source;identity_duplicates_collapsed
edb8b2e84e4f2e0df291,docyx_pc_part_dataset_2025_07_23,headset,Razer Kraken,Razer,Kraken,headset:razer:kraken,curated_alias,reference_only_needs_verification,needs_review,False,4,Black;Green,True,over_ear,True,False,closed,"20,20",general;communication;gaming,gaming,100.0,130.0,frequency_units_ambiguous;unverified_reference_source;identity_duplicates_collapsed
99f5bb6c137021cf4318,docyx_pc_part_dataset_2025_07_23,headset,Razer Kraken (2019),Razer,Kraken (2019),headset:razer:kraken-2019,curated_alias,reference_only_needs_verification,needs_review,False,5,Black;Blue;Green;Pink;White,True,over_ear,True,False,closed,"12,28",general;communication;gaming,gaming,100.0,130.0,frequency_units_ambiguous;unverified_reference_source;identity_duplicates_collapsed
f302d0df0e3c14d221b9,docyx_pc_part_dataset_2025_07_23,headset,Razer Kraken 7.1 V2,Razer,Kraken 7.1 V2,headset:razer:kraken-7-1-v2,curated_alias,reference_only_needs_verification,needs_review,False,1,Black;Green,True,over_ear,True,False,closed,"12,28",general;communication;gaming,gaming,100.0,130.0,frequency_units_ambiguous;unverified_reference_source
65cb0eb527ba102b6e93,docyx_pc_part_dataset_2025_07_23,headset,Razer Kraken BT - Hello Kitty and Friends Edition,Razer,Kraken BT - Hello Kitty and Friends Edition,headset:razer:kraken-bt-hello-kitty-and-friends-edition,curated_alias,reference_only_needs_verification,needs_review,False,1,Pink;White,True,over_ear,True,True,closed,"20,20",general;communication;gaming;portable,communication,100.0,130.0,frequency_units_ambiguous;unverified_reference_source
f90010a049625e21eb43,docyx_pc_part_dataset_2025_07_23,headset,Razer Kraken BT - Kitty Edition,Razer,Kraken BT - Kitty Edition,headset:razer:kraken-bt-kitty-edition,curated_alias,reference_only_needs_verification,needs_review,False,1,Pink;White,True,over_ear,True,True,closed,"20,20",general;communication;gaming;portable,communication,100.0,130.0,frequency_units_ambiguous;unverified_reference_source
cd9d6fabc033bd83a7f7,docyx_pc_part_dataset_2025_07_23,headset,Razer Kraken Forged,Razer,Kraken Forged,headset:razer:kraken-forged,curated_alias,reference_only_needs_verification,needs_review,False,2,Black;Silver,True,over_ear,True,False,closed,"20,20",general;communication;gaming,gaming,100.0,130.0,frequency_units_ambiguous;unverified_reference_source;identity_duplicates_collapsed
efa849aba8a4fe7b241b,docyx_pc_part_dataset_2025_07_23,headset,Razer Kraken Kitty V2 Pro,Razer,Kraken Kitty V2 Pro,headset:razer:kraken-kitty-v2-pro,curated_alias,reference_only_needs_verification,needs_review,False,2,Black;Gray;Pink,True,over_ear,True,False,closed,"20,20",general;communication;gaming,gaming,100.0,130.0,frequency_units_ambiguous;unverified_reference_source;identity_duplicates_collapsed
dfc7f5c010b6706de8e6,docyx_pc_part_dataset_2025_07_23,headset,Razer Kraken Ultimate,Razer,Kraken Ultimate,headset:razer:kraken-ultimate,curated_alias,reference_only_needs_verification,needs_review,False,1,Black,True,over_ear,True,False,closed,"20,20",general;communication;gaming,gaming,100.0,130.0,frequency_units_ambiguous;unverified_reference_source
6ea6ed3a1a72a75b6e6d,docyx_pc_part_dataset_2025_07_23,headset,Razer Kraken V3,Razer,Kraken V3,headset:razer:kraken-v3,curated_alias,reference_only_needs_verification,needs_review,False,1,Black,True,over_ear,True,False,closed,"20,20",general;communication;gaming,gaming,100.0,130.0,frequency_units_ambiguous;unverified_reference_source
eb8090134dd2e2caeba3,docyx_pc_part_dataset_2025_07_23,headset,Razer Kraken V3 HyperSense,Razer,Kraken V3 HyperSense,headset:razer:kraken-v3-hypersense,curated_alias,reference_only_needs_verification,needs_review,False,1,Black,True,over_ear,True,False,closed,"20,20",general;communication;gaming,gaming,100.0,130.0,frequency_units_ambiguous;unverified_reference_source
faf8c1008ca8cb4870d2,docyx_pc_part_dataset_2025_07_23,headset,Razer Kraken V3 Pro,Razer,Kraken V3 Pro,headset:razer:kraken-v3-pro,curated_alias,reference_only_needs_verification,needs_review,False,1,Black,True,over_ear,True,True,closed,"20,20",general;communication;gaming;portable,communication,100.0,130.0,frequency_units_ambiguous;unverified_reference_source
3195194ce621239ee403,docyx_pc_part_dataset_2025_07_23,headset,Razer Kraken V3 X,Razer,Kraken V3 X,headset:razer:kraken-v3-x,curated_alias,reference_only_needs_verification,needs_review,False,2,Black,True,over_ear,True,False,closed,"12,28",general;communication;gaming,gaming,100.0,130.0,frequency_units_ambiguous;unverified_reference_source;identity_duplicates_collapsed
dff2bbc7f29e2f2e28e7,docyx_pc_part_dataset_2025_07_23,headset,Razer Kraken V4 Pro,Razer,Kraken V4 Pro,headset:razer:kraken-v4-pro,curated_alias,reference_only_needs_verification,needs_review,False,1,Black,True,over_ear,True,True,closed,"20,28",general;communication;gaming;portable,communication,100.0,130.0,frequency_units_ambiguous;unverified_reference_source
61b208ff09e0a248c4aa,docyx_pc_part_dataset_2025_07_23,headset,Razer Kraken X,Razer,Kraken X,headset:razer:kraken-x,curated_alias,reference_only_needs_verification,needs_review,False,1,Black,True,over_ear,True,False,closed,"12,28",general;communication;gaming,gaming,100.0,130.0,frequency_units_ambiguous;unverified_reference_source
517067d47bfaf9af9d78,docyx_pc_part_dataset_2025_07_23,headset,Razer NARI,Razer,NARI,headset:razer:nari,curated_alias,reference_only_needs_verification,needs_review,False,1,Black;Green,True,over_ear,True,True,closed,"20,20",general;communication;gaming;portable,communication,100.0,130.0,frequency_units_ambiguous;unverified_reference_source
cd1d6efa46e96962835a,docyx_pc_part_dataset_2025_07_23,headset,Razer NARI ESSENTIAL,Razer,NARI ESSENTIAL,headset:razer:nari-essential,curated_alias,reference_only_needs_verification,needs_review,False,1,Black,True,over_ear,True,True,closed,"20,20",general;communication;gaming;portable,communication,100.0,130.0,frequency_units_ambiguous;unverified_reference_source
75a220f4dd56cd173a54,docyx_pc_part_dataset_2025_07_23,headset,Razer Opus X,Razer,Opus X,headset:razer:opus-x,curated_alias,reference_only_needs_verification,needs_review,False,3,Black;Green;Pink;White,True,over_ear,True,True,closed,"20,20",general;communication;gaming;portable,communication,100.0,130.0,frequency_units_ambiguous;unverified_reference_source;identity_duplicates_collapsed
cf6d93f1ea0e1748c647,docyx_pc_part_dataset_2025_07_23,headset,Razer Thresher For PS4,Razer,Thresher For PS4,headset:razer:thresher-for-ps4,curated_alias,reference_only_needs_verification,needs_review,False,1,Black;Blue,True,over_ear,True,True,closed,"12,28",general;communication;gaming;portable,communication,100.0,130.0,frequency_units_ambiguous;unverified_reference_source
ab702337536a2ef9994a,docyx_pc_part_dataset_2025_07_23,headset,Razer Thresher For Xbox One,Razer,Thresher For Xbox One,headset:razer:thresher-for-xbox-one,curated_alias,reference_only_needs_verification,needs_review,False,1,Black;Green,True,over_ear,True,True,closed,"12,28",general;communication;gaming;portable,communication,100.0,130.0,frequency_units_ambiguous;unverified_reference_source
03020dd7fbbc94e819de,docyx_pc_part_dataset_2025_07_23,headset,Sennheiser GSP 670,Sennheiser,GSP 670,headset:sennheiser:gsp-670,curated_alias,reference_only_needs_verification,needs_review,False,2,Black,True,over_ear,True,True,closed,"10,23",general;communication;gaming;portable,communication,100.0,130.0,frequency_units_ambiguous;unverified_reference_source;identity_duplicates_collapsed
be79f3b060e7c3a0810a,docyx_pc_part_dataset_2025_07_23,headset,Sennheiser HD 219s,Sennheiser,HD 219s,headset:sennheiser:hd-219s,curated_alias,reference_only_needs_verification,needs_review,False,1,Black,True,on_ear,True,False,closed,"19,21",general;communication;gaming,gaming,100.0,130.0,frequency_units_ambiguous;unverified_reference_source
33b052a516fc351b0adc,docyx_pc_part_dataset_2025_07_23,headset,Sennheiser HD 4.40BT,Sennheiser,HD 4.40BT,headset:sennheiser:hd-4-40bt,curated_alias,reference_only_needs_verification,needs_review,False,1,Black,True,over_ear,True,True,closed,"18,22",general;communication;gaming;portable,communication,100.0,130.0,frequency_units_ambiguous;unverified_reference_source
457fe48714b0020fcf44,docyx_pc_part_dataset_2025_07_23,headset,Sennheiser MOMENTUM 4,Sennheiser,MOMENTUM 4,headset:sennheiser:momentum-4,curated_alias,reference_only_needs_verification,needs_review,False,7,Black;Blue;Copper;Gray;Multicolor;White,True,over_ear,True,True,closed,"6,22",general;communication;gaming;portable,communication,100.0,130.0,frequency_units_ambiguous;unverified_reference_source;identity_duplicates_collapsed
5a8d7dda9a895aadcc93,docyx_pc_part_dataset_2025_07_23,headset,Sennheiser PC 5 CHAT,Sennheiser,PC 5 CHAT,headset:sennheiser:pc-5-chat,curated_alias,reference_only_needs_verification,needs_review,False,1,Black,True,on_ear,True,False,closed,"42,17",general;communication;gaming,gaming,100.0,130.0,frequency_units_ambiguous;unverified_reference_source
62c4ef3259afd29a8eb0,docyx_pc_part_dataset_2025_07_23,headset,Sennheiser ‎‎‎HD 450BT Black,Sennheiser,‎‎‎HD 450BT Black,headset:sennheiser:hd-450bt-black,curated_alias,reference_only_needs_verification,needs_review,False,1,Black;Gray,True,over_ear,True,True,closed,"18,22",general;communication;gaming;portable,communication,100.0,130.0,frequency_units_ambiguous;unverified_reference_source
fdfff59da873b17c7cb4,docyx_pc_part_dataset_2025_07_23,headset,Sony INZONE H3,Sony,INZONE H3,headset:sony:inzone-h3,curated_alias,reference_only_needs_verification,needs_review,False,1,Black;White,True,over_ear,True,False,closed,"10,20",general;communication;gaming,gaming,100.0,130.0,frequency_units_ambiguous;unverified_reference_source
b12a9ff76266c00ac22a,docyx_pc_part_dataset_2025_07_23,headset,Sony INZONE H5,Sony,INZONE H5,headset:sony:inzone-h5,curated_alias,reference_only_needs_verification,needs_review,False,2,Black;White,True,over_ear,True,True,closed,"5,20",general;communication;gaming;portable,communication,100.0,130.0,frequency_units_ambiguous;unverified_reference_source;identity_duplicates_collapsed
d2478ce22bf3b4a0900f,docyx_pc_part_dataset_2025_07_23,headset,Sony INZONE H9,Sony,INZONE H9,headset:sony:inzone-h9,curated_alias,reference_only_needs_verification,needs_review,False,1,,True,over_ear,True,True,closed,"5,20",general;communication;gaming;portable,communication,100.0,130.0,frequency_units_ambiguous;unverified_reference_source
b20c6ba70ff6f583f99c,docyx_pc_part_dataset_2025_07_23,headset,Sony MDR10RBLK,Sony,MDR10RBLK,headset:sony:mdr10rblk,curated_alias,reference_only_needs_verification,needs_review,False,2,Black;Silver;White,True,over_ear,True,False,closed,"5,40",general;communication;gaming,gaming,100.0,130.0,frequency_units_ambiguous;unverified_reference_source;identity_duplicates_collapsed
55ddf8147bb6b1fa2eae,docyx_pc_part_dataset_2025_07_23,headset,Sony MDRE9LP/BLK,Sony,MDRE9LP/BLK,headset:sony:mdre9lp-blk,curated_alias,reference_only_needs_verification,needs_review,False,1,Black,True,in_ear,True,False,closed,"18,22",general;communication;gaming,gaming,100.0,130.0,frequency_units_ambiguous;unverified_reference_source
31ee1427acccda3d6a7f,docyx_pc_part_dataset_2025_07_23,headset,Sony PS4 PLATINUM,Sony,PS4 PLATINUM,headset:sony:ps4-platinum,curated_alias,reference_only_needs_verification,needs_review,False,1,Black;Blue,True,over_ear,True,True,closed,,general;communication;gaming;portable,communication,100.0,130.0,unverified_reference_source
31f7260455c94e5b1f8a,docyx_pc_part_dataset_2025_07_23,headset,Sony WH-1000XM3,Sony,WH-1000XM3,headset:sony:wh-1000xm3,curated_alias,reference_only_needs_verification,needs_review,False,2,Black;Silver,True,over_ear,True,True,closed,"4,40",general;communication;gaming;portable,communication,100.0,130.0,frequency_units_ambiguous;unverified_reference_source;identity_duplicates_collapsed
1a0a7d78c14ce52bf259,docyx_pc_part_dataset_2025_07_23,headset,Sony WH-1000XM6,Sony,WH-1000XM6,headset:sony:wh-1000xm6,curated_alias,reference_only_needs_verification,needs_review,False,3,Black;Blue;White,True,over_ear,True,True,closed,"4,40",general;communication;gaming;portable,communication,100.0,130.0,frequency_units_ambiguous;unverified_reference_source;identity_duplicates_collapsed
0c53d3e15c4aa36b77bb,docyx_pc_part_dataset_2025_07_23,headset,Sony WH1000XM4,Sony,WH1000XM4,headset:sony:wh1000xm4,curated_alias,reference_only_needs_verification,needs_review,False,2,Black;Silver,True,over_ear,True,True,closed,"20,20",general;communication;gaming;portable,communication,100.0,130.0,frequency_units_ambiguous;unverified_reference_source;identity_duplicates_collapsed
ba676c5883af4a0ca4ec,docyx_pc_part_dataset_2025_07_23,headset,Sony ZX110 (Black),Sony,ZX110 (Black),headset:sony:zx110-black,curated_alias,reference_only_needs_verification,needs_review,False,1,Black,True,on_ear,True,False,closed,"12,22",general;communication;gaming,gaming,100.0,130.0,frequency_units_ambiguous;unverified_reference_source
87860752b2963e224970,docyx_pc_part_dataset_2025_07_23,headset,SteelSeries ARCTIS 5 (2019),SteelSeries,ARCTIS 5 (2019),headset:steelseries:arctis-5-2019,curated_alias,reference_only_needs_verification,needs_review,False,2,Black;White,True,over_ear,True,False,closed,"20,22",general;communication;gaming,gaming,100.0,130.0,frequency_units_ambiguous;unverified_reference_source;identity_duplicates_collapsed
a4e96e16bf00e0fda0fe,docyx_pc_part_dataset_2025_07_23,headset,SteelSeries ARCTIS 7 2019 Edition,SteelSeries,ARCTIS 7 2019 Edition,headset:steelseries:arctis-7-2019-edition,curated_alias,reference_only_needs_verification,needs_review,False,2,Black;White,True,over_ear,True,True,closed,"20,20",general;communication;gaming;portable,communication,100.0,130.0,frequency_units_ambiguous;unverified_reference_source;identity_duplicates_collapsed
674c49bb436847b513a9,docyx_pc_part_dataset_2025_07_23,headset,SteelSeries Arctis 1,SteelSeries,Arctis 1,headset:steelseries:arctis-1,curated_alias,reference_only_needs_verification,needs_review,False,3,Black,True,over_ear,True,True,closed,"20,20",general;communication;gaming;portable,communication,100.0,130.0,frequency_units_ambiguous;unverified_reference_source;identity_duplicates_collapsed
9f4808234bc143a2308c,docyx_pc_part_dataset_2025_07_23,headset,SteelSeries Arctis 5,SteelSeries,Arctis 5,headset:steelseries:arctis-5,curated_alias,reference_only_needs_verification,needs_review,False,1,Black,True,over_ear,True,False,closed,"20,22",general;communication;gaming,gaming,100.0,130.0,frequency_units_ambiguous;unverified_reference_source
631f3c891bdfa6832791,docyx_pc_part_dataset_2025_07_23,headset,SteelSeries Arctis 7P,SteelSeries,Arctis 7P,headset:steelseries:arctis-7p,curated_alias,reference_only_needs_verification,needs_review,False,1,Blue;White,True,over_ear,True,True,closed,"20,20",general;communication;gaming;portable,communication,100.0,130.0,frequency_units_ambiguous;unverified_reference_source
b82febe3a2c1d88eb2af,docyx_pc_part_dataset_2025_07_23,headset,SteelSeries Arctis 7X,SteelSeries,Arctis 7X,headset:steelseries:arctis-7x,curated_alias,reference_only_needs_verification,needs_review,False,1,Black;Green,True,over_ear,True,True,closed,"20,20",general;communication;gaming;portable,communication,100.0,130.0,frequency_units_ambiguous;unverified_reference_source
77e7bd306f869e0cc4e4,docyx_pc_part_dataset_2025_07_23,headset,SteelSeries Arctis Nova 1,SteelSeries,Arctis Nova 1,headset:steelseries:arctis-nova-1,curated_alias,reference_only_needs_verification,needs_review,False,2,Black;White,True,over_ear,True,False,closed,"20,22",general;communication;gaming,gaming,100.0,130.0,frequency_units_ambiguous;unverified_reference_source;identity_duplicates_collapsed
b30e4d909532641a4751,docyx_pc_part_dataset_2025_07_23,headset,SteelSeries Arctis Nova 1P,SteelSeries,Arctis Nova 1P,headset:steelseries:arctis-nova-1p,curated_alias,reference_only_needs_verification,needs_review,False,2,Black;White,True,over_ear,True,False,closed,"20,22",general;communication;gaming,gaming,100.0,130.0,frequency_units_ambiguous;unverified_reference_source;identity_duplicates_collapsed
3dceed9babaeeae7d080,docyx_pc_part_dataset_2025_07_23,headset,SteelSeries Arctis Nova 1X,SteelSeries,Arctis Nova 1X,headset:steelseries:arctis-nova-1x,curated_alias,reference_only_needs_verification,needs_review,False,1,Black,True,over_ear,True,False,closed,"20,22",general;communication;gaming,gaming,100.0,130.0,frequency_units_ambiguous;unverified_reference_source
96571088d8351305a2e8,docyx_pc_part_dataset_2025_07_23,headset,SteelSeries Arctis Nova 3,SteelSeries,Arctis Nova 3,headset:steelseries:arctis-nova-3,curated_alias,reference_only_needs_verification,needs_review,False,1,Black,True,over_ear,True,False,closed,"20,22",general;communication;gaming,gaming,100.0,130.0,frequency_units_ambiguous;unverified_reference_source
d7a9ad800291d3f988f3,docyx_pc_part_dataset_2025_07_23,headset,SteelSeries Arctis Nova 5,SteelSeries,Arctis Nova 5,headset:steelseries:arctis-nova-5,curated_alias,reference_only_needs_verification,needs_review,False,1,Black,True,over_ear,True,True,closed,"20,22",general;communication;gaming;portable,communication,100.0,130.0,frequency_units_ambiguous;unverified_reference_source
ed5c93ad1fa0ea1fa138,docyx_pc_part_dataset_2025_07_23,headset,SteelSeries Arctis Nova 5p,SteelSeries,Arctis Nova 5p,headset:steelseries:arctis-nova-5p,curated_alias,reference_only_needs_verification,needs_review,False,1,Black;Blue,True,over_ear,True,True,closed,"20,22",general;communication;gaming;portable,communication,100.0,130.0,frequency_units_ambiguous;unverified_reference_source
c8b7933766f1c9516dc1,docyx_pc_part_dataset_2025_07_23,headset,SteelSeries Arctis Nova 5x,SteelSeries,Arctis Nova 5x,headset:steelseries:arctis-nova-5x,curated_alias,reference_only_needs_verification,needs_review,False,1,Black;Green,True,over_ear,True,True,closed,"20,22",general;communication;gaming;portable,communication,100.0,130.0,frequency_units_ambiguous;unverified_reference_source
6dde470cafad565c50ed,docyx_pc_part_dataset_2025_07_23,headset,SteelSeries Arctis Nova 7,SteelSeries,Arctis Nova 7,headset:steelseries:arctis-nova-7,curated_alias,reference_only_needs_verification,needs_review,False,2,Black;White,True,over_ear,True,True,closed,"20,22",general;communication;gaming;portable,communication,100.0,130.0,frequency_units_ambiguous;unverified_reference_source;identity_duplicates_collapsed
3e51de9dcb1660c3b676,docyx_pc_part_dataset_2025_07_23,headset,SteelSeries Arctis Nova 7P,SteelSeries,Arctis Nova 7P,headset:steelseries:arctis-nova-7p,curated_alias,reference_only_needs_verification,needs_review,False,2,Black;Blue;White,True,over_ear,True,True,closed,"20,22",general;communication;gaming;portable,communication,100.0,130.0,frequency_units_ambiguous;unverified_reference_source;identity_duplicates_collapsed
3378a47b9d17525aad97,docyx_pc_part_dataset_2025_07_23,headset,SteelSeries Arctis Nova 7X,SteelSeries,Arctis Nova 7X,headset:steelseries:arctis-nova-7x,curated_alias,reference_only_needs_verification,needs_review,False,1,Black;Green,True,over_ear,True,True,closed,"20,22",general;communication;gaming;portable,communication,100.0,130.0,frequency_units_ambiguous;unverified_reference_source
c4c20ae80affd7417581,docyx_pc_part_dataset_2025_07_23,headset,SteelSeries Arctis Nova Pro,SteelSeries,Arctis Nova Pro,headset:steelseries:arctis-nova-pro,curated_alias,reference_only_needs_verification,needs_review,False,1,Black,True,over_ear,True,False,closed,"10,40",general;communication;gaming,gaming,100.0,130.0,frequency_units_ambiguous;unverified_reference_source
cb4b40e6e881160e5713,docyx_pc_part_dataset_2025_07_23,headset,"SteelSeries Arctis Nova Pro Wireless for PC, PS5, and PS4",SteelSeries,"Arctis Nova Pro Wireless for PC, PS5, and PS4",headset:steelseries:arctis-nova-pro-wireless-for-pc-ps5-and-ps4,curated_alias,reference_only_needs_verification,needs_review,False,3,Black;Silver;White,True,over_ear,True,True,closed,"10,40",general;communication;gaming;portable,communication,100.0,130.0,frequency_units_ambiguous;unverified_reference_source;identity_duplicates_collapsed
e6dfd647ce305512979f,docyx_pc_part_dataset_2025_07_23,headset,SteelSeries Arctis Nova Pro Wireless for PS5 and PS4,SteelSeries,Arctis Nova Pro Wireless for PS5 and PS4,headset:steelseries:arctis-nova-pro-wireless-for-ps5-and-ps4,curated_alias,reference_only_needs_verification,needs_review,False,1,Black,True,over_ear,True,True,closed,"10,40",general;communication;gaming;portable,communication,100.0,130.0,frequency_units_ambiguous;unverified_reference_source
d5c306a5aad99801cc05,docyx_pc_part_dataset_2025_07_23,headset,"SteelSeries Arctis Nova Pro Wireless for Xbox X|S, and Xbox One",SteelSeries,"Arctis Nova Pro Wireless for Xbox X|S, and Xbox One",headset:steelseries:arctis-nova-pro-wireless-for-xbox-x-s-and-xbox-one,curated_alias,reference_only_needs_verification,needs_review,False,2,Black;Silver;White,True,over_ear,True,True,closed,"10,40",general;communication;gaming;portable,communication,100.0,130.0,frequency_units_ambiguous;unverified_reference_source;identity_duplicates_collapsed
0604c82d7846f51375d7,docyx_pc_part_dataset_2025_07_23,headset,SteelSeries Arctis Nova Pro X,SteelSeries,Arctis Nova Pro X,headset:steelseries:arctis-nova-pro-x,curated_alias,reference_only_needs_verification,needs_review,False,1,Black,True,over_ear,True,False,closed,"10,40",general;communication;gaming,gaming,100.0,130.0,frequency_units_ambiguous;unverified_reference_source
bed8d24bdb7d35485bcf,docyx_pc_part_dataset_2025_07_23,headset,SteelSeries Arctis Prime,SteelSeries,Arctis Prime,headset:steelseries:arctis-prime,curated_alias,reference_only_needs_verification,needs_review,False,1,Black,True,over_ear,True,False,closed,"10,40",general;communication;gaming,gaming,100.0,130.0,frequency_units_ambiguous;unverified_reference_source
dd72a33bf7065211b076,docyx_pc_part_dataset_2025_07_23,headset,SteelSeries Arctis Pro,SteelSeries,Arctis Pro,headset:steelseries:arctis-pro,curated_alias,reference_only_needs_verification,needs_review,False,3,Black,True,over_ear,True,True,closed,"10,40",general;communication;gaming;portable,communication,100.0,130.0,frequency_units_ambiguous;unverified_reference_source;identity_duplicates_collapsed
c8494c16b8122ed6a80e,docyx_pc_part_dataset_2025_07_23,headset,SteelSeries Arctis Pro + GameDAC,SteelSeries,Arctis Pro + GameDAC,headset:steelseries:arctis-pro-gamedac,curated_alias,reference_only_needs_verification,needs_review,False,1,Black,True,over_ear,True,False,closed,"10,40",general;communication;gaming,gaming,100.0,130.0,frequency_units_ambiguous;unverified_reference_source
efab00edbab808563381,docyx_pc_part_dataset_2025_07_23,headset,SteelSeries Siberia 200,SteelSeries,Siberia 200,headset:steelseries:siberia-200,curated_alias,reference_only_needs_verification,needs_review,False,4,Black;Gold;Orange;Purple;White,True,over_ear,True,False,closed,"10,28",general;communication;gaming,gaming,100.0,130.0,frequency_units_ambiguous;unverified_reference_source;identity_duplicates_collapsed
b324c72c4cbdbab15248,docyx_pc_part_dataset_2025_07_23,headset,SteelSeries Siberia v2,SteelSeries,Siberia v2,headset:steelseries:siberia-v2,curated_alias,reference_only_needs_verification,needs_review,False,13,Black;Blue;Camo;Gold;Pink;Red;Silver;White;Yellow,True,over_ear,True,False,closed,"18,28",general;communication;gaming,gaming,100.0,130.0,frequency_units_ambiguous;unverified_reference_source;identity_duplicates_collapsed
ce8866a9a22e6c05b35c,docyx_pc_part_dataset_2025_07_23,headset,SteelSeries TUSQ,SteelSeries,TUSQ,headset:steelseries:tusq,curated_alias,reference_only_needs_verification,needs_review,False,1,,True,in_ear,True,False,closed,"20,20",general;communication;gaming,gaming,100.0,130.0,frequency_units_ambiguous;unverified_reference_source
e8825d667d33a373fdfb,docyx_pc_part_dataset_2025_07_23,headset,Audio-Technica ATH-GDL3,Audio-Technica,ATH-GDL3,headset:audio-technica:ath-gdl3,curated_alias,reference_only_needs_verification,needs_review,False,2,Black;Blue;White,True,over_ear,True,False,open,"10,35",general;communication;music_creation,music_creation,100.0,127.0,frequency_units_ambiguous;unverified_reference_source;identity_duplicates_collapsed
84286f08ca520611e130,docyx_pc_part_dataset_2025_07_23,headset,Audio-Technica ATH-PDG1,Audio-Technica,ATH-PDG1,headset:audio-technica:ath-pdg1,curated_alias,reference_only_needs_verification,needs_review,False,1,Black;Red,True,over_ear,True,False,open,"20,20",general;communication;music_creation,music_creation,100.0,127.0,frequency_units_ambiguous;unverified_reference_source
11dd214efceacd4a8b1a,docyx_pc_part_dataset_2025_07_23,headset,Corsair Virtuoso Pro,Corsair,Virtuoso Pro,headset:corsair:virtuoso-pro,curated_alias,reference_only_needs_verification,needs_review,False,2,Black;White,True,over_ear,True,False,open,"20,40",general;communication;music_creation,music_creation,100.0,127.0,frequency_units_ambiguous;unverified_reference_source;identity_duplicates_collapsed
15a3637d3041c035dd3e,docyx_pc_part_dataset_2025_07_23,headset,Razer Kraken V4,Razer,Kraken V4,headset:razer:kraken-v4,curated_alias,reference_only_needs_verification,needs_review,False,1,Black,True,over_ear,True,True,open,"20,28",general;communication;music_creation;portable,music_creation,100.0,127.0,frequency_units_ambiguous;unverified_reference_source
3f0b6e749ddfec0a5423,docyx_pc_part_dataset_2025_07_23,headset,Razer Kraken V4 X,Razer,Kraken V4 X,headset:razer:kraken-v4-x,curated_alias,reference_only_needs_verification,needs_review,False,1,Black,True,over_ear,True,False,open,"20,20",general;communication;music_creation,music_creation,100.0,127.0,frequency_units_ambiguous;unverified_reference_source
51b7bf40aca69574fad3,docyx_pc_part_dataset_2025_07_23,headset,Sennheiser GAME ONE,Sennheiser,GAME ONE,headset:sennheiser:game-one,curated_alias,reference_only_needs_verification,needs_review,False,2,Black;Red;White,True,over_ear,True,False,open,"15,28",general;communication;music_creation,music_creation,100.0,127.0,frequency_units_ambiguous;unverified_reference_source;identity_duplicates_collapsed
0f2ca4d16061741af055,docyx_pc_part_dataset_2025_07_23,headset,Sony INZONE H7,Sony,INZONE H7,headset:sony:inzone-h7,curated_alias,reference_only_needs_verification,needs_review,False,1,,True,over_ear,True,True,open,"5,20",general;communication;music_creation;portable,music_creation,100.0,127.0,frequency_units_ambiguous;unverified_reference_source
001f3928d471add8d385,docyx_pc_part_dataset_2025_07_23,headset,Asus CINEVIBE/BLK,ASUS,CINEVIBE/BLK,headset:asus:cinevibe-blk,curated_alias,reference_only_needs_verification,needs_review,False,1,Black;Red,False,on_ear,True,False,closed,"20,20",general;communication;gaming,gaming,100.0,125.0,frequency_units_ambiguous;unverified_reference_source
2250ec18241ce11982a7,docyx_pc_part_dataset_2025_07_23,headset,Asus HS-W1,ASUS,HS-W1,headset:asus:hs-w1,curated_alias,reference_only_needs_verification,needs_review,False,1,Black,False,on_ear,True,True,closed,,general;communication;gaming;portable,communication,100.0,125.0,unverified_reference_source
331fca767adb81f992ed,docyx_pc_part_dataset_2025_07_23,headset,Asus Orion Pro,ASUS,Orion Pro,headset:asus:orion-pro,curated_alias,reference_only_needs_verification,needs_review,False,1,Black;Red,False,over_ear,True,False,closed,"20,20",general;communication;gaming,gaming,100.0,125.0,frequency_units_ambiguous;unverified_reference_source
6dafa84f5fe7d7ecb117,docyx_pc_part_dataset_2025_07_23,headset,Asus ROG CENTURION,ASUS,ROG CENTURION,headset:asus:rog-centurion,curated_alias,reference_only_needs_verification,needs_review,False,1,Black,False,over_ear,True,False,closed,,general;communication;gaming,gaming,100.0,125.0,unverified_reference_source
9616d495c088309f062c,docyx_pc_part_dataset_2025_07_23,headset,Asus ROG Cetra RGB,ASUS,ROG Cetra RGB,headset:asus:rog-cetra-rgb,curated_alias,reference_only_needs_verification,needs_review,False,1,Black,False,in_ear,True,False,closed,"20,40",general;communication;gaming,gaming,100.0,125.0,frequency_units_ambiguous;unverified_reference_source
99ecb7df0695962d300c,docyx_pc_part_dataset_2025_07_23,headset,Asus ROG Delta Core,ASUS,ROG Delta Core,headset:asus:rog-delta-core,curated_alias,reference_only_needs_verification,needs_review,False,1,Black,False,over_ear,True,False,closed,"20,40",general;communication;gaming,gaming,100.0,125.0,frequency_units_ambiguous;unverified_reference_source
60faf96d0105c7fd97cd,docyx_pc_part_dataset_2025_07_23,headset,Asus ROG Delta White Edition,ASUS,ROG Delta White Edition,headset:asus:rog-delta-white-edition,curated_alias,reference_only_needs_verification,needs_review,False,1,White,False,over_ear,True,False,closed,"20,40",general;communication;gaming,gaming,100.0,125.0,frequency_units_ambiguous;unverified_reference_source
031446bf18347b6307a2,docyx_pc_part_dataset_2025_07_23,headset,Asus ROG STRIX FUSION 700,ASUS,ROG STRIX FUSION 700,headset:asus:rog-strix-fusion-700,curated_alias,reference_only_needs_verification,needs_review,False,1,Black,False,over_ear,True,True,closed,"20,40",general;communication;gaming;portable,communication,100.0,125.0,frequency_units_ambiguous;unverified_reference_source
dbcedc0ed5eac9c2b9fb,docyx_pc_part_dataset_2025_07_23,headset,Asus ROG Strix Fusion 300,ASUS,ROG Strix Fusion 300,headset:asus:rog-strix-fusion-300,curated_alias,reference_only_needs_verification,needs_review,False,1,Pink;White,False,over_ear,True,False,closed,"20,20",general;communication;gaming,gaming,100.0,125.0,frequency_units_ambiguous;unverified_reference_source
ff06700885cbd4a66107,docyx_pc_part_dataset_2025_07_23,headset,Asus ROG Strix Fusion Wireless,ASUS,ROG Strix Fusion Wireless,headset:asus:rog-strix-fusion-wireless,curated_alias,reference_only_needs_verification,needs_review,False,1,Black,False,over_ear,True,True,closed,"20,20",general;communication;gaming;portable,communication,100.0,125.0,frequency_units_ambiguous;unverified_reference_source
0c59e66a5930d8d74c59,docyx_pc_part_dataset_2025_07_23,headset,Asus ROG Strix Wireless,ASUS,ROG Strix Wireless,headset:asus:rog-strix-wireless,curated_alias,reference_only_needs_verification,needs_review,False,1,Black;Red,False,over_ear,True,True,closed,"20,20",general;communication;gaming;portable,communication,100.0,125.0,frequency_units_ambiguous;unverified_reference_source
e8a06174d37706084b9e,docyx_pc_part_dataset_2025_07_23,headset,Asus ROG Theta 7.1,ASUS,ROG Theta 7.1,headset:asus:rog-theta-7-1,curated_alias,reference_only_needs_verification,needs_review,False,1,Black,False,over_ear,True,False,closed,"20,40",general;communication;gaming,gaming,100.0,125.0,frequency_units_ambiguous;unverified_reference_source
feede5563c696880ec8e,docyx_pc_part_dataset_2025_07_23,headset,Asus STRIX 7.1,ASUS,STRIX 7.1,headset:asus:strix-7-1,curated_alias,reference_only_needs_verification,needs_review,False,1,Black;Orange,False,over_ear,True,False,closed,"20,20",general;communication;gaming,gaming,100.0,125.0,frequency_units_ambiguous;unverified_reference_source
7114e469cb99469ac9af,docyx_pc_part_dataset_2025_07_23,headset,Asus STRIX DSP,ASUS,STRIX DSP,headset:asus:strix-dsp,curated_alias,reference_only_needs_verification,needs_review,False,1,Black;Orange,False,over_ear,True,False,closed,"20,20",general;communication;gaming,gaming,100.0,125.0,frequency_units_ambiguous;unverified_reference_source
519c68c1cc77138391be,docyx_pc_part_dataset_2025_07_23,headset,Asus STRIX PRO,ASUS,STRIX PRO,headset:asus:strix-pro,curated_alias,reference_only_needs_verification,needs_review,False,1,Black;Orange,False,over_ear,True,False,closed,"20,20",general;communication;gaming,gaming,100.0,125.0,frequency_units_ambiguous;unverified_reference_source
b249adea41de061de629,docyx_pc_part_dataset_2025_07_23,headset,Asus TUF GAMING x Demon Slayer L.E. Nezuko Kamado,ASUS,TUF GAMING x Demon Slayer L.E. Nezuko Kamado,headset:asus:tuf-gaming-x-demon-slayer-l-e-nezuko-kamado,curated_alias,reference_only_needs_verification,needs_review,False,1,Pink;White,False,over_ear,True,False,closed,,general;communication;gaming,gaming,100.0,125.0,unverified_reference_source
f3944a44a08e3351103d,docyx_pc_part_dataset_2025_07_23,headset,Asus TUF GAMING x Demon Slayer L.E. Tanjiro Kamado,ASUS,TUF GAMING x Demon Slayer L.E. Tanjiro Kamado,headset:asus:tuf-gaming-x-demon-slayer-l-e-tanjiro-kamado,curated_alias,reference_only_needs_verification,needs_review,False,1,Black;Green,False,over_ear,True,False,closed,,general;communication;gaming,gaming,100.0,125.0,unverified_reference_source
fa60cf979b8dec321454,docyx_pc_part_dataset_2025_07_23,headset,Asus TUF Gaming H5,ASUS,TUF Gaming H5,headset:asus:tuf-gaming-h5,curated_alias,reference_only_needs_verification,needs_review,False,1,Black;Gold,False,over_ear,True,False,closed,"20,20",general;communication;gaming,gaming,100.0,125.0,frequency_units_ambiguous;unverified_reference_source
1d1662e73e477b9061b1,docyx_pc_part_dataset_2025_07_23,headset,Asus TUF Gaming H7,ASUS,TUF Gaming H7,headset:asus:tuf-gaming-h7,curated_alias,reference_only_needs_verification,needs_review,False,3,Black;Gray;Red;Yellow,False,over_ear,True,False,closed,"20,20",general;communication;gaming,gaming,100.0,125.0,frequency_units_ambiguous;unverified_reference_source;identity_duplicates_collapsed
82da21f283c295cfd5cd,docyx_pc_part_dataset_2025_07_23,headset,Asus TUF Gaming H7 Wireless,ASUS,TUF Gaming H7 Wireless,headset:asus:tuf-gaming-h7-wireless,curated_alias,reference_only_needs_verification,needs_review,False,2,Black;Yellow,False,over_ear,True,True,closed,"20,20",general;communication;gaming;portable,communication,100.0,125.0,frequency_units_ambiguous;unverified_reference_source;identity_duplicates_collapsed
12148c6fc5f23a355b19,docyx_pc_part_dataset_2025_07_23,headset,Asus Vulcan Pro,ASUS,Vulcan Pro,headset:asus:vulcan-pro,curated_alias,reference_only_needs_verification,needs_review,False,1,Black;Red,False,over_ear,True,False,closed,"20,20",general;communication;gaming,gaming,100.0,125.0,frequency_units_ambiguous;unverified_reference_source
ecf9ad8e955ba28bf1e9,docyx_pc_part_dataset_2025_07_23,headset,Audio-Technica ATH-A700X,Audio-Technica,ATH-A700X,headset:audio-technica:ath-a700x,curated_alias,reference_only_needs_verification,needs_review,False,1,Black;Blue,False,over_ear,True,False,closed,"5,35",general;communication;gaming,gaming,100.0,125.0,frequency_units_ambiguous;unverified_reference_source
75dcc1f7f5e6ad4821f9,docyx_pc_part_dataset_2025_07_23,headset,Audio-Technica ATH-AG1,Audio-Technica,ATH-AG1,headset:audio-technica:ath-ag1,curated_alias,reference_only_needs_verification,needs_review,False,1,Black;Gold,False,over_ear,True,False,closed,"5,35",general;communication;gaming,gaming,100.0,125.0,frequency_units_ambiguous;unverified_reference_source
8fa4834547e63be7dd39,docyx_pc_part_dataset_2025_07_23,headset,Audio-Technica ATH-ANC23BK,Audio-Technica,ATH-ANC23BK,headset:audio-technica:ath-anc23bk,curated_alias,reference_only_needs_verification,needs_review,False,1,Black;Gray,False,in_ear,True,False,closed,"20,20",general;communication;gaming,gaming,100.0,125.0,frequency_units_ambiguous;unverified_reference_source
18a93f4bd5d36ac1d12c,docyx_pc_part_dataset_2025_07_23,headset,Audio-Technica ATH-CHX5ISRD,Audio-Technica,ATH-CHX5ISRD,headset:audio-technica:ath-chx5isrd,curated_alias,reference_only_needs_verification,needs_review,False,1,Red,False,in_ear,True,False,closed,"20,22",general;communication;gaming,gaming,100.0,125.0,frequency_units_ambiguous;unverified_reference_source
4ffe52660dc57c631daa,docyx_pc_part_dataset_2025_07_23,headset,Audio-Technica ATH-CHX5ISWH,Audio-Technica,ATH-CHX5ISWH,headset:audio-technica:ath-chx5iswh,curated_alias,reference_only_needs_verification,needs_review,False,1,White,False,in_ear,True,False,closed,"20,22",general;communication;gaming,gaming,100.0,125.0,frequency_units_ambiguous;unverified_reference_source
4e465c15f1e500d026d3,docyx_pc_part_dataset_2025_07_23,headset,Audio-Technica ATH-CHX7ISBK,Audio-Technica,ATH-CHX7ISBK,headset:audio-technica:ath-chx7isbk,curated_alias,reference_only_needs_verification,needs_review,False,1,Black,False,in_ear,True,False,closed,"15,22",general;communication;gaming,gaming,100.0,125.0,frequency_units_ambiguous;unverified_reference_source
1efc4a007e23d5de5075,docyx_pc_part_dataset_2025_07_23,headset,Audio-Technica ATH-CHX7ISRD,Audio-Technica,ATH-CHX7ISRD,headset:audio-technica:ath-chx7isrd,curated_alias,reference_only_needs_verification,needs_review,False,1,Red,False,in_ear,True,False,closed,"15,22",general;communication;gaming,gaming,100.0,125.0,frequency_units_ambiguous;unverified_reference_source
5b3ae2d152600eeb921e,docyx_pc_part_dataset_2025_07_23,headset,Audio-Technica ATH-CHX7ISWH,Audio-Technica,ATH-CHX7ISWH,headset:audio-technica:ath-chx7iswh,curated_alias,reference_only_needs_verification,needs_review,False,1,White,False,in_ear,True,False,closed,"15,22",general;communication;gaming,gaming,100.0,125.0,frequency_units_ambiguous;unverified_reference_source
07c8e4dac7fcd2d12a68,docyx_pc_part_dataset_2025_07_23,headset,Audio-Technica ATH-CK313IBGR,Audio-Technica,ATH-CK313IBGR,headset:audio-technica:ath-ck313ibgr,curated_alias,reference_only_needs_verification,needs_review,False,1,Multicolor,False,in_ear,True,False,closed,"20,23",general;communication;gaming,gaming,100.0,125.0,frequency_units_ambiguous;unverified_reference_source
e5513a89433527571749,docyx_pc_part_dataset_2025_07_23,headset,Audio-Technica ATH-CK313IBK,Audio-Technica,ATH-CK313IBK,headset:audio-technica:ath-ck313ibk,curated_alias,reference_only_needs_verification,needs_review,False,1,Black,False,in_ear,True,False,closed,"20,23",general;communication;gaming,gaming,100.0,125.0,frequency_units_ambiguous;unverified_reference_source
54db5a681f1ee61c11c4,docyx_pc_part_dataset_2025_07_23,headset,Audio-Technica ATH-CK313IBL,Audio-Technica,ATH-CK313IBL,headset:audio-technica:ath-ck313ibl,curated_alias,reference_only_needs_verification,needs_review,False,1,Black;Blue,False,in_ear,True,False,closed,"20,23",general;communication;gaming,gaming,100.0,125.0,frequency_units_ambiguous;unverified_reference_source
109c3a3d7f15f84cf67d,docyx_pc_part_dataset_2025_07_23,headset,Audio-Technica ATH-CK313IRD,Audio-Technica,ATH-CK313IRD,headset:audio-technica:ath-ck313ird,curated_alias,reference_only_needs_verification,needs_review,False,2,Black;Blue;Red,False,in_ear,True,False,closed,"20,23",general;communication;gaming,gaming,100.0,125.0,frequency_units_ambiguous;unverified_reference_source;identity_duplicates_collapsed
15fca64cdd10e7fd5f55,docyx_pc_part_dataset_2025_07_23,headset,Audio-Technica ATH-CK313IWH,Audio-Technica,ATH-CK313IWH,headset:audio-technica:ath-ck313iwh,curated_alias,reference_only_needs_verification,needs_review,False,1,Black;White,False,in_ear,True,False,closed,"20,23",general;communication;gaming,gaming,100.0,125.0,frequency_units_ambiguous;unverified_reference_source
bd1409c5e9d333a63558,docyx_pc_part_dataset_2025_07_23,headset,Audio-Technica ATH-CK313MBGK,Audio-Technica,ATH-CK313MBGK,headset:audio-technica:ath-ck313mbgk,curated_alias,reference_only_needs_verification,needs_review,False,1,Black,False,in_ear,True,False,closed,"20,23",general;communication;gaming,gaming,100.0,125.0,frequency_units_ambiguous;unverified_reference_source
1b9fd42c631fc6b56885,docyx_pc_part_dataset_2025_07_23,headset,Audio-Technica ATH-CK313MBGR,Audio-Technica,ATH-CK313MBGR,headset:audio-technica:ath-ck313mbgr,curated_alias,reference_only_needs_verification,needs_review,False,1,Black;Green,False,in_ear,True,False,closed,"20,23",general;communication;gaming,gaming,100.0,125.0,frequency_units_ambiguous;unverified_reference_source
9c9c4a12e8b475ab6ee8,docyx_pc_part_dataset_2025_07_23,headset,Audio-Technica ATH-CK313MBL,Audio-Technica,ATH-CK313MBL,headset:audio-technica:ath-ck313mbl,curated_alias,reference_only_needs_verification,needs_review,False,1,Black,False,in_ear,True,False,closed,"20,23",general;communication;gaming,gaming,100.0,125.0,frequency_units_ambiguous;unverified_reference_source
3d84ed6106bee6e90377,docyx_pc_part_dataset_2025_07_23,headset,Audio-Technica ATH-CK313MBRD,Audio-Technica,ATH-CK313MBRD,headset:audio-technica:ath-ck313mbrd,curated_alias,reference_only_needs_verification,needs_review,False,1,Black;Red,False,in_ear,True,False,closed,"20,23",general;communication;gaming,gaming,100.0,125.0,frequency_units_ambiguous;unverified_reference_source
d201a8c13f714a746f24,docyx_pc_part_dataset_2025_07_23,headset,Audio-Technica ATH-CK313MBW,Audio-Technica,ATH-CK313MBW,headset:audio-technica:ath-ck313mbw,curated_alias,reference_only_needs_verification,needs_review,False,1,Black;Brown,False,in_ear,True,False,closed,"20,23",general;communication;gaming,gaming,100.0,125.0,frequency_units_ambiguous;unverified_reference_source
d7e01d07b94a3a116da4,docyx_pc_part_dataset_2025_07_23,headset,Audio-Technica ATH-CK313MRD,Audio-Technica,ATH-CK313MRD,headset:audio-technica:ath-ck313mrd,curated_alias,reference_only_needs_verification,needs_review,False,1,Black;Red,False,in_ear,True,False,closed,"20,23",general;communication;gaming,gaming,100.0,125.0,frequency_units_ambiguous;unverified_reference_source
dcf95c12e6ad48eb5526,docyx_pc_part_dataset_2025_07_23,headset,Audio-Technica ATH-CK313MSV,Audio-Technica,ATH-CK313MSV,headset:audio-technica:ath-ck313msv,curated_alias,reference_only_needs_verification,needs_review,False,1,Black;Silver,False,in_ear,True,False,closed,"20,23",general;communication;gaming,gaming,100.0,125.0,frequency_units_ambiguous;unverified_reference_source
0fed393f7d7f9ea6fdaa,docyx_pc_part_dataset_2025_07_23,headset,Audio-Technica ATH-CK313MWH,Audio-Technica,ATH-CK313MWH,headset:audio-technica:ath-ck313mwh,curated_alias,reference_only_needs_verification,needs_review,False,1,White,False,in_ear,True,False,closed,"20,23",general;communication;gaming,gaming,100.0,125.0,frequency_units_ambiguous;unverified_reference_source
9cd46e4de9b7c444ddb3,docyx_pc_part_dataset_2025_07_23,headset,Audio-Technica ATH-CK323IBK,Audio-Technica,ATH-CK323IBK,headset:audio-technica:ath-ck323ibk,curated_alias,reference_only_needs_verification,needs_review,False,1,Black,False,in_ear,True,False,closed,"20,23",general;communication;gaming,gaming,100.0,125.0,frequency_units_ambiguous;unverified_reference_source
015777a6a84b72cc0005,docyx_pc_part_dataset_2025_07_23,headset,Audio-Technica ATH-CK323IBL,Audio-Technica,ATH-CK323IBL,headset:audio-technica:ath-ck323ibl,curated_alias,reference_only_needs_verification,needs_review,False,1,Black;Blue,False,in_ear,True,False,closed,"20,23",general;communication;gaming,gaming,100.0,125.0,frequency_units_ambiguous;unverified_reference_source
e4c8f04a8d52f197e724,docyx_pc_part_dataset_2025_07_23,headset,Audio-Technica ATH-CK323IRD,Audio-Technica,ATH-CK323IRD,headset:audio-technica:ath-ck323ird,curated_alias,reference_only_needs_verification,needs_review,False,1,Black;Red,False,in_ear,True,False,closed,"20,23",general;communication;gaming,gaming,100.0,125.0,frequency_units_ambiguous;unverified_reference_source
0396fd2ef40cc5cbc3cd,docyx_pc_part_dataset_2025_07_23,headset,Audio-Technica ATH-CK323ISBK,Audio-Technica,ATH-CK323ISBK,headset:audio-technica:ath-ck323isbk,curated_alias,reference_only_needs_verification,needs_review,False,1,Black,False,in_ear,True,False,closed,"20,23",general;communication;gaming,gaming,100.0,125.0,frequency_units_ambiguous;unverified_reference_source
3d0fcf0c92697d0aa057,docyx_pc_part_dataset_2025_07_23,headset,Audio-Technica ATH-CK323IWH,Audio-Technica,ATH-CK323IWH,headset:audio-technica:ath-ck323iwh,curated_alias,reference_only_needs_verification,needs_review,False,1,White,False,in_ear,True,False,closed,"20,23",general;communication;gaming,gaming,100.0,125.0,frequency_units_ambiguous;unverified_reference_source
2d980a5d01a38d3dcd3d,docyx_pc_part_dataset_2025_07_23,headset,Audio-Technica ATH-CKL202iSBL,Audio-Technica,ATH-CKL202iSBL,headset:audio-technica:ath-ckl202isbl,curated_alias,reference_only_needs_verification,needs_review,False,1,Blue,False,in_ear,True,False,closed,"20,23",general;communication;gaming,gaming,100.0,125.0,frequency_units_ambiguous;unverified_reference_source
d7638c5afcf09484a44d,docyx_pc_part_dataset_2025_07_23,headset,Audio-Technica ATH-CKL202iSPK,Audio-Technica,ATH-CKL202iSPK,headset:audio-technica:ath-ckl202ispk,curated_alias,reference_only_needs_verification,needs_review,False,1,Pink,False,in_ear,True,False,closed,"20,23",general;communication;gaming,gaming,100.0,125.0,frequency_units_ambiguous;unverified_reference_source
74b7727f870a3967f5a7,docyx_pc_part_dataset_2025_07_23,headset,Audio-Technica ATH-CKL202iSRD,Audio-Technica,ATH-CKL202iSRD,headset:audio-technica:ath-ckl202isrd,curated_alias,reference_only_needs_verification,needs_review,False,1,Red,False,in_ear,True,False,closed,"20,23",general;communication;gaming,gaming,100.0,125.0,frequency_units_ambiguous;unverified_reference_source
ee5e1e65efeb6ec3688c,docyx_pc_part_dataset_2025_07_23,headset,Audio-Technica ATH-CKL202iSWH,Audio-Technica,ATH-CKL202iSWH,headset:audio-technica:ath-ckl202iswh,curated_alias,reference_only_needs_verification,needs_review,False,1,White,False,in_ear,True,False,closed,"20,23",general;communication;gaming,gaming,100.0,125.0,frequency_units_ambiguous;unverified_reference_source
0782b707473cd50d3bb4,docyx_pc_part_dataset_2025_07_23,headset,Audio-Technica ATH-CKM500ISBK,Audio-Technica,ATH-CKM500ISBK,headset:audio-technica:ath-ckm500isbk,curated_alias,reference_only_needs_verification,needs_review,False,1,Black,False,in_ear,True,False,closed,"5,25",general;communication;gaming,gaming,100.0,125.0,frequency_units_ambiguous;unverified_reference_source
d649195fb08a2d9fa8df,docyx_pc_part_dataset_2025_07_23,headset,Audio-Technica ATH-CKM500ISRD,Audio-Technica,ATH-CKM500ISRD,headset:audio-technica:ath-ckm500isrd,curated_alias,reference_only_needs_verification,needs_review,False,1,Black;Red,False,in_ear,True,False,closed,"5,25",general;communication;gaming,gaming,100.0,125.0,frequency_units_ambiguous;unverified_reference_source
182935a222ca7921fc61,docyx_pc_part_dataset_2025_07_23,headset,Audio-Technica ATH-CKM500ISWH,Audio-Technica,ATH-CKM500ISWH,headset:audio-technica:ath-ckm500iswh,curated_alias,reference_only_needs_verification,needs_review,False,1,White,False,in_ear,True,False,closed,"5,25",general;communication;gaming,gaming,100.0,125.0,frequency_units_ambiguous;unverified_reference_source
dcf83284ddd32eeb726e,docyx_pc_part_dataset_2025_07_23,headset,Audio-Technica ATH-CKP200ISBK,Audio-Technica,ATH-CKP200ISBK,headset:audio-technica:ath-ckp200isbk,curated_alias,reference_only_needs_verification,needs_review,False,1,Black,False,in_ear,True,False,closed,"20,23",general;communication;gaming,gaming,100.0,125.0,frequency_units_ambiguous;unverified_reference_source
063e92b333be9faab6be,docyx_pc_part_dataset_2025_07_23,headset,Audio-Technica ATH-CKP200ISBL,Audio-Technica,ATH-CKP200ISBL,headset:audio-technica:ath-ckp200isbl,curated_alias,reference_only_needs_verification,needs_review,False,1,Blue,False,in_ear,True,False,closed,"20,23",general;communication;gaming,gaming,100.0,125.0,frequency_units_ambiguous;unverified_reference_source
a5f266c815ca36220804,docyx_pc_part_dataset_2025_07_23,headset,Audio-Technica ATH-CKP200ISRD,Audio-Technica,ATH-CKP200ISRD,headset:audio-technica:ath-ckp200isrd,curated_alias,reference_only_needs_verification,needs_review,False,1,Red,False,in_ear,True,False,closed,"20,23",general;communication;gaming,gaming,100.0,125.0,frequency_units_ambiguous;unverified_reference_source
cacae233e9c13be843eb,docyx_pc_part_dataset_2025_07_23,headset,Audio-Technica ATH-CKR3ISBK,Audio-Technica,ATH-CKR3ISBK,headset:audio-technica:ath-ckr3isbk,curated_alias,reference_only_needs_verification,needs_review,False,1,Black,False,in_ear,True,False,closed,"5,24",general;communication;gaming,gaming,100.0,125.0,frequency_units_ambiguous;unverified_reference_source
57cefb789fcba1c81e63,docyx_pc_part_dataset_2025_07_23,headset,Audio-Technica ATH-CKR3ISBL,Audio-Technica,ATH-CKR3ISBL,headset:audio-technica:ath-ckr3isbl,curated_alias,reference_only_needs_verification,needs_review,False,1,Blue,False,in_ear,True,False,closed,"5,24",general;communication;gaming,gaming,100.0,125.0,frequency_units_ambiguous;unverified_reference_source
a4f15da5c11236f2810a,docyx_pc_part_dataset_2025_07_23,headset,Audio-Technica ATH-CKR3ISRD,Audio-Technica,ATH-CKR3ISRD,headset:audio-technica:ath-ckr3isrd,curated_alias,reference_only_needs_verification,needs_review,False,1,Red,False,in_ear,True,False,closed,"5,24",general;communication;gaming,gaming,100.0,125.0,frequency_units_ambiguous;unverified_reference_source
c3725cf262546abbbb96,docyx_pc_part_dataset_2025_07_23,headset,Audio-Technica ATH-CKR3ISWH,Audio-Technica,ATH-CKR3ISWH,headset:audio-technica:ath-ckr3iswh,curated_alias,reference_only_needs_verification,needs_review,False,1,White,False,in_ear,True,False,closed,"5,24",general;communication;gaming,gaming,100.0,125.0,frequency_units_ambiguous;unverified_reference_source
a95a7a4b932ec3f2262e,docyx_pc_part_dataset_2025_07_23,headset,Audio-Technica ATH-CKS1000,Audio-Technica,ATH-CKS1000,headset:audio-technica:ath-cks1000,curated_alias,reference_only_needs_verification,needs_review,False,1,Black,False,in_ear,True,False,closed,"5,26",general;communication;gaming,gaming,100.0,125.0,frequency_units_ambiguous;unverified_reference_source
769b1106555048c3d35b,docyx_pc_part_dataset_2025_07_23,headset,Audio-Technica ATH-CKS55BK,Audio-Technica,ATH-CKS55BK,headset:audio-technica:ath-cks55bk,curated_alias,reference_only_needs_verification,needs_review,False,1,Black,False,in_ear,True,False,closed,"5,24",general;communication;gaming,gaming,100.0,125.0,frequency_units_ambiguous;unverified_reference_source
ed60bb7d2f0f478c02f2,docyx_pc_part_dataset_2025_07_23,headset,Audio-Technica ATH-CKS55iBK,Audio-Technica,ATH-CKS55iBK,headset:audio-technica:ath-cks55ibk,curated_alias,reference_only_needs_verification,needs_review,False,1,Black,False,in_ear,True,False,closed,"5,24",general;communication;gaming,gaming,100.0,125.0,frequency_units_ambiguous;unverified_reference_source
ba4df312e5b2322fb91a,docyx_pc_part_dataset_2025_07_23,headset,Audio-Technica ATH-CKS77BK,Audio-Technica,ATH-CKS77BK,headset:audio-technica:ath-cks77bk,curated_alias,reference_only_needs_verification,needs_review,False,1,Black,False,in_ear,True,False,closed,"5,25",general;communication;gaming,gaming,100.0,125.0,frequency_units_ambiguous;unverified_reference_source
a60fc2c2a3e3f2abedb4,docyx_pc_part_dataset_2025_07_23,headset,Audio-Technica ATH-CKS99,Audio-Technica,ATH-CKS99,headset:audio-technica:ath-cks99,curated_alias,reference_only_needs_verification,needs_review,False,1,Black,False,in_ear,True,False,closed,"5,25",general;communication;gaming,gaming,100.0,125.0,frequency_units_ambiguous;unverified_reference_source
793f77a96074586d120f,docyx_pc_part_dataset_2025_07_23,headset,Audio-Technica ATH-CKS99I,Audio-Technica,ATH-CKS99I,headset:audio-technica:ath-cks99i,curated_alias,reference_only_needs_verification,needs_review,False,1,Black,False,in_ear,True,False,closed,"5,25",general;communication;gaming,gaming,100.0,125.0,frequency_units_ambiguous;unverified_reference_source
61f47cb59b56ba5ee18b,docyx_pc_part_dataset_2025_07_23,headset,Audio-Technica ATH-CP700BK,Audio-Technica,ATH-CP700BK,headset:audio-technica:ath-cp700bk,curated_alias,reference_only_needs_verification,needs_review,False,1,Black,False,in_ear,True,False,closed,"20,22",general;communication;gaming,gaming,100.0,125.0,frequency_units_ambiguous;unverified_reference_source
9bc3404888bd11531c96,docyx_pc_part_dataset_2025_07_23,headset,Audio-Technica ATH-M50xBT,Audio-Technica,ATH-M50xBT,headset:audio-technica:ath-m50xbt,curated_alias,reference_only_needs_verification,needs_review,False,1,Black;Silver,False,over_ear,True,True,closed,"15,28",general;communication;gaming;portable,communication,100.0,125.0,frequency_units_ambiguous;unverified_reference_source
d7a2c5720a4ab53185e1,docyx_pc_part_dataset_2025_07_23,headset,Audio-Technica ATH-MSR7GM,Audio-Technica,ATH-MSR7GM,headset:audio-technica:ath-msr7gm,curated_alias,reference_only_needs_verification,needs_review,False,1,Brown,False,over_ear,True,False,closed,"5,40",general;communication;gaming,gaming,100.0,125.0,frequency_units_ambiguous;unverified_reference_source
a0ed55e79c50c75e13aa,docyx_pc_part_dataset_2025_07_23,headset,Audio-Technica ATH-PG1,Audio-Technica,ATH-PG1,headset:audio-technica:ath-pg1,curated_alias,reference_only_needs_verification,needs_review,False,1,Black;Gold,False,over_ear,True,False,closed,"20,20",general;communication;gaming,gaming,100.0,125.0,frequency_units_ambiguous;unverified_reference_source
e508599519362f157760,docyx_pc_part_dataset_2025_07_23,headset,Audio-Technica ATH-SR30BTGY,Audio-Technica,ATH-SR30BTGY,headset:audio-technica:ath-sr30btgy,curated_alias,reference_only_needs_verification,needs_review,False,1,Silver;White,False,over_ear,True,True,closed,"5,35",general;communication;gaming;portable,communication,100.0,125.0,frequency_units_ambiguous;unverified_reference_source
917576be6f9346f4bf6d,docyx_pc_part_dataset_2025_07_23,headset,Audio-Technica ATH-SR50BTBK,Audio-Technica,ATH-SR50BTBK,headset:audio-technica:ath-sr50btbk,curated_alias,reference_only_needs_verification,needs_review,False,1,Black,False,over_ear,True,True,closed,"5,40",general;communication;gaming;portable,communication,100.0,125.0,frequency_units_ambiguous;unverified_reference_source
6604fccf47ed4a062e54,docyx_pc_part_dataset_2025_07_23,headset,Audio-Technica ATH-SR50BTBW,Audio-Technica,ATH-SR50BTBW,headset:audio-technica:ath-sr50btbw,curated_alias,reference_only_needs_verification,needs_review,False,1,Silver;White,False,over_ear,True,True,closed,"5,40",general;communication;gaming;portable,communication,100.0,125.0,frequency_units_ambiguous;unverified_reference_source
595e8ef79706f9fe40ec,docyx_pc_part_dataset_2025_07_23,headset,Audio-Technica ATH-WS99,Audio-Technica,ATH-WS99,headset:audio-technica:ath-ws99,curated_alias,reference_only_needs_verification,needs_review,False,1,Black,False,over_ear,True,False,closed,"8,25",general;communication;gaming,gaming,100.0,125.0,frequency_units_ambiguous;unverified_reference_source
a6049d054952868a169e,docyx_pc_part_dataset_2025_07_23,headset,Audio-Technica Solid Bass CKS550iS,Audio-Technica,Solid Bass CKS550iS,headset:audio-technica:solid-bass-cks550is,curated_alias,reference_only_needs_verification,needs_review,False,2,Blue;Red,False,in_ear,True,False,closed,"5,24",general;communication;gaming,gaming,100.0,125.0,frequency_units_ambiguous;unverified_reference_source;identity_duplicates_collapsed
ac8ff15a21c36ef812f7,docyx_pc_part_dataset_2025_07_23,headset,Audio-Technica Sound Reality CKR90iS,Audio-Technica,Sound Reality CKR90iS,headset:audio-technica:sound-reality-ckr90is,curated_alias,reference_only_needs_verification,needs_review,False,1,Black,False,in_ear,True,False,closed,"5,42",general;communication;gaming,gaming,100.0,125.0,frequency_units_ambiguous;unverified_reference_source
2b804328a975dfbd7e9e,docyx_pc_part_dataset_2025_07_23,headset,Cooler Master CM Storm Pulse-R,Cooler Master,CM Storm Pulse-R,headset:cooler-master:cm-storm-pulse-r,curated_alias,reference_only_needs_verification,needs_review,False,1,Black;White,False,over_ear,True,False,closed,"20,20",general;communication;gaming,gaming,100.0,125.0,frequency_units_ambiguous;unverified_reference_source
4d972a5d73aa00fa9541,docyx_pc_part_dataset_2025_07_23,headset,Cooler Master CM Storm Sirus 5.1 w/ Tactical Mixing Console,Cooler Master,CM Storm Sirus 5.1 w/ Tactical Mixing Console,headset:cooler-master:cm-storm-sirus-5-1-w-tactical-mixing-console,curated_alias,reference_only_needs_verification,needs_review,False,1,Black;Silver,False,over_ear,True,False,closed,"10,20",general;communication;gaming,gaming,100.0,125.0,frequency_units_ambiguous;unverified_reference_source
03f6cda6f64b09d27e1d,docyx_pc_part_dataset_2025_07_23,headset,Cooler Master CM Storm Sirus S,Cooler Master,CM Storm Sirus S,headset:cooler-master:cm-storm-sirus-s,curated_alias,reference_only_needs_verification,needs_review,False,1,Black;Red,False,over_ear,True,False,closed,"10,20",general;communication;gaming,gaming,100.0,125.0,frequency_units_ambiguous;unverified_reference_source
698378c57c5f5a32248e,docyx_pc_part_dataset_2025_07_23,headset,Cooler Master CM Storm Sonuz,Cooler Master,CM Storm Sonuz,headset:cooler-master:cm-storm-sonuz,curated_alias,reference_only_needs_verification,needs_review,False,1,Black;Red,False,over_ear,True,False,closed,"10,20",general;communication;gaming,gaming,100.0,125.0,frequency_units_ambiguous;unverified_reference_source
f46e6e1194a1f9c911a6,docyx_pc_part_dataset_2025_07_23,headset,Cooler Master Ceres -400,Cooler Master,Ceres -400,headset:cooler-master:ceres-400,curated_alias,reference_only_needs_verification,needs_review,False,1,Black;Red,False,over_ear,True,False,closed,"20,20",general;communication;gaming,gaming,100.0,125.0,frequency_units_ambiguous;unverified_reference_source
a633c91e49fadf2f2456,docyx_pc_part_dataset_2025_07_23,headset,Cooler Master Storm Ceres400,Cooler Master,Storm Ceres400,headset:cooler-master:storm-ceres400,curated_alias,reference_only_needs_verification,needs_review,False,1,Black;Red,False,over_ear,True,False,closed,"20,20",general;communication;gaming,gaming,100.0,125.0,frequency_units_ambiguous;unverified_reference_source
b9fb0df210b23ece6a2f,docyx_pc_part_dataset_2025_07_23,headset,Corsair Gaming H2100,Corsair,Gaming H2100,headset:corsair:gaming-h2100,curated_alias,reference_only_needs_verification,needs_review,False,1,Black;Yellow,False,over_ear,True,True,closed,"20,20",general;communication;gaming;portable,communication,100.0,125.0,frequency_units_ambiguous;unverified_reference_source
6f8619dd4aa0516d9f62,docyx_pc_part_dataset_2025_07_23,headset,Corsair HS45 SURROUND,Corsair,HS45 SURROUND,headset:corsair:hs45-surround,curated_alias,reference_only_needs_verification,needs_review,False,1,Black,False,over_ear,True,False,closed,"20,20",general;communication;gaming,gaming,100.0,125.0,frequency_units_ambiguous;unverified_reference_source
f6ae6fe56996d4f1dbb5,docyx_pc_part_dataset_2025_07_23,headset,Corsair HS50 PRO STEREO,Corsair,HS50 PRO STEREO,headset:corsair:hs50-pro-stereo,curated_alias,reference_only_needs_verification,needs_review,False,3,Black;Blue;Green,False,over_ear,True,False,closed,"20,20",general;communication;gaming,gaming,100.0,125.0,frequency_units_ambiguous;unverified_reference_source;identity_duplicates_collapsed
38facfa3d1474fab0b3c,docyx_pc_part_dataset_2025_07_23,headset,Corsair HS55 WIRELESS CORE,Corsair,HS55 WIRELESS CORE,headset:corsair:hs55-wireless-core,curated_alias,reference_only_needs_verification,needs_review,False,1,Black,False,over_ear,True,True,closed,"20,20",general;communication;gaming;portable,communication,100.0,125.0,frequency_units_ambiguous;unverified_reference_source
b3e26c455332ee9f3772,docyx_pc_part_dataset_2025_07_23,headset,Corsair HS60 PRO SURROUND,Corsair,HS60 PRO SURROUND,headset:corsair:hs60-pro-surround,curated_alias,reference_only_needs_verification,needs_review,False,2,Black;Yellow,False,over_ear,True,False,closed,"20,20",general;communication;gaming,gaming,100.0,125.0,frequency_units_ambiguous;unverified_reference_source;identity_duplicates_collapsed
2f2c22901df2f6b2121d,docyx_pc_part_dataset_2025_07_23,headset,Corsair HS60 Surround (Black),Corsair,HS60 Surround (Black),headset:corsair:hs60-surround-black,curated_alias,reference_only_needs_verification,needs_review,False,1,Black,False,over_ear,True,False,closed,"20,20",general;communication;gaming,gaming,100.0,125.0,frequency_units_ambiguous;unverified_reference_source
1da1f13db7357ed58134,docyx_pc_part_dataset_2025_07_23,headset,Corsair HS70 Bluetooth,Corsair,HS70 Bluetooth,headset:corsair:hs70-bluetooth,curated_alias,reference_only_needs_verification,needs_review,False,1,Black,False,over_ear,True,True,closed,"20,20",general;communication;gaming;portable,communication,100.0,125.0,frequency_units_ambiguous;unverified_reference_source
a198693e72ee63684cd4,docyx_pc_part_dataset_2025_07_23,headset,Corsair HS70 SE,Corsair,HS70 SE,headset:corsair:hs70-se,curated_alias,reference_only_needs_verification,needs_review,False,1,Beige;Black,False,over_ear,True,True,closed,,general;communication;gaming;portable,communication,100.0,125.0,unverified_reference_source
31fc5f3e2f702bfea3fe,docyx_pc_part_dataset_2025_07_23,headset,Corsair HS70 WIRELESS,Corsair,HS70 WIRELESS,headset:corsair:hs70-wireless,curated_alias,reference_only_needs_verification,needs_review,False,1,Black,False,over_ear,True,True,closed,"20,20",general;communication;gaming;portable,communication,100.0,125.0,frequency_units_ambiguous;unverified_reference_source
6e21bbc4f6a6edd81064,docyx_pc_part_dataset_2025_07_23,headset,Corsair HS80 RGB Ethereal Blue,Corsair,HS80 RGB Ethereal Blue,headset:corsair:hs80-rgb-ethereal-blue,curated_alias,reference_only_needs_verification,needs_review,False,1,Blue;White,False,over_ear,True,True,closed,"20,40",general;communication;gaming;portable,communication,100.0,125.0,frequency_units_ambiguous;unverified_reference_source
1da7ce1d9fdaf2bd012c,docyx_pc_part_dataset_2025_07_23,headset,Corsair HS80 RGB Pink Elixir,Corsair,HS80 RGB Pink Elixir,headset:corsair:hs80-rgb-pink-elixir,curated_alias,reference_only_needs_verification,needs_review,False,1,Pink;White,False,over_ear,True,True,closed,"20,40",general;communication;gaming;portable,communication,100.0,125.0,frequency_units_ambiguous;unverified_reference_source
b36ba46fc6f621b02bab,docyx_pc_part_dataset_2025_07_23,headset,Corsair HS80 RGB Purple Rune,Corsair,HS80 RGB Purple Rune,headset:corsair:hs80-rgb-purple-rune,curated_alias,reference_only_needs_verification,needs_review,False,1,Purple;White,False,over_ear,True,True,closed,"20,40",general;communication;gaming;portable,communication,100.0,125.0,frequency_units_ambiguous;unverified_reference_source
f88861f3a024468fc2f5,docyx_pc_part_dataset_2025_07_23,headset,Corsair Raptor H3,Corsair,Raptor H3,headset:corsair:raptor-h3,curated_alias,reference_only_needs_verification,needs_review,False,1,Black,False,over_ear,True,False,closed,"20,20",general;communication;gaming,gaming,100.0,125.0,frequency_units_ambiguous;unverified_reference_source
5007f8993e4c81c229f4,docyx_pc_part_dataset_2025_07_23,headset,Corsair Raptor H5,Corsair,Raptor H5,headset:corsair:raptor-h5,curated_alias,reference_only_needs_verification,needs_review,False,1,Black,False,over_ear,True,False,closed,"20,20",general;communication;gaming,gaming,100.0,125.0,frequency_units_ambiguous;unverified_reference_source
cd80631d5513c01cf242,docyx_pc_part_dataset_2025_07_23,headset,Corsair Raptor HS30,Corsair,Raptor HS30,headset:corsair:raptor-hs30,curated_alias,reference_only_needs_verification,needs_review,False,2,Black;Red,False,over_ear,True,False,closed,"20,20",general;communication;gaming,gaming,100.0,125.0,frequency_units_ambiguous;unverified_reference_source;identity_duplicates_collapsed
ca0f08d7cbfef79342d4,docyx_pc_part_dataset_2025_07_23,headset,Corsair Raptor HS40,Corsair,Raptor HS40,headset:corsair:raptor-hs40,curated_alias,reference_only_needs_verification,needs_review,False,1,Black;Red,False,over_ear,True,False,closed,"20,20",general;communication;gaming,gaming,100.0,125.0,frequency_units_ambiguous;unverified_reference_source
eca3028623a28e1fdf08,docyx_pc_part_dataset_2025_07_23,headset,Corsair Raptor LH2,Corsair,Raptor LH2,headset:corsair:raptor-lh2,curated_alias,reference_only_needs_verification,needs_review,False,1,Black;Silver,False,on_ear,True,False,closed,"20,20",general;communication;gaming,gaming,100.0,125.0,frequency_units_ambiguous;unverified_reference_source
fe4cc258a5cf14c7e2bd,docyx_pc_part_dataset_2025_07_23,headset,Corsair VOID,Corsair,VOID,headset:corsair:void,curated_alias,reference_only_needs_verification,needs_review,False,4,Black;Red;White,False,over_ear,True,False,closed,"20,20",general;communication;gaming,gaming,100.0,125.0,frequency_units_ambiguous;unverified_reference_source;identity_duplicates_collapsed
2951646cbba1338803ad,docyx_pc_part_dataset_2025_07_23,headset,Corsair VOID ELITE SURROUND,Corsair,VOID ELITE SURROUND,headset:corsair:void-elite-surround,curated_alias,reference_only_needs_verification,needs_review,False,2,Black;Red,False,over_ear,True,False,closed,"20,30",general;communication;gaming,gaming,100.0,125.0,frequency_units_ambiguous;unverified_reference_source;identity_duplicates_collapsed
7fa3b6fffbb642116976,docyx_pc_part_dataset_2025_07_23,headset,Corsair VOID PRO RGB (Black),Corsair,VOID PRO RGB (Black),headset:corsair:void-pro-rgb-black,curated_alias,reference_only_needs_verification,needs_review,False,1,Black,False,over_ear,True,True,closed,"20,20",general;communication;gaming;portable,communication,100.0,125.0,frequency_units_ambiguous;unverified_reference_source
f9d26f1e60b849dfed2d,docyx_pc_part_dataset_2025_07_23,headset,Corsair VOID PRO RGB (White/Black),Corsair,VOID PRO RGB (White/Black),headset:corsair:void-pro-rgb-white-black,curated_alias,reference_only_needs_verification,needs_review,False,1,Black;White,False,over_ear,True,True,closed,"20,20",general;communication;gaming;portable,communication,100.0,125.0,frequency_units_ambiguous;unverified_reference_source
b6caa3092aac2e9768a0,docyx_pc_part_dataset_2025_07_23,headset,Corsair VOID PRO RGB USB (Black),Corsair,VOID PRO RGB USB (Black),headset:corsair:void-pro-rgb-usb-black,curated_alias,reference_only_needs_verification,needs_review,False,1,Black,False,over_ear,True,False,closed,"20,20",general;communication;gaming,gaming,100.0,125.0,frequency_units_ambiguous;unverified_reference_source
64c9cedffd0082c739f9,docyx_pc_part_dataset_2025_07_23,headset,Corsair VOID PRO RGB USB (White/Black),Corsair,VOID PRO RGB USB (White/Black),headset:corsair:void-pro-rgb-usb-white-black,curated_alias,reference_only_needs_verification,needs_review,False,1,Black;White,False,over_ear,True,False,closed,"20,20",general;communication;gaming,gaming,100.0,125.0,frequency_units_ambiguous;unverified_reference_source
a9264e5966a35acfd16a,docyx_pc_part_dataset_2025_07_23,headset,Corsair VOID PRO Surround (Black),Corsair,VOID PRO Surround (Black),headset:corsair:void-pro-surround-black,curated_alias,reference_only_needs_verification,needs_review,False,1,Black,False,over_ear,True,False,closed,"20,20",general;communication;gaming,gaming,100.0,125.0,frequency_units_ambiguous;unverified_reference_source
6d38a480637a118d3663,docyx_pc_part_dataset_2025_07_23,headset,Corsair VOID PRO Surround (Black/Red),Corsair,VOID PRO Surround (Black/Red),headset:corsair:void-pro-surround-black-red,curated_alias,reference_only_needs_verification,needs_review,False,1,Black;Red,False,over_ear,True,False,closed,"20,20",general;communication;gaming,gaming,100.0,125.0,frequency_units_ambiguous;unverified_reference_source
b7f8844b02346bf5c779,docyx_pc_part_dataset_2025_07_23,headset,Corsair VOID Special Edition Yellowjacket,Corsair,VOID Special Edition Yellowjacket,headset:corsair:void-special-edition-yellowjacket,curated_alias,reference_only_needs_verification,needs_review,False,1,Black;Yellow,False,over_ear,True,True,closed,"20,20",general;communication;gaming;portable,communication,100.0,125.0,frequency_units_ambiguous;unverified_reference_source
71da50bfddcc8bcc81c2,docyx_pc_part_dataset_2025_07_23,headset,Corsair VOID Stereo,Corsair,VOID Stereo,headset:corsair:void-stereo,curated_alias,reference_only_needs_verification,needs_review,False,1,Black,False,over_ear,True,False,closed,"20,20",general;communication;gaming,gaming,100.0,125.0,frequency_units_ambiguous;unverified_reference_source
4dd59337dd4e6727b8d7,docyx_pc_part_dataset_2025_07_23,headset,Corsair Vengeance 1300,Corsair,Vengeance 1300,headset:corsair:vengeance-1300,curated_alias,reference_only_needs_verification,needs_review,False,1,Black;Blue,False,over_ear,True,False,closed,"20,20",general;communication;gaming,gaming,100.0,125.0,frequency_units_ambiguous;unverified_reference_source
3576fdc0272e8839c09c,docyx_pc_part_dataset_2025_07_23,headset,Corsair Vengeance 1400,Corsair,Vengeance 1400,headset:corsair:vengeance-1400,curated_alias,reference_only_needs_verification,needs_review,False,1,Black;Blue,False,over_ear,True,False,closed,"20,20",general;communication;gaming,gaming,100.0,125.0,frequency_units_ambiguous;unverified_reference_source
a19289b1522581f80e19,docyx_pc_part_dataset_2025_07_23,headset,Corsair Vengeance 1500,Corsair,Vengeance 1500,headset:corsair:vengeance-1500,curated_alias,reference_only_needs_verification,needs_review,False,1,Black;Blue,False,over_ear,True,False,closed,"20,20",general;communication;gaming,gaming,100.0,125.0,frequency_units_ambiguous;unverified_reference_source
627ddd58a8626bb4eb38,docyx_pc_part_dataset_2025_07_23,headset,Corsair Vengeance 1500 v2,Corsair,Vengeance 1500 v2,headset:corsair:vengeance-1500-v2,curated_alias,reference_only_needs_verification,needs_review,False,1,Black;Blue,False,over_ear,True,False,closed,"20,20",general;communication;gaming,gaming,100.0,125.0,frequency_units_ambiguous;unverified_reference_source
1d0fc811fb71ddf0dba6,docyx_pc_part_dataset_2025_07_23,headset,Corsair Vengeance 2000,Corsair,Vengeance 2000,headset:corsair:vengeance-2000,curated_alias,reference_only_needs_verification,needs_review,False,1,Black;Blue,False,over_ear,True,True,closed,"20,20",general;communication;gaming;portable,communication,100.0,125.0,frequency_units_ambiguous;unverified_reference_source
58d79e1b80fe5235fa6e,docyx_pc_part_dataset_2025_07_23,headset,Corsair Vengeance 2100,Corsair,Vengeance 2100,headset:corsair:vengeance-2100,curated_alias,reference_only_needs_verification,needs_review,False,1,Black;Blue,False,over_ear,True,True,closed,"20,20",general;communication;gaming;portable,communication,100.0,125.0,frequency_units_ambiguous;unverified_reference_source
ca7a5d19a7ee7029197b,docyx_pc_part_dataset_2025_07_23,headset,HP HyperX Cloud,HyperX,Cloud,headset:hyperx:cloud,curated_alias,reference_only_needs_verification,needs_review,False,2,Black;Red;White,False,over_ear,True,False,closed,"15,25",general;communication;gaming,gaming,100.0,125.0,frequency_units_ambiguous;unverified_reference_source;identity_duplicates_collapsed
cd62fc0f6ae422b25d0c,docyx_pc_part_dataset_2025_07_23,headset,HP HyperX Cloud Alpha - TimTheTatman Edition,HyperX,Cloud Alpha - TimTheTatman Edition,headset:hyperx:cloud-alpha-timthetatman-edition,curated_alias,reference_only_needs_verification,needs_review,False,1,Black;Yellow,False,over_ear,True,False,closed,"13,27",general;communication;gaming,gaming,100.0,125.0,frequency_units_ambiguous;unverified_reference_source
17f800042937dcddd168,docyx_pc_part_dataset_2025_07_23,headset,HP HyperX Cloud Alpha Cloud 9 Edition,HyperX,Cloud Alpha Cloud 9 Edition,headset:hyperx:cloud-alpha-cloud-9-edition,curated_alias,reference_only_needs_verification,needs_review,False,1,Black;Blue,False,over_ear,True,False,closed,"13,27",general;communication;gaming,gaming,100.0,125.0,frequency_units_ambiguous;unverified_reference_source
fc03d392b98a6fdf73e8,docyx_pc_part_dataset_2025_07_23,headset,HP HyperX Cloud Alpha S,HyperX,Cloud Alpha S,headset:hyperx:cloud-alpha-s,curated_alias,reference_only_needs_verification,needs_review,False,2,Black;Blue,False,over_ear,True,False,closed,"13,27",general;communication;gaming,gaming,100.0,125.0,frequency_units_ambiguous;unverified_reference_source;identity_duplicates_collapsed
7905d6e97aad413ca832,docyx_pc_part_dataset_2025_07_23,headset,HP HyperX Cloud Core,HyperX,Cloud Core,headset:hyperx:cloud-core,curated_alias,reference_only_needs_verification,needs_review,False,2,Black;Red,False,over_ear,True,True,closed,"10,21",general;communication;gaming;portable,communication,100.0,125.0,frequency_units_ambiguous;unverified_reference_source;identity_duplicates_collapsed
6bd0f45da74be4fcdc9e,docyx_pc_part_dataset_2025_07_23,headset,HP HyperX Cloud Core w/7.1 Dongle,HyperX,Cloud Core w/7.1 Dongle,headset:hyperx:cloud-core-w-7-1-dongle,curated_alias,reference_only_needs_verification,needs_review,False,1,,False,over_ear,True,False,closed,"15,25",general;communication;gaming,gaming,100.0,125.0,frequency_units_ambiguous;unverified_reference_source
bd146cf243ef1fb19dd2,docyx_pc_part_dataset_2025_07_23,headset,HP HyperX Cloud Flight,HyperX,Cloud Flight,headset:hyperx:cloud-flight,curated_alias,reference_only_needs_verification,needs_review,False,1,Black;Red,False,over_ear,True,True,closed,"15,23",general;communication;gaming;portable,communication,100.0,125.0,frequency_units_ambiguous;unverified_reference_source
dea4cb9d2448bad40d5c,docyx_pc_part_dataset_2025_07_23,headset,HP HyperX Cloud Flight S,HyperX,Cloud Flight S,headset:hyperx:cloud-flight-s,curated_alias,reference_only_needs_verification,needs_review,False,1,Black;Silver,False,over_ear,True,True,closed,"10,22",general;communication;gaming;portable,communication,100.0,125.0,frequency_units_ambiguous;unverified_reference_source
1f23dff4742c0e946b80,docyx_pc_part_dataset_2025_07_23,headset,HP HyperX Cloud MIX,HyperX,Cloud MIX,headset:hyperx:cloud-mix,curated_alias,reference_only_needs_verification,needs_review,False,1,Black;Silver,False,over_ear,True,True,closed,"10,40",general;communication;gaming;portable,communication,100.0,125.0,frequency_units_ambiguous;unverified_reference_source
142ecea891af81d9cca8,docyx_pc_part_dataset_2025_07_23,headset,HP HyperX Cloud Orbit,HyperX,Cloud Orbit,headset:hyperx:cloud-orbit,curated_alias,reference_only_needs_verification,needs_review,False,1,Black;Gray,False,over_ear,True,False,closed,"10,50",general;communication;gaming,gaming,100.0,125.0,frequency_units_ambiguous;unverified_reference_source
ecb60d0c73423ecdca95,docyx_pc_part_dataset_2025_07_23,headset,HP HyperX Cloud Orbit S,HyperX,Cloud Orbit S,headset:hyperx:cloud-orbit-s,curated_alias,reference_only_needs_verification,needs_review,False,1,Black;Gray,False,over_ear,True,False,closed,"10,50",general;communication;gaming,gaming,100.0,125.0,frequency_units_ambiguous;unverified_reference_source
9b5bdcf5c08da4f64785,docyx_pc_part_dataset_2025_07_23,headset,HP HyperX Cloud Revolver,HyperX,Cloud Revolver,headset:hyperx:cloud-revolver,curated_alias,reference_only_needs_verification,needs_review,False,2,Black;Red;Silver,False,over_ear,True,False,closed,"12,28",general;communication;gaming,gaming,100.0,125.0,frequency_units_ambiguous;unverified_reference_source;identity_duplicates_collapsed
b999da5ffa9ee79efbea,docyx_pc_part_dataset_2025_07_23,headset,HP HyperX Cloud Revolver S,HyperX,Cloud Revolver S,headset:hyperx:cloud-revolver-s,curated_alias,reference_only_needs_verification,needs_review,False,1,Silver,False,over_ear,True,False,closed,"12,28",general;communication;gaming,gaming,100.0,125.0,frequency_units_ambiguous;unverified_reference_source
b7a4f3e3559aecdfdafa,docyx_pc_part_dataset_2025_07_23,headset,HP HyperX Cloud Stinger - PS5/PS4,HyperX,Cloud Stinger - PS5/PS4,headset:hyperx:cloud-stinger-ps5-ps4,curated_alias,reference_only_needs_verification,needs_review,False,1,Black;Blue,False,over_ear,True,False,closed,"18,23",general;communication;gaming,gaming,100.0,125.0,frequency_units_ambiguous;unverified_reference_source
d49c65112ab8218b60f5,docyx_pc_part_dataset_2025_07_23,headset,HP HyperX Cloud Stinger - Xbox,HyperX,Cloud Stinger - Xbox,headset:hyperx:cloud-stinger-xbox,curated_alias,reference_only_needs_verification,needs_review,False,1,Black;Green,False,over_ear,True,False,closed,"18,23",general;communication;gaming,gaming,100.0,125.0,frequency_units_ambiguous;unverified_reference_source
b96ef73ca24dfdaaf2ca,docyx_pc_part_dataset_2025_07_23,headset,HP HyperX Cloud Stinger Core,HyperX,Cloud Stinger Core,headset:hyperx:cloud-stinger-core,curated_alias,reference_only_needs_verification,needs_review,False,1,Black,False,over_ear,True,False,closed,"20,20",general;communication;gaming,gaming,100.0,125.0,frequency_units_ambiguous;unverified_reference_source
1ebd06265330c0658b05,docyx_pc_part_dataset_2025_07_23,headset,HP HyperX Edition Steelseries Siberia v2,HyperX,Edition Steelseries Siberia v2,headset:hyperx:edition-steelseries-siberia-v2,curated_alias,reference_only_needs_verification,needs_review,False,1,Black;Blue,False,over_ear,True,False,closed,"18,28",general;communication;gaming,gaming,100.0,125.0,frequency_units_ambiguous;unverified_reference_source
9c29751f16c3ca9f0340,docyx_pc_part_dataset_2025_07_23,headset,Logitech G231 PRODIGY,Logitech,G231 PRODIGY,headset:logitech:g231-prodigy,curated_alias,reference_only_needs_verification,needs_review,False,1,Black;Orange,False,over_ear,True,False,closed,"20,20",general;communication;gaming,gaming,100.0,125.0,frequency_units_ambiguous;unverified_reference_source
10e98c795ec1dd034664,docyx_pc_part_dataset_2025_07_23,headset,Logitech G233 PRODIGY,Logitech,G233 PRODIGY,headset:logitech:g233-prodigy,curated_alias,reference_only_needs_verification,needs_review,False,1,Black;Blue,False,over_ear,True,False,closed,"20,20",general;communication;gaming,gaming,100.0,125.0,frequency_units_ambiguous;unverified_reference_source
98bd64616a3e684f7d05,docyx_pc_part_dataset_2025_07_23,headset,Logitech G633 Artemis Spectrum,Logitech,G633 Artemis Spectrum,headset:logitech:g633-artemis-spectrum,curated_alias,reference_only_needs_verification,needs_review,False,1,Black;Blue,False,over_ear,True,False,closed,"20,20",general;communication;gaming,gaming,100.0,125.0,frequency_units_ambiguous;unverified_reference_source
2cbe87dc3c6d1a202a19,docyx_pc_part_dataset_2025_07_23,headset,Logitech G933 Artemis Spectrum Andromeda,Logitech,G933 Artemis Spectrum Andromeda,headset:logitech:g933-artemis-spectrum-andromeda,curated_alias,reference_only_needs_verification,needs_review,False,1,Blue;White,False,over_ear,True,True,closed,"20,20",general;communication;gaming;portable,communication,100.0,125.0,frequency_units_ambiguous;unverified_reference_source
4aacc057a9d402656131,docyx_pc_part_dataset_2025_07_23,headset,Logitech G933 Artemis Spectrum Snow,Logitech,G933 Artemis Spectrum Snow,headset:logitech:g933-artemis-spectrum-snow,curated_alias,reference_only_needs_verification,needs_review,False,1,Blue;White,False,over_ear,True,True,closed,"20,20",general;communication;gaming;portable,communication,100.0,125.0,frequency_units_ambiguous;unverified_reference_source
480dcd7c4cb502fbbed9,docyx_pc_part_dataset_2025_07_23,headset,Logitech UE 500vi,Logitech,UE 500vi,headset:logitech:ue-500vi,curated_alias,reference_only_needs_verification,needs_review,False,1,Black;Silver,False,in_ear,True,False,closed,"20,20",general;communication;gaming,gaming,100.0,125.0,frequency_units_ambiguous;unverified_reference_source
43d0da13992d965b04f8,docyx_pc_part_dataset_2025_07_23,headset,Logitech Ultimate Ears 200vi,Logitech,Ultimate Ears 200vi,headset:logitech:ultimate-ears-200vi,curated_alias,reference_only_needs_verification,needs_review,False,2,Black;Blue,False,in_ear,True,False,closed,"20,20",general;communication;gaming,gaming,100.0,125.0,frequency_units_ambiguous;unverified_reference_source;identity_duplicates_collapsed
92b8e01d62bac1f66d23,docyx_pc_part_dataset_2025_07_23,headset,Logitech Ultimate Ears 350vm,Logitech,Ultimate Ears 350vm,headset:logitech:ultimate-ears-350vm,curated_alias,reference_only_needs_verification,needs_review,False,1,Black;Silver,False,in_ear,True,False,closed,,general;communication;gaming,gaming,100.0,125.0,unverified_reference_source
483868ff8293f50b2460,docyx_pc_part_dataset_2025_07_23,headset,Logitech Ultimate ears 500vm,Logitech,Ultimate ears 500vm,headset:logitech:ultimate-ears-500vm,curated_alias,reference_only_needs_verification,needs_review,False,1,Black;Silver,False,in_ear,True,False,closed,"20,20",general;communication;gaming,gaming,100.0,125.0,frequency_units_ambiguous;unverified_reference_source
23d88a3bfa1186c6bfc6,docyx_pc_part_dataset_2025_07_23,headset,Razer A Bathing Ape Opus,Razer,A Bathing Ape Opus,headset:razer:a-bathing-ape-opus,curated_alias,reference_only_needs_verification,needs_review,False,1,Black;Green,False,over_ear,True,True,closed,"20,20",general;communication;gaming;portable,communication,100.0,125.0,frequency_units_ambiguous;unverified_reference_source
3afa2f31f040c3f01b21,docyx_pc_part_dataset_2025_07_23,headset,Razer Banshee StarCraft II Heart of the Swarm,Razer,Banshee StarCraft II Heart of the Swarm,headset:razer:banshee-starcraft-ii-heart-of-the-swarm,curated_alias,reference_only_needs_verification,needs_review,False,1,Black;Silver,False,over_ear,True,False,closed,"20,20",general;communication;gaming,gaming,100.0,125.0,frequency_units_ambiguous;unverified_reference_source
1308f4bb028b2d6de7e9,docyx_pc_part_dataset_2025_07_23,headset,Razer Battlefield 4 BlackShark,Razer,Battlefield 4 BlackShark,headset:razer:battlefield-4-blackshark,curated_alias,reference_only_needs_verification,needs_review,False,1,Multicolor,False,over_ear,True,False,closed,"20,20",general;communication;gaming,gaming,100.0,125.0,frequency_units_ambiguous;unverified_reference_source
58c9a29d1f11161acf1c,docyx_pc_part_dataset_2025_07_23,headset,Razer BlackShark,Razer,BlackShark,headset:razer:blackshark,curated_alias,reference_only_needs_verification,needs_review,False,2,Black;Green,False,over_ear,True,False,closed,"20,20",general;communication;gaming,gaming,100.0,125.0,frequency_units_ambiguous;unverified_reference_source;identity_duplicates_collapsed
44ae42ddb20b6c560797,docyx_pc_part_dataset_2025_07_23,headset,Razer BlackShark V2 Pro - Six Siege Special Edition,Razer,BlackShark V2 Pro - Six Siege Special Edition,headset:razer:blackshark-v2-pro-six-siege-special-edition,curated_alias,reference_only_needs_verification,needs_review,False,1,Black;White,False,over_ear,True,True,closed,"12,28",general;communication;gaming;portable,communication,100.0,125.0,frequency_units_ambiguous;unverified_reference_source
83f446bbacfe8c5af74c,docyx_pc_part_dataset_2025_07_23,headset,Razer Carcharias,Razer,Carcharias,headset:razer:carcharias,curated_alias,reference_only_needs_verification,needs_review,False,2,Black,False,over_ear,True,False,closed,"20,20",general;communication;gaming,gaming,100.0,125.0,frequency_units_ambiguous;unverified_reference_source;identity_duplicates_collapsed
a1081232f5e60e6aeb0b,docyx_pc_part_dataset_2025_07_23,headset,Razer Chimaera,Razer,Chimaera,headset:razer:chimaera,curated_alias,reference_only_needs_verification,needs_review,False,1,Black;Green,False,over_ear,True,True,closed,"20,20",general;communication;gaming;portable,communication,100.0,125.0,frequency_units_ambiguous;unverified_reference_source
3934c5e9a9673eb138be,docyx_pc_part_dataset_2025_07_23,headset,Razer Electra Essential Gaming & Music Headset,Razer,Electra Essential Gaming & Music Headset,headset:razer:electra-essential-gaming-music-headset,curated_alias,reference_only_needs_verification,needs_review,False,2,Black;Green,False,over_ear,True,False,closed,"25,16",general;communication;gaming,gaming,100.0,125.0,frequency_units_ambiguous;unverified_reference_source;identity_duplicates_collapsed
e01057a23ddae6f2a8ca,docyx_pc_part_dataset_2025_07_23,headset,Razer Electra V2,Razer,Electra V2,headset:razer:electra-v2,curated_alias,reference_only_needs_verification,needs_review,False,1,Black;Green,False,over_ear,True,False,closed,"20,20",general;communication;gaming,gaming,100.0,125.0,frequency_units_ambiguous;unverified_reference_source
52b373fbed632d62f4a4,docyx_pc_part_dataset_2025_07_23,headset,Razer Hammerhead Pro,Razer,Hammerhead Pro,headset:razer:hammerhead-pro,curated_alias,reference_only_needs_verification,needs_review,False,1,Black;Green,False,in_ear,True,False,closed,,general;communication;gaming,gaming,100.0,125.0,unverified_reference_source
42a6d598b45de7b27f7c,docyx_pc_part_dataset_2025_07_23,headset,Razer Hammerhead Pro v2,Razer,Hammerhead Pro v2,headset:razer:hammerhead-pro-v2,curated_alias,reference_only_needs_verification,needs_review,False,1,Black;Green,False,in_ear,True,False,closed,"50,10",general;communication;gaming,gaming,100.0,125.0,frequency_units_ambiguous;unverified_reference_source
00b2727674439ffedc46,docyx_pc_part_dataset_2025_07_23,headset,Razer KRAKEN 7.1 CHROMA,Razer,KRAKEN 7.1 CHROMA,headset:razer:kraken-7-1-chroma,curated_alias,reference_only_needs_verification,needs_review,False,1,Multicolor,False,over_ear,True,False,closed,"20,20",general;communication;gaming,gaming,100.0,125.0,frequency_units_ambiguous;unverified_reference_source
f602ac965b1d7f081956,docyx_pc_part_dataset_2025_07_23,headset,Razer Kaira Pro for Xbox,Razer,Kaira Pro for Xbox,headset:razer:kaira-pro-for-xbox,curated_alias,reference_only_needs_verification,needs_review,False,2,Black;Green;White,False,over_ear,True,True,closed,"20,20",general;communication;gaming;portable,communication,100.0,125.0,frequency_units_ambiguous;unverified_reference_source;identity_duplicates_collapsed
4958f08ba290a7ab9b54,docyx_pc_part_dataset_2025_07_23,headset,Razer Kaira Pro for Xbox- Halo Infinite,Razer,Kaira Pro for Xbox- Halo Infinite,headset:razer:kaira-pro-for-xbox-halo-infinite,curated_alias,reference_only_needs_verification,needs_review,False,1,Black;Green,False,over_ear,True,True,closed,"20,20",general;communication;gaming;portable,communication,100.0,125.0,frequency_units_ambiguous;unverified_reference_source
0ad82643240dc73cea08,docyx_pc_part_dataset_2025_07_23,headset,Razer Kraken 7.1 V2 Mercury Edition,Razer,Kraken 7.1 V2 Mercury Edition,headset:razer:kraken-7-1-v2-mercury-edition,curated_alias,reference_only_needs_verification,needs_review,False,1,White,False,over_ear,True,False,closed,"12,28",general;communication;gaming,gaming,100.0,125.0,frequency_units_ambiguous;unverified_reference_source
3a1b2548d280344662e4,docyx_pc_part_dataset_2025_07_23,headset,Razer Kraken Kitty,Razer,Kraken Kitty,headset:razer:kraken-kitty,curated_alias,reference_only_needs_verification,needs_review,False,2,Black;Green;Pink,False,over_ear,True,False,closed,"20,20",general;communication;gaming,gaming,100.0,125.0,frequency_units_ambiguous;unverified_reference_source;identity_duplicates_collapsed
3b61601ce5464f708430,docyx_pc_part_dataset_2025_07_23,headset,Razer Kraken Pro,Razer,Kraken Pro,headset:razer:kraken-pro,curated_alias,reference_only_needs_verification,needs_review,False,2,Black;Green,False,over_ear,True,False,closed,"20,20",general;communication;gaming,gaming,100.0,125.0,frequency_units_ambiguous;unverified_reference_source;identity_duplicates_collapsed
d500fdc6c01fbe766cc0,docyx_pc_part_dataset_2025_07_23,headset,Razer Kraken Pro 2015,Razer,Kraken Pro 2015,headset:razer:kraken-pro-2015,curated_alias,reference_only_needs_verification,needs_review,False,3,Black;Green;White,False,over_ear,True,False,closed,"20,20",general;communication;gaming,gaming,100.0,125.0,frequency_units_ambiguous;unverified_reference_source;identity_duplicates_collapsed
090952fed7ca8aa79365,docyx_pc_part_dataset_2025_07_23,headset,Razer Kraken Pro Neon,Razer,Kraken Pro Neon,headset:razer:kraken-pro-neon,curated_alias,reference_only_needs_verification,needs_review,False,6,Black;Blue;Green;Orange;Purple;Red;Yellow,False,over_ear,True,False,closed,"20,20",general;communication;gaming,gaming,100.0,125.0,frequency_units_ambiguous;unverified_reference_source;identity_duplicates_collapsed
28e8c32d1bd0022a6437,docyx_pc_part_dataset_2025_07_23,headset,Razer Kraken Tournament Edition,Razer,Kraken Tournament Edition,headset:razer:kraken-tournament-edition,curated_alias,reference_only_needs_verification,needs_review,False,1,Black,False,over_ear,True,False,closed,"12,28",general;communication;gaming,gaming,100.0,125.0,frequency_units_ambiguous;unverified_reference_source
9664cb492c80bf561043,docyx_pc_part_dataset_2025_07_23,headset,Razer ManO'War,Razer,ManO'War,headset:razer:mano-war,curated_alias,reference_only_needs_verification,needs_review,False,1,Black,False,over_ear,True,True,closed,"20,20",general;communication;gaming;portable,communication,100.0,125.0,frequency_units_ambiguous;unverified_reference_source
06230373bcee421e9a1e,docyx_pc_part_dataset_2025_07_23,headset,Razer Megalodon,Razer,Megalodon,headset:razer:megalodon,curated_alias,reference_only_needs_verification,needs_review,False,1,Black,False,over_ear,True,False,closed,"20,20",general;communication;gaming,gaming,100.0,125.0,frequency_units_ambiguous;unverified_reference_source
76f1e76134eff87c7f91,docyx_pc_part_dataset_2025_07_23,headset,Razer NARI ULTIMATE,Razer,NARI ULTIMATE,headset:razer:nari-ultimate,curated_alias,reference_only_needs_verification,needs_review,False,1,Black;Green,False,over_ear,True,True,closed,"20,20",general;communication;gaming;portable,communication,100.0,125.0,frequency_units_ambiguous;unverified_reference_source
c757ee8d0a2617bcf154,docyx_pc_part_dataset_2025_07_23,headset,Razer Opus,Razer,Opus,headset:razer:opus,curated_alias,reference_only_needs_verification,needs_review,False,2,Black;Blue,False,over_ear,True,True,closed,"20,20",general;communication;gaming;portable,communication,100.0,125.0,frequency_units_ambiguous;unverified_reference_source;identity_duplicates_collapsed
1ced2891dcb2d630b45b,docyx_pc_part_dataset_2025_07_23,headset,Razer RZ04-00470100-R3U1,Razer,RZ04-00470100-R3U1,headset:razer:rz04-00470100-r3u1,curated_alias,reference_only_needs_verification,needs_review,False,1,Black,False,over_ear,True,True,closed,,general;communication;gaming;portable,communication,100.0,125.0,unverified_reference_source
a51c6a971073642140e5,docyx_pc_part_dataset_2025_07_23,headset,Razer Star Wars: The Old Republic Gaming Headset,Razer,Star Wars: The Old Republic Gaming Headset,headset:razer:star-wars-the-old-republic-gaming-headset,curated_alias,reference_only_needs_verification,needs_review,False,1,Black;White,False,over_ear,True,False,closed,,general;communication;gaming,gaming,100.0,125.0,unverified_reference_source
9cdfca4d9f382a9bf17a,docyx_pc_part_dataset_2025_07_23,headset,Razer Thresher Gears 5 Edition,Razer,Thresher Gears 5 Edition,headset:razer:thresher-gears-5-edition,curated_alias,reference_only_needs_verification,needs_review,False,1,Black;Gray,False,over_ear,True,True,closed,"12,28",general;communication;gaming;portable,communication,100.0,125.0,frequency_units_ambiguous;unverified_reference_source
d3aa2d7fda7569e0f2f0,docyx_pc_part_dataset_2025_07_23,headset,Razer Thresher Ultimate,Razer,Thresher Ultimate,headset:razer:thresher-ultimate,curated_alias,reference_only_needs_verification,needs_review,False,1,Black;Green,False,over_ear,True,True,closed,"12,28",general;communication;gaming;portable,communication,100.0,125.0,frequency_units_ambiguous;unverified_reference_source
46a3f8acb907a439472c,docyx_pc_part_dataset_2025_07_23,headset,Razer Thresher Ultimate For PS4,Razer,Thresher Ultimate For PS4,headset:razer:thresher-ultimate-for-ps4,curated_alias,reference_only_needs_verification,needs_review,False,1,Black;Blue,False,over_ear,True,True,closed,"12,28",general;communication;gaming;portable,communication,100.0,125.0,frequency_units_ambiguous;unverified_reference_source
2d651592b0adf778c028,docyx_pc_part_dataset_2025_07_23,headset,Razer Tiamat 2.2,Razer,Tiamat 2.2,headset:razer:tiamat-2-2,curated_alias,reference_only_needs_verification,needs_review,False,1,Black,False,over_ear,True,False,closed,"20,20",general;communication;gaming,gaming,100.0,125.0,frequency_units_ambiguous;unverified_reference_source
c33231be1122713a4518,docyx_pc_part_dataset_2025_07_23,headset,Razer Tiamat 7.1,Razer,Tiamat 7.1,headset:razer:tiamat-7-1,curated_alias,reference_only_needs_verification,needs_review,False,1,Black;Green,False,over_ear,True,False,closed,"20,20",general;communication;gaming,gaming,100.0,125.0,frequency_units_ambiguous;unverified_reference_source
f9d534209f303cb2fcf2,docyx_pc_part_dataset_2025_07_23,headset,Razer Tiamat 7.1 V2,Razer,Tiamat 7.1 V2,headset:razer:tiamat-7-1-v2,curated_alias,reference_only_needs_verification,needs_review,False,1,Black;Silver,False,over_ear,True,False,closed,"20,20",general;communication;gaming,gaming,100.0,125.0,frequency_units_ambiguous;unverified_reference_source
0d80777f9de1d7883a6c,docyx_pc_part_dataset_2025_07_23,headset,Sennheiser CX 2.00G Black,Sennheiser,CX 2.00G Black,headset:sennheiser:cx-2-00g-black,curated_alias,reference_only_needs_verification,needs_review,False,1,Black;Silver,False,in_ear,True,False,closed,,general;communication;gaming,gaming,100.0,125.0,unverified_reference_source
8c4fd2c1bb46c252efa0,docyx_pc_part_dataset_2025_07_23,headset,Sennheiser CX 2.00G White,Sennheiser,CX 2.00G White,headset:sennheiser:cx-2-00g-white,curated_alias,reference_only_needs_verification,needs_review,False,1,White,False,in_ear,True,False,closed,,general;communication;gaming,gaming,100.0,125.0,unverified_reference_source
66a7ed9a479059889094,docyx_pc_part_dataset_2025_07_23,headset,Sennheiser CX 2.00i Black,Sennheiser,CX 2.00i Black,headset:sennheiser:cx-2-00i-black,curated_alias,reference_only_needs_verification,needs_review,False,1,Black;Silver,False,in_ear,True,False,closed,,general;communication;gaming,gaming,100.0,125.0,unverified_reference_source
47a7ebcf56b06e429420,docyx_pc_part_dataset_2025_07_23,headset,Sennheiser CX 2.00i White,Sennheiser,CX 2.00i White,headset:sennheiser:cx-2-00i-white,curated_alias,reference_only_needs_verification,needs_review,False,1,White,False,in_ear,True,False,closed,,general;communication;gaming,gaming,100.0,125.0,unverified_reference_source
411f59bfe0cb1b4f8805,docyx_pc_part_dataset_2025_07_23,headset,Sennheiser CX 275s,Sennheiser,CX 275s,headset:sennheiser:cx-275s,curated_alias,reference_only_needs_verification,needs_review,False,1,Black,False,in_ear,True,False,closed,"17,23",general;communication;gaming,gaming,100.0,125.0,frequency_units_ambiguous;unverified_reference_source
64af80db9836602603e4,docyx_pc_part_dataset_2025_07_23,headset,Sennheiser CX 5.00G Black,Sennheiser,CX 5.00G Black,headset:sennheiser:cx-5-00g-black,curated_alias,reference_only_needs_verification,needs_review,False,1,Black;Silver,False,in_ear,True,False,closed,,general;communication;gaming,gaming,100.0,125.0,unverified_reference_source
99fd1b49098c4d745a21,docyx_pc_part_dataset_2025_07_23,headset,Sennheiser CX 5.00G White,Sennheiser,CX 5.00G White,headset:sennheiser:cx-5-00g-white,curated_alias,reference_only_needs_verification,needs_review,False,1,White,False,in_ear,True,False,closed,,general;communication;gaming,gaming,100.0,125.0,unverified_reference_source
3fe9731b70aa9fc3c371,docyx_pc_part_dataset_2025_07_23,headset,Sennheiser CX 5.00i Black,Sennheiser,CX 5.00i Black,headset:sennheiser:cx-5-00i-black,curated_alias,reference_only_needs_verification,needs_review,False,1,Black;Silver,False,in_ear,True,False,closed,,general;communication;gaming,gaming,100.0,125.0,unverified_reference_source
dd87b4c80c0b70830ebb,docyx_pc_part_dataset_2025_07_23,headset,Sennheiser CX 5.00i White,Sennheiser,CX 5.00i White,headset:sennheiser:cx-5-00i-white,curated_alias,reference_only_needs_verification,needs_review,False,1,White,False,in_ear,True,False,closed,,general;communication;gaming,gaming,100.0,125.0,unverified_reference_source
6ec2d15bb7f5361cbe93,docyx_pc_part_dataset_2025_07_23,headset,Sennheiser CX890I,Sennheiser,CX890I,headset:sennheiser:cx890i,curated_alias,reference_only_needs_verification,needs_review,False,1,Black,False,in_ear,True,False,closed,"17,23",general;communication;gaming,gaming,100.0,125.0,frequency_units_ambiguous;unverified_reference_source
7c17985ed5bf6b567cbc,docyx_pc_part_dataset_2025_07_23,headset,Sennheiser Century SC 660,Sennheiser,Century SC 660,headset:sennheiser:century-sc-660,curated_alias,reference_only_needs_verification,needs_review,False,1,Black;Silver,False,on_ear,True,False,closed,,general;communication;gaming,gaming,100.0,125.0,unverified_reference_source
2d4b6efa0d4ca4dad852,docyx_pc_part_dataset_2025_07_23,headset,Sennheiser DW Pro2,Sennheiser,DW Pro2,headset:sennheiser:dw-pro2,curated_alias,reference_only_needs_verification,needs_review,False,1,Black;Silver,False,on_ear,True,False,closed,,general;communication;gaming,gaming,100.0,125.0,unverified_reference_source
0409370f7c89106179ff,docyx_pc_part_dataset_2025_07_23,headset,Sennheiser DW10-US,Sennheiser,DW10-US,headset:sennheiser:dw10-us,curated_alias,reference_only_needs_verification,needs_review,False,1,Black;Silver,False,on_ear,True,False,closed,,general;communication;gaming,gaming,100.0,125.0,unverified_reference_source
db1f6def2989352a4526,docyx_pc_part_dataset_2025_07_23,headset,Sennheiser EPOS Game Zero,Sennheiser,EPOS Game Zero,headset:sennheiser:epos-game-zero,curated_alias,reference_only_needs_verification,needs_review,False,1,Black;Red,False,over_ear,True,False,closed,"15,28",general;communication;gaming,gaming,100.0,125.0,frequency_units_ambiguous;unverified_reference_source
f2f31d4d2ed399214dec,docyx_pc_part_dataset_2025_07_23,headset,Sennheiser GAME ZERO,Sennheiser,GAME ZERO,headset:sennheiser:game-zero,curated_alias,reference_only_needs_verification,needs_review,False,2,Black;Red;White,False,over_ear,True,False,closed,"10,26",general;communication;gaming,gaming,100.0,125.0,frequency_units_ambiguous;unverified_reference_source;identity_duplicates_collapsed
708e86b79868191b9820,docyx_pc_part_dataset_2025_07_23,headset,Sennheiser GSP 300,Sennheiser,GSP 300,headset:sennheiser:gsp-300,curated_alias,reference_only_needs_verification,needs_review,False,1,Black;Blue,False,over_ear,True,False,closed,"15,26",general;communication;gaming,gaming,100.0,125.0,frequency_units_ambiguous;unverified_reference_source
6723e488833022829d10,docyx_pc_part_dataset_2025_07_23,headset,Sennheiser GSP 301,Sennheiser,GSP 301,headset:sennheiser:gsp-301,curated_alias,reference_only_needs_verification,needs_review,False,1,Black;White,False,over_ear,True,False,closed,"15,26",general;communication;gaming,gaming,100.0,125.0,frequency_units_ambiguous;unverified_reference_source
6e3352d0fb1d03a40f75,docyx_pc_part_dataset_2025_07_23,headset,Sennheiser GSP 302,Sennheiser,GSP 302,headset:sennheiser:gsp-302,curated_alias,reference_only_needs_verification,needs_review,False,1,Black,False,over_ear,True,False,closed,"15,26",general;communication;gaming,gaming,100.0,125.0,frequency_units_ambiguous;unverified_reference_source
5c9404261cbd4f704e66,docyx_pc_part_dataset_2025_07_23,headset,Sennheiser GSP 303,Sennheiser,GSP 303,headset:sennheiser:gsp-303,curated_alias,reference_only_needs_verification,needs_review,False,1,Black;Red,False,over_ear,True,False,closed,"15,26",general;communication;gaming,gaming,100.0,125.0,frequency_units_ambiguous;unverified_reference_source
cd1ef9c7ebf34e2be95a,docyx_pc_part_dataset_2025_07_23,headset,Sennheiser GSP 350,Sennheiser,GSP 350,headset:sennheiser:gsp-350,curated_alias,reference_only_needs_verification,needs_review,False,1,Black;Red,False,over_ear,True,False,closed,"15,26",general;communication;gaming,gaming,100.0,125.0,frequency_units_ambiguous;unverified_reference_source
b95eebf54eebad0f50fe,docyx_pc_part_dataset_2025_07_23,headset,Sennheiser GSP 370,Sennheiser,GSP 370,headset:sennheiser:gsp-370,curated_alias,reference_only_needs_verification,needs_review,False,1,Black,False,over_ear,True,True,closed,"20,20",general;communication;gaming;portable,communication,100.0,125.0,frequency_units_ambiguous;unverified_reference_source
f27ff7f7f9bdd00772c5,docyx_pc_part_dataset_2025_07_23,headset,Sennheiser GSP 600,Sennheiser,GSP 600,headset:sennheiser:gsp-600,curated_alias,reference_only_needs_verification,needs_review,False,1,Black;Red,False,over_ear,True,False,closed,"10,30",general;communication;gaming,gaming,100.0,125.0,frequency_units_ambiguous;unverified_reference_source
b987352fa29938761874,docyx_pc_part_dataset_2025_07_23,headset,Sennheiser HD 4.50 BTNC,Sennheiser,HD 4.50 BTNC,headset:sennheiser:hd-4-50-btnc,curated_alias,reference_only_needs_verification,needs_review,False,1,,False,over_ear,True,True,closed,"18,22",general;communication;gaming;portable,communication,100.0,125.0,frequency_units_ambiguous;unverified_reference_source
10776b195c134cf827b0,docyx_pc_part_dataset_2025_07_23,headset,Sennheiser HD 429s,Sennheiser,HD 429s,headset:sennheiser:hd-429s,curated_alias,reference_only_needs_verification,needs_review,False,1,Black,False,over_ear,True,False,closed,"18,22",general;communication;gaming,gaming,100.0,125.0,frequency_units_ambiguous;unverified_reference_source
ff2980e4afe7b919dd0d,docyx_pc_part_dataset_2025_07_23,headset,Sennheiser HMD280-PRO,Sennheiser,HMD280-PRO,headset:sennheiser:hmd280-pro,curated_alias,reference_only_needs_verification,needs_review,False,1,Black,False,over_ear,True,False,closed,"8,25",general;communication;gaming,gaming,100.0,125.0,frequency_units_ambiguous;unverified_reference_source
adb99728089e999d06b9,docyx_pc_part_dataset_2025_07_23,headset,Sennheiser HMD280-XQ,Sennheiser,HMD280-XQ,headset:sennheiser:hmd280-xq,curated_alias,reference_only_needs_verification,needs_review,False,1,Black,False,over_ear,True,False,closed,"8,25",general;communication;gaming,gaming,100.0,125.0,frequency_units_ambiguous;unverified_reference_source
a3edce08e6cc15d68861,docyx_pc_part_dataset_2025_07_23,headset,Sennheiser HME280I,Sennheiser,HME280I,headset:sennheiser:hme280i,curated_alias,reference_only_needs_verification,needs_review,False,1,Black,False,over_ear,True,False,closed,"300,4",general;communication;gaming,gaming,100.0,125.0,frequency_units_ambiguous;unverified_reference_source
573fe7b6e91d7b9d27bf,docyx_pc_part_dataset_2025_07_23,headset,Sennheiser M2 AEBT Black,Sennheiser,M2 AEBT Black,headset:sennheiser:m2-aebt-black,curated_alias,reference_only_needs_verification,needs_review,False,1,Black;Silver,False,over_ear,True,True,closed,"16,22",general;communication;gaming;portable,communication,100.0,125.0,frequency_units_ambiguous;unverified_reference_source
11f411aab93fc89434f2,docyx_pc_part_dataset_2025_07_23,headset,Sennheiser M2 AEG Black,Sennheiser,M2 AEG Black,headset:sennheiser:m2-aeg-black,curated_alias,reference_only_needs_verification,needs_review,False,1,Black;Silver,False,over_ear,True,False,closed,"16,22",general;communication;gaming,gaming,100.0,125.0,frequency_units_ambiguous;unverified_reference_source
fdecb411165563bff478,docyx_pc_part_dataset_2025_07_23,headset,Sennheiser M2 AEG Ivory,Sennheiser,M2 AEG Ivory,headset:sennheiser:m2-aeg-ivory,curated_alias,reference_only_needs_verification,needs_review,False,1,Black;White,False,over_ear,True,False,closed,"16,22",general;communication;gaming,gaming,100.0,125.0,frequency_units_ambiguous;unverified_reference_source
ac07158c8cb42007a58e,docyx_pc_part_dataset_2025_07_23,headset,Sennheiser M2 AEi Black,Sennheiser,M2 AEi Black,headset:sennheiser:m2-aei-black,curated_alias,reference_only_needs_verification,needs_review,False,1,Black;Silver,False,on_ear,True,False,closed,"16,22",general;communication;gaming,gaming,100.0,125.0,frequency_units_ambiguous;unverified_reference_source
6329702b738927bdff94,docyx_pc_part_dataset_2025_07_23,headset,Sennheiser M2 AEi Ivory,Sennheiser,M2 AEi Ivory,headset:sennheiser:m2-aei-ivory,curated_alias,reference_only_needs_verification,needs_review,False,1,Brown,False,over_ear,True,False,closed,"16,22",general;communication;gaming,gaming,100.0,125.0,frequency_units_ambiguous;unverified_reference_source
548c3d2d8780960abb77,docyx_pc_part_dataset_2025_07_23,headset,Sennheiser M2 IEG,Sennheiser,M2 IEG,headset:sennheiser:m2-ieg,curated_alias,reference_only_needs_verification,needs_review,False,1,Black;Red,False,in_ear,True,False,closed,"15,22",general;communication;gaming,gaming,100.0,125.0,frequency_units_ambiguous;unverified_reference_source
f9d1d0e3e1546a892394,docyx_pc_part_dataset_2025_07_23,headset,Sennheiser M2 IEi,Sennheiser,M2 IEi,headset:sennheiser:m2-iei,curated_alias,reference_only_needs_verification,needs_review,False,1,Black;Red,False,in_ear,True,False,closed,"15,22",general;communication;gaming,gaming,100.0,125.0,frequency_units_ambiguous;unverified_reference_source
65d68941cccf0dd2750b,docyx_pc_part_dataset_2025_07_23,headset,Sennheiser M2 OEG Black,Sennheiser,M2 OEG Black,headset:sennheiser:m2-oeg-black,curated_alias,reference_only_needs_verification,needs_review,False,1,Black;Silver,False,on_ear,True,False,closed,"16,22",general;communication;gaming,gaming,100.0,125.0,frequency_units_ambiguous;unverified_reference_source
a421688f0fa96e3e3d12,docyx_pc_part_dataset_2025_07_23,headset,Sennheiser M2 OEG Ivory,Sennheiser,M2 OEG Ivory,headset:sennheiser:m2-oeg-ivory,curated_alias,reference_only_needs_verification,needs_review,False,1,Black;White,False,over_ear,True,False,closed,"16,22",general;communication;gaming,gaming,100.0,125.0,frequency_units_ambiguous;unverified_reference_source
0c5bec3fcb0f934b1308,docyx_pc_part_dataset_2025_07_23,headset,Sennheiser M2 OEi Black,Sennheiser,M2 OEi Black,headset:sennheiser:m2-oei-black,curated_alias,reference_only_needs_verification,needs_review,False,1,Black;Silver,False,on_ear,True,False,closed,"16,22",general;communication;gaming,gaming,100.0,125.0,frequency_units_ambiguous;unverified_reference_source
4c5108413b3a6ca4c160,docyx_pc_part_dataset_2025_07_23,headset,Sennheiser M2 OEi Brown,Sennheiser,M2 OEi Brown,headset:sennheiser:m2-oei-brown,curated_alias,reference_only_needs_verification,needs_review,False,1,Black;Brown,False,on_ear,True,False,closed,"16,22",general;communication;gaming,gaming,100.0,125.0,frequency_units_ambiguous;unverified_reference_source
60a107954d368493aa00,docyx_pc_part_dataset_2025_07_23,headset,Sennheiser M2 OEi Ivory,Sennheiser,M2 OEi Ivory,headset:sennheiser:m2-oei-ivory,curated_alias,reference_only_needs_verification,needs_review,False,1,Brown,False,over_ear,True,False,closed,"16,22",general;communication;gaming,gaming,100.0,125.0,frequency_units_ambiguous;unverified_reference_source
ccc56f1de7e429c35b20,docyx_pc_part_dataset_2025_07_23,headset,Sennheiser MB 360 UC,Sennheiser,MB 360 UC,headset:sennheiser:mb-360-uc,curated_alias,reference_only_needs_verification,needs_review,False,1,Black,False,over_ear,True,True,closed,"18,22",general;communication;gaming;portable,communication,100.0,125.0,frequency_units_ambiguous;unverified_reference_source
a34e981ddf57a38819d7,docyx_pc_part_dataset_2025_07_23,headset,Sennheiser MB 660 UC MS,Sennheiser,MB 660 UC MS,headset:sennheiser:mb-660-uc-ms,curated_alias,reference_only_needs_verification,needs_review,False,1,Black;Silver,False,over_ear,True,True,closed,,general;communication;gaming;portable,communication,100.0,125.0,unverified_reference_source
c2e0108109ccbc4476f0,docyx_pc_part_dataset_2025_07_23,headset,Sennheiser MM 400-X,Sennheiser,MM 400-X,headset:sennheiser:mm-400-x,curated_alias,reference_only_needs_verification,needs_review,False,1,Black;Blue,False,on_ear,True,True,closed,"15,22",general;communication;gaming;portable,communication,100.0,125.0,frequency_units_ambiguous;unverified_reference_source
bec7a49c4081b10f79bb,docyx_pc_part_dataset_2025_07_23,headset,Sennheiser MM 450-X,Sennheiser,MM 450-X,headset:sennheiser:mm-450-x,curated_alias,reference_only_needs_verification,needs_review,False,1,Black;Blue,False,on_ear,True,True,closed,"15,22",general;communication;gaming;portable,communication,100.0,125.0,frequency_units_ambiguous;unverified_reference_source
c7a800028d3fb6722dbc,docyx_pc_part_dataset_2025_07_23,headset,Sennheiser MM 500-X,Sennheiser,MM 500-X,headset:sennheiser:mm-500-x,curated_alias,reference_only_needs_verification,needs_review,False,1,Black;Blue,False,over_ear,True,True,closed,"15,22",general;communication;gaming;portable,communication,100.0,125.0,frequency_units_ambiguous;unverified_reference_source
75c7e58727d3f8847b2f,docyx_pc_part_dataset_2025_07_23,headset,Sennheiser MM 550-X,Sennheiser,MM 550-X,headset:sennheiser:mm-550-x,curated_alias,reference_only_needs_verification,needs_review,False,1,Black;Blue,False,over_ear,True,True,closed,"15,22",general;communication;gaming;portable,communication,100.0,125.0,frequency_units_ambiguous;unverified_reference_source
f661b1b4ec0b4aa6b1a7,docyx_pc_part_dataset_2025_07_23,headset,Sennheiser MM30i,Sennheiser,MM30i,headset:sennheiser:mm30i,curated_alias,reference_only_needs_verification,needs_review,False,1,Black;Silver,False,in_ear,True,False,closed,"17,20",general;communication;gaming,gaming,100.0,125.0,frequency_units_ambiguous;unverified_reference_source
fb8e99e1d9103d87d077,docyx_pc_part_dataset_2025_07_23,headset,Sennheiser MM70I,Sennheiser,MM70I,headset:sennheiser:mm70i,curated_alias,reference_only_needs_verification,needs_review,False,1,Black;Silver,False,in_ear,True,False,closed,"18,22",general;communication;gaming,gaming,100.0,125.0,frequency_units_ambiguous;unverified_reference_source
f81488cf866bcb5ed301,docyx_pc_part_dataset_2025_07_23,headset,Sennheiser MM70S,Sennheiser,MM70S,headset:sennheiser:mm70s,curated_alias,reference_only_needs_verification,needs_review,False,1,Black;Silver,False,in_ear,True,False,closed,"18,22",general;communication;gaming,gaming,100.0,125.0,frequency_units_ambiguous;unverified_reference_source
b2598aa313ada3f83362,docyx_pc_part_dataset_2025_07_23,headset,Sennheiser Momentum 2.0,Sennheiser,Momentum 2.0,headset:sennheiser:momentum-2-0,curated_alias,reference_only_needs_verification,needs_review,False,1,Black,False,over_ear,True,False,closed,"16,22",general;communication;gaming,gaming,100.0,125.0,frequency_units_ambiguous;unverified_reference_source
cbffabc0e3c56e676098,docyx_pc_part_dataset_2025_07_23,headset,Sennheiser PC 31-II,Sennheiser,PC 31-II,headset:sennheiser:pc-31-ii,curated_alias,reference_only_needs_verification,needs_review,False,1,Black,False,on_ear,True,False,closed,"40,18",general;communication;gaming,gaming,100.0,125.0,frequency_units_ambiguous;unverified_reference_source
7a34db6ae150cdf74f79,docyx_pc_part_dataset_2025_07_23,headset,Sennheiser PC 323D,Sennheiser,PC 323D,headset:sennheiser:pc-323d,curated_alias,reference_only_needs_verification,needs_review,False,1,Black;Silver,False,over_ear,True,False,closed,"15,23",general;communication;gaming,gaming,100.0,125.0,frequency_units_ambiguous;unverified_reference_source
50b820d31d0cf5746822,docyx_pc_part_dataset_2025_07_23,headset,Sennheiser PC 350 SE,Sennheiser,PC 350 SE,headset:sennheiser:pc-350-se,curated_alias,reference_only_needs_verification,needs_review,False,1,Black,False,over_ear,True,False,closed,,general;communication;gaming,gaming,100.0,125.0,unverified_reference_source
d7679abfb0228b1ffcdd,docyx_pc_part_dataset_2025_07_23,headset,Sennheiser PC21-II,Sennheiser,PC21-II,headset:sennheiser:pc21-ii,curated_alias,reference_only_needs_verification,needs_review,False,1,Black,False,on_ear,True,False,closed,,general;communication;gaming,gaming,100.0,125.0,unverified_reference_source
c0d8c795c670fb05f8f0,docyx_pc_part_dataset_2025_07_23,headset,Sennheiser PC333D,Sennheiser,PC333D,headset:sennheiser:pc333d,curated_alias,reference_only_needs_verification,needs_review,False,1,Black;Silver,False,over_ear,True,False,closed,"14,22",general;communication;gaming,gaming,100.0,125.0,frequency_units_ambiguous;unverified_reference_source
d994dffb0fd978e941db,docyx_pc_part_dataset_2025_07_23,headset,Sennheiser PX 100-IIi,Sennheiser,PX 100-IIi,headset:sennheiser:px-100-iii,curated_alias,reference_only_needs_verification,needs_review,False,1,Black,False,on_ear,True,False,closed,"15,27",general;communication;gaming,gaming,100.0,125.0,frequency_units_ambiguous;unverified_reference_source
0fab2f8244b56ef796fa,docyx_pc_part_dataset_2025_07_23,headset,Sennheiser SC 260 USB CTRL II,Sennheiser,SC 260 USB CTRL II,headset:sennheiser:sc-260-usb-ctrl-ii,curated_alias,reference_only_needs_verification,needs_review,False,1,,False,on_ear,True,False,closed,"50,18",general;communication;gaming,gaming,100.0,125.0,frequency_units_ambiguous;unverified_reference_source
48b060ec3d7717de5602,docyx_pc_part_dataset_2025_07_23,headset,Sennheiser SC 260 USB ML,Sennheiser,SC 260 USB ML,headset:sennheiser:sc-260-usb-ml,curated_alias,reference_only_needs_verification,needs_review,False,1,Black;Silver,False,on_ear,True,False,closed,,general;communication;gaming,gaming,100.0,125.0,unverified_reference_source
f4c308d0a790bb9edba5,docyx_pc_part_dataset_2025_07_23,headset,Sennheiser SC 70 USB CTRL,Sennheiser,SC 70 USB CTRL,headset:sennheiser:sc-70-usb-ctrl,curated_alias,reference_only_needs_verification,needs_review,False,1,Black;Silver,False,on_ear,True,False,closed,"60,16",general;communication;gaming,gaming,100.0,125.0,frequency_units_ambiguous;unverified_reference_source
cde1ababd0278e4eea66,docyx_pc_part_dataset_2025_07_23,headset,Sennheiser SC 75 USB CTRL,Sennheiser,SC 75 USB CTRL,headset:sennheiser:sc-75-usb-ctrl,curated_alias,reference_only_needs_verification,needs_review,False,1,Black,False,on_ear,True,False,closed,"60,16",general;communication;gaming,gaming,100.0,125.0,frequency_units_ambiguous;unverified_reference_source
bac67be9be2c4cd0122e,docyx_pc_part_dataset_2025_07_23,headset,Sennheiser SH350IP,Sennheiser,SH350IP,headset:sennheiser:sh350ip,curated_alias,reference_only_needs_verification,needs_review,False,1,Black;Silver,False,on_ear,True,False,closed,"150,6.8",general;communication;gaming,gaming,100.0,125.0,frequency_units_ambiguous;unverified_reference_source
d9952e19a3809e8af644,docyx_pc_part_dataset_2025_07_23,headset,Sennheiser URBANITE XL WIRELESS,Sennheiser,URBANITE XL WIRELESS,headset:sennheiser:urbanite-xl-wireless,curated_alias,reference_only_needs_verification,needs_review,False,1,Black;White,False,over_ear,True,True,closed,,general;communication;gaming;portable,communication,100.0,125.0,unverified_reference_source
1bae1431fb6e3da64c5e,docyx_pc_part_dataset_2025_07_23,headset,Sennheiser ‎‎‎HD 450BT White,Sennheiser,‎‎‎HD 450BT White,headset:sennheiser:hd-450bt-white,curated_alias,reference_only_needs_verification,needs_review,False,1,Beige;White,False,over_ear,True,True,closed,"18,22",general;communication;gaming;portable,communication,100.0,125.0,frequency_units_ambiguous;unverified_reference_source
623cab47cd2e96e1b24e,docyx_pc_part_dataset_2025_07_23,headset,Sony CZ-MDRAS400IPB,Sony,CZ-MDRAS400IPB,headset:sony:cz-mdras400ipb,curated_alias,reference_only_needs_verification,needs_review,False,1,Black,False,in_ear,True,False,closed,,general;communication;gaming,gaming,100.0,125.0,unverified_reference_source
367deb3238eb9e4e0478,docyx_pc_part_dataset_2025_07_23,headset,Sony CZ-MDRAS400IPW,Sony,CZ-MDRAS400IPW,headset:sony:cz-mdras400ipw,curated_alias,reference_only_needs_verification,needs_review,False,1,White,False,in_ear,True,False,closed,,general;communication;gaming,gaming,100.0,125.0,unverified_reference_source
73f2d5d35709604bda77,docyx_pc_part_dataset_2025_07_23,headset,Sony DREX61IP,Sony,DREX61IP,headset:sony:drex61ip,curated_alias,reference_only_needs_verification,needs_review,False,1,Black,False,in_ear,True,False,closed,"5,23",general;communication;gaming,gaming,100.0,125.0,frequency_units_ambiguous;unverified_reference_source
6312baa6400b91c1a1bc,docyx_pc_part_dataset_2025_07_23,headset,Sony DRPQ7IP/VLT,Sony,DRPQ7IP/VLT,headset:sony:drpq7ip-vlt,curated_alias,reference_only_needs_verification,needs_review,False,1,Black;Purple,False,in_ear,True,False,closed,,general;communication;gaming,gaming,100.0,125.0,unverified_reference_source
f1d9a2f28fc4dd8b49f2,docyx_pc_part_dataset_2025_07_23,headset,Sony DRXB23VP,Sony,DRXB23VP,headset:sony:drxb23vp,curated_alias,reference_only_needs_verification,needs_review,False,1,Black,False,in_ear,True,False,closed,"5,23",general;communication;gaming,gaming,100.0,125.0,frequency_units_ambiguous;unverified_reference_source
40f6c30dccd692a4fc6f,docyx_pc_part_dataset_2025_07_23,headset,Sony Gold,Sony,Gold,headset:sony:gold,curated_alias,reference_only_needs_verification,needs_review,False,1,Black,False,over_ear,True,True,closed,,general;communication;gaming;portable,communication,100.0,125.0,unverified_reference_source
36be50af1ba26ac86ac8,docyx_pc_part_dataset_2025_07_23,headset,Sony MDR-ZX300A L,Sony,MDR-ZX300A L,headset:sony:mdr-zx300a-l,curated_alias,reference_only_needs_verification,needs_review,False,1,Black;Blue,False,on_ear,True,False,closed,,general;communication;gaming,gaming,100.0,125.0,unverified_reference_source
ce6395a2c3833f75f6bc,docyx_pc_part_dataset_2025_07_23,headset,Sony MDRAS400IPB,Sony,MDRAS400IPB,headset:sony:mdras400ipb,curated_alias,reference_only_needs_verification,needs_review,False,1,Black,False,in_ear,True,False,closed,,general;communication;gaming,gaming,100.0,125.0,unverified_reference_source
5b76539e9d532a525dea,docyx_pc_part_dataset_2025_07_23,headset,Sony MDRAS400IPW,Sony,MDRAS400IPW,headset:sony:mdras400ipw,curated_alias,reference_only_needs_verification,needs_review,False,1,White,False,in_ear,True,False,closed,,general;communication;gaming,gaming,100.0,125.0,unverified_reference_source
6c67043f4b20ce1bc205,docyx_pc_part_dataset_2025_07_23,headset,Sony MDRXB450AP/B,Sony,MDRXB450AP/B,headset:sony:mdrxb450ap-b,curated_alias,reference_only_needs_verification,needs_review,False,1,Black,False,on_ear,True,False,closed,"5,22",general;communication;gaming,gaming,100.0,125.0,frequency_units_ambiguous;unverified_reference_source
697c99ad9dc84963396b,docyx_pc_part_dataset_2025_07_23,headset,Sony MDRXB550AP/L,Sony,MDRXB550AP/L,headset:sony:mdrxb550ap-l,curated_alias,reference_only_needs_verification,needs_review,False,1,Blue,False,on_ear,True,False,closed,"5,22",general;communication;gaming,gaming,100.0,125.0,frequency_units_ambiguous;unverified_reference_source
2fefbaae0014b7b0cc5d,docyx_pc_part_dataset_2025_07_23,headset,Sony WH-CH710N,Sony,WH-CH710N,headset:sony:wh-ch710n,curated_alias,reference_only_needs_verification,needs_review,False,1,Blue,False,over_ear,True,True,closed,"20,20",general;communication;gaming;portable,communication,100.0,125.0,frequency_units_ambiguous;unverified_reference_source
26dd92dadd19248c2c78,docyx_pc_part_dataset_2025_07_23,headset,Sony XBA1VP,Sony,XBA1VP,headset:sony:xba1vp,curated_alias,reference_only_needs_verification,needs_review,False,1,Black;Silver,False,in_ear,True,False,closed,"5,25",general;communication;gaming,gaming,100.0,125.0,frequency_units_ambiguous;unverified_reference_source
5fecc30e7610d8f12b6a,docyx_pc_part_dataset_2025_07_23,headset,Sony XBA2VP,Sony,XBA2VP,headset:sony:xba2vp,curated_alias,reference_only_needs_verification,needs_review,False,1,Black;Silver,False,in_ear,True,False,closed,"4,25",general;communication;gaming,gaming,100.0,125.0,frequency_units_ambiguous;unverified_reference_source
874521305c91c0c78537,docyx_pc_part_dataset_2025_07_23,headset,Sony XBA3,Sony,XBA3,headset:sony:xba3,curated_alias,reference_only_needs_verification,needs_review,False,1,Black;Silver,False,in_ear,True,False,closed,"4,28",general;communication;gaming,gaming,100.0,125.0,frequency_units_ambiguous;unverified_reference_source
da105638220330fd1d7f,docyx_pc_part_dataset_2025_07_23,headset,Sony XBAC10IPBL,Sony,XBAC10IPBL,headset:sony:xbac10ipbl,curated_alias,reference_only_needs_verification,needs_review,False,1,Black,False,in_ear,True,False,closed,"5,25",general;communication;gaming,gaming,100.0,125.0,frequency_units_ambiguous;unverified_reference_source
b32bf2d08cb677a58894,docyx_pc_part_dataset_2025_07_23,headset,Sony XBAC10IPWH,Sony,XBAC10IPWH,headset:sony:xbac10ipwh,curated_alias,reference_only_needs_verification,needs_review,False,1,White,False,in_ear,True,False,closed,"5,25",general;communication;gaming,gaming,100.0,125.0,frequency_units_ambiguous;unverified_reference_source
f0c6456fab0544697d89,docyx_pc_part_dataset_2025_07_23,headset,SteelSeries 3H VR,SteelSeries,3H VR,headset:steelseries:3h-vr,curated_alias,reference_only_needs_verification,needs_review,False,1,Black,False,over_ear,True,False,closed,"10,27",general;communication;gaming,gaming,100.0,125.0,frequency_units_ambiguous;unverified_reference_source
8e8eb4627d819c4f53af,docyx_pc_part_dataset_2025_07_23,headset,SteelSeries Arctis 1 Destiny Edition,SteelSeries,Arctis 1 Destiny Edition,headset:steelseries:arctis-1-destiny-edition,curated_alias,reference_only_needs_verification,needs_review,False,1,Gray;White,False,over_ear,True,False,closed,"20,20",general;communication;gaming,gaming,100.0,125.0,frequency_units_ambiguous;unverified_reference_source
0aa1e8b7225f719f6782,docyx_pc_part_dataset_2025_07_23,headset,SteelSeries Arctis 3,SteelSeries,Arctis 3,headset:steelseries:arctis-3,curated_alias,reference_only_needs_verification,needs_review,False,2,Black;White,False,over_ear,True,False,closed,"20,22",general;communication;gaming,gaming,100.0,125.0,frequency_units_ambiguous;unverified_reference_source;identity_duplicates_collapsed
8da82c87338bd5b52711,docyx_pc_part_dataset_2025_07_23,headset,SteelSeries Arctis 3 (2019),SteelSeries,Arctis 3 (2019),headset:steelseries:arctis-3-2019,curated_alias,reference_only_needs_verification,needs_review,False,2,Black;White,False,over_ear,True,False,closed,"20,22",general;communication;gaming,gaming,100.0,125.0,frequency_units_ambiguous;unverified_reference_source;identity_duplicates_collapsed
e1def6ff70d8599cc159,docyx_pc_part_dataset_2025_07_23,headset,SteelSeries Arctis 3 Bluetooth (2019 Edition),SteelSeries,Arctis 3 Bluetooth (2019 Edition),headset:steelseries:arctis-3-bluetooth-2019-edition,curated_alias,reference_only_needs_verification,needs_review,False,1,Black,False,over_ear,True,False,closed,"20,22",general;communication;gaming,gaming,100.0,125.0,frequency_units_ambiguous;unverified_reference_source
55bcd394d3d92ffb4dab,docyx_pc_part_dataset_2025_07_23,headset,SteelSeries Arctis 7,SteelSeries,Arctis 7,headset:steelseries:arctis-7,curated_alias,reference_only_needs_verification,needs_review,False,2,Black;White,False,over_ear,True,True,closed,"20,20",general;communication;gaming;portable,communication,100.0,125.0,frequency_units_ambiguous;unverified_reference_source;identity_duplicates_collapsed
17b974aa598af320b62b,docyx_pc_part_dataset_2025_07_23,headset,SteelSeries Arctis 9,SteelSeries,Arctis 9,headset:steelseries:arctis-9,curated_alias,reference_only_needs_verification,needs_review,False,1,Black,False,over_ear,True,True,closed,"20,20",general;communication;gaming;portable,communication,100.0,125.0,frequency_units_ambiguous;unverified_reference_source
560d3456c3595481ff8a,docyx_pc_part_dataset_2025_07_23,headset,SteelSeries Arctis 9X,SteelSeries,Arctis 9X,headset:steelseries:arctis-9x,curated_alias,reference_only_needs_verification,needs_review,False,1,Black;Green,False,over_ear,True,True,closed,"20,20",general;communication;gaming;portable,communication,100.0,125.0,frequency_units_ambiguous;unverified_reference_source
f202042a2d2fe5c07ef0,docyx_pc_part_dataset_2025_07_23,headset,SteelSeries Arctis Pro Wireless,SteelSeries,Arctis Pro Wireless,headset:steelseries:arctis-pro-wireless,curated_alias,reference_only_needs_verification,needs_review,False,1,White,False,over_ear,True,True,closed,"10,40",general;communication;gaming;portable,communication,100.0,125.0,frequency_units_ambiguous;unverified_reference_source
0c62804bccea30b25000,docyx_pc_part_dataset_2025_07_23,headset,SteelSeries Diablo III 57002,SteelSeries,Diablo III 57002,headset:steelseries:diablo-iii-57002,curated_alias,reference_only_needs_verification,needs_review,False,1,Black;Red,False,over_ear,True,False,closed,"18,28",general;communication;gaming,gaming,100.0,125.0,frequency_units_ambiguous;unverified_reference_source
4a0b055f656d40aac302,docyx_pc_part_dataset_2025_07_23,headset,SteelSeries Elite Prism,SteelSeries,Elite Prism,headset:steelseries:elite-prism,curated_alias,reference_only_needs_verification,needs_review,False,2,Black;White,False,over_ear,True,False,closed,"16,28",general;communication;gaming,gaming,100.0,125.0,frequency_units_ambiguous;unverified_reference_source;identity_duplicates_collapsed
9ab32b9fee1da8cae351,docyx_pc_part_dataset_2025_07_23,headset,SteelSeries Elite World of Warcraft,SteelSeries,Elite World of Warcraft,headset:steelseries:elite-world-of-warcraft,curated_alias,reference_only_needs_verification,needs_review,False,1,Black;Silver,False,over_ear,True,False,closed,,general;communication;gaming,gaming,100.0,125.0,unverified_reference_source
19c40f565fef4c13f6ca,docyx_pc_part_dataset_2025_07_23,headset,SteelSeries Flux,SteelSeries,Flux,headset:steelseries:flux,curated_alias,reference_only_needs_verification,needs_review,False,3,Black;Orange;White,False,on_ear,True,False,closed,"18,28",general;communication;gaming,gaming,100.0,125.0,frequency_units_ambiguous;unverified_reference_source;identity_duplicates_collapsed
4d93146b614e2919bb0e,docyx_pc_part_dataset_2025_07_23,headset,SteelSeries Flux In-Ear Mobile,SteelSeries,Flux In-Ear Mobile,headset:steelseries:flux-in-ear-mobile,curated_alias,reference_only_needs_verification,needs_review,False,1,Black;White,False,in_ear,True,False,closed,"20,20",general;communication;gaming,gaming,100.0,125.0,frequency_units_ambiguous;unverified_reference_source
2f408c7fb6038d041223,docyx_pc_part_dataset_2025_07_23,headset,SteelSeries Flux In-Ear Pro,SteelSeries,Flux In-Ear Pro,headset:steelseries:flux-in-ear-pro,curated_alias,reference_only_needs_verification,needs_review,False,1,Black,False,in_ear,True,False,closed,"15,22",general;communication;gaming,gaming,100.0,125.0,frequency_units_ambiguous;unverified_reference_source
75aa5f9b8b1ce4a39ec4,docyx_pc_part_dataset_2025_07_23,headset,SteelSeries Guild Wars 2,SteelSeries,Guild Wars 2,headset:steelseries:guild-wars-2,curated_alias,reference_only_needs_verification,needs_review,False,1,Red;White,False,on_ear,True,False,closed,"18,28",general;communication;gaming,gaming,100.0,125.0,frequency_units_ambiguous;unverified_reference_source
3f6435555d672f1f9f90,docyx_pc_part_dataset_2025_07_23,headset,SteelSeries Siberia 150,SteelSeries,Siberia 150,headset:steelseries:siberia-150,curated_alias,reference_only_needs_verification,needs_review,False,1,Black;Orange,False,over_ear,True,False,closed,,general;communication;gaming,gaming,100.0,125.0,unverified_reference_source
3e9f72d4d5de9c608415,docyx_pc_part_dataset_2025_07_23,headset,SteelSeries Siberia 350 (Black/Orange),SteelSeries,Siberia 350 (Black/Orange),headset:steelseries:siberia-350-black-orange,curated_alias,reference_only_needs_verification,needs_review,False,1,Black;Orange,False,over_ear,True,False,closed,"20,28",general;communication;gaming,gaming,100.0,125.0,frequency_units_ambiguous;unverified_reference_source
1385a898c8fbdb7ee5e7,docyx_pc_part_dataset_2025_07_23,headset,SteelSeries Siberia 350 (White/Black),SteelSeries,Siberia 350 (White/Black),headset:steelseries:siberia-350-white-black,curated_alias,reference_only_needs_verification,needs_review,False,1,Black;White,False,over_ear,True,False,closed,"20,28",general;communication;gaming,gaming,100.0,125.0,frequency_units_ambiguous;unverified_reference_source
76995417125c62f9d830,docyx_pc_part_dataset_2025_07_23,headset,SteelSeries Siberia 650,SteelSeries,Siberia 650,headset:steelseries:siberia-650,curated_alias,reference_only_needs_verification,needs_review,False,2,Black;Orange;White,False,over_ear,True,False,closed,"16,28",general;communication;gaming,gaming,100.0,125.0,frequency_units_ambiguous;unverified_reference_source;identity_duplicates_collapsed
145235395d4eaed5cdd7,docyx_pc_part_dataset_2025_07_23,headset,SteelSeries Siberia 800,SteelSeries,Siberia 800,headset:steelseries:siberia-800,curated_alias,reference_only_needs_verification,needs_review,False,1,Black;Orange,False,over_ear,True,True,closed,"20,20",general;communication;gaming;portable,communication,100.0,125.0,frequency_units_ambiguous;unverified_reference_source
6af90d40257082bc5e14,docyx_pc_part_dataset_2025_07_23,headset,SteelSeries Siberia 840,SteelSeries,Siberia 840,headset:steelseries:siberia-840,curated_alias,reference_only_needs_verification,needs_review,False,1,Black,False,over_ear,True,True,closed,"20,20",general;communication;gaming;portable,communication,100.0,125.0,frequency_units_ambiguous;unverified_reference_source
cf5f961b093830ece38c,docyx_pc_part_dataset_2025_07_23,headset,SteelSeries Siberia Elite,SteelSeries,Siberia Elite,headset:steelseries:siberia-elite,curated_alias,reference_only_needs_verification,needs_review,False,2,Black;Orange;White,False,over_ear,True,False,closed,"16,28",general;communication;gaming,gaming,100.0,125.0,frequency_units_ambiguous;unverified_reference_source;identity_duplicates_collapsed
d98728f87ccf83afbb4e,docyx_pc_part_dataset_2025_07_23,headset,SteelSeries Siberia P100,SteelSeries,Siberia P100,headset:steelseries:siberia-p100,curated_alias,reference_only_needs_verification,needs_review,False,1,Black,False,over_ear,True,False,closed,,general;communication;gaming,gaming,100.0,125.0,unverified_reference_source
4458581a74313cf1a904,docyx_pc_part_dataset_2025_07_23,headset,SteelSeries Siberia P800,SteelSeries,Siberia P800,headset:steelseries:siberia-p800,curated_alias,reference_only_needs_verification,needs_review,False,1,Black;Orange,False,over_ear,True,True,closed,,general;communication;gaming;portable,communication,100.0,125.0,unverified_reference_source
3d776a7b3dfa19dcb2ee,docyx_pc_part_dataset_2025_07_23,headset,SteelSeries Siberia RAW,SteelSeries,Siberia RAW,headset:steelseries:siberia-raw,curated_alias,reference_only_needs_verification,needs_review,False,1,White,False,over_ear,True,False,closed,"20,20",general;communication;gaming,gaming,100.0,125.0,frequency_units_ambiguous;unverified_reference_source
11c391d78250ce6a9bc2,docyx_pc_part_dataset_2025_07_23,headset,SteelSeries Siberia X800,SteelSeries,Siberia X800,headset:steelseries:siberia-x800,curated_alias,reference_only_needs_verification,needs_review,False,1,Black;Orange,False,over_ear,True,True,closed,,general;communication;gaming;portable,communication,100.0,125.0,unverified_reference_source
f6e5521374c08c1d57e8,docyx_pc_part_dataset_2025_07_23,headset,SteelSeries Siberia v2 CS:GO,SteelSeries,Siberia v2 CS:GO,headset:steelseries:siberia-v2-cs-go,curated_alias,reference_only_needs_verification,needs_review,False,1,Camo,False,over_ear,True,False,closed,"18,28",general;communication;gaming,gaming,100.0,125.0,frequency_units_ambiguous;unverified_reference_source
b1e9d405caf306344e11,docyx_pc_part_dataset_2025_07_23,headset,SteelSeries Siberia v2 DOTA 2,SteelSeries,Siberia v2 DOTA 2,headset:steelseries:siberia-v2-dota-2,curated_alias,reference_only_needs_verification,needs_review,False,1,Black;Red,False,over_ear,True,False,closed,"18,28",general;communication;gaming,gaming,100.0,125.0,frequency_units_ambiguous;unverified_reference_source
d0565ff608da77f8c0fb,docyx_pc_part_dataset_2025_07_23,headset,SteelSeries Siberia v3,SteelSeries,Siberia v3,headset:steelseries:siberia-v3,curated_alias,reference_only_needs_verification,needs_review,False,2,Black;White,False,over_ear,True,False,closed,"20,20",general;communication;gaming,gaming,100.0,125.0,frequency_units_ambiguous;unverified_reference_source;identity_duplicates_collapsed
fe74eb27cb9e84f92a6d,docyx_pc_part_dataset_2025_07_23,headset,SteelSeries Sims 4,SteelSeries,Sims 4,headset:steelseries:sims-4,curated_alias,reference_only_needs_verification,needs_review,False,1,White,False,on_ear,True,False,closed,"20,20",general;communication;gaming,gaming,100.0,125.0,frequency_units_ambiguous;unverified_reference_source
1498d25dcbfb19f2c498,docyx_pc_part_dataset_2025_07_23,headset,Audio-Technica ATH-CKP200BL,Audio-Technica,ATH-CKP200BL,headset:audio-technica:ath-ckp200bl,curated_alias,reference_only_needs_verification,needs_review,False,1,Black;Blue,True,in_ear,False,False,closed,"20,23",general,communication,100.0,123.0,frequency_units_ambiguous;unverified_reference_source
f94b06346cf027f2adee,docyx_pc_part_dataset_2025_07_23,headset,Audio-Technica ATH-CKP200RD,Audio-Technica,ATH-CKP200RD,headset:audio-technica:ath-ckp200rd,curated_alias,reference_only_needs_verification,needs_review,False,1,Black;Red,True,in_ear,False,False,closed,"20,23",general,communication,100.0,123.0,frequency_units_ambiguous;unverified_reference_source
013bed5364b3f6cb1243,docyx_pc_part_dataset_2025_07_23,headset,Audio-Technica ATH-E40,Audio-Technica,ATH-E40,headset:audio-technica:ath-e40,curated_alias,reference_only_needs_verification,needs_review,False,1,Black,True,in_ear,False,False,closed,"20,20",general,communication,100.0,123.0,frequency_units_ambiguous;unverified_reference_source
ad57889d4147ec49d81b,docyx_pc_part_dataset_2025_07_23,headset,Audio-Technica ATH-E70,Audio-Technica,ATH-E70,headset:audio-technica:ath-e70,curated_alias,reference_only_needs_verification,needs_review,False,1,Black;Red,True,in_ear,False,False,closed,"20,19",general,communication,100.0,123.0,frequency_units_ambiguous;unverified_reference_source
2cfb6c12f7fb365bb8b5,docyx_pc_part_dataset_2025_07_23,headset,Audio-Technica ATH-IM01,Audio-Technica,ATH-IM01,headset:audio-technica:ath-im01,curated_alias,reference_only_needs_verification,needs_review,False,1,Transparent,True,in_ear,False,False,closed,"20,15",general,communication,100.0,123.0,frequency_units_ambiguous;unverified_reference_source
b2c20f33f3c5d5551f71,docyx_pc_part_dataset_2025_07_23,headset,Audio-Technica ATH-M10,Audio-Technica,ATH-M10,headset:audio-technica:ath-m10,curated_alias,reference_only_needs_verification,needs_review,False,1,Black,True,over_ear,False,False,closed,"30,20",general,communication,100.0,123.0,frequency_units_ambiguous;unverified_reference_source
5f91c5586f28db646cec,docyx_pc_part_dataset_2025_07_23,headset,Audio-Technica ATH-M20X,Audio-Technica,ATH-M20X,headset:audio-technica:ath-m20x,curated_alias,reference_only_needs_verification,needs_review,False,1,Black;Silver,True,over_ear,False,False,closed,"15,20",general,communication,100.0,123.0,frequency_units_ambiguous;unverified_reference_source
6b8adbf01bc8f1596b2c,docyx_pc_part_dataset_2025_07_23,headset,Audio-Technica ATH-M30x,Audio-Technica,ATH-M30x,headset:audio-technica:ath-m30x,curated_alias,reference_only_needs_verification,needs_review,False,1,Black;Silver,True,over_ear,False,False,closed,"15,22",general,communication,100.0,123.0,frequency_units_ambiguous;unverified_reference_source
79a7cb57ebac4a234320,docyx_pc_part_dataset_2025_07_23,headset,Audio-Technica ATH-M40x,Audio-Technica,ATH-M40x,headset:audio-technica:ath-m40x,curated_alias,reference_only_needs_verification,needs_review,False,1,Black;Silver,True,over_ear,False,False,closed,"15,24",general,communication,100.0,123.0,frequency_units_ambiguous;unverified_reference_source
85ea111450149a877cc6,docyx_pc_part_dataset_2025_07_23,headset,Audio-Technica ATH-M50x,Audio-Technica,ATH-M50x,headset:audio-technica:ath-m50x,curated_alias,reference_only_needs_verification,needs_review,False,1,Black;Silver,True,over_ear,False,False,closed,"15,28",general,communication,100.0,123.0,frequency_units_ambiguous;unverified_reference_source
eb9ccc384deb611088a6,docyx_pc_part_dataset_2025_07_23,headset,Audio-Technica ATH-M50xWH,Audio-Technica,ATH-M50xWH,headset:audio-technica:ath-m50xwh,curated_alias,reference_only_needs_verification,needs_review,False,1,White,True,over_ear,False,False,closed,"15,28",general,communication,100.0,123.0,frequency_units_ambiguous;unverified_reference_source
815310c054ab7d9eb2c2,docyx_pc_part_dataset_2025_07_23,headset,Audio-Technica ATH-M70x,Audio-Technica,ATH-M70x,headset:audio-technica:ath-m70x,curated_alias,reference_only_needs_verification,needs_review,False,1,Black;Silver,True,over_ear,False,False,closed,"5,40",general,communication,100.0,123.0,frequency_units_ambiguous;unverified_reference_source
28b15056345ac7fa75bc,docyx_pc_part_dataset_2025_07_23,headset,Sennheiser HD 280 PRO,Sennheiser,HD 280 PRO,headset:sennheiser:hd-280-pro,curated_alias,reference_only_needs_verification,needs_review,False,1,Black,True,over_ear,False,False,closed,"8,25",general,communication,100.0,123.0,frequency_units_ambiguous;unverified_reference_source
163564a0f422252aa533,docyx_pc_part_dataset_2025_07_23,headset,Sennheiser HD 300 PRO,Sennheiser,HD 300 PRO,headset:sennheiser:hd-300-pro,curated_alias,reference_only_needs_verification,needs_review,False,1,Black,True,over_ear,False,False,closed,"6,25",general,communication,100.0,123.0,frequency_units_ambiguous;unverified_reference_source
c7282776e2724ef96c07,docyx_pc_part_dataset_2025_07_23,headset,Sennheiser HD 380 Pro,Sennheiser,HD 380 Pro,headset:sennheiser:hd-380-pro,curated_alias,reference_only_needs_verification,needs_review,False,1,Black,True,over_ear,False,False,closed,"8,27",general,communication,100.0,123.0,frequency_units_ambiguous;unverified_reference_source
c05f181564c7aa4f01ec,docyx_pc_part_dataset_2025_07_23,headset,Sennheiser HD 598 CS,Sennheiser,HD 598 CS,headset:sennheiser:hd-598-cs,curated_alias,reference_only_needs_verification,needs_review,False,1,Black;Silver,True,over_ear,False,False,closed,"10,28",general,communication,100.0,123.0,frequency_units_ambiguous;unverified_reference_source
def15ad6c291f9e53857,docyx_pc_part_dataset_2025_07_23,headset,Sennheiser M3AEBTXL,Sennheiser,M3AEBTXL,headset:sennheiser:m3aebtxl,curated_alias,reference_only_needs_verification,needs_review,False,2,Black;Silver;White,True,over_ear,False,True,closed,"6,22",general;portable,portable,100.0,123.0,frequency_units_ambiguous;unverified_reference_source;identity_duplicates_collapsed
53cf72b1eb882f8e5e8c,docyx_pc_part_dataset_2025_07_23,headset,Sennheiser MX 686G,Sennheiser,MX 686G,headset:sennheiser:mx-686g,curated_alias,reference_only_needs_verification,needs_review,False,1,Green,True,in_ear,False,False,closed,"18,22",general,communication,100.0,123.0,frequency_units_ambiguous;unverified_reference_source
2348c379844e93fdd2c1,docyx_pc_part_dataset_2025_07_23,headset,Sennheiser Momentum Black,Sennheiser,Momentum Black,headset:sennheiser:momentum-black,curated_alias,reference_only_needs_verification,needs_review,False,2,Black;Silver,True,on_ear,False,False,closed,"16,22",general,communication,100.0,123.0,frequency_units_ambiguous;unverified_reference_source;identity_duplicates_collapsed
0ccd029babb01217086a,docyx_pc_part_dataset_2025_07_23,headset,Sony DR-ZX701IP,Sony,DR-ZX701IP,headset:sony:dr-zx701ip,curated_alias,reference_only_needs_verification,needs_review,False,1,Black,True,over_ear,False,False,closed,,general,communication,100.0,123.0,unverified_reference_source
71f4182a3635223005b0,docyx_pc_part_dataset_2025_07_23,headset,Sony MDR-7506,Sony,MDR-7506,headset:sony:mdr-7506,curated_alias,reference_only_needs_verification,needs_review,False,1,Black,True,over_ear,False,False,closed,"10,20",general,communication,100.0,123.0,frequency_units_ambiguous;unverified_reference_source
46ca78927e2845df7bcf,docyx_pc_part_dataset_2025_07_23,headset,Sony MDR-ZX310L,Sony,MDR-ZX310L,headset:sony:mdr-zx310l,curated_alias,reference_only_needs_verification,needs_review,False,1,Blue,True,on_ear,False,False,closed,"10,24",general,communication,100.0,123.0,frequency_units_ambiguous;unverified_reference_source
dd88a6ad8d3782f9eac4,docyx_pc_part_dataset_2025_07_23,headset,Sony MDR-ZX310R,Sony,MDR-ZX310R,headset:sony:mdr-zx310r,curated_alias,reference_only_needs_verification,needs_review,False,1,Red,True,on_ear,False,False,closed,"10,24",general,communication,100.0,123.0,frequency_units_ambiguous;unverified_reference_source
2748cb488ca05f3d7280,docyx_pc_part_dataset_2025_07_23,headset,Sony MDR-ZX310W,Sony,MDR-ZX310W,headset:sony:mdr-zx310w,curated_alias,reference_only_needs_verification,needs_review,False,1,Silver;White,True,on_ear,False,False,closed,"10,24",general,communication,100.0,123.0,frequency_units_ambiguous;unverified_reference_source
efe13680f3a8bef93aa4,docyx_pc_part_dataset_2025_07_23,headset,Sony MDRAS200/WHI,Sony,MDRAS200/WHI,headset:sony:mdras200-whi,curated_alias,reference_only_needs_verification,needs_review,False,1,White,True,in_ear,False,False,closed,"17,22",general,communication,100.0,123.0,frequency_units_ambiguous;unverified_reference_source
4e6d518b4a9f2dd5ba0d,docyx_pc_part_dataset_2025_07_23,headset,Sony MDRE9LP/BLU,Sony,MDRE9LP/BLU,headset:sony:mdre9lp-blu,curated_alias,reference_only_needs_verification,needs_review,False,1,Blue;White,True,in_ear,False,False,closed,"18,22",general,communication,100.0,123.0,frequency_units_ambiguous;unverified_reference_source
ede541cb391daa640dec,docyx_pc_part_dataset_2025_07_23,headset,Sony MDRE9LP/WHI,Sony,MDRE9LP/WHI,headset:sony:mdre9lp-whi,curated_alias,reference_only_needs_verification,needs_review,False,1,White,True,in_ear,False,False,closed,"18,22",general,communication,100.0,123.0,frequency_units_ambiguous;unverified_reference_source
cfde8be878c6177ecd1c,docyx_pc_part_dataset_2025_07_23,headset,Audio-Technica ATH-ADG1,Audio-Technica,ATH-ADG1,headset:audio-technica:ath-adg1,curated_alias,reference_only_needs_verification,needs_review,False,1,Black;Red,False,over_ear,True,False,open,"5,30",general;communication;music_creation,music_creation,100.0,122.0,frequency_units_ambiguous;unverified_reference_source
28a8b12bccd32776cb1e,docyx_pc_part_dataset_2025_07_23,headset,Audio-Technica ATH-ADG1X,Audio-Technica,ATH-ADG1X,headset:audio-technica:ath-adg1x,curated_alias,reference_only_needs_verification,needs_review,False,1,Black;Blue,False,over_ear,True,False,open,"5,35",general;communication;music_creation,music_creation,100.0,122.0,frequency_units_ambiguous;unverified_reference_source
693bd70fd2f8cdc10a3e,docyx_pc_part_dataset_2025_07_23,headset,Audio-Technica ATH-WS1100IS,Audio-Technica,ATH-WS1100IS,headset:audio-technica:ath-ws1100is,curated_alias,reference_only_needs_verification,needs_review,False,1,,False,over_ear,True,False,semi_open,"5,40",general;communication,communication,100.0,122.0,frequency_units_ambiguous;unverified_reference_source
553f19e1778a1cb13f47,docyx_pc_part_dataset_2025_07_23,headset,Audio-Technica ATR5200,Audio-Technica,ATR5200,headset:audio-technica:atr5200,curated_alias,reference_only_needs_verification,needs_review,False,1,Black,False,on_ear,True,False,open,"30,20",general;communication;music_creation,music_creation,100.0,122.0,frequency_units_ambiguous;unverified_reference_source
eb5da25ee92804446f4d,docyx_pc_part_dataset_2025_07_23,headset,Cooler Master CH351,Cooler Master,CH351,headset:cooler-master:ch351,curated_alias,reference_only_needs_verification,needs_review,False,2,Black;Green;Pink,True,over_ear,True,True,closed,"20,20",general;communication;gaming;portable,communication,100.0,122.0,frequency_units_ambiguous;unverified_reference_source;identity_duplicates_collapsed
eba184ac63a44ce44f5c,docyx_pc_part_dataset_2025_07_23,headset,Cooler Master Ceres 300,Cooler Master,Ceres 300,headset:cooler-master:ceres-300,curated_alias,reference_only_needs_verification,needs_review,False,1,Black;White,False,over_ear,True,False,semi_open,"20,20",general;communication,communication,100.0,122.0,frequency_units_ambiguous;unverified_reference_source
61f1fae1f49a1d442472,docyx_pc_part_dataset_2025_07_23,headset,Cooler Master MH650,Cooler Master,MH650,headset:cooler-master:mh650,curated_alias,reference_only_needs_verification,needs_review,False,1,Black,True,over_ear,True,False,closed,"20,20",general;communication;gaming,gaming,100.0,122.0,frequency_units_ambiguous;unverified_reference_source
4349253a8d59343478a7,docyx_pc_part_dataset_2025_07_23,headset,Cooler Master MH670,Cooler Master,MH670,headset:cooler-master:mh670,curated_alias,reference_only_needs_verification,needs_review,False,1,Black,True,over_ear,True,True,closed,"15,25",general;communication;gaming;portable,communication,100.0,122.0,frequency_units_ambiguous;unverified_reference_source
7327074ef1c36ba4c816,docyx_pc_part_dataset_2025_07_23,headset,Cooler Master MH751,Cooler Master,MH751,headset:cooler-master:mh751,curated_alias,reference_only_needs_verification,needs_review,False,1,Black;Silver,True,over_ear,True,False,closed,"20,20",general;communication;gaming,gaming,100.0,122.0,frequency_units_ambiguous;unverified_reference_source
123b4507037335be8d05,docyx_pc_part_dataset_2025_07_23,headset,Corsair HS55,Corsair,HS55,headset:corsair:hs55,curated_alias,reference_only_needs_verification,needs_review,False,2,Black;White,True,over_ear,True,True,closed,"20,20",general;communication;gaming;portable,communication,100.0,122.0,frequency_units_ambiguous;unverified_reference_source;identity_duplicates_collapsed
c4a0b3dfe330b8cc86b3,docyx_pc_part_dataset_2025_07_23,headset,Corsair HS70,Corsair,HS70,headset:corsair:hs70,curated_alias,reference_only_needs_verification,needs_review,False,2,Black;White,True,over_ear,True,True,closed,,general;communication;gaming;portable,communication,100.0,122.0,unverified_reference_source;identity_duplicates_collapsed
f1c34191d6798dde5d62,docyx_pc_part_dataset_2025_07_23,headset,Logitech 981-000574,Logitech,981-000574,headset:logitech:981-000574,curated_alias,reference_only_needs_verification,needs_review,False,1,Black,True,on_ear,True,False,closed,,general;communication;gaming,gaming,100.0,122.0,unverified_reference_source
1475e412074b69effb5f,docyx_pc_part_dataset_2025_07_23,headset,Logitech G335,Logitech,G335,headset:logitech:g335,curated_alias,reference_only_needs_verification,needs_review,False,3,Black;Blue;Green;Purple;White,True,over_ear,True,False,closed,"20,20",general;communication;gaming,gaming,100.0,122.0,frequency_units_ambiguous;unverified_reference_source;identity_duplicates_collapsed
8a5b5dfa42675485fc24,docyx_pc_part_dataset_2025_07_23,headset,Logitech G35,Logitech,G35,headset:logitech:g35,curated_alias,reference_only_needs_verification,needs_review,False,1,Black,True,over_ear,True,False,closed,"20,20",general;communication;gaming,gaming,100.0,122.0,frequency_units_ambiguous;unverified_reference_source
6e19a87bbe7f2e1ba83f,docyx_pc_part_dataset_2025_07_23,headset,Logitech G432,Logitech,G432,headset:logitech:g432,curated_alias,reference_only_needs_verification,needs_review,False,1,Black;Blue,True,over_ear,True,False,closed,"20,20",general;communication;gaming,gaming,100.0,122.0,frequency_units_ambiguous;unverified_reference_source
1e0ded60e46b0a12dea7,docyx_pc_part_dataset_2025_07_23,headset,Logitech G433 (Black),Logitech,G433 (Black),headset:logitech:g433-black,curated_alias,reference_only_needs_verification,needs_review,False,1,Black,False,over_ear,True,False,open,"20,20",general;communication;music_creation,music_creation,100.0,122.0,frequency_units_ambiguous;unverified_reference_source
cef0f83bf90db83ebb59,docyx_pc_part_dataset_2025_07_23,headset,Logitech G433 (Blue),Logitech,G433 (Blue),headset:logitech:g433-blue,curated_alias,reference_only_needs_verification,needs_review,False,1,Blue,False,over_ear,True,False,open,"20,20",general;communication;music_creation,music_creation,100.0,122.0,frequency_units_ambiguous;unverified_reference_source
85b39bd63ff95b24dfde,docyx_pc_part_dataset_2025_07_23,headset,Logitech G433 (Camo Blue),Logitech,G433 (Camo Blue),headset:logitech:g433-camo-blue,curated_alias,reference_only_needs_verification,needs_review,False,1,Black,False,over_ear,True,False,open,"20,20",general;communication;music_creation,music_creation,100.0,122.0,frequency_units_ambiguous;unverified_reference_source
1d2fed7f237cd9adf1e2,docyx_pc_part_dataset_2025_07_23,headset,Logitech G433 (Red),Logitech,G433 (Red),headset:logitech:g433-red,curated_alias,reference_only_needs_verification,needs_review,False,1,Red,False,over_ear,True,False,open,"20,20",general;communication;music_creation,music_creation,100.0,122.0,frequency_units_ambiguous;unverified_reference_source
e35a0e37a734dc81268d,docyx_pc_part_dataset_2025_07_23,headset,Logitech G435,Logitech,G435,headset:logitech:g435,curated_alias,reference_only_needs_verification,needs_review,False,3,Black;Blue;Pink;White;Yellow,True,over_ear,True,True,closed,"20,20",general;communication;gaming;portable,communication,100.0,122.0,frequency_units_ambiguous;unverified_reference_source;identity_duplicates_collapsed
d780c03105eb30eb234a,docyx_pc_part_dataset_2025_07_23,headset,Logitech G733,Logitech,G733,headset:logitech:g733,curated_alias,reference_only_needs_verification,needs_review,False,4,Black;Blue;Gray;Purple;White,True,over_ear,True,True,closed,"20,20",general;communication;gaming;portable,communication,100.0,122.0,frequency_units_ambiguous;unverified_reference_source;identity_duplicates_collapsed
7c5f4f48fe84cdba354c,docyx_pc_part_dataset_2025_07_23,headset,Logitech G735,Logitech,G735,headset:logitech:g735,curated_alias,reference_only_needs_verification,needs_review,False,1,White,True,over_ear,True,True,closed,"20,20",general;communication;gaming;portable,communication,100.0,122.0,frequency_units_ambiguous;unverified_reference_source
824a47c76bee3267d387,docyx_pc_part_dataset_2025_07_23,headset,Logitech G930,Logitech,G930,headset:logitech:g930,curated_alias,reference_only_needs_verification,needs_review,False,1,Black;Red,True,over_ear,True,True,closed,"20,20",general;communication;gaming;portable,communication,100.0,122.0,frequency_units_ambiguous;unverified_reference_source
bf055b4cd000e021ae15,docyx_pc_part_dataset_2025_07_23,headset,Logitech G935,Logitech,G935,headset:logitech:g935,curated_alias,reference_only_needs_verification,needs_review,False,2,Black;Blue,True,over_ear,True,True,closed,"20,20",general;communication;gaming;portable,communication,100.0,122.0,frequency_units_ambiguous;unverified_reference_source;identity_duplicates_collapsed
1e1c42f531d4b7600c55,docyx_pc_part_dataset_2025_07_23,headset,Logitech H150,Logitech,H150,headset:logitech:h150,curated_alias,reference_only_needs_verification,needs_review,False,1,Black;White,True,on_ear,True,False,closed,,general;communication;gaming,gaming,100.0,122.0,unverified_reference_source
0423bd17537cd06a8828,docyx_pc_part_dataset_2025_07_23,headset,Logitech H340,Logitech,H340,headset:logitech:h340,curated_alias,reference_only_needs_verification,needs_review,False,1,Black,True,on_ear,True,False,closed,"20,20",general;communication;gaming,gaming,100.0,122.0,frequency_units_ambiguous;unverified_reference_source
dbd9c2f8442422a3642f,docyx_pc_part_dataset_2025_07_23,headset,Logitech H390,Logitech,H390,headset:logitech:h390,curated_alias,reference_only_needs_verification,needs_review,False,1,Black;Silver,True,on_ear,True,False,closed,"20,20",general;communication;gaming,gaming,100.0,122.0,frequency_units_ambiguous;unverified_reference_source
811043f04684e264eb46,docyx_pc_part_dataset_2025_07_23,headset,Logitech H540,Logitech,H540,headset:logitech:h540,curated_alias,reference_only_needs_verification,needs_review,False,1,Black;Blue,True,on_ear,True,False,closed,,general;communication;gaming,gaming,100.0,122.0,unverified_reference_source
fb96aca502c1cf34d018,docyx_pc_part_dataset_2025_07_23,headset,Logitech H650e,Logitech,H650e,headset:logitech:h650e,curated_alias,reference_only_needs_verification,needs_review,False,2,Black;Silver,True,on_ear,True,False,closed,"50,10",general;communication;gaming,gaming,100.0,122.0,frequency_units_ambiguous;unverified_reference_source;identity_duplicates_collapsed
870e05430dbcbbe0ad57,docyx_pc_part_dataset_2025_07_23,headset,Logitech H820e,Logitech,H820e,headset:logitech:h820e,curated_alias,reference_only_needs_verification,needs_review,False,1,Black;Silver,True,on_ear,True,False,closed,"150,7",general;communication;gaming,gaming,100.0,122.0,frequency_units_ambiguous;unverified_reference_source
5aabef0648b40bf81ac5,docyx_pc_part_dataset_2025_07_23,headset,Sennheiser DROP Massdrop x Sennheiser PC37X,Sennheiser,DROP Massdrop x Sennheiser PC37X,headset:sennheiser:drop-massdrop-x-sennheiser-pc37x,curated_alias,reference_only_needs_verification,needs_review,False,1,Black,False,over_ear,True,False,open,"15,28",general;communication;music_creation,music_creation,100.0,122.0,frequency_units_ambiguous;unverified_reference_source
c638f4a982a55368df27,docyx_pc_part_dataset_2025_07_23,headset,Sennheiser GSP 500,Sennheiser,GSP 500,headset:sennheiser:gsp-500,curated_alias,reference_only_needs_verification,needs_review,False,1,Black;Red,False,over_ear,True,False,semi_open,"10,30",general;communication,communication,100.0,122.0,frequency_units_ambiguous;unverified_reference_source
a2420fcb31e2ec289a40,docyx_pc_part_dataset_2025_07_23,headset,Sennheiser GSP 550,Sennheiser,GSP 550,headset:sennheiser:gsp-550,curated_alias,reference_only_needs_verification,needs_review,False,1,Black;Green,False,over_ear,True,False,semi_open,"10,30",general;communication,communication,100.0,122.0,frequency_units_ambiguous;unverified_reference_source
8295b5965ea3ebaa8eba,docyx_pc_part_dataset_2025_07_23,headset,Sennheiser HD 569,Sennheiser,HD 569,headset:sennheiser:hd-569,curated_alias,reference_only_needs_verification,needs_review,False,1,Black,True,over_ear,True,False,closed,"10,28",general;communication;gaming,gaming,100.0,122.0,frequency_units_ambiguous;unverified_reference_source
c630c8e67a602f0a4564,docyx_pc_part_dataset_2025_07_23,headset,Sennheiser HD 598SR,Sennheiser,HD 598SR,headset:sennheiser:hd-598sr,curated_alias,reference_only_needs_verification,needs_review,False,1,Black,False,over_ear,True,False,open,"12,38.5",general;communication;music_creation,music_creation,100.0,122.0,frequency_units_ambiguous;unverified_reference_source
2ff4f9dd46e2af2af637,docyx_pc_part_dataset_2025_07_23,headset,Sennheiser PC 363D,Sennheiser,PC 363D,headset:sennheiser:pc-363d,curated_alias,reference_only_needs_verification,needs_review,False,1,Black,False,over_ear,True,False,open,"15,28",general;communication;music_creation,music_creation,100.0,122.0,frequency_units_ambiguous;unverified_reference_source
b76b65ef8aed563eef09,docyx_pc_part_dataset_2025_07_23,headset,Sennheiser PC 373D,Sennheiser,PC 373D,headset:sennheiser:pc-373d,curated_alias,reference_only_needs_verification,needs_review,False,1,Black;Red,False,over_ear,True,False,open,"15,28",general;communication;music_creation,music_creation,100.0,122.0,frequency_units_ambiguous;unverified_reference_source
2d45abe711712c6adce5,docyx_pc_part_dataset_2025_07_23,headset,Sennheiser PC 8,Sennheiser,PC 8,headset:sennheiser:pc-8,curated_alias,reference_only_needs_verification,needs_review,False,1,Black,True,on_ear,True,False,closed,,general;communication;gaming,gaming,100.0,122.0,unverified_reference_source
8b8b76692473018fff3a,docyx_pc_part_dataset_2025_07_23,headset,Sennheiser SC260,Sennheiser,SC260,headset:sennheiser:sc260,curated_alias,reference_only_needs_verification,needs_review,False,1,Black;Silver,True,on_ear,True,False,closed,"150,6.8",general;communication;gaming,gaming,100.0,122.0,frequency_units_ambiguous;unverified_reference_source
861b80e6634d7069c8e6,docyx_pc_part_dataset_2025_07_23,headset,Sony XM5,Sony,XM5,headset:sony:xm5,curated_alias,reference_only_needs_verification,needs_review,False,2,Black;Silver,True,over_ear,True,True,closed,"4,40",general;communication;gaming;portable,communication,100.0,122.0,frequency_units_ambiguous;unverified_reference_source;identity_duplicates_collapsed
c7832bf46f35e08a58ee,docyx_pc_part_dataset_2025_07_23,headset,SteelSeries 5Hv3,SteelSeries,5Hv3,headset:steelseries:5hv3,curated_alias,reference_only_needs_verification,needs_review,False,1,Black;Red,True,over_ear,True,False,closed,"16,28",general;communication;gaming,gaming,100.0,122.0,frequency_units_ambiguous;unverified_reference_source
5e7bf56e0e4a37239416,docyx_pc_part_dataset_2025_07_23,headset,SteelSeries 61023,SteelSeries,61023,headset:steelseries:61023,curated_alias,reference_only_needs_verification,needs_review,False,1,Black;Orange,True,over_ear,True,False,closed,,general;communication;gaming,gaming,100.0,122.0,unverified_reference_source
ce5d6d8c7e55c51bdb1b,docyx_pc_part_dataset_2025_07_23,headset,SteelSeries Siberia P300,SteelSeries,Siberia P300,headset:steelseries:siberia-p300,curated_alias,reference_only_needs_verification,needs_review,False,1,Black,False,over_ear,True,False,open,,general;communication;music_creation,music_creation,100.0,122.0,unverified_reference_source
66b54656e8a44ea1be3a,docyx_pc_part_dataset_2025_07_23,headset,SteelSeries Siberia X300,SteelSeries,Siberia X300,headset:steelseries:siberia-x300,curated_alias,reference_only_needs_verification,needs_review,False,2,Black,False,over_ear,True,False,open,,general;communication;music_creation,music_creation,100.0,122.0,unverified_reference_source;identity_duplicates_collapsed
100c1134e0db874ce65c,docyx_pc_part_dataset_2025_07_23,headset,SteelSeries v3,SteelSeries,v3,headset:steelseries:v3,curated_alias,reference_only_needs_verification,needs_review,False,1,Black;Orange,True,over_ear,True,False,closed,"20,20",general;communication;gaming,gaming,100.0,122.0,frequency_units_ambiguous;unverified_reference_source
d40df26c4a09387a657d,docyx_pc_part_dataset_2025_07_23,headset,AKG K361-BT,AKG,K361-BT,headset:akg:k361-bt,curated_alias,reference_only_needs_verification,needs_review,False,1,Black,True,over_ear,True,True,closed,"15,28",general;communication;gaming;portable,communication,100.0,120.0,frequency_units_ambiguous;unverified_reference_source
03848377e4b1a3300679,docyx_pc_part_dataset_2025_07_23,headset,AKG K551WHT,AKG,K551WHT,headset:akg:k551wht,curated_alias,reference_only_needs_verification,needs_review,False,1,White,True,over_ear,True,False,closed,"12,28",general;communication;gaming,gaming,100.0,120.0,frequency_units_ambiguous;unverified_reference_source
94750152ce986a74a9b8,docyx_pc_part_dataset_2025_07_23,headset,Acer Nitro,Acer,Nitro,headset:acer:nitro,curated_alias,reference_only_needs_verification,needs_review,False,1,Black;Red,True,over_ear,True,False,closed,"20,20",general;communication;gaming,gaming,100.0,120.0,frequency_units_ambiguous;unverified_reference_source
524afd92566955f2758e,docyx_pc_part_dataset_2025_07_23,headset,Acer Predator Galea 311,Acer,Predator Galea 311,headset:acer:predator-galea-311,curated_alias,reference_only_needs_verification,needs_review,False,1,Black,True,over_ear,True,False,closed,"20,20",general;communication;gaming,gaming,100.0,120.0,frequency_units_ambiguous;unverified_reference_source
38761f2f9b5b0d855344,docyx_pc_part_dataset_2025_07_23,headset,Acer Predator Galea 500,Acer,Predator Galea 500,headset:acer:predator-galea-500,curated_alias,reference_only_needs_verification,needs_review,False,1,Black,True,over_ear,True,False,closed,"20,20",general;communication;gaming,gaming,100.0,120.0,frequency_units_ambiguous;unverified_reference_source
5eb18676f88a4cab52be,docyx_pc_part_dataset_2025_07_23,headset,Audio-Technica ATH-AD2000X,Audio-Technica,ATH-AD2000X,headset:audio-technica:ath-ad2000x,curated_alias,reference_only_needs_verification,needs_review,False,1,Black,True,over_ear,False,False,open,"5,45",general;music_creation,music_creation,100.0,120.0,frequency_units_ambiguous;unverified_reference_source
a9999b69cc064f183351,docyx_pc_part_dataset_2025_07_23,headset,Audio-Technica ATH-AD500X,Audio-Technica,ATH-AD500X,headset:audio-technica:ath-ad500x,curated_alias,reference_only_needs_verification,needs_review,False,1,Black,True,over_ear,False,False,open,"5,25",general;music_creation,music_creation,100.0,120.0,frequency_units_ambiguous;unverified_reference_source
210d67df4b9969ef98e9,docyx_pc_part_dataset_2025_07_23,headset,Audio-Technica ATH-AD700X,Audio-Technica,ATH-AD700X,headset:audio-technica:ath-ad700x,curated_alias,reference_only_needs_verification,needs_review,False,1,Black,True,over_ear,False,False,open,"5,30",general;music_creation,music_creation,100.0,120.0,frequency_units_ambiguous;unverified_reference_source
103f44cef65543e07149,docyx_pc_part_dataset_2025_07_23,headset,Audio-Technica ATH-AD900x,Audio-Technica,ATH-AD900x,headset:audio-technica:ath-ad900x,curated_alias,reference_only_needs_verification,needs_review,False,1,Black,True,over_ear,False,False,open,"5,35",general;music_creation,music_creation,100.0,120.0,frequency_units_ambiguous;unverified_reference_source
cf6aebacfbe1054f7b0b,docyx_pc_part_dataset_2025_07_23,headset,Audio-Technica ATH-R70X,Audio-Technica,ATH-R70X,headset:audio-technica:ath-r70x,curated_alias,reference_only_needs_verification,needs_review,False,1,Black,True,over_ear,False,False,open,"5,40",general;music_creation,music_creation,100.0,120.0,frequency_units_ambiguous;unverified_reference_source
a3ccccd611d136a7f4ce,docyx_pc_part_dataset_2025_07_23,headset,Audio-Technica ATH-R70xa,Audio-Technica,ATH-R70xa,headset:audio-technica:ath-r70xa,curated_alias,reference_only_needs_verification,needs_review,False,1,Black,True,over_ear,False,False,open,"5,40",general;music_creation,music_creation,100.0,120.0,frequency_units_ambiguous;unverified_reference_source
0e9c70d7236bb28398d0,docyx_pc_part_dataset_2025_07_23,headset,Beyerdynamic MMX 300 (2nd Generation),Beyerdynamic,MMX 300 (2nd Generation),headset:beyerdynamic:mmx-300-2nd-generation,curated_alias,reference_only_needs_verification,needs_review,False,1,Black,True,over_ear,True,False,closed,"5,35",general;communication;gaming,gaming,100.0,120.0,frequency_units_ambiguous;unverified_reference_source
e8c75f59788c79e3e3a7,docyx_pc_part_dataset_2025_07_23,headset,Creative Labs ChatMax HS-620,Creative,Labs ChatMax HS-620,headset:creative:labs-chatmax-hs-620,curated_alias,reference_only_needs_verification,needs_review,False,1,Black;Silver,True,over_ear,True,False,closed,"20,20",general;communication;gaming,gaming,100.0,120.0,frequency_units_ambiguous;unverified_reference_source
a1040b8fe363c30973f3,docyx_pc_part_dataset_2025_07_23,headset,Creative Labs HITZ MA200 Green,Creative,Labs HITZ MA200 Green,headset:creative:labs-hitz-ma200-green,curated_alias,reference_only_needs_verification,needs_review,False,1,Green;White,True,in_ear,True,False,closed,"8,22",general;communication;gaming,gaming,100.0,120.0,frequency_units_ambiguous;unverified_reference_source
074e7c030ef9bc17b333,docyx_pc_part_dataset_2025_07_23,headset,Creative Labs Sensemore Air,Creative,Labs Sensemore Air,headset:creative:labs-sensemore-air,curated_alias,reference_only_needs_verification,needs_review,False,1,Black;Blue,True,in_ear,True,True,closed,"20,20",general;communication;gaming;portable,communication,100.0,120.0,frequency_units_ambiguous;unverified_reference_source
dedf1596c3a364fd8447,docyx_pc_part_dataset_2025_07_23,headset,Creative Labs Sound Blaster Blaze V2,Creative,Labs Sound Blaster Blaze V2,headset:creative:labs-sound-blaster-blaze-v2,curated_alias,reference_only_needs_verification,needs_review,False,1,Black,True,over_ear,True,False,closed,"20,20",general;communication;gaming,gaming,100.0,120.0,frequency_units_ambiguous;unverified_reference_source
87498ec4501f6da25f72,docyx_pc_part_dataset_2025_07_23,headset,Creative Labs Sound Blaster JAM V2,Creative,Labs Sound Blaster JAM V2,headset:creative:labs-sound-blaster-jam-v2,curated_alias,reference_only_needs_verification,needs_review,False,1,Black,True,on_ear,True,True,closed,"20,20",general;communication;gaming;portable,communication,100.0,120.0,frequency_units_ambiguous;unverified_reference_source
db0a813c6c6f3f7dbd83,docyx_pc_part_dataset_2025_07_23,headset,Creative Labs Zen Air,Creative,Labs Zen Air,headset:creative:labs-zen-air,curated_alias,reference_only_needs_verification,needs_review,False,1,White,True,in_ear,True,True,closed,"20,20",general;communication;gaming;portable,communication,100.0,120.0,frequency_units_ambiguous;unverified_reference_source
7e3780e9e27ccc6d237e,docyx_pc_part_dataset_2025_07_23,headset,Creative Labs Zen Hybrid,Creative,Labs Zen Hybrid,headset:creative:labs-zen-hybrid,curated_alias,reference_only_needs_verification,needs_review,False,2,Black;White,True,over_ear,True,True,closed,"20,20",general;communication;gaming;portable,communication,100.0,120.0,frequency_units_ambiguous;unverified_reference_source;identity_duplicates_collapsed
3368f2ae61c467b55d0f,docyx_pc_part_dataset_2025_07_23,headset,Creative Labs Zen Hybrid 2,Creative,Labs Zen Hybrid 2,headset:creative:labs-zen-hybrid-2,curated_alias,reference_only_needs_verification,needs_review,False,2,Black;White,True,over_ear,True,True,closed,"20,20",general;communication;gaming;portable,communication,100.0,120.0,frequency_units_ambiguous;unverified_reference_source;identity_duplicates_collapsed
55f3f6df58780d40acfe,docyx_pc_part_dataset_2025_07_23,headset,Creative Labs Zen Hybrid Pro,Creative,Labs Zen Hybrid Pro,headset:creative:labs-zen-hybrid-pro,curated_alias,reference_only_needs_verification,needs_review,False,1,Black,True,over_ear,True,True,closed,"20,20",general;communication;gaming;portable,communication,100.0,120.0,frequency_units_ambiguous;unverified_reference_source
ab1ab5b5f4080873d6c0,docyx_pc_part_dataset_2025_07_23,headset,Creative Labs Zen Hybrid SXFI,Creative,Labs Zen Hybrid SXFI,headset:creative:labs-zen-hybrid-sxfi,curated_alias,reference_only_needs_verification,needs_review,False,2,Black;White,True,over_ear,True,True,closed,"20,20",general;communication;gaming;portable,communication,100.0,120.0,frequency_units_ambiguous;unverified_reference_source;identity_duplicates_collapsed
692ad88c5ffce5e9037d,docyx_pc_part_dataset_2025_07_23,headset,Cyber Acoustics AC-202B,Cyber Acoustics,AC-202B,headset:cyber-acoustics:ac-202b,curated_alias,reference_only_needs_verification,needs_review,False,1,Black;Silver,True,on_ear,True,False,closed,"20,20",general;communication;gaming,gaming,100.0,120.0,frequency_units_ambiguous;unverified_reference_source
ea227b7f8e4e0947b49c,docyx_pc_part_dataset_2025_07_23,headset,Gigabyte Aorus H5,Gigabyte,Aorus H5,headset:gigabyte:aorus-h5,curated_alias,reference_only_needs_verification,needs_review,False,1,Black;Orange,True,over_ear,True,False,closed,"20,20",general;communication;gaming,gaming,100.0,120.0,frequency_units_ambiguous;unverified_reference_source
0cb77692ab0312a1b142,docyx_pc_part_dataset_2025_07_23,headset,JBL Quantum 100,JBL,Quantum 100,headset:jbl:quantum-100,curated_alias,reference_only_needs_verification,needs_review,False,3,Black;Blue;White,True,over_ear,True,False,closed,"20,20",general;communication;gaming,gaming,100.0,120.0,frequency_units_ambiguous;unverified_reference_source;identity_duplicates_collapsed
de67ca8fd2ab1dd2818c,docyx_pc_part_dataset_2025_07_23,headset,JBL Quantum 200,JBL,Quantum 200,headset:jbl:quantum-200,curated_alias,reference_only_needs_verification,needs_review,False,1,Black,True,over_ear,True,False,closed,"20,20",general;communication;gaming,gaming,100.0,120.0,frequency_units_ambiguous;unverified_reference_source
554a9d0c51fcc8bb058a,docyx_pc_part_dataset_2025_07_23,headset,JBL Quantum 300,JBL,Quantum 300,headset:jbl:quantum-300,curated_alias,reference_only_needs_verification,needs_review,False,1,Black,True,over_ear,True,False,closed,"20,20",general;communication;gaming,gaming,100.0,120.0,frequency_units_ambiguous;unverified_reference_source
8f15069773e65dc9a594,docyx_pc_part_dataset_2025_07_23,headset,JBL Quantum 400,JBL,Quantum 400,headset:jbl:quantum-400,curated_alias,reference_only_needs_verification,needs_review,False,1,Black,True,over_ear,True,False,closed,"20,20",general;communication;gaming,gaming,100.0,120.0,frequency_units_ambiguous;unverified_reference_source
e10c7c49d1367296ee38,docyx_pc_part_dataset_2025_07_23,headset,JBL Quantum 600,JBL,Quantum 600,headset:jbl:quantum-600,curated_alias,reference_only_needs_verification,needs_review,False,1,Black,True,over_ear,True,True,closed,"20,20",general;communication;gaming;portable,communication,100.0,120.0,frequency_units_ambiguous;unverified_reference_source
5169664336d92d5da322,docyx_pc_part_dataset_2025_07_23,headset,JBL Quantum 910,JBL,Quantum 910,headset:jbl:quantum-910,curated_alias,reference_only_needs_verification,needs_review,False,1,Black,True,over_ear,True,True,closed,"20,20",general;communication;gaming;portable,communication,100.0,120.0,frequency_units_ambiguous;unverified_reference_source
8354f8bb4128315333ba,docyx_pc_part_dataset_2025_07_23,headset,JBL Quantum One,JBL,Quantum One,headset:jbl:quantum-one,curated_alias,reference_only_needs_verification,needs_review,False,1,Black,True,over_ear,True,False,closed,"20,20",general;communication;gaming,gaming,100.0,120.0,frequency_units_ambiguous;unverified_reference_source
8d705c9b6f9a26ba7779,docyx_pc_part_dataset_2025_07_23,headset,Koss CS100 USB,Koss,CS100 USB,headset:koss:cs100-usb,curated_alias,reference_only_needs_verification,needs_review,False,2,Black;Silver,True,on_ear,True,False,closed,"30,16",general;communication;gaming,gaming,100.0,120.0,frequency_units_ambiguous;unverified_reference_source;identity_duplicates_collapsed
04199f89c500022e3075,docyx_pc_part_dataset_2025_07_23,headset,Koss CS95USB,Koss,CS95USB,headset:koss:cs95usb,curated_alias,reference_only_needs_verification,needs_review,False,1,Black;Silver,True,on_ear,True,False,closed,"30,16",general;communication;gaming,gaming,100.0,120.0,frequency_units_ambiguous;unverified_reference_source
6d5b0439849a117791a8,docyx_pc_part_dataset_2025_07_23,headset,Koss GMR-540-ISO USB,Koss,GMR-540-ISO USB,headset:koss:gmr-540-iso-usb,curated_alias,reference_only_needs_verification,needs_review,False,1,Black;Red,True,over_ear,True,False,closed,"15,22",general;communication;gaming,gaming,100.0,120.0,frequency_units_ambiguous;unverified_reference_source
9f661062575aa9cf88a9,docyx_pc_part_dataset_2025_07_23,headset,Koss SB45 USB,Koss,SB45 USB,headset:koss:sb45-usb,curated_alias,reference_only_needs_verification,needs_review,False,1,Black;Silver,True,over_ear,True,False,closed,"18,20",general;communication;gaming,gaming,100.0,120.0,frequency_units_ambiguous;unverified_reference_source
df296fa85117ee7ea839,docyx_pc_part_dataset_2025_07_23,headset,Lenovo 4XD1K18260,Lenovo,4XD1K18260,headset:lenovo:4xd1k18260,curated_alias,reference_only_needs_verification,needs_review,False,1,Black,True,on_ear,True,False,closed,"20,20",general;communication;gaming,gaming,100.0,120.0,frequency_units_ambiguous;unverified_reference_source
a152f057c4d6144b5212,docyx_pc_part_dataset_2025_07_23,headset,Lenovo Legion H200,Lenovo,Legion H200,headset:lenovo:legion-h200,curated_alias,reference_only_needs_verification,needs_review,False,1,Black,True,over_ear,True,False,closed,"20,20",general;communication;gaming,gaming,100.0,120.0,frequency_units_ambiguous;unverified_reference_source
637b549f3c48c86f34a6,docyx_pc_part_dataset_2025_07_23,headset,Lenovo Legion H300,Lenovo,Legion H300,headset:lenovo:legion-h300,curated_alias,reference_only_needs_verification,needs_review,False,1,Black;Blue,True,over_ear,True,False,closed,"20,20",general;communication;gaming,gaming,100.0,120.0,frequency_units_ambiguous;unverified_reference_source
10396ff10f79e717f316,docyx_pc_part_dataset_2025_07_23,headset,Lenovo Legion H500 Pro,Lenovo,Legion H500 Pro,headset:lenovo:legion-h500-pro,curated_alias,reference_only_needs_verification,needs_review,False,1,Black;Blue,True,over_ear,True,False,closed,"20,20",general;communication;gaming,gaming,100.0,120.0,frequency_units_ambiguous;unverified_reference_source
ba40efc5e86f8f2f3618,docyx_pc_part_dataset_2025_07_23,headset,MSI IMMERSE GH,MSI,IMMERSE GH,headset:msi:immerse-gh,curated_alias,reference_only_needs_verification,needs_review,False,1,Black;Red,True,over_ear,True,False,closed,"20,20",general;communication;gaming,gaming,100.0,120.0,frequency_units_ambiguous;unverified_reference_source
37f7b3d75cc7dd393d16,docyx_pc_part_dataset_2025_07_23,headset,MSI Immerse GH20,MSI,Immerse GH20,headset:msi:immerse-gh20,curated_alias,reference_only_needs_verification,needs_review,False,1,Black,True,over_ear,True,False,closed,"29,20",general;communication;gaming,gaming,100.0,120.0,frequency_units_ambiguous;unverified_reference_source
94694700be589d0951b3,docyx_pc_part_dataset_2025_07_23,headset,MSI Immerse GH30 V2,MSI,Immerse GH30 V2,headset:msi:immerse-gh30-v2,curated_alias,reference_only_needs_verification,needs_review,False,1,Black,True,over_ear,True,False,closed,"29,20",general;communication;gaming,gaming,100.0,120.0,frequency_units_ambiguous;unverified_reference_source
f391f3a7c5380a255077,docyx_pc_part_dataset_2025_07_23,headset,MSI Immerse GH50,MSI,Immerse GH50,headset:msi:immerse-gh50,curated_alias,reference_only_needs_verification,needs_review,False,3,Black,True,over_ear,True,True,closed,"100,10",general;communication;gaming;portable,communication,100.0,120.0,frequency_units_ambiguous;unverified_reference_source;identity_duplicates_collapsed
da0e5ad53662b6f5706a,docyx_pc_part_dataset_2025_07_23,headset,MSI MAESTRO 300,MSI,MAESTRO 300,headset:msi:maestro-300,curated_alias,reference_only_needs_verification,needs_review,False,1,Black,True,over_ear,True,False,closed,"50,15",general;communication;gaming,gaming,100.0,120.0,frequency_units_ambiguous;unverified_reference_source
5fc4c525318bd1606b19,docyx_pc_part_dataset_2025_07_23,headset,Mad Catz F.R.E.Q. 2,Mad Catz,F.R.E.Q. 2,headset:mad-catz:f-r-e-q-2,curated_alias,reference_only_needs_verification,needs_review,False,1,Black,True,over_ear,True,False,closed,"20,20",general;communication;gaming,gaming,100.0,120.0,frequency_units_ambiguous;unverified_reference_source
67e4f5d0645aa054e0a7,docyx_pc_part_dataset_2025_07_23,headset,Mad Catz F.R.E.Q. 4,Mad Catz,F.R.E.Q. 4,headset:mad-catz:f-r-e-q-4,curated_alias,reference_only_needs_verification,needs_review,False,1,Black;Red,True,over_ear,True,False,closed,"20,20",general;communication;gaming,gaming,100.0,120.0,frequency_units_ambiguous;unverified_reference_source
9df75e45fce84f361d27,docyx_pc_part_dataset_2025_07_23,headset,Mad Catz F.R.E.Q. 5,Mad Catz,F.R.E.Q. 5,headset:mad-catz:f-r-e-q-5,curated_alias,reference_only_needs_verification,needs_review,False,3,Black,True,over_ear,True,False,closed,,general;communication;gaming,gaming,100.0,120.0,unverified_reference_source;identity_duplicates_collapsed
2ec176c4ec07de2042f7,docyx_pc_part_dataset_2025_07_23,headset,Microsoft L2 LifeChat LX-3000,Microsoft,L2 LifeChat LX-3000,headset:microsoft:l2-lifechat-lx-3000,curated_alias,reference_only_needs_verification,needs_review,False,1,Black;Silver,True,over_ear,True,False,closed,,general;communication;gaming,gaming,100.0,120.0,unverified_reference_source
df8bd27c55773440d295,docyx_pc_part_dataset_2025_07_23,headset,Microsoft LifeChat LX-6000,Microsoft,LifeChat LX-6000,headset:microsoft:lifechat-lx-6000,curated_alias,reference_only_needs_verification,needs_review,False,1,Black;Silver,True,on_ear,True,False,closed,"75,20",general;communication;gaming,gaming,100.0,120.0,frequency_units_ambiguous;unverified_reference_source
c908b5273c2d0a2b4af7,docyx_pc_part_dataset_2025_07_23,headset,Panasonic RP-DJS150M-W,Panasonic,RP-DJS150M-W,headset:panasonic:rp-djs150m-w,curated_alias,reference_only_needs_verification,needs_review,False,1,White,True,on_ear,True,False,closed,,general;communication;gaming,gaming,100.0,120.0,unverified_reference_source
52f5f13e05020c6d9a52,docyx_pc_part_dataset_2025_07_23,headset,Philips Performance PH805BK,Philips,Performance PH805BK,headset:philips:performance-ph805bk,curated_alias,reference_only_needs_verification,needs_review,False,1,Black,True,over_ear,True,True,closed,,general;communication;gaming;portable,communication,100.0,120.0,unverified_reference_source
f99a06d35174714756aa,docyx_pc_part_dataset_2025_07_23,headset,Philips SHE3575BB/28,Philips,SHE3575BB/28,headset:philips:she3575bb-28,curated_alias,reference_only_needs_verification,needs_review,False,1,Blue,True,in_ear,True,False,closed,"12,23.5",general;communication;gaming,gaming,100.0,120.0,frequency_units_ambiguous;unverified_reference_source
a83965bdb16b3339615c,docyx_pc_part_dataset_2025_07_23,headset,Philips SHH4506-28,Philips,SHH4506-28,headset:philips:shh4506-28,curated_alias,reference_only_needs_verification,needs_review,False,1,Black,True,in_ear,True,False,closed,,general;communication;gaming,gaming,100.0,120.0,unverified_reference_source
4957441da84b371095a6,docyx_pc_part_dataset_2025_07_23,headset,Philips SHL3000/28,Philips,SHL3000/28,headset:philips:shl3000-28,curated_alias,reference_only_needs_verification,needs_review,False,1,Black,True,on_ear,True,False,closed,,general;communication;gaming,gaming,100.0,120.0,unverified_reference_source
b8120a898d45b1a8032a,docyx_pc_part_dataset_2025_07_23,headset,Philips SHQ1200/28,Philips,SHQ1200/28,headset:philips:shq1200-28,curated_alias,reference_only_needs_verification,needs_review,False,1,Orange,True,in_ear,True,False,closed,"30,20",general;communication;gaming,gaming,100.0,120.0,frequency_units_ambiguous;unverified_reference_source
330203a5f29a201b9b1b,docyx_pc_part_dataset_2025_07_23,headset,Plantronics .Audio 355,Plantronics,.Audio 355,headset:plantronics:audio-355,curated_alias,reference_only_needs_verification,needs_review,False,1,Black,True,over_ear,True,False,closed,"20,20",general;communication;gaming,gaming,100.0,120.0,frequency_units_ambiguous;unverified_reference_source
e933f0d744041cccc987,docyx_pc_part_dataset_2025_07_23,headset,Plantronics B825 Voyager Focus UC Bluetooth,Plantronics,B825 Voyager Focus UC Bluetooth,headset:plantronics:b825-voyager-focus-uc-bluetooth,curated_alias,reference_only_needs_verification,needs_review,False,1,Black,True,on_ear,True,True,closed,,general;communication;gaming;portable,communication,100.0,120.0,unverified_reference_source
866d6724eb859a279128,docyx_pc_part_dataset_2025_07_23,headset,Plantronics Blackwire 7225,Plantronics,Blackwire 7225,headset:plantronics:blackwire-7225,curated_alias,reference_only_needs_verification,needs_review,False,1,Black,True,on_ear,True,False,closed,"20,20",general;communication;gaming,gaming,100.0,120.0,frequency_units_ambiguous;unverified_reference_source
c9dd7483f6c179ddea35,docyx_pc_part_dataset_2025_07_23,headset,Plantronics EncorePro 520D Duo,Plantronics,EncorePro 520D Duo,headset:plantronics:encorepro-520d-duo,curated_alias,reference_only_needs_verification,needs_review,False,1,Black,True,on_ear,True,False,closed,,general;communication;gaming,gaming,100.0,120.0,unverified_reference_source
af5db77cac7775147a84,docyx_pc_part_dataset_2025_07_23,headset,Plantronics EncorePro 720D Duo,Plantronics,EncorePro 720D Duo,headset:plantronics:encorepro-720d-duo,curated_alias,reference_only_needs_verification,needs_review,False,1,Black;Silver,True,on_ear,True,False,closed,,general;communication;gaming,gaming,100.0,120.0,unverified_reference_source
be47b835d09ae8fc5bdb,docyx_pc_part_dataset_2025_07_23,headset,Plantronics Plantronics Voyager Focus UC,Plantronics,Voyager Focus UC,headset:plantronics:voyager-focus-uc,curated_alias,reference_only_needs_verification,needs_review,False,1,Black,True,on_ear,True,True,closed,,general;communication;gaming;portable,communication,100.0,120.0,unverified_reference_source
778e92b189d5f9cbf8a6,docyx_pc_part_dataset_2025_07_23,headset,ROCCAT Elo Air,ROCCAT,Elo Air,headset:roccat:elo-air,curated_alias,reference_only_needs_verification,needs_review,False,2,Black;White,True,over_ear,True,True,closed,"20,20",general;communication;gaming;portable,communication,100.0,120.0,frequency_units_ambiguous;unverified_reference_source;identity_duplicates_collapsed
778068df29b1a64f1c57,docyx_pc_part_dataset_2025_07_23,headset,ROCCAT Khan Pro,ROCCAT,Khan Pro,headset:roccat:khan-pro,curated_alias,reference_only_needs_verification,needs_review,False,1,Black,True,over_ear,True,False,closed,"10,40",general;communication;gaming,gaming,100.0,120.0,frequency_units_ambiguous;unverified_reference_source
5ad18fc56175ad657688,docyx_pc_part_dataset_2025_07_23,headset,ROCCAT Syn Max Air,ROCCAT,Syn Max Air,headset:roccat:syn-max-air,curated_alias,reference_only_needs_verification,needs_review,False,1,Black,True,over_ear,True,True,closed,"20,20",general;communication;gaming;portable,communication,100.0,120.0,frequency_units_ambiguous;unverified_reference_source
1d9b4c0de68e0fb90cad,docyx_pc_part_dataset_2025_07_23,headset,ROCCAT Syn Pro Air,ROCCAT,Syn Pro Air,headset:roccat:syn-pro-air,curated_alias,reference_only_needs_verification,needs_review,False,1,Black,True,over_ear,True,True,closed,"20,20",general;communication;gaming;portable,communication,100.0,120.0,frequency_units_ambiguous;unverified_reference_source
25f2721330a3b507ab00,docyx_pc_part_dataset_2025_07_23,headset,Samsung Buds2,Samsung,Buds2,headset:samsung:buds2,curated_alias,reference_only_needs_verification,needs_review,False,4,Black;Green;Purple;White,True,in_ear,True,True,closed,,general;communication;gaming;portable,communication,100.0,120.0,unverified_reference_source;identity_duplicates_collapsed
5142b11d4d6e3ac3a105,docyx_pc_part_dataset_2025_07_23,headset,Samsung Buds2 Pro,Samsung,Buds2 Pro,headset:samsung:buds2-pro,curated_alias,reference_only_needs_verification,needs_review,False,3,Black;Purple;White,True,in_ear,True,True,closed,,general;communication;gaming;portable,communication,100.0,120.0,unverified_reference_source;identity_duplicates_collapsed
a0d0d878d868f4d6929a,docyx_pc_part_dataset_2025_07_23,headset,Sennheiser HD 490 PRO,Sennheiser,HD 490 PRO,headset:sennheiser:hd-490-pro,curated_alias,reference_only_needs_verification,needs_review,False,1,Black,True,over_ear,False,False,open,,general;music_creation,music_creation,100.0,120.0,unverified_reference_source
631cbba1babc1c90b703,docyx_pc_part_dataset_2025_07_23,headset,Sennheiser HD 490 PRO Plus,Sennheiser,HD 490 PRO Plus,headset:sennheiser:hd-490-pro-plus,curated_alias,reference_only_needs_verification,needs_review,False,1,Black,True,over_ear,False,False,open,,general;music_creation,music_creation,100.0,120.0,unverified_reference_source
d153a5e02176c76bb406,docyx_pc_part_dataset_2025_07_23,headset,Sennheiser HD 560S,Sennheiser,HD 560S,headset:sennheiser:hd-560s,curated_alias,reference_only_needs_verification,needs_review,False,1,Black,True,over_ear,False,False,open,"6,38",general;music_creation,music_creation,100.0,120.0,frequency_units_ambiguous;unverified_reference_source
41287eb8d2622aca85d7,docyx_pc_part_dataset_2025_07_23,headset,Sennheiser HD 660S2,Sennheiser,HD 660S2,headset:sennheiser:hd-660s2,curated_alias,reference_only_needs_verification,needs_review,False,1,Black,True,over_ear,False,False,open,"8,41.5",general;music_creation,music_creation,100.0,120.0,frequency_units_ambiguous;unverified_reference_source
31d9fda130829659e463,docyx_pc_part_dataset_2025_07_23,headset,Sennheiser HD 800 S,Sennheiser,HD 800 S,headset:sennheiser:hd-800-s,curated_alias,reference_only_needs_verification,needs_review,False,1,Black;Silver,True,over_ear,False,False,open,"4,51",general;music_creation,music_creation,100.0,120.0,frequency_units_ambiguous;unverified_reference_source
7c5fb690c9935b1a9eb0,docyx_pc_part_dataset_2025_07_23,headset,Sennheiser HD6XX,Sennheiser,HD6XX,headset:sennheiser:hd6xx,curated_alias,reference_only_needs_verification,needs_review,False,1,Black,True,over_ear,False,False,open,"10,41",general;music_creation,music_creation,100.0,120.0,frequency_units_ambiguous;unverified_reference_source
e94be63531a85f41b1b4,docyx_pc_part_dataset_2025_07_23,headset,Thermaltake Argent H5,Thermaltake,Argent H5,headset:thermaltake:argent-h5,curated_alias,reference_only_needs_verification,needs_review,False,1,Black,True,over_ear,True,False,closed,"20,40",general;communication;gaming,gaming,100.0,120.0,frequency_units_ambiguous;unverified_reference_source
5dada198c85e3de9ae49,docyx_pc_part_dataset_2025_07_23,headset,Thermaltake Cronos,Thermaltake,Cronos,headset:thermaltake:cronos,curated_alias,reference_only_needs_verification,needs_review,False,1,Black;Red,True,over_ear,True,False,closed,"20,20",general;communication;gaming,gaming,100.0,120.0,frequency_units_ambiguous;unverified_reference_source
f7fe82336f261c51fb08,docyx_pc_part_dataset_2025_07_23,headset,Thermaltake Cronos Team DK Edition,Thermaltake,Cronos Team DK Edition,headset:thermaltake:cronos-team-dk-edition,curated_alias,reference_only_needs_verification,needs_review,False,1,White,True,over_ear,True,False,closed,,general;communication;gaming,gaming,100.0,120.0,unverified_reference_source
108e022a5d72ae0c29e9,docyx_pc_part_dataset_2025_07_23,headset,Thermaltake ISURUS PRO,Thermaltake,ISURUS PRO,headset:thermaltake:isurus-pro,curated_alias,reference_only_needs_verification,needs_review,False,1,Black;Red,True,in_ear,True,False,closed,"20,20",general;communication;gaming,gaming,100.0,120.0,frequency_units_ambiguous;unverified_reference_source
c630df76ffc3d49e0238,docyx_pc_part_dataset_2025_07_23,headset,Thermaltake Level 10 M,Thermaltake,Level 10 M,headset:thermaltake:level-10-m,curated_alias,reference_only_needs_verification,needs_review,False,2,Black;Red,True,over_ear,True,False,closed,"10,22",general;communication;gaming,gaming,100.0,120.0,frequency_units_ambiguous;unverified_reference_source;identity_duplicates_collapsed
61fe77e19ed2f9cc27d4,docyx_pc_part_dataset_2025_07_23,headset,Thermaltake Pulse G100,Thermaltake,Pulse G100,headset:thermaltake:pulse-g100,curated_alias,reference_only_needs_verification,needs_review,False,1,Black,True,over_ear,True,False,closed,"20,20",general;communication;gaming,gaming,100.0,120.0,frequency_units_ambiguous;unverified_reference_source
376170f3f32b8af1985e,docyx_pc_part_dataset_2025_07_23,headset,Turtle Beach Atlas Air,Turtle Beach,Atlas Air,headset:turtle-beach:atlas-air,curated_alias,reference_only_needs_verification,needs_review,False,1,Black,True,over_ear,True,True,closed,"20,40",general;communication;gaming;portable,communication,100.0,120.0,frequency_units_ambiguous;unverified_reference_source
1fa334112f9bba3f5ed8,docyx_pc_part_dataset_2025_07_23,headset,Turtle Beach EAR FORCE Recon 50X,Turtle Beach,EAR FORCE Recon 50X,headset:turtle-beach:ear-force-recon-50x,curated_alias,reference_only_needs_verification,needs_review,False,1,Black;Green,True,over_ear,True,False,closed,"20,20",general;communication;gaming,gaming,100.0,120.0,frequency_units_ambiguous;unverified_reference_source
ecdc7bf6eb4ee9a1427b,docyx_pc_part_dataset_2025_07_23,headset,Turtle Beach Ear Force DP11,Turtle Beach,Ear Force DP11,headset:turtle-beach:ear-force-dp11,curated_alias,reference_only_needs_verification,needs_review,False,1,Black;Red,True,over_ear,True,False,closed,"20,20",general;communication;gaming,gaming,100.0,120.0,frequency_units_ambiguous;unverified_reference_source
700d958eded6666e4861,docyx_pc_part_dataset_2025_07_23,headset,Turtle Beach Ear Force XP300,Turtle Beach,Ear Force XP300,headset:turtle-beach:ear-force-xp300,curated_alias,reference_only_needs_verification,needs_review,False,1,Black;Green,True,over_ear,True,True,closed,"20,20",general;communication;gaming;portable,communication,100.0,120.0,frequency_units_ambiguous;unverified_reference_source
70e955a430d4b719c022,docyx_pc_part_dataset_2025_07_23,headset,Turtle Beach Ear Force Z1,Turtle Beach,Ear Force Z1,headset:turtle-beach:ear-force-z1,curated_alias,reference_only_needs_verification,needs_review,False,1,Black;Silver,True,over_ear,True,False,closed,,general;communication;gaming,gaming,100.0,120.0,unverified_reference_source
a527315f3af3e23deb7d,docyx_pc_part_dataset_2025_07_23,headset,Turtle Beach Recon 50,Turtle Beach,Recon 50,headset:turtle-beach:recon-50,curated_alias,reference_only_needs_verification,needs_review,False,1,Black;Red,True,over_ear,True,False,closed,,general;communication;gaming,gaming,100.0,120.0,unverified_reference_source
df8fe836f02b9ad94759,docyx_pc_part_dataset_2025_07_23,headset,Turtle Beach Recon 50P,Turtle Beach,Recon 50P,headset:turtle-beach:recon-50p,curated_alias,reference_only_needs_verification,needs_review,False,1,Black;Blue,True,over_ear,True,False,closed,"20,20",general;communication;gaming,gaming,100.0,120.0,frequency_units_ambiguous;unverified_reference_source
61d8caa96257d7e839e2,docyx_pc_part_dataset_2025_07_23,headset,Turtle Beach Star Wars,Turtle Beach,Star Wars,headset:turtle-beach:star-wars,curated_alias,reference_only_needs_verification,needs_review,False,1,Black;Red,True,over_ear,True,False,closed,,general;communication;gaming,gaming,100.0,120.0,unverified_reference_source
c7d1156bb4a024505041,docyx_pc_part_dataset_2025_07_23,headset,Turtle Beach Stealth 700 Gen 2 MAX,Turtle Beach,Stealth 700 Gen 2 MAX,headset:turtle-beach:stealth-700-gen-2-max,curated_alias,reference_only_needs_verification,needs_review,False,1,Black;Silver,True,over_ear,True,True,closed,"20,22",general;communication;gaming;portable,communication,100.0,120.0,frequency_units_ambiguous;unverified_reference_source
95f0356f73daf00f63f6,docyx_pc_part_dataset_2025_07_23,headset,Asus NC1/BLK/ALW/AS,ASUS,NC1/BLK/ALW/AS,headset:asus:nc1-blk-alw-as,curated_alias,reference_only_needs_verification,needs_review,False,1,Black,False,on_ear,False,False,closed,"16,22",general,communication,100.0,118.0,frequency_units_ambiguous;unverified_reference_source
2b125e861d3542a343a0,docyx_pc_part_dataset_2025_07_23,headset,Audio-Technica ATH-A500X,Audio-Technica,ATH-A500X,headset:audio-technica:ath-a500x,curated_alias,reference_only_needs_verification,needs_review,False,1,Black,False,over_ear,False,False,closed,"5,30",general,communication,100.0,118.0,frequency_units_ambiguous;unverified_reference_source
5b88b1ac0d8355944b73,docyx_pc_part_dataset_2025_07_23,headset,Audio-Technica ATH-A700,Audio-Technica,ATH-A700,headset:audio-technica:ath-a700,curated_alias,reference_only_needs_verification,needs_review,False,1,Black,False,over_ear,False,False,closed,"5,35",general,communication,100.0,118.0,frequency_units_ambiguous;unverified_reference_source
45cca142d146c059b66b,docyx_pc_part_dataset_2025_07_23,headset,Audio-Technica ATH-A900X,Audio-Technica,ATH-A900X,headset:audio-technica:ath-a900x,curated_alias,reference_only_needs_verification,needs_review,False,1,Black,False,over_ear,False,False,closed,"5,40",general,communication,100.0,118.0,frequency_units_ambiguous;unverified_reference_source
e4eff38d89a1f272b65e,docyx_pc_part_dataset_2025_07_23,headset,Audio-Technica ATH-ANC23,Audio-Technica,ATH-ANC23,headset:audio-technica:ath-anc23,curated_alias,reference_only_needs_verification,needs_review,False,1,Black;Silver,False,in_ear,False,False,closed,"20,20",general,communication,100.0,118.0,frequency_units_ambiguous;unverified_reference_source
0dfbf1f5f89f3a90b329,docyx_pc_part_dataset_2025_07_23,headset,Audio-Technica ATH-ANC25,Audio-Technica,ATH-ANC25,headset:audio-technica:ath-anc25,curated_alias,reference_only_needs_verification,needs_review,False,1,Black;Gray,False,on_ear,False,False,closed,,general,communication,100.0,118.0,unverified_reference_source
497451649577d21b7256,docyx_pc_part_dataset_2025_07_23,headset,Audio-Technica ATH-ANC27,Audio-Technica,ATH-ANC27,headset:audio-technica:ath-anc27,curated_alias,reference_only_needs_verification,needs_review,False,1,Black,False,over_ear,False,False,closed,,general,communication,100.0,118.0,unverified_reference_source
950a682668639ffe6273,docyx_pc_part_dataset_2025_07_23,headset,Audio-Technica ATH-ANC27X,Audio-Technica,ATH-ANC27X,headset:audio-technica:ath-anc27x,curated_alias,reference_only_needs_verification,needs_review,False,1,Black,False,over_ear,False,False,closed,"20,20",general,communication,100.0,118.0,frequency_units_ambiguous;unverified_reference_source
bcfe57a75454995293a0,docyx_pc_part_dataset_2025_07_23,headset,Audio-Technica ATH-ANC7B,Audio-Technica,ATH-ANC7B,headset:audio-technica:ath-anc7b,curated_alias,reference_only_needs_verification,needs_review,False,1,Black,False,over_ear,False,False,closed,"10,25",general,communication,100.0,118.0,frequency_units_ambiguous;unverified_reference_source
66ba04ab88315e132d58,docyx_pc_part_dataset_2025_07_23,headset,Audio-Technica ATH-ANC9,Audio-Technica,ATH-ANC9,headset:audio-technica:ath-anc9,curated_alias,reference_only_needs_verification,needs_review,False,1,Black,False,over_ear,False,False,closed,"10,25",general,communication,100.0,118.0,frequency_units_ambiguous;unverified_reference_source
9038a0145b042d000f6e,docyx_pc_part_dataset_2025_07_23,headset,Audio-Technica ATH-CKF300GD,Audio-Technica,ATH-CKF300GD,headset:audio-technica:ath-ckf300gd,curated_alias,reference_only_needs_verification,needs_review,False,1,Yellow,False,in_ear,False,False,closed,"18,23",general,communication,100.0,118.0,frequency_units_ambiguous;unverified_reference_source
6d5544180f5765099f60,docyx_pc_part_dataset_2025_07_23,headset,Audio-Technica ATH-CKF300LGR,Audio-Technica,ATH-CKF300LGR,headset:audio-technica:ath-ckf300lgr,curated_alias,reference_only_needs_verification,needs_review,False,1,Yellow,False,in_ear,False,False,closed,"18,23",general,communication,100.0,118.0,frequency_units_ambiguous;unverified_reference_source
8855ecb8cd2678a4acd4,docyx_pc_part_dataset_2025_07_23,headset,Audio-Technica ATH-CKF300MGR,Audio-Technica,ATH-CKF300MGR,headset:audio-technica:ath-ckf300mgr,curated_alias,reference_only_needs_verification,needs_review,False,1,White,False,in_ear,False,False,closed,"18,23",general,communication,100.0,118.0,frequency_units_ambiguous;unverified_reference_source
1f6a637239ce69a037be,docyx_pc_part_dataset_2025_07_23,headset,Audio-Technica ATH-CKF300PL,Audio-Technica,ATH-CKF300PL,headset:audio-technica:ath-ckf300pl,curated_alias,reference_only_needs_verification,needs_review,False,2,Purple,False,in_ear,False,False,closed,"18,23",general,communication,100.0,118.0,frequency_units_ambiguous;unverified_reference_source;identity_duplicates_collapsed
cb7f79a7a5ca174a64ea,docyx_pc_part_dataset_2025_07_23,headset,Audio-Technica ATH-CKF300WH,Audio-Technica,ATH-CKF300WH,headset:audio-technica:ath-ckf300wh,curated_alias,reference_only_needs_verification,needs_review,False,1,White,False,in_ear,False,False,closed,"18,23",general,communication,100.0,118.0,frequency_units_ambiguous;unverified_reference_source
8bb714e4b1613f44059d,docyx_pc_part_dataset_2025_07_23,headset,Audio-Technica ATH-CKF500LPK,Audio-Technica,ATH-CKF500LPK,headset:audio-technica:ath-ckf500lpk,curated_alias,reference_only_needs_verification,needs_review,False,1,Pink,False,in_ear,False,False,closed,"16,23",general,communication,100.0,118.0,frequency_units_ambiguous;unverified_reference_source
b34e1173be1cae536f6d,docyx_pc_part_dataset_2025_07_23,headset,Audio-Technica ATH-CKF500WH,Audio-Technica,ATH-CKF500WH,headset:audio-technica:ath-ckf500wh,curated_alias,reference_only_needs_verification,needs_review,False,1,White,False,in_ear,False,False,closed,"16,23",general,communication,100.0,118.0,frequency_units_ambiguous;unverified_reference_source
054b31ad403cb1212e7c,docyx_pc_part_dataset_2025_07_23,headset,Audio-Technica ATH-CKM55BK,Audio-Technica,ATH-CKM55BK,headset:audio-technica:ath-ckm55bk,curated_alias,reference_only_needs_verification,needs_review,False,1,Black,False,in_ear,False,False,closed,"5,24",general,communication,100.0,118.0,frequency_units_ambiguous;unverified_reference_source
a03b957b7ff00d4bdfbc,docyx_pc_part_dataset_2025_07_23,headset,Audio-Technica ATH-CKP200BK,Audio-Technica,ATH-CKP200BK,headset:audio-technica:ath-ckp200bk,curated_alias,reference_only_needs_verification,needs_review,False,1,Black,False,in_ear,False,False,closed,"20,23",general,communication,100.0,118.0,frequency_units_ambiguous;unverified_reference_source
e837b3f7924ceef98745,docyx_pc_part_dataset_2025_07_23,headset,Audio-Technica ATH-CKP200WH,Audio-Technica,ATH-CKP200WH,headset:audio-technica:ath-ckp200wh,curated_alias,reference_only_needs_verification,needs_review,False,1,White,False,in_ear,False,False,closed,"20,23",general,communication,100.0,118.0,frequency_units_ambiguous;unverified_reference_source
a1f25f3d806f3b4f2125,docyx_pc_part_dataset_2025_07_23,headset,Audio-Technica ATH-CKP500BK,Audio-Technica,ATH-CKP500BK,headset:audio-technica:ath-ckp500bk,curated_alias,reference_only_needs_verification,needs_review,False,1,Black,False,in_ear,False,False,closed,"20,23",general,communication,100.0,118.0,frequency_units_ambiguous;unverified_reference_source
f6e6aa859ea86327f0e6,docyx_pc_part_dataset_2025_07_23,headset,Audio-Technica ATH-CKP500BL,Audio-Technica,ATH-CKP500BL,headset:audio-technica:ath-ckp500bl,curated_alias,reference_only_needs_verification,needs_review,False,1,Black;Blue,False,in_ear,False,False,closed,"20,23",general,communication,100.0,118.0,frequency_units_ambiguous;unverified_reference_source
d27e71a92ecef6bacd1b,docyx_pc_part_dataset_2025_07_23,headset,Audio-Technica ATH-CKP500RD,Audio-Technica,ATH-CKP500RD,headset:audio-technica:ath-ckp500rd,curated_alias,reference_only_needs_verification,needs_review,False,1,Black;Red,False,in_ear,False,False,closed,"20,23",general,communication,100.0,118.0,frequency_units_ambiguous;unverified_reference_source
16a745bc92e84dea510e,docyx_pc_part_dataset_2025_07_23,headset,Audio-Technica ATH-CKP500WH,Audio-Technica,ATH-CKP500WH,headset:audio-technica:ath-ckp500wh,curated_alias,reference_only_needs_verification,needs_review,False,1,White,False,in_ear,False,False,closed,"20,23",general,communication,100.0,118.0,frequency_units_ambiguous;unverified_reference_source
f85971033806fcdb0a8f,docyx_pc_part_dataset_2025_07_23,headset,Audio-Technica ATH-CKR10,Audio-Technica,ATH-CKR10,headset:audio-technica:ath-ckr10,curated_alias,reference_only_needs_verification,needs_review,False,1,Black;Silver,False,in_ear,False,False,closed,"5,40",general,communication,100.0,118.0,frequency_units_ambiguous;unverified_reference_source
a7c5962dbda80867d167,docyx_pc_part_dataset_2025_07_23,headset,Audio-Technica ATH-CLR100BK,Audio-Technica,ATH-CLR100BK,headset:audio-technica:ath-clr100bk,curated_alias,reference_only_needs_verification,needs_review,False,1,Black,False,in_ear,False,False,closed,"20,25",general,communication,100.0,118.0,frequency_units_ambiguous;unverified_reference_source
fe6f99e816d477ffa093,docyx_pc_part_dataset_2025_07_23,headset,Audio-Technica ATH-CLR100BL,Audio-Technica,ATH-CLR100BL,headset:audio-technica:ath-clr100bl,curated_alias,reference_only_needs_verification,needs_review,False,1,Blue,False,in_ear,False,False,closed,"20,25",general,communication,100.0,118.0,frequency_units_ambiguous;unverified_reference_source
7a6220ce33ed9e124e3b,docyx_pc_part_dataset_2025_07_23,headset,Audio-Technica ATH-CLR100LG,Audio-Technica,ATH-CLR100LG,headset:audio-technica:ath-clr100lg,curated_alias,reference_only_needs_verification,needs_review,False,1,Green,False,in_ear,False,False,closed,"20,25",general,communication,100.0,118.0,frequency_units_ambiguous;unverified_reference_source
ba9eeed15c080e13233b,docyx_pc_part_dataset_2025_07_23,headset,Audio-Technica ATH-CLR100OR,Audio-Technica,ATH-CLR100OR,headset:audio-technica:ath-clr100or,curated_alias,reference_only_needs_verification,needs_review,False,1,Orange,False,in_ear,False,False,closed,"20,25",general,communication,100.0,118.0,frequency_units_ambiguous;unverified_reference_source
c53f34faab3cc44e7d70,docyx_pc_part_dataset_2025_07_23,headset,Audio-Technica ATH-CLR100PK,Audio-Technica,ATH-CLR100PK,headset:audio-technica:ath-clr100pk,curated_alias,reference_only_needs_verification,needs_review,False,1,Pink,False,in_ear,False,False,closed,"20,25",general,communication,100.0,118.0,frequency_units_ambiguous;unverified_reference_source
6873ed13f6c0abe11a05,docyx_pc_part_dataset_2025_07_23,headset,Audio-Technica ATH-CLR100PL,Audio-Technica,ATH-CLR100PL,headset:audio-technica:ath-clr100pl,curated_alias,reference_only_needs_verification,needs_review,False,1,Purple,False,in_ear,False,False,closed,"20,25",general,communication,100.0,118.0,frequency_units_ambiguous;unverified_reference_source
7f392de660d10cc86cee,docyx_pc_part_dataset_2025_07_23,headset,Audio-Technica ATH-CLR100RD,Audio-Technica,ATH-CLR100RD,headset:audio-technica:ath-clr100rd,curated_alias,reference_only_needs_verification,needs_review,False,1,Red,False,in_ear,False,False,closed,"20,25",general,communication,100.0,118.0,frequency_units_ambiguous;unverified_reference_source
6d1e2a646927230dfa01,docyx_pc_part_dataset_2025_07_23,headset,Audio-Technica ATH-CLR100WH,Audio-Technica,ATH-CLR100WH,headset:audio-technica:ath-clr100wh,curated_alias,reference_only_needs_verification,needs_review,False,1,White,False,in_ear,False,False,closed,"20,25",general,communication,100.0,118.0,frequency_units_ambiguous;unverified_reference_source
fd6ecae664fd0dab8416,docyx_pc_part_dataset_2025_07_23,headset,Audio-Technica ATH-COR150BK,Audio-Technica,ATH-COR150BK,headset:audio-technica:ath-cor150bk,curated_alias,reference_only_needs_verification,needs_review,False,1,Black,False,in_ear,False,False,closed,"20,25",general,communication,100.0,118.0,frequency_units_ambiguous;unverified_reference_source
9e40ec0ac02c0eaa07b2,docyx_pc_part_dataset_2025_07_23,headset,Audio-Technica ATH-COR150BL,Audio-Technica,ATH-COR150BL,headset:audio-technica:ath-cor150bl,curated_alias,reference_only_needs_verification,needs_review,False,1,Blue,False,in_ear,False,False,closed,"20,25",general,communication,100.0,118.0,frequency_units_ambiguous;unverified_reference_source
8c8e55e9d25ee11be0bf,docyx_pc_part_dataset_2025_07_23,headset,Audio-Technica ATH-COR150LG,Audio-Technica,ATH-COR150LG,headset:audio-technica:ath-cor150lg,curated_alias,reference_only_needs_verification,needs_review,False,1,Green,False,in_ear,False,False,closed,"20,25",general,communication,100.0,118.0,frequency_units_ambiguous;unverified_reference_source
c966d854926ef316dbc1,docyx_pc_part_dataset_2025_07_23,headset,Audio-Technica ATH-COR150OR,Audio-Technica,ATH-COR150OR,headset:audio-technica:ath-cor150or,curated_alias,reference_only_needs_verification,needs_review,False,1,Orange,False,in_ear,False,False,closed,"20,25",general,communication,100.0,118.0,frequency_units_ambiguous;unverified_reference_source
7b6fc99b3154a22cfa6a,docyx_pc_part_dataset_2025_07_23,headset,Audio-Technica ATH-COR150PK,Audio-Technica,ATH-COR150PK,headset:audio-technica:ath-cor150pk,curated_alias,reference_only_needs_verification,needs_review,False,1,Pink,False,in_ear,False,False,closed,"20,25",general,communication,100.0,118.0,frequency_units_ambiguous;unverified_reference_source
85f6abb99eef86c33d11,docyx_pc_part_dataset_2025_07_23,headset,Audio-Technica ATH-COR150PL,Audio-Technica,ATH-COR150PL,headset:audio-technica:ath-cor150pl,curated_alias,reference_only_needs_verification,needs_review,False,1,Purple,False,in_ear,False,False,closed,"20,25",general,communication,100.0,118.0,frequency_units_ambiguous;unverified_reference_source
9e5e720e4f2c84489660,docyx_pc_part_dataset_2025_07_23,headset,Audio-Technica ATH-COR150RD,Audio-Technica,ATH-COR150RD,headset:audio-technica:ath-cor150rd,curated_alias,reference_only_needs_verification,needs_review,False,1,Red,False,in_ear,False,False,closed,"20,25",general,communication,100.0,118.0,frequency_units_ambiguous;unverified_reference_source
5a9e8f5b5b436f719a9e,docyx_pc_part_dataset_2025_07_23,headset,Audio-Technica ATH-COR150WH,Audio-Technica,ATH-COR150WH,headset:audio-technica:ath-cor150wh,curated_alias,reference_only_needs_verification,needs_review,False,1,White,False,in_ear,False,False,closed,"20,25",general,communication,100.0,118.0,frequency_units_ambiguous;unverified_reference_source
89dbbc9956d8536c57b7,docyx_pc_part_dataset_2025_07_23,headset,Audio-Technica ATH-D40fs,Audio-Technica,ATH-D40fs,headset:audio-technica:ath-d40fs,curated_alias,reference_only_needs_verification,needs_review,False,1,Black,False,over_ear,False,False,closed,"20,28",general,communication,100.0,118.0,frequency_units_ambiguous;unverified_reference_source
73f116ea351f5258da8e,docyx_pc_part_dataset_2025_07_23,headset,Audio-Technica ATH-E50,Audio-Technica,ATH-E50,headset:audio-technica:ath-e50,curated_alias,reference_only_needs_verification,needs_review,False,1,Black,False,in_ear,False,False,closed,"20,18",general,communication,100.0,118.0,frequency_units_ambiguous;unverified_reference_source
6d13c2784214006a0821,docyx_pc_part_dataset_2025_07_23,headset,Audio-Technica ATH-ES33BK,Audio-Technica,ATH-ES33BK,headset:audio-technica:ath-es33bk,curated_alias,reference_only_needs_verification,needs_review,False,1,Black,False,on_ear,False,False,closed,"10,25",general,communication,100.0,118.0,frequency_units_ambiguous;unverified_reference_source
88c4a5e9c5a1121a9b90,docyx_pc_part_dataset_2025_07_23,headset,Audio-Technica ATH-IM02,Audio-Technica,ATH-IM02,headset:audio-technica:ath-im02,curated_alias,reference_only_needs_verification,needs_review,False,1,Transparent,False,in_ear,False,False,closed,"20,16",general,communication,100.0,118.0,frequency_units_ambiguous;unverified_reference_source
6cce894519e7b48e1dc4,docyx_pc_part_dataset_2025_07_23,headset,Audio-Technica ATH-IM03,Audio-Technica,ATH-IM03,headset:audio-technica:ath-im03,curated_alias,reference_only_needs_verification,needs_review,False,1,Transparent,False,in_ear,False,False,closed,"18,18",general,communication,100.0,118.0,frequency_units_ambiguous;unverified_reference_source
c099508c38918b2fcf36,docyx_pc_part_dataset_2025_07_23,headset,Audio-Technica ATH-IM04,Audio-Technica,ATH-IM04,headset:audio-technica:ath-im04,curated_alias,reference_only_needs_verification,needs_review,False,1,Black,False,in_ear,False,False,closed,"15,20",general,communication,100.0,118.0,frequency_units_ambiguous;unverified_reference_source
b77d6cf76c6a674382ba,docyx_pc_part_dataset_2025_07_23,headset,Audio-Technica ATH-IM50,Audio-Technica,ATH-IM50,headset:audio-technica:ath-im50,curated_alias,reference_only_needs_verification,needs_review,False,1,Black;White,False,in_ear,False,False,closed,"5,25",general,communication,100.0,118.0,frequency_units_ambiguous;unverified_reference_source
4f9e5bb0033ddf3f5f31,docyx_pc_part_dataset_2025_07_23,headset,Audio-Technica ATH-IM70,Audio-Technica,ATH-IM70,headset:audio-technica:ath-im70,curated_alias,reference_only_needs_verification,needs_review,False,1,Black;Red,False,in_ear,False,False,closed,"5,26",general,communication,100.0,118.0,frequency_units_ambiguous;unverified_reference_source
0ffd0a67bd297b166d2b,docyx_pc_part_dataset_2025_07_23,headset,Audio-Technica ATH-M30,Audio-Technica,ATH-M30,headset:audio-technica:ath-m30,curated_alias,reference_only_needs_verification,needs_review,False,1,Black,False,over_ear,False,False,closed,"20,20",general,communication,100.0,118.0,frequency_units_ambiguous;unverified_reference_source
3d16901f55bd6aaf69d2,docyx_pc_part_dataset_2025_07_23,headset,Audio-Technica ATH-M35,Audio-Technica,ATH-M35,headset:audio-technica:ath-m35,curated_alias,reference_only_needs_verification,needs_review,False,1,Black,False,over_ear,False,False,closed,"20,20",general,communication,100.0,118.0,frequency_units_ambiguous;unverified_reference_source
4d1e8594f7e349eea63d,docyx_pc_part_dataset_2025_07_23,headset,Audio-Technica ATH-M40fs,Audio-Technica,ATH-M40fs,headset:audio-technica:ath-m40fs,curated_alias,reference_only_needs_verification,needs_review,False,1,Multicolor,False,over_ear,False,False,closed,"5,28",general,communication,100.0,118.0,frequency_units_ambiguous;unverified_reference_source
e6ff3f0ed85e543e1f8b,docyx_pc_part_dataset_2025_07_23,headset,Audio-Technica ATH-M50,Audio-Technica,ATH-M50,headset:audio-technica:ath-m50,curated_alias,reference_only_needs_verification,needs_review,False,2,Black,False,over_ear,False,False,closed,"15,28",general,communication,100.0,118.0,frequency_units_ambiguous;unverified_reference_source;identity_duplicates_collapsed
fcf463b4366c6e3d627f,docyx_pc_part_dataset_2025_07_23,headset,Audio-Technica ATH-M50 RED,Audio-Technica,ATH-M50 RED,headset:audio-technica:ath-m50-red,curated_alias,reference_only_needs_verification,needs_review,False,1,Black;Red,False,over_ear,False,False,closed,"15,28",general,communication,100.0,118.0,frequency_units_ambiguous;unverified_reference_source
67e30bbc8ace67e996a6,docyx_pc_part_dataset_2025_07_23,headset,Audio-Technica ATH-M50S,Audio-Technica,ATH-M50S,headset:audio-technica:ath-m50s,curated_alias,reference_only_needs_verification,needs_review,False,2,Black;Silver,False,over_ear,False,False,closed,"15,28",general,communication,100.0,118.0,frequency_units_ambiguous;unverified_reference_source;identity_duplicates_collapsed
97dd3c123a16edaf4ac7,docyx_pc_part_dataset_2025_07_23,headset,Audio-Technica ATH-M50WH,Audio-Technica,ATH-M50WH,headset:audio-technica:ath-m50wh,curated_alias,reference_only_needs_verification,needs_review,False,1,White,False,over_ear,False,False,closed,"15,28",general,communication,100.0,118.0,frequency_units_ambiguous;unverified_reference_source
0fc167890c1c0e4e48fd,docyx_pc_part_dataset_2025_07_23,headset,Audio-Technica ATH-PRO500MK2BK,Audio-Technica,ATH-PRO500MK2BK,headset:audio-technica:ath-pro500mk2bk,curated_alias,reference_only_needs_verification,needs_review,False,1,Black,False,over_ear,False,False,closed,"10,30",general,communication,100.0,118.0,frequency_units_ambiguous;unverified_reference_source
6b469a7b310448ed7788,docyx_pc_part_dataset_2025_07_23,headset,Audio-Technica ATH-PRO500MK2RD,Audio-Technica,ATH-PRO500MK2RD,headset:audio-technica:ath-pro500mk2rd,curated_alias,reference_only_needs_verification,needs_review,False,1,Black,False,over_ear,False,False,closed,"10,30",general,communication,100.0,118.0,frequency_units_ambiguous;unverified_reference_source
57b0c534a25174a7edd7,docyx_pc_part_dataset_2025_07_23,headset,Audio-Technica ATH-PRO700MK2,Audio-Technica,ATH-PRO700MK2,headset:audio-technica:ath-pro700mk2,curated_alias,reference_only_needs_verification,needs_review,False,1,Black,False,over_ear,False,False,closed,"5,35",general,communication,100.0,118.0,frequency_units_ambiguous;unverified_reference_source
2c3204cf763ec0aa4462,docyx_pc_part_dataset_2025_07_23,headset,Audio-Technica ATH-SJ11BK,Audio-Technica,ATH-SJ11BK,headset:audio-technica:ath-sj11bk,curated_alias,reference_only_needs_verification,needs_review,False,1,Black;Silver,False,on_ear,False,False,closed,"15,22",general,communication,100.0,118.0,frequency_units_ambiguous;unverified_reference_source
ad67cb1a50fb04224c92,docyx_pc_part_dataset_2025_07_23,headset,Audio-Technica ATH-T200,Audio-Technica,ATH-T200,headset:audio-technica:ath-t200,curated_alias,reference_only_needs_verification,needs_review,False,1,Black;Silver,False,over_ear,False,False,closed,"20,22",general,communication,100.0,118.0,frequency_units_ambiguous;unverified_reference_source
c6f5a689ad3e8375f970,docyx_pc_part_dataset_2025_07_23,headset,Audio-Technica ATH-T300,Audio-Technica,ATH-T300,headset:audio-technica:ath-t300,curated_alias,reference_only_needs_verification,needs_review,False,1,Black,False,over_ear,False,False,closed,"18,22",general,communication,100.0,118.0,frequency_units_ambiguous;unverified_reference_source
d9f8981c0203b515e282,docyx_pc_part_dataset_2025_07_23,headset,Audio-Technica ATH-T400,Audio-Technica,ATH-T400,headset:audio-technica:ath-t400,curated_alias,reference_only_needs_verification,needs_review,False,1,Black,False,over_ear,False,False,closed,"15,23",general,communication,100.0,118.0,frequency_units_ambiguous;unverified_reference_source
da4778c18f338ed6f9c0,docyx_pc_part_dataset_2025_07_23,headset,Audio-Technica ATH-WS55BK,Audio-Technica,ATH-WS55BK,headset:audio-technica:ath-ws55bk,curated_alias,reference_only_needs_verification,needs_review,False,1,Black,False,over_ear,False,False,closed,"10,24",general,communication,100.0,118.0,frequency_units_ambiguous;unverified_reference_source
a7cfac7550cacc9f4f1f,docyx_pc_part_dataset_2025_07_23,headset,Audio-Technica ATH-WS55BRD,Audio-Technica,ATH-WS55BRD,headset:audio-technica:ath-ws55brd,curated_alias,reference_only_needs_verification,needs_review,False,1,Black;Red,False,over_ear,False,False,closed,"10,24",general,communication,100.0,118.0,frequency_units_ambiguous;unverified_reference_source
db9f7f03a9bc96258f43,docyx_pc_part_dataset_2025_07_23,headset,Audio-Technica ATH-WS55IBK,Audio-Technica,ATH-WS55IBK,headset:audio-technica:ath-ws55ibk,curated_alias,reference_only_needs_verification,needs_review,False,1,Black,False,over_ear,False,False,closed,"10,24",general,communication,100.0,118.0,frequency_units_ambiguous;unverified_reference_source
c66c0ddc4bf21e10646c,docyx_pc_part_dataset_2025_07_23,headset,Audio-Technica ATH-WS77,Audio-Technica,ATH-WS77,headset:audio-technica:ath-ws77,curated_alias,reference_only_needs_verification,needs_review,False,1,Black,False,over_ear,False,False,closed,"10,25",general,communication,100.0,118.0,frequency_units_ambiguous;unverified_reference_source
da17c98c853781ea04c2,docyx_pc_part_dataset_2025_07_23,headset,Audio-Technica ATHCKF500BK,Audio-Technica,ATHCKF500BK,headset:audio-technica:athckf500bk,curated_alias,reference_only_needs_verification,needs_review,False,1,Black,False,in_ear,False,False,closed,"16,23",general,communication,100.0,118.0,frequency_units_ambiguous;unverified_reference_source
6837eb0303697a5ec173,docyx_pc_part_dataset_2025_07_23,headset,Audio-Technica ATHHCLR100PK,Audio-Technica,ATHHCLR100PK,headset:audio-technica:athhclr100pk,curated_alias,reference_only_needs_verification,needs_review,False,1,Pink,False,in_ear,False,False,closed,"20,25",general,communication,100.0,118.0,frequency_units_ambiguous;unverified_reference_source
f69b27ec8b2170b0321a,docyx_pc_part_dataset_2025_07_23,headset,Audio-Technica ATHM50RD,Audio-Technica,ATHM50RD,headset:audio-technica:athm50rd,curated_alias,reference_only_needs_verification,needs_review,False,1,Black;Red,False,over_ear,False,False,closed,"10,30",general,communication,100.0,118.0,frequency_units_ambiguous;unverified_reference_source
daa49b5fb8f9fba7f567,docyx_pc_part_dataset_2025_07_23,headset,Audio-Technica ATHM50S,Audio-Technica,ATHM50S,headset:audio-technica:athm50s,curated_alias,reference_only_needs_verification,needs_review,False,1,Black,False,over_ear,False,False,closed,"15,28",general,communication,100.0,118.0,frequency_units_ambiguous;unverified_reference_source
d02e1df954cf593cd8a5,docyx_pc_part_dataset_2025_07_23,headset,Audio-Technica ATHM50s/LE,Audio-Technica,ATHM50s/LE,headset:audio-technica:athm50s-le,curated_alias,reference_only_needs_verification,needs_review,False,1,Black;White,False,over_ear,False,False,closed,"15,28",general,communication,100.0,118.0,frequency_units_ambiguous;unverified_reference_source
495fd5e4d62984a8f9ae,docyx_pc_part_dataset_2025_07_23,headset,Logitech Ultimate Ears 200,Logitech,Ultimate Ears 200,headset:logitech:ultimate-ears-200,curated_alias,reference_only_needs_verification,needs_review,False,2,Black;Blue;Silver,False,in_ear,False,False,closed,"20,15",general,communication,100.0,118.0,frequency_units_ambiguous;unverified_reference_source;identity_duplicates_collapsed
377436767fa6c4d3ad3a,docyx_pc_part_dataset_2025_07_23,headset,Logitech Ultimate Ears 350,Logitech,Ultimate Ears 350,headset:logitech:ultimate-ears-350,curated_alias,reference_only_needs_verification,needs_review,False,1,Black;Silver,False,in_ear,False,False,closed,"20,20",general,communication,100.0,118.0,frequency_units_ambiguous;unverified_reference_source
e5b911355a566649241b,docyx_pc_part_dataset_2025_07_23,headset,Logitech Ultimate Ears 4000,Logitech,Ultimate Ears 4000,headset:logitech:ultimate-ears-4000,curated_alias,reference_only_needs_verification,needs_review,False,1,Black;White,False,on_ear,False,False,closed,"20,20",general,communication,100.0,118.0,frequency_units_ambiguous;unverified_reference_source
3d008418c48616522693,docyx_pc_part_dataset_2025_07_23,headset,Razer Adaro,Razer,Adaro,headset:razer:adaro,curated_alias,reference_only_needs_verification,needs_review,False,2,Black;Green,False,over_ear,False,False,closed,"20,20",general,communication,100.0,118.0,frequency_units_ambiguous;unverified_reference_source;identity_duplicates_collapsed
3623bbda26ef7d0d61e3,docyx_pc_part_dataset_2025_07_23,headset,Razer Hammerhead,Razer,Hammerhead,headset:razer:hammerhead,curated_alias,reference_only_needs_verification,needs_review,False,1,Black;Green,False,in_ear,False,False,closed,"20,20",general,communication,100.0,118.0,frequency_units_ambiguous;unverified_reference_source
5d2868dfe39ad9b21e50,docyx_pc_part_dataset_2025_07_23,headset,Razer Kraken E-Panda,Razer,Kraken E-Panda,headset:razer:kraken-e-panda,curated_alias,reference_only_needs_verification,needs_review,False,1,Black;Gold,False,over_ear,False,False,closed,"20,20",general,communication,100.0,118.0,frequency_units_ambiguous;unverified_reference_source
6607bb58048b35b7cf16,docyx_pc_part_dataset_2025_07_23,headset,Razer Kraken Neon,Razer,Kraken Neon,headset:razer:kraken-neon,curated_alias,reference_only_needs_verification,needs_review,False,1,Black;Green,False,over_ear,False,False,closed,"20,20",general,communication,100.0,118.0,frequency_units_ambiguous;unverified_reference_source
1c0e4f76b38347705c2e,docyx_pc_part_dataset_2025_07_23,headset,Razer RZ12-01110100-R3U1,Razer,RZ12-01110100-R3U1,headset:razer:rz12-01110100-r3u1,curated_alias,reference_only_needs_verification,needs_review,False,1,Black;Silver,False,over_ear,False,False,closed,"20,20",general,communication,100.0,118.0,frequency_units_ambiguous;unverified_reference_source
763a77fa7be2387601c7,docyx_pc_part_dataset_2025_07_23,headset,Sennheiser AMPERIOR-BL,Sennheiser,AMPERIOR-BL,headset:sennheiser:amperior-bl,curated_alias,reference_only_needs_verification,needs_review,False,2,Black;Blue;Silver,False,on_ear,False,False,closed,"16,22",general,communication,100.0,118.0,frequency_units_ambiguous;unverified_reference_source;identity_duplicates_collapsed
c1ea379d0de069a67da8,docyx_pc_part_dataset_2025_07_23,headset,Sennheiser AMPERIOR-BLU,Sennheiser,AMPERIOR-BLU,headset:sennheiser:amperior-blu,curated_alias,reference_only_needs_verification,needs_review,False,1,Black;Blue,False,on_ear,False,False,closed,"16,22",general,communication,100.0,118.0,frequency_units_ambiguous;unverified_reference_source
01f871a8fbad8fd9884e,docyx_pc_part_dataset_2025_07_23,headset,Sennheiser CC520 IP,Sennheiser,CC520 IP,headset:sennheiser:cc520-ip,curated_alias,reference_only_needs_verification,needs_review,False,1,Black;Silver,False,on_ear,False,False,closed,"150,6.8",general,communication,100.0,118.0,frequency_units_ambiguous;unverified_reference_source
41aaca818896e89adece,docyx_pc_part_dataset_2025_07_23,headset,Sennheiser CC550 IP,Sennheiser,CC550 IP,headset:sennheiser:cc550-ip,curated_alias,reference_only_needs_verification,needs_review,False,1,Black,False,on_ear,False,False,closed,"150,6.8",general,communication,100.0,118.0,frequency_units_ambiguous;unverified_reference_source
3ee044f154a78c2cccbb,docyx_pc_part_dataset_2025_07_23,headset,Sennheiser CX 1.00 Black,Sennheiser,CX 1.00 Black,headset:sennheiser:cx-1-00-black,curated_alias,reference_only_needs_verification,needs_review,False,1,Black;Silver,False,in_ear,False,False,closed,"17,20",general,communication,100.0,118.0,frequency_units_ambiguous;unverified_reference_source
154fe2924410a2312576,docyx_pc_part_dataset_2025_07_23,headset,Sennheiser CX 1.00 White,Sennheiser,CX 1.00 White,headset:sennheiser:cx-1-00-white,curated_alias,reference_only_needs_verification,needs_review,False,1,White,False,in_ear,False,False,closed,"17,20",general,communication,100.0,118.0,frequency_units_ambiguous;unverified_reference_source
a483e454709e6601531e,docyx_pc_part_dataset_2025_07_23,headset,Sennheiser CX 3.00 Black,Sennheiser,CX 3.00 Black,headset:sennheiser:cx-3-00-black,curated_alias,reference_only_needs_verification,needs_review,False,1,Black,False,in_ear,False,False,closed,,general,communication,100.0,118.0,unverified_reference_source
a8d810049af4821810d6,docyx_pc_part_dataset_2025_07_23,headset,Sennheiser CX 3.00 Red,Sennheiser,CX 3.00 Red,headset:sennheiser:cx-3-00-red,curated_alias,reference_only_needs_verification,needs_review,False,1,Black;Red,False,in_ear,False,False,closed,,general,communication,100.0,118.0,unverified_reference_source
2c852be6b895ca85b203,docyx_pc_part_dataset_2025_07_23,headset,Sennheiser CX 3.00 White,Sennheiser,CX 3.00 White,headset:sennheiser:cx-3-00-white,curated_alias,reference_only_needs_verification,needs_review,False,1,White,False,in_ear,False,False,closed,,general,communication,100.0,118.0,unverified_reference_source
92727b83d0bc4e493dad,docyx_pc_part_dataset_2025_07_23,headset,Sennheiser CX 300-II,Sennheiser,CX 300-II,headset:sennheiser:cx-300-ii,curated_alias,reference_only_needs_verification,needs_review,False,2,Black,False,in_ear,False,False,closed,"19,21",general,communication,100.0,118.0,frequency_units_ambiguous;unverified_reference_source;identity_duplicates_collapsed
a43e114d547ba47f605e,docyx_pc_part_dataset_2025_07_23,headset,Sennheiser CX 686G,Sennheiser,CX 686G,headset:sennheiser:cx-686g,curated_alias,reference_only_needs_verification,needs_review,False,1,Green,False,in_ear,False,False,closed,"18,20",general,communication,100.0,118.0,frequency_units_ambiguous;unverified_reference_source
1467db031445a85bf156,docyx_pc_part_dataset_2025_07_23,headset,Sennheiser CX-215-RED,Sennheiser,CX-215-RED,headset:sennheiser:cx-215-red,curated_alias,reference_only_needs_verification,needs_review,False,1,Black;Blue,False,in_ear,False,False,closed,"22,20",general,communication,100.0,118.0,frequency_units_ambiguous;unverified_reference_source
1ecc3276993b55b14764,docyx_pc_part_dataset_2025_07_23,headset,Sennheiser CXC 700,Sennheiser,CXC 700,headset:sennheiser:cxc-700,curated_alias,reference_only_needs_verification,needs_review,False,1,Black,False,in_ear,False,False,closed,"20,21",general,communication,100.0,118.0,frequency_units_ambiguous;unverified_reference_source
cff6d10df2d2ad14df62,docyx_pc_part_dataset_2025_07_23,headset,Sennheiser DW30-HS,Sennheiser,DW30-HS,headset:sennheiser:dw30-hs,curated_alias,reference_only_needs_verification,needs_review,False,1,Black,False,on_ear,False,False,closed,,general,communication,100.0,118.0,unverified_reference_source
7375ec5c06d3d4c73067,docyx_pc_part_dataset_2025_07_23,headset,Sennheiser HD 202 II,Sennheiser,HD 202 II,headset:sennheiser:hd-202-ii,curated_alias,reference_only_needs_verification,needs_review,False,1,Black,False,over_ear,False,False,closed,"18,18",general,communication,100.0,118.0,frequency_units_ambiguous;unverified_reference_source
a88acd1ec6d1ceb3bedf,docyx_pc_part_dataset_2025_07_23,headset,Sennheiser HD 229 (White),Sennheiser,HD 229 (White),headset:sennheiser:hd-229-white,curated_alias,reference_only_needs_verification,needs_review,False,1,Orange;White,False,on_ear,False,False,closed,"18,22",general,communication,100.0,118.0,frequency_units_ambiguous;unverified_reference_source
9ec8f648b905848ebe33,docyx_pc_part_dataset_2025_07_23,headset,Sennheiser HD 25-1 II,Sennheiser,HD 25-1 II,headset:sennheiser:hd-25-1-ii,curated_alias,reference_only_needs_verification,needs_review,False,1,Black,False,on_ear,False,False,closed,"16,22",general,communication,100.0,118.0,frequency_units_ambiguous;unverified_reference_source
3912920e18761d38bdf8,docyx_pc_part_dataset_2025_07_23,headset,Sennheiser HD 25-SP II,Sennheiser,HD 25-SP II,headset:sennheiser:hd-25-sp-ii,curated_alias,reference_only_needs_verification,needs_review,False,1,Black,False,on_ear,False,False,closed,"30,16",general,communication,100.0,118.0,frequency_units_ambiguous;unverified_reference_source
cc1b0eb847e4683ada9f,docyx_pc_part_dataset_2025_07_23,headset,Sennheiser HD 428 SC,Sennheiser,HD 428 SC,headset:sennheiser:hd-428-sc,curated_alias,reference_only_needs_verification,needs_review,False,1,Black,False,over_ear,False,False,closed,"18,22",general,communication,100.0,118.0,frequency_units_ambiguous;unverified_reference_source
8f165981c9bc0f249d86,docyx_pc_part_dataset_2025_07_23,headset,Sennheiser HD 8 DJ,Sennheiser,HD 8 DJ,headset:sennheiser:hd-8-dj,curated_alias,reference_only_needs_verification,needs_review,False,1,Black;Blue,False,over_ear,False,False,closed,"8,30",general,communication,100.0,118.0,frequency_units_ambiguous;unverified_reference_source
49b305b16622c8f5c5ce,docyx_pc_part_dataset_2025_07_23,headset,Sennheiser HD201S,Sennheiser,HD201S,headset:sennheiser:hd201s,curated_alias,reference_only_needs_verification,needs_review,False,1,Black;Silver,False,over_ear,False,False,closed,"21,18",general,communication,100.0,118.0,frequency_units_ambiguous;unverified_reference_source
9424f613fbc9891167ed,docyx_pc_part_dataset_2025_07_23,headset,Sennheiser HD205-II,Sennheiser,HD205-II,headset:sennheiser:hd205-ii,curated_alias,reference_only_needs_verification,needs_review,False,1,Black;Silver,False,over_ear,False,False,closed,"14,20",general,communication,100.0,118.0,frequency_units_ambiguous;unverified_reference_source
37816484dc51998cea31,docyx_pc_part_dataset_2025_07_23,headset,Sennheiser HD25-1 II,Sennheiser,HD25-1 II,headset:sennheiser:hd25-1-ii,curated_alias,reference_only_needs_verification,needs_review,False,1,Black,False,on_ear,False,False,closed,"16,22",general,communication,100.0,118.0,frequency_units_ambiguous;unverified_reference_source
067eaf5afcbd2b22ec5f,docyx_pc_part_dataset_2025_07_23,headset,Sennheiser HD25ALUM,Sennheiser,HD25ALUM,headset:sennheiser:hd25alum,curated_alias,reference_only_needs_verification,needs_review,False,1,Black;Silver,False,on_ear,False,False,closed,,general,communication,100.0,118.0,unverified_reference_source
b1ffaeb9ffce4828b0f8,docyx_pc_part_dataset_2025_07_23,headset,Sennheiser HD335S,Sennheiser,HD335S,headset:sennheiser:hd335s,curated_alias,reference_only_needs_verification,needs_review,False,1,Black;Silver,False,over_ear,False,False,closed,"14,20",general,communication,100.0,118.0,frequency_units_ambiguous;unverified_reference_source
1b0a58fa6e4ed4e57f24,docyx_pc_part_dataset_2025_07_23,headset,Sennheiser HD360PRO,Sennheiser,HD360PRO,headset:sennheiser:hd360pro,curated_alias,reference_only_needs_verification,needs_review,False,1,Black,False,over_ear,False,False,closed,"15,22",general,communication,100.0,118.0,frequency_units_ambiguous;unverified_reference_source
a837bdde30d00fdda8ac,docyx_pc_part_dataset_2025_07_23,headset,Sennheiser M2 OEBT Black,Sennheiser,M2 OEBT Black,headset:sennheiser:m2-oebt-black,curated_alias,reference_only_needs_verification,needs_review,False,1,Black;Silver,False,on_ear,False,True,closed,,general;portable,portable,100.0,118.0,unverified_reference_source
05e019e1edcab47106f5,docyx_pc_part_dataset_2025_07_23,headset,Sennheiser MX 365 Blue,Sennheiser,MX 365 Blue,headset:sennheiser:mx-365-blue,curated_alias,reference_only_needs_verification,needs_review,False,1,Blue;Silver,False,in_ear,False,False,closed,"20,20",general,communication,100.0,118.0,frequency_units_ambiguous;unverified_reference_source
3af3e07431ffc2b81d8d,docyx_pc_part_dataset_2025_07_23,headset,Sennheiser MX 365 Bronze,Sennheiser,MX 365 Bronze,headset:sennheiser:mx-365-bronze,curated_alias,reference_only_needs_verification,needs_review,False,1,Brown,False,in_ear,False,False,closed,"20,20",general,communication,100.0,118.0,frequency_units_ambiguous;unverified_reference_source
0dfce22be76159fc5352,docyx_pc_part_dataset_2025_07_23,headset,Sennheiser MX 365 Brown,Sennheiser,MX 365 Brown,headset:sennheiser:mx-365-brown,curated_alias,reference_only_needs_verification,needs_review,False,1,Brown,False,in_ear,False,False,closed,"20,20",general,communication,100.0,118.0,frequency_units_ambiguous;unverified_reference_source
3051694db31b269336bb,docyx_pc_part_dataset_2025_07_23,headset,Sennheiser MX 365 Orange,Sennheiser,MX 365 Orange,headset:sennheiser:mx-365-orange,curated_alias,reference_only_needs_verification,needs_review,False,1,Orange,False,in_ear,False,False,closed,"20,20",general,communication,100.0,118.0,frequency_units_ambiguous;unverified_reference_source
dc6a2bda661152f9a25f,docyx_pc_part_dataset_2025_07_23,headset,Sennheiser MX 365 Red,Sennheiser,MX 365 Red,headset:sennheiser:mx-365-red,curated_alias,reference_only_needs_verification,needs_review,False,1,Black;Red,False,in_ear,False,False,closed,"20,20",general,communication,100.0,118.0,frequency_units_ambiguous;unverified_reference_source
20fcb7320306250aac80,docyx_pc_part_dataset_2025_07_23,headset,Sennheiser MX 365 White,Sennheiser,MX 365 White,headset:sennheiser:mx-365-white,curated_alias,reference_only_needs_verification,needs_review,False,1,White,False,in_ear,False,False,closed,"20,20",general,communication,100.0,118.0,frequency_units_ambiguous;unverified_reference_source
05eca178d704c75e8e18,docyx_pc_part_dataset_2025_07_23,headset,Sennheiser MX 680i,Sennheiser,MX 680i,headset:sennheiser:mx-680i,curated_alias,reference_only_needs_verification,needs_review,False,1,Black;Yellow,False,in_ear,False,False,closed,"18,20",general,communication,100.0,118.0,frequency_units_ambiguous;unverified_reference_source
2793636b20210c04e50f,docyx_pc_part_dataset_2025_07_23,headset,Sennheiser Momentum BRV2,Sennheiser,Momentum BRV2,headset:sennheiser:momentum-brv2,curated_alias,reference_only_needs_verification,needs_review,False,1,Brown,False,over_ear,False,False,closed,,general,communication,100.0,118.0,unverified_reference_source
ece5a461bbc8b72107c0,docyx_pc_part_dataset_2025_07_23,headset,Sennheiser Momentum BRV3,Sennheiser,Momentum BRV3,headset:sennheiser:momentum-brv3,curated_alias,reference_only_needs_verification,needs_review,False,1,Brown,False,over_ear,False,False,closed,,general,communication,100.0,118.0,unverified_reference_source
46d2c0cbe9e438d7ba56,docyx_pc_part_dataset_2025_07_23,headset,Sennheiser Momentum Blue,Sennheiser,Momentum Blue,headset:sennheiser:momentum-blue,curated_alias,reference_only_needs_verification,needs_review,False,3,Blue;Silver,False,on_ear,False,False,closed,"16,22",general,communication,100.0,118.0,frequency_units_ambiguous;unverified_reference_source;identity_duplicates_collapsed
d9804dc773e0eb473cc1,docyx_pc_part_dataset_2025_07_23,headset,Sennheiser Momentum Brown,Sennheiser,Momentum Brown,headset:sennheiser:momentum-brown,curated_alias,reference_only_needs_verification,needs_review,False,2,Black;Silver,False,over_ear,False,False,closed,"16,22",general,communication,100.0,118.0,frequency_units_ambiguous;unverified_reference_source;identity_duplicates_collapsed
c36ed542d7b008fb2d87,docyx_pc_part_dataset_2025_07_23,headset,Sennheiser Momentum Green,Sennheiser,Momentum Green,headset:sennheiser:momentum-green,curated_alias,reference_only_needs_verification,needs_review,False,3,Black;Green,False,over_ear,False,False,closed,"16,22",general,communication,100.0,118.0,frequency_units_ambiguous;unverified_reference_source;identity_duplicates_collapsed
c159ac8b3481b8c39027,docyx_pc_part_dataset_2025_07_23,headset,Sennheiser Momentum Ivory,Sennheiser,Momentum Ivory,headset:sennheiser:momentum-ivory,curated_alias,reference_only_needs_verification,needs_review,False,2,Black;White,False,over_ear,False,False,closed,"16,22",general,communication,100.0,118.0,frequency_units_ambiguous;unverified_reference_source;identity_duplicates_collapsed
bec7e5eaa074ed2cb31b,docyx_pc_part_dataset_2025_07_23,headset,Sennheiser Momentum Pink,Sennheiser,Momentum Pink,headset:sennheiser:momentum-pink,curated_alias,reference_only_needs_verification,needs_review,False,3,Black;Pink;Red;Silver,False,over_ear,False,False,closed,"16,22",general,communication,100.0,118.0,frequency_units_ambiguous;unverified_reference_source;identity_duplicates_collapsed
279b41461932a45f3cd8,docyx_pc_part_dataset_2025_07_23,headset,Sennheiser Momentum Red,Sennheiser,Momentum Red,headset:sennheiser:momentum-red,curated_alias,reference_only_needs_verification,needs_review,False,1,Red;Silver,False,on_ear,False,False,closed,"16,22",general,communication,100.0,118.0,frequency_units_ambiguous;unverified_reference_source
168cbdd92c35b23af95e,docyx_pc_part_dataset_2025_07_23,headset,Sennheiser OCX 686G,Sennheiser,OCX 686G,headset:sennheiser:ocx-686g,curated_alias,reference_only_needs_verification,needs_review,False,1,Green,False,in_ear,False,False,closed,"18,20",general,communication,100.0,118.0,frequency_units_ambiguous;unverified_reference_source
aa053182e83c289ab36a,docyx_pc_part_dataset_2025_07_23,headset,Sennheiser OCX685I,Sennheiser,OCX685I,headset:sennheiser:ocx685i,curated_alias,reference_only_needs_verification,needs_review,False,1,Black;Blue,False,in_ear,False,False,closed,"18,20",general,communication,100.0,118.0,frequency_units_ambiguous;unverified_reference_source
2a4c2d1d598035dc605a,docyx_pc_part_dataset_2025_07_23,headset,Sennheiser OCX685IW,Sennheiser,OCX685IW,headset:sennheiser:ocx685iw,curated_alias,reference_only_needs_verification,needs_review,False,1,White,False,in_ear,False,False,closed,"18,20",general,communication,100.0,118.0,frequency_units_ambiguous;unverified_reference_source
398a9b8872639787b080,docyx_pc_part_dataset_2025_07_23,headset,Sennheiser OCX880,Sennheiser,OCX880,headset:sennheiser:ocx880,curated_alias,reference_only_needs_verification,needs_review,False,1,Black,False,in_ear,False,False,closed,"19,21",general,communication,100.0,118.0,frequency_units_ambiguous;unverified_reference_source
9b4525480d189c6d0142,docyx_pc_part_dataset_2025_07_23,headset,Sennheiser OMX 680i,Sennheiser,OMX 680i,headset:sennheiser:omx-680i,curated_alias,reference_only_needs_verification,needs_review,False,1,Black;Yellow,False,in_ear,False,False,closed,"18,20",general,communication,100.0,118.0,frequency_units_ambiguous;unverified_reference_source
bf0f41fe7b838354fcc4,docyx_pc_part_dataset_2025_07_23,headset,Sennheiser OMX180,Sennheiser,OMX180,headset:sennheiser:omx180,curated_alias,reference_only_needs_verification,needs_review,False,1,Black;Silver,False,in_ear,False,False,closed,"18,20",general,communication,100.0,118.0,frequency_units_ambiguous;unverified_reference_source
fb6979d4cc0315a2cd83,docyx_pc_part_dataset_2025_07_23,headset,Sennheiser PCX95,Sennheiser,PCX95,headset:sennheiser:pcx95,curated_alias,reference_only_needs_verification,needs_review,False,1,Black,False,in_ear,False,False,closed,"17,22.5",general,communication,100.0,118.0,frequency_units_ambiguous;unverified_reference_source
7d1ef611085f796abe81,docyx_pc_part_dataset_2025_07_23,headset,Sennheiser PMX 680i,Sennheiser,PMX 680i,headset:sennheiser:pmx-680i,curated_alias,reference_only_needs_verification,needs_review,False,1,Black;Yellow,False,in_ear,False,False,closed,"18,20",general,communication,100.0,118.0,frequency_units_ambiguous;unverified_reference_source
298e03deb1b1bc8d458c,docyx_pc_part_dataset_2025_07_23,headset,Sennheiser PMX 686G,Sennheiser,PMX 686G,headset:sennheiser:pmx-686g,curated_alias,reference_only_needs_verification,needs_review,False,1,Green,False,in_ear,False,False,closed,"18,20",general,communication,100.0,118.0,frequency_units_ambiguous;unverified_reference_source
8cd95a015e9f3837b368,docyx_pc_part_dataset_2025_07_23,headset,Sennheiser PMX680,Sennheiser,PMX680,headset:sennheiser:pmx680,curated_alias,reference_only_needs_verification,needs_review,False,1,Black;Yellow,False,in_ear,False,False,closed,"18,20",general,communication,100.0,118.0,frequency_units_ambiguous;unverified_reference_source
bb0ba3eae14f6240a987,docyx_pc_part_dataset_2025_07_23,headset,Sennheiser PMX685I,Sennheiser,PMX685I,headset:sennheiser:pmx685i,curated_alias,reference_only_needs_verification,needs_review,False,1,Black;Blue,False,in_ear,False,False,closed,"18,20",general,communication,100.0,118.0,frequency_units_ambiguous;unverified_reference_source
6be068af103843591e1a,docyx_pc_part_dataset_2025_07_23,headset,Sennheiser PMX95,Sennheiser,PMX95,headset:sennheiser:pmx95,curated_alias,reference_only_needs_verification,needs_review,False,1,Black,False,on_ear,False,False,closed,,general,communication,100.0,118.0,unverified_reference_source
bc4fabd88f2992ef16d4,docyx_pc_part_dataset_2025_07_23,headset,Sennheiser PX 200 II,Sennheiser,PX 200 II,headset:sennheiser:px-200-ii,curated_alias,reference_only_needs_verification,needs_review,False,1,Black;Silver,False,on_ear,False,False,closed,"10,21",general,communication,100.0,118.0,frequency_units_ambiguous;unverified_reference_source
92cd78f54ad91c5192f3,docyx_pc_part_dataset_2025_07_23,headset,Sennheiser PX200-III,Sennheiser,PX200-III,headset:sennheiser:px200-iii,curated_alias,reference_only_needs_verification,needs_review,False,1,Black;Silver,False,on_ear,False,False,closed,"10,21",general,communication,100.0,118.0,frequency_units_ambiguous;unverified_reference_source
363a40399f3a193366c1,docyx_pc_part_dataset_2025_07_23,headset,Sennheiser PX685I,Sennheiser,PX685I,headset:sennheiser:px685i,curated_alias,reference_only_needs_verification,needs_review,False,1,Black;Blue,False,in_ear,False,False,closed,"18,20",general,communication,100.0,118.0,frequency_units_ambiguous;unverified_reference_source
adfd899cde4c9750422a,docyx_pc_part_dataset_2025_07_23,headset,Sennheiser PX685IW,Sennheiser,PX685IW,headset:sennheiser:px685iw,curated_alias,reference_only_needs_verification,needs_review,False,1,Black;Blue,False,in_ear,False,False,closed,"18,20",general,communication,100.0,118.0,frequency_units_ambiguous;unverified_reference_source
3b5a14025182362cea44,docyx_pc_part_dataset_2025_07_23,headset,Sennheiser PXC 310,Sennheiser,PXC 310,headset:sennheiser:pxc-310,curated_alias,reference_only_needs_verification,needs_review,False,1,Black;Red,False,on_ear,False,False,closed,"15,22",general,communication,100.0,118.0,frequency_units_ambiguous;unverified_reference_source
41a9ae01dc389ecb0b9b,docyx_pc_part_dataset_2025_07_23,headset,Sennheiser PXC 450,Sennheiser,PXC 450,headset:sennheiser:pxc-450,curated_alias,reference_only_needs_verification,needs_review,False,1,Black;Silver,False,over_ear,False,False,closed,"8,28",general,communication,100.0,118.0,frequency_units_ambiguous;unverified_reference_source
9e5ba761534b0c7a3948,docyx_pc_part_dataset_2025_07_23,headset,Sennheiser PXC250 II,Sennheiser,PXC250 II,headset:sennheiser:pxc250-ii,curated_alias,reference_only_needs_verification,needs_review,False,1,Black;Silver,False,on_ear,False,False,closed,"10,21",general,communication,100.0,118.0,frequency_units_ambiguous;unverified_reference_source
30e655eb86078283418b,docyx_pc_part_dataset_2025_07_23,headset,Sennheiser URBANITEBLACKG,Sennheiser,URBANITEBLACKG,headset:sennheiser:urbaniteblackg,curated_alias,reference_only_needs_verification,needs_review,False,1,Black;White,False,on_ear,False,False,closed,,general,communication,100.0,118.0,unverified_reference_source
2e613f532fa405a7e129,docyx_pc_part_dataset_2025_07_23,headset,Sony ASONMDRNC100K1,Sony,ASONMDRNC100K1,headset:sony:asonmdrnc100k1,curated_alias,reference_only_needs_verification,needs_review,False,1,Black,False,in_ear,False,False,closed,,general,communication,100.0,118.0,unverified_reference_source
ea7fe6e7d41d2c225b5b,docyx_pc_part_dataset_2025_07_23,headset,Sony CZ-DRBTN200B,Sony,CZ-DRBTN200B,headset:sony:cz-drbtn200b,curated_alias,reference_only_needs_verification,needs_review,False,1,Black,False,on_ear,False,True,closed,,general;portable,portable,100.0,118.0,unverified_reference_source
c39ec5de3e4676e100b3,docyx_pc_part_dataset_2025_07_23,headset,Sony CZ-DRBTN200W,Sony,CZ-DRBTN200W,headset:sony:cz-drbtn200w,curated_alias,reference_only_needs_verification,needs_review,False,1,White,False,on_ear,False,True,closed,,general;portable,portable,100.0,118.0,unverified_reference_source
d7a4564d9d443289bd50,docyx_pc_part_dataset_2025_07_23,headset,Sony CZ-MDR222KD/BLK,Sony,CZ-MDR222KD/BLK,headset:sony:cz-mdr222kd-blk,curated_alias,reference_only_needs_verification,needs_review,False,1,Black,False,on_ear,False,False,closed,"14,20",general,communication,100.0,118.0,frequency_units_ambiguous;unverified_reference_source
187d6b1d91fff20bd74e,docyx_pc_part_dataset_2025_07_23,headset,Sony CZ-MDR222KD/PIN,Sony,CZ-MDR222KD/PIN,headset:sony:cz-mdr222kd-pin,curated_alias,reference_only_needs_verification,needs_review,False,1,Black;Pink,False,on_ear,False,False,closed,"14,20",general,communication,100.0,118.0,frequency_units_ambiguous;unverified_reference_source
8cbc29de4128a1fecad0,docyx_pc_part_dataset_2025_07_23,headset,Sony CZ-MDRAS200B,Sony,CZ-MDRAS200B,headset:sony:cz-mdras200b,curated_alias,reference_only_needs_verification,needs_review,False,1,Black,False,in_ear,False,False,closed,,general,communication,100.0,118.0,unverified_reference_source
6d0adbfb43d628557cf0,docyx_pc_part_dataset_2025_07_23,headset,Sony CZ-MDRAS200BL,Sony,CZ-MDRAS200BL,headset:sony:cz-mdras200bl,curated_alias,reference_only_needs_verification,needs_review,False,1,Black;Blue,False,in_ear,False,False,closed,,general,communication,100.0,118.0,unverified_reference_source
1df9939f725901d13205,docyx_pc_part_dataset_2025_07_23,headset,Sony CZ-MDRAS200G,Sony,CZ-MDRAS200G,headset:sony:cz-mdras200g,curated_alias,reference_only_needs_verification,needs_review,False,1,Black;Green,False,in_ear,False,False,closed,,general,communication,100.0,118.0,unverified_reference_source
85f5987815222be0d7f8,docyx_pc_part_dataset_2025_07_23,headset,Sony CZ-MDRAS200O,Sony,CZ-MDRAS200O,headset:sony:cz-mdras200o,curated_alias,reference_only_needs_verification,needs_review,False,1,Black;Orange,False,in_ear,False,False,closed,,general,communication,100.0,118.0,unverified_reference_source
04e3c1fc741a06aa4e82,docyx_pc_part_dataset_2025_07_23,headset,Sony CZ-MDRAS200PK,Sony,CZ-MDRAS200PK,headset:sony:cz-mdras200pk,curated_alias,reference_only_needs_verification,needs_review,False,1,Black;Pink,False,in_ear,False,False,closed,,general,communication,100.0,118.0,unverified_reference_source
d1c8ff159fc0b4f61fe3,docyx_pc_part_dataset_2025_07_23,headset,Sony CZ-MDRAS200W,Sony,CZ-MDRAS200W,headset:sony:cz-mdras200w,curated_alias,reference_only_needs_verification,needs_review,False,1,White,False,in_ear,False,False,closed,,general,communication,100.0,118.0,unverified_reference_source
e0efa1a40bdf7a97a779,docyx_pc_part_dataset_2025_07_23,headset,Sony CZ-MDRE9LP/BLK,Sony,CZ-MDRE9LP/BLK,headset:sony:cz-mdre9lp-blk,curated_alias,reference_only_needs_verification,needs_review,False,2,Black;Blue;White,False,in_ear,False,False,closed,,general,communication,100.0,118.0,unverified_reference_source;identity_duplicates_collapsed
c5150955e70742ef98a4,docyx_pc_part_dataset_2025_07_23,headset,Sony CZ-MDRE9LP/GRAY,Sony,CZ-MDRE9LP/GRAY,headset:sony:cz-mdre9lp-gray,curated_alias,reference_only_needs_verification,needs_review,False,1,Gray;White,False,in_ear,False,False,closed,"18,22",general,communication,100.0,118.0,frequency_units_ambiguous;unverified_reference_source
2e586360d1dc3427e54e,docyx_pc_part_dataset_2025_07_23,headset,Sony CZ-MDRE9LP/GRN,Sony,CZ-MDRE9LP/GRN,headset:sony:cz-mdre9lp-grn,curated_alias,reference_only_needs_verification,needs_review,False,1,Green;White,False,in_ear,False,False,closed,"18,22",general,communication,100.0,118.0,frequency_units_ambiguous;unverified_reference_source
4e671fd2cb92608d3f06,docyx_pc_part_dataset_2025_07_23,headset,Sony CZ-MDRE9LP/PNK,Sony,CZ-MDRE9LP/PNK,headset:sony:cz-mdre9lp-pnk,curated_alias,reference_only_needs_verification,needs_review,False,1,Pink;White,False,in_ear,False,False,closed,"18,22",general,communication,100.0,118.0,frequency_units_ambiguous;unverified_reference_source
d4ceb6635a4051e2264c,docyx_pc_part_dataset_2025_07_23,headset,Sony CZ-MDRE9LP/RED,Sony,CZ-MDRE9LP/RED,headset:sony:cz-mdre9lp-red,curated_alias,reference_only_needs_verification,needs_review,False,1,Red;White,False,in_ear,False,False,closed,"18,22",general,communication,100.0,118.0,frequency_units_ambiguous;unverified_reference_source
2cea529afe22cd8d4de4,docyx_pc_part_dataset_2025_07_23,headset,Sony CZ-MDRE9LP/VLT,Sony,CZ-MDRE9LP/VLT,headset:sony:cz-mdre9lp-vlt,curated_alias,reference_only_needs_verification,needs_review,False,1,Purple;White,False,in_ear,False,False,closed,"18,22",general,communication,100.0,118.0,frequency_units_ambiguous;unverified_reference_source
916d7df267586977060b,docyx_pc_part_dataset_2025_07_23,headset,Sony CZ-MDRE9LP/WHI,Sony,CZ-MDRE9LP/WHI,headset:sony:cz-mdre9lp-whi,curated_alias,reference_only_needs_verification,needs_review,False,1,White,False,in_ear,False,False,closed,"18,22",general,communication,100.0,118.0,frequency_units_ambiguous;unverified_reference_source
a47a02c19480cf7e65ec,docyx_pc_part_dataset_2025_07_23,headset,Sony CZ-MDREX100APL,Sony,CZ-MDREX100APL,headset:sony:cz-mdrex100apl,curated_alias,reference_only_needs_verification,needs_review,False,1,Black;Blue,False,in_ear,False,False,closed,,general,communication,100.0,118.0,unverified_reference_source
47a962f65a3a893801a4,docyx_pc_part_dataset_2025_07_23,headset,Sony CZ-MDREX100APP,Sony,CZ-MDREX100APP,headset:sony:cz-mdrex100app,curated_alias,reference_only_needs_verification,needs_review,False,1,Black;Pink,False,in_ear,False,False,closed,,general,communication,100.0,118.0,unverified_reference_source
e7235ab446b0b6dba4ea,docyx_pc_part_dataset_2025_07_23,headset,Sony CZ-MDREX100IPB,Sony,CZ-MDREX100IPB,headset:sony:cz-mdrex100ipb,curated_alias,reference_only_needs_verification,needs_review,False,1,Black,False,in_ear,False,False,closed,,general,communication,100.0,118.0,unverified_reference_source
f15a40805982d9b21bf6,docyx_pc_part_dataset_2025_07_23,headset,Sony CZ-MDREX100IPW,Sony,CZ-MDREX100IPW,headset:sony:cz-mdrex100ipw,curated_alias,reference_only_needs_verification,needs_review,False,1,White,False,in_ear,False,False,closed,,general,communication,100.0,118.0,unverified_reference_source
2a15542f4f947671a48a,docyx_pc_part_dataset_2025_07_23,headset,Sony CZ-MDREX10LP/BLK,Sony,CZ-MDREX10LP/BLK,headset:sony:cz-mdrex10lp-blk,curated_alias,reference_only_needs_verification,needs_review,False,1,Black,False,in_ear,False,False,closed,,general,communication,100.0,118.0,unverified_reference_source
78e7a60025961810d5e1,docyx_pc_part_dataset_2025_07_23,headset,Sony CZ-MDREX10LP/DBL,Sony,CZ-MDREX10LP/DBL,headset:sony:cz-mdrex10lp-dbl,curated_alias,reference_only_needs_verification,needs_review,False,1,Blue;White,False,in_ear,False,False,closed,,general,communication,100.0,118.0,unverified_reference_source
e7ca92b444346370037b,docyx_pc_part_dataset_2025_07_23,headset,Sony CZ-MDREX10LP/DPK,Sony,CZ-MDREX10LP/DPK,headset:sony:cz-mdrex10lp-dpk,curated_alias,reference_only_needs_verification,needs_review,False,1,Pink;White,False,in_ear,False,False,closed,,general,communication,100.0,118.0,unverified_reference_source
57e911e81ee73c58f11e,docyx_pc_part_dataset_2025_07_23,headset,Sony CZ-MDREX10LP/RED,Sony,CZ-MDREX10LP/RED,headset:sony:cz-mdrex10lp-red,curated_alias,reference_only_needs_verification,needs_review,False,1,Red;White,False,in_ear,False,False,closed,,general,communication,100.0,118.0,unverified_reference_source
4564b4bf502d7256dcc8,docyx_pc_part_dataset_2025_07_23,headset,Sony CZ-MDREX10LP/VLT,Sony,CZ-MDREX10LP/VLT,headset:sony:cz-mdrex10lp-vlt,curated_alias,reference_only_needs_verification,needs_review,False,1,Purple,False,in_ear,False,False,closed,,general,communication,100.0,118.0,unverified_reference_source
c862f09abcc0adffcc68,docyx_pc_part_dataset_2025_07_23,headset,Sony CZ-MDREX10LP/WHI,Sony,CZ-MDREX10LP/WHI,headset:sony:cz-mdrex10lp-whi,curated_alias,reference_only_needs_verification,needs_review,False,1,White,False,in_ear,False,False,closed,,general,communication,100.0,118.0,unverified_reference_source
257e6b29df1d0f2a006c,docyx_pc_part_dataset_2025_07_23,headset,Sony CZ-MDREX25LPBLU,Sony,CZ-MDREX25LPBLU,headset:sony:cz-mdrex25lpblu,curated_alias,reference_only_needs_verification,needs_review,False,1,Blue;White,False,in_ear,False,False,closed,,general,communication,100.0,118.0,unverified_reference_source
17dfea2c9d7c0429a18e,docyx_pc_part_dataset_2025_07_23,headset,Sony CZ-MDREX25LPPNK,Sony,CZ-MDREX25LPPNK,headset:sony:cz-mdrex25lppnk,curated_alias,reference_only_needs_verification,needs_review,False,1,Pink;White,False,in_ear,False,False,closed,,general,communication,100.0,118.0,unverified_reference_source
ae1286bb2142fa2d3636,docyx_pc_part_dataset_2025_07_23,headset,Sony CZ-MDREX25LPVLT,Sony,CZ-MDREX25LPVLT,headset:sony:cz-mdrex25lpvlt,curated_alias,reference_only_needs_verification,needs_review,False,1,Purple;White,False,in_ear,False,False,closed,,general,communication,100.0,118.0,unverified_reference_source
5a16e3ecc68806a80e9e,docyx_pc_part_dataset_2025_07_23,headset,Sony CZ-MDREX37B/BLK,Sony,CZ-MDREX37B/BLK,headset:sony:cz-mdrex37b-blk,curated_alias,reference_only_needs_verification,needs_review,False,1,Black;White,False,in_ear,False,False,closed,,general,communication,100.0,118.0,unverified_reference_source
cde679c3c0b4b428b458,docyx_pc_part_dataset_2025_07_23,headset,Sony CZ-MDREX37B/BLU,Sony,CZ-MDREX37B/BLU,headset:sony:cz-mdrex37b-blu,curated_alias,reference_only_needs_verification,needs_review,False,1,Blue,False,in_ear,False,False,closed,,general,communication,100.0,118.0,unverified_reference_source
c67608c71c4dbb272081,docyx_pc_part_dataset_2025_07_23,headset,Sony CZ-MDREX37B/RED,Sony,CZ-MDREX37B/RED,headset:sony:cz-mdrex37b-red,curated_alias,reference_only_needs_verification,needs_review,False,1,Black;Red,False,in_ear,False,False,closed,,general,communication,100.0,118.0,unverified_reference_source
7cf685ea90d08573ac44,docyx_pc_part_dataset_2025_07_23,headset,Sony CZ-MDREX37B/YLW,Sony,CZ-MDREX37B/YLW,headset:sony:cz-mdrex37b-ylw,curated_alias,reference_only_needs_verification,needs_review,False,1,Black;Yellow,False,in_ear,False,False,closed,,general,communication,100.0,118.0,unverified_reference_source
3eb78e28d2e8c0b4d340,docyx_pc_part_dataset_2025_07_23,headset,Sony CZ-MDRMA300,Sony,CZ-MDRMA300,headset:sony:cz-mdrma300,curated_alias,reference_only_needs_verification,needs_review,False,1,Black,False,over_ear,False,False,closed,,general,communication,100.0,118.0,unverified_reference_source
c290a42b02c1d0df5aab,docyx_pc_part_dataset_2025_07_23,headset,Sony CZ-MDRMA900,Sony,CZ-MDRMA900,headset:sony:cz-mdrma900,curated_alias,reference_only_needs_verification,needs_review,False,1,Black,False,on_ear,False,False,closed,"5,40",general,communication,100.0,118.0,frequency_units_ambiguous;unverified_reference_source
4e7ff622153fac9c2903,docyx_pc_part_dataset_2025_07_23,headset,Sony CZ-MDRV55/BR,Sony,CZ-MDRV55/BR,headset:sony:cz-mdrv55-br,curated_alias,reference_only_needs_verification,needs_review,False,1,Black;Red,False,on_ear,False,False,closed,"5,25",general,communication,100.0,118.0,frequency_units_ambiguous;unverified_reference_source
32ca1280f7a2405c85be,docyx_pc_part_dataset_2025_07_23,headset,Sony CZ-MDRV55/WHI,Sony,CZ-MDRV55/WHI,headset:sony:cz-mdrv55-whi,curated_alias,reference_only_needs_verification,needs_review,False,1,White,False,on_ear,False,False,closed,"5,25",general,communication,100.0,118.0,frequency_units_ambiguous;unverified_reference_source
6db279d7d79fb547b05f,docyx_pc_part_dataset_2025_07_23,headset,Sony CZ-MDRZX600/BLK,Sony,CZ-MDRZX600/BLK,headset:sony:cz-mdrzx600-blk,curated_alias,reference_only_needs_verification,needs_review,False,1,Black;Red,False,on_ear,False,False,closed,"6,25",general,communication,100.0,118.0,frequency_units_ambiguous;unverified_reference_source
08c596ea9d45ac23555e,docyx_pc_part_dataset_2025_07_23,headset,Sony CZ-MDRZX600/GRAY,Sony,CZ-MDRZX600/GRAY,headset:sony:cz-mdrzx600-gray,curated_alias,reference_only_needs_verification,needs_review,False,1,Black;Gray,False,on_ear,False,False,closed,"6,25",general,communication,100.0,118.0,frequency_units_ambiguous;unverified_reference_source
d9ae1786e8795114343c,docyx_pc_part_dataset_2025_07_23,headset,Sony DR-310DP/WHI,Sony,DR-310DP/WHI,headset:sony:dr-310dp-whi,curated_alias,reference_only_needs_verification,needs_review,False,1,White,False,on_ear,False,False,closed,,general,communication,100.0,118.0,unverified_reference_source
43c4255cc0dde851231d,docyx_pc_part_dataset_2025_07_23,headset,Sony DR-AS22IP,Sony,DR-AS22IP,headset:sony:dr-as22ip,curated_alias,reference_only_needs_verification,needs_review,False,1,Black,False,in_ear,False,False,closed,"18,22",general,communication,100.0,118.0,frequency_units_ambiguous;unverified_reference_source
5933de60723fe3c3dfac,docyx_pc_part_dataset_2025_07_23,headset,Sony DR-BTN200/BLK,Sony,DR-BTN200/BLK,headset:sony:dr-btn200-blk,curated_alias,reference_only_needs_verification,needs_review,False,1,Black;Silver,False,on_ear,False,True,closed,"20,20",general;portable,portable,100.0,118.0,frequency_units_ambiguous;unverified_reference_source
a183cba310203daa878f,docyx_pc_part_dataset_2025_07_23,headset,Sony DR-BTN200M,Sony,DR-BTN200M,headset:sony:dr-btn200m,curated_alias,reference_only_needs_verification,needs_review,False,1,White,False,on_ear,False,True,closed,,general;portable,portable,100.0,118.0,unverified_reference_source
178bebcd9a1885082161,docyx_pc_part_dataset_2025_07_23,headset,Sony DR-EX12iP/BLU,Sony,DR-EX12iP/BLU,headset:sony:dr-ex12ip-blu,curated_alias,reference_only_needs_verification,needs_review,False,1,Blue;White,False,in_ear,False,False,closed,"8,22",general,communication,100.0,118.0,frequency_units_ambiguous;unverified_reference_source
fb0da7606ef1768ecb17,docyx_pc_part_dataset_2025_07_23,headset,Sony DR-EX12iP/RED,Sony,DR-EX12iP/RED,headset:sony:dr-ex12ip-red,curated_alias,reference_only_needs_verification,needs_review,False,1,Red;White,False,in_ear,False,False,closed,"8,22",general,communication,100.0,118.0,frequency_units_ambiguous;unverified_reference_source
4d8fe22d76a6d181a286,docyx_pc_part_dataset_2025_07_23,headset,Sony DR-EX14VP/BLK,Sony,DR-EX14VP/BLK,headset:sony:dr-ex14vp-blk,curated_alias,reference_only_needs_verification,needs_review,False,1,Black,False,in_ear,False,False,closed,"8,22",general,communication,100.0,118.0,frequency_units_ambiguous;unverified_reference_source
0e7d670153722c71f939,docyx_pc_part_dataset_2025_07_23,headset,Sony DR-EX14VP/PNK,Sony,DR-EX14VP/PNK,headset:sony:dr-ex14vp-pnk,curated_alias,reference_only_needs_verification,needs_review,False,2,Pink;Purple;White,False,in_ear,False,False,closed,"8,22",general,communication,100.0,118.0,frequency_units_ambiguous;unverified_reference_source;identity_duplicates_collapsed
65ed87ad140fe4a12348,docyx_pc_part_dataset_2025_07_23,headset,Sony DRBTN200B,Sony,DRBTN200B,headset:sony:drbtn200b,curated_alias,reference_only_needs_verification,needs_review,False,1,Black,False,on_ear,False,False,closed,"10,24",general,communication,100.0,118.0,frequency_units_ambiguous;unverified_reference_source
d529ab787d3231db1b34,docyx_pc_part_dataset_2025_07_23,headset,Sony DRBTN200W,Sony,DRBTN200W,headset:sony:drbtn200w,curated_alias,reference_only_needs_verification,needs_review,False,1,White,False,on_ear,False,False,closed,"20,20",general,communication,100.0,118.0,frequency_units_ambiguous;unverified_reference_source
d2c86d8c7393e4bddb45,docyx_pc_part_dataset_2025_07_23,headset,Sony DREX12IP/BLK,Sony,DREX12IP/BLK,headset:sony:drex12ip-blk,curated_alias,reference_only_needs_verification,needs_review,False,1,Black,False,in_ear,False,False,closed,"8,22",general,communication,100.0,118.0,frequency_units_ambiguous;unverified_reference_source
f33e74bb4870340ee760,docyx_pc_part_dataset_2025_07_23,headset,Sony DRNC201IP,Sony,DRNC201IP,headset:sony:drnc201ip,curated_alias,reference_only_needs_verification,needs_review,False,1,Black,False,on_ear,False,False,closed,"8,23",general,communication,100.0,118.0,frequency_units_ambiguous;unverified_reference_source
b4cd86e9119fdae2b171,docyx_pc_part_dataset_2025_07_23,headset,Sony DRPQ7IP/RED,Sony,DRPQ7IP/RED,headset:sony:drpq7ip-red,curated_alias,reference_only_needs_verification,needs_review,False,1,Black;Red,False,in_ear,False,False,closed,"8,22",general,communication,100.0,118.0,frequency_units_ambiguous;unverified_reference_source
485958e18ceff3bb4c17,docyx_pc_part_dataset_2025_07_23,headset,Sony IVG-YMDRG45LP,Sony,IVG-YMDRG45LP,headset:sony:ivg-ymdrg45lp,curated_alias,reference_only_needs_verification,needs_review,False,1,Black;Silver,False,on_ear,False,False,closed,,general,communication,100.0,118.0,unverified_reference_source
f9f7a00991458261f92f,docyx_pc_part_dataset_2025_07_23,headset,Sony MDR-110LP,Sony,MDR-110LP,headset:sony:mdr-110lp,curated_alias,reference_only_needs_verification,needs_review,False,1,Black,False,on_ear,False,False,closed,"18,20",general,communication,100.0,118.0,frequency_units_ambiguous;unverified_reference_source
cdb79e930fb426a5dc5b,docyx_pc_part_dataset_2025_07_23,headset,Sony MDR-222KD/BLK,Sony,MDR-222KD/BLK,headset:sony:mdr-222kd-blk,curated_alias,reference_only_needs_verification,needs_review,False,1,Black,False,on_ear,False,False,closed,"14,20",general,communication,100.0,118.0,frequency_units_ambiguous;unverified_reference_source
0939ea3311e30b103485,docyx_pc_part_dataset_2025_07_23,headset,Sony MDR-570LP/BLK,Sony,MDR-570LP/BLK,headset:sony:mdr-570lp-blk,curated_alias,reference_only_needs_verification,needs_review,False,1,Black,False,on_ear,False,False,closed,"12,22",general,communication,100.0,118.0,frequency_units_ambiguous;unverified_reference_source
5c27b6aa15f9dd3632dd,docyx_pc_part_dataset_2025_07_23,headset,Sony MDR-770LP,Sony,MDR-770LP,headset:sony:mdr-770lp,curated_alias,reference_only_needs_verification,needs_review,False,1,Black,False,on_ear,False,False,closed,"12,24",general,communication,100.0,118.0,frequency_units_ambiguous;unverified_reference_source
9252ee99a74ed9b16e68,docyx_pc_part_dataset_2025_07_23,headset,Sony MDR-AS200 BK,Sony,MDR-AS200 BK,headset:sony:mdr-as200-bk,curated_alias,reference_only_needs_verification,needs_review,False,1,Black,False,in_ear,False,False,closed,"17,22",general,communication,100.0,118.0,frequency_units_ambiguous;unverified_reference_source
e4c556583d1d30002758,docyx_pc_part_dataset_2025_07_23,headset,Sony MDR-AS200 BLU,Sony,MDR-AS200 BLU,headset:sony:mdr-as200-blu,curated_alias,reference_only_needs_verification,needs_review,False,1,Black;Blue,False,in_ear,False,False,closed,"17,22",general,communication,100.0,118.0,frequency_units_ambiguous;unverified_reference_source
bdb55ff61dff2f5af534,docyx_pc_part_dataset_2025_07_23,headset,Sony MDR-AS200/GRN,Sony,MDR-AS200/GRN,headset:sony:mdr-as200-grn,curated_alias,reference_only_needs_verification,needs_review,False,1,Black;Green,False,in_ear,False,False,closed,,general,communication,100.0,118.0,unverified_reference_source
c97681a594c75457780d,docyx_pc_part_dataset_2025_07_23,headset,Sony MDR-AS20J,Sony,MDR-AS20J,headset:sony:mdr-as20j,curated_alias,reference_only_needs_verification,needs_review,False,1,Black,False,in_ear,False,False,closed,"18,22",general,communication,100.0,118.0,frequency_units_ambiguous;unverified_reference_source
336840612d912be8176f,docyx_pc_part_dataset_2025_07_23,headset,Sony MDR-E828LP/SLV,Sony,MDR-E828LP/SLV,headset:sony:mdr-e828lp-slv,curated_alias,reference_only_needs_verification,needs_review,False,1,Black;Silver,False,in_ear,False,False,closed,"12,22",general,communication,100.0,118.0,frequency_units_ambiguous;unverified_reference_source
3e513a87628addf21062,docyx_pc_part_dataset_2025_07_23,headset,Sony MDR-E829V,Sony,MDR-E829V,headset:sony:mdr-e829v,curated_alias,reference_only_needs_verification,needs_review,False,1,Black,False,in_ear,False,False,closed,"12,22",general,communication,100.0,118.0,frequency_units_ambiguous;unverified_reference_source
3159c4227b67f251e2b0,docyx_pc_part_dataset_2025_07_23,headset,Sony MDR-ED12LP/BLU,Sony,MDR-ED12LP/BLU,headset:sony:mdr-ed12lp-blu,curated_alias,reference_only_needs_verification,needs_review,False,1,Black;Blue,False,in_ear,False,False,closed,"8,22",general,communication,100.0,118.0,frequency_units_ambiguous;unverified_reference_source
3a55e604b2fb7a586fd7,docyx_pc_part_dataset_2025_07_23,headset,Sony MDR-ED12LP/RED,Sony,MDR-ED12LP/RED,headset:sony:mdr-ed12lp-red,curated_alias,reference_only_needs_verification,needs_review,False,1,Black;Red,False,in_ear,False,False,closed,"8,22",general,communication,100.0,118.0,frequency_units_ambiguous;unverified_reference_source
11ea4926d55a7e8e40c9,docyx_pc_part_dataset_2025_07_23,headset,Sony MDR-EX10LP/BLK,Sony,MDR-EX10LP/BLK,headset:sony:mdr-ex10lp-blk,curated_alias,reference_only_needs_verification,needs_review,False,1,Black,False,in_ear,False,False,closed,"8,22",general,communication,100.0,118.0,frequency_units_ambiguous;unverified_reference_source
38861866465e52cdd550,docyx_pc_part_dataset_2025_07_23,headset,Sony MDR-EX10LP/DBL,Sony,MDR-EX10LP/DBL,headset:sony:mdr-ex10lp-dbl,curated_alias,reference_only_needs_verification,needs_review,False,1,Blue;White,False,in_ear,False,False,closed,"8,22",general,communication,100.0,118.0,frequency_units_ambiguous;unverified_reference_source
daa61236918e55c5557c,docyx_pc_part_dataset_2025_07_23,headset,Sony MDR-EX10LP/DPK,Sony,MDR-EX10LP/DPK,headset:sony:mdr-ex10lp-dpk,curated_alias,reference_only_needs_verification,needs_review,False,1,Pink,False,in_ear,False,False,closed,"8,22",general,communication,100.0,118.0,frequency_units_ambiguous;unverified_reference_source
49a43510d5204feab3ed,docyx_pc_part_dataset_2025_07_23,headset,Sony MDR-EX210B/BLU,Sony,MDR-EX210B/BLU,headset:sony:mdr-ex210b-blu,curated_alias,reference_only_needs_verification,needs_review,False,1,Black;Blue,False,in_ear,False,False,closed,"5,24",general,communication,100.0,118.0,frequency_units_ambiguous;unverified_reference_source
b7b9dfce8bed41886a21,docyx_pc_part_dataset_2025_07_23,headset,Sony MDR-EX37B/BLK,Sony,MDR-EX37B/BLK,headset:sony:mdr-ex37b-blk,curated_alias,reference_only_needs_verification,needs_review,False,1,Black;Silver,False,in_ear,False,False,closed,"6,23",general,communication,100.0,118.0,frequency_units_ambiguous;unverified_reference_source
27f0e57aac80379e2aa4,docyx_pc_part_dataset_2025_07_23,headset,Sony MDR-EX37B/YLW,Sony,MDR-EX37B/YLW,headset:sony:mdr-ex37b-ylw,curated_alias,reference_only_needs_verification,needs_review,False,1,Black;Yellow,False,in_ear,False,False,closed,"6,23",general,communication,100.0,118.0,frequency_units_ambiguous;unverified_reference_source
571a263886cc70b57b59,docyx_pc_part_dataset_2025_07_23,headset,Sony MDR-EX38iP/BLK,Sony,MDR-EX38iP/BLK,headset:sony:mdr-ex38ip-blk,curated_alias,reference_only_needs_verification,needs_review,False,1,Black,False,in_ear,False,False,closed,"6,23",general,communication,100.0,118.0,frequency_units_ambiguous;unverified_reference_source
3ee74b850f328d62d427,docyx_pc_part_dataset_2025_07_23,headset,Sony MDR-EX38iP/WHI,Sony,MDR-EX38iP/WHI,headset:sony:mdr-ex38ip-whi,curated_alias,reference_only_needs_verification,needs_review,False,1,White,False,in_ear,False,False,closed,"6,23",general,communication,100.0,118.0,frequency_units_ambiguous;unverified_reference_source
7fa4b62ef17b7467131f,docyx_pc_part_dataset_2025_07_23,headset,Sony MDR-EX40LP,Sony,MDR-EX40LP,headset:sony:mdr-ex40lp,curated_alias,reference_only_needs_verification,needs_review,False,1,Black,False,in_ear,False,False,closed,,general,communication,100.0,118.0,unverified_reference_source
106dac6ac0829ba43c8a,docyx_pc_part_dataset_2025_07_23,headset,Sony MDR-EX58V/BLK,Sony,MDR-EX58V/BLK,headset:sony:mdr-ex58v-blk,curated_alias,reference_only_needs_verification,needs_review,False,1,Black;Silver,False,in_ear,False,False,closed,"5,23",general,communication,100.0,118.0,frequency_units_ambiguous;unverified_reference_source
b4cbe451f1f9c3b39860,docyx_pc_part_dataset_2025_07_23,headset,Sony MDR-EX58V/BLU,Sony,MDR-EX58V/BLU,headset:sony:mdr-ex58v-blu,curated_alias,reference_only_needs_verification,needs_review,False,1,Black;Blue,False,in_ear,False,False,closed,"5,23",general,communication,100.0,118.0,frequency_units_ambiguous;unverified_reference_source
df6e5f6637814c54b14b,docyx_pc_part_dataset_2025_07_23,headset,Sony MDR-EX58V/RED,Sony,MDR-EX58V/RED,headset:sony:mdr-ex58v-red,curated_alias,reference_only_needs_verification,needs_review,False,1,Black;Red,False,in_ear,False,False,closed,"5,23",general,communication,100.0,118.0,frequency_units_ambiguous;unverified_reference_source
6cca088f3324620f4233,docyx_pc_part_dataset_2025_07_23,headset,Sony MDR-EX58V/VLT,Sony,MDR-EX58V/VLT,headset:sony:mdr-ex58v-vlt,curated_alias,reference_only_needs_verification,needs_review,False,1,Black;Purple,False,in_ear,False,False,closed,"5,23",general,communication,100.0,118.0,frequency_units_ambiguous;unverified_reference_source
90ac585ac062767687d5,docyx_pc_part_dataset_2025_07_23,headset,Sony MDR-EX58V/WHI,Sony,MDR-EX58V/WHI,headset:sony:mdr-ex58v-whi,curated_alias,reference_only_needs_verification,needs_review,False,1,White,False,in_ear,False,False,closed,"5,23",general,communication,100.0,118.0,frequency_units_ambiguous;unverified_reference_source
45b158001991ae7d5885,docyx_pc_part_dataset_2025_07_23,headset,Sony MDR-G45LP,Sony,MDR-G45LP,headset:sony:mdr-g45lp,curated_alias,reference_only_needs_verification,needs_review,False,1,Black,False,on_ear,False,False,closed,"16,20",general,communication,100.0,118.0,frequency_units_ambiguous;unverified_reference_source
e7995d1066ff75d9dfa5,docyx_pc_part_dataset_2025_07_23,headset,Sony MDR-IF240RK,Sony,MDR-IF240RK,headset:sony:mdr-if240rk,curated_alias,reference_only_needs_verification,needs_review,False,1,Black;Silver,False,on_ear,False,True,closed,"18,22",general;portable,portable,100.0,118.0,frequency_units_ambiguous;unverified_reference_source
0f3505edad39d9a05510,docyx_pc_part_dataset_2025_07_23,headset,Sony MDR-IF245RK,Sony,MDR-IF245RK,headset:sony:mdr-if245rk,curated_alias,reference_only_needs_verification,needs_review,False,1,Black,False,on_ear,False,False,closed,"10,24",general,communication,100.0,118.0,frequency_units_ambiguous;unverified_reference_source
84f020e5bce91950780a,docyx_pc_part_dataset_2025_07_23,headset,Sony MDR-J10,Sony,MDR-J10,headset:sony:mdr-j10,curated_alias,reference_only_needs_verification,needs_review,False,1,Pink,False,in_ear,False,False,closed,,general,communication,100.0,118.0,unverified_reference_source
404acf7abb5ffce026a4,docyx_pc_part_dataset_2025_07_23,headset,Sony MDR-J10/BLACK,Sony,MDR-J10/BLACK,headset:sony:mdr-j10-black,curated_alias,reference_only_needs_verification,needs_review,False,1,Black,False,in_ear,False,False,closed,"20,20",general,communication,100.0,118.0,frequency_units_ambiguous;unverified_reference_source
573b7f9612c74a3c0486,docyx_pc_part_dataset_2025_07_23,headset,Sony MDR-J10/BLUE,Sony,MDR-J10/BLUE,headset:sony:mdr-j10-blue,curated_alias,reference_only_needs_verification,needs_review,False,2,Blue;Green,False,in_ear,False,False,closed,"20,20",general,communication,100.0,118.0,frequency_units_ambiguous;unverified_reference_source;identity_duplicates_collapsed
f6a327933511625c8c92,docyx_pc_part_dataset_2025_07_23,headset,Sony MDR-J20/SILVER,Sony,MDR-J20/SILVER,headset:sony:mdr-j20-silver,curated_alias,reference_only_needs_verification,needs_review,False,1,Black;Silver,False,in_ear,False,False,closed,"16,24",general,communication,100.0,118.0,frequency_units_ambiguous;unverified_reference_source
f2aa4ed52c5074a2efc8,docyx_pc_part_dataset_2025_07_23,headset,Sony MDR-NC13,Sony,MDR-NC13,headset:sony:mdr-nc13,curated_alias,reference_only_needs_verification,needs_review,False,1,Black,False,in_ear,False,False,closed,"10,22",general,communication,100.0,118.0,frequency_units_ambiguous;unverified_reference_source
a2ace18ef870948614f4,docyx_pc_part_dataset_2025_07_23,headset,Sony MDR-NC22/BLK,Sony,MDR-NC22/BLK,headset:sony:mdr-nc22-blk,curated_alias,reference_only_needs_verification,needs_review,False,1,Black;Silver,False,in_ear,False,False,closed,"8,22",general,communication,100.0,118.0,frequency_units_ambiguous;unverified_reference_source
1966d8e5fe8fdc3e4839,docyx_pc_part_dataset_2025_07_23,headset,Sony MDR-PQ1,Sony,MDR-PQ1,headset:sony:mdr-pq1,curated_alias,reference_only_needs_verification,needs_review,False,1,Black;Pink,False,over_ear,False,False,closed,"8,25",general,communication,100.0,118.0,frequency_units_ambiguous;unverified_reference_source
d1b362a6104dc5a82f72,docyx_pc_part_dataset_2025_07_23,headset,Sony MDR-PQ2/Z,Sony,MDR-PQ2/Z,headset:sony:mdr-pq2-z,curated_alias,reference_only_needs_verification,needs_review,False,1,Brown,False,on_ear,False,False,closed,"10,24",general,communication,100.0,118.0,frequency_units_ambiguous;unverified_reference_source
205e35014094e4306e6f,docyx_pc_part_dataset_2025_07_23,headset,Sony MDR-Q68LW,Sony,MDR-Q68LW,headset:sony:mdr-q68lw,curated_alias,reference_only_needs_verification,needs_review,False,1,Black,False,on_ear,False,False,closed,"16,24",general,communication,100.0,118.0,frequency_units_ambiguous;unverified_reference_source
87c7026d4c45c6a95d88,docyx_pc_part_dataset_2025_07_23,headset,Sony MDR-RF810RK,Sony,MDR-RF810RK,headset:sony:mdr-rf810rk,curated_alias,reference_only_needs_verification,needs_review,False,1,Black,False,over_ear,False,True,closed,"20,20",general;portable,portable,100.0,118.0,frequency_units_ambiguous;unverified_reference_source
1a1ffd0a9e48c412f953,docyx_pc_part_dataset_2025_07_23,headset,Sony MDR-RF925RK,Sony,MDR-RF925RK,headset:sony:mdr-rf925rk,curated_alias,reference_only_needs_verification,needs_review,False,1,Black;White,False,over_ear,False,True,closed,"20,20",general;portable,portable,100.0,118.0,frequency_units_ambiguous;unverified_reference_source
3e3ef1e27f471b73f90e,docyx_pc_part_dataset_2025_07_23,headset,Sony MDR-RF985RK,Sony,MDR-RF985RK,headset:sony:mdr-rf985rk,curated_alias,reference_only_needs_verification,needs_review,False,1,Black,False,over_ear,False,True,closed,"10,220",general;portable,portable,100.0,118.0,frequency_units_ambiguous;unverified_reference_source
ecf26039a812e3fa0be0,docyx_pc_part_dataset_2025_07_23,headset,Sony MDR-V150,Sony,MDR-V150,headset:sony:mdr-v150,curated_alias,reference_only_needs_verification,needs_review,False,1,Black,False,on_ear,False,False,closed,"18,22",general,communication,100.0,118.0,frequency_units_ambiguous;unverified_reference_source
924029cb5f5db8fa5b88,docyx_pc_part_dataset_2025_07_23,headset,Sony MDR-V250V,Sony,MDR-V250V,headset:sony:mdr-v250v,curated_alias,reference_only_needs_verification,needs_review,False,1,Black,False,on_ear,False,False,closed,"18,22",general,communication,100.0,118.0,frequency_units_ambiguous;unverified_reference_source
97722d21193b552173cf,docyx_pc_part_dataset_2025_07_23,headset,Sony MDR-V55/WHI,Sony,MDR-V55/WHI,headset:sony:mdr-v55-whi,curated_alias,reference_only_needs_verification,needs_review,False,1,White,False,on_ear,False,False,closed,"5,25",general,communication,100.0,118.0,frequency_units_ambiguous;unverified_reference_source
e8c10e7f342d42187662,docyx_pc_part_dataset_2025_07_23,headset,Sony MDR-V6,Sony,MDR-V6,headset:sony:mdr-v6,curated_alias,reference_only_needs_verification,needs_review,False,1,Black,False,over_ear,False,False,closed,"5,30",general,communication,100.0,118.0,frequency_units_ambiguous;unverified_reference_source
5c43420584d3d3ccc964,docyx_pc_part_dataset_2025_07_23,headset,Sony MDR-W08L,Sony,MDR-W08L,headset:sony:mdr-w08l,curated_alias,reference_only_needs_verification,needs_review,False,1,Black,False,in_ear,False,False,closed,"20,20",general,communication,100.0,118.0,frequency_units_ambiguous;unverified_reference_source
730da5c9369cf558f445,docyx_pc_part_dataset_2025_07_23,headset,Sony MDR-X05/BR,Sony,MDR-X05/BR,headset:sony:mdr-x05-br,curated_alias,reference_only_needs_verification,needs_review,False,1,Black;Red,False,on_ear,False,False,closed,"4,24",general,communication,100.0,118.0,frequency_units_ambiguous;unverified_reference_source
58f9f1c9a068a64e1ed3,docyx_pc_part_dataset_2025_07_23,headset,Sony MDR-X05/RB,Sony,MDR-X05/RB,headset:sony:mdr-x05-rb,curated_alias,reference_only_needs_verification,needs_review,False,1,Black;Red,False,on_ear,False,False,closed,"4,24",general,communication,100.0,118.0,frequency_units_ambiguous;unverified_reference_source
e3678e89a0eca71cc214,docyx_pc_part_dataset_2025_07_23,headset,Sony MDR-X05/WS,Sony,MDR-X05/WS,headset:sony:mdr-x05-ws,curated_alias,reference_only_needs_verification,needs_review,False,1,White,False,on_ear,False,False,closed,"4,24",general,communication,100.0,118.0,frequency_units_ambiguous;unverified_reference_source
aaa1f99bc54ac88e2a3e,docyx_pc_part_dataset_2025_07_23,headset,Sony MDR-X10/RED,Sony,MDR-X10/RED,headset:sony:mdr-x10-red,curated_alias,reference_only_needs_verification,needs_review,False,1,Red;White,False,on_ear,False,False,closed,"3,29",general,communication,100.0,118.0,frequency_units_ambiguous;unverified_reference_source
23e17ca94eb98dde7e02,docyx_pc_part_dataset_2025_07_23,headset,Sony MDR-XB200,Sony,MDR-XB200,headset:sony:mdr-xb200,curated_alias,reference_only_needs_verification,needs_review,False,1,Black;Pink,False,on_ear,False,False,closed,"5,22",general,communication,100.0,118.0,frequency_units_ambiguous;unverified_reference_source
ba7b31036fc4788d7fa3,docyx_pc_part_dataset_2025_07_23,headset,Sony MDR-XB300,Sony,MDR-XB300,headset:sony:mdr-xb300,curated_alias,reference_only_needs_verification,needs_review,False,1,Black;Silver,False,on_ear,False,False,closed,"5,22",general,communication,100.0,118.0,frequency_units_ambiguous;unverified_reference_source
ef78aee21cd62c84630f,docyx_pc_part_dataset_2025_07_23,headset,Sony MDR-XB400/BLK,Sony,MDR-XB400/BLK,headset:sony:mdr-xb400-blk,curated_alias,reference_only_needs_verification,needs_review,False,1,Black,False,on_ear,False,False,closed,"5,22",general,communication,100.0,118.0,frequency_units_ambiguous;unverified_reference_source
102aaca9295bb4a6f0e2,docyx_pc_part_dataset_2025_07_23,headset,Sony MDR-XB400/BLU,Sony,MDR-XB400/BLU,headset:sony:mdr-xb400-blu,curated_alias,reference_only_needs_verification,needs_review,False,1,Blue,False,on_ear,False,False,closed,"5,22",general,communication,100.0,118.0,frequency_units_ambiguous;unverified_reference_source
30e9db51d06d9f57af27,docyx_pc_part_dataset_2025_07_23,headset,Sony MDR-XB400/GRN,Sony,MDR-XB400/GRN,headset:sony:mdr-xb400-grn,curated_alias,reference_only_needs_verification,needs_review,False,1,Green,False,on_ear,False,False,closed,"5,22",general,communication,100.0,118.0,frequency_units_ambiguous;unverified_reference_source
cc7bd9d726695465e01f,docyx_pc_part_dataset_2025_07_23,headset,Sony MDR-XB400/PNK,Sony,MDR-XB400/PNK,headset:sony:mdr-xb400-pnk,curated_alias,reference_only_needs_verification,needs_review,False,1,Black;Pink,False,on_ear,False,False,closed,"5,22",general,communication,100.0,118.0,frequency_units_ambiguous;unverified_reference_source
9ce26b69400a448acba3,docyx_pc_part_dataset_2025_07_23,headset,Sony MDR-XB500,Sony,MDR-XB500,headset:sony:mdr-xb500,curated_alias,reference_only_needs_verification,needs_review,False,1,Black;Silver,False,on_ear,False,False,closed,"4,24",general,communication,100.0,118.0,frequency_units_ambiguous;unverified_reference_source
951b5781c9b5f57e8eec,docyx_pc_part_dataset_2025_07_23,headset,Sony MDR-XB600,Sony,MDR-XB600,headset:sony:mdr-xb600,curated_alias,reference_only_needs_verification,needs_review,False,1,Black;Brown,False,on_ear,False,False,closed,"4,24",general,communication,100.0,118.0,frequency_units_ambiguous;unverified_reference_source
e6c98a2b2b2819b1bd04,docyx_pc_part_dataset_2025_07_23,headset,Sony MDR-XB800,Sony,MDR-XB800,headset:sony:mdr-xb800,curated_alias,reference_only_needs_verification,needs_review,False,1,Black;Silver,False,on_ear,False,False,closed,"3,28",general,communication,100.0,118.0,frequency_units_ambiguous;unverified_reference_source
c59ba4c9d9b54277b0ba,docyx_pc_part_dataset_2025_07_23,headset,Sony MDR-XB920/B,Sony,MDR-XB920/B,headset:sony:mdr-xb920-b,curated_alias,reference_only_needs_verification,needs_review,False,1,Black;Silver,False,on_ear,False,False,closed,"3,28",general,communication,100.0,118.0,frequency_units_ambiguous;unverified_reference_source
3b5b0f84160fc9e6e94e,docyx_pc_part_dataset_2025_07_23,headset,Sony MDR-XD100,Sony,MDR-XD100,headset:sony:mdr-xd100,curated_alias,reference_only_needs_verification,needs_review,False,1,Black;Silver,False,over_ear,False,False,closed,"12,22",general,communication,100.0,118.0,frequency_units_ambiguous;unverified_reference_source
d11316613a913d867ecd,docyx_pc_part_dataset_2025_07_23,headset,Sony MDR-XD200,Sony,MDR-XD200,headset:sony:mdr-xd200,curated_alias,reference_only_needs_verification,needs_review,False,1,Black;Silver,False,on_ear,False,False,closed,"10,22",general,communication,100.0,118.0,frequency_units_ambiguous;unverified_reference_source
8053e4587252a501e5a1,docyx_pc_part_dataset_2025_07_23,headset,Sony MDR-ZX100/BLK,Sony,MDR-ZX100/BLK,headset:sony:mdr-zx100-blk,curated_alias,reference_only_needs_verification,needs_review,False,1,Black,False,on_ear,False,False,closed,"12,22",general,communication,100.0,118.0,frequency_units_ambiguous;unverified_reference_source
0218262cf6b5c2dfb5bf,docyx_pc_part_dataset_2025_07_23,headset,Sony MDR-ZX100/WHT,Sony,MDR-ZX100/WHT,headset:sony:mdr-zx100-wht,curated_alias,reference_only_needs_verification,needs_review,False,1,White,False,on_ear,False,False,closed,"12,22",general,communication,100.0,118.0,frequency_units_ambiguous;unverified_reference_source
90aebdbb16a7f75d4993,docyx_pc_part_dataset_2025_07_23,headset,Sony MDR-ZX300/BLK,Sony,MDR-ZX300/BLK,headset:sony:mdr-zx300-blk,curated_alias,reference_only_needs_verification,needs_review,False,1,Black,False,on_ear,False,False,closed,"10,24",general,communication,100.0,118.0,frequency_units_ambiguous;unverified_reference_source
04eb530a2a697455ae2a,docyx_pc_part_dataset_2025_07_23,headset,Sony MDR-ZX300/BLUE,Sony,MDR-ZX300/BLUE,headset:sony:mdr-zx300-blue,curated_alias,reference_only_needs_verification,needs_review,False,1,Black;Blue,False,on_ear,False,False,closed,"10,24",general,communication,100.0,118.0,frequency_units_ambiguous;unverified_reference_source
4f99238c68680155f927,docyx_pc_part_dataset_2025_07_23,headset,Sony MDR-ZX310B,Sony,MDR-ZX310B,headset:sony:mdr-zx310b,curated_alias,reference_only_needs_verification,needs_review,False,1,Black,False,on_ear,False,False,closed,"10,24",general,communication,100.0,118.0,frequency_units_ambiguous;unverified_reference_source
01b896bd60cb28754418,docyx_pc_part_dataset_2025_07_23,headset,Sony MDR-ZX500,Sony,MDR-ZX500,headset:sony:mdr-zx500,curated_alias,reference_only_needs_verification,needs_review,False,1,Black,False,over_ear,False,False,closed,"8,25",general,communication,100.0,118.0,frequency_units_ambiguous;unverified_reference_source
42e39aa4e32c2c1172d8,docyx_pc_part_dataset_2025_07_23,headset,Sony MDR-ZX600/WHI,Sony,MDR-ZX600/WHI,headset:sony:mdr-zx600-whi,curated_alias,reference_only_needs_verification,needs_review,False,1,White,False,on_ear,False,False,closed,"6,25",general,communication,100.0,118.0,frequency_units_ambiguous;unverified_reference_source
e5c9e8cfc3e075e02821,docyx_pc_part_dataset_2025_07_23,headset,Sony MDR-ZX700,Sony,MDR-ZX700,headset:sony:mdr-zx700,curated_alias,reference_only_needs_verification,needs_review,False,1,Black,False,on_ear,False,False,closed,"5,40",general,communication,100.0,118.0,frequency_units_ambiguous;unverified_reference_source
a67c8ef8853ac6f23ba0,docyx_pc_part_dataset_2025_07_23,headset,Sony MDR1R,Sony,MDR1R,headset:sony:mdr1r,curated_alias,reference_only_needs_verification,needs_review,False,1,Black,False,over_ear,False,False,closed,"4,80",general,communication,100.0,118.0,frequency_units_ambiguous;unverified_reference_source
147ce5901ee51c1a5e60,docyx_pc_part_dataset_2025_07_23,headset,Sony MDR210LP,Sony,MDR210LP,headset:sony:mdr210lp,curated_alias,reference_only_needs_verification,needs_review,False,1,Black,False,on_ear,False,False,closed,"14,20",general,communication,100.0,118.0,frequency_units_ambiguous;unverified_reference_source
c7270846397a498931ec,docyx_pc_part_dataset_2025_07_23,headset,Sony MDR222KD/PIN,Sony,MDR222KD/PIN,headset:sony:mdr222kd-pin,curated_alias,reference_only_needs_verification,needs_review,False,1,Black;Pink,False,on_ear,False,False,closed,"14,20",general,communication,100.0,118.0,frequency_units_ambiguous;unverified_reference_source
f5908a9134c46c1a1e8a,docyx_pc_part_dataset_2025_07_23,headset,Sony MDR7520,Sony,MDR7520,headset:sony:mdr7520,curated_alias,reference_only_needs_verification,needs_review,False,1,Black,False,on_ear,False,False,closed,"5,80",general,communication,100.0,118.0,frequency_units_ambiguous;unverified_reference_source
f427239cc1c6597d3609,docyx_pc_part_dataset_2025_07_23,headset,Sony MDRAS200/ORG,Sony,MDRAS200/ORG,headset:sony:mdras200-org,curated_alias,reference_only_needs_verification,needs_review,False,1,Black;Orange,False,in_ear,False,False,closed,"17,22",general,communication,100.0,118.0,frequency_units_ambiguous;unverified_reference_source
08b54229616a34b4e28d,docyx_pc_part_dataset_2025_07_23,headset,Sony MDRAS200B,Sony,MDRAS200B,headset:sony:mdras200b,curated_alias,reference_only_needs_verification,needs_review,False,1,Black,False,in_ear,False,False,closed,"17,22",general,communication,100.0,118.0,frequency_units_ambiguous;unverified_reference_source
4a7378ff30378f0fa1ef,docyx_pc_part_dataset_2025_07_23,headset,Sony MDRAS200BL,Sony,MDRAS200BL,headset:sony:mdras200bl,curated_alias,reference_only_needs_verification,needs_review,False,1,Black;Blue,False,in_ear,False,False,closed,"17,22",general,communication,100.0,118.0,frequency_units_ambiguous;unverified_reference_source
a9aece48bc352ccaa518,docyx_pc_part_dataset_2025_07_23,headset,Sony MDRAS200BLK,Sony,MDRAS200BLK,headset:sony:mdras200blk,curated_alias,reference_only_needs_verification,needs_review,False,1,Black,False,in_ear,False,False,closed,,general,communication,100.0,118.0,unverified_reference_source
68727fd04ed63fb59cbe,docyx_pc_part_dataset_2025_07_23,headset,Sony MDRAS200G,Sony,MDRAS200G,headset:sony:mdras200g,curated_alias,reference_only_needs_verification,needs_review,False,1,Black;Green,False,in_ear,False,False,closed,"17,22",general,communication,100.0,118.0,frequency_units_ambiguous;unverified_reference_source
07f5ebd7daf1edc8c10e,docyx_pc_part_dataset_2025_07_23,headset,Sony MDRAS200O,Sony,MDRAS200O,headset:sony:mdras200o,curated_alias,reference_only_needs_verification,needs_review,False,1,Black;Orange,False,in_ear,False,False,closed,"17,22",general,communication,100.0,118.0,frequency_units_ambiguous;unverified_reference_source
3c2d8bc9125be90094a3,docyx_pc_part_dataset_2025_07_23,headset,Sony MDRAS200PK,Sony,MDRAS200PK,headset:sony:mdras200pk,curated_alias,reference_only_needs_verification,needs_review,False,1,Black;Pink,False,in_ear,False,False,closed,"17,22",general,communication,100.0,118.0,frequency_units_ambiguous;unverified_reference_source
fc59ad9e2b554ff97f28,docyx_pc_part_dataset_2025_07_23,headset,Sony MDRAS200PNK,Sony,MDRAS200PNK,headset:sony:mdras200pnk,curated_alias,reference_only_needs_verification,needs_review,False,1,Pink,False,in_ear,False,False,closed,,general,communication,100.0,118.0,unverified_reference_source
3cec5c27d00f09eadb8f,docyx_pc_part_dataset_2025_07_23,headset,Sony MDRAS200W,Sony,MDRAS200W,headset:sony:mdras200w,curated_alias,reference_only_needs_verification,needs_review,False,1,White,False,in_ear,False,False,closed,"17,22",general,communication,100.0,118.0,frequency_units_ambiguous;unverified_reference_source
71efd2302d34bbe9b706,docyx_pc_part_dataset_2025_07_23,headset,Sony MDRAS20J/WHI,Sony,MDRAS20J/WHI,headset:sony:mdras20j-whi,curated_alias,reference_only_needs_verification,needs_review,False,1,White,False,in_ear,False,False,closed,,general,communication,100.0,118.0,unverified_reference_source
7bf9f87810d44408f64c,docyx_pc_part_dataset_2025_07_23,headset,Sony MDRAS30G,Sony,MDRAS30G,headset:sony:mdras30g,curated_alias,reference_only_needs_verification,needs_review,False,1,Black;Silver,False,on_ear,False,False,closed,"14,23",general,communication,100.0,118.0,frequency_units_ambiguous;unverified_reference_source
b9c8dc2bf235ca90444e,docyx_pc_part_dataset_2025_07_23,headset,Sony MDRAS35W,Sony,MDRAS35W,headset:sony:mdras35w,curated_alias,reference_only_needs_verification,needs_review,False,1,Black;Silver,False,in_ear,False,False,closed,"18,22",general,communication,100.0,118.0,frequency_units_ambiguous;unverified_reference_source
48e6ae54469026f9a8b7,docyx_pc_part_dataset_2025_07_23,headset,Sony MDRAS40EX,Sony,MDRAS40EX,headset:sony:mdras40ex,curated_alias,reference_only_needs_verification,needs_review,False,1,Black;Silver,False,in_ear,False,False,closed,"10,23",general,communication,100.0,118.0,frequency_units_ambiguous;unverified_reference_source
9d17b0ee6681bd7f8928,docyx_pc_part_dataset_2025_07_23,headset,Sony MDRDS6500,Sony,MDRDS6500,headset:sony:mdrds6500,curated_alias,reference_only_needs_verification,needs_review,False,1,Black;Silver,False,over_ear,False,True,closed,"12,22",general;portable,portable,100.0,118.0,frequency_units_ambiguous;unverified_reference_source
e9bdcb03edd9d4422c61,docyx_pc_part_dataset_2025_07_23,headset,Sony MDRE9LP/GRAY,Sony,MDRE9LP/GRAY,headset:sony:mdre9lp-gray,curated_alias,reference_only_needs_verification,needs_review,False,1,Translucent Black,False,in_ear,False,False,closed,"18,22",general,communication,100.0,118.0,frequency_units_ambiguous;unverified_reference_source
610c116c9ddeeeb82484,docyx_pc_part_dataset_2025_07_23,headset,Sony MDRE9LP/GRN,Sony,MDRE9LP/GRN,headset:sony:mdre9lp-grn,curated_alias,reference_only_needs_verification,needs_review,False,1,Green;White,False,in_ear,False,False,closed,"18,22",general,communication,100.0,118.0,frequency_units_ambiguous;unverified_reference_source
f52cbf6cb3e394499aff,docyx_pc_part_dataset_2025_07_23,headset,Sony MDRE9LP/PNK,Sony,MDRE9LP/PNK,headset:sony:mdre9lp-pnk,curated_alias,reference_only_needs_verification,needs_review,False,1,Green;White,False,in_ear,False,False,closed,"18,22",general,communication,100.0,118.0,frequency_units_ambiguous;unverified_reference_source
76dada498eaab68dc3bb,docyx_pc_part_dataset_2025_07_23,headset,Sony MDRE9LP/RED,Sony,MDRE9LP/RED,headset:sony:mdre9lp-red,curated_alias,reference_only_needs_verification,needs_review,False,1,Red;White,False,in_ear,False,False,closed,"18,22",general,communication,100.0,118.0,frequency_units_ambiguous;unverified_reference_source
90de969e1be79408d6b2,docyx_pc_part_dataset_2025_07_23,headset,Sony MDRE9LP/VLT,Sony,MDRE9LP/VLT,headset:sony:mdre9lp-vlt,curated_alias,reference_only_needs_verification,needs_review,False,1,Purple;White,False,in_ear,False,False,closed,"18,22",general,communication,100.0,118.0,frequency_units_ambiguous;unverified_reference_source
a28c1b03d160ab8f7108,docyx_pc_part_dataset_2025_07_23,headset,Sony MDRED12LP/SILVER,Sony,MDRED12LP/SILVER,headset:sony:mdred12lp-silver,curated_alias,reference_only_needs_verification,needs_review,False,1,Black;Silver,False,in_ear,False,False,closed,,general,communication,100.0,118.0,unverified_reference_source
9e708a6fb717d048b86e,docyx_pc_part_dataset_2025_07_23,headset,Sony MDRED12LP/SLV,Sony,MDRED12LP/SLV,headset:sony:mdred12lp-slv,curated_alias,reference_only_needs_verification,needs_review,False,1,Black;Silver,False,in_ear,False,False,closed,"8,22",general,communication,100.0,118.0,frequency_units_ambiguous;unverified_reference_source
192c8c91fcd80e380881,docyx_pc_part_dataset_2025_07_23,headset,Sony MDREX100APL,Sony,MDREX100APL,headset:sony:mdrex100apl,curated_alias,reference_only_needs_verification,needs_review,False,1,Black;Blue,False,in_ear,False,False,closed,"5,24",general,communication,100.0,118.0,frequency_units_ambiguous;unverified_reference_source
cfb6919756b4f3cca2fe,docyx_pc_part_dataset_2025_07_23,headset,Sony MDREX100APP,Sony,MDREX100APP,headset:sony:mdrex100app,curated_alias,reference_only_needs_verification,needs_review,False,1,Black;Pink,False,in_ear,False,False,closed,"5,24",general,communication,100.0,118.0,frequency_units_ambiguous;unverified_reference_source
45491a07756a01ef2996,docyx_pc_part_dataset_2025_07_23,headset,Sony MDREX100IPB,Sony,MDREX100IPB,headset:sony:mdrex100ipb,curated_alias,reference_only_needs_verification,needs_review,False,1,Black;Silver,False,in_ear,False,False,closed,"5,24",general,communication,100.0,118.0,frequency_units_ambiguous;unverified_reference_source
1cb282dd616d5bef4463,docyx_pc_part_dataset_2025_07_23,headset,Sony MDREX100IPW,Sony,MDREX100IPW,headset:sony:mdrex100ipw,curated_alias,reference_only_needs_verification,needs_review,False,1,White,False,in_ear,False,False,closed,"5,24",general,communication,100.0,118.0,frequency_units_ambiguous;unverified_reference_source
8ea1360485e265ccec25,docyx_pc_part_dataset_2025_07_23,headset,Sony MDREX10LP/PNK,Sony,MDREX10LP/PNK,headset:sony:mdrex10lp-pnk,curated_alias,reference_only_needs_verification,needs_review,False,1,Pink;White,False,in_ear,False,False,closed,,general,communication,100.0,118.0,unverified_reference_source
4d211675ec9ea735bac3,docyx_pc_part_dataset_2025_07_23,headset,Sony MDREX10LP/RED,Sony,MDREX10LP/RED,headset:sony:mdrex10lp-red,curated_alias,reference_only_needs_verification,needs_review,False,1,Red;White,False,in_ear,False,False,closed,"8,22",general,communication,100.0,118.0,frequency_units_ambiguous;unverified_reference_source
598e3c863572f43b7229,docyx_pc_part_dataset_2025_07_23,headset,Sony MDREX10LP/VLT,Sony,MDREX10LP/VLT,headset:sony:mdrex10lp-vlt,curated_alias,reference_only_needs_verification,needs_review,False,1,Purple;White,False,in_ear,False,False,closed,"8,22",general,communication,100.0,118.0,frequency_units_ambiguous;unverified_reference_source
1a7a0e19cd7d5f979a2c,docyx_pc_part_dataset_2025_07_23,headset,Sony MDREX10LP/WHI,Sony,MDREX10LP/WHI,headset:sony:mdrex10lp-whi,curated_alias,reference_only_needs_verification,needs_review,False,1,White,False,in_ear,False,False,closed,"8,22",general,communication,100.0,118.0,frequency_units_ambiguous;unverified_reference_source
8f2ea44ec4dbb2e8cd07,docyx_pc_part_dataset_2025_07_23,headset,Sony MDREX25LPBLU,Sony,MDREX25LPBLU,headset:sony:mdrex25lpblu,curated_alias,reference_only_needs_verification,needs_review,False,1,Blue;White,False,in_ear,False,False,closed,"6,23",general,communication,100.0,118.0,frequency_units_ambiguous;unverified_reference_source
2c42152f60219ed3d005,docyx_pc_part_dataset_2025_07_23,headset,Sony MDREX25LPPNK,Sony,MDREX25LPPNK,headset:sony:mdrex25lppnk,curated_alias,reference_only_needs_verification,needs_review,False,1,Pink,False,in_ear,False,False,closed,"6,23",general,communication,100.0,118.0,frequency_units_ambiguous;unverified_reference_source
8332f244d8cfdb9e1719,docyx_pc_part_dataset_2025_07_23,headset,Sony MDREX25LPVLT,Sony,MDREX25LPVLT,headset:sony:mdrex25lpvlt,curated_alias,reference_only_needs_verification,needs_review,False,1,Purple,False,in_ear,False,False,closed,"6,23",general,communication,100.0,118.0,frequency_units_ambiguous;unverified_reference_source
d7dd4dff858bb4a6e72d,docyx_pc_part_dataset_2025_07_23,headset,Sony MDREX37B/BLU,Sony,MDREX37B/BLU,headset:sony:mdrex37b-blu,curated_alias,reference_only_needs_verification,needs_review,False,1,Black;Blue,False,in_ear,False,False,closed,"6,23",general,communication,100.0,118.0,frequency_units_ambiguous;unverified_reference_source
b107f62870538d05e14b,docyx_pc_part_dataset_2025_07_23,headset,Sony MDREX37B/RED,Sony,MDREX37B/RED,headset:sony:mdrex37b-red,curated_alias,reference_only_needs_verification,needs_review,False,1,Black;Blue,False,in_ear,False,False,closed,"6,23",general,communication,100.0,118.0,frequency_units_ambiguous;unverified_reference_source
0b37f9d7223440c429e0,docyx_pc_part_dataset_2025_07_23,headset,Sony MDREX38IP/BQ(U),Sony,MDREX38IP/BQ(U),headset:sony:mdrex38ip-bq-u,curated_alias,reference_only_needs_verification,needs_review,False,1,Black,False,in_ear,False,False,closed,,general,communication,100.0,118.0,unverified_reference_source
0995ab0cc077043dda00,docyx_pc_part_dataset_2025_07_23,headset,Sony MDREX38IP/WQ(U),Sony,MDREX38IP/WQ(U),headset:sony:mdrex38ip-wq-u,curated_alias,reference_only_needs_verification,needs_review,False,1,White,False,in_ear,False,False,closed,,general,communication,100.0,118.0,unverified_reference_source
1f94bbb0e5f5cdd7b748,docyx_pc_part_dataset_2025_07_23,headset,Sony MDREX38iP/BLK EX,Sony,MDREX38iP/BLK EX,headset:sony:mdrex38ip-blk-ex,curated_alias,reference_only_needs_verification,needs_review,False,1,Black,False,in_ear,False,False,closed,,general,communication,100.0,118.0,unverified_reference_source
c6900001ed054f6c09e0,docyx_pc_part_dataset_2025_07_23,headset,Sony MDREX40LP/BLU,Sony,MDREX40LP/BLU,headset:sony:mdrex40lp-blu,curated_alias,reference_only_needs_verification,needs_review,False,1,Blue;White,False,in_ear,False,False,closed,"6,23",general,communication,100.0,118.0,frequency_units_ambiguous;unverified_reference_source
03f761a36c4c2e28319b,docyx_pc_part_dataset_2025_07_23,headset,Sony MDREX40LP/PNK,Sony,MDREX40LP/PNK,headset:sony:mdrex40lp-pnk,curated_alias,reference_only_needs_verification,needs_review,False,2,Pink,False,in_ear,False,False,closed,"6,23",general,communication,100.0,118.0,frequency_units_ambiguous;unverified_reference_source;identity_duplicates_collapsed
4f3c7562755c3ddd3c66,docyx_pc_part_dataset_2025_07_23,headset,Sony MDREX40LP/VLT,Sony,MDREX40LP/VLT,headset:sony:mdrex40lp-vlt,curated_alias,reference_only_needs_verification,needs_review,False,1,Purple,False,in_ear,False,False,closed,"6,23",general,communication,100.0,118.0,frequency_units_ambiguous;unverified_reference_source
b2583cb8cee72d3a2e4b,docyx_pc_part_dataset_2025_07_23,headset,Sony MDREX40LP/WHI,Sony,MDREX40LP/WHI,headset:sony:mdrex40lp-whi,curated_alias,reference_only_needs_verification,needs_review,False,1,White,False,in_ear,False,False,closed,"6,23",general,communication,100.0,118.0,frequency_units_ambiguous;unverified_reference_source
5004c663d11efe433c3f,docyx_pc_part_dataset_2025_07_23,headset,Sony MDREX58V/BQ,Sony,MDREX58V/BQ,headset:sony:mdrex58v-bq,curated_alias,reference_only_needs_verification,needs_review,False,1,Black,False,in_ear,False,False,closed,"5,23",general,communication,100.0,118.0,frequency_units_ambiguous;unverified_reference_source
e0a64e4b18c1021bb14e,docyx_pc_part_dataset_2025_07_23,headset,Sony MDRJ10/LTPNK,Sony,MDRJ10/LTPNK,headset:sony:mdrj10-ltpnk,curated_alias,reference_only_needs_verification,needs_review,False,1,Pink,False,in_ear,False,False,closed,,general,communication,100.0,118.0,unverified_reference_source
52708eb55db96d60b89d,docyx_pc_part_dataset_2025_07_23,headset,Sony MDRJ10/WHITE,Sony,MDRJ10/WHITE,headset:sony:mdrj10-white,curated_alias,reference_only_needs_verification,needs_review,False,1,White,False,in_ear,False,False,closed,"20,20",general,communication,100.0,118.0,frequency_units_ambiguous;unverified_reference_source
64cdc1dc13c8dec34912,docyx_pc_part_dataset_2025_07_23,headset,Sony MDRMA100,Sony,MDRMA100,headset:sony:mdrma100,curated_alias,reference_only_needs_verification,needs_review,False,1,Black,False,on_ear,False,False,closed,"12,22",general,communication,100.0,118.0,frequency_units_ambiguous;unverified_reference_source
61713ef3bbbff140471d,docyx_pc_part_dataset_2025_07_23,headset,Sony MDRNC100D,Sony,MDRNC100D,headset:sony:mdrnc100d,curated_alias,reference_only_needs_verification,needs_review,False,1,Black,False,in_ear,False,False,closed,"8,23",general,communication,100.0,118.0,frequency_units_ambiguous;unverified_reference_source
acf25b819a844a924aeb,docyx_pc_part_dataset_2025_07_23,headset,Sony MDRNC200D,Sony,MDRNC200D,headset:sony:mdrnc200d,curated_alias,reference_only_needs_verification,needs_review,False,1,Black,False,on_ear,False,False,closed,"8,23",general,communication,100.0,118.0,frequency_units_ambiguous;unverified_reference_source
b7da1c84f433956f7896,docyx_pc_part_dataset_2025_07_23,headset,Sony MDRNC40,Sony,MDRNC40,headset:sony:mdrnc40,curated_alias,reference_only_needs_verification,needs_review,False,1,Black,False,on_ear,False,False,closed,"14,22",general,communication,100.0,118.0,frequency_units_ambiguous;unverified_reference_source
9d0f6b33d4ecb2667ca4,docyx_pc_part_dataset_2025_07_23,headset,Sony MDRNC500D,Sony,MDRNC500D,headset:sony:mdrnc500d,curated_alias,reference_only_needs_verification,needs_review,False,1,Black,False,over_ear,False,False,closed,"5,24",general,communication,100.0,118.0,frequency_units_ambiguous;unverified_reference_source
f62d92e3e3318096128a,docyx_pc_part_dataset_2025_07_23,headset,Sony MDRNC8/B,Sony,MDRNC8/B,headset:sony:mdrnc8-b,curated_alias,reference_only_needs_verification,needs_review,False,1,Black,False,on_ear,False,False,closed,"30,20",general,communication,100.0,118.0,frequency_units_ambiguous;unverified_reference_source
d8352ec973cdd011f14f,docyx_pc_part_dataset_2025_07_23,headset,Sony MDRNC8/BLK,Sony,MDRNC8/BLK,headset:sony:mdrnc8-blk,curated_alias,reference_only_needs_verification,needs_review,False,1,Black,False,on_ear,False,False,closed,"30,20",general,communication,100.0,118.0,frequency_units_ambiguous;unverified_reference_source
d8677f840367136cff01,docyx_pc_part_dataset_2025_07_23,headset,Sony MDRNC8WHI,Sony,MDRNC8WHI,headset:sony:mdrnc8whi,curated_alias,reference_only_needs_verification,needs_review,False,1,White,False,on_ear,False,False,closed,"30,20",general,communication,100.0,118.0,frequency_units_ambiguous;unverified_reference_source
653c62792a842ebafd14,docyx_pc_part_dataset_2025_07_23,headset,Sony MDRPQ2/GRAY,Sony,MDRPQ2/GRAY,headset:sony:mdrpq2-gray,curated_alias,reference_only_needs_verification,needs_review,False,1,Gray,False,over_ear,False,False,closed,"10,24",general,communication,100.0,118.0,frequency_units_ambiguous;unverified_reference_source
5712eef940e0881bbe1d,docyx_pc_part_dataset_2025_07_23,headset,Sony MDRPQ2/GRN,Sony,MDRPQ2/GRN,headset:sony:mdrpq2-grn,curated_alias,reference_only_needs_verification,needs_review,False,1,Green,False,over_ear,False,False,closed,"10,24",general,communication,100.0,118.0,frequency_units_ambiguous;unverified_reference_source
543811adcd537656fffc,docyx_pc_part_dataset_2025_07_23,headset,Sony MDRV55BR,Sony,MDRV55BR,headset:sony:mdrv55br,curated_alias,reference_only_needs_verification,needs_review,False,1,Black;Red,False,over_ear,False,False,closed,"5,25",general,communication,100.0,118.0,frequency_units_ambiguous;unverified_reference_source
fb6672e4700f8cc95707,docyx_pc_part_dataset_2025_07_23,headset,Sony MDRX05BS,Sony,MDRX05BS,headset:sony:mdrx05bs,curated_alias,reference_only_needs_verification,needs_review,False,1,Black;Silver,False,on_ear,False,False,closed,"4,24",general,communication,100.0,118.0,frequency_units_ambiguous;unverified_reference_source
86ac4a6f983ff2ddbd96,docyx_pc_part_dataset_2025_07_23,headset,Sony MDRX05RS,Sony,MDRX05RS,headset:sony:mdrx05rs,curated_alias,reference_only_needs_verification,needs_review,False,1,Red;Silver,False,on_ear,False,False,closed,"4,24",general,communication,100.0,118.0,frequency_units_ambiguous;unverified_reference_source
99c2947a277df351988b,docyx_pc_part_dataset_2025_07_23,headset,Sony MDRX10BLK,Sony,MDRX10BLK,headset:sony:mdrx10blk,curated_alias,reference_only_needs_verification,needs_review,False,1,Black;Silver,False,on_ear,False,False,closed,"3,29",general,communication,100.0,118.0,frequency_units_ambiguous;unverified_reference_source
0d18bc3a0020734bf110,docyx_pc_part_dataset_2025_07_23,headset,Sony MDRXB200/D,Sony,MDRXB200/D,headset:sony:mdrxb200-d,curated_alias,reference_only_needs_verification,needs_review,False,1,Black;Orange,False,on_ear,False,False,closed,"5,22",general,communication,100.0,118.0,frequency_units_ambiguous;unverified_reference_source
4bf5831cd6f7baf7bbc6,docyx_pc_part_dataset_2025_07_23,headset,Sony MDRXB200/L,Sony,MDRXB200/L,headset:sony:mdrxb200-l,curated_alias,reference_only_needs_verification,needs_review,False,1,Black;Blue,False,over_ear,False,False,closed,"5,22",general,communication,100.0,118.0,frequency_units_ambiguous;unverified_reference_source
b4444bdcca268d634f1d,docyx_pc_part_dataset_2025_07_23,headset,Sony MDRXB200/V,Sony,MDRXB200/V,headset:sony:mdrxb200-v,curated_alias,reference_only_needs_verification,needs_review,False,1,Purple;White,False,on_ear,False,False,closed,"5,22",general,communication,100.0,118.0,frequency_units_ambiguous;unverified_reference_source
528cc2beea377e42d72b,docyx_pc_part_dataset_2025_07_23,headset,Sony MDRXB21EX,Sony,MDRXB21EX,headset:sony:mdrxb21ex,curated_alias,reference_only_needs_verification,needs_review,False,1,Black,False,in_ear,False,False,closed,"5,23",general,communication,100.0,118.0,frequency_units_ambiguous;unverified_reference_source
e28632e41c0e39df4804,docyx_pc_part_dataset_2025_07_23,headset,Sony MDRXB400IP,Sony,MDRXB400IP,headset:sony:mdrxb400ip,curated_alias,reference_only_needs_verification,needs_review,False,1,Black;Blue,False,on_ear,False,False,closed,"5,22",general,communication,100.0,118.0,frequency_units_ambiguous;unverified_reference_source
1e3a5bfc00e8a29a24f0,docyx_pc_part_dataset_2025_07_23,headset,Sony MDRXB400VL,Sony,MDRXB400VL,headset:sony:mdrxb400vl,curated_alias,reference_only_needs_verification,needs_review,False,1,Purple;White,False,on_ear,False,False,closed,,general,communication,100.0,118.0,unverified_reference_source
7c5d1841213070946d0c,docyx_pc_part_dataset_2025_07_23,headset,Sony MDRXB920/R,Sony,MDRXB920/R,headset:sony:mdrxb920-r,curated_alias,reference_only_needs_verification,needs_review,False,1,Red;White,False,over_ear,False,False,closed,,general,communication,100.0,118.0,unverified_reference_source
75a595061fc9e9d2631c,docyx_pc_part_dataset_2025_07_23,headset,Sony MDRZX100/WHI,Sony,MDRZX100/WHI,headset:sony:mdrzx100-whi,curated_alias,reference_only_needs_verification,needs_review,False,1,White,False,on_ear,False,False,closed,"12,22",general,communication,100.0,118.0,frequency_units_ambiguous;unverified_reference_source
552bbc1dab0e3466e70d,docyx_pc_part_dataset_2025_07_23,headset,Sony MDRZX100BLU,Sony,MDRZX100BLU,headset:sony:mdrzx100blu,curated_alias,reference_only_needs_verification,needs_review,False,1,Black;Blue,False,on_ear,False,False,closed,"12,22",general,communication,100.0,118.0,frequency_units_ambiguous;unverified_reference_source
de5c3134a54c5aa7cdb6,docyx_pc_part_dataset_2025_07_23,headset,Sony MDRZX100RD,Sony,MDRZX100RD,headset:sony:mdrzx100rd,curated_alias,reference_only_needs_verification,needs_review,False,1,Black;Red,False,on_ear,False,False,closed,"12,22",general,communication,100.0,118.0,frequency_units_ambiguous;unverified_reference_source
52ba24c876d8be213e62,docyx_pc_part_dataset_2025_07_23,headset,Sony MDRZX100RED,Sony,MDRZX100RED,headset:sony:mdrzx100red,curated_alias,reference_only_needs_verification,needs_review,False,1,Black;Red,False,on_ear,False,False,closed,"12,22",general,communication,100.0,118.0,frequency_units_ambiguous;unverified_reference_source
2f76b5b9e67a44356b0e,docyx_pc_part_dataset_2025_07_23,headset,Sony MDRZX100WHITE,Sony,MDRZX100WHITE,headset:sony:mdrzx100white,curated_alias,reference_only_needs_verification,needs_review,False,1,White,False,on_ear,False,False,closed,"12,22",general,communication,100.0,118.0,frequency_units_ambiguous;unverified_reference_source
0a13c003cf3bc9ce5327,docyx_pc_part_dataset_2025_07_23,headset,Sony MDRZX300/RED,Sony,MDRZX300/RED,headset:sony:mdrzx300-red,curated_alias,reference_only_needs_verification,needs_review,False,1,Black;Red,False,on_ear,False,False,closed,"10,24",general,communication,100.0,118.0,frequency_units_ambiguous;unverified_reference_source
690613f548d5a6e2612a,docyx_pc_part_dataset_2025_07_23,headset,Sony MDRZX300APB,Sony,MDRZX300APB,headset:sony:mdrzx300apb,curated_alias,reference_only_needs_verification,needs_review,False,1,Black,False,on_ear,False,False,closed,"10,24",general,communication,100.0,118.0,frequency_units_ambiguous;unverified_reference_source
9773cf75b693bb914781,docyx_pc_part_dataset_2025_07_23,headset,Sony MDRZX300APL,Sony,MDRZX300APL,headset:sony:mdrzx300apl,curated_alias,reference_only_needs_verification,needs_review,False,1,Black;Blue,False,on_ear,False,False,closed,"10,24",general,communication,100.0,118.0,frequency_units_ambiguous;unverified_reference_source
3a0914e5d2cae577839c,docyx_pc_part_dataset_2025_07_23,headset,Sony MDRZX300IPB,Sony,MDRZX300IPB,headset:sony:mdrzx300ipb,curated_alias,reference_only_needs_verification,needs_review,False,1,Black,False,on_ear,False,False,closed,"10,24",general,communication,100.0,118.0,frequency_units_ambiguous;unverified_reference_source
20d34e9e30f9f3fc5a72,docyx_pc_part_dataset_2025_07_23,headset,Sony MDRZX300IPW,Sony,MDRZX300IPW,headset:sony:mdrzx300ipw,curated_alias,reference_only_needs_verification,needs_review,False,2,White,False,on_ear,False,False,closed,"10,24",general,communication,100.0,118.0,frequency_units_ambiguous;unverified_reference_source;identity_duplicates_collapsed
6650113ed75e445e7a5b,docyx_pc_part_dataset_2025_07_23,headset,Sony MDRZX600/BLK,Sony,MDRZX600/BLK,headset:sony:mdrzx600-blk,curated_alias,reference_only_needs_verification,needs_review,False,1,Black;Red,False,on_ear,False,False,closed,"6,25",general,communication,100.0,118.0,frequency_units_ambiguous;unverified_reference_source
16618c52f6c1059db343,docyx_pc_part_dataset_2025_07_23,headset,Sony MDRZX600/GRAY,Sony,MDRZX600/GRAY,headset:sony:mdrzx600-gray,curated_alias,reference_only_needs_verification,needs_review,False,1,Red;Silver,False,on_ear,False,False,closed,"6,25",general,communication,100.0,118.0,frequency_units_ambiguous;unverified_reference_source
45aed4360d9c9db1ad01,docyx_pc_part_dataset_2025_07_23,headset,Sony MH410C/W,Sony,MH410C/W,headset:sony:mh410c-w,curated_alias,reference_only_needs_verification,needs_review,False,1,White,False,in_ear,False,False,closed,"100,16",general,communication,100.0,118.0,frequency_units_ambiguous;unverified_reference_source
41d13fbc9f5cd2438df2,docyx_pc_part_dataset_2025_07_23,headset,Sony SY-MDR-DS6500,Sony,SY-MDR-DS6500,headset:sony:sy-mdr-ds6500,curated_alias,reference_only_needs_verification,needs_review,False,1,Black;Silver,False,over_ear,False,True,closed,"12,22",general;portable,portable,100.0,118.0,frequency_units_ambiguous;unverified_reference_source
5250f2c4743079f7ac38,docyx_pc_part_dataset_2025_07_23,headset,Sony WHH900N/B,Sony,WHH900N/B,headset:sony:whh900n-b,curated_alias,reference_only_needs_verification,needs_review,False,1,Black,False,over_ear,False,True,closed,,general;portable,portable,100.0,118.0,unverified_reference_source
86074b435c50639b9485,docyx_pc_part_dataset_2025_07_23,headset,Sony WHH900N/L,Sony,WHH900N/L,headset:sony:whh900n-l,curated_alias,reference_only_needs_verification,needs_review,False,1,Gray,False,over_ear,False,True,closed,,general;portable,portable,100.0,118.0,unverified_reference_source
e1177ee81e107cffd634,docyx_pc_part_dataset_2025_07_23,headset,Sony WHH900N/R,Sony,WHH900N/R,headset:sony:whh900n-r,curated_alias,reference_only_needs_verification,needs_review,False,1,Red,False,over_ear,False,True,closed,,general;portable,portable,100.0,118.0,unverified_reference_source
3f01fbb4c323238c18ce,docyx_pc_part_dataset_2025_07_23,headset,Sony XBA-1,Sony,XBA-1,headset:sony:xba-1,curated_alias,reference_only_needs_verification,needs_review,False,1,Black;Silver,False,in_ear,False,False,closed,"5,25",general,communication,100.0,118.0,frequency_units_ambiguous;unverified_reference_source
1f365d02522fb8d5ec6f,docyx_pc_part_dataset_2025_07_23,headset,Sony XBA-1iP,Sony,XBA-1iP,headset:sony:xba-1ip,curated_alias,reference_only_needs_verification,needs_review,False,1,Black,False,in_ear,False,False,closed,"5,25",general,communication,100.0,118.0,frequency_units_ambiguous;unverified_reference_source
f13f00e64b1e2ef2b08a,docyx_pc_part_dataset_2025_07_23,headset,Sony XBA-2,Sony,XBA-2,headset:sony:xba-2,curated_alias,reference_only_needs_verification,needs_review,False,1,Black;Silver,False,in_ear,False,False,closed,"4,25",general,communication,100.0,118.0,frequency_units_ambiguous;unverified_reference_source
25ad08563d568d6435e3,docyx_pc_part_dataset_2025_07_23,headset,Sony XBA-3iP,Sony,XBA-3iP,headset:sony:xba-3ip,curated_alias,reference_only_needs_verification,needs_review,False,1,Black;Silver,False,in_ear,False,False,closed,"4,28",general,communication,100.0,118.0,frequency_units_ambiguous;unverified_reference_source
5d2c615af8036142bd84,docyx_pc_part_dataset_2025_07_23,headset,Sony XBA-4iP,Sony,XBA-4iP,headset:sony:xba-4ip,curated_alias,reference_only_needs_verification,needs_review,False,1,Black,False,in_ear,False,False,closed,"3,28",general,communication,100.0,118.0,frequency_units_ambiguous;unverified_reference_source
d2bb23459595f34cea34,docyx_pc_part_dataset_2025_07_23,headset,Sony XBA-NC85D,Sony,XBA-NC85D,headset:sony:xba-nc85d,curated_alias,reference_only_needs_verification,needs_review,False,1,Black,False,in_ear,False,False,closed,"5,20",general,communication,100.0,118.0,frequency_units_ambiguous;unverified_reference_source
ccb94ea13300cd848a2b,docyx_pc_part_dataset_2025_07_23,headset,Sony XBA-S65,Sony,XBA-S65,headset:sony:xba-s65,curated_alias,reference_only_needs_verification,needs_review,False,1,Black,False,in_ear,False,False,closed,"6,24",general,communication,100.0,118.0,frequency_units_ambiguous;unverified_reference_source
0a22951977f0c3de0517,docyx_pc_part_dataset_2025_07_23,headset,Sony XBA4,Sony,XBA4,headset:sony:xba4,curated_alias,reference_only_needs_verification,needs_review,False,1,Black;Silver,False,in_ear,False,False,closed,"3,28",general,communication,100.0,118.0,frequency_units_ambiguous;unverified_reference_source
779d99e15c5815c75c29,docyx_pc_part_dataset_2025_07_23,headset,SteelSeries Siberia,SteelSeries,Siberia,headset:steelseries:siberia,curated_alias,reference_only_needs_verification,needs_review,False,1,White,False,in_ear,False,False,closed,"30,24",general,communication,100.0,118.0,frequency_units_ambiguous;unverified_reference_source
ae162807345bb6daf848,docyx_pc_part_dataset_2025_07_23,headset,Cooler Master MH630,Cooler Master,MH630,headset:cooler-master:mh630,curated_alias,reference_only_needs_verification,needs_review,False,1,Black,False,over_ear,True,False,closed,"15,25",general;communication;gaming,gaming,100.0,117.0,frequency_units_ambiguous;unverified_reference_source
251fd5c1774550680008,docyx_pc_part_dataset_2025_07_23,headset,Cooler Master MH752,Cooler Master,MH752,headset:cooler-master:mh752,curated_alias,reference_only_needs_verification,needs_review,False,1,Black;Silver,False,over_ear,True,False,closed,"20,20",general;communication;gaming,gaming,100.0,117.0,frequency_units_ambiguous;unverified_reference_source
2a71083d63485a371913,docyx_pc_part_dataset_2025_07_23,headset,Corsair H1500,Corsair,H1500,headset:corsair:h1500,curated_alias,reference_only_needs_verification,needs_review,False,1,Black;Yellow,False,over_ear,True,False,closed,"20,20",general;communication;gaming,gaming,100.0,117.0,frequency_units_ambiguous;unverified_reference_source
a4a73133e748600d7dfc,docyx_pc_part_dataset_2025_07_23,headset,Corsair H2100,Corsair,H2100,headset:corsair:h2100,curated_alias,reference_only_needs_verification,needs_review,False,1,Black;Yellow,False,over_ear,True,True,closed,"20,20",general;communication;gaming;portable,communication,100.0,117.0,frequency_units_ambiguous;unverified_reference_source
ffdbcf4945c820b42f3b,docyx_pc_part_dataset_2025_07_23,headset,Corsair HS35,Corsair,HS35,headset:corsair:hs35,curated_alias,reference_only_needs_verification,needs_review,False,4,Black;Blue;Green;Red,False,over_ear,True,False,closed,"20,20",general;communication;gaming,gaming,100.0,117.0,frequency_units_ambiguous;unverified_reference_source;identity_duplicates_collapsed
4ae50dde086b96a5b593,docyx_pc_part_dataset_2025_07_23,headset,Corsair HS50,Corsair,HS50,headset:corsair:hs50,curated_alias,reference_only_needs_verification,needs_review,False,3,Black;Blue;Gray;Green,False,over_ear,True,False,closed,"20,20",general;communication;gaming,gaming,100.0,117.0,frequency_units_ambiguous;unverified_reference_source;identity_duplicates_collapsed
94fa0f5e139a7bdb08a3,docyx_pc_part_dataset_2025_07_23,headset,Corsair HS60,Corsair,HS60,headset:corsair:hs60,curated_alias,reference_only_needs_verification,needs_review,False,1,Black;White,False,over_ear,True,False,closed,"20,20",general;communication;gaming,gaming,100.0,117.0,frequency_units_ambiguous;unverified_reference_source
2c3207bc0da73dca5041,docyx_pc_part_dataset_2025_07_23,headset,Corsair HS65,Corsair,HS65,headset:corsair:hs65,curated_alias,reference_only_needs_verification,needs_review,False,2,Black;White,False,over_ear,True,True,closed,"20,20",general;communication;gaming;portable,communication,100.0,117.0,frequency_units_ambiguous;unverified_reference_source;identity_duplicates_collapsed
781d7b4e0bac434fbf6a,docyx_pc_part_dataset_2025_07_23,headset,HiFiMAN Ananda-BT,HiFiMAN,Ananda-BT,headset:hifiman:ananda-bt,curated_alias,reference_only_needs_verification,needs_review,False,1,Black;Silver,True,over_ear,True,True,open,"8,55",general;communication;music_creation;portable,music_creation,100.0,117.0,frequency_units_ambiguous;unverified_reference_source
484e1079831592beef16,docyx_pc_part_dataset_2025_07_23,headset,Koss GMR-545-AIR USB,Koss,GMR-545-AIR USB,headset:koss:gmr-545-air-usb,curated_alias,reference_only_needs_verification,needs_review,False,1,Black;Red,True,over_ear,True,False,open,"15,22",general;communication;music_creation,music_creation,100.0,117.0,frequency_units_ambiguous;unverified_reference_source
91c5ccedfbddc3484f40,docyx_pc_part_dataset_2025_07_23,headset,Koss Porta Pro Mic/Remote,Koss,Porta Pro Mic/Remote,headset:koss:porta-pro-mic-remote,curated_alias,reference_only_needs_verification,needs_review,False,1,Black;Silver,True,on_ear,True,False,open,"15,25",general;communication;music_creation,music_creation,100.0,117.0,frequency_units_ambiguous;unverified_reference_source
17911abd706f82f9ec26,docyx_pc_part_dataset_2025_07_23,headset,Logitech 500vi,Logitech,500vi,headset:logitech:500vi,curated_alias,reference_only_needs_verification,needs_review,False,1,Black;Silver,False,in_ear,True,False,closed,"20,20",general;communication;gaming,gaming,100.0,117.0,frequency_units_ambiguous;unverified_reference_source
01db29d58e59da49f053,docyx_pc_part_dataset_2025_07_23,headset,Logitech 960,Logitech,960,headset:logitech:960,curated_alias,reference_only_needs_verification,needs_review,False,1,Black,False,on_ear,True,False,closed,,general;communication;gaming,gaming,100.0,117.0,unverified_reference_source
677ddcb265acc77b84af,docyx_pc_part_dataset_2025_07_23,headset,Logitech 981-000415,Logitech,981-000415,headset:logitech:981-000415,curated_alias,reference_only_needs_verification,needs_review,False,1,Black;Silver,False,on_ear,True,False,closed,,general;communication;gaming,gaming,100.0,117.0,unverified_reference_source
0cb6c13a3330dc7f8b7a,docyx_pc_part_dataset_2025_07_23,headset,Logitech B530,Logitech,B530,headset:logitech:b530,curated_alias,reference_only_needs_verification,needs_review,False,1,Black,False,on_ear,True,False,closed,"20,20",general;communication;gaming,gaming,100.0,117.0,frequency_units_ambiguous;unverified_reference_source
fe374c0567fb67f83609,docyx_pc_part_dataset_2025_07_23,headset,Logitech G230,Logitech,G230,headset:logitech:g230,curated_alias,reference_only_needs_verification,needs_review,False,1,Black;Red,False,over_ear,True,False,closed,"20,20",general;communication;gaming,gaming,100.0,117.0,frequency_units_ambiguous;unverified_reference_source
1e0d6d06e882151886a7,docyx_pc_part_dataset_2025_07_23,headset,Logitech G332,Logitech,G332,headset:logitech:g332,curated_alias,reference_only_needs_verification,needs_review,False,1,Black;Red,False,over_ear,True,False,closed,"20,20",general;communication;gaming,gaming,100.0,117.0,frequency_units_ambiguous;unverified_reference_source
68b9a42926357f0787aa,docyx_pc_part_dataset_2025_07_23,headset,Logitech G430,Logitech,G430,headset:logitech:g430,curated_alias,reference_only_needs_verification,needs_review,False,1,Black;Blue,False,over_ear,True,False,closed,"20,20",general;communication;gaming,gaming,100.0,117.0,frequency_units_ambiguous;unverified_reference_source
eb8598bbd735d13e86ad,docyx_pc_part_dataset_2025_07_23,headset,Logitech G533,Logitech,G533,headset:logitech:g533,curated_alias,reference_only_needs_verification,needs_review,False,1,Black,False,over_ear,True,True,closed,,general;communication;gaming;portable,communication,100.0,117.0,unverified_reference_source
69c4f8f3e2df6982c5e8,docyx_pc_part_dataset_2025_07_23,headset,Logitech G635,Logitech,G635,headset:logitech:g635,curated_alias,reference_only_needs_verification,needs_review,False,1,Black;Blue,False,over_ear,True,False,closed,"20,20",general;communication;gaming,gaming,100.0,117.0,frequency_units_ambiguous;unverified_reference_source
89988db19e8635e3799f,docyx_pc_part_dataset_2025_07_23,headset,Logitech H110,Logitech,H110,headset:logitech:h110,curated_alias,reference_only_needs_verification,needs_review,False,1,Black;Silver,False,on_ear,True,False,closed,"20,20",general;communication;gaming,gaming,100.0,117.0,frequency_units_ambiguous;unverified_reference_source
412be9dbc61be88b9177,docyx_pc_part_dataset_2025_07_23,headset,Logitech H111,Logitech,H111,headset:logitech:h111,curated_alias,reference_only_needs_verification,needs_review,False,1,Black,False,on_ear,True,False,closed,"20,20",general;communication;gaming,gaming,100.0,117.0,frequency_units_ambiguous;unverified_reference_source
773fe80b7a7c7311c790,docyx_pc_part_dataset_2025_07_23,headset,Logitech H600,Logitech,H600,headset:logitech:h600,curated_alias,reference_only_needs_verification,needs_review,False,2,Black;Blue,False,on_ear,True,True,closed,,general;communication;gaming;portable,communication,100.0,117.0,unverified_reference_source;identity_duplicates_collapsed
b96dce13e9658679f39e,docyx_pc_part_dataset_2025_07_23,headset,Logitech H800,Logitech,H800,headset:logitech:h800,curated_alias,reference_only_needs_verification,needs_review,False,1,Black,False,on_ear,True,False,closed,"30,15",general;communication;gaming,gaming,100.0,117.0,frequency_units_ambiguous;unverified_reference_source
c307e5c8800d26433ecb,docyx_pc_part_dataset_2025_07_23,headset,Sennheiser CC 510,Sennheiser,CC 510,headset:sennheiser:cc-510,curated_alias,reference_only_needs_verification,needs_review,False,1,Black,False,on_ear,True,False,closed,"300,3.4",general;communication;gaming,gaming,100.0,117.0,frequency_units_ambiguous;unverified_reference_source
78b6a152c6aaa1bb7b96,docyx_pc_part_dataset_2025_07_23,headset,Sennheiser CC550,Sennheiser,CC550,headset:sennheiser:cc550,curated_alias,reference_only_needs_verification,needs_review,False,1,Black,False,on_ear,True,False,closed,"300,3.4",general;communication;gaming,gaming,100.0,117.0,frequency_units_ambiguous;unverified_reference_source
fd739ec9136fb0af3085,docyx_pc_part_dataset_2025_07_23,headset,Sennheiser MM 550,Sennheiser,MM 550,headset:sennheiser:mm-550,curated_alias,reference_only_needs_verification,needs_review,False,1,Black;Blue,False,over_ear,True,True,closed,"15,22",general;communication;gaming;portable,communication,100.0,117.0,frequency_units_ambiguous;unverified_reference_source
03e8098d4a4640702e96,docyx_pc_part_dataset_2025_07_23,headset,Sennheiser PC 310,Sennheiser,PC 310,headset:sennheiser:pc-310,curated_alias,reference_only_needs_verification,needs_review,False,1,Black,False,on_ear,True,False,closed,"17,22",general;communication;gaming,gaming,100.0,117.0,frequency_units_ambiguous;unverified_reference_source
0a01a1657e5acb1a6fdf,docyx_pc_part_dataset_2025_07_23,headset,Sennheiser PC 320,Sennheiser,PC 320,headset:sennheiser:pc-320,curated_alias,reference_only_needs_verification,needs_review,False,1,Black,False,over_ear,True,False,closed,"15,230",general;communication;gaming,gaming,100.0,117.0,frequency_units_ambiguous;unverified_reference_source
fda9f668728056ac1b61,docyx_pc_part_dataset_2025_07_23,headset,Sennheiser PC 350,Sennheiser,PC 350,headset:sennheiser:pc-350,curated_alias,reference_only_needs_verification,needs_review,False,1,Black;Silver,False,over_ear,True,False,closed,"10,26",general;communication;gaming,gaming,100.0,117.0,frequency_units_ambiguous;unverified_reference_source
0ff0c666d52ac7fa7502,docyx_pc_part_dataset_2025_07_23,headset,Sennheiser PC121,Sennheiser,PC121,headset:sennheiser:pc121,curated_alias,reference_only_needs_verification,needs_review,False,1,Black;Silver,False,on_ear,True,False,closed,"45,18",general;communication;gaming,gaming,100.0,117.0,frequency_units_ambiguous;unverified_reference_source
f421c34bbc9b7d66f0cf,docyx_pc_part_dataset_2025_07_23,headset,Sennheiser PC131,Sennheiser,PC131,headset:sennheiser:pc131,curated_alias,reference_only_needs_verification,needs_review,False,1,Black;Silver,False,on_ear,True,False,closed,"80,18",general;communication;gaming,gaming,100.0,117.0,frequency_units_ambiguous;unverified_reference_source
3a73af995765dceb29b6,docyx_pc_part_dataset_2025_07_23,headset,Sennheiser PC141,Sennheiser,PC141,headset:sennheiser:pc141,curated_alias,reference_only_needs_verification,needs_review,False,1,Black;Silver,False,on_ear,True,False,closed,"40,20",general;communication;gaming,gaming,100.0,117.0,frequency_units_ambiguous;unverified_reference_source
54608b0bcd50c0058b81,docyx_pc_part_dataset_2025_07_23,headset,Sennheiser PC230,Sennheiser,PC230,headset:sennheiser:pc230,curated_alias,reference_only_needs_verification,needs_review,False,1,Black,False,on_ear,True,False,closed,"18,22",general;communication;gaming,gaming,100.0,117.0,frequency_units_ambiguous;unverified_reference_source
8f094281671110297d9f,docyx_pc_part_dataset_2025_07_23,headset,Sennheiser PC330,Sennheiser,PC330,headset:sennheiser:pc330,curated_alias,reference_only_needs_verification,needs_review,False,1,Black;Silver,False,over_ear,True,False,closed,"14,22",general;communication;gaming,gaming,100.0,117.0,frequency_units_ambiguous;unverified_reference_source
f3186798a0e9de3bb03c,docyx_pc_part_dataset_2025_07_23,headset,Sennheiser PC360,Sennheiser,PC360,headset:sennheiser:pc360,curated_alias,reference_only_needs_verification,needs_review,False,1,Black,False,over_ear,True,False,closed,"15,28",general;communication;gaming,gaming,100.0,117.0,frequency_units_ambiguous;unverified_reference_source
f2bec2722103957809f6,docyx_pc_part_dataset_2025_07_23,headset,Sennheiser U 320,Sennheiser,U 320,headset:sennheiser:u-320,curated_alias,reference_only_needs_verification,needs_review,False,1,Black;Blue,False,over_ear,True,False,closed,"70,15",general;communication;gaming,gaming,100.0,117.0,frequency_units_ambiguous;unverified_reference_source
e5efea46cfd5659253ce,docyx_pc_part_dataset_2025_07_23,headset,Sony 3000398,Sony,3000398,headset:sony:3000398,curated_alias,reference_only_needs_verification,needs_review,False,1,Black;Blue,False,on_ear,True,False,closed,,general;communication;gaming,gaming,100.0,117.0,unverified_reference_source
cf9a1567cb8a2bdf5c07,docyx_pc_part_dataset_2025_07_23,headset,Sony MW600,Sony,MW600,headset:sony:mw600,curated_alias,reference_only_needs_verification,needs_review,False,2,Black;White,False,in_ear,True,True,closed,,general;communication;gaming;portable,communication,100.0,117.0,unverified_reference_source;identity_duplicates_collapsed
79517c09415692981fe6,docyx_pc_part_dataset_2025_07_23,headset,SteelSeries 3H,SteelSeries,3H,headset:steelseries:3h,curated_alias,reference_only_needs_verification,needs_review,False,1,Black,False,over_ear,True,False,closed,"10,27",general;communication;gaming,gaming,100.0,117.0,frequency_units_ambiguous;unverified_reference_source
dbee3aa709df1a1463a3,docyx_pc_part_dataset_2025_07_23,headset,SteelSeries 51006,SteelSeries,51006,headset:steelseries:51006,curated_alias,reference_only_needs_verification,needs_review,False,1,Black;White,False,over_ear,True,False,closed,,general;communication;gaming,gaming,100.0,117.0,unverified_reference_source
396c86ec5e176e10314d,docyx_pc_part_dataset_2025_07_23,headset,SteelSeries 5H v2,SteelSeries,5H v2,headset:steelseries:5h-v2,curated_alias,reference_only_needs_verification,needs_review,False,2,Black;White,False,over_ear,True,False,closed,"16,28",general;communication;gaming,gaming,100.0,117.0,frequency_units_ambiguous;unverified_reference_source;identity_duplicates_collapsed
b3be002f3f4eadf2b4fb,docyx_pc_part_dataset_2025_07_23,headset,SteelSeries 61-053,SteelSeries,61-053,headset:steelseries:61-053,curated_alias,reference_only_needs_verification,needs_review,False,1,Black;Yellow,False,over_ear,True,False,closed,"18,28",general;communication;gaming,gaming,100.0,117.0,frequency_units_ambiguous;unverified_reference_source
98c4a1a6e5ed40078aed,docyx_pc_part_dataset_2025_07_23,headset,SteelSeries 7H,SteelSeries,7H,headset:steelseries:7h,curated_alias,reference_only_needs_verification,needs_review,False,3,Black,False,over_ear,True,False,closed,"18,28",general;communication;gaming,gaming,100.0,117.0,frequency_units_ambiguous;unverified_reference_source;identity_duplicates_collapsed
7860dd60e62664ea6136,docyx_pc_part_dataset_2025_07_23,headset,SteelSeries 9H,SteelSeries,9H,headset:steelseries:9h,curated_alias,reference_only_needs_verification,needs_review,False,1,Black,False,over_ear,True,False,closed,"10,28",general;communication;gaming,gaming,100.0,117.0,frequency_units_ambiguous;unverified_reference_source
260f5d7aba677f13b5a5,docyx_pc_part_dataset_2025_07_23,headset,SteelSeries GH-100,SteelSeries,GH-100,headset:steelseries:gh-100,curated_alias,reference_only_needs_verification,needs_review,False,1,Black;Silver,False,on_ear,True,False,closed,,general;communication;gaming,gaming,100.0,117.0,unverified_reference_source
f6ce057cad6406ead7df,docyx_pc_part_dataset_2025_07_23,headset,SteelSeries H,SteelSeries,H,headset:steelseries:h,curated_alias,reference_only_needs_verification,needs_review,False,1,Black;Orange,False,over_ear,True,True,closed,"20,20",general;communication;gaming;portable,communication,100.0,117.0,frequency_units_ambiguous;unverified_reference_source
bf644b05b95d1b09928d,docyx_pc_part_dataset_2025_07_23,headset,SteelSeries SS-61001,SteelSeries,SS-61001,headset:steelseries:ss-61001,curated_alias,reference_only_needs_verification,needs_review,False,1,Black;Silver,False,over_ear,True,False,closed,"16,28",general;communication;gaming,gaming,100.0,117.0,frequency_units_ambiguous;unverified_reference_source
7bbbc8687560d6faf6f5,docyx_pc_part_dataset_2025_07_23,headset,1MORE Quad Driver,1MORE,Quad Driver,headset:1more:quad-driver,inferred_first_token,reference_only_needs_verification,needs_review,False,1,Black;Red,True,in_ear,True,False,closed,"20,40",general;communication;gaming,gaming,100.0,115.0,frequency_units_ambiguous;unverified_reference_source
b7115e72ea2975c088db,docyx_pc_part_dataset_2025_07_23,headset,1MORE Triple Driver (Black/Gold),1MORE,Triple Driver (Black/Gold),headset:1more:triple-driver-black-gold,inferred_first_token,reference_only_needs_verification,needs_review,False,1,Black;Gold,True,in_ear,True,False,closed,"20,40",general;communication;gaming,gaming,100.0,115.0,frequency_units_ambiguous;unverified_reference_source
598398dd823c5474ebb0,docyx_pc_part_dataset_2025_07_23,headset,1MORE Triple Driver (Silver),1MORE,Triple Driver (Silver),headset:1more:triple-driver-silver,inferred_first_token,reference_only_needs_verification,needs_review,False,1,Silver,True,in_ear,True,False,closed,"20,40",general;communication;gaming,gaming,100.0,115.0,frequency_units_ambiguous;unverified_reference_source
5e1fbea550a0a03afa03,docyx_pc_part_dataset_2025_07_23,headset,ADATA SOLOX F30+EMIX H30,ADATA,SOLOX F30+EMIX H30,headset:adata:solox-f30-emix-h30,inferred_first_token,reference_only_needs_verification,needs_review,False,1,Black;Red,True,over_ear,True,False,closed,"20,20",general;communication;gaming,gaming,100.0,115.0,frequency_units_ambiguous;unverified_reference_source
b7a73cf1c007d8dd8da5,docyx_pc_part_dataset_2025_07_23,headset,ADATA XPG Precog,ADATA,XPG Precog,headset:adata:xpg-precog,inferred_first_token,reference_only_needs_verification,needs_review,False,1,Black;Red,True,on_ear,True,False,closed,"5,50",general;communication;gaming,gaming,100.0,115.0,frequency_units_ambiguous;unverified_reference_source
a105d1cdd39ac874ee96,docyx_pc_part_dataset_2025_07_23,headset,ADATA XPG Precog Studio,ADATA,XPG Precog Studio,headset:adata:xpg-precog-studio,inferred_first_token,reference_only_needs_verification,needs_review,False,1,Black;Red,True,over_ear,True,False,closed,"20,20",general;communication;gaming,gaming,100.0,115.0,frequency_units_ambiguous;unverified_reference_source
ee0c6b4528294b0c500e,docyx_pc_part_dataset_2025_07_23,headset,AKG K326BLK,AKG,K326BLK,headset:akg:k326blk,curated_alias,reference_only_needs_verification,needs_review,False,1,Black,False,in_ear,True,False,closed,"17,23",general;communication;gaming,gaming,100.0,115.0,frequency_units_ambiguous;unverified_reference_source
7f58bc9073b9b387d3ce,docyx_pc_part_dataset_2025_07_23,headset,AKG K326RED,AKG,K326RED,headset:akg:k326red,curated_alias,reference_only_needs_verification,needs_review,False,1,Black;Red,False,in_ear,True,False,closed,"17,23",general;communication;gaming,gaming,100.0,115.0,frequency_units_ambiguous;unverified_reference_source
ffe6873810060cfede01,docyx_pc_part_dataset_2025_07_23,headset,AKG K326SNY,AKG,K326SNY,headset:akg:k326sny,curated_alias,reference_only_needs_verification,needs_review,False,1,Black;Yellow,False,in_ear,True,False,closed,"17,23",general;communication;gaming,gaming,100.0,115.0,frequency_units_ambiguous;unverified_reference_source
c88e9f56473799811218,docyx_pc_part_dataset_2025_07_23,headset,AKG K328SBP,AKG,K328SBP,headset:akg:k328sbp,curated_alias,reference_only_needs_verification,needs_review,False,1,Black;Purple,False,in_ear,True,False,closed,"13,22.5",general;communication;gaming,gaming,100.0,115.0,frequency_units_ambiguous;unverified_reference_source
c3f25be7f45a74189e88,docyx_pc_part_dataset_2025_07_23,headset,AKG K328SBR,AKG,K328SBR,headset:akg:k328sbr,curated_alias,reference_only_needs_verification,needs_review,False,1,Black;Red,False,in_ear,True,False,closed,"13,22.5",general;communication;gaming,gaming,100.0,115.0,frequency_units_ambiguous;unverified_reference_source
9343a45927ec9ea7272f,docyx_pc_part_dataset_2025_07_23,headset,AKG K350 CRM,AKG,K350 CRM,headset:akg:k350-crm,curated_alias,reference_only_needs_verification,needs_review,False,1,Black;Silver,False,in_ear,True,False,closed,"12,23.5",general;communication;gaming,gaming,100.0,115.0,frequency_units_ambiguous;unverified_reference_source
76bbf6de113f3454043d,docyx_pc_part_dataset_2025_07_23,headset,AKG K350 WHT,AKG,K350 WHT,headset:akg:k350-wht,curated_alias,reference_only_needs_verification,needs_review,False,1,White,False,in_ear,True,False,closed,"12,23.5",general;communication;gaming,gaming,100.0,115.0,frequency_units_ambiguous;unverified_reference_source
31eec1668bb25284c6f5,docyx_pc_part_dataset_2025_07_23,headset,AKG K391NC,AKG,K391NC,headset:akg:k391nc,curated_alias,reference_only_needs_verification,needs_review,False,1,Black;Silver,False,in_ear,True,False,closed,"12,24",general;communication;gaming,gaming,100.0,115.0,frequency_units_ambiguous;unverified_reference_source
6a48d82d03249357ebd3,docyx_pc_part_dataset_2025_07_23,headset,AKG K551SLV,AKG,K551SLV,headset:akg:k551slv,curated_alias,reference_only_needs_verification,needs_review,False,1,Black;Silver,False,over_ear,True,False,closed,"12,28",general;communication;gaming,gaming,100.0,115.0,frequency_units_ambiguous;unverified_reference_source
8d0b85c340a09e3aaafc,docyx_pc_part_dataset_2025_07_23,headset,AKG K619BLK,AKG,K619BLK,headset:akg:k619blk,curated_alias,reference_only_needs_verification,needs_review,False,1,Black,False,over_ear,True,False,closed,"16,24",general;communication;gaming,gaming,100.0,115.0,frequency_units_ambiguous;unverified_reference_source
68a987bd1a0807600bca,docyx_pc_part_dataset_2025_07_23,headset,AKG K619BLU,AKG,K619BLU,headset:akg:k619blu,curated_alias,reference_only_needs_verification,needs_review,False,1,Black;Blue,False,over_ear,True,False,closed,"16,24",general;communication;gaming,gaming,100.0,115.0,frequency_units_ambiguous;unverified_reference_source
bedc1a92b8e0ffe39479,docyx_pc_part_dataset_2025_07_23,headset,AKG K619RED,AKG,K619RED,headset:akg:k619red,curated_alias,reference_only_needs_verification,needs_review,False,1,Black;Red,False,over_ear,True,False,closed,"16,24",general;communication;gaming,gaming,100.0,115.0,frequency_units_ambiguous;unverified_reference_source
2661a6eb1686019ec9af,docyx_pc_part_dataset_2025_07_23,headset,AKG N700NC,AKG,N700NC,headset:akg:n700nc,curated_alias,reference_only_needs_verification,needs_review,False,1,Silver,False,over_ear,True,True,closed,"10,20",general;communication;gaming;portable,communication,100.0,115.0,frequency_units_ambiguous;unverified_reference_source
a2765cc4160432419195,docyx_pc_part_dataset_2025_07_23,headset,AKG N700NC M2,AKG,N700NC M2,headset:akg:n700nc-m2,curated_alias,reference_only_needs_verification,needs_review,False,1,Black,False,over_ear,True,True,closed,"10,20",general;communication;gaming;portable,communication,100.0,115.0,frequency_units_ambiguous;unverified_reference_source
1bf0019dacf1ec30503f,docyx_pc_part_dataset_2025_07_23,headset,Acer Predator Galea 300,Acer,Predator Galea 300,headset:acer:predator-galea-300,curated_alias,reference_only_needs_verification,needs_review,False,1,Black,False,over_ear,True,False,closed,"20,20",general;communication;gaming,gaming,100.0,115.0,frequency_units_ambiguous;unverified_reference_source
d5e4bacba72d1ac91a98,docyx_pc_part_dataset_2025_07_23,headset,Acer Predator Galea 350,Acer,Predator Galea 350,headset:acer:predator-galea-350,curated_alias,reference_only_needs_verification,needs_review,False,1,Black,False,over_ear,True,False,closed,"20,20",general;communication;gaming,gaming,100.0,115.0,frequency_units_ambiguous;unverified_reference_source
b0ae12c0f2cb69615f63,docyx_pc_part_dataset_2025_07_23,headset,Adesso Xtream G1,Adesso,Xtream G1,headset:adesso:xtream-g1,inferred_first_token,reference_only_needs_verification,needs_review,False,1,Black;Blue,True,over_ear,True,False,closed,"20,20",general;communication;gaming,gaming,100.0,115.0,frequency_units_ambiguous;unverified_reference_source
631696e3a176d7f95bf3,docyx_pc_part_dataset_2025_07_23,headset,Adesso Xtream G2,Adesso,Xtream G2,headset:adesso:xtream-g2,inferred_first_token,reference_only_needs_verification,needs_review,False,1,Black;Silver,True,over_ear,True,False,closed,"20,20",general;communication;gaming,gaming,100.0,115.0,frequency_units_ambiguous;unverified_reference_source
1e01464d3c0a91b640d6,docyx_pc_part_dataset_2025_07_23,headset,Adesso Xtream G4,Adesso,Xtream G4,headset:adesso:xtream-g4,inferred_first_token,reference_only_needs_verification,needs_review,False,1,Black;Silver,True,over_ear,True,False,closed,"20,2",general;communication;gaming,gaming,100.0,115.0,frequency_units_ambiguous;unverified_reference_source
843adf6d44551d436b74,docyx_pc_part_dataset_2025_07_23,headset,Adesso Xtream H4,Adesso,Xtream H4,headset:adesso:xtream-h4,inferred_first_token,reference_only_needs_verification,needs_review,False,1,Black,True,on_ear,True,False,closed,"20,20",general;communication;gaming,gaming,100.0,115.0,frequency_units_ambiguous;unverified_reference_source
b1b4814d0948068b303d,docyx_pc_part_dataset_2025_07_23,headset,Adesso Xtream H5,Adesso,Xtream H5,headset:adesso:xtream-h5,inferred_first_token,reference_only_needs_verification,needs_review,False,1,Black,True,over_ear,True,False,closed,"20,20",general;communication;gaming,gaming,100.0,115.0,frequency_units_ambiguous;unverified_reference_source
9e32429390fb1f0c9663,docyx_pc_part_dataset_2025_07_23,headset,Adesso Xtream P500,Adesso,Xtream P500,headset:adesso:xtream-p500,inferred_first_token,reference_only_needs_verification,needs_review,False,1,Black,True,over_ear,True,True,closed,"20,20",general;communication;gaming;portable,communication,100.0,115.0,frequency_units_ambiguous;unverified_reference_source
7be55a46b25276b9726a,docyx_pc_part_dataset_2025_07_23,headset,Adesso Xtream P600,Adesso,Xtream P600,headset:adesso:xtream-p600,inferred_first_token,reference_only_needs_verification,needs_review,False,1,Black,True,over_ear,True,True,closed,"20,20",general;communication;gaming;portable,communication,100.0,115.0,frequency_units_ambiguous;unverified_reference_source
cc397b258d245f0c00a7,docyx_pc_part_dataset_2025_07_23,headset,Anker Soundcore Life Q20,Anker,Soundcore Life Q20,headset:anker:soundcore-life-q20,inferred_first_token,reference_only_needs_verification,needs_review,False,4,Black;Blue;Silver,True,over_ear,True,True,closed,"16,40",general;communication;gaming;portable,communication,100.0,115.0,frequency_units_ambiguous;unverified_reference_source;identity_duplicates_collapsed
c47e3fe89013361f20a6,docyx_pc_part_dataset_2025_07_23,headset,Anker Soundcore Life Q30,Anker,Soundcore Life Q30,headset:anker:soundcore-life-q30,inferred_first_token,reference_only_needs_verification,needs_review,False,3,Black;Blue;Pink,True,over_ear,True,True,closed,"16,40",general;communication;gaming;portable,communication,100.0,115.0,frequency_units_ambiguous;unverified_reference_source;identity_duplicates_collapsed
bbd4ce8233b572ea037e,docyx_pc_part_dataset_2025_07_23,headset,Apple AirPods 3rd Gen Lightning,Apple,AirPods 3rd Gen Lightning,headset:apple:airpods-3rd-gen-lightning,inferred_first_token,reference_only_needs_verification,needs_review,False,1,White,True,in_ear,True,True,closed,,general;communication;gaming;portable,communication,100.0,115.0,unverified_reference_source
9bc519c85911ded25cdd,docyx_pc_part_dataset_2025_07_23,headset,Apple AirPods 3rd Gen MagSafe,Apple,AirPods 3rd Gen MagSafe,headset:apple:airpods-3rd-gen-magsafe,inferred_first_token,reference_only_needs_verification,needs_review,False,1,White,True,in_ear,True,True,closed,,general;communication;gaming;portable,communication,100.0,115.0,unverified_reference_source
65349534d2490fb24f66,docyx_pc_part_dataset_2025_07_23,headset,Apple AirPods Max,Apple,AirPods Max,headset:apple:airpods-max,inferred_first_token,reference_only_needs_verification,needs_review,False,5,Black;Blue;Green;Pink;Silver,True,over_ear,True,True,closed,,general;communication;gaming;portable,communication,100.0,115.0,unverified_reference_source;identity_duplicates_collapsed
e032a1a9a8823556d5af,docyx_pc_part_dataset_2025_07_23,headset,Apple AirPods Max (2024),Apple,AirPods Max (2024),headset:apple:airpods-max-2024,inferred_first_token,reference_only_needs_verification,needs_review,False,5,Black;Blue;Gold;Orange;Purple,True,over_ear,True,True,closed,,general;communication;gaming;portable,communication,100.0,115.0,unverified_reference_source;identity_duplicates_collapsed
3d1308d24a5dac2add78,docyx_pc_part_dataset_2025_07_23,headset,Apple AirPods Pro,Apple,AirPods Pro,headset:apple:airpods-pro,inferred_first_token,reference_only_needs_verification,needs_review,False,1,White,True,in_ear,True,True,closed,,general;communication;gaming;portable,communication,100.0,115.0,unverified_reference_source
e3b923901a1200fbcb50,docyx_pc_part_dataset_2025_07_23,headset,Apple AirPods Pro 2nd Gen MagSafe,Apple,AirPods Pro 2nd Gen MagSafe,headset:apple:airpods-pro-2nd-gen-magsafe,inferred_first_token,reference_only_needs_verification,needs_review,False,1,White,True,in_ear,True,True,closed,,general;communication;gaming;portable,communication,100.0,115.0,unverified_reference_source
83273eba170262f9a703,docyx_pc_part_dataset_2025_07_23,headset,Apple AirPods Pro 2nd Gen MagSafe USB-C,Apple,AirPods Pro 2nd Gen MagSafe USB-C,headset:apple:airpods-pro-2nd-gen-magsafe-usb-c,inferred_first_token,reference_only_needs_verification,needs_review,False,1,White,True,in_ear,True,True,closed,,general;communication;gaming;portable,communication,100.0,115.0,unverified_reference_source
676dc8c7990948394e53,docyx_pc_part_dataset_2025_07_23,headset,Apple Airpods 2nd Gen,Apple,Airpods 2nd Gen,headset:apple:airpods-2nd-gen,inferred_first_token,reference_only_needs_verification,needs_review,False,1,White,True,in_ear,True,True,closed,,general;communication;gaming;portable,communication,100.0,115.0,unverified_reference_source
ad97a694de7ce8d640ea,docyx_pc_part_dataset_2025_07_23,headset,Apple MD827LL/A,Apple,MD827LL/A,headset:apple:md827ll-a,inferred_first_token,reference_only_needs_verification,needs_review,False,1,White,True,in_ear,True,False,closed,,general;communication;gaming,gaming,100.0,115.0,unverified_reference_source
f359fad56643715905cd,docyx_pc_part_dataset_2025_07_23,headset,Astro A10 COD:CW,Astro,A10 COD:CW,headset:astro:a10-cod-cw,inferred_first_token,reference_only_needs_verification,needs_review,False,1,Black;Red,True,over_ear,True,True,closed,"20,20",general;communication;gaming;portable,communication,100.0,115.0,frequency_units_ambiguous;unverified_reference_source
f6e3fe0ad761f54bc974,docyx_pc_part_dataset_2025_07_23,headset,Astro A20 Gen 2,Astro,A20 Gen 2,headset:astro:a20-gen-2,inferred_first_token,reference_only_needs_verification,needs_review,False,2,Black;Blue;Green,True,over_ear,True,True,closed,"20,20",general;communication;gaming;portable,communication,100.0,115.0,frequency_units_ambiguous;unverified_reference_source;identity_duplicates_collapsed
9b06ad31b30a24e06de6,docyx_pc_part_dataset_2025_07_23,headset,Astro A40 + MIXAMP Pro,Astro,A40 + MIXAMP Pro,headset:astro:a40-mixamp-pro,inferred_first_token,reference_only_needs_verification,needs_review,False,1,Black,True,over_ear,True,False,closed,"20,20",general;communication;gaming,gaming,100.0,115.0,frequency_units_ambiguous;unverified_reference_source
52b3ae658017c979214f,docyx_pc_part_dataset_2025_07_23,headset,Astro A50 + Base Station,Astro,A50 + Base Station,headset:astro:a50-base-station,inferred_first_token,reference_only_needs_verification,needs_review,False,2,Black;Gold;Gray,True,over_ear,True,True,closed,"20,20",general;communication;gaming;portable,communication,100.0,115.0,frequency_units_ambiguous;unverified_reference_source;identity_duplicates_collapsed
f93fc5b5495263631e55,docyx_pc_part_dataset_2025_07_23,headset,Astro Gaming A10,Astro,Gaming A10,headset:astro:gaming-a10,inferred_first_token,reference_only_needs_verification,needs_review,False,3,Black;Blue;Green;Red,True,over_ear,True,False,closed,"20,20",general;communication;gaming,gaming,100.0,115.0,frequency_units_ambiguous;unverified_reference_source;identity_duplicates_collapsed
1446eb7feac4b7c2cd4e,docyx_pc_part_dataset_2025_07_23,headset,Astro Gaming A40 TR + MixAmp Pro TR,Astro,Gaming A40 TR + MixAmp Pro TR,headset:astro:gaming-a40-tr-mixamp-pro-tr,inferred_first_token,reference_only_needs_verification,needs_review,False,3,Black;Gold;Gray;White,True,over_ear,True,False,closed,"20,20",general;communication;gaming,gaming,100.0,115.0,frequency_units_ambiguous;unverified_reference_source;identity_duplicates_collapsed
cb5df9be16288650db43,docyx_pc_part_dataset_2025_07_23,headset,Audeze Maxwell for PlayStation 5,Audeze,Maxwell for PlayStation 5,headset:audeze:maxwell-for-playstation-5,inferred_first_token,reference_only_needs_verification,needs_review,False,1,Black;Blue,True,over_ear,True,True,closed,"10,50",general;communication;gaming;portable,communication,100.0,115.0,frequency_units_ambiguous;unverified_reference_source
c32520502a20eb9b3cf5,docyx_pc_part_dataset_2025_07_23,headset,Audeze Maxwell for Xbox Series X|S,Audeze,Maxwell for Xbox Series X|S,headset:audeze:maxwell-for-xbox-series-x-s,inferred_first_token,reference_only_needs_verification,needs_review,False,1,Black;Green,True,over_ear,True,True,closed,"10,50",general;communication;gaming;portable,communication,100.0,115.0,frequency_units_ambiguous;unverified_reference_source
1adbc6441a73dd59ecfc,docyx_pc_part_dataset_2025_07_23,headset,Audeze Penrose PS,Audeze,Penrose PS,headset:audeze:penrose-ps,inferred_first_token,reference_only_needs_verification,needs_review,False,1,Black;Blue,True,over_ear,True,True,closed,"10,50",general;communication;gaming;portable,communication,100.0,115.0,frequency_units_ambiguous;unverified_reference_source
9e7c609e0069785dddb2,docyx_pc_part_dataset_2025_07_23,headset,Audeze Penrose X,Audeze,Penrose X,headset:audeze:penrose-x,inferred_first_token,reference_only_needs_verification,needs_review,False,1,Black;Green,True,over_ear,True,True,closed,"10,50",general;communication;gaming;portable,communication,100.0,115.0,frequency_units_ambiguous;unverified_reference_source
f36355edb77717e2eac8,docyx_pc_part_dataset_2025_07_23,headset,Audio-Technica ATH-AD1000X,Audio-Technica,ATH-AD1000X,headset:audio-technica:ath-ad1000x,curated_alias,reference_only_needs_verification,needs_review,False,1,Black,False,over_ear,False,False,open,"5,40",general;music_creation,music_creation,100.0,115.0,frequency_units_ambiguous;unverified_reference_source
686c9f31e866d820713f,docyx_pc_part_dataset_2025_07_23,headset,Audio-Technica ATH-AD700,Audio-Technica,ATH-AD700,headset:audio-technica:ath-ad700,curated_alias,reference_only_needs_verification,needs_review,False,1,Purple,False,over_ear,False,False,open,"5,30",general;music_creation,music_creation,100.0,115.0,frequency_units_ambiguous;unverified_reference_source
36dcc2a410a712a57429,docyx_pc_part_dataset_2025_07_23,headset,Audio-Technica ATH-P1,Audio-Technica,ATH-P1,headset:audio-technica:ath-p1,curated_alias,reference_only_needs_verification,needs_review,False,1,Black,False,on_ear,False,False,semi_open,"30,20",general,communication,100.0,115.0,frequency_units_ambiguous;unverified_reference_source
6a1b5a4b374953fd4a42,docyx_pc_part_dataset_2025_07_23,headset,Audio-Technica ATH-RE70BK,Audio-Technica,ATH-RE70BK,headset:audio-technica:ath-re70bk,curated_alias,reference_only_needs_verification,needs_review,False,1,Black;Silver,False,on_ear,False,False,semi_open,"10,24",general,communication,100.0,115.0,frequency_units_ambiguous;unverified_reference_source
d0a481f79be604081231,docyx_pc_part_dataset_2025_07_23,headset,Audio-Technica ATH-RE70WH,Audio-Technica,ATH-RE70WH,headset:audio-technica:ath-re70wh,curated_alias,reference_only_needs_verification,needs_review,False,1,Black;Silver,False,on_ear,False,False,semi_open,"10,24",general,communication,100.0,115.0,frequency_units_ambiguous;unverified_reference_source
83f1aaf1cf90092f06b1,docyx_pc_part_dataset_2025_07_23,headset,Audio-Technica PRO-ATH-M2X,Audio-Technica,PRO-ATH-M2X,headset:audio-technica:pro-ath-m2x,curated_alias,reference_only_needs_verification,needs_review,False,1,Black,False,on_ear,False,False,semi_open,"20,20",general,communication,100.0,115.0,frequency_units_ambiguous;unverified_reference_source
dd9264f6afc1daa3e3a3,docyx_pc_part_dataset_2025_07_23,headset,Bang & Olufsen Beoplay H100,Bang,& Olufsen Beoplay H100,headset:bang:olufsen-beoplay-h100,inferred_first_token,reference_only_needs_verification,needs_review,False,3,Beige;Black;Copper;Gold;Silver,True,over_ear,True,True,closed,"10,40",general;communication;gaming;portable,communication,100.0,115.0,frequency_units_ambiguous;unverified_reference_source;identity_duplicates_collapsed
56e7bb00cf9b6e729b21,docyx_pc_part_dataset_2025_07_23,headset,Beyerdynamic MMX 100,Beyerdynamic,MMX 100,headset:beyerdynamic:mmx-100,curated_alias,reference_only_needs_verification,needs_review,False,2,Black;Gray,False,over_ear,True,False,closed,"5,30",general;communication;gaming,gaming,100.0,115.0,frequency_units_ambiguous;unverified_reference_source;identity_duplicates_collapsed
6225e26f8a6effbeeb8b,docyx_pc_part_dataset_2025_07_23,headset,Beyerdynamic MMX 150,Beyerdynamic,MMX 150,headset:beyerdynamic:mmx-150,curated_alias,reference_only_needs_verification,needs_review,False,2,Black;Gray,False,over_ear,True,False,closed,"5,30",general;communication;gaming,gaming,100.0,115.0,frequency_units_ambiguous;unverified_reference_source;identity_duplicates_collapsed
ad9c00e2b69af3b21078,docyx_pc_part_dataset_2025_07_23,headset,Beyerdynamic MMX 2,Beyerdynamic,MMX 2,headset:beyerdynamic:mmx-2,curated_alias,reference_only_needs_verification,needs_review,False,1,Black,False,on_ear,True,False,closed,"18,22",general;communication;gaming,gaming,100.0,115.0,frequency_units_ambiguous;unverified_reference_source
a6bb64ecdabf432c1280,docyx_pc_part_dataset_2025_07_23,headset,Beyerdynamic MMX 300,Beyerdynamic,MMX 300,headset:beyerdynamic:mmx-300,curated_alias,reference_only_needs_verification,needs_review,False,1,Black,False,over_ear,True,False,closed,"5,30",general;communication;gaming,gaming,100.0,115.0,frequency_units_ambiguous;unverified_reference_source
ab730d296e3dea9dcfe8,docyx_pc_part_dataset_2025_07_23,headset,Bose QuietComfort 35 Series II,Bose,QuietComfort 35 Series II,headset:bose:quietcomfort-35-series-ii,inferred_first_token,reference_only_needs_verification,needs_review,False,4,Black;Blue;Pink;Silver;White,True,over_ear,True,True,closed,,general;communication;gaming;portable,communication,100.0,115.0,unverified_reference_source;identity_duplicates_collapsed
c87258e5b2ad71525ff2,docyx_pc_part_dataset_2025_07_23,headset,Creative Labs 51EF0650AA005,Creative,Labs 51EF0650AA005,headset:creative:labs-51ef0650aa005,curated_alias,reference_only_needs_verification,needs_review,False,1,White,False,on_ear,True,False,closed,"10,20",general;communication;gaming,gaming,100.0,115.0,frequency_units_ambiguous;unverified_reference_source
63ef339154d55f672802,docyx_pc_part_dataset_2025_07_23,headset,Creative Labs Aurvana Live! 2,Creative,Labs Aurvana Live! 2,headset:creative:labs-aurvana-live-2,curated_alias,reference_only_needs_verification,needs_review,False,1,Black;Silver,False,over_ear,True,False,closed,"10,30",general;communication;gaming,gaming,100.0,115.0,frequency_units_ambiguous;unverified_reference_source
738fb23e00c5d4d50fe3,docyx_pc_part_dataset_2025_07_23,headset,Creative Labs ChatMax HS-420,Creative,Labs ChatMax HS-420,headset:creative:labs-chatmax-hs-420,curated_alias,reference_only_needs_verification,needs_review,False,1,Black;Silver,False,on_ear,True,False,closed,"20,20",general;communication;gaming,gaming,100.0,115.0,frequency_units_ambiguous;unverified_reference_source
eb2451e9bf320aa83f6b,docyx_pc_part_dataset_2025_07_23,headset,Creative Labs ChatMax HS-720,Creative,Labs ChatMax HS-720,headset:creative:labs-chatmax-hs-720,curated_alias,reference_only_needs_verification,needs_review,False,1,Black;Silver,False,over_ear,True,False,closed,"20,20",general;communication;gaming,gaming,100.0,115.0,frequency_units_ambiguous;unverified_reference_source
33c1d9fb45cb46e04ab6,docyx_pc_part_dataset_2025_07_23,headset,Creative Labs Creative Fatal1ty,Creative,Labs Creative Fatal1ty,headset:creative:labs-creative-fatal1ty,curated_alias,reference_only_needs_verification,needs_review,False,1,Black;Red,False,over_ear,True,False,closed,"20,20",general;communication;gaming,gaming,100.0,115.0,frequency_units_ambiguous;unverified_reference_source
f275c2acbfc837d54382,docyx_pc_part_dataset_2025_07_23,headset,Creative Labs DRACO HS880,Creative,Labs DRACO HS880,headset:creative:labs-draco-hs880,curated_alias,reference_only_needs_verification,needs_review,False,1,Black;Red,False,over_ear,True,False,closed,"20,20",general;communication;gaming,gaming,100.0,115.0,frequency_units_ambiguous;unverified_reference_source
10b1e8bd4cb1c972067c,docyx_pc_part_dataset_2025_07_23,headset,Creative Labs EVO Wireless,Creative,Labs EVO Wireless,headset:creative:labs-evo-wireless,curated_alias,reference_only_needs_verification,needs_review,False,1,Black;Red,False,over_ear,True,True,closed,,general;communication;gaming;portable,communication,100.0,115.0,unverified_reference_source
3dfc2992035821088c21,docyx_pc_part_dataset_2025_07_23,headset,Creative Labs EVO Zx,Creative,Labs EVO Zx,headset:creative:labs-evo-zx,curated_alias,reference_only_needs_verification,needs_review,False,1,Black;Red,False,on_ear,True,True,closed,"20,20",general;communication;gaming;portable,communication,100.0,115.0,frequency_units_ambiguous;unverified_reference_source
2ee2ea36becf7428ff75,docyx_pc_part_dataset_2025_07_23,headset,Creative Labs EVO ZxR,Creative,Labs EVO ZxR,headset:creative:labs-evo-zxr,curated_alias,reference_only_needs_verification,needs_review,False,1,Black;Red,False,over_ear,True,True,closed,,general;communication;gaming;portable,communication,100.0,115.0,unverified_reference_source
b74a0378398045f7cc8a,docyx_pc_part_dataset_2025_07_23,headset,Creative Labs H3,Creative,Labs H3,headset:creative:labs-h3,curated_alias,reference_only_needs_verification,needs_review,False,1,Black;Red,False,over_ear,True,False,closed,"20,20",general;communication;gaming,gaming,100.0,115.0,frequency_units_ambiguous;unverified_reference_source
fa846d3170765b00f4e1,docyx_pc_part_dataset_2025_07_23,headset,Creative Labs H5,Creative,Labs H5,headset:creative:labs-h5,curated_alias,reference_only_needs_verification,needs_review,False,1,Black;Red,False,over_ear,True,False,closed,"20,20",general;communication;gaming,gaming,100.0,115.0,frequency_units_ambiguous;unverified_reference_source
119edc8d3fffd6b35937,docyx_pc_part_dataset_2025_07_23,headset,Creative Labs HITZ MA200 Black,Creative,Labs HITZ MA200 Black,headset:creative:labs-hitz-ma200-black,curated_alias,reference_only_needs_verification,needs_review,False,1,Black,False,in_ear,True,False,closed,"8,22",general;communication;gaming,gaming,100.0,115.0,frequency_units_ambiguous;unverified_reference_source
b26d260d95ea785455f5,docyx_pc_part_dataset_2025_07_23,headset,Creative Labs HITZ MA2400,Creative,Labs HITZ MA2400,headset:creative:labs-hitz-ma2400,curated_alias,reference_only_needs_verification,needs_review,False,2,Black;White,False,on_ear,True,False,closed,"15,20",general;communication;gaming,gaming,100.0,115.0,frequency_units_ambiguous;unverified_reference_source;identity_duplicates_collapsed
8907abd1cbcb2e25eef7,docyx_pc_part_dataset_2025_07_23,headset,Creative Labs HITZ MA350 Green,Creative,Labs HITZ MA350 Green,headset:creative:labs-hitz-ma350-green,curated_alias,reference_only_needs_verification,needs_review,False,1,Green;White,False,in_ear,True,False,closed,"6,23",general;communication;gaming,gaming,100.0,115.0,frequency_units_ambiguous;unverified_reference_source
d80a639f353c5a55ff59,docyx_pc_part_dataset_2025_07_23,headset,Creative Labs HITZ MA350 Red,Creative,Labs HITZ MA350 Red,headset:creative:labs-hitz-ma350-red,curated_alias,reference_only_needs_verification,needs_review,False,1,Black;Red,False,in_ear,True,False,closed,"6,23",general;communication;gaming,gaming,100.0,115.0,frequency_units_ambiguous;unverified_reference_source
de26abf4425555e71209,docyx_pc_part_dataset_2025_07_23,headset,Creative Labs HS-420,Creative,Labs HS-420,headset:creative:labs-hs-420,curated_alias,reference_only_needs_verification,needs_review,False,1,Black;Silver,False,on_ear,True,False,closed,,general;communication;gaming,gaming,100.0,115.0,unverified_reference_source
bb88d80a06c0d03554d3,docyx_pc_part_dataset_2025_07_23,headset,Creative Labs HS-620,Creative,Labs HS-620,headset:creative:labs-hs-620,curated_alias,reference_only_needs_verification,needs_review,False,1,Black;Silver,False,over_ear,True,False,closed,,general;communication;gaming,gaming,100.0,115.0,unverified_reference_source
f019e9a743baea965cf2,docyx_pc_part_dataset_2025_07_23,headset,Creative Labs HS-720,Creative,Labs HS-720,headset:creative:labs-hs-720,curated_alias,reference_only_needs_verification,needs_review,False,1,Black;Silver,False,on_ear,True,False,closed,,general;communication;gaming,gaming,100.0,115.0,unverified_reference_source
ee8f7f53cf8871688dc4,docyx_pc_part_dataset_2025_07_23,headset,Creative Labs HS-800 Fatal1ty,Creative,Labs HS-800 Fatal1ty,headset:creative:labs-hs-800-fatal1ty,curated_alias,reference_only_needs_verification,needs_review,False,1,Black;Red,False,over_ear,True,False,closed,,general;communication;gaming,gaming,100.0,115.0,unverified_reference_source
b1b12a6f4bf700b56037,docyx_pc_part_dataset_2025_07_23,headset,Creative Labs Hs-430,Creative,Labs Hs-430,headset:creative:labs-hs-430,curated_alias,reference_only_needs_verification,needs_review,False,1,Black;Red,False,on_ear,True,False,closed,"20,20",general;communication;gaming,gaming,100.0,115.0,frequency_units_ambiguous;unverified_reference_source
de39fee7e09217da8a7a,docyx_pc_part_dataset_2025_07_23,headset,Creative Labs MA2600,Creative,Labs MA2600,headset:creative:labs-ma2600,curated_alias,reference_only_needs_verification,needs_review,False,1,Black,False,over_ear,True,False,closed,"10,20",general;communication;gaming,gaming,100.0,115.0,frequency_units_ambiguous;unverified_reference_source
4b6249dcc50b6b5b44fe,docyx_pc_part_dataset_2025_07_23,headset,Creative Labs P5,Creative,Labs P5,headset:creative:labs-p5,curated_alias,reference_only_needs_verification,needs_review,False,1,Black;Red,False,in_ear,True,False,closed,,general;communication;gaming,gaming,100.0,115.0,unverified_reference_source
3455a547b25740599a88,docyx_pc_part_dataset_2025_07_23,headset,Creative Labs Recon3D Omega,Creative,Labs Recon3D Omega,headset:creative:labs-recon3d-omega,curated_alias,reference_only_needs_verification,needs_review,False,1,Black,False,over_ear,True,True,closed,"20,20",general;communication;gaming;portable,communication,100.0,115.0,frequency_units_ambiguous;unverified_reference_source
248eac36314179c7d18e,docyx_pc_part_dataset_2025_07_23,headset,Creative Labs SUPER X-FI AIR,Creative,Labs SUPER X-FI AIR,headset:creative:labs-super-x-fi-air,curated_alias,reference_only_needs_verification,needs_review,False,1,Black;White,False,over_ear,True,True,closed,"20,20",general;communication;gaming;portable,communication,100.0,115.0,frequency_units_ambiguous;unverified_reference_source
fbbb3cc18575a0278bde,docyx_pc_part_dataset_2025_07_23,headset,Creative Labs SUPER X-FI AIR C,Creative,Labs SUPER X-FI AIR C,headset:creative:labs-super-x-fi-air-c,curated_alias,reference_only_needs_verification,needs_review,False,1,Black;Blue,False,over_ear,True,False,closed,"20,20",general;communication;gaming,gaming,100.0,115.0,frequency_units_ambiguous;unverified_reference_source
c367e571fbf9595c29a6,docyx_pc_part_dataset_2025_07_23,headset,Creative Labs SXFI Gamer,Creative,Labs SXFI Gamer,headset:creative:labs-sxfi-gamer,curated_alias,reference_only_needs_verification,needs_review,False,1,Black,False,over_ear,True,False,closed,"20,20",general;communication;gaming,gaming,100.0,115.0,frequency_units_ambiguous;unverified_reference_source
a56e6ba51e02d5b31c2c,docyx_pc_part_dataset_2025_07_23,headset,Creative Labs Sound Blaster Blaze,Creative,Labs Sound Blaster Blaze,headset:creative:labs-sound-blaster-blaze,curated_alias,reference_only_needs_verification,needs_review,False,1,Black;Red,False,over_ear,True,False,closed,"20,20",general;communication;gaming,gaming,100.0,115.0,frequency_units_ambiguous;unverified_reference_source
7f6a002938715aefc893,docyx_pc_part_dataset_2025_07_23,headset,Creative Labs Sound Blaster Inferno,Creative,Labs Sound Blaster Inferno,headset:creative:labs-sound-blaster-inferno,curated_alias,reference_only_needs_verification,needs_review,False,1,Black;Red,False,over_ear,True,False,closed,"20,20",general;communication;gaming,gaming,100.0,115.0,frequency_units_ambiguous;unverified_reference_source
d62eb6fc56a0f22204ed,docyx_pc_part_dataset_2025_07_23,headset,Creative Labs Sound Blaster Tactic 3D Alpha,Creative,Labs Sound Blaster Tactic 3D Alpha,headset:creative:labs-sound-blaster-tactic-3d-alpha,curated_alias,reference_only_needs_verification,needs_review,False,1,Black,False,over_ear,True,False,closed,,general;communication;gaming,gaming,100.0,115.0,unverified_reference_source
1b65a8e6c49da82741fa,docyx_pc_part_dataset_2025_07_23,headset,Creative Labs Sound Blaster Tactic 3D Sigma,Creative,Labs Sound Blaster Tactic 3D Sigma,headset:creative:labs-sound-blaster-tactic-3d-sigma,curated_alias,reference_only_needs_verification,needs_review,False,1,Black,False,over_ear,True,False,closed,"20,20",general;communication;gaming,gaming,100.0,115.0,frequency_units_ambiguous;unverified_reference_source
4db6498ea6bcfc6dfa04,docyx_pc_part_dataset_2025_07_23,headset,Creative Labs Sound Blaster Tactic3D Alpha,Creative,Labs Sound Blaster Tactic3D Alpha,headset:creative:labs-sound-blaster-tactic3d-alpha,curated_alias,reference_only_needs_verification,needs_review,False,1,Black,False,over_ear,True,False,closed,,general;communication;gaming,gaming,100.0,115.0,unverified_reference_source
5852be443c9ec71b08e6,docyx_pc_part_dataset_2025_07_23,headset,Creative Labs Sound Blaster Tactic3D Fury,Creative,Labs Sound Blaster Tactic3D Fury,headset:creative:labs-sound-blaster-tactic3d-fury,curated_alias,reference_only_needs_verification,needs_review,False,1,Black;Red,False,over_ear,True,False,closed,"20,20",general;communication;gaming,gaming,100.0,115.0,frequency_units_ambiguous;unverified_reference_source
976e1c6a78e4844730cc,docyx_pc_part_dataset_2025_07_23,headset,Creative Labs Sound Blaster Tactic3D Sigma,Creative,Labs Sound Blaster Tactic3D Sigma,headset:creative:labs-sound-blaster-tactic3d-sigma,curated_alias,reference_only_needs_verification,needs_review,False,1,Black,False,over_ear,True,False,closed,,general;communication;gaming,gaming,100.0,115.0,unverified_reference_source
32725a9491ed0623d703,docyx_pc_part_dataset_2025_07_23,headset,Creative Labs Sound BlasterX H3,Creative,Labs Sound BlasterX H3,headset:creative:labs-sound-blasterx-h3,curated_alias,reference_only_needs_verification,needs_review,False,1,Black;Red,False,over_ear,True,False,closed,"20,20",general;communication;gaming,gaming,100.0,115.0,frequency_units_ambiguous;unverified_reference_source
85d0886bac13dd5c2b9c,docyx_pc_part_dataset_2025_07_23,headset,Creative Labs Tactic3D Rage,Creative,Labs Tactic3D Rage,headset:creative:labs-tactic3d-rage,curated_alias,reference_only_needs_verification,needs_review,False,1,Black;Red,False,over_ear,True,False,closed,"20,20",general;communication;gaming,gaming,100.0,115.0,frequency_units_ambiguous;unverified_reference_source
ba3592b088e81dd02910,docyx_pc_part_dataset_2025_07_23,headset,Creative Labs Tactic3D Rage V2.0,Creative,Labs Tactic3D Rage V2.0,headset:creative:labs-tactic3d-rage-v2-0,curated_alias,reference_only_needs_verification,needs_review,False,1,Black;Red,False,over_ear,True,False,closed,"20,20",general;communication;gaming,gaming,100.0,115.0,frequency_units_ambiguous;unverified_reference_source
e9b21b2ebfa8be666bed,docyx_pc_part_dataset_2025_07_23,headset,Creative Labs Tactic3D Rage Wireless,Creative,Labs Tactic3D Rage Wireless,headset:creative:labs-tactic3d-rage-wireless,curated_alias,reference_only_needs_verification,needs_review,False,1,Black;Red,False,over_ear,True,True,closed,"20,20",general;communication;gaming;portable,communication,100.0,115.0,frequency_units_ambiguous;unverified_reference_source
f69548cd5b0199dea05d,docyx_pc_part_dataset_2025_07_23,headset,Creative Labs Tactic3D Rage Wireless V2.0,Creative,Labs Tactic3D Rage Wireless V2.0,headset:creative:labs-tactic3d-rage-wireless-v2-0,curated_alias,reference_only_needs_verification,needs_review,False,1,Black;Red,False,over_ear,True,True,closed,"20,20",general;communication;gaming;portable,communication,100.0,115.0,frequency_units_ambiguous;unverified_reference_source
035531815f8839dcafe4,docyx_pc_part_dataset_2025_07_23,headset,Creative Labs Tactic3D Wrath Wireless,Creative,Labs Tactic3D Wrath Wireless,headset:creative:labs-tactic3d-wrath-wireless,curated_alias,reference_only_needs_verification,needs_review,False,1,Black;Red,False,over_ear,True,True,closed,"20,20",general;communication;gaming;portable,communication,100.0,115.0,frequency_units_ambiguous;unverified_reference_source
870570b3957245a2f7ab,docyx_pc_part_dataset_2025_07_23,headset,Creative Labs WP-250,Creative,Labs WP-250,headset:creative:labs-wp-250,curated_alias,reference_only_needs_verification,needs_review,False,1,Black;Silver,False,in_ear,True,False,closed,"20,20",general;communication;gaming,gaming,100.0,115.0,frequency_units_ambiguous;unverified_reference_source
712a673e0f4ed391fbdf,docyx_pc_part_dataset_2025_07_23,headset,Creative Labs Wireless V2.0,Creative,Labs Wireless V2.0,headset:creative:labs-wireless-v2-0,curated_alias,reference_only_needs_verification,needs_review,False,1,Black;Red,False,over_ear,True,True,closed,"20,20",general;communication;gaming;portable,communication,100.0,115.0,frequency_units_ambiguous;unverified_reference_source
82d04f1f19bfce82e643,docyx_pc_part_dataset_2025_07_23,headset,Cyber Acoustics AC-100B,Cyber Acoustics,AC-100B,headset:cyber-acoustics:ac-100b,curated_alias,reference_only_needs_verification,needs_review,False,1,Black,False,on_ear,True,False,closed,"20,20",general;communication;gaming,gaming,100.0,115.0,frequency_units_ambiguous;unverified_reference_source
009025730cd4d32d552d,docyx_pc_part_dataset_2025_07_23,headset,Cyber Acoustics AC-200B,Cyber Acoustics,AC-200B,headset:cyber-acoustics:ac-200b,curated_alias,reference_only_needs_verification,needs_review,False,1,Black,False,on_ear,True,False,closed,"20,20",general;communication;gaming,gaming,100.0,115.0,frequency_units_ambiguous;unverified_reference_source
a767369520e70a1b5c89,docyx_pc_part_dataset_2025_07_23,headset,Cyber Acoustics AC-400MV,Cyber Acoustics,AC-400MV,headset:cyber-acoustics:ac-400mv,curated_alias,reference_only_needs_verification,needs_review,False,1,Black,False,on_ear,True,False,closed,"20,20",general;communication;gaming,gaming,100.0,115.0,frequency_units_ambiguous;unverified_reference_source
37b0eabc27edac155b2f,docyx_pc_part_dataset_2025_07_23,headset,Cyber Acoustics AC-96I,Cyber Acoustics,AC-96I,headset:cyber-acoustics:ac-96i,curated_alias,reference_only_needs_verification,needs_review,False,1,Black;Silver,False,in_ear,True,False,closed,,general;communication;gaming,gaming,100.0,115.0,unverified_reference_source
99ac996fca9582410cb8,docyx_pc_part_dataset_2025_07_23,headset,Cyber Acoustics AC851B,Cyber Acoustics,AC851B,headset:cyber-acoustics:ac851b,curated_alias,reference_only_needs_verification,needs_review,False,1,Black;Silver,False,over_ear,True,False,closed,"20,20",general;communication;gaming,gaming,100.0,115.0,frequency_units_ambiguous;unverified_reference_source
e7dcff0343f87d417c93,docyx_pc_part_dataset_2025_07_23,headset,Cyber Acoustics ACM-7002,Cyber Acoustics,ACM-7002,headset:cyber-acoustics:acm-7002,curated_alias,reference_only_needs_verification,needs_review,False,1,Black;Silver,False,over_ear,True,False,closed,"20,20",general;communication;gaming,gaming,100.0,115.0,frequency_units_ambiguous;unverified_reference_source
7cddbe486540b6577766,docyx_pc_part_dataset_2025_07_23,headset,EKSA E900 PRO,EKSA,E900 PRO,headset:eksa:e900-pro,inferred_first_token,reference_only_needs_verification,needs_review,False,2,Black;Green;Red,True,over_ear,True,False,closed,"20,20",general;communication;gaming,gaming,100.0,115.0,frequency_units_ambiguous;unverified_reference_source;identity_duplicates_collapsed
5f61b2d5c491cb3e5e13,docyx_pc_part_dataset_2025_07_23,headset,EPOS H6PRO,EPOS,H6PRO,headset:epos:h6pro,inferred_first_token,reference_only_needs_verification,needs_review,False,6,Black;Blue;Gold;Green;Silver;White,True,over_ear,True,False,closed,"20,20",general;communication;gaming,gaming,100.0,115.0,frequency_units_ambiguous;unverified_reference_source;identity_duplicates_collapsed
292154ba63b032701a6b,docyx_pc_part_dataset_2025_07_23,headset,Fractal Design Scape,Fractal,Design Scape,headset:fractal:design-scape,inferred_first_token,reference_only_needs_verification,needs_review,False,2,Black;White,True,over_ear,True,True,closed,"20,20",general;communication;gaming;portable,communication,100.0,115.0,frequency_units_ambiguous;unverified_reference_source;identity_duplicates_collapsed
286d71a9c074cca6061b,docyx_pc_part_dataset_2025_07_23,headset,GALAX HOF Maestro Matte,GALAX,HOF Maestro Matte,headset:galax:hof-maestro-matte,inferred_first_token,reference_only_needs_verification,needs_review,False,2,Black;White,True,over_ear,True,False,closed,"20,20",general;communication;gaming,gaming,100.0,115.0,frequency_units_ambiguous;unverified_reference_source;identity_duplicates_collapsed
94fd2a02691c116b01d0,docyx_pc_part_dataset_2025_07_23,headset,GameStop RGB Pro,GameStop,RGB Pro,headset:gamestop:rgb-pro,inferred_first_token,reference_only_needs_verification,needs_review,False,1,Black,True,over_ear,True,False,closed,,general;communication;gaming,gaming,100.0,115.0,unverified_reference_source
9bfcea2ff981ec11bead,docyx_pc_part_dataset_2025_07_23,headset,GameStop TWS,GameStop,TWS,headset:gamestop:tws,inferred_first_token,reference_only_needs_verification,needs_review,False,1,Black,True,in_ear,True,True,closed,"20,20",general;communication;gaming;portable,communication,100.0,115.0,frequency_units_ambiguous;unverified_reference_source
53be1b64375077189bf6,docyx_pc_part_dataset_2025_07_23,headset,Gear Head AU1200M,Gear,Head AU1200M,headset:gear:head-au1200m,inferred_first_token,reference_only_needs_verification,needs_review,False,1,Black,True,on_ear,True,False,closed,,general;communication;gaming,gaming,100.0,115.0,unverified_reference_source
9b1b5db0263889385742,docyx_pc_part_dataset_2025_07_23,headset,Genius HS-02B,Genius,HS-02B,headset:genius:hs-02b,inferred_first_token,reference_only_needs_verification,needs_review,False,1,Black;Silver,True,on_ear,True,False,closed,"20,20",general;communication;gaming,gaming,100.0,115.0,frequency_units_ambiguous;unverified_reference_source
d6fdcb24bc5a45abae63,docyx_pc_part_dataset_2025_07_23,headset,Gigabyte Aorus H1,Gigabyte,Aorus H1,headset:gigabyte:aorus-h1,curated_alias,reference_only_needs_verification,needs_review,False,1,Black;White,False,over_ear,True,False,closed,"20,20",general;communication;gaming,gaming,100.0,115.0,frequency_units_ambiguous;unverified_reference_source
4111d276c4fcf805acbc,docyx_pc_part_dataset_2025_07_23,headset,Gigabyte FORCE H3X,Gigabyte,FORCE H3X,headset:gigabyte:force-h3x,curated_alias,reference_only_needs_verification,needs_review,False,1,Black,False,over_ear,True,False,closed,"20,20",general;communication;gaming,gaming,100.0,115.0,frequency_units_ambiguous;unverified_reference_source
dcaeba115b7c0f19166a,docyx_pc_part_dataset_2025_07_23,headset,HP Cloud Freestyle,HP,Cloud Freestyle,headset:hp:cloud-freestyle,curated_alias,reference_only_needs_verification,needs_review,False,1,Black;White,False,over_ear,True,False,closed,"15,25",general;communication;gaming,gaming,100.0,115.0,frequency_units_ambiguous;unverified_reference_source
d62af8aa8241d4c7b65e,docyx_pc_part_dataset_2025_07_23,headset,HP Cloud II,HP,Cloud II,headset:hp:cloud-ii,curated_alias,reference_only_needs_verification,needs_review,False,1,Black;Red,False,over_ear,True,False,closed,"15,25",general;communication;gaming,gaming,100.0,115.0,frequency_units_ambiguous;unverified_reference_source
b98ec2d3a7829b109654,docyx_pc_part_dataset_2025_07_23,headset,HP OMEN Blast,HP,OMEN Blast,headset:hp:omen-blast,curated_alias,reference_only_needs_verification,needs_review,False,1,Black,False,over_ear,True,False,closed,"20,20",general;communication;gaming,gaming,100.0,115.0,frequency_units_ambiguous;unverified_reference_source
21a9edcfd07a74f4dc25,docyx_pc_part_dataset_2025_07_23,headset,HP OMEN Mindframe,HP,OMEN Mindframe,headset:hp:omen-mindframe,curated_alias,reference_only_needs_verification,needs_review,False,1,Black;Red,False,over_ear,True,False,closed,,general;communication;gaming,gaming,100.0,115.0,unverified_reference_source
504e8030638397b5c3a7,docyx_pc_part_dataset_2025_07_23,headset,HP OMEN Mindframe Prime,HP,OMEN Mindframe Prime,headset:hp:omen-mindframe-prime,curated_alias,reference_only_needs_verification,needs_review,False,2,Black;Red,False,over_ear,True,False,closed,,general;communication;gaming,gaming,100.0,115.0,unverified_reference_source;identity_duplicates_collapsed
de9c5fef952ecf0b82cb,docyx_pc_part_dataset_2025_07_23,headset,HYTE eclipse HG10,HYTE,eclipse HG10,headset:hyte:eclipse-hg10,inferred_first_token,reference_only_needs_verification,needs_review,False,1,Gray;Silver,True,over_ear,True,True,closed,"20,20",general;communication;gaming;portable,communication,100.0,115.0,frequency_units_ambiguous;unverified_reference_source
ffa0dc4745e4eae05387,docyx_pc_part_dataset_2025_07_23,headset,Harman Kardon J33IWHT,Harman,Kardon J33IWHT,headset:harman:kardon-j33iwht,inferred_first_token,reference_only_needs_verification,needs_review,False,1,Black;White,True,in_ear,True,False,closed,"10,24",general;communication;gaming,gaming,100.0,115.0,frequency_units_ambiguous;unverified_reference_source
8ac732673b0fad8d3a03,docyx_pc_part_dataset_2025_07_23,headset,Harman Kardon J88IBLK,Harman,Kardon J88IBLK,headset:harman:kardon-j88iblk,inferred_first_token,reference_only_needs_verification,needs_review,False,1,Black;Silver,True,over_ear,True,False,closed,"8,24",general;communication;gaming,gaming,100.0,115.0,frequency_units_ambiguous;unverified_reference_source
894deb86597bc3e7652f,docyx_pc_part_dataset_2025_07_23,headset,HiFiMAN Edition S,HiFiMAN,Edition S,headset:hifiman:edition-s,curated_alias,reference_only_needs_verification,needs_review,False,2,Black;White,False,over_ear,True,False,closed,"15,22",general;communication;gaming,gaming,100.0,115.0,frequency_units_ambiguous;unverified_reference_source;identity_duplicates_collapsed
9ec1bd9c5b7a663cdc3f,docyx_pc_part_dataset_2025_07_23,headset,IOGEAR Kaliber Gaming NUKLEUS,IOGEAR,Kaliber Gaming NUKLEUS,headset:iogear:kaliber-gaming-nukleus,inferred_first_token,reference_only_needs_verification,needs_review,False,1,Black,True,over_ear,True,False,closed,"20,20",general;communication;gaming,gaming,100.0,115.0,frequency_units_ambiguous;unverified_reference_source
a08d4dd17185105f084a,docyx_pc_part_dataset_2025_07_23,headset,JBL Quantum 800,JBL,Quantum 800,headset:jbl:quantum-800,curated_alias,reference_only_needs_verification,needs_review,False,1,Black,False,over_ear,True,True,closed,"20,20",general;communication;gaming;portable,communication,100.0,115.0,frequency_units_ambiguous;unverified_reference_source
7b810d6a787757a72605,docyx_pc_part_dataset_2025_07_23,headset,JVC HA-A6T,JVC,HA-A6T,headset:jvc:ha-a6t,inferred_first_token,reference_only_needs_verification,needs_review,False,5,Black;Blue;Green;Red;White,True,in_ear,True,True,closed,"20,20",general;communication;gaming;portable,communication,100.0,115.0,frequency_units_ambiguous;unverified_reference_source;identity_duplicates_collapsed
591524b4083c1e6d90a6,docyx_pc_part_dataset_2025_07_23,headset,JVC HA-ENR15-B-K,JVC,HA-ENR15-B-K,headset:jvc:ha-enr15-b-k,inferred_first_token,reference_only_needs_verification,needs_review,False,1,Black;Red,True,in_ear,True,False,closed,,general;communication;gaming,gaming,100.0,115.0,unverified_reference_source
fea277dc0467f5b7254c,docyx_pc_part_dataset_2025_07_23,headset,Kensington k33323ww,Kensington,k33323ww,headset:kensington:k33323ww,curated_alias,reference_only_needs_verification,needs_review,False,1,Black,False,on_ear,True,False,closed,,general;communication;gaming,gaming,100.0,115.0,unverified_reference_source
9b631601e0a34f9a3324,docyx_pc_part_dataset_2025_07_23,headset,Koss GMR-540-ISO,Koss,GMR-540-ISO,headset:koss:gmr-540-iso,curated_alias,reference_only_needs_verification,needs_review,False,1,Black;Red,False,over_ear,True,False,closed,"15,22",general;communication;gaming,gaming,100.0,115.0,frequency_units_ambiguous;unverified_reference_source
faa2c308d2992a983c53,docyx_pc_part_dataset_2025_07_23,headset,Logitech 200vi,Logitech,200vi,headset:logitech:200vi,curated_alias,reference_only_needs_verification,needs_review,False,2,Purple,True,in_ear,False,False,closed,"20,20",general,communication,100.0,115.0,frequency_units_ambiguous;unverified_reference_source;identity_duplicates_collapsed
5b66d9e156b7e67dca89,docyx_pc_part_dataset_2025_07_23,headset,Logitech 600vi,Logitech,600vi,headset:logitech:600vi,curated_alias,reference_only_needs_verification,needs_review,False,2,Black;Red;Silver,True,in_ear,False,False,closed,"20,20",general,communication,100.0,115.0,frequency_units_ambiguous;unverified_reference_source;identity_duplicates_collapsed
78c264e3d398bdc58571,docyx_pc_part_dataset_2025_07_23,headset,MSI IMMERSE GH40 ENC,MSI,IMMERSE GH40 ENC,headset:msi:immerse-gh40-enc,curated_alias,reference_only_needs_verification,needs_review,False,1,Black,False,over_ear,True,False,closed,"20,20",general;communication;gaming,gaming,100.0,115.0,frequency_units_ambiguous;unverified_reference_source
1518b1de8bf47d4d0e22,docyx_pc_part_dataset_2025_07_23,headset,MSI Immerse GH61,MSI,Immerse GH61,headset:msi:immerse-gh61,curated_alias,reference_only_needs_verification,needs_review,False,1,Black,False,over_ear,True,False,closed,"29,40",general;communication;gaming,gaming,100.0,115.0,frequency_units_ambiguous;unverified_reference_source
c98254c0d1cd33e8a8fa,docyx_pc_part_dataset_2025_07_23,headset,Mad Catz E.S. Pro+,Mad Catz,E.S. Pro+,headset:mad-catz:e-s-pro,curated_alias,reference_only_needs_verification,needs_review,False,1,Black,False,in_ear,True,False,closed,"20,20",general;communication;gaming,gaming,100.0,115.0,frequency_units_ambiguous;unverified_reference_source
c59c2694d6f0a19d1696,docyx_pc_part_dataset_2025_07_23,headset,Mad Catz F.R.E.Q. 7,Mad Catz,F.R.E.Q. 7,headset:mad-catz:f-r-e-q-7,curated_alias,reference_only_needs_verification,needs_review,False,2,Black,False,over_ear,True,False,closed,,general;communication;gaming,gaming,100.0,115.0,unverified_reference_source;identity_duplicates_collapsed
acee92f02451d5a8d9a4,docyx_pc_part_dataset_2025_07_23,headset,Mad Catz F.R.E.Q. M,Mad Catz,F.R.E.Q. M,headset:mad-catz:f-r-e-q-m,curated_alias,reference_only_needs_verification,needs_review,False,2,Black;Red,False,over_ear,True,False,closed,"20,20",general;communication;gaming,gaming,100.0,115.0,frequency_units_ambiguous;unverified_reference_source;identity_duplicates_collapsed
d31bfd0e33951657ebd5,docyx_pc_part_dataset_2025_07_23,headset,Mad Catz F.R.E.Q.9,Mad Catz,F.R.E.Q.9,headset:mad-catz:f-r-e-q-9,curated_alias,reference_only_needs_verification,needs_review,False,1,Black;Red,False,over_ear,True,True,closed,,general;communication;gaming;portable,communication,100.0,115.0,unverified_reference_source
3af3c253e216c24fcb51,docyx_pc_part_dataset_2025_07_23,headset,Mad Catz F.R.E.Q.TE,Mad Catz,F.R.E.Q.TE,headset:mad-catz:f-r-e-q-te,curated_alias,reference_only_needs_verification,needs_review,False,1,Black;Blue,False,over_ear,True,False,closed,,general;communication;gaming,gaming,100.0,115.0,unverified_reference_source
dd84c536cd1915bc8d0b,docyx_pc_part_dataset_2025_07_23,headset,Mad Catz Kunai,Mad Catz,Kunai,headset:mad-catz:kunai,curated_alias,reference_only_needs_verification,needs_review,False,2,Black,False,on_ear,True,True,closed,"20,20",general;communication;gaming;portable,communication,100.0,115.0,frequency_units_ambiguous;unverified_reference_source;identity_duplicates_collapsed
79bfb7ed138da1978393,docyx_pc_part_dataset_2025_07_23,headset,Mad Catz MCB434040002/02/1,Mad Catz,MCB434040002/02/1,headset:mad-catz:mcb434040002-02-1,curated_alias,reference_only_needs_verification,needs_review,False,1,Black,False,on_ear,True,False,closed,"20,20",general;communication;gaming,gaming,100.0,115.0,frequency_units_ambiguous;unverified_reference_source
5b650a70b3132c2e09c2,docyx_pc_part_dataset_2025_07_23,headset,Mad Catz MOV471060002/04/1,Mad Catz,MOV471060002/04/1,headset:mad-catz:mov471060002-04-1,curated_alias,reference_only_needs_verification,needs_review,False,1,Black,False,over_ear,True,False,closed,,general;communication;gaming,gaming,100.0,115.0,unverified_reference_source
1b5b7ea9c00eac787187,docyx_pc_part_dataset_2025_07_23,headset,Mad Catz TRI903570A04/02/1,Mad Catz,TRI903570A04/02/1,headset:mad-catz:tri903570a04-02-1,curated_alias,reference_only_needs_verification,needs_review,False,1,Black;Blue,False,over_ear,True,False,closed,,general;communication;gaming,gaming,100.0,115.0,unverified_reference_source
d61b513cd7f1a7d90483,docyx_pc_part_dataset_2025_07_23,headset,Mad Catz TRI903590003/02/1,Mad Catz,TRI903590003/02/1,headset:mad-catz:tri903590003-02-1,curated_alias,reference_only_needs_verification,needs_review,False,1,Black;Red,False,on_ear,True,False,closed,"20,20",general;communication;gaming,gaming,100.0,115.0,frequency_units_ambiguous;unverified_reference_source
5af81785059b5780ea62,docyx_pc_part_dataset_2025_07_23,headset,Mad Catz TRIAX180,Mad Catz,TRIAX180,headset:mad-catz:triax180,curated_alias,reference_only_needs_verification,needs_review,False,1,Black,False,over_ear,True,False,closed,"25,22",general;communication;gaming,gaming,100.0,115.0,frequency_units_ambiguous;unverified_reference_source
2235a5343d41efbe1c93,docyx_pc_part_dataset_2025_07_23,headset,Mad Catz TRITTON Kunai,Mad Catz,TRITTON Kunai,headset:mad-catz:tritton-kunai,curated_alias,reference_only_needs_verification,needs_review,False,1,Black;White,False,on_ear,True,False,closed,"20,20",general;communication;gaming,gaming,100.0,115.0,frequency_units_ambiguous;unverified_reference_source
cd0873ef061072896025,docyx_pc_part_dataset_2025_07_23,headset,Microsoft L2 LifeChat LX-1000,Microsoft,L2 LifeChat LX-1000,headset:microsoft:l2-lifechat-lx-1000,curated_alias,reference_only_needs_verification,needs_review,False,1,Black,False,on_ear,True,False,closed,"80,20",general;communication;gaming,gaming,100.0,115.0,frequency_units_ambiguous;unverified_reference_source
ef0be07116eca9b556b7,docyx_pc_part_dataset_2025_07_23,headset,Microsoft L2 LifeChat LX-2000,Microsoft,L2 LifeChat LX-2000,headset:microsoft:l2-lifechat-lx-2000,curated_alias,reference_only_needs_verification,needs_review,False,1,Black,False,on_ear,True,False,closed,,general;communication;gaming,gaming,100.0,115.0,unverified_reference_source
a3842f787944a71e29a5,docyx_pc_part_dataset_2025_07_23,headset,Microsoft LifeChat LX-4000,Microsoft,LifeChat LX-4000,headset:microsoft:lifechat-lx-4000,curated_alias,reference_only_needs_verification,needs_review,False,1,Black;Silver,False,on_ear,True,False,closed,"75,20",general;communication;gaming,gaming,100.0,115.0,frequency_units_ambiguous;unverified_reference_source
5fd631b0f3d8590579bb,docyx_pc_part_dataset_2025_07_23,headset,Microsoft Surface Headset,Microsoft,Surface Headset,headset:microsoft:surface-headset,curated_alias,reference_only_needs_verification,needs_review,False,1,Gray,False,over_ear,True,True,closed,"20,20",general;communication;gaming;portable,communication,100.0,115.0,frequency_units_ambiguous;unverified_reference_source
af18055b91f1d4da1cd8,docyx_pc_part_dataset_2025_07_23,headset,Microsoft Xbox WH,Microsoft,Xbox WH,headset:microsoft:xbox-wh,curated_alias,reference_only_needs_verification,needs_review,False,1,Black;Green,False,over_ear,True,True,closed,"20,20",general;communication;gaming;portable,communication,100.0,115.0,frequency_units_ambiguous;unverified_reference_source
99c430887da7a001e256,docyx_pc_part_dataset_2025_07_23,headset,NZXT Relay,NZXT,Relay,headset:nzxt:relay,inferred_first_token,reference_only_needs_verification,needs_review,False,2,Black;Purple;White,True,over_ear,True,False,closed,"20,40",general;communication;gaming,gaming,100.0,115.0,frequency_units_ambiguous;unverified_reference_source;identity_duplicates_collapsed
13717b933f5b05972d36,docyx_pc_part_dataset_2025_07_23,headset,Panasonic KX-TCA400,Panasonic,KX-TCA400,headset:panasonic:kx-tca400,curated_alias,reference_only_needs_verification,needs_review,False,1,Black,False,on_ear,True,False,closed,,general;communication;gaming,gaming,100.0,115.0,unverified_reference_source
49959134fdd88de962c1,docyx_pc_part_dataset_2025_07_23,headset,Panasonic RP-DJS150M-K,Panasonic,RP-DJS150M-K,headset:panasonic:rp-djs150m-k,curated_alias,reference_only_needs_verification,needs_review,False,1,Black,False,on_ear,True,False,closed,,general;communication;gaming,gaming,100.0,115.0,unverified_reference_source
112ab00ce4782af9e007,docyx_pc_part_dataset_2025_07_23,headset,Panasonic RP-HC200-W,Panasonic,RP-HC200-W,headset:panasonic:rp-hc200-w,curated_alias,reference_only_needs_verification,needs_review,False,1,Black;White,False,over_ear,True,False,closed,,general;communication;gaming,gaming,100.0,115.0,unverified_reference_source
d44018ebdf18e8e023a3,docyx_pc_part_dataset_2025_07_23,headset,Panasonic RP-HJE190-K,Panasonic,RP-HJE190-K,headset:panasonic:rp-hje190-k,curated_alias,reference_only_needs_verification,needs_review,False,1,Black,False,in_ear,True,False,closed,"6,24",general;communication;gaming,gaming,100.0,115.0,frequency_units_ambiguous;unverified_reference_source
bb4a6c8e7bdddc982e95,docyx_pc_part_dataset_2025_07_23,headset,Panasonic RP-HSC200-W,Panasonic,RP-HSC200-W,headset:panasonic:rp-hsc200-w,curated_alias,reference_only_needs_verification,needs_review,False,1,Silver;White,False,in_ear,True,False,closed,"10,22",general;communication;gaming,gaming,100.0,115.0,frequency_units_ambiguous;unverified_reference_source
fc34dd8dca1bd384be73,docyx_pc_part_dataset_2025_07_23,headset,Panasonic RP-HV21-G,Panasonic,RP-HV21-G,headset:panasonic:rp-hv21-g,curated_alias,reference_only_needs_verification,needs_review,False,1,Green;White,False,in_ear,True,False,closed,"10,25",general;communication;gaming,gaming,100.0,115.0,frequency_units_ambiguous;unverified_reference_source
1318fe996ce8f3a223da,docyx_pc_part_dataset_2025_07_23,headset,Panasonic RP-HV21-W,Panasonic,RP-HV21-W,headset:panasonic:rp-hv21-w,curated_alias,reference_only_needs_verification,needs_review,False,1,White,False,in_ear,True,False,closed,"10,25",general;communication;gaming,gaming,100.0,115.0,frequency_units_ambiguous;unverified_reference_source
b4b908f77aa0b6fc199f,docyx_pc_part_dataset_2025_07_23,headset,Philips SHB4000,Philips,SHB4000,headset:philips:shb4000,curated_alias,reference_only_needs_verification,needs_review,False,1,Black,False,on_ear,True,True,closed,"20,20",general;communication;gaming;portable,communication,100.0,115.0,frequency_units_ambiguous;unverified_reference_source
abe0668259ad05a94cf1,docyx_pc_part_dataset_2025_07_23,headset,Philips SHB4000WT,Philips,SHB4000WT,headset:philips:shb4000wt,curated_alias,reference_only_needs_verification,needs_review,False,1,Black;Silver,False,on_ear,True,True,closed,"20,20",general;communication;gaming;portable,communication,100.0,115.0,frequency_units_ambiguous;unverified_reference_source
7524e43c973ac4b0e74b,docyx_pc_part_dataset_2025_07_23,headset,Philips SHB7000/BK,Philips,SHB7000/BK,headset:philips:shb7000-bk,curated_alias,reference_only_needs_verification,needs_review,False,1,Black;Red,False,over_ear,True,True,closed,,general;communication;gaming;portable,communication,100.0,115.0,unverified_reference_source
86e998075be68918f50e,docyx_pc_part_dataset_2025_07_23,headset,Philips SHB7000/WT,Philips,SHB7000/WT,headset:philips:shb7000-wt,curated_alias,reference_only_needs_verification,needs_review,False,1,Blue;White,False,over_ear,True,True,closed,,general;communication;gaming;portable,communication,100.0,115.0,unverified_reference_source
13881e9a57e3ff1cedfa,docyx_pc_part_dataset_2025_07_23,headset,Philips SHE3590BK/10,Philips,SHE3590BK/10,headset:philips:she3590bk-10,curated_alias,reference_only_needs_verification,needs_review,False,1,Black;Silver,False,in_ear,True,False,closed,"12,23.5",general;communication;gaming,gaming,100.0,115.0,frequency_units_ambiguous;unverified_reference_source
f2cfc2978c2ba573e697,docyx_pc_part_dataset_2025_07_23,headset,Philips SHE3590BL/10,Philips,SHE3590BL/10,headset:philips:she3590bl-10,curated_alias,reference_only_needs_verification,needs_review,False,1,Blue;White,False,in_ear,True,False,closed,"12,23.5",general;communication;gaming,gaming,100.0,115.0,frequency_units_ambiguous;unverified_reference_source
bf9120ae0f889567ac2d,docyx_pc_part_dataset_2025_07_23,headset,Philips SHE3590GY/10,Philips,SHE3590GY/10,headset:philips:she3590gy-10,curated_alias,reference_only_needs_verification,needs_review,False,1,Gray;White,False,in_ear,True,False,closed,"12,23.5",general;communication;gaming,gaming,100.0,115.0,frequency_units_ambiguous;unverified_reference_source
76ef34b842e81b4dc7a7,docyx_pc_part_dataset_2025_07_23,headset,Philips SHE3590PK/10,Philips,SHE3590PK/10,headset:philips:she3590pk-10,curated_alias,reference_only_needs_verification,needs_review,False,1,Pink;White,False,in_ear,True,False,closed,"12,23.5",general;communication;gaming,gaming,100.0,115.0,frequency_units_ambiguous;unverified_reference_source
ec2941214fce0c4b6050,docyx_pc_part_dataset_2025_07_23,headset,Philips SHE3590PP/10,Philips,SHE3590PP/10,headset:philips:she3590pp-10,curated_alias,reference_only_needs_verification,needs_review,False,1,Purple;White,False,in_ear,True,False,closed,"12,23.5",general;communication;gaming,gaming,100.0,115.0,frequency_units_ambiguous;unverified_reference_source
d4c3db84f6083e5bc0cf,docyx_pc_part_dataset_2025_07_23,headset,Philips SHE3595BK/28,Philips,SHE3595BK/28,headset:philips:she3595bk-28,curated_alias,reference_only_needs_verification,needs_review,False,1,Black;Silver,False,in_ear,True,False,closed,,general;communication;gaming,gaming,100.0,115.0,unverified_reference_source
d8dccfeba7e7d3140091,docyx_pc_part_dataset_2025_07_23,headset,Philips SHE3595BL/28,Philips,SHE3595BL/28,headset:philips:she3595bl-28,curated_alias,reference_only_needs_verification,needs_review,False,1,Blue;White,False,in_ear,True,False,closed,,general;communication;gaming,gaming,100.0,115.0,unverified_reference_source
9cba6a29cb2488f4bc89,docyx_pc_part_dataset_2025_07_23,headset,Philips SHE3595PK/28,Philips,SHE3595PK/28,headset:philips:she3595pk-28,curated_alias,reference_only_needs_verification,needs_review,False,1,Pink;White,False,in_ear,True,False,closed,,general;communication;gaming,gaming,100.0,115.0,unverified_reference_source
97b2fa33df7d9a536f00,docyx_pc_part_dataset_2025_07_23,headset,Philips SHE3595WT28,Philips,SHE3595WT28,headset:philips:she3595wt28,curated_alias,reference_only_needs_verification,needs_review,False,1,White,False,in_ear,True,False,closed,,general;communication;gaming,gaming,100.0,115.0,unverified_reference_source
4bb0f56b663de9c4ac6a,docyx_pc_part_dataset_2025_07_23,headset,Philips SHG7980,Philips,SHG7980,headset:philips:shg7980,curated_alias,reference_only_needs_verification,needs_review,False,1,Black;Red,False,over_ear,True,False,closed,,general;communication;gaming,gaming,100.0,115.0,unverified_reference_source
6e645c2ec2d1251a75b5,docyx_pc_part_dataset_2025_07_23,headset,Philips SHL3095BK/94,Philips,SHL3095BK/94,headset:philips:shl3095bk-94,curated_alias,reference_only_needs_verification,needs_review,False,1,Black,False,on_ear,True,False,closed,"10,22",general;communication;gaming,gaming,100.0,115.0,frequency_units_ambiguous;unverified_reference_source
a431a979c069e0ef138b,docyx_pc_part_dataset_2025_07_23,headset,Philips SHL5305BK/28,Philips,SHL5305BK/28,headset:philips:shl5305bk-28,curated_alias,reference_only_needs_verification,needs_review,False,1,Black,False,on_ear,True,False,closed,"18,21.6",general;communication;gaming,gaming,100.0,115.0,frequency_units_ambiguous;unverified_reference_source
c4d5d4ff2d822406c9aa,docyx_pc_part_dataset_2025_07_23,headset,Philips SHL5305RD/28,Philips,SHL5305RD/28,headset:philips:shl5305rd-28,curated_alias,reference_only_needs_verification,needs_review,False,1,Black;Red,False,on_ear,True,False,closed,"18,21.6",general;communication;gaming,gaming,100.0,115.0,frequency_units_ambiguous;unverified_reference_source
829dfee069b798b3e534,docyx_pc_part_dataset_2025_07_23,headset,Philips SHL5305TL/28,Philips,SHL5305TL/28,headset:philips:shl5305tl-28,curated_alias,reference_only_needs_verification,needs_review,False,1,Black;Green,False,on_ear,True,False,closed,"18,21.6",general;communication;gaming,gaming,100.0,115.0,frequency_units_ambiguous;unverified_reference_source
d909a6ceed8b58df5bed,docyx_pc_part_dataset_2025_07_23,headset,Philips SHS3200/37,Philips,SHS3200/37,headset:philips:shs3200-37,curated_alias,reference_only_needs_verification,needs_review,False,1,Black,False,in_ear,True,False,closed,"20,20",general;communication;gaming,gaming,100.0,115.0,frequency_units_ambiguous;unverified_reference_source
e18723448d843233bdfc,docyx_pc_part_dataset_2025_07_23,headset,Plantronics .AUDIO 646 DSP,Plantronics,.AUDIO 646 DSP,headset:plantronics:audio-646-dsp,curated_alias,reference_only_needs_verification,needs_review,False,1,Black;Blue,False,on_ear,True,False,closed,,general;communication;gaming,gaming,100.0,115.0,unverified_reference_source
5b7e1523a6d1fef4866f,docyx_pc_part_dataset_2025_07_23,headset,Plantronics AUDIO628,Plantronics,AUDIO628,headset:plantronics:audio628,curated_alias,reference_only_needs_verification,needs_review,False,1,Black;Blue,False,on_ear,True,False,closed,,general;communication;gaming,gaming,100.0,115.0,unverified_reference_source
9fd14f6b12a57311d657,docyx_pc_part_dataset_2025_07_23,headset,Plantronics Audio 626,Plantronics,Audio 626,headset:plantronics:audio-626,curated_alias,reference_only_needs_verification,needs_review,False,1,Black;Blue,False,on_ear,True,False,closed,,general;communication;gaming,gaming,100.0,115.0,unverified_reference_source
be865dd887b0acb8a2e8,docyx_pc_part_dataset_2025_07_23,headset,Plantronics BackBeat PRO,Plantronics,BackBeat PRO,headset:plantronics:backbeat-pro,curated_alias,reference_only_needs_verification,needs_review,False,1,Black,False,over_ear,True,True,closed,,general;communication;gaming;portable,communication,100.0,115.0,unverified_reference_source
e19044cc36e1faf7b6e7,docyx_pc_part_dataset_2025_07_23,headset,Plantronics Blackwire 5220,Plantronics,Blackwire 5220,headset:plantronics:blackwire-5220,curated_alias,reference_only_needs_verification,needs_review,False,1,Black;Red,False,on_ear,True,False,closed,"20,20",general;communication;gaming,gaming,100.0,115.0,frequency_units_ambiguous;unverified_reference_source
e782d27d6238890f4a50,docyx_pc_part_dataset_2025_07_23,headset,Plantronics Blackwire C320-M,Plantronics,Blackwire C320-M,headset:plantronics:blackwire-c320-m,curated_alias,reference_only_needs_verification,needs_review,False,1,Black,False,on_ear,True,False,closed,,general;communication;gaming,gaming,100.0,115.0,unverified_reference_source
1b6597dd473eccb5f66d,docyx_pc_part_dataset_2025_07_23,headset,Plantronics Blackwire C510,Plantronics,Blackwire C510,headset:plantronics:blackwire-c510,curated_alias,reference_only_needs_verification,needs_review,False,1,Black;Silver,False,on_ear,True,False,closed,,general;communication;gaming,gaming,100.0,115.0,unverified_reference_source
3b8976ec9df6ace1adcf,docyx_pc_part_dataset_2025_07_23,headset,Plantronics Blackwire C520,Plantronics,Blackwire C520,headset:plantronics:blackwire-c520,curated_alias,reference_only_needs_verification,needs_review,False,1,Black;Silver,False,on_ear,True,False,closed,,general;communication;gaming,gaming,100.0,115.0,unverified_reference_source
2e38a61a4924e2793465,docyx_pc_part_dataset_2025_07_23,headset,Plantronics Blackwire C720,Plantronics,Blackwire C720,headset:plantronics:blackwire-c720,curated_alias,reference_only_needs_verification,needs_review,False,2,Black;Silver,False,on_ear,True,False,closed,,general;communication;gaming,gaming,100.0,115.0,unverified_reference_source;identity_duplicates_collapsed
901cac3f90f1600516b3,docyx_pc_part_dataset_2025_07_23,headset,Plantronics GAMECOM 308,Plantronics,GAMECOM 308,headset:plantronics:gamecom-308,curated_alias,reference_only_needs_verification,needs_review,False,1,Black,False,on_ear,True,False,closed,"20,20",general;communication;gaming,gaming,100.0,115.0,frequency_units_ambiguous;unverified_reference_source
bc13093bc854b11bed20,docyx_pc_part_dataset_2025_07_23,headset,Plantronics GAMECOM 388,Plantronics,GAMECOM 388,headset:plantronics:gamecom-388,curated_alias,reference_only_needs_verification,needs_review,False,1,Black,False,over_ear,True,False,closed,"20,20",general;communication;gaming,gaming,100.0,115.0,frequency_units_ambiguous;unverified_reference_source
4a3cc217be67fa035251,docyx_pc_part_dataset_2025_07_23,headset,Plantronics GAMECOM 818,Plantronics,GAMECOM 818,headset:plantronics:gamecom-818,curated_alias,reference_only_needs_verification,needs_review,False,1,Black;Orange,False,over_ear,True,True,closed,,general;communication;gaming;portable,communication,100.0,115.0,unverified_reference_source
fe6368220657c31efb8b,docyx_pc_part_dataset_2025_07_23,headset,Plantronics GAMECOM COMMANDER,Plantronics,GAMECOM COMMANDER,headset:plantronics:gamecom-commander,curated_alias,reference_only_needs_verification,needs_review,False,1,Black,False,over_ear,True,False,closed,,general;communication;gaming,gaming,100.0,115.0,unverified_reference_source
f92c31430851d998bfd0,docyx_pc_part_dataset_2025_07_23,headset,Plantronics GameCom 780,Plantronics,GameCom 780,headset:plantronics:gamecom-780,curated_alias,reference_only_needs_verification,needs_review,False,2,Black;Red,False,over_ear,True,False,closed,,general;communication;gaming,gaming,100.0,115.0,unverified_reference_source;identity_duplicates_collapsed
325cb02a599155cacce7,docyx_pc_part_dataset_2025_07_23,headset,Plantronics GameCom 780 (Dota 2 badged),Plantronics,GameCom 780 (Dota 2 badged),headset:plantronics:gamecom-780-dota-2-badged,curated_alias,reference_only_needs_verification,needs_review,False,1,Black;Red,False,over_ear,True,False,closed,,general;communication;gaming,gaming,100.0,115.0,unverified_reference_source
37b43a10cb2325e0df23,docyx_pc_part_dataset_2025_07_23,headset,Plantronics Gamecom 307,Plantronics,Gamecom 307,headset:plantronics:gamecom-307,curated_alias,reference_only_needs_verification,needs_review,False,1,Black,False,on_ear,True,False,closed,,general;communication;gaming,gaming,100.0,115.0,unverified_reference_source
ef9c1c005499c687e90c,docyx_pc_part_dataset_2025_07_23,headset,Plantronics Gamecom 380,Plantronics,Gamecom 380,headset:plantronics:gamecom-380,curated_alias,reference_only_needs_verification,needs_review,False,1,Black;Silver,False,over_ear,True,False,closed,,general;communication;gaming,gaming,100.0,115.0,unverified_reference_source
47c305090e2278d755cc,docyx_pc_part_dataset_2025_07_23,headset,Plantronics RIG,Plantronics,RIG,headset:plantronics:rig,curated_alias,reference_only_needs_verification,needs_review,False,3,Black;Red;White,False,on_ear,True,False,closed,,general;communication;gaming,gaming,100.0,115.0,unverified_reference_source;identity_duplicates_collapsed
7e52cde1441a31daf629,docyx_pc_part_dataset_2025_07_23,headset,Plantronics RIG 500E,Plantronics,RIG 500E,headset:plantronics:rig-500e,curated_alias,reference_only_needs_verification,needs_review,False,1,Black;Blue,False,over_ear,True,False,closed,"20,20",general;communication;gaming,gaming,100.0,115.0,frequency_units_ambiguous;unverified_reference_source
969275db3f51c0cef78c,docyx_pc_part_dataset_2025_07_23,headset,Plantronics RIG 500HD,Plantronics,RIG 500HD,headset:plantronics:rig-500hd,curated_alias,reference_only_needs_verification,needs_review,False,1,Black,False,over_ear,True,False,closed,"20,20",general;communication;gaming,gaming,100.0,115.0,frequency_units_ambiguous;unverified_reference_source
9d5585f7e7f4ccdbc03b,docyx_pc_part_dataset_2025_07_23,headset,Plantronics RIG 600,Plantronics,RIG 600,headset:plantronics:rig-600,curated_alias,reference_only_needs_verification,needs_review,False,1,Black;Gold,False,over_ear,True,False,closed,"20,20",general;communication;gaming,gaming,100.0,115.0,frequency_units_ambiguous;unverified_reference_source
fab511499edcd1cdb2b0,docyx_pc_part_dataset_2025_07_23,headset,Plantronics RIG 7.1,Plantronics,RIG 7.1,headset:plantronics:rig-7-1,curated_alias,reference_only_needs_verification,needs_review,False,1,Black;Red,False,over_ear,True,False,closed,,general;communication;gaming,gaming,100.0,115.0,unverified_reference_source
904837ea85a9df974680,docyx_pc_part_dataset_2025_07_23,headset,Plantronics SupraPlus H261,Plantronics,SupraPlus H261,headset:plantronics:supraplus-h261,curated_alias,reference_only_needs_verification,needs_review,False,1,Black;Silver,False,on_ear,True,False,closed,,general;communication;gaming,gaming,100.0,115.0,unverified_reference_source
bff53341b28e0715c15f,docyx_pc_part_dataset_2025_07_23,headset,Polk Striker P1,Polk,Striker P1,headset:polk:striker-p1,inferred_first_token,reference_only_needs_verification,needs_review,False,1,Black,True,over_ear,True,False,closed,"20,20",general;communication;gaming,gaming,100.0,115.0,frequency_units_ambiguous;unverified_reference_source
b33b4ccf50c17f89903d,docyx_pc_part_dataset_2025_07_23,headset,Pyle Audio PHPMCU10,Pyle,Audio PHPMCU10,headset:pyle:audio-phpmcu10,inferred_first_token,reference_only_needs_verification,needs_review,False,1,Black;Silver,True,on_ear,True,False,closed,,general;communication;gaming,gaming,100.0,115.0,unverified_reference_source
1c7854eeea25ad0e8791,docyx_pc_part_dataset_2025_07_23,headset,ROCCAT ALUMA,ROCCAT,ALUMA,headset:roccat:aluma,curated_alias,reference_only_needs_verification,needs_review,False,1,Black;Blue,False,in_ear,True,False,closed,"20,20",general;communication;gaming,gaming,100.0,115.0,frequency_units_ambiguous;unverified_reference_source
a9081c3e91469b395a00,docyx_pc_part_dataset_2025_07_23,headset,ROCCAT ANALOG,ROCCAT,ANALOG,headset:roccat:analog,curated_alias,reference_only_needs_verification,needs_review,False,1,Black;Blue,False,over_ear,True,False,closed,"20,20",general;communication;gaming,gaming,100.0,115.0,frequency_units_ambiguous;unverified_reference_source
c3da8733fdc90fd7faf5,docyx_pc_part_dataset_2025_07_23,headset,ROCCAT Cross Headset + Modulok Modular Headset Stand,ROCCAT,Cross Headset + Modulok Modular Headset Stand,headset:roccat:cross-headset-modulok-modular-headset-stand,curated_alias,reference_only_needs_verification,needs_review,False,1,Black,False,over_ear,True,False,closed,"20,20",general;communication;gaming,gaming,100.0,115.0,frequency_units_ambiguous;unverified_reference_source
7a7ff64a0b7f2d50d2cf,docyx_pc_part_dataset_2025_07_23,headset,ROCCAT Kave,ROCCAT,Kave,headset:roccat:kave,curated_alias,reference_only_needs_verification,needs_review,False,1,Black,False,over_ear,True,False,closed,,general;communication;gaming,gaming,100.0,115.0,unverified_reference_source
8e40f106faf82b206f10,docyx_pc_part_dataset_2025_07_23,headset,ROCCAT Kave XTD 5.1 Premium,ROCCAT,Kave XTD 5.1 Premium,headset:roccat:kave-xtd-5-1-premium,curated_alias,reference_only_needs_verification,needs_review,False,1,Black;Blue,False,over_ear,True,False,closed,"20,20",general;communication;gaming,gaming,100.0,115.0,frequency_units_ambiguous;unverified_reference_source
5a598880be02ee588c4a,docyx_pc_part_dataset_2025_07_23,headset,ROCCAT Kave XTD Stereo,ROCCAT,Kave XTD Stereo,headset:roccat:kave-xtd-stereo,curated_alias,reference_only_needs_verification,needs_review,False,1,Black;Blue,False,over_ear,True,False,closed,"20,20",general;communication;gaming,gaming,100.0,115.0,frequency_units_ambiguous;unverified_reference_source
f8be8c34fcc9790f9d57,docyx_pc_part_dataset_2025_07_23,headset,ROCCAT Kave XTD Stereo Camo Charge,ROCCAT,Kave XTD Stereo Camo Charge,headset:roccat:kave-xtd-stereo-camo-charge,curated_alias,reference_only_needs_verification,needs_review,False,1,Camo,False,over_ear,True,False,closed,"20,20",general;communication;gaming,gaming,100.0,115.0,frequency_units_ambiguous;unverified_reference_source
57fa35384e75df70c096,docyx_pc_part_dataset_2025_07_23,headset,ROCCAT Kave XTD Stereo Desert Strike,ROCCAT,Kave XTD Stereo Desert Strike,headset:roccat:kave-xtd-stereo-desert-strike,curated_alias,reference_only_needs_verification,needs_review,False,1,Black;Green,False,over_ear,True,False,closed,"20,20",general;communication;gaming,gaming,100.0,115.0,frequency_units_ambiguous;unverified_reference_source
93b237e689b1d9b5d0ed,docyx_pc_part_dataset_2025_07_23,headset,ROCCAT Kave XTD Stereo Naval Storm,ROCCAT,Kave XTD Stereo Naval Storm,headset:roccat:kave-xtd-stereo-naval-storm,curated_alias,reference_only_needs_verification,needs_review,False,1,Black;Gray,False,over_ear,True,False,closed,"20,20",general;communication;gaming,gaming,100.0,115.0,frequency_units_ambiguous;unverified_reference_source
b7f32c42cca21d001427,docyx_pc_part_dataset_2025_07_23,headset,ROCCAT Khan Aimo,ROCCAT,Khan Aimo,headset:roccat:khan-aimo,curated_alias,reference_only_needs_verification,needs_review,False,1,Black;White,False,over_ear,True,False,closed,"10,40",general;communication;gaming,gaming,100.0,115.0,frequency_units_ambiguous;unverified_reference_source
1bd7699b00c684fd3979,docyx_pc_part_dataset_2025_07_23,headset,ROCCAT Kulo,ROCCAT,Kulo,headset:roccat:kulo,curated_alias,reference_only_needs_verification,needs_review,False,2,Black,False,on_ear,True,False,closed,"20,20",general;communication;gaming,gaming,100.0,115.0,frequency_units_ambiguous;unverified_reference_source;identity_duplicates_collapsed
d23b7a67b53f5700c8db,docyx_pc_part_dataset_2025_07_23,headset,ROCCAT Kulo - Virtual 7.1 Gaming Headset,ROCCAT,Kulo - Virtual 7.1 Gaming Headset,headset:roccat:kulo-virtual-7-1-gaming-headset,curated_alias,reference_only_needs_verification,needs_review,False,1,Black,False,on_ear,True,False,closed,"20,20",general;communication;gaming,gaming,100.0,115.0,frequency_units_ambiguous;unverified_reference_source
776186dd0af571f78cff,docyx_pc_part_dataset_2025_07_23,headset,ROCCAT ROC-14-200,ROCCAT,ROC-14-200,headset:roccat:roc-14-200,curated_alias,reference_only_needs_verification,needs_review,False,1,Black;Silver,False,in_ear,True,False,closed,"18,22",general;communication;gaming,gaming,100.0,115.0,frequency_units_ambiguous;unverified_reference_source
39e386bee2be99994c5a,docyx_pc_part_dataset_2025_07_23,headset,ROCCAT SYVA,ROCCAT,SYVA,headset:roccat:syva,curated_alias,reference_only_needs_verification,needs_review,False,1,Black;Blue,False,in_ear,True,False,closed,"20,20",general;communication;gaming,gaming,100.0,115.0,frequency_units_ambiguous;unverified_reference_source
6c3a61a10fe3edbcf394,docyx_pc_part_dataset_2025_07_23,headset,Rosewill Audiowave H9000,Rosewill,Audiowave H9000,headset:rosewill:audiowave-h9000,inferred_first_token,reference_only_needs_verification,needs_review,False,1,Black,True,over_ear,True,True,closed,"20,40",general;communication;gaming;portable,communication,100.0,115.0,frequency_units_ambiguous;unverified_reference_source
6356d95eea6bdc27edbe,docyx_pc_part_dataset_2025_07_23,headset,Rosewill E-210-VL,Rosewill,E-210-VL,headset:rosewill:e-210-vl,inferred_first_token,reference_only_needs_verification,needs_review,False,1,Silver,True,in_ear,True,False,closed,"10,22",general;communication;gaming,gaming,100.0,115.0,frequency_units_ambiguous;unverified_reference_source
c95384be37fde8b039b5,docyx_pc_part_dataset_2025_07_23,headset,Rosewill SAROS C740S,Rosewill,SAROS C740S,headset:rosewill:saros-c740s,inferred_first_token,reference_only_needs_verification,needs_review,False,1,Black;Silver,True,over_ear,True,True,closed,"20,20",general;communication;gaming;portable,communication,100.0,115.0,frequency_units_ambiguous;unverified_reference_source
09f3525fb86439aabc7b,docyx_pc_part_dataset_2025_07_23,headset,SHARKOON SKILLER SGH50,SHARKOON,SKILLER SGH50,headset:sharkoon:skiller-sgh50,inferred_first_token,reference_only_needs_verification,needs_review,False,1,Black,True,over_ear,True,False,closed,"10,40",general;communication;gaming,gaming,100.0,115.0,frequency_units_ambiguous;unverified_reference_source
f7adec18d4bc234eab30,docyx_pc_part_dataset_2025_07_23,headset,Sennheiser CX301,Sennheiser,CX301,headset:sennheiser:cx301,curated_alias,reference_only_needs_verification,needs_review,False,1,Black;Silver,True,in_ear,False,False,closed,"19,21",general,communication,100.0,115.0,frequency_units_ambiguous;unverified_reference_source
066fa5dbfeb4216ad2e0,docyx_pc_part_dataset_2025_07_23,headset,Sennheiser HD 598 SE,Sennheiser,HD 598 SE,headset:sennheiser:hd-598-se,curated_alias,reference_only_needs_verification,needs_review,False,1,Black,False,over_ear,False,False,open,"12,38.5",general;music_creation,music_creation,100.0,115.0,frequency_units_ambiguous;unverified_reference_source
c2feb0cb90037b29a68e,docyx_pc_part_dataset_2025_07_23,headset,Sennheiser HD 599 SE,Sennheiser,HD 599 SE,headset:sennheiser:hd-599-se,curated_alias,reference_only_needs_verification,needs_review,False,1,Black;Silver,False,over_ear,False,False,open,"12,38.5",general;music_creation,music_creation,100.0,115.0,frequency_units_ambiguous;unverified_reference_source
907710bed0afe03e42c9,docyx_pc_part_dataset_2025_07_23,headset,Sennheiser HD 660 S,Sennheiser,HD 660 S,headset:sennheiser:hd-660-s,curated_alias,reference_only_needs_verification,needs_review,False,1,Black,False,over_ear,False,False,open,"10,41",general;music_creation,music_creation,100.0,115.0,frequency_units_ambiguous;unverified_reference_source
d9610bc90b8a5f92dab7,docyx_pc_part_dataset_2025_07_23,headset,Sennheiser HD 820,Sennheiser,HD 820,headset:sennheiser:hd-820,curated_alias,reference_only_needs_verification,needs_review,False,1,Black,True,over_ear,False,False,closed,"6,48",general,communication,100.0,115.0,frequency_units_ambiguous;unverified_reference_source
2f85e2dea95df2e34878,docyx_pc_part_dataset_2025_07_23,headset,Sennheiser HD558v3,Sennheiser,HD558v3,headset:sennheiser:hd558v3,curated_alias,reference_only_needs_verification,needs_review,False,1,Black;Silver,False,over_ear,False,False,open,"15,28",general;music_creation,music_creation,100.0,115.0,frequency_units_ambiguous;unverified_reference_source
bad7382c5ca643e93605,docyx_pc_part_dataset_2025_07_23,headset,Sennheiser PX100 II,Sennheiser,PX100 II,headset:sennheiser:px100-ii,curated_alias,reference_only_needs_verification,needs_review,False,2,Black;Silver,False,on_ear,False,False,open,"15,27",general;music_creation,music_creation,100.0,115.0,frequency_units_ambiguous;unverified_reference_source;identity_duplicates_collapsed
58d9f661b83f30b517fe,docyx_pc_part_dataset_2025_07_23,headset,Sennheiser PX360,Sennheiser,PX360,headset:sennheiser:px360,curated_alias,reference_only_needs_verification,needs_review,False,1,Black,True,over_ear,False,False,closed,"15,22",general,communication,100.0,115.0,frequency_units_ambiguous;unverified_reference_source
b892a1ab01f347ce3009,docyx_pc_part_dataset_2025_07_23,headset,Sennheiser RS 175,Sennheiser,RS 175,headset:sennheiser:rs-175,curated_alias,reference_only_needs_verification,needs_review,False,1,Black;Silver,True,over_ear,False,True,closed,"17,22",general;portable,portable,100.0,115.0,frequency_units_ambiguous;unverified_reference_source
42fa5ac0f2b49f4e3058,docyx_pc_part_dataset_2025_07_23,headset,Sennheiser RS 195,Sennheiser,RS 195,headset:sennheiser:rs-195,curated_alias,reference_only_needs_verification,needs_review,False,1,Black;Silver,True,over_ear,False,True,closed,"17,22",general;portable,portable,100.0,115.0,frequency_units_ambiguous;unverified_reference_source
7f5d4e70403e947ad3b2,docyx_pc_part_dataset_2025_07_23,headset,Skullcandy Hesh 2 Unleashed,Skullcandy,Hesh 2 Unleashed,headset:skullcandy:hesh-2-unleashed,curated_alias,reference_only_needs_verification,needs_review,False,1,Black;Silver,False,over_ear,True,True,closed,,general;communication;gaming;portable,communication,100.0,115.0,unverified_reference_source
fb983f26ad667bf8ec04,docyx_pc_part_dataset_2025_07_23,headset,Skullcandy Hesh 3,Skullcandy,Hesh 3,headset:skullcandy:hesh-3,curated_alias,reference_only_needs_verification,needs_review,False,8,Black;Blue;Gray;Green;Red;White,False,over_ear,True,True,closed,"20,20",general;communication;gaming;portable,communication,100.0,115.0,frequency_units_ambiguous;unverified_reference_source;identity_duplicates_collapsed
4879ddcc01aa5bcca3c1,docyx_pc_part_dataset_2025_07_23,headset,Skullcandy PLYR 1,Skullcandy,PLYR 1,headset:skullcandy:plyr-1,curated_alias,reference_only_needs_verification,needs_review,False,2,Black;White,False,over_ear,True,True,closed,"20,20",general;communication;gaming;portable,communication,100.0,115.0,frequency_units_ambiguous;unverified_reference_source;identity_duplicates_collapsed
6bb336d3fedba45654ce,docyx_pc_part_dataset_2025_07_23,headset,Skullcandy PLYR 2,Skullcandy,PLYR 2,headset:skullcandy:plyr-2,curated_alias,reference_only_needs_verification,needs_review,False,3,Black;Green;White;Yellow,False,over_ear,True,False,closed,,general;communication;gaming,gaming,100.0,115.0,unverified_reference_source;identity_duplicates_collapsed
a5faba4791a518b43237,docyx_pc_part_dataset_2025_07_23,headset,Skullcandy S2FFCM-065,Skullcandy,S2FFCM-065,headset:skullcandy:s2ffcm-065,curated_alias,reference_only_needs_verification,needs_review,False,1,Black;Red,False,in_ear,True,False,closed,"20,20",general;communication;gaming,gaming,100.0,115.0,frequency_units_ambiguous;unverified_reference_source
d303b297d26e748fb80c,docyx_pc_part_dataset_2025_07_23,headset,Skullcandy S2FFDM-042,Skullcandy,S2FFDM-042,headset:skullcandy:s2ffdm-042,curated_alias,reference_only_needs_verification,needs_review,False,1,Black;Orange,False,in_ear,True,False,closed,"20,20",general;communication;gaming,gaming,100.0,115.0,frequency_units_ambiguous;unverified_reference_source
0b2ff5cd54cfe623432e,docyx_pc_part_dataset_2025_07_23,headset,Skullcandy S2FFDM-083,Skullcandy,S2FFDM-083,headset:skullcandy:s2ffdm-083,curated_alias,reference_only_needs_verification,needs_review,False,1,Black;Yellow,False,in_ear,True,False,closed,"20,20",general;communication;gaming,gaming,100.0,115.0,frequency_units_ambiguous;unverified_reference_source
f686e0da2240ce929670,docyx_pc_part_dataset_2025_07_23,headset,Skullcandy S2FFDM-145,Skullcandy,S2FFDM-145,headset:skullcandy:s2ffdm-145,curated_alias,reference_only_needs_verification,needs_review,False,1,Black;Gold,False,in_ear,True,False,closed,"20,20",general;communication;gaming,gaming,100.0,115.0,frequency_units_ambiguous;unverified_reference_source
6689f3d416e343f0c680,docyx_pc_part_dataset_2025_07_23,headset,Skullcandy S2FFFA-003,Skullcandy,S2FFFA-003,headset:skullcandy:s2fffa-003,curated_alias,reference_only_needs_verification,needs_review,False,1,Black;Silver,False,in_ear,True,False,closed,"20,20",general;communication;gaming,gaming,100.0,115.0,frequency_units_ambiguous;unverified_reference_source
d77e8eb3b9b58b6631ba,docyx_pc_part_dataset_2025_07_23,headset,Skullcandy S2FFFA-075,Skullcandy,S2FFFA-075,headset:skullcandy:s2fffa-075,curated_alias,reference_only_needs_verification,needs_review,False,1,Black;White,False,in_ear,True,False,closed,"20,20",general;communication;gaming,gaming,100.0,115.0,frequency_units_ambiguous;unverified_reference_source
da88d2f38d6bf7f36dc2,docyx_pc_part_dataset_2025_07_23,headset,Skullcandy S2FFFM-034,Skullcandy,S2FFFM-034,headset:skullcandy:s2fffm-034,curated_alias,reference_only_needs_verification,needs_review,False,1,Black;Red,False,in_ear,True,False,closed,"20,20",general;communication;gaming,gaming,100.0,115.0,frequency_units_ambiguous;unverified_reference_source
56c8f0196ed5dcca5f07,docyx_pc_part_dataset_2025_07_23,headset,Skullcandy S2FFFM-059,Skullcandy,S2FFFM-059,headset:skullcandy:s2fffm-059,curated_alias,reference_only_needs_verification,needs_review,False,1,Black;Red,False,in_ear,True,False,closed,"20,20",general;communication;gaming,gaming,100.0,115.0,frequency_units_ambiguous;unverified_reference_source
ded8434c303ab1171aa5,docyx_pc_part_dataset_2025_07_23,headset,Skullcandy S2FFFM-074,Skullcandy,S2FFFM-074,headset:skullcandy:s2fffm-074,curated_alias,reference_only_needs_verification,needs_review,False,1,Black;Silver,False,in_ear,True,False,closed,"20,20",general;communication;gaming,gaming,100.0,115.0,frequency_units_ambiguous;unverified_reference_source
619d9bff210b96759566,docyx_pc_part_dataset_2025_07_23,headset,Skullcandy S2FFFM-075,Skullcandy,S2FFFM-075,headset:skullcandy:s2fffm-075,curated_alias,reference_only_needs_verification,needs_review,False,1,Black;Silver,False,in_ear,True,False,closed,"20,20",general;communication;gaming,gaming,100.0,115.0,frequency_units_ambiguous;unverified_reference_source
7667e328cea1235bf0c8,docyx_pc_part_dataset_2025_07_23,headset,Skullcandy S2FFFM-256,Skullcandy,S2FFFM-256,headset:skullcandy:s2fffm-256,curated_alias,reference_only_needs_verification,needs_review,False,1,Black;Silver,False,in_ear,True,False,closed,"20,20",general;communication;gaming,gaming,100.0,115.0,frequency_units_ambiguous;unverified_reference_source
bbbc2bf70945d6f9f5b3,docyx_pc_part_dataset_2025_07_23,headset,Skullcandy S2FFFM-259,Skullcandy,S2FFFM-259,headset:skullcandy:s2fffm-259,curated_alias,reference_only_needs_verification,needs_review,False,1,Black;Blue,False,in_ear,True,False,closed,"20,20",general;communication;gaming,gaming,100.0,115.0,frequency_units_ambiguous;unverified_reference_source
e1b64595e1fc3b16c65a,docyx_pc_part_dataset_2025_07_23,headset,Skullcandy S2FFFM-289,Skullcandy,S2FFFM-289,headset:skullcandy:s2fffm-289,curated_alias,reference_only_needs_verification,needs_review,False,1,Blue;White,False,in_ear,True,False,closed,"20,20",general;communication;gaming,gaming,100.0,115.0,frequency_units_ambiguous;unverified_reference_source
313d92d054f19f2427ac,docyx_pc_part_dataset_2025_07_23,headset,Skullcandy S2FFFM-319,Skullcandy,S2FFFM-319,headset:skullcandy:s2fffm-319,curated_alias,reference_only_needs_verification,needs_review,False,1,Black;Green,False,in_ear,True,False,closed,"20,20",general;communication;gaming,gaming,100.0,115.0,frequency_units_ambiguous;unverified_reference_source
4fe90de625fd57bc102b,docyx_pc_part_dataset_2025_07_23,headset,Skullcandy S2FXDM-008,Skullcandy,S2FXDM-008,headset:skullcandy:s2fxdm-008,curated_alias,reference_only_needs_verification,needs_review,False,1,Black;Silver,False,in_ear,True,False,closed,"20,20",general;communication;gaming,gaming,100.0,115.0,frequency_units_ambiguous;unverified_reference_source
25a5fafc0859254fa479,docyx_pc_part_dataset_2025_07_23,headset,Skullcandy S2FXDM-075,Skullcandy,S2FXDM-075,headset:skullcandy:s2fxdm-075,curated_alias,reference_only_needs_verification,needs_review,False,1,Black;Silver,False,in_ear,True,False,closed,"20,20",general;communication;gaming,gaming,100.0,115.0,frequency_units_ambiguous;unverified_reference_source
fc6331bba3637085cfa8,docyx_pc_part_dataset_2025_07_23,headset,Skullcandy S2FXDM-161,Skullcandy,S2FXDM-161,headset:skullcandy:s2fxdm-161,curated_alias,reference_only_needs_verification,needs_review,False,1,Black;Red,False,in_ear,True,False,closed,"20,20",general;communication;gaming,gaming,100.0,115.0,frequency_units_ambiguous;unverified_reference_source
eec6d9b0f310e158d517,docyx_pc_part_dataset_2025_07_23,headset,Skullcandy S2FXFM-312,Skullcandy,S2FXFM-312,headset:skullcandy:s2fxfm-312,curated_alias,reference_only_needs_verification,needs_review,False,1,Black;Blue,False,in_ear,True,False,closed,"20,20",general;communication;gaming,gaming,100.0,115.0,frequency_units_ambiguous;unverified_reference_source
4a8f5ea249fc8bffdc55,docyx_pc_part_dataset_2025_07_23,headset,Skullcandy S2HMCY-003,Skullcandy,S2HMCY-003,headset:skullcandy:s2hmcy-003,curated_alias,reference_only_needs_verification,needs_review,False,1,Black,False,in_ear,True,False,closed,"5,22",general;communication;gaming,gaming,100.0,115.0,frequency_units_ambiguous;unverified_reference_source
e23ba05c7f8e37aeb058,docyx_pc_part_dataset_2025_07_23,headset,Skullcandy S2HMCY-016-1,Skullcandy,S2HMCY-016-1,headset:skullcandy:s2hmcy-016-1,curated_alias,reference_only_needs_verification,needs_review,False,1,Black,False,in_ear,True,False,closed,"5,22",general;communication;gaming,gaming,100.0,115.0,frequency_units_ambiguous;unverified_reference_source
d67e7e7c0573464da62d,docyx_pc_part_dataset_2025_07_23,headset,Skullcandy S2IKDY-003,Skullcandy,S2IKDY-003,headset:skullcandy:s2ikdy-003,curated_alias,reference_only_needs_verification,needs_review,False,1,Black,False,in_ear,True,False,closed,"5,22",general;communication;gaming,gaming,100.0,115.0,frequency_units_ambiguous;unverified_reference_source
3bbfcf30b9305a362a55,docyx_pc_part_dataset_2025_07_23,headset,Skullcandy S2IKDY-010,Skullcandy,S2IKDY-010,headset:skullcandy:s2ikdy-010,curated_alias,reference_only_needs_verification,needs_review,False,1,Black;Red,False,in_ear,True,False,closed,"5,22",general;communication;gaming,gaming,100.0,115.0,frequency_units_ambiguous;unverified_reference_source
f4f8a53975d0be0eb9db,docyx_pc_part_dataset_2025_07_23,headset,Skullcandy S2IKDZ-058,Skullcandy,S2IKDZ-058,headset:skullcandy:s2ikdz-058,curated_alias,reference_only_needs_verification,needs_review,False,1,Multicolor,False,in_ear,True,False,closed,"5,22",general;communication;gaming,gaming,100.0,115.0,frequency_units_ambiguous;unverified_reference_source
dde72055b49b581bcc7e,docyx_pc_part_dataset_2025_07_23,headset,Skullcandy S2IKFY-074,Skullcandy,S2IKFY-074,headset:skullcandy:s2ikfy-074,curated_alias,reference_only_needs_verification,needs_review,False,1,Black;White,False,in_ear,True,False,closed,"5,22",general;communication;gaming,gaming,100.0,115.0,frequency_units_ambiguous;unverified_reference_source
563ce02287e776b5ead3,docyx_pc_part_dataset_2025_07_23,headset,Skullcandy S2INDY-045,Skullcandy,S2INDY-045,headset:skullcandy:s2indy-045,curated_alias,reference_only_needs_verification,needs_review,False,1,Black;Silver,False,in_ear,True,False,closed,,general;communication;gaming,gaming,100.0,115.0,unverified_reference_source
70040bf4d91b60677768,docyx_pc_part_dataset_2025_07_23,headset,Skullcandy S2INDY-134,Skullcandy,S2INDY-134,headset:skullcandy:s2indy-134,curated_alias,reference_only_needs_verification,needs_review,False,1,Black;Pink,False,in_ear,True,False,closed,,general;communication;gaming,gaming,100.0,115.0,unverified_reference_source
8da7f4d11863d551369a,docyx_pc_part_dataset_2025_07_23,headset,Skullcandy S2SBDY-210,Skullcandy,S2SBDY-210,headset:skullcandy:s2sbdy-210,curated_alias,reference_only_needs_verification,needs_review,False,1,Purple;White,False,in_ear,True,False,closed,"18,20",general;communication;gaming,gaming,100.0,115.0,frequency_units_ambiguous;unverified_reference_source
591520880528408a35ea,docyx_pc_part_dataset_2025_07_23,headset,Skullcandy S2SBFY-033,Skullcandy,S2SBFY-033,headset:skullcandy:s2sbfy-033,curated_alias,reference_only_needs_verification,needs_review,False,1,Black,False,in_ear,True,False,closed,"18,20",general;communication;gaming,gaming,100.0,115.0,frequency_units_ambiguous;unverified_reference_source
47fde897707dc85caa0d,docyx_pc_part_dataset_2025_07_23,headset,Skullcandy S2SBFY-058,Skullcandy,S2SBFY-058,headset:skullcandy:s2sbfy-058,curated_alias,reference_only_needs_verification,needs_review,False,1,Multicolor,False,in_ear,True,False,closed,"18,20",general;communication;gaming,gaming,100.0,115.0,frequency_units_ambiguous;unverified_reference_source
8544fc10cf5b0905c39d,docyx_pc_part_dataset_2025_07_23,headset,Skullcandy S2SBFY-129,Skullcandy,S2SBFY-129,headset:skullcandy:s2sbfy-129,curated_alias,reference_only_needs_verification,needs_review,False,1,Black;Green,False,in_ear,True,False,closed,"18,20",general;communication;gaming,gaming,100.0,115.0,frequency_units_ambiguous;unverified_reference_source
31c51a99110b5f072556,docyx_pc_part_dataset_2025_07_23,headset,Skullcandy S2SBFY-130,Skullcandy,S2SBFY-130,headset:skullcandy:s2sbfy-130,curated_alias,reference_only_needs_verification,needs_review,False,1,Blue;White,False,in_ear,True,False,closed,"18,20",general;communication;gaming,gaming,100.0,115.0,frequency_units_ambiguous;unverified_reference_source
c0044fe44321b6ade60d,docyx_pc_part_dataset_2025_07_23,headset,Skullcandy S2TTDY-033,Skullcandy,S2TTDY-033,headset:skullcandy:s2ttdy-033,curated_alias,reference_only_needs_verification,needs_review,False,1,Black,False,in_ear,True,False,closed,"20,20",general;communication;gaming,gaming,100.0,115.0,frequency_units_ambiguous;unverified_reference_source
8d78cf57711307aa1b94,docyx_pc_part_dataset_2025_07_23,headset,Skullcandy S2TTDY-206,Skullcandy,S2TTDY-206,headset:skullcandy:s2ttdy-206,curated_alias,reference_only_needs_verification,needs_review,False,1,Black;Red,False,in_ear,True,False,closed,"20,20",general;communication;gaming,gaming,100.0,115.0,frequency_units_ambiguous;unverified_reference_source
9fb677782894c235cc88,docyx_pc_part_dataset_2025_07_23,headset,Skullcandy S3FXDM-033,Skullcandy,S3FXDM-033,headset:skullcandy:s3fxdm-033,curated_alias,reference_only_needs_verification,needs_review,False,1,Black,False,in_ear,True,False,closed,,general;communication;gaming,gaming,100.0,115.0,unverified_reference_source
e69f6eb6a0edeea23253,docyx_pc_part_dataset_2025_07_23,headset,Skullcandy S3FXDM-159,Skullcandy,S3FXDM-159,headset:skullcandy:s3fxdm-159,curated_alias,reference_only_needs_verification,needs_review,False,1,Black;Blue,False,in_ear,True,False,closed,,general;communication;gaming,gaming,100.0,115.0,unverified_reference_source
ab2d4d21565ab574a9a8,docyx_pc_part_dataset_2025_07_23,headset,Skullcandy S3FXDM-160,Skullcandy,S3FXDM-160,headset:skullcandy:s3fxdm-160,curated_alias,reference_only_needs_verification,needs_review,False,1,Black;Red,False,in_ear,True,False,closed,,general;communication;gaming,gaming,100.0,115.0,unverified_reference_source
04878c7ed37848f20088,docyx_pc_part_dataset_2025_07_23,headset,Skullcandy S5AVFM-289,Skullcandy,S5AVFM-289,headset:skullcandy:s5avfm-289,curated_alias,reference_only_needs_verification,needs_review,False,1,Black;Blue,False,on_ear,True,False,closed,,general;communication;gaming,gaming,100.0,115.0,unverified_reference_source
a7a1d38f9ff4c80ef8a5,docyx_pc_part_dataset_2025_07_23,headset,Skullcandy S6AVFM-156,Skullcandy,S6AVFM-156,headset:skullcandy:s6avfm-156,curated_alias,reference_only_needs_verification,needs_review,False,1,Black;Silver,False,over_ear,True,False,closed,,general;communication;gaming,gaming,100.0,115.0,unverified_reference_source
1e81adb3c68b96819d93,docyx_pc_part_dataset_2025_07_23,headset,Skullcandy S6AVFM-157,Skullcandy,S6AVFM-157,headset:skullcandy:s6avfm-157,curated_alias,reference_only_needs_verification,needs_review,False,1,Brown,False,over_ear,True,False,closed,,general;communication;gaming,gaming,100.0,115.0,unverified_reference_source
944612a206c683d35535,docyx_pc_part_dataset_2025_07_23,headset,Skullcandy S6AVFM-158,Skullcandy,S6AVFM-158,headset:skullcandy:s6avfm-158,curated_alias,reference_only_needs_verification,needs_review,False,1,Black;White,False,over_ear,True,False,closed,,general;communication;gaming,gaming,100.0,115.0,unverified_reference_source
c58ae58862317a3bf1fb,docyx_pc_part_dataset_2025_07_23,headset,Skullcandy S6AVFM-289,Skullcandy,S6AVFM-289,headset:skullcandy:s6avfm-289,curated_alias,reference_only_needs_verification,needs_review,False,1,Black;Blue,False,over_ear,True,False,closed,,general;communication;gaming,gaming,100.0,115.0,unverified_reference_source
3ac70b26b854d4db6762,docyx_pc_part_dataset_2025_07_23,headset,Skullcandy S6HSDY-210,Skullcandy,S6HSDY-210,headset:skullcandy:s6hsdy-210,curated_alias,reference_only_needs_verification,needs_review,False,1,Black;Purple,False,over_ear,True,False,closed,"20,22",general;communication;gaming,gaming,100.0,115.0,frequency_units_ambiguous;unverified_reference_source
b5669bf16da20124d5bf,docyx_pc_part_dataset_2025_07_23,headset,Skullcandy S6HSDZ-058,Skullcandy,S6HSDZ-058,headset:skullcandy:s6hsdz-058,curated_alias,reference_only_needs_verification,needs_review,False,1,Multicolor,False,over_ear,True,False,closed,"20,20",general;communication;gaming,gaming,100.0,115.0,frequency_units_ambiguous;unverified_reference_source
3d3a79398511eb04e2de,docyx_pc_part_dataset_2025_07_23,headset,Skullcandy S6HSDZ-072,Skullcandy,S6HSDZ-072,headset:skullcandy:s6hsdz-072,curated_alias,reference_only_needs_verification,needs_review,False,1,Black;White,False,over_ear,True,False,closed,"20,20",general;communication;gaming,gaming,100.0,115.0,frequency_units_ambiguous;unverified_reference_source
5a80d99f4dc1cc1a2182,docyx_pc_part_dataset_2025_07_23,headset,Skullcandy S6HSDZ-161,Skullcandy,S6HSDZ-161,headset:skullcandy:s6hsdz-161,curated_alias,reference_only_needs_verification,needs_review,False,1,Black,False,over_ear,True,False,closed,"20,20",general;communication;gaming,gaming,100.0,115.0,frequency_units_ambiguous;unverified_reference_source
77c72b26a51e686072fd,docyx_pc_part_dataset_2025_07_23,headset,Skullcandy SLYR,Skullcandy,SLYR,headset:skullcandy:slyr,curated_alias,reference_only_needs_verification,needs_review,False,3,Black;Blue;White;Yellow,False,over_ear,True,False,closed,,general;communication;gaming,gaming,100.0,115.0,unverified_reference_source;identity_duplicates_collapsed
9be2acd25ab35c7b454e,docyx_pc_part_dataset_2025_07_23,headset,Skullcandy SLYR- Assassins Creed 4,Skullcandy,SLYR- Assassins Creed 4,headset:skullcandy:slyr-assassins-creed-4,curated_alias,reference_only_needs_verification,needs_review,False,1,Green;White,False,over_ear,True,False,closed,,general;communication;gaming,gaming,100.0,115.0,unverified_reference_source
1596209907d287aaaa09,docyx_pc_part_dataset_2025_07_23,headset,Sony MDR-E818LP,Sony,MDR-E818LP,headset:sony:mdr-e818lp,curated_alias,reference_only_needs_verification,needs_review,False,1,Black;Silver,False,in_ear,False,False,open,"12,22",general;music_creation,music_creation,100.0,115.0,frequency_units_ambiguous;unverified_reference_source
ef72c3ff8ff8f7fd28d7,docyx_pc_part_dataset_2025_07_23,headset,Sony MDR-MA300,Sony,MDR-MA300,headset:sony:mdr-ma300,curated_alias,reference_only_needs_verification,needs_review,False,1,Black,False,on_ear,False,False,open,"10,24",general;music_creation,music_creation,100.0,115.0,frequency_units_ambiguous;unverified_reference_source
8b5da245ba562ef1e8a4,docyx_pc_part_dataset_2025_07_23,headset,Sony MDR-NC7/BLK,Sony,MDR-NC7/BLK,headset:sony:mdr-nc7-blk,curated_alias,reference_only_needs_verification,needs_review,False,1,Black;Silver,False,on_ear,False,False,open,"30,20",general;music_creation,music_creation,100.0,115.0,frequency_units_ambiguous;unverified_reference_source
e0369c4b2845508abbeb,docyx_pc_part_dataset_2025_07_23,headset,Sony MDRMA900,Sony,MDRMA900,headset:sony:mdrma900,curated_alias,reference_only_needs_verification,needs_review,False,1,Black,False,over_ear,False,False,open,"5,40",general;music_creation,music_creation,100.0,115.0,frequency_units_ambiguous;unverified_reference_source
f2bc47e52493fff679fc,docyx_pc_part_dataset_2025_07_23,headset,Syba CL-AUD63032,Syba,CL-AUD63032,headset:syba:cl-aud63032,inferred_first_token,reference_only_needs_verification,needs_review,False,1,Purple;White,True,over_ear,True,False,closed,"20,20",general;communication;gaming,gaming,100.0,115.0,frequency_units_ambiguous;unverified_reference_source
aa2e46e7733fe780a1c8,docyx_pc_part_dataset_2025_07_23,headset,Syba CL-AUD63033,Syba,CL-AUD63033,headset:syba:cl-aud63033,inferred_first_token,reference_only_needs_verification,needs_review,False,1,Silver;White,True,over_ear,True,False,closed,"20,20",general;communication;gaming,gaming,100.0,115.0,frequency_units_ambiguous;unverified_reference_source
927e5692a8eb93d27d60,docyx_pc_part_dataset_2025_07_23,headset,Syba CL-AUD63035,Syba,CL-AUD63035,headset:syba:cl-aud63035,inferred_first_token,reference_only_needs_verification,needs_review,False,1,Blue;White,True,over_ear,True,False,closed,"20,20",general;communication;gaming,gaming,100.0,115.0,frequency_units_ambiguous;unverified_reference_source
fdd2cf0569056191f85a,docyx_pc_part_dataset_2025_07_23,headset,Syba CL-AUD63089,Syba,CL-AUD63089,headset:syba:cl-aud63089,inferred_first_token,reference_only_needs_verification,needs_review,False,1,Black;White,True,over_ear,True,False,closed,"20,20",general;communication;gaming,gaming,100.0,115.0,frequency_units_ambiguous;unverified_reference_source
59452778800b33737eaa,docyx_pc_part_dataset_2025_07_23,headset,Syba SHELL,Syba,SHELL,headset:syba:shell,inferred_first_token,reference_only_needs_verification,needs_review,False,3,Black;Orange;Red;White,True,over_ear,True,False,closed,"20,20",general;communication;gaming,gaming,100.0,115.0,frequency_units_ambiguous;unverified_reference_source;identity_duplicates_collapsed
645c27f3d6d623fbb1b1,docyx_pc_part_dataset_2025_07_23,headset,TAKSTAR Sprint,TAKSTAR,Sprint,headset:takstar:sprint,inferred_first_token,reference_only_needs_verification,needs_review,False,1,Black;Red,True,in_ear,True,False,closed,"20,2",general;communication;gaming,gaming,100.0,115.0,frequency_units_ambiguous;unverified_reference_source
fc70dba693740a239678,docyx_pc_part_dataset_2025_07_23,headset,Targus iStore Classic Fit,Targus,iStore Classic Fit,headset:targus:istore-classic-fit,inferred_first_token,reference_only_needs_verification,needs_review,False,1,Black,True,in_ear,True,False,closed,,general;communication;gaming,gaming,100.0,115.0,unverified_reference_source
a474cab93d401ad43d06,docyx_pc_part_dataset_2025_07_23,headset,Thermaltake CONSOLE,Thermaltake,CONSOLE,headset:thermaltake:console,curated_alias,reference_only_needs_verification,needs_review,False,1,Black;Green,False,over_ear,True,False,closed,,general;communication;gaming,gaming,100.0,115.0,unverified_reference_source
9ac8246b121aa1074500,docyx_pc_part_dataset_2025_07_23,headset,Thermaltake CRONOS AD,Thermaltake,CRONOS AD,headset:thermaltake:cronos-ad,curated_alias,reference_only_needs_verification,needs_review,False,1,Black;Red,False,over_ear,True,False,closed,"20,22",general;communication;gaming,gaming,100.0,115.0,frequency_units_ambiguous;unverified_reference_source
873a4982fbe4845e1602,docyx_pc_part_dataset_2025_07_23,headset,Thermaltake SHOCK,Thermaltake,SHOCK,headset:thermaltake:shock,curated_alias,reference_only_needs_verification,needs_review,False,5,Black;Blue;Orange;Red;White;Yellow,False,over_ear,True,False,closed,"20,20",general;communication;gaming,gaming,100.0,115.0,frequency_units_ambiguous;unverified_reference_source;identity_duplicates_collapsed
1468cf8c493065fbe20e,docyx_pc_part_dataset_2025_07_23,headset,Thermaltake SHOCK 3D 7.1,Thermaltake,SHOCK 3D 7.1,headset:thermaltake:shock-3d-7-1,curated_alias,reference_only_needs_verification,needs_review,False,1,Black;Red,False,over_ear,True,False,closed,"20,20",general;communication;gaming,gaming,100.0,115.0,frequency_units_ambiguous;unverified_reference_source
f5d61a27c396dcceb8fe,docyx_pc_part_dataset_2025_07_23,headset,Thermaltake SHOCK SPIN,Thermaltake,SHOCK SPIN,headset:thermaltake:shock-spin,curated_alias,reference_only_needs_verification,needs_review,False,3,Black;Red;White,False,over_ear,True,False,closed,"15,20",general;communication;gaming,gaming,100.0,115.0,frequency_units_ambiguous;unverified_reference_source;identity_duplicates_collapsed
3ea0f84d5984b528dd4d,docyx_pc_part_dataset_2025_07_23,headset,Thermaltake SYBARIS,Thermaltake,SYBARIS,headset:thermaltake:sybaris,curated_alias,reference_only_needs_verification,needs_review,False,1,Black;Red,False,over_ear,True,True,closed,"20,20",general;communication;gaming;portable,communication,100.0,115.0,frequency_units_ambiguous;unverified_reference_source
a4595fd0ad8e35dde3a4,docyx_pc_part_dataset_2025_07_23,headset,Thermaltake Tt eSPORTS Shock V2,Thermaltake,Tt eSPORTS Shock V2,headset:thermaltake:tt-esports-shock-v2,curated_alias,reference_only_needs_verification,needs_review,False,1,Black;Red,False,over_ear,True,False,closed,"20,20",general;communication;gaming,gaming,100.0,115.0,frequency_units_ambiguous;unverified_reference_source
80e8b8f1222ff1c28bdb,docyx_pc_part_dataset_2025_07_23,headset,Thermaltake VERTO,Thermaltake,VERTO,headset:thermaltake:verto,curated_alias,reference_only_needs_verification,needs_review,False,1,Black;Red,False,over_ear,True,False,closed,"10,22",general;communication;gaming,gaming,100.0,115.0,frequency_units_ambiguous;unverified_reference_source
f69fb4b27389147d0483,docyx_pc_part_dataset_2025_07_23,headset,Thermaltake eSPORTS DRACCO Captain,Thermaltake,eSPORTS DRACCO Captain,headset:thermaltake:esports-dracco-captain,curated_alias,reference_only_needs_verification,needs_review,False,1,Black;Red,False,over_ear,True,False,closed,"10,22",general;communication;gaming,gaming,100.0,115.0,frequency_units_ambiguous;unverified_reference_source
d0c7b10ac309280aa60d,docyx_pc_part_dataset_2025_07_23,headset,Thermaltake eSPORTS SHOCK Battle Edition,Thermaltake,eSPORTS SHOCK Battle Edition,headset:thermaltake:esports-shock-battle-edition,curated_alias,reference_only_needs_verification,needs_review,False,1,Black;Green,False,over_ear,True,False,closed,"20,20",general;communication;gaming,gaming,100.0,115.0,frequency_units_ambiguous;unverified_reference_source
365d511b66e97e178d1f,docyx_pc_part_dataset_2025_07_23,headset,Turtle Beach Call of Duty: Ghosts Ear Force Spectre,Turtle Beach,Call of Duty: Ghosts Ear Force Spectre,headset:turtle-beach:call-of-duty-ghosts-ear-force-spectre,curated_alias,reference_only_needs_verification,needs_review,False,1,Black;White,False,over_ear,True,False,closed,,general;communication;gaming,gaming,100.0,115.0,unverified_reference_source
b5f5b23d268d9117733d,docyx_pc_part_dataset_2025_07_23,headset,Turtle Beach EARFORCEZ11,Turtle Beach,EARFORCEZ11,headset:turtle-beach:earforcez11,curated_alias,reference_only_needs_verification,needs_review,False,1,Black,False,over_ear,True,False,closed,,general;communication;gaming,gaming,100.0,115.0,unverified_reference_source
739dfd184ed21cfe401a,docyx_pc_part_dataset_2025_07_23,headset,Turtle Beach Ear Force PX3,Turtle Beach,Ear Force PX3,headset:turtle-beach:ear-force-px3,curated_alias,reference_only_needs_verification,needs_review,False,1,Black;Silver,False,over_ear,True,False,closed,,general;communication;gaming,gaming,100.0,115.0,unverified_reference_source
f1e05e5dbf76582d301b,docyx_pc_part_dataset_2025_07_23,headset,Turtle Beach Ear Force XP Seven,Turtle Beach,Ear Force XP Seven,headset:turtle-beach:ear-force-xp-seven,curated_alias,reference_only_needs_verification,needs_review,False,1,Black;White,False,over_ear,True,False,closed,,general;communication;gaming,gaming,100.0,115.0,unverified_reference_source
9d372f660913430bb401,docyx_pc_part_dataset_2025_07_23,headset,Turtle Beach Ear Force Z11,Turtle Beach,Ear Force Z11,headset:turtle-beach:ear-force-z11,curated_alias,reference_only_needs_verification,needs_review,False,1,Black,False,over_ear,True,False,closed,"20,20",general;communication;gaming,gaming,100.0,115.0,frequency_units_ambiguous;unverified_reference_source
4a08afa71b823e400ee6,docyx_pc_part_dataset_2025_07_23,headset,Turtle Beach Ear Force ZLa,Turtle Beach,Ear Force ZLa,headset:turtle-beach:ear-force-zla,curated_alias,reference_only_needs_verification,needs_review,False,1,Black,False,on_ear,True,False,closed,"20,20",general;communication;gaming,gaming,100.0,115.0,frequency_units_ambiguous;unverified_reference_source
66ff72c3a125e8d75f26,docyx_pc_part_dataset_2025_07_23,headset,Turtle Beach EarForce Z SEVEN,Turtle Beach,EarForce Z SEVEN,headset:turtle-beach:earforce-z-seven,curated_alias,reference_only_needs_verification,needs_review,False,1,Black;White,False,over_ear,True,False,closed,,general;communication;gaming,gaming,100.0,115.0,unverified_reference_source
a04c1414b01a6983c3bb,docyx_pc_part_dataset_2025_07_23,headset,Turtle Beach EarForce Z2,Turtle Beach,EarForce Z2,headset:turtle-beach:earforce-z2,curated_alias,reference_only_needs_verification,needs_review,False,2,Black;Silver;White,False,over_ear,True,False,closed,,general;communication;gaming,gaming,100.0,115.0,unverified_reference_source;identity_duplicates_collapsed
442a82f80ba25385c614,docyx_pc_part_dataset_2025_07_23,headset,Turtle Beach Earforce Stealth 450 USB,Turtle Beach,Earforce Stealth 450 USB,headset:turtle-beach:earforce-stealth-450-usb,curated_alias,reference_only_needs_verification,needs_review,False,1,Black;Red,False,over_ear,True,True,closed,"20,20",general;communication;gaming;portable,communication,100.0,115.0,frequency_units_ambiguous;unverified_reference_source
8066100d61998091c22b,docyx_pc_part_dataset_2025_07_23,headset,Turtle Beach Elite Atlas Aero,Turtle Beach,Elite Atlas Aero,headset:turtle-beach:elite-atlas-aero,curated_alias,reference_only_needs_verification,needs_review,False,1,Black,False,over_ear,True,False,closed,"12,20",general;communication;gaming,gaming,100.0,115.0,frequency_units_ambiguous;unverified_reference_source
100afb1580b99199dac5,docyx_pc_part_dataset_2025_07_23,headset,Turtle Beach Heroes of the Storm,Turtle Beach,Heroes of the Storm,headset:turtle-beach:heroes-of-the-storm,curated_alias,reference_only_needs_verification,needs_review,False,1,Black;Blue,False,over_ear,True,False,closed,"20,20",general;communication;gaming,gaming,100.0,115.0,frequency_units_ambiguous;unverified_reference_source
f5bd3581ddcee28fbfe0,docyx_pc_part_dataset_2025_07_23,headset,Turtle Beach Recon 320,Turtle Beach,Recon 320,headset:turtle-beach:recon-320,curated_alias,reference_only_needs_verification,needs_review,False,1,Black;Red,False,over_ear,True,False,closed,"20,20",general;communication;gaming,gaming,100.0,115.0,frequency_units_ambiguous;unverified_reference_source
278aa927dcd0ce4a3295,docyx_pc_part_dataset_2025_07_23,headset,Turtle Beach STEALTH 450,Turtle Beach,STEALTH 450,headset:turtle-beach:stealth-450,curated_alias,reference_only_needs_verification,needs_review,False,1,Black;Red,False,over_ear,True,False,closed,,general;communication;gaming,gaming,100.0,115.0,unverified_reference_source
3a008743f6d35fc888bf,docyx_pc_part_dataset_2025_07_23,headset,Turtle Beach Stealth 420X,Turtle Beach,Stealth 420X,headset:turtle-beach:stealth-420x,curated_alias,reference_only_needs_verification,needs_review,False,1,Black;Green,False,over_ear,True,True,closed,"20,20",general;communication;gaming;portable,communication,100.0,115.0,frequency_units_ambiguous;unverified_reference_source
09c1b4e483b4cccba22f,docyx_pc_part_dataset_2025_07_23,headset,Turtle Beach TBS-4256-01,Turtle Beach,TBS-4256-01,headset:turtle-beach:tbs-4256-01,curated_alias,reference_only_needs_verification,needs_review,False,1,Black;Blue,False,over_ear,True,False,closed,,general;communication;gaming,gaming,100.0,115.0,unverified_reference_source
b831fbf6c62c9f0041e6,docyx_pc_part_dataset_2025_07_23,headset,Turtle Beach Titanfall Ear Force Atlas,Turtle Beach,Titanfall Ear Force Atlas,headset:turtle-beach:titanfall-ear-force-atlas,curated_alias,reference_only_needs_verification,needs_review,False,1,Black;White,False,over_ear,True,False,closed,,general;communication;gaming,gaming,100.0,115.0,unverified_reference_source
e946a84c8c118ba6dfd9,docyx_pc_part_dataset_2025_07_23,headset,YEYIAN Force 3000,YEYIAN,Force 3000,headset:yeyian:force-3000,inferred_first_token,reference_only_needs_verification,needs_review,False,2,Beige;Camo;White,True,over_ear,True,False,closed,"20,20",general;communication;gaming,gaming,100.0,115.0,frequency_units_ambiguous;unverified_reference_source;identity_duplicates_collapsed
971932b8a9f0e23ace9d,docyx_pc_part_dataset_2025_07_23,headset,YEYIAN Proud 3500,YEYIAN,Proud 3500,headset:yeyian:proud-3500,inferred_first_token,reference_only_needs_verification,needs_review,False,1,Black,True,over_ear,True,False,closed,"20,20",general;communication;gaming,gaming,100.0,115.0,frequency_units_ambiguous;unverified_reference_source
cfbdf0a527f681fc8a9d,docyx_pc_part_dataset_2025_07_23,headset,YEYIAN Wicked 3000,YEYIAN,Wicked 3000,headset:yeyian:wicked-3000,inferred_first_token,reference_only_needs_verification,needs_review,False,1,Black;Red,True,over_ear,True,False,closed,"20,20",general;communication;gaming,gaming,100.0,115.0,frequency_units_ambiguous;unverified_reference_source
28fd52cca22d87a5186b,docyx_pc_part_dataset_2025_07_23,headset,YEYIAN YDG-33406,YEYIAN,YDG-33406,headset:yeyian:ydg-33406,inferred_first_token,reference_only_needs_verification,needs_review,False,1,Gray;White,True,over_ear,True,False,closed,"20,20",general;communication;gaming,gaming,100.0,115.0,frequency_units_ambiguous;unverified_reference_source
3f1df93151c2c1179ea3,docyx_pc_part_dataset_2025_07_23,headset,AKG K271 MK II,AKG,K271 MK II,headset:akg:k271-mk-ii,curated_alias,reference_only_needs_verification,needs_review,False,1,Black;Silver,True,over_ear,False,False,closed,"16,28",general,communication,100.0,113.0,frequency_units_ambiguous;unverified_reference_source
7babf561e28e4c9405a3,docyx_pc_part_dataset_2025_07_23,headset,AKG K271MKII,AKG,K271MKII,headset:akg:k271mkii,curated_alias,reference_only_needs_verification,needs_review,False,1,Black;Silver,True,over_ear,False,False,closed,"16,28",general,communication,100.0,113.0,frequency_units_ambiguous;unverified_reference_source
f2d14bf8f4744594aa34,docyx_pc_part_dataset_2025_07_23,headset,AKG K553 PRO,AKG,K553 PRO,headset:akg:k553-pro,curated_alias,reference_only_needs_verification,needs_review,False,1,Black,True,over_ear,False,False,closed,"20,20",general,communication,100.0,113.0,frequency_units_ambiguous;unverified_reference_source
e3a612f2de9d566fe7f1,docyx_pc_part_dataset_2025_07_23,headset,Beyerdynamic DT 1770 PRO,Beyerdynamic,DT 1770 PRO,headset:beyerdynamic:dt-1770-pro,curated_alias,reference_only_needs_verification,needs_review,False,1,Black,True,over_ear,False,False,closed,"5,40",general,communication,100.0,113.0,frequency_units_ambiguous;unverified_reference_source
18cd5fc1b083bcbcb8a0,docyx_pc_part_dataset_2025_07_23,headset,Beyerdynamic DT 700 PRO X,Beyerdynamic,DT 700 PRO X,headset:beyerdynamic:dt-700-pro-x,curated_alias,reference_only_needs_verification,needs_review,False,1,Black,True,over_ear,False,False,closed,"5,40",general,communication,100.0,113.0,frequency_units_ambiguous;unverified_reference_source
9d464d53dd39d283370e,docyx_pc_part_dataset_2025_07_23,headset,Beyerdynamic DT 770 PRO,Beyerdynamic,DT 770 PRO,headset:beyerdynamic:dt-770-pro,curated_alias,reference_only_needs_verification,needs_review,False,1,Gray,True,over_ear,False,False,closed,"5,35",general,communication,100.0,113.0,frequency_units_ambiguous;unverified_reference_source
655b35c26accf9c2e9ca,docyx_pc_part_dataset_2025_07_23,headset,Creative Labs Aurvana Live! SE,Creative,Labs Aurvana Live! SE,headset:creative:labs-aurvana-live-se,curated_alias,reference_only_needs_verification,needs_review,False,1,Black,True,over_ear,False,False,closed,"10,30",general,communication,100.0,113.0,frequency_units_ambiguous;unverified_reference_source
f088e5bea3afb4aa80f9,docyx_pc_part_dataset_2025_07_23,headset,Cyber Acoustics ACM-500RB,Cyber Acoustics,ACM-500RB,headset:cyber-acoustics:acm-500rb,curated_alias,reference_only_needs_verification,needs_review,False,1,Black,True,over_ear,False,False,closed,,general,communication,100.0,113.0,unverified_reference_source
b8eba1e6d208b316ae62,docyx_pc_part_dataset_2025_07_23,headset,Cyber Acoustics ACM-6005,Cyber Acoustics,ACM-6005,headset:cyber-acoustics:acm-6005,curated_alias,reference_only_needs_verification,needs_review,False,1,Black,True,on_ear,False,False,closed,,general,communication,100.0,113.0,unverified_reference_source
5a07f00fce22b29347d8,docyx_pc_part_dataset_2025_07_23,headset,Cyber Acoustics ACM-62,Cyber Acoustics,ACM-62,headset:cyber-acoustics:acm-62,curated_alias,reference_only_needs_verification,needs_review,False,1,Black,True,on_ear,False,False,closed,,general,communication,100.0,113.0,unverified_reference_source
a5bc0755d2e942a1a732,docyx_pc_part_dataset_2025_07_23,headset,Cyber Acoustics ACM-70B,Cyber Acoustics,ACM-70B,headset:cyber-acoustics:acm-70b,curated_alias,reference_only_needs_verification,needs_review,False,1,Black,True,on_ear,False,False,closed,"20,20",general,communication,100.0,113.0,frequency_units_ambiguous;unverified_reference_source
13684417dc629f40265f,docyx_pc_part_dataset_2025_07_23,headset,Cyber Acoustics ACM-940,Cyber Acoustics,ACM-940,headset:cyber-acoustics:acm-940,curated_alias,reference_only_needs_verification,needs_review,False,2,Black,True,over_ear,False,False,closed,"20,20",general,communication,100.0,113.0,frequency_units_ambiguous;unverified_reference_source;identity_duplicates_collapsed
410d32e54c979dba4594,docyx_pc_part_dataset_2025_07_23,headset,HiFiMAN RE2000 24k Gold Edition,HiFiMAN,RE2000 24k Gold Edition,headset:hifiman:re2000-24k-gold-edition,curated_alias,reference_only_needs_verification,needs_review,False,1,Black;Gold,True,in_ear,False,False,closed,"5,20",general,communication,100.0,113.0,frequency_units_ambiguous;unverified_reference_source
e456a04a4e6fb1dae7a7,docyx_pc_part_dataset_2025_07_23,headset,HiFiMAN RE2000 Silver,HiFiMAN,RE2000 Silver,headset:hifiman:re2000-silver,curated_alias,reference_only_needs_verification,needs_review,False,1,Black;Silver,True,in_ear,False,False,closed,"5,20",general,communication,100.0,113.0,frequency_units_ambiguous;unverified_reference_source
1840f3055dd604d0ceb7,docyx_pc_part_dataset_2025_07_23,headset,HiFiMAN RE300h,HiFiMAN,RE300h,headset:hifiman:re300h,curated_alias,reference_only_needs_verification,needs_review,False,1,Black,True,in_ear,False,False,closed,"15,22",general,communication,100.0,113.0,frequency_units_ambiguous;unverified_reference_source
fc60ec274e4cae6221f9,docyx_pc_part_dataset_2025_07_23,headset,HiFiMAN RE600S V2 Songbird,HiFiMAN,RE600S V2 Songbird,headset:hifiman:re600s-v2-songbird,curated_alias,reference_only_needs_verification,needs_review,False,1,Black,True,in_ear,False,False,closed,"15,22",general,communication,100.0,113.0,frequency_units_ambiguous;unverified_reference_source
dbea467222cd7bae54e9,docyx_pc_part_dataset_2025_07_23,headset,Koss KEB6K,Koss,KEB6K,headset:koss:keb6k,curated_alias,reference_only_needs_verification,needs_review,False,1,Black;Silver,True,in_ear,False,False,closed,,general,communication,100.0,113.0,unverified_reference_source
58040d1d7b2ccc0f43ca,docyx_pc_part_dataset_2025_07_23,headset,Koss KEB6W,Koss,KEB6W,headset:koss:keb6w,curated_alias,reference_only_needs_verification,needs_review,False,1,White,True,in_ear,False,False,closed,,general,communication,100.0,113.0,unverified_reference_source
2ca12db4cf7c52522889,docyx_pc_part_dataset_2025_07_23,headset,Koss KPH7W,Koss,KPH7W,headset:koss:kph7w,curated_alias,reference_only_needs_verification,needs_review,False,2,Black,True,on_ear,False,False,closed,,general,communication,100.0,113.0,unverified_reference_source;identity_duplicates_collapsed
66472c472ff7c058be9c,docyx_pc_part_dataset_2025_07_23,headset,Koss KSC21,Koss,KSC21,headset:koss:ksc21,curated_alias,reference_only_needs_verification,needs_review,False,1,Black;Silver,True,on_ear,False,False,closed,"50,18",general,communication,100.0,113.0,frequency_units_ambiguous;unverified_reference_source
37badfd4c81fcfae41fc,docyx_pc_part_dataset_2025_07_23,headset,Koss KSC75,Koss,KSC75,headset:koss:ksc75,curated_alias,reference_only_needs_verification,needs_review,False,1,Black;Silver,True,on_ear,False,False,closed,,general,communication,100.0,113.0,unverified_reference_source
3ed787ee4dccc5ac1ca4,docyx_pc_part_dataset_2025_07_23,headset,Koss PLUG,Koss,PLUG,headset:koss:plug,curated_alias,reference_only_needs_verification,needs_review,False,1,Black;Silver,True,in_ear,False,False,closed,,general,communication,100.0,113.0,unverified_reference_source
9697b566a3ead6080402,docyx_pc_part_dataset_2025_07_23,headset,Koss QZPRO,Koss,QZPRO,headset:koss:qzpro,curated_alias,reference_only_needs_verification,needs_review,False,1,Black;Silver,True,over_ear,False,False,closed,"40,20",general,communication,100.0,113.0,frequency_units_ambiguous;unverified_reference_source
8aeb682a8ae9ecc84475,docyx_pc_part_dataset_2025_07_23,headset,Mad Catz F.R.E.Q.4D,Mad Catz,F.R.E.Q.4D,headset:mad-catz:f-r-e-q-4d,curated_alias,reference_only_needs_verification,needs_review,False,1,Black;Silver,True,over_ear,False,False,closed,"20,20",general,communication,100.0,113.0,frequency_units_ambiguous;unverified_reference_source
0d18d048250880f7f075,docyx_pc_part_dataset_2025_07_23,headset,Panasonic RP-HJE120-S,Panasonic,RP-HJE120-S,headset:panasonic:rp-hje120-s,curated_alias,reference_only_needs_verification,needs_review,False,1,Silver;White,True,in_ear,False,False,closed,"20,20",general,communication,100.0,113.0,frequency_units_ambiguous;unverified_reference_source
8b49ab5d30f633c6e953,docyx_pc_part_dataset_2025_07_23,headset,Panasonic RP-HJE125-A,Panasonic,RP-HJE125-A,headset:panasonic:rp-hje125-a,curated_alias,reference_only_needs_verification,needs_review,False,1,Blue,True,in_ear,False,False,closed,,general,communication,100.0,113.0,unverified_reference_source
21ae40619af0ff09fa76,docyx_pc_part_dataset_2025_07_23,headset,Panasonic RP-HJE125-D,Panasonic,RP-HJE125-D,headset:panasonic:rp-hje125-d,curated_alias,reference_only_needs_verification,needs_review,False,1,Orange,True,in_ear,False,False,closed,,general,communication,100.0,113.0,unverified_reference_source
e3d06cb8d718bebfc913,docyx_pc_part_dataset_2025_07_23,headset,Panasonic RP-HJE125-P,Panasonic,RP-HJE125-P,headset:panasonic:rp-hje125-p,curated_alias,reference_only_needs_verification,needs_review,False,1,Pink,True,in_ear,False,False,closed,,general,communication,100.0,113.0,unverified_reference_source
b6f39d7d23dc7cbdb340,docyx_pc_part_dataset_2025_07_23,headset,Panasonic RP-HJE125-V,Panasonic,RP-HJE125-V,headset:panasonic:rp-hje125-v,curated_alias,reference_only_needs_verification,needs_review,False,1,Purple,True,in_ear,False,False,closed,"10,24",general,communication,100.0,113.0,frequency_units_ambiguous;unverified_reference_source
948f40f02b5c808fe2b7,docyx_pc_part_dataset_2025_07_23,headset,Panasonic RP-HJE125-W,Panasonic,RP-HJE125-W,headset:panasonic:rp-hje125-w,curated_alias,reference_only_needs_verification,needs_review,False,1,,True,in_ear,False,False,closed,"10,24",general,communication,100.0,113.0,frequency_units_ambiguous;unverified_reference_source
2adc08c7e873ab81db11,docyx_pc_part_dataset_2025_07_23,headset,Panasonic RP-HJE125-Z,Panasonic,RP-HJE125-Z,headset:panasonic:rp-hje125-z,curated_alias,reference_only_needs_verification,needs_review,False,1,Blue,True,in_ear,False,False,closed,,general,communication,100.0,113.0,unverified_reference_source
d12478256b64349ba7fb,docyx_pc_part_dataset_2025_07_23,headset,Panasonic RP-HJE450-W,Panasonic,RP-HJE450-W,headset:panasonic:rp-hje450-w,curated_alias,reference_only_needs_verification,needs_review,False,1,White,True,in_ear,False,False,closed,"6,26",general,communication,100.0,113.0,frequency_units_ambiguous;unverified_reference_source
e839740dd5239ec124e1,docyx_pc_part_dataset_2025_07_23,headset,Panasonic RP-HS220-D,Panasonic,RP-HS220-D,headset:panasonic:rp-hs220-d,curated_alias,reference_only_needs_verification,needs_review,False,1,Black;Orange,True,in_ear,False,False,closed,"10,22",general,communication,100.0,113.0,frequency_units_ambiguous;unverified_reference_source
de651ebef650a411d729,docyx_pc_part_dataset_2025_07_23,headset,Panasonic RP-HT21,Panasonic,RP-HT21,headset:panasonic:rp-ht21,curated_alias,reference_only_needs_verification,needs_review,False,1,Black;Silver,True,on_ear,False,False,closed,"16,22",general,communication,100.0,113.0,frequency_units_ambiguous;unverified_reference_source
39ba886ba7a6822847d6,docyx_pc_part_dataset_2025_07_23,headset,Panasonic RP-HV096-K,Panasonic,RP-HV096-K,headset:panasonic:rp-hv096-k,curated_alias,reference_only_needs_verification,needs_review,False,1,Black,True,in_ear,False,False,closed,,general,communication,100.0,113.0,unverified_reference_source
83683744779ca1897ff6,docyx_pc_part_dataset_2025_07_23,headset,Panasonic RP-HX35-K,Panasonic,RP-HX35-K,headset:panasonic:rp-hx35-k,curated_alias,reference_only_needs_verification,needs_review,False,1,Black;Silver,True,on_ear,False,False,closed,,general,communication,100.0,113.0,unverified_reference_source
0f5701e01996238f59bd,docyx_pc_part_dataset_2025_07_23,headset,Panasonic RPHJX5-S,Panasonic,RPHJX5-S,headset:panasonic:rphjx5-s,curated_alias,reference_only_needs_verification,needs_review,False,1,Black;Silver,True,in_ear,False,False,closed,,general,communication,100.0,113.0,unverified_reference_source
e59c4a98d3918686f957,docyx_pc_part_dataset_2025_07_23,headset,Philips LFH2236/00,Philips,LFH2236/00,headset:philips:lfh2236-00,curated_alias,reference_only_needs_verification,needs_review,False,1,Black;Silver,True,on_ear,False,False,closed,"18,20",general,communication,100.0,113.0,frequency_units_ambiguous;unverified_reference_source
b355470c4b6d20dabfc0,docyx_pc_part_dataset_2025_07_23,headset,Philips SHE2105WT/28,Philips,SHE2105WT/28,headset:philips:she2105wt-28,curated_alias,reference_only_needs_verification,needs_review,False,1,White,True,in_ear,False,False,closed,"12,22",general,communication,100.0,113.0,frequency_units_ambiguous;unverified_reference_source
8deaa946358bc85a8291,docyx_pc_part_dataset_2025_07_23,headset,Philips SHE7000WT/28,Philips,SHE7000WT/28,headset:philips:she7000wt-28,curated_alias,reference_only_needs_verification,needs_review,False,1,Pink;White,True,in_ear,False,False,closed,"8,23.5",general,communication,100.0,113.0,frequency_units_ambiguous;unverified_reference_source
d73bc9b99705b2187904,docyx_pc_part_dataset_2025_07_23,headset,Philips SHL3000WT/28,Philips,SHL3000WT/28,headset:philips:shl3000wt-28,curated_alias,reference_only_needs_verification,needs_review,False,1,Black;White,True,over_ear,False,False,closed,"20,20",general,communication,100.0,113.0,frequency_units_ambiguous;unverified_reference_source
5cce3ac0dbd4a1feb1a6,docyx_pc_part_dataset_2025_07_23,headset,Philips SHL5200WT/28,Philips,SHL5200WT/28,headset:philips:shl5200wt-28,curated_alias,reference_only_needs_verification,needs_review,False,1,White,True,on_ear,False,False,closed,"20,20",general,communication,100.0,113.0,frequency_units_ambiguous;unverified_reference_source
eb17c05bf07ab159ba81,docyx_pc_part_dataset_2025_07_23,headset,Shure SE315-K,Shure,SE315-K,headset:shure:se315-k,curated_alias,reference_only_needs_verification,needs_review,False,1,Black,True,in_ear,False,False,closed,"22,18.5",general,communication,100.0,113.0,frequency_units_ambiguous;unverified_reference_source
aae83f3daedf3d396b0e,docyx_pc_part_dataset_2025_07_23,headset,Shure SE425-CL,Shure,SE425-CL,headset:shure:se425-cl,curated_alias,reference_only_needs_verification,needs_review,False,1,Transparent,True,in_ear,False,False,closed,"20,19",general,communication,100.0,113.0,frequency_units_ambiguous;unverified_reference_source
22fde835688629ab1174,docyx_pc_part_dataset_2025_07_23,headset,Shure SE535-CL,Shure,SE535-CL,headset:shure:se535-cl,curated_alias,reference_only_needs_verification,needs_review,False,1,Brown,True,in_ear,False,False,closed,"18,19",general,communication,100.0,113.0,frequency_units_ambiguous;unverified_reference_source
2ebd59f60c6056c3f2c0,docyx_pc_part_dataset_2025_07_23,headset,Shure SE535CLEAR,Shure,SE535CLEAR,headset:shure:se535clear,curated_alias,reference_only_needs_verification,needs_review,False,1,Black;Brown,True,in_ear,False,False,closed,"18,19",general,communication,100.0,113.0,frequency_units_ambiguous;unverified_reference_source
fd6661cd68b4e5e5b0b3,docyx_pc_part_dataset_2025_07_23,headset,Shure SRH440,Shure,SRH440,headset:shure:srh440,curated_alias,reference_only_needs_verification,needs_review,False,2,Black,True,over_ear,False,False,closed,"10,22",general,communication,100.0,113.0,frequency_units_ambiguous;unverified_reference_source;identity_duplicates_collapsed
e82de8a1e8acd5ef5b07,docyx_pc_part_dataset_2025_07_23,headset,Shure SRH440A,Shure,SRH440A,headset:shure:srh440a,curated_alias,reference_only_needs_verification,needs_review,False,1,Black,True,over_ear,False,False,closed,"10,22",general,communication,100.0,113.0,frequency_units_ambiguous;unverified_reference_source
a91e4ad976e6c6b750d2,docyx_pc_part_dataset_2025_07_23,headset,Shure SRH840,Shure,SRH840,headset:shure:srh840,curated_alias,reference_only_needs_verification,needs_review,False,2,Black;Silver,True,over_ear,False,False,closed,"5,25",general,communication,100.0,113.0,frequency_units_ambiguous;unverified_reference_source;identity_duplicates_collapsed
ac0ed75e56d8f51f4227,docyx_pc_part_dataset_2025_07_23,headset,Shure SRH840A,Shure,SRH840A,headset:shure:srh840a,curated_alias,reference_only_needs_verification,needs_review,False,1,Black;Gold,True,over_ear,False,False,closed,"5,25",general,communication,100.0,113.0,frequency_units_ambiguous;unverified_reference_source
7f05b48c20d14da38827,docyx_pc_part_dataset_2025_07_23,headset,Skullcandy Crusher,Skullcandy,Crusher,headset:skullcandy:crusher,curated_alias,reference_only_needs_verification,needs_review,False,14,Beige;Black;Blue;Brown;Camo;Cyan;Gray;Green;Red;White,True,over_ear,False,True,closed,"20,20",general;portable,portable,100.0,113.0,frequency_units_ambiguous;unverified_reference_source;identity_duplicates_collapsed
f89c831d0dfa9ece89f5,docyx_pc_part_dataset_2025_07_23,headset,Skullcandy S5AVDM-161,Skullcandy,S5AVDM-161,headset:skullcandy:s5avdm-161,curated_alias,reference_only_needs_verification,needs_review,False,2,Black;Silver,True,on_ear,False,False,closed,,general,communication,100.0,113.0,unverified_reference_source;identity_duplicates_collapsed
4e1e28b332d963f46c0c,docyx_pc_part_dataset_2025_07_23,headset,Thermaltake HT-DRS007OEWH,Thermaltake,HT-DRS007OEWH,headset:thermaltake:ht-drs007oewh,curated_alias,reference_only_needs_verification,needs_review,False,1,Multicolor,True,over_ear,False,False,closed,"10,22",general,communication,100.0,113.0,frequency_units_ambiguous;unverified_reference_source
bc964ce1af8005fe6505,docyx_pc_part_dataset_2025_07_23,headset,Thermaltake LHA0049-B,Thermaltake,LHA0049-B,headset:thermaltake:lha0049-b,curated_alias,reference_only_needs_verification,needs_review,False,1,White,True,on_ear,False,False,closed,,general,communication,100.0,113.0,unverified_reference_source
6e62fc9c204e06820185,docyx_pc_part_dataset_2025_07_23,headset,Yamaha EPH-20 Pink,Yamaha,EPH-20 Pink,headset:yamaha:eph-20-pink,curated_alias,reference_only_needs_verification,needs_review,False,1,Black;Pink,True,in_ear,False,False,closed,"20,21",general,communication,100.0,113.0,frequency_units_ambiguous;unverified_reference_source
5fc2fef3b326f429cc47,docyx_pc_part_dataset_2025_07_23,headset,Yamaha EPH-20PI,Yamaha,EPH-20PI,headset:yamaha:eph-20pi,curated_alias,reference_only_needs_verification,needs_review,False,1,Black;Pink,True,in_ear,False,False,closed,"20,21",general,communication,100.0,113.0,frequency_units_ambiguous;unverified_reference_source
432d301795a5b8eff24c,docyx_pc_part_dataset_2025_07_23,headset,Acer Predator Gaming,Acer,Predator Gaming,headset:acer:predator-gaming,curated_alias,reference_only_needs_verification,needs_review,False,1,Black,False,over_ear,True,False,open,"10,28",general;communication;music_creation,music_creation,100.0,112.0,frequency_units_ambiguous;unverified_reference_source
b2d1b32e8aaada7d0f8f,docyx_pc_part_dataset_2025_07_23,headset,Audeze LCD-GX,Audeze,LCD-GX,headset:audeze:lcd-gx,inferred_first_token,reference_only_needs_verification,needs_review,False,1,Black;Red,True,over_ear,True,False,open,"10,50",general;communication;music_creation,music_creation,100.0,112.0,frequency_units_ambiguous;unverified_reference_source
bb5835864b5dd3063863,docyx_pc_part_dataset_2025_07_23,headset,Cyber Acoustics AC-104,Cyber Acoustics,AC-104,headset:cyber-acoustics:ac-104,curated_alias,reference_only_needs_verification,needs_review,False,1,Black,True,on_ear,True,False,closed,,general;communication;gaming,gaming,100.0,112.0,unverified_reference_source
4574dc21d131cdaac982,docyx_pc_part_dataset_2025_07_23,headset,Cyber Acoustics AC-201,Cyber Acoustics,AC-201,headset:cyber-acoustics:ac-201,curated_alias,reference_only_needs_verification,needs_review,False,1,Black;Silver,True,on_ear,True,False,closed,"20,20",general;communication;gaming,gaming,100.0,112.0,frequency_units_ambiguous;unverified_reference_source
8c5168dea045df9dd3f1,docyx_pc_part_dataset_2025_07_23,headset,Cyber Acoustics AC-204,Cyber Acoustics,AC-204,headset:cyber-acoustics:ac-204,curated_alias,reference_only_needs_verification,needs_review,False,1,Black,True,on_ear,True,False,closed,,general;communication;gaming,gaming,100.0,112.0,unverified_reference_source
48ec67b000bc543aeedf,docyx_pc_part_dataset_2025_07_23,headset,Cyber Acoustics AC-740,Cyber Acoustics,AC-740,headset:cyber-acoustics:ac-740,curated_alias,reference_only_needs_verification,needs_review,False,2,Black;Silver,True,on_ear,True,False,closed,"20,20",general;communication;gaming,gaming,100.0,112.0,frequency_units_ambiguous;unverified_reference_source;identity_duplicates_collapsed
88b954f5d9823d35b8d4,docyx_pc_part_dataset_2025_07_23,headset,Cyber Acoustics AC-840,Cyber Acoustics,AC-840,headset:cyber-acoustics:ac-840,curated_alias,reference_only_needs_verification,needs_review,False,1,Black;Silver,True,on_ear,True,False,closed,"20,20",general;communication;gaming,gaming,100.0,112.0,frequency_units_ambiguous;unverified_reference_source
512faf27f1d5e485d700,docyx_pc_part_dataset_2025_07_23,headset,Cyber Acoustics AC-850,Cyber Acoustics,AC-850,headset:cyber-acoustics:ac-850,curated_alias,reference_only_needs_verification,needs_review,False,1,Black;Silver,True,over_ear,True,False,closed,"20,20",general;communication;gaming,gaming,100.0,112.0,frequency_units_ambiguous;unverified_reference_source
ef6d58fcaed46c63abc6,docyx_pc_part_dataset_2025_07_23,headset,HP OMEN 800,HP,OMEN 800,headset:hp:omen-800,curated_alias,reference_only_needs_verification,needs_review,False,1,Black;Red,False,over_ear,True,False,open,"20,20",general;communication;music_creation,music_creation,100.0,112.0,frequency_units_ambiguous;unverified_reference_source
1dcba7f507e33c4734d6,docyx_pc_part_dataset_2025_07_23,headset,Kensington H1000,Kensington,H1000,headset:kensington:h1000,curated_alias,reference_only_needs_verification,needs_review,False,1,Black,True,on_ear,True,False,closed,"20,2",general;communication;gaming,gaming,100.0,112.0,frequency_units_ambiguous;unverified_reference_source
447ad25c8c10edacf2c9,docyx_pc_part_dataset_2025_07_23,headset,Koss 178203,Koss,178203,headset:koss:178203,curated_alias,reference_only_needs_verification,needs_review,False,1,Black;Silver,True,over_ear,True,False,closed,,general;communication;gaming,gaming,100.0,112.0,unverified_reference_source
2a7e1718e0cf2b196697,docyx_pc_part_dataset_2025_07_23,headset,Koss CS-100,Koss,CS-100,headset:koss:cs-100,curated_alias,reference_only_needs_verification,needs_review,False,1,Black;Silver,True,on_ear,True,False,closed,,general;communication;gaming,gaming,100.0,112.0,unverified_reference_source
931d2c6adebc9866a0fe,docyx_pc_part_dataset_2025_07_23,headset,Koss CS95,Koss,CS95,headset:koss:cs95,curated_alias,reference_only_needs_verification,needs_review,False,1,Black;Silver,True,on_ear,True,False,closed,"30,16",general;communication;gaming,gaming,100.0,112.0,frequency_units_ambiguous;unverified_reference_source
13b087bba8fd7a366877,docyx_pc_part_dataset_2025_07_23,headset,Koss GMR-545-AIR,Koss,GMR-545-AIR,headset:koss:gmr-545-air,curated_alias,reference_only_needs_verification,needs_review,False,1,Black;Red,False,over_ear,True,False,open,"15,22",general;communication;music_creation,music_creation,100.0,112.0,frequency_units_ambiguous;unverified_reference_source
d91a40e001283437fb13,docyx_pc_part_dataset_2025_07_23,headset,Koss KPH30i,Koss,KPH30i,headset:koss:kph30i,curated_alias,reference_only_needs_verification,needs_review,False,4,Beige;Black;Blue;Clear;White,False,on_ear,True,False,open,"15,25",general;communication;music_creation,music_creation,100.0,112.0,frequency_units_ambiguous;unverified_reference_source;identity_duplicates_collapsed
6cb65810f69e5d1ee12e,docyx_pc_part_dataset_2025_07_23,headset,Koss Porta Pro Communication,Koss,Porta Pro Communication,headset:koss:porta-pro-communication,curated_alias,reference_only_needs_verification,needs_review,False,1,Black;Silver,False,on_ear,True,False,open,"15,25",general;communication;music_creation,music_creation,100.0,112.0,frequency_units_ambiguous;unverified_reference_source
dcd7005753677539e7e2,docyx_pc_part_dataset_2025_07_23,headset,Koss Porta Pro Headset,Koss,Porta Pro Headset,headset:koss:porta-pro-headset,curated_alias,reference_only_needs_verification,needs_review,False,1,Black;Silver,False,on_ear,True,True,open,"15,25",general;communication;music_creation;portable,music_creation,100.0,112.0,frequency_units_ambiguous;unverified_reference_source
f159a9ee694ae923eaea,docyx_pc_part_dataset_2025_07_23,headset,Koss Porta Pro Limited Edition,Koss,Porta Pro Limited Edition,headset:koss:porta-pro-limited-edition,curated_alias,reference_only_needs_verification,needs_review,False,2,Beige;Black;Gold;Silver,False,on_ear,True,False,open,"15,25",general;communication;music_creation,music_creation,100.0,112.0,frequency_units_ambiguous;unverified_reference_source;identity_duplicates_collapsed
6958da4eeec5ed24faf3,docyx_pc_part_dataset_2025_07_23,headset,Koss SB40,Koss,SB40,headset:koss:sb40,curated_alias,reference_only_needs_verification,needs_review,False,2,Black,True,over_ear,True,False,closed,"20,20",general;communication;gaming,gaming,100.0,112.0,frequency_units_ambiguous;unverified_reference_source;identity_duplicates_collapsed
557fe041744b6257e9d8,docyx_pc_part_dataset_2025_07_23,headset,Koss SB42,Koss,SB42,headset:koss:sb42,curated_alias,reference_only_needs_verification,needs_review,False,1,Black,True,over_ear,True,False,closed,"20,20",general;communication;gaming,gaming,100.0,112.0,frequency_units_ambiguous;unverified_reference_source
ca7662a92482d0d7e983,docyx_pc_part_dataset_2025_07_23,headset,Koss SB45,Koss,SB45,headset:koss:sb45,curated_alias,reference_only_needs_verification,needs_review,False,1,Black;White,True,over_ear,True,False,closed,"18,20",general;communication;gaming,gaming,100.0,112.0,frequency_units_ambiguous;unverified_reference_source
e378476d5c61db5f7df0,docyx_pc_part_dataset_2025_07_23,headset,MSI DS501,MSI,DS501,headset:msi:ds501,curated_alias,reference_only_needs_verification,needs_review,False,1,Black;Red,True,over_ear,True,False,closed,"20,20",general;communication;gaming,gaming,100.0,112.0,frequency_units_ambiguous;unverified_reference_source
ba46822302e846ca6350,docyx_pc_part_dataset_2025_07_23,headset,MSI DS502,MSI,DS502,headset:msi:ds502,curated_alias,reference_only_needs_verification,needs_review,False,1,Black;Red,True,over_ear,True,False,closed,"20,20",general;communication;gaming,gaming,100.0,112.0,frequency_units_ambiguous;unverified_reference_source
110f1a4309c36de188ca,docyx_pc_part_dataset_2025_07_23,headset,Philips Fidelio L2,Philips,Fidelio L2,headset:philips:fidelio-l2,curated_alias,reference_only_needs_verification,needs_review,False,1,Black;Red,False,over_ear,True,False,open,,general;communication;music_creation,music_creation,100.0,112.0,unverified_reference_source
62a661b3b475eb54e657,docyx_pc_part_dataset_2025_07_23,headset,Philips SHP9600MB/00,Philips,SHP9600MB/00,headset:philips:shp9600mb-00,curated_alias,reference_only_needs_verification,needs_review,False,1,Black,False,on_ear,True,False,open,"12,35",general;communication;music_creation,music_creation,100.0,112.0,frequency_units_ambiguous;unverified_reference_source
e85696a831f2753f9d3f,docyx_pc_part_dataset_2025_07_23,headset,Plantronics Rig 800HD,Plantronics,Rig 800HD,headset:plantronics:rig-800hd,curated_alias,reference_only_needs_verification,needs_review,False,1,Black;Gold,False,over_ear,True,True,open,"20,20",general;communication;music_creation;portable,music_creation,100.0,112.0,frequency_units_ambiguous;unverified_reference_source
69c17dfc6816f31d6e79,docyx_pc_part_dataset_2025_07_23,headset,ROCCAT Renga Boost,ROCCAT,Renga Boost,headset:roccat:renga-boost,curated_alias,reference_only_needs_verification,needs_review,False,1,Black,False,over_ear,True,False,semi_open,"20,20",general;communication,communication,100.0,112.0,frequency_units_ambiguous;unverified_reference_source
d23dc8eaaeeeb84c3044,docyx_pc_part_dataset_2025_07_23,headset,Sennheiser HD 558,Sennheiser,HD 558,headset:sennheiser:hd-558,curated_alias,reference_only_needs_verification,needs_review,False,1,Black;Silver,True,over_ear,False,False,open,"15,28",general;music_creation,music_creation,100.0,112.0,frequency_units_ambiguous;unverified_reference_source
b28aff96f15c093a9c21,docyx_pc_part_dataset_2025_07_23,headset,Sennheiser HD 598,Sennheiser,HD 598,headset:sennheiser:hd-598,curated_alias,reference_only_needs_verification,needs_review,False,1,Brown,True,over_ear,False,False,open,"12,38.5",general;music_creation,music_creation,100.0,112.0,frequency_units_ambiguous;unverified_reference_source
15ea337671ef7ae9c63e,docyx_pc_part_dataset_2025_07_23,headset,Sennheiser HD 599,Sennheiser,HD 599,headset:sennheiser:hd-599,curated_alias,reference_only_needs_verification,needs_review,False,1,Brown;White,True,over_ear,False,False,open,"12,38.5",general;music_creation,music_creation,100.0,112.0,frequency_units_ambiguous;unverified_reference_source
24108ff5abec9838fda9,docyx_pc_part_dataset_2025_07_23,headset,Sennheiser HD 650,Sennheiser,HD 650,headset:sennheiser:hd-650,curated_alias,reference_only_needs_verification,needs_review,False,1,Black,True,over_ear,False,False,open,"10,39.5",general;music_creation,music_creation,100.0,112.0,frequency_units_ambiguous;unverified_reference_source
d60f483f08fd50d9f738,docyx_pc_part_dataset_2025_07_23,headset,Sennheiser HD600,Sennheiser,HD600,headset:sennheiser:hd600,curated_alias,reference_only_needs_verification,needs_review,False,1,Black,True,over_ear,False,False,open,"12,39",general;music_creation,music_creation,100.0,112.0,frequency_units_ambiguous;unverified_reference_source
7840b3196985af3caffa,docyx_pc_part_dataset_2025_07_23,headset,Turtle Beach TBS232001,Turtle Beach,TBS232001,headset:turtle-beach:tbs232001,curated_alias,reference_only_needs_verification,needs_review,False,1,Black;Green,False,over_ear,True,False,semi_open,"20,20",general;communication,communication,100.0,112.0,frequency_units_ambiguous;unverified_reference_source
497fcf2f172d33bd2b62,docyx_pc_part_dataset_2025_07_23,headset,Yamaha CM500,Yamaha,CM500,headset:yamaha:cm500,curated_alias,reference_only_needs_verification,needs_review,False,1,Black,True,over_ear,True,False,closed,"20,20",general;communication;gaming,gaming,100.0,112.0,frequency_units_ambiguous;unverified_reference_source
67f7f4c206293ce7ada5,docyx_pc_part_dataset_2025_07_23,headset,1MORE Triple Driver Lightning (Silver),1MORE,Triple Driver Lightning (Silver),headset:1more:triple-driver-lightning-silver,inferred_first_token,reference_only_needs_verification,needs_review,False,1,Silver,False,in_ear,True,False,closed,"20,40",general;communication;gaming,gaming,100.0,110.0,frequency_units_ambiguous;unverified_reference_source
04a9bd186ffc1f9f3152,docyx_pc_part_dataset_2025_07_23,headset,ADATA EMIX H30 SE,ADATA,EMIX H30 SE,headset:adata:emix-h30-se,inferred_first_token,reference_only_needs_verification,needs_review,False,1,Black;Red,False,over_ear,True,False,closed,"20,20",general;communication;gaming,gaming,100.0,110.0,frequency_units_ambiguous;unverified_reference_source
67c8e412401325d1f833,docyx_pc_part_dataset_2025_07_23,headset,ADATA EMIX I30,ADATA,EMIX I30,headset:adata:emix-i30,inferred_first_token,reference_only_needs_verification,needs_review,False,1,Black;Red,False,in_ear,True,False,closed,"20,20",general;communication;gaming,gaming,100.0,110.0,frequency_units_ambiguous;unverified_reference_source
d5397f9324973aecf877,docyx_pc_part_dataset_2025_07_23,headset,ADATA XPG EMIX H20,ADATA,XPG EMIX H20,headset:adata:xpg-emix-h20,inferred_first_token,reference_only_needs_verification,needs_review,False,1,Black;Red,False,over_ear,True,False,closed,"20,20",general;communication;gaming,gaming,100.0,110.0,frequency_units_ambiguous;unverified_reference_source
ba90b5220a89210eee0f,docyx_pc_part_dataset_2025_07_23,headset,ADATA XPG PRECOG S,ADATA,XPG PRECOG S,headset:adata:xpg-precog-s,inferred_first_token,reference_only_needs_verification,needs_review,False,1,Black,False,over_ear,True,False,closed,"20,20",general;communication;gaming,gaming,100.0,110.0,frequency_units_ambiguous;unverified_reference_source
f86f3ce36f3ebc8004d4,docyx_pc_part_dataset_2025_07_23,headset,AKG K240 MKII,AKG,K240 MKII,headset:akg:k240-mkii,curated_alias,reference_only_needs_verification,needs_review,False,1,Black,True,over_ear,False,False,semi_open,"15,25",general,communication,100.0,110.0,frequency_units_ambiguous;unverified_reference_source
398fbd61a0a9a7afe501,docyx_pc_part_dataset_2025_07_23,headset,AKG K612 PRO,AKG,K612 PRO,headset:akg:k612-pro,curated_alias,reference_only_needs_verification,needs_review,False,1,Black;Silver,True,over_ear,False,False,open,"12,39.5",general;music_creation,music_creation,100.0,110.0,frequency_units_ambiguous;unverified_reference_source
23c6e5cabb96f0e7a514,docyx_pc_part_dataset_2025_07_23,headset,AKG K712 PRO,AKG,K712 PRO,headset:akg:k712-pro,curated_alias,reference_only_needs_verification,needs_review,False,1,Black;Orange,True,over_ear,False,False,open,"10,39.8",general;music_creation,music_creation,100.0,110.0,frequency_units_ambiguous;unverified_reference_source
04f7d0cfe7608c525036,docyx_pc_part_dataset_2025_07_23,headset,ARCTIC P253 BT,ARCTIC,P253 BT,headset:arctic:p253-bt,inferred_first_token,reference_only_needs_verification,needs_review,False,1,Black;Silver,False,on_ear,True,True,closed,"18,22",general;communication;gaming;portable,communication,100.0,110.0,frequency_units_ambiguous;unverified_reference_source
0bb27f960a50079e8499,docyx_pc_part_dataset_2025_07_23,headset,ARCTIC P402 BT,ARCTIC,P402 BT,headset:arctic:p402-bt,inferred_first_token,reference_only_needs_verification,needs_review,False,1,Black;Silver,False,on_ear,True,True,closed,"20,20",general;communication;gaming;portable,communication,100.0,110.0,frequency_units_ambiguous;unverified_reference_source
60bf215b78b3d65c30df,docyx_pc_part_dataset_2025_07_23,headset,ARCTIC P533 PENTA,ARCTIC,P533 PENTA,headset:arctic:p533-penta,inferred_first_token,reference_only_needs_verification,needs_review,False,1,Black;Orange,False,over_ear,True,False,closed,"20,20",general;communication;gaming,gaming,100.0,110.0,frequency_units_ambiguous;unverified_reference_source
45d0b3691ead17cab4eb,docyx_pc_part_dataset_2025_07_23,headset,Adesso Xtream G3,Adesso,Xtream G3,headset:adesso:xtream-g3,inferred_first_token,reference_only_needs_verification,needs_review,False,1,Black;Blue,False,over_ear,True,False,closed,"15,20",general;communication;gaming,gaming,100.0,110.0,frequency_units_ambiguous;unverified_reference_source
19329a6d49f9e805ce0c,docyx_pc_part_dataset_2025_07_23,headset,Altec Lansing MZX2051S,Altec,Lansing MZX2051S,headset:altec:lansing-mzx2051s,inferred_first_token,reference_only_needs_verification,needs_review,False,1,Black,False,in_ear,True,False,closed,"100,5",general;communication;gaming,gaming,100.0,110.0,frequency_units_ambiguous;unverified_reference_source
d89c4c57b5f8547ed263,docyx_pc_part_dataset_2025_07_23,headset,Altec Lansing MZX736B,Altec,Lansing MZX736B,headset:altec:lansing-mzx736b,inferred_first_token,reference_only_needs_verification,needs_review,False,1,Black;Blue,False,in_ear,True,False,closed,"20,20",general;communication;gaming,gaming,100.0,110.0,frequency_units_ambiguous;unverified_reference_source
b9462a7b540222d30303,docyx_pc_part_dataset_2025_07_23,headset,Altec Lansing MZX736W,Altec,Lansing MZX736W,headset:altec:lansing-mzx736w,inferred_first_token,reference_only_needs_verification,needs_review,False,1,Black;Blue,False,in_ear,True,False,closed,"20,20",general;communication;gaming,gaming,100.0,110.0,frequency_units_ambiguous;unverified_reference_source
6b869d2a50e6c7fb0736,docyx_pc_part_dataset_2025_07_23,headset,Anker Soundcore Life Q35,Anker,Soundcore Life Q35,headset:anker:soundcore-life-q35,inferred_first_token,reference_only_needs_verification,needs_review,False,2,Blue;Pink,False,over_ear,True,True,closed,"16,40",general;communication;gaming;portable,communication,100.0,110.0,frequency_units_ambiguous;unverified_reference_source;identity_duplicates_collapsed
e5042bd897a46f3b5cf8,docyx_pc_part_dataset_2025_07_23,headset,Apple MB770G,Apple,MB770G,headset:apple:mb770g,inferred_first_token,reference_only_needs_verification,needs_review,False,1,White,False,in_ear,True,False,closed,,general;communication;gaming,gaming,100.0,110.0,unverified_reference_source
fd02917e75e8c4c6fa46,docyx_pc_part_dataset_2025_07_23,headset,Astro 3AS50-EAW9F-319,Astro,3AS50-EAW9F-319,headset:astro:3as50-eaw9f-319,inferred_first_token,reference_only_needs_verification,needs_review,False,1,Black;Orange,False,over_ear,True,True,closed,,general;communication;gaming;portable,communication,100.0,110.0,unverified_reference_source
b0161051befc8c7180a9,docyx_pc_part_dataset_2025_07_23,headset,Astro A40 + MixAmp Pro - Black,Astro,A40 + MixAmp Pro - Black,headset:astro:a40-mixamp-pro-black,inferred_first_token,reference_only_needs_verification,needs_review,False,1,Black;White,False,over_ear,True,False,closed,"15,28",general;communication;gaming,gaming,100.0,110.0,frequency_units_ambiguous;unverified_reference_source
6e15ac64b85776781ad0,docyx_pc_part_dataset_2025_07_23,headset,Astro A40 + MixAmp Pro - White,Astro,A40 + MixAmp Pro - White,headset:astro:a40-mixamp-pro-white,inferred_first_token,reference_only_needs_verification,needs_review,False,1,Black;White,False,over_ear,True,False,closed,"15,28",general;communication;gaming,gaming,100.0,110.0,frequency_units_ambiguous;unverified_reference_source
6178c5b9efdeee17e29e,docyx_pc_part_dataset_2025_07_23,headset,Astro A50 + Base Station PS4,Astro,A50 + Base Station PS4,headset:astro:a50-base-station-ps4,inferred_first_token,reference_only_needs_verification,needs_review,False,1,Black;Green,False,over_ear,True,True,closed,"20,20",general;communication;gaming;portable,communication,100.0,110.0,frequency_units_ambiguous;unverified_reference_source
1ee84e08312342779817,docyx_pc_part_dataset_2025_07_23,headset,Astro A50 + Base Station XB1,Astro,A50 + Base Station XB1,headset:astro:a50-base-station-xb1,inferred_first_token,reference_only_needs_verification,needs_review,False,1,Black;Blue,False,over_ear,True,True,closed,"20,20",general;communication;gaming;portable,communication,100.0,110.0,frequency_units_ambiguous;unverified_reference_source
76d1e71979de38bf7b95,docyx_pc_part_dataset_2025_07_23,headset,Astro A50 - Black,Astro,A50 - Black,headset:astro:a50-black,inferred_first_token,reference_only_needs_verification,needs_review,False,1,Black,False,over_ear,True,True,closed,"20,20",general;communication;gaming;portable,communication,100.0,110.0,frequency_units_ambiguous;unverified_reference_source
ba83483ab5b26f89e283,docyx_pc_part_dataset_2025_07_23,headset,Astro A50 Xbox 4th Gen + Base Station,Astro,A50 Xbox 4th Gen + Base Station,headset:astro:a50-xbox-4th-gen-base-station,inferred_first_token,reference_only_needs_verification,needs_review,False,1,Black,False,over_ear,True,True,closed,"20,20",general;communication;gaming;portable,communication,100.0,110.0,frequency_units_ambiguous;unverified_reference_source
84bc395216552a83818c,docyx_pc_part_dataset_2025_07_23,headset,Astro Gaming A20 Call of Duty,Astro,Gaming A20 Call of Duty,headset:astro:gaming-a20-call-of-duty,inferred_first_token,reference_only_needs_verification,needs_review,False,1,Black;Silver,False,over_ear,True,True,closed,"20,20",general;communication;gaming;portable,communication,100.0,110.0,frequency_units_ambiguous;unverified_reference_source
04bfb5ff011496706a5e,docyx_pc_part_dataset_2025_07_23,headset,Astro Gaming A50 + Base Station,Astro,Gaming A50 + Base Station,headset:astro:gaming-a50-base-station,inferred_first_token,reference_only_needs_verification,needs_review,False,1,Black;Green,False,over_ear,True,True,closed,"20,20",general;communication;gaming;portable,communication,100.0,110.0,frequency_units_ambiguous;unverified_reference_source
6e9e17d59b7180794893,docyx_pc_part_dataset_2025_07_23,headset,Audeze Mobius,Audeze,Mobius,headset:audeze:mobius,inferred_first_token,reference_only_needs_verification,needs_review,False,3,Black;Blue;Brown,False,over_ear,True,True,closed,"10,50",general;communication;gaming;portable,communication,100.0,110.0,frequency_units_ambiguous;unverified_reference_source;identity_duplicates_collapsed
c4818a95b054f0aa8e7d,docyx_pc_part_dataset_2025_07_23,headset,Audio-Technica 42005169863,Audio-Technica,42005169863,headset:audio-technica:42005169863,curated_alias,reference_only_needs_verification,needs_review,False,1,Black;Brown,False,in_ear,False,False,closed,"16,23",general,communication,100.0,110.0,frequency_units_ambiguous;unverified_reference_source
b7abcdc4bbdcaeae7b8a,docyx_pc_part_dataset_2025_07_23,headset,Aula SI-G91V,Aula,SI-G91V,headset:aula:si-g91v,inferred_first_token,reference_only_needs_verification,needs_review,False,1,Black;Blue,False,over_ear,True,False,closed,,general;communication;gaming,gaming,100.0,110.0,unverified_reference_source
f57f13cd064cf3bb9a83,docyx_pc_part_dataset_2025_07_23,headset,Avantree BTHS-AS9P-BLK,Avantree,BTHS-AS9P-BLK,headset:avantree:bths-as9p-blk,inferred_first_token,reference_only_needs_verification,needs_review,False,1,Black;Brown,False,over_ear,True,True,closed,"20,20",general;communication;gaming;portable,communication,100.0,110.0,frequency_units_ambiguous;unverified_reference_source
88b35df2841288be91c4,docyx_pc_part_dataset_2025_07_23,headset,Avermedia SonicWave 7.1 GH337,Avermedia,SonicWave 7.1 GH337,headset:avermedia:sonicwave-7-1-gh337,inferred_first_token,reference_only_needs_verification,needs_review,False,1,Black;Red,False,over_ear,True,False,closed,"20,20",general;communication;gaming,gaming,100.0,110.0,frequency_units_ambiguous;unverified_reference_source
7b05cce5b6315e5024a6,docyx_pc_part_dataset_2025_07_23,headset,Avermedia SonicWave GH335,Avermedia,SonicWave GH335,headset:avermedia:sonicwave-gh335,inferred_first_token,reference_only_needs_verification,needs_review,False,1,Black,False,over_ear,True,False,closed,"20,20",general;communication;gaming,gaming,100.0,110.0,frequency_units_ambiguous;unverified_reference_source
a4e3f53c83d28c7dd67a,docyx_pc_part_dataset_2025_07_23,headset,Belkin SOUNDFORM Mini,Belkin,SOUNDFORM Mini,headset:belkin:soundform-mini,inferred_first_token,reference_only_needs_verification,needs_review,False,4,Black;Blue;Pink;White,False,over_ear,True,True,closed,,general;communication;gaming;portable,communication,100.0,110.0,unverified_reference_source;identity_duplicates_collapsed
47f1824c0ae7a4b5d530,docyx_pc_part_dataset_2025_07_23,headset,Beyerdynamic DT 880 Pro,Beyerdynamic,DT 880 Pro,headset:beyerdynamic:dt-880-pro,curated_alias,reference_only_needs_verification,needs_review,False,1,Gray,True,over_ear,False,False,semi_open,"5,35",general,communication,100.0,110.0,frequency_units_ambiguous;unverified_reference_source
b9372c382d0e1f419640,docyx_pc_part_dataset_2025_07_23,headset,Beyerdynamic DT 900 Pro X,Beyerdynamic,DT 900 Pro X,headset:beyerdynamic:dt-900-pro-x,curated_alias,reference_only_needs_verification,needs_review,False,1,Black;Gray,True,over_ear,False,False,open,"5,40",general;music_creation,music_creation,100.0,110.0,frequency_units_ambiguous;unverified_reference_source
6756ceee7432f15989cd,docyx_pc_part_dataset_2025_07_23,headset,Beyerdynamic DT1990 Pro,Beyerdynamic,DT1990 Pro,headset:beyerdynamic:dt1990-pro,curated_alias,reference_only_needs_verification,needs_review,False,1,Black,True,over_ear,False,False,open,"5,40",general;music_creation,music_creation,100.0,110.0,frequency_units_ambiguous;unverified_reference_source
71dae06df40ed899380d,docyx_pc_part_dataset_2025_07_23,headset,Beyerdynamic DT990 Premium 32,Beyerdynamic,DT990 Premium 32,headset:beyerdynamic:dt990-premium-32,curated_alias,reference_only_needs_verification,needs_review,False,1,Black;Silver,True,over_ear,False,False,open,"5,35",general;music_creation,music_creation,100.0,110.0,frequency_units_ambiguous;unverified_reference_source
af719f7e3ed7ff51e1b6,docyx_pc_part_dataset_2025_07_23,headset,Beyerdynamic DT990 Pro Black Edition,Beyerdynamic,DT990 Pro Black Edition,headset:beyerdynamic:dt990-pro-black-edition,curated_alias,reference_only_needs_verification,needs_review,False,1,Black,True,over_ear,False,False,open,"5,35",general;music_creation,music_creation,100.0,110.0,frequency_units_ambiguous;unverified_reference_source
ee10e30e9e771727addb,docyx_pc_part_dataset_2025_07_23,headset,Beyerdynamic TYGR 300 R,Beyerdynamic,TYGR 300 R,headset:beyerdynamic:tygr-300-r,curated_alias,reference_only_needs_verification,needs_review,False,1,Black,True,over_ear,False,False,open,"5,35",general;music_creation,music_creation,100.0,110.0,frequency_units_ambiguous;unverified_reference_source
7cb06a1e82f10363233d,docyx_pc_part_dataset_2025_07_23,headset,Biostar iDEQ N10,Biostar,iDEQ N10,headset:biostar:ideq-n10,inferred_first_token,reference_only_needs_verification,needs_review,False,1,Black;Red,False,over_ear,True,False,closed,"20,20",general;communication;gaming,gaming,100.0,110.0,frequency_units_ambiguous;unverified_reference_source
ae5be46901f5da7149f0,docyx_pc_part_dataset_2025_07_23,headset,BitFenix Flo,BitFenix,Flo,headset:bitfenix:flo,inferred_first_token,reference_only_needs_verification,needs_review,False,4,Black;Blue;Red;Silver;White,False,over_ear,True,False,closed,"20,20",general;communication;gaming,gaming,100.0,110.0,frequency_units_ambiguous;unverified_reference_source;identity_duplicates_collapsed
5b4135136e809f264e0f,docyx_pc_part_dataset_2025_07_23,headset,Bose AE2i White,Bose,AE2i White,headset:bose:ae2i-white,inferred_first_token,reference_only_needs_verification,needs_review,False,1,Gray;White,False,over_ear,True,False,closed,,general;communication;gaming,gaming,100.0,110.0,unverified_reference_source
903a643e45579fe2e844,docyx_pc_part_dataset_2025_07_23,headset,Bose Ae2i,Bose,Ae2i,headset:bose:ae2i,inferred_first_token,reference_only_needs_verification,needs_review,False,1,Black;Silver,False,over_ear,True,False,closed,,general;communication;gaming,gaming,100.0,110.0,unverified_reference_source
17f182290cbba0f17eff,docyx_pc_part_dataset_2025_07_23,headset,Bose OE2i (Black),Bose,OE2i (Black),headset:bose:oe2i-black,inferred_first_token,reference_only_needs_verification,needs_review,False,1,Black;Silver,False,on_ear,True,False,closed,,general;communication;gaming,gaming,100.0,110.0,unverified_reference_source
c62ca429f6a7a5b30f34,docyx_pc_part_dataset_2025_07_23,headset,Bose OE2i (White),Bose,OE2i (White),headset:bose:oe2i-white,inferred_first_token,reference_only_needs_verification,needs_review,False,1,Gray;White,False,on_ear,True,False,closed,,general;communication;gaming,gaming,100.0,110.0,unverified_reference_source
1f1edf27018ce3bb3987,docyx_pc_part_dataset_2025_07_23,headset,CTA Digital US-UGH,CTA,Digital US-UGH,headset:cta:digital-us-ugh,inferred_first_token,reference_only_needs_verification,needs_review,False,1,Black,False,over_ear,True,False,closed,"20,20",general;communication;gaming,gaming,100.0,110.0,frequency_units_ambiguous;unverified_reference_source
81b5adfc71ac9a852eb7,docyx_pc_part_dataset_2025_07_23,headset,Chester Creek Technologies HP002VC,Chester,Creek Technologies HP002VC,headset:chester:creek-technologies-hp002vc,inferred_first_token,reference_only_needs_verification,needs_review,False,1,Black,False,over_ear,True,False,closed,,general;communication;gaming,gaming,100.0,110.0,unverified_reference_source
aa29bbadba776158bec4,docyx_pc_part_dataset_2025_07_23,headset,Cobra Cobra II 705,Cobra,Cobra II 705,headset:cobra:cobra-ii-705,inferred_first_token,reference_only_needs_verification,needs_review,False,1,Black;Blue,False,over_ear,True,False,closed,"20,20",general;communication;gaming,gaming,100.0,110.0,frequency_units_ambiguous;unverified_reference_source
ec16ac0b160918c951b5,docyx_pc_part_dataset_2025_07_23,headset,Cobra Cobra Pro,Cobra,Cobra Pro,headset:cobra:cobra-pro,inferred_first_token,reference_only_needs_verification,needs_review,False,1,Black;Silver,False,over_ear,True,False,closed,"20,20",general;communication;gaming,gaming,100.0,110.0,frequency_units_ambiguous;unverified_reference_source
697c038037818adaf4ae,docyx_pc_part_dataset_2025_07_23,headset,Cobra E-Blue Cobra Limited Edition Pro,Cobra,E-Blue Cobra Limited Edition Pro,headset:cobra:e-blue-cobra-limited-edition-pro,inferred_first_token,reference_only_needs_verification,needs_review,False,1,Black;Green,False,over_ear,True,False,closed,"20,20",general;communication;gaming,gaming,100.0,110.0,frequency_units_ambiguous;unverified_reference_source
875043aa546366a51b06,docyx_pc_part_dataset_2025_07_23,headset,Cobra EARPHONE001,Cobra,EARPHONE001,headset:cobra:earphone001,inferred_first_token,reference_only_needs_verification,needs_review,False,1,Black;Blue,False,over_ear,True,False,closed,"20,20",general;communication;gaming,gaming,100.0,110.0,frequency_units_ambiguous;unverified_reference_source
89a2c08f190488be2531,docyx_pc_part_dataset_2025_07_23,headset,Cobra EHH007BK,Cobra,EHH007BK,headset:cobra:ehh007bk,inferred_first_token,reference_only_needs_verification,needs_review,False,1,Black;Silver,False,over_ear,True,False,closed,"20,20",general;communication;gaming,gaming,100.0,110.0,frequency_units_ambiguous;unverified_reference_source
7145b53daa9de0a2103b,docyx_pc_part_dataset_2025_07_23,headset,Cobra EHH007ORANGE,Cobra,EHH007ORANGE,headset:cobra:ehh007orange,inferred_first_token,reference_only_needs_verification,needs_review,False,1,Black;Orange,False,over_ear,True,False,closed,"20,20",general;communication;gaming,gaming,100.0,110.0,frequency_units_ambiguous;unverified_reference_source
ed04ef0fcbef0e666e2d,docyx_pc_part_dataset_2025_07_23,headset,Cobra e-3luered,Cobra,e-3luered,headset:cobra:e-3luered,inferred_first_token,reference_only_needs_verification,needs_review,False,1,Red,False,over_ear,True,False,closed,"20,20",general;communication;gaming,gaming,100.0,110.0,frequency_units_ambiguous;unverified_reference_source
4fc8324ecad2d40c2884,docyx_pc_part_dataset_2025_07_23,headset,Cobra e-3luewhiteearphone,Cobra,e-3luewhiteearphone,headset:cobra:e-3luewhiteearphone,inferred_first_token,reference_only_needs_verification,needs_review,False,1,White,False,on_ear,True,False,closed,"20,20",general;communication;gaming,gaming,100.0,110.0,frequency_units_ambiguous;unverified_reference_source
7c68de6f8a89bb60a892,docyx_pc_part_dataset_2025_07_23,headset,Cobra e3lueblack,Cobra,e3lueblack,headset:cobra:e3lueblack,inferred_first_token,reference_only_needs_verification,needs_review,False,1,Black;Silver,False,on_ear,True,False,closed,"20,20",general;communication;gaming,gaming,100.0,110.0,frequency_units_ambiguous;unverified_reference_source
0b2973a33b0aa28ecff7,docyx_pc_part_dataset_2025_07_23,headset,Cobra ehh007red,Cobra,ehh007red,headset:cobra:ehh007red,inferred_first_token,reference_only_needs_verification,needs_review,False,1,Black;Red,False,over_ear,True,False,closed,"20,20",general;communication;gaming,gaming,100.0,110.0,frequency_units_ambiguous;unverified_reference_source
bf354bf29e32e5bb7126,docyx_pc_part_dataset_2025_07_23,headset,Cougar IMMERSA,Cougar,IMMERSA,headset:cougar:immersa,inferred_first_token,reference_only_needs_verification,needs_review,False,1,Black;Orange,False,over_ear,True,False,closed,"20,20",general;communication;gaming,gaming,100.0,110.0,frequency_units_ambiguous;unverified_reference_source
0ac56582fb0fdf754dda,docyx_pc_part_dataset_2025_07_23,headset,Cougar IMMERSA TI,Cougar,IMMERSA TI,headset:cougar:immersa-ti,inferred_first_token,reference_only_needs_verification,needs_review,False,1,Black;Orange,False,over_ear,True,False,closed,,general;communication;gaming,gaming,100.0,110.0,unverified_reference_source
f62a7aa92553e2f633ba,docyx_pc_part_dataset_2025_07_23,headset,Cougar MEGARA,Cougar,MEGARA,headset:cougar:megara,inferred_first_token,reference_only_needs_verification,needs_review,False,1,Black;Orange,False,in_ear,True,False,closed,"20,20",general;communication;gaming,gaming,100.0,110.0,frequency_units_ambiguous;unverified_reference_source
4a0f7645a144a5a4d926,docyx_pc_part_dataset_2025_07_23,headset,Cougar PHONTUM ESSENTIAL,Cougar,PHONTUM ESSENTIAL,headset:cougar:phontum-essential,inferred_first_token,reference_only_needs_verification,needs_review,False,1,Black,False,over_ear,True,False,closed,"20,20",general;communication;gaming,gaming,100.0,110.0,frequency_units_ambiguous;unverified_reference_source
2fc7201e1dfa5cf36712,docyx_pc_part_dataset_2025_07_23,headset,Cougar Phontum,Cougar,Phontum,headset:cougar:phontum,inferred_first_token,reference_only_needs_verification,needs_review,False,1,Black;Orange,False,over_ear,True,False,closed,"20,20",general;communication;gaming,gaming,100.0,110.0,frequency_units_ambiguous;unverified_reference_source
72379ab02d8be0aacd28,docyx_pc_part_dataset_2025_07_23,headset,DROP DROP + KOSS GMR-54X-ISO,DROP,DROP + KOSS GMR-54X-ISO,headset:drop:drop-koss-gmr-54x-iso,inferred_first_token,reference_only_needs_verification,needs_review,False,1,Black,False,over_ear,True,False,closed,"15,22",general;communication;gaming,gaming,100.0,110.0,frequency_units_ambiguous;unverified_reference_source
49a6df713159c8c0bcc0,docyx_pc_part_dataset_2025_07_23,headset,DROP Massdrop X MEE Audio Pinnacle Px,DROP,Massdrop X MEE Audio Pinnacle Px,headset:drop:massdrop-x-mee-audio-pinnacle-px,inferred_first_token,reference_only_needs_verification,needs_review,False,1,Black,False,in_ear,True,False,closed,"20,20",general;communication;gaming,gaming,100.0,110.0,frequency_units_ambiguous;unverified_reference_source
3bf861bc643428fd26a1,docyx_pc_part_dataset_2025_07_23,headset,DROP Massdrop x MEE Audio Planamic,DROP,Massdrop x MEE Audio Planamic,headset:drop:massdrop-x-mee-audio-planamic,inferred_first_token,reference_only_needs_verification,needs_review,False,2,Black;Blue,False,in_ear,True,False,closed,"20,20",general;communication;gaming,gaming,100.0,110.0,frequency_units_ambiguous;unverified_reference_source;identity_duplicates_collapsed
bab74c3af3fff803509f,docyx_pc_part_dataset_2025_07_23,headset,DROP Massdrop x NuForce Stride,DROP,Massdrop x NuForce Stride,headset:drop:massdrop-x-nuforce-stride,inferred_first_token,reference_only_needs_verification,needs_review,False,1,Black,False,in_ear,True,True,closed,"20,20",general;communication;gaming;portable,communication,100.0,110.0,frequency_units_ambiguous;unverified_reference_source
9333d4e105b4c787ddff,docyx_pc_part_dataset_2025_07_23,headset,Denon AH-C300,Denon,AH-C300,headset:denon:ah-c300,inferred_first_token,reference_only_needs_verification,needs_review,False,1,Black;Silver,False,in_ear,True,False,closed,"5,25",general;communication;gaming,gaming,100.0,110.0,frequency_units_ambiguous;unverified_reference_source
301cb477184281dc1069,docyx_pc_part_dataset_2025_07_23,headset,EPOS H3PRO Hybrid,EPOS,H3PRO Hybrid,headset:epos:h3pro-hybrid,inferred_first_token,reference_only_needs_verification,needs_review,False,3,Black;Blue;Gold;Gray;Green;White,False,over_ear,True,True,closed,"20,20",general;communication;gaming;portable,communication,100.0,110.0,frequency_units_ambiguous;unverified_reference_source;identity_duplicates_collapsed
a0b3edf9e7502e248353,docyx_pc_part_dataset_2025_07_23,headset,Ergoguys 3064AV-USB,Ergoguys,3064AV-USB,headset:ergoguys:3064av-usb,inferred_first_token,reference_only_needs_verification,needs_review,False,1,Black;Silver,False,on_ear,True,False,closed,"20,20",general;communication;gaming,gaming,100.0,110.0,frequency_units_ambiguous;unverified_reference_source
cfcef3cf96aa79a04cd3,docyx_pc_part_dataset_2025_07_23,headset,Etekcity Scroll H5GX,Etekcity,Scroll H5GX,headset:etekcity:scroll-h5gx,inferred_first_token,reference_only_needs_verification,needs_review,False,1,Black;Red,False,over_ear,True,False,closed,"20,20",general;communication;gaming,gaming,100.0,110.0,frequency_units_ambiguous;unverified_reference_source
2ac50b606765e518ff5e,docyx_pc_part_dataset_2025_07_23,headset,Etymotic Research Ety Kids 3,Etymotic,Research Ety Kids 3,headset:etymotic:research-ety-kids-3,inferred_first_token,reference_only_needs_verification,needs_review,False,1,Black;Silver,False,in_ear,True,False,closed,,general;communication;gaming,gaming,100.0,110.0,unverified_reference_source
fd450aa00bae6e7cc2b9,docyx_pc_part_dataset_2025_07_23,headset,Etymotic Research HF2,Etymotic,Research HF2,headset:etymotic:research-hf2,inferred_first_token,reference_only_needs_verification,needs_review,False,2,Black;Blue;White,False,in_ear,True,False,closed,"20,15",general;communication;gaming,gaming,100.0,110.0,frequency_units_ambiguous;unverified_reference_source;identity_duplicates_collapsed
924b6968246f8adec0a4,docyx_pc_part_dataset_2025_07_23,headset,Etymotic Research hf3,Etymotic,Research hf3,headset:etymotic:research-hf3,inferred_first_token,reference_only_needs_verification,needs_review,False,1,Blue;White,False,in_ear,True,False,closed,"20,15",general;communication;gaming,gaming,100.0,110.0,frequency_units_ambiguous;unverified_reference_source
42783fd11558d055439d,docyx_pc_part_dataset_2025_07_23,headset,Etymotic Research mc3,Etymotic,Research mc3,headset:etymotic:research-mc3,inferred_first_token,reference_only_needs_verification,needs_review,False,2,Black;Blue;Silver,False,in_ear,True,False,closed,"20,15",general;communication;gaming,gaming,100.0,110.0,frequency_units_ambiguous;unverified_reference_source;identity_duplicates_collapsed
ad7913529da26027c49c,docyx_pc_part_dataset_2025_07_23,headset,G.Skill RIPJAWS SR910,G.Skill,RIPJAWS SR910,headset:g-skill:ripjaws-sr910,inferred_first_token,reference_only_needs_verification,needs_review,False,1,Black;Red,False,over_ear,True,False,closed,"20,20",general;communication;gaming,gaming,100.0,110.0,frequency_units_ambiguous;unverified_reference_source
acd299a959c5081785e0,docyx_pc_part_dataset_2025_07_23,headset,G.Skill RIPJAWS SV710,G.Skill,RIPJAWS SV710,headset:g-skill:ripjaws-sv710,inferred_first_token,reference_only_needs_verification,needs_review,False,1,Black,False,over_ear,True,False,closed,"20,20",general;communication;gaming,gaming,100.0,110.0,frequency_units_ambiguous;unverified_reference_source
fbce6b7e0e232f08746c,docyx_pc_part_dataset_2025_07_23,headset,GALAX HOF Maestro Gloss,GALAX,HOF Maestro Gloss,headset:galax:hof-maestro-gloss,inferred_first_token,reference_only_needs_verification,needs_review,False,2,Black;White,False,over_ear,True,False,closed,"20,20",general;communication;gaming,gaming,100.0,110.0,frequency_units_ambiguous;unverified_reference_source;identity_duplicates_collapsed
83318c2bee770a587a2f,docyx_pc_part_dataset_2025_07_23,headset,GAMDIAS EROS,GAMDIAS,EROS,headset:gamdias:eros,inferred_first_token,reference_only_needs_verification,needs_review,False,2,Black;Red,False,over_ear,True,False,closed,"20,20",general;communication;gaming,gaming,100.0,110.0,frequency_units_ambiguous;unverified_reference_source;identity_duplicates_collapsed
888305fa6e511f23581c,docyx_pc_part_dataset_2025_07_23,headset,GAMDIAS HEBE,GAMDIAS,HEBE,headset:gamdias:hebe,inferred_first_token,reference_only_needs_verification,needs_review,False,2,Red;Silver,False,over_ear,True,False,closed,"20,20",general;communication;gaming,gaming,100.0,110.0,frequency_units_ambiguous;unverified_reference_source;identity_duplicates_collapsed
3589cb4c67ee4d7d1436,docyx_pc_part_dataset_2025_07_23,headset,GAMDIAS HEPHAESTUS,GAMDIAS,HEPHAESTUS,headset:gamdias:hephaestus,inferred_first_token,reference_only_needs_verification,needs_review,False,1,Gray;White,False,over_ear,True,False,closed,"20,20",general;communication;gaming,gaming,100.0,110.0,frequency_units_ambiguous;unverified_reference_source
1aec569633e0d998815b,docyx_pc_part_dataset_2025_07_23,headset,Gear Head AU2200BN,Gear,Head AU2200BN,headset:gear:head-au2200bn,inferred_first_token,reference_only_needs_verification,needs_review,False,1,Black;Silver,False,on_ear,True,False,closed,"50,20",general;communication;gaming,gaming,100.0,110.0,frequency_units_ambiguous;unverified_reference_source
19c703491b3b1ff4fba3,docyx_pc_part_dataset_2025_07_23,headset,Gear Head AU3700S,Gear,Head AU3700S,headset:gear:head-au3700s,inferred_first_token,reference_only_needs_verification,needs_review,False,1,Black,False,on_ear,True,False,closed,,general;communication;gaming,gaming,100.0,110.0,unverified_reference_source
03ffd5e883048a1745a4,docyx_pc_part_dataset_2025_07_23,headset,Gear Head BN2450NC,Gear,Head BN2450NC,headset:gear:head-bn2450nc,inferred_first_token,reference_only_needs_verification,needs_review,False,1,Black,False,on_ear,True,False,closed,"20,15",general;communication;gaming,gaming,100.0,110.0,frequency_units_ambiguous;unverified_reference_source
8dbdfde02054826092b8,docyx_pc_part_dataset_2025_07_23,headset,Gear Head BT9850M,Gear,Head BT9850M,headset:gear:head-bt9850m,inferred_first_token,reference_only_needs_verification,needs_review,False,1,Black;Silver,False,on_ear,True,True,closed,,general;communication;gaming;portable,communication,100.0,110.0,unverified_reference_source
6e7a10604468e8ff82b4,docyx_pc_part_dataset_2025_07_23,headset,Genius HS-905BT,Genius,HS-905BT,headset:genius:hs-905bt,inferred_first_token,reference_only_needs_verification,needs_review,False,1,Black;Blue,False,in_ear,True,True,closed,"20,20",general;communication;gaming;portable,communication,100.0,110.0,frequency_units_ambiguous;unverified_reference_source
dfc1785afa0caa0d9ad6,docyx_pc_part_dataset_2025_07_23,headset,Genius Junceus HS-G650,Genius,Junceus HS-G650,headset:genius:junceus-hs-g650,inferred_first_token,reference_only_needs_verification,needs_review,False,1,Black;Blue,False,over_ear,True,False,closed,"20,20",general;communication;gaming,gaming,100.0,110.0,frequency_units_ambiguous;unverified_reference_source
ddf2bff384d2f9425b9f,docyx_pc_part_dataset_2025_07_23,headset,Genius Lychas HS G550,Genius,Lychas HS G550,headset:genius:lychas-hs-g550,inferred_first_token,reference_only_needs_verification,needs_review,False,1,Black,False,over_ear,True,False,closed,"20,20",general;communication;gaming,gaming,100.0,110.0,frequency_units_ambiguous;unverified_reference_source
cd9551b42dd47f39267d,docyx_pc_part_dataset_2025_07_23,headset,Genius Mordax HS G600,Genius,Mordax HS G600,headset:genius:mordax-hs-g600,inferred_first_token,reference_only_needs_verification,needs_review,False,1,Black;Green,False,over_ear,True,False,closed,"20,20",general;communication;gaming,gaming,100.0,110.0,frequency_units_ambiguous;unverified_reference_source
c51be68685de46f6eb75,docyx_pc_part_dataset_2025_07_23,headset,Harman Kardon HARKARNI,Harman,Kardon HARKARNI,headset:harman:kardon-harkarni,inferred_first_token,reference_only_needs_verification,needs_review,False,1,Black;Silver,False,in_ear,True,False,closed,"20,20",general;communication;gaming,gaming,100.0,110.0,frequency_units_ambiguous;unverified_reference_source
2079cbc0664edfdcc663,docyx_pc_part_dataset_2025_07_23,headset,Harman Kardon J22IBLK,Harman,Kardon J22IBLK,headset:harman:kardon-j22iblk,inferred_first_token,reference_only_needs_verification,needs_review,False,1,Black;Red,False,in_ear,True,False,closed,"18,20",general;communication;gaming,gaming,100.0,110.0,frequency_units_ambiguous;unverified_reference_source
8f4f288e31f1503f4101,docyx_pc_part_dataset_2025_07_23,headset,Harman Kardon J88IWHT,Harman,Kardon J88IWHT,headset:harman:kardon-j88iwht,inferred_first_token,reference_only_needs_verification,needs_review,False,1,White,False,over_ear,True,False,closed,"8,24",general;communication;gaming,gaming,100.0,110.0,frequency_units_ambiguous;unverified_reference_source
5a551b88b04856745711,docyx_pc_part_dataset_2025_07_23,headset,Harman Kardon J88IWOR,Harman,Kardon J88IWOR,headset:harman:kardon-j88iwor,inferred_first_token,reference_only_needs_verification,needs_review,False,1,Orange;White,False,over_ear,True,False,closed,"8,24",general;communication;gaming,gaming,100.0,110.0,frequency_units_ambiguous;unverified_reference_source
58bc9cc2d70cd52e4ab5,docyx_pc_part_dataset_2025_07_23,headset,Harman Kardon JBLQSINBLK,Harman,Kardon JBLQSINBLK,headset:harman:kardon-jblqsinblk,inferred_first_token,reference_only_needs_verification,needs_review,False,1,Black;Red,False,in_ear,True,False,closed,,general;communication;gaming,gaming,100.0,110.0,unverified_reference_source
bdfdf1c40872e356f115,docyx_pc_part_dataset_2025_07_23,headset,Harman Kardon JBLQSONBLK,Harman,Kardon JBLQSONBLK,headset:harman:kardon-jblqsonblk,inferred_first_token,reference_only_needs_verification,needs_review,False,1,Black;Red,False,on_ear,True,False,closed,,general;communication;gaming,gaming,100.0,110.0,unverified_reference_source
ec9bdd9ecf10bcc83e51,docyx_pc_part_dataset_2025_07_23,headset,Harman Kardon JBLQSONWHT,Harman,Kardon JBLQSONWHT,headset:harman:kardon-jblqsonwht,inferred_first_token,reference_only_needs_verification,needs_review,False,1,Red;White,False,on_ear,True,False,closed,,general;communication;gaming,gaming,100.0,110.0,unverified_reference_source
e10a9880d298088b4099,docyx_pc_part_dataset_2025_07_23,headset,Harman Kardon JBLRXONSUN,Harman,Kardon JBLRXONSUN,headset:harman:kardon-jblrxonsun,inferred_first_token,reference_only_needs_verification,needs_review,False,1,Multicolor,False,on_ear,True,False,closed,,general;communication;gaming,gaming,100.0,110.0,unverified_reference_source
45dc8e33d44633134ecd,docyx_pc_part_dataset_2025_07_23,headset,Harman Kardon JBLRXONWHT,Harman,Kardon JBLRXONWHT,headset:harman:kardon-jblrxonwht,inferred_first_token,reference_only_needs_verification,needs_review,False,1,Black;White,False,on_ear,True,False,closed,,general;communication;gaming,gaming,100.0,110.0,unverified_reference_source
42b26e9b7566b25ff020,docyx_pc_part_dataset_2025_07_23,headset,HiFiMAN Arya,HiFiMAN,Arya,headset:hifiman:arya,curated_alias,reference_only_needs_verification,needs_review,False,1,Black,True,over_ear,False,False,open,"8,65",general;music_creation,music_creation,100.0,110.0,frequency_units_ambiguous;unverified_reference_source
8876ceefb09bcb608478,docyx_pc_part_dataset_2025_07_23,headset,HiFiMAN HE1000 Stealth,HiFiMAN,HE1000 Stealth,headset:hifiman:he1000-stealth,curated_alias,reference_only_needs_verification,needs_review,False,1,Brown;Silver,True,over_ear,False,False,open,"8,65",general;music_creation,music_creation,100.0,110.0,frequency_units_ambiguous;unverified_reference_source
938780b3e4d8c76d7659,docyx_pc_part_dataset_2025_07_23,headset,HiFiMAN HE1000se,HiFiMAN,HE1000se,headset:hifiman:he1000se,curated_alias,reference_only_needs_verification,needs_review,False,1,Brown;Silver,True,over_ear,False,False,open,"8,65",general;music_creation,music_creation,100.0,110.0,frequency_units_ambiguous;unverified_reference_source
083c50e06f98de701ab3,docyx_pc_part_dataset_2025_07_23,headset,HiFiMAN HE400SE,HiFiMAN,HE400SE,headset:hifiman:he400se,curated_alias,reference_only_needs_verification,needs_review,False,1,Black;Silver,True,over_ear,False,False,open,"20,20",general;music_creation,music_creation,100.0,110.0,frequency_units_ambiguous;unverified_reference_source
22dfe1d0727bdd8d1809,docyx_pc_part_dataset_2025_07_23,headset,HiFiMAN Susvara,HiFiMAN,Susvara,headset:hifiman:susvara,curated_alias,reference_only_needs_verification,needs_review,False,1,Brown;Silver,True,over_ear,False,False,open,"6,75",general;music_creation,music_creation,100.0,110.0,frequency_units_ambiguous;unverified_reference_source
a790d7a2f92e2b9cbb1c,docyx_pc_part_dataset_2025_07_23,headset,House of Marley Buffalo Soldier,House,of Marley Buffalo Soldier,headset:house:of-marley-buffalo-soldier,inferred_first_token,reference_only_needs_verification,needs_review,False,1,Beige;Black,False,on_ear,True,True,closed,,general;communication;gaming;portable,communication,100.0,110.0,unverified_reference_source
07662c79443328548722,docyx_pc_part_dataset_2025_07_23,headset,IOGEAR GHG700,IOGEAR,GHG700,headset:iogear:ghg700,inferred_first_token,reference_only_needs_verification,needs_review,False,1,Black;White,False,over_ear,True,False,closed,"20,20",general;communication;gaming,gaming,100.0,110.0,frequency_units_ambiguous;unverified_reference_source
b72c3a5f67b5728950a1,docyx_pc_part_dataset_2025_07_23,headset,Ingram Micro Jabra UC Voice 550 MS Duo,Ingram,Micro Jabra UC Voice 550 MS Duo,headset:ingram:micro-jabra-uc-voice-550-ms-duo,inferred_first_token,reference_only_needs_verification,needs_review,False,1,Black;Silver,False,on_ear,True,False,closed,,general;communication;gaming,gaming,100.0,110.0,unverified_reference_source
584f93290dff2a865070,docyx_pc_part_dataset_2025_07_23,headset,Labtec Axis-311,Labtec,Axis-311,headset:labtec:axis-311,inferred_first_token,reference_only_needs_verification,needs_review,False,1,Black,False,on_ear,True,False,closed,,general;communication;gaming,gaming,100.0,110.0,unverified_reference_source
a9620f21fb370c9c4e7f,docyx_pc_part_dataset_2025_07_23,headset,Logitech BH320,Logitech,BH320,headset:logitech:bh320,curated_alias,reference_only_needs_verification,needs_review,False,1,Black;Silver,False,in_ear,False,False,closed,,general,communication,100.0,110.0,unverified_reference_source
b271d34df889c704bc53,docyx_pc_part_dataset_2025_07_23,headset,Logitech UE 100,Logitech,UE 100,headset:logitech:ue-100,curated_alias,reference_only_needs_verification,needs_review,False,1,Multicolor,False,in_ear,False,False,closed,"20,20",general,communication,100.0,110.0,frequency_units_ambiguous;unverified_reference_source
04ab102f992d4f22e778,docyx_pc_part_dataset_2025_07_23,headset,Logitech UE 200,Logitech,UE 200,headset:logitech:ue-200,curated_alias,reference_only_needs_verification,needs_review,False,3,Black;Blue;Silver,False,in_ear,False,False,closed,"20,20",general,communication,100.0,110.0,frequency_units_ambiguous;unverified_reference_source;identity_duplicates_collapsed
19ade557740ff463cd73,docyx_pc_part_dataset_2025_07_23,headset,Logitech UE 500,Logitech,UE 500,headset:logitech:ue-500,curated_alias,reference_only_needs_verification,needs_review,False,1,Black;Silver,False,in_ear,False,False,closed,"20,20",general,communication,100.0,110.0,frequency_units_ambiguous;unverified_reference_source
0b3a259f89dc1c0cac8d,docyx_pc_part_dataset_2025_07_23,headset,Logitech UE 900,Logitech,UE 900,headset:logitech:ue-900,curated_alias,reference_only_needs_verification,needs_review,False,1,Black;Blue,False,in_ear,False,False,closed,"20,20",general,communication,100.0,110.0,frequency_units_ambiguous;unverified_reference_source
6efaa5299975cf6b6398,docyx_pc_part_dataset_2025_07_23,headset,Logitech UE200,Logitech,UE200,headset:logitech:ue200,curated_alias,reference_only_needs_verification,needs_review,False,1,Black;Purple,False,in_ear,False,False,closed,,general,communication,100.0,110.0,unverified_reference_source
5ed81f056db0a2677611,docyx_pc_part_dataset_2025_07_23,headset,LucidSound LS35X,LucidSound,LS35X,headset:lucidsound:ls35x,inferred_first_token,reference_only_needs_verification,needs_review,False,1,Black,False,over_ear,True,True,closed,"20,20",general;communication;gaming;portable,communication,100.0,110.0,frequency_units_ambiguous;unverified_reference_source
71b9e7a432bbff83e0c4,docyx_pc_part_dataset_2025_07_23,headset,MCHOSE G9 Pro,MCHOSE,G9 Pro,headset:mchose:g9-pro,inferred_first_token,reference_only_needs_verification,needs_review,False,2,Black;White,False,over_ear,True,True,closed,,general;communication;gaming;portable,communication,100.0,110.0,unverified_reference_source;identity_duplicates_collapsed
b0667fc4d6c8cb337b8c,docyx_pc_part_dataset_2025_07_23,headset,MCHOSE S9 Pro,MCHOSE,S9 Pro,headset:mchose:s9-pro,inferred_first_token,reference_only_needs_verification,needs_review,False,2,Black;Blue;Red;White,False,over_ear,True,True,closed,,general;communication;gaming;portable,communication,100.0,110.0,unverified_reference_source;identity_duplicates_collapsed
964f12577a3166d411c7,docyx_pc_part_dataset_2025_07_23,headset,MCHOSE V9 Pro,MCHOSE,V9 Pro,headset:mchose:v9-pro,inferred_first_token,reference_only_needs_verification,needs_review,False,3,Black;Blue;Red;White,False,over_ear,True,True,closed,,general;communication;gaming;portable,communication,100.0,110.0,unverified_reference_source;identity_duplicates_collapsed
81851de5103d5ee309ab,docyx_pc_part_dataset_2025_07_23,headset,Marshall Major II (Black),Marshall,Major II (Black),headset:marshall:major-ii-black,inferred_first_token,reference_only_needs_verification,needs_review,False,1,Black,False,on_ear,True,False,closed,,general;communication;gaming,gaming,100.0,110.0,unverified_reference_source
96d9ca0f7364ee35ac6a,docyx_pc_part_dataset_2025_07_23,headset,Mionix NASH 20,Mionix,NASH 20,headset:mionix:nash-20,inferred_first_token,reference_only_needs_verification,needs_review,False,2,Black,False,over_ear,True,False,closed,"20,20",general;communication;gaming,gaming,100.0,110.0,frequency_units_ambiguous;unverified_reference_source;identity_duplicates_collapsed
7d12ca26bd8233e5a6fa,docyx_pc_part_dataset_2025_07_23,headset,Monoprice Monolith M1060,Monoprice,Monolith M1060,headset:monoprice:monolith-m1060,curated_alias,reference_only_needs_verification,needs_review,False,1,Black;Brown,True,over_ear,False,False,open,"10,50",general;music_creation,music_creation,100.0,110.0,frequency_units_ambiguous;unverified_reference_source
405da0c99e1ae7e7eab0,docyx_pc_part_dataset_2025_07_23,headset,NOX Krom Kyus,NOX,Krom Kyus,headset:nox:krom-kyus,inferred_first_token,reference_only_needs_verification,needs_review,False,1,Black;Orange,False,over_ear,True,False,closed,"16,20",general;communication;gaming,gaming,100.0,110.0,frequency_units_ambiguous;unverified_reference_source
897c933a334ea590743b,docyx_pc_part_dataset_2025_07_23,headset,Naztech i9BT,Naztech,i9BT,headset:naztech:i9bt,inferred_first_token,reference_only_needs_verification,needs_review,False,1,Black;Silver,False,over_ear,True,True,closed,,general;communication;gaming;portable,communication,100.0,110.0,unverified_reference_source
91f40b5154104de26896,docyx_pc_part_dataset_2025_07_23,headset,Ozone Gaming OZONDA3HX,Ozone,Gaming OZONDA3HX,headset:ozone:gaming-ozonda3hx,inferred_first_token,reference_only_needs_verification,needs_review,False,1,Black;Red,False,over_ear,True,False,closed,"20,20",general;communication;gaming,gaming,100.0,110.0,frequency_units_ambiguous;unverified_reference_source
766bd96e041cc999f398,docyx_pc_part_dataset_2025_07_23,headset,Ozone Gaming OZONDAST,Ozone,Gaming OZONDAST,headset:ozone:gaming-ozondast,inferred_first_token,reference_only_needs_verification,needs_review,False,1,Black;Red,False,over_ear,True,False,closed,"20,20",general;communication;gaming,gaming,100.0,110.0,frequency_units_ambiguous;unverified_reference_source
eb2b2a6f84c6bcb16eda,docyx_pc_part_dataset_2025_07_23,headset,Ozone Gaming OZRAGESTR,Ozone,Gaming OZRAGESTR,headset:ozone:gaming-ozragestr,inferred_first_token,reference_only_needs_verification,needs_review,False,1,Black;Red,False,over_ear,True,False,closed,"20,20",general;communication;gaming,gaming,100.0,110.0,frequency_units_ambiguous;unverified_reference_source
1f2bcaf8e0f78af821cc,docyx_pc_part_dataset_2025_07_23,headset,Ozone Gaming OZRAGESTW,Ozone,Gaming OZRAGESTW,headset:ozone:gaming-ozragestw,inferred_first_token,reference_only_needs_verification,needs_review,False,1,Black;White,False,over_ear,True,False,closed,"20,20",general;communication;gaming,gaming,100.0,110.0,frequency_units_ambiguous;unverified_reference_source
5672da281c6ca8aef4bd,docyx_pc_part_dataset_2025_07_23,headset,Ozone Gaming OZRAGESTY,Ozone,Gaming OZRAGESTY,headset:ozone:gaming-ozragesty,inferred_first_token,reference_only_needs_verification,needs_review,False,1,Black;Yellow,False,over_ear,True,False,closed,"20,20",general;communication;gaming,gaming,100.0,110.0,frequency_units_ambiguous;unverified_reference_source
2203a4f99cc34adef186,docyx_pc_part_dataset_2025_07_23,headset,Ozone Gaming OZSPARK,Ozone,Gaming OZSPARK,headset:ozone:gaming-ozspark,inferred_first_token,reference_only_needs_verification,needs_review,False,1,Black;Red,False,over_ear,True,False,closed,"20,20",general;communication;gaming,gaming,100.0,110.0,frequency_units_ambiguous;unverified_reference_source
0a0ff287899aad984f3c,docyx_pc_part_dataset_2025_07_23,headset,PDP AFTERGLOW PRISMATIC,PDP,AFTERGLOW PRISMATIC,headset:pdp:afterglow-prismatic,inferred_first_token,reference_only_needs_verification,needs_review,False,1,Black,False,over_ear,True,True,closed,,general;communication;gaming;portable,communication,100.0,110.0,unverified_reference_source
a8cb061240898f758c11,docyx_pc_part_dataset_2025_07_23,headset,Perixx AX-2000B,Perixx,AX-2000B,headset:perixx:ax-2000b,inferred_first_token,reference_only_needs_verification,needs_review,False,1,Black;Red,False,over_ear,True,False,closed,,general;communication;gaming,gaming,100.0,110.0,unverified_reference_source
92842c2dfe47466c0a9c,docyx_pc_part_dataset_2025_07_23,headset,Philips Fidelio X2HR/00,Philips,Fidelio X2HR/00,headset:philips:fidelio-x2hr-00,curated_alias,reference_only_needs_verification,needs_review,False,1,Black,True,over_ear,False,False,open,"5,40",general;music_creation,music_creation,100.0,110.0,frequency_units_ambiguous;unverified_reference_source
144a7d173a4cf65318ca,docyx_pc_part_dataset_2025_07_23,headset,Philips SHP9500,Philips,SHP9500,headset:philips:shp9500,curated_alias,reference_only_needs_verification,needs_review,False,1,Black,True,over_ear,False,False,open,"12,35",general;music_creation,music_creation,100.0,110.0,frequency_units_ambiguous;unverified_reference_source
359736d964b3af5e7556,docyx_pc_part_dataset_2025_07_23,headset,Philips SHP9600/00,Philips,SHP9600/00,headset:philips:shp9600-00,curated_alias,reference_only_needs_verification,needs_review,False,1,Black;Copper,True,over_ear,False,False,open,"12,35",general;music_creation,music_creation,100.0,110.0,frequency_units_ambiguous;unverified_reference_source
0b3757d2eb75d7e89509,docyx_pc_part_dataset_2025_07_23,headset,Pyle Audio PHPMC2,Pyle,Audio PHPMC2,headset:pyle:audio-phpmc2,inferred_first_token,reference_only_needs_verification,needs_review,False,1,Black;White,False,over_ear,True,False,closed,"20,22",general;communication;gaming,gaming,100.0,110.0,frequency_units_ambiguous;unverified_reference_source
6056376c433dfeb90aa6,docyx_pc_part_dataset_2025_07_23,headset,RCA HP59MIC,RCA,HP59MIC,headset:rca:hp59mic,inferred_first_token,reference_only_needs_verification,needs_review,False,1,Black,False,in_ear,True,False,closed,,general;communication;gaming,gaming,100.0,110.0,unverified_reference_source
389059b746ea0e031774,docyx_pc_part_dataset_2025_07_23,headset,Rosewill E-210-WH,Rosewill,E-210-WH,headset:rosewill:e-210-wh,inferred_first_token,reference_only_needs_verification,needs_review,False,1,White,False,in_ear,True,False,closed,"10,22",general;communication;gaming,gaming,100.0,110.0,frequency_units_ambiguous;unverified_reference_source
423b4d7f897e43d0ea42,docyx_pc_part_dataset_2025_07_23,headset,Rosewill NEBULA GX51,Rosewill,NEBULA GX51,headset:rosewill:nebula-gx51,inferred_first_token,reference_only_needs_verification,needs_review,False,1,Black,False,over_ear,True,False,closed,"20,20",general;communication;gaming,gaming,100.0,110.0,frequency_units_ambiguous;unverified_reference_source
0e6bb50bcc36eb23f13c,docyx_pc_part_dataset_2025_07_23,headset,Rosewill RHM-556,Rosewill,RHM-556,headset:rosewill:rhm-556,inferred_first_token,reference_only_needs_verification,needs_review,False,1,Black;Silver,False,over_ear,True,False,closed,"10,25",general;communication;gaming,gaming,100.0,110.0,frequency_units_ambiguous;unverified_reference_source
f20a726c792f2c9632ea,docyx_pc_part_dataset_2025_07_23,headset,Rosewill RHM-6308,Rosewill,RHM-6308,headset:rosewill:rhm-6308,inferred_first_token,reference_only_needs_verification,needs_review,False,1,Black;Silver,False,over_ear,True,False,closed,"10,25",general;communication;gaming,gaming,100.0,110.0,frequency_units_ambiguous;unverified_reference_source
cfb0cfbf18f9a3066831,docyx_pc_part_dataset_2025_07_23,headset,Rosewill RHTS-8206,Rosewill,RHTS-8206,headset:rosewill:rhts-8206,inferred_first_token,reference_only_needs_verification,needs_review,False,1,Black;Red,False,over_ear,True,False,closed,"20,20",general;communication;gaming,gaming,100.0,110.0,frequency_units_ambiguous;unverified_reference_source
6df40fd91f064f3d5ae3,docyx_pc_part_dataset_2025_07_23,headset,Rude Gamewear RUDE-100,Rude,Gamewear RUDE-100,headset:rude:gamewear-rude-100,inferred_first_token,reference_only_needs_verification,needs_review,False,1,Black,False,on_ear,True,False,closed,"20,20",general;communication;gaming,gaming,100.0,110.0,frequency_units_ambiguous;unverified_reference_source
10dece204030a83f0e94,docyx_pc_part_dataset_2025_07_23,headset,SHARKOON SKILLER SGH1,SHARKOON,SKILLER SGH1,headset:sharkoon:skiller-sgh1,inferred_first_token,reference_only_needs_verification,needs_review,False,1,Black;Blue,False,over_ear,True,False,closed,"20,20",general;communication;gaming,gaming,100.0,110.0,frequency_units_ambiguous;unverified_reference_source
6bfffe909430fe47e0ae,docyx_pc_part_dataset_2025_07_23,headset,Sades SA-902-B,Sades,SA-902-B,headset:sades:sa-902-b,inferred_first_token,reference_only_needs_verification,needs_review,False,1,Black;Red,False,over_ear,True,False,closed,"20,20",general;communication;gaming,gaming,100.0,110.0,frequency_units_ambiguous;unverified_reference_source
2746e42f3d64cabd8d53,docyx_pc_part_dataset_2025_07_23,headset,Sennheiser 505665,Sennheiser,505665,headset:sennheiser:505665,curated_alias,reference_only_needs_verification,needs_review,False,1,Black,False,over_ear,False,False,closed,"15,22",general,communication,100.0,110.0,frequency_units_ambiguous;unverified_reference_source
c181aa495a2a5cc5288e,docyx_pc_part_dataset_2025_07_23,headset,Sennheiser CX 215,Sennheiser,CX 215,headset:sennheiser:cx-215,curated_alias,reference_only_needs_verification,needs_review,False,4,Black;Blue;Brown;Green;Orange,False,in_ear,False,False,closed,"20,20",general,communication,100.0,110.0,frequency_units_ambiguous;unverified_reference_source;identity_duplicates_collapsed
36374d4d9aab62135f69,docyx_pc_part_dataset_2025_07_23,headset,Sennheiser CX 380,Sennheiser,CX 380,headset:sennheiser:cx-380,curated_alias,reference_only_needs_verification,needs_review,False,1,Black;Yellow,False,in_ear,False,False,closed,"17,21",general,communication,100.0,110.0,frequency_units_ambiguous;unverified_reference_source
73333cf517112cc4757f,docyx_pc_part_dataset_2025_07_23,headset,Sennheiser CX150,Sennheiser,CX150,headset:sennheiser:cx150,curated_alias,reference_only_needs_verification,needs_review,False,1,Black,False,in_ear,False,False,closed,"20,20",general,communication,100.0,110.0,frequency_units_ambiguous;unverified_reference_source
5276598f55a1ad37677e,docyx_pc_part_dataset_2025_07_23,headset,Sennheiser CX175,Sennheiser,CX175,headset:sennheiser:cx175,curated_alias,reference_only_needs_verification,needs_review,False,1,Black;Silver,False,in_ear,False,False,closed,"17,23",general,communication,100.0,110.0,frequency_units_ambiguous;unverified_reference_source
c70a98763efed7e9c0df,docyx_pc_part_dataset_2025_07_23,headset,Sennheiser CX200,Sennheiser,CX200,headset:sennheiser:cx200,curated_alias,reference_only_needs_verification,needs_review,False,1,Black;Silver,False,in_ear,False,False,closed,"20,20",general,communication,100.0,110.0,frequency_units_ambiguous;unverified_reference_source
ca3027b0e74b5238fe81,docyx_pc_part_dataset_2025_07_23,headset,Sennheiser CX280,Sennheiser,CX280,headset:sennheiser:cx280,curated_alias,reference_only_needs_verification,needs_review,False,1,Black;Silver,False,in_ear,False,False,closed,"19,20.5",general,communication,100.0,110.0,frequency_units_ambiguous;unverified_reference_source
541c0282955e29b58806,docyx_pc_part_dataset_2025_07_23,headset,Sennheiser CX55,Sennheiser,CX55,headset:sennheiser:cx55,curated_alias,reference_only_needs_verification,needs_review,False,1,Black;Silver,False,in_ear,False,False,closed,"17,21",general,communication,100.0,110.0,frequency_units_ambiguous;unverified_reference_source
9c0e2d88405b4cb7b17a,docyx_pc_part_dataset_2025_07_23,headset,Sennheiser CX985,Sennheiser,CX985,headset:sennheiser:cx985,curated_alias,reference_only_needs_verification,needs_review,False,1,Black;Silver,False,in_ear,False,False,closed,"16,24",general,communication,100.0,110.0,frequency_units_ambiguous;unverified_reference_source
7a65ca66f76467a6be8e,docyx_pc_part_dataset_2025_07_23,headset,Sennheiser HD 201,Sennheiser,HD 201,headset:sennheiser:hd-201,curated_alias,reference_only_needs_verification,needs_review,False,1,Black;Silver,False,over_ear,False,False,closed,"21,18",general,communication,100.0,110.0,frequency_units_ambiguous;unverified_reference_source
73d5e1be8053b10a47d3,docyx_pc_part_dataset_2025_07_23,headset,Sennheiser HD 203,Sennheiser,HD 203,headset:sennheiser:hd-203,curated_alias,reference_only_needs_verification,needs_review,False,1,Black;Silver,False,over_ear,False,False,closed,"18,18",general,communication,100.0,110.0,frequency_units_ambiguous;unverified_reference_source
de442e41fb88116c63d7,docyx_pc_part_dataset_2025_07_23,headset,Sennheiser HD 218,Sennheiser,HD 218,headset:sennheiser:hd-218,curated_alias,reference_only_needs_verification,needs_review,False,1,Black;Silver,False,on_ear,False,False,closed,"19,21",general,communication,100.0,110.0,frequency_units_ambiguous;unverified_reference_source
3852d86b43d8cd086e91,docyx_pc_part_dataset_2025_07_23,headset,Sennheiser HD 239,Sennheiser,HD 239,headset:sennheiser:hd-239,curated_alias,reference_only_needs_verification,needs_review,False,1,Black;Red,False,on_ear,False,False,closed,"16,23",general,communication,100.0,110.0,frequency_units_ambiguous;unverified_reference_source
ea7dfbec75fc13c00d9d,docyx_pc_part_dataset_2025_07_23,headset,Sennheiser HD 419,Sennheiser,HD 419,headset:sennheiser:hd-419,curated_alias,reference_only_needs_verification,needs_review,False,1,Black,False,over_ear,False,False,closed,"20,20",general,communication,100.0,110.0,frequency_units_ambiguous;unverified_reference_source
4efa23b82646732ec616,docyx_pc_part_dataset_2025_07_23,headset,Sennheiser HD 429,Sennheiser,HD 429,headset:sennheiser:hd-429,curated_alias,reference_only_needs_verification,needs_review,False,1,Black,False,over_ear,False,False,closed,"18,22",general,communication,100.0,110.0,frequency_units_ambiguous;unverified_reference_source
6b5b6f4a7a803bab76a8,docyx_pc_part_dataset_2025_07_23,headset,Sennheiser HD 439,Sennheiser,HD 439,headset:sennheiser:hd-439,curated_alias,reference_only_needs_verification,needs_review,False,1,Black;Silver,False,over_ear,False,False,closed,"17,22.5",general,communication,100.0,110.0,frequency_units_ambiguous;unverified_reference_source
082640ee63d268ef4cbe,docyx_pc_part_dataset_2025_07_23,headset,Sennheiser HD 449,Sennheiser,HD 449,headset:sennheiser:hd-449,curated_alias,reference_only_needs_verification,needs_review,False,1,Black;Silver,False,over_ear,False,False,closed,"16,24",general,communication,100.0,110.0,frequency_units_ambiguous;unverified_reference_source
93b8646e2a8f261c9939,docyx_pc_part_dataset_2025_07_23,headset,Sennheiser HD238,Sennheiser,HD238,headset:sennheiser:hd238,curated_alias,reference_only_needs_verification,needs_review,False,1,Black;Silver,False,on_ear,False,False,closed,"16,23",general,communication,100.0,110.0,frequency_units_ambiguous;unverified_reference_source
2300dfc200b312fb00be,docyx_pc_part_dataset_2025_07_23,headset,Sennheiser HD419,Sennheiser,HD419,headset:sennheiser:hd419,curated_alias,reference_only_needs_verification,needs_review,False,1,Black,False,over_ear,False,False,closed,"20,20",general,communication,100.0,110.0,frequency_units_ambiguous;unverified_reference_source
0c1204feb4808acb2624,docyx_pc_part_dataset_2025_07_23,headset,Sennheiser IE 80,Sennheiser,IE 80,headset:sennheiser:ie-80,curated_alias,reference_only_needs_verification,needs_review,False,1,Black;Silver,False,in_ear,False,False,closed,"10,20",general,communication,100.0,110.0,frequency_units_ambiguous;unverified_reference_source
52e264a132b5c4357e61,docyx_pc_part_dataset_2025_07_23,headset,Sennheiser IE60,Sennheiser,IE60,headset:sennheiser:ie60,curated_alias,reference_only_needs_verification,needs_review,False,1,Black;Gold,False,in_ear,False,False,closed,"10,18",general,communication,100.0,110.0,frequency_units_ambiguous;unverified_reference_source
113945e185e38a365651,docyx_pc_part_dataset_2025_07_23,headset,Sennheiser MX 365,Sennheiser,MX 365,headset:sennheiser:mx-365,curated_alias,reference_only_needs_verification,needs_review,False,1,Black;Blue,False,in_ear,False,False,closed,"20,20",general,communication,100.0,110.0,frequency_units_ambiguous;unverified_reference_source
ee18458fcf1af4f6eaf6,docyx_pc_part_dataset_2025_07_23,headset,Sennheiser MX270,Sennheiser,MX270,headset:sennheiser:mx270,curated_alias,reference_only_needs_verification,needs_review,False,1,Black,False,in_ear,False,False,closed,"19,20",general,communication,100.0,110.0,frequency_units_ambiguous;unverified_reference_source
5a15211f1d873fc02ed0,docyx_pc_part_dataset_2025_07_23,headset,Sennheiser MX580,Sennheiser,MX580,headset:sennheiser:mx580,curated_alias,reference_only_needs_verification,needs_review,False,1,Black;Silver,False,in_ear,False,False,closed,"18,21",general,communication,100.0,110.0,frequency_units_ambiguous;unverified_reference_source
f261b8c2540d2e3c4d93,docyx_pc_part_dataset_2025_07_23,headset,Sennheiser MX680,Sennheiser,MX680,headset:sennheiser:mx680,curated_alias,reference_only_needs_verification,needs_review,False,1,Black;Yellow,False,in_ear,False,False,closed,"18,20",general,communication,100.0,110.0,frequency_units_ambiguous;unverified_reference_source
a66272f690528a3b12c6,docyx_pc_part_dataset_2025_07_23,headset,Sennheiser MX685,Sennheiser,MX685,headset:sennheiser:mx685,curated_alias,reference_only_needs_verification,needs_review,False,1,Black;Silver,False,in_ear,False,False,closed,"18,20",general,communication,100.0,110.0,frequency_units_ambiguous;unverified_reference_source
23b64599d736c57eea31,docyx_pc_part_dataset_2025_07_23,headset,Sennheiser PX95,Sennheiser,PX95,headset:sennheiser:px95,curated_alias,reference_only_needs_verification,needs_review,False,1,Black;Silver,False,on_ear,False,False,closed,,general,communication,100.0,110.0,unverified_reference_source
0418b80b512c3a373480,docyx_pc_part_dataset_2025_07_23,headset,Sennheiser RS 160,Sennheiser,RS 160,headset:sennheiser:rs-160,curated_alias,reference_only_needs_verification,needs_review,False,1,Black,False,over_ear,False,True,closed,"18,21",general;portable,portable,100.0,110.0,frequency_units_ambiguous;unverified_reference_source
eab67d17d825d766bbc9,docyx_pc_part_dataset_2025_07_23,headset,Sennheiser RS 165,Sennheiser,RS 165,headset:sennheiser:rs-165,curated_alias,reference_only_needs_verification,needs_review,False,1,Black;Silver,False,over_ear,False,True,closed,"18,21",general;portable,portable,100.0,110.0,frequency_units_ambiguous;unverified_reference_source
1bcfa316c4d6802af58a,docyx_pc_part_dataset_2025_07_23,headset,Sennheiser RS 170,Sennheiser,RS 170,headset:sennheiser:rs-170,curated_alias,reference_only_needs_verification,needs_review,False,1,Black;Silver,False,over_ear,False,False,closed,"18,21",general,communication,100.0,110.0,frequency_units_ambiguous;unverified_reference_source
d04d074624dee0eeea7e,docyx_pc_part_dataset_2025_07_23,headset,Sennheiser RS 185,Sennheiser,RS 185,headset:sennheiser:rs-185,curated_alias,reference_only_needs_verification,needs_review,False,1,Black;Silver,False,over_ear,False,True,closed,"17,22",general;portable,portable,100.0,110.0,frequency_units_ambiguous;unverified_reference_source
a6caad4fa0a0c49ed1b3,docyx_pc_part_dataset_2025_07_23,headset,Sony 1262-3331,Sony,1262-3331,headset:sony:1262-3331,curated_alias,reference_only_needs_verification,needs_review,False,1,White,False,in_ear,False,False,closed,,general,communication,100.0,110.0,unverified_reference_source
91e101071b9876f65b03,docyx_pc_part_dataset_2025_07_23,headset,Sony 162219,Sony,162219,headset:sony:162219,curated_alias,reference_only_needs_verification,needs_review,False,1,Black,False,over_ear,False,False,closed,,general,communication,100.0,110.0,unverified_reference_source
99aae6b64e3bc8f96810,docyx_pc_part_dataset_2025_07_23,headset,Sony 163120478651,Sony,163120478651,headset:sony:163120478651,curated_alias,reference_only_needs_verification,needs_review,False,1,Black,False,on_ear,False,False,closed,,general,communication,100.0,110.0,unverified_reference_source
a22d7e476982957732d3,docyx_pc_part_dataset_2025_07_23,headset,Sony 777786204211,Sony,777786204211,headset:sony:777786204211,curated_alias,reference_only_needs_verification,needs_review,False,1,Black,False,on_ear,False,False,closed,,general,communication,100.0,110.0,unverified_reference_source
605580ca09b853e33144,docyx_pc_part_dataset_2025_07_23,headset,Sunbeam SEB-2014,Sunbeam,SEB-2014,headset:sunbeam:seb-2014,inferred_first_token,reference_only_needs_verification,needs_review,False,4,Black;Orange;Purple;Red,False,in_ear,True,False,closed,,general;communication;gaming,gaming,100.0,110.0,unverified_reference_source;identity_duplicates_collapsed
79637dbcec126812817b,docyx_pc_part_dataset_2025_07_23,headset,Syba CL-AUD23028,Syba,CL-AUD23028,headset:syba:cl-aud23028,inferred_first_token,reference_only_needs_verification,needs_review,False,1,Black;White,False,on_ear,True,True,closed,,general;communication;gaming;portable,communication,100.0,110.0,unverified_reference_source
bcbb6c67710e08e5ca4a,docyx_pc_part_dataset_2025_07_23,headset,Syba CL-AUD23029,Syba,CL-AUD23029,headset:syba:cl-aud23029,inferred_first_token,reference_only_needs_verification,needs_review,False,1,Black;White,False,on_ear,True,False,closed,,general;communication;gaming,gaming,100.0,110.0,unverified_reference_source
ef0cacda5551ca2953e9,docyx_pc_part_dataset_2025_07_23,headset,Syba CL-AUD23030,Syba,CL-AUD23030,headset:syba:cl-aud23030,inferred_first_token,reference_only_needs_verification,needs_review,False,1,Black;Red,False,on_ear,True,False,closed,,general;communication;gaming,gaming,100.0,110.0,unverified_reference_source
29894bb94bc1961b8a94,docyx_pc_part_dataset_2025_07_23,headset,Syba CL-AUD23031,Syba,CL-AUD23031,headset:syba:cl-aud23031,inferred_first_token,reference_only_needs_verification,needs_review,False,1,Pink;White,False,on_ear,True,True,closed,,general;communication;gaming;portable,communication,100.0,110.0,unverified_reference_source
61e06d2492ba416920d3,docyx_pc_part_dataset_2025_07_23,headset,Syba CL-AUD23038,Syba,CL-AUD23038,headset:syba:cl-aud23038,inferred_first_token,reference_only_needs_verification,needs_review,False,1,Black;Yellow,False,on_ear,True,True,closed,,general;communication;gaming;portable,communication,100.0,110.0,unverified_reference_source
e3e4d1677093907e5a89,docyx_pc_part_dataset_2025_07_23,headset,Syba CL-AUD23039,Syba,CL-AUD23039,headset:syba:cl-aud23039,inferred_first_token,reference_only_needs_verification,needs_review,False,1,Brown,False,on_ear,True,False,closed,,general;communication;gaming,gaming,100.0,110.0,unverified_reference_source
55aaf9aee33e973d6145,docyx_pc_part_dataset_2025_07_23,headset,Syba CL-AUD23040,Syba,CL-AUD23040,headset:syba:cl-aud23040,inferred_first_token,reference_only_needs_verification,needs_review,False,1,Black;White,False,on_ear,True,True,closed,,general;communication;gaming;portable,communication,100.0,110.0,unverified_reference_source
8da344f18e1cd0ff9158,docyx_pc_part_dataset_2025_07_23,headset,Syba CL-AUD63028,Syba,CL-AUD63028,headset:syba:cl-aud63028,inferred_first_token,reference_only_needs_verification,needs_review,False,1,Black;Red,False,in_ear,True,False,closed,,general;communication;gaming,gaming,100.0,110.0,unverified_reference_source
1c3d2e52e2fa6ca0fc8d,docyx_pc_part_dataset_2025_07_23,headset,Syba CL-AUD63030,Syba,CL-AUD63030,headset:syba:cl-aud63030,inferred_first_token,reference_only_needs_verification,needs_review,False,1,Black;Blue,False,in_ear,True,False,closed,,general;communication;gaming,gaming,100.0,110.0,unverified_reference_source
2ecb3a2a026b198f5f14,docyx_pc_part_dataset_2025_07_23,headset,Syba CL-AUD63062,Syba,CL-AUD63062,headset:syba:cl-aud63062,inferred_first_token,reference_only_needs_verification,needs_review,False,1,Black;Brown,False,over_ear,True,False,closed,"20,20",general;communication;gaming,gaming,100.0,110.0,frequency_units_ambiguous;unverified_reference_source
76fc949dd0e5bed0e763,docyx_pc_part_dataset_2025_07_23,headset,Syba CL-AUD63074,Syba,CL-AUD63074,headset:syba:cl-aud63074,inferred_first_token,reference_only_needs_verification,needs_review,False,1,Black;Silver,False,on_ear,True,False,closed,"20,20",general;communication;gaming,gaming,100.0,110.0,frequency_units_ambiguous;unverified_reference_source
6cf4b6a92dbf70aa5aaa,docyx_pc_part_dataset_2025_07_23,headset,Syba CM-5008-U,Syba,CM-5008-U,headset:syba:cm-5008-u,inferred_first_token,reference_only_needs_verification,needs_review,False,1,Black;Silver,False,on_ear,True,False,closed,"20,20",general;communication;gaming,gaming,100.0,110.0,frequency_units_ambiguous;unverified_reference_source
bf33d5af5d0a72526261,docyx_pc_part_dataset_2025_07_23,headset,Syba COBRA,Syba,COBRA,headset:syba:cobra,inferred_first_token,reference_only_needs_verification,needs_review,False,2,Black;Blue;White,False,over_ear,True,False,closed,"20,20",general;communication;gaming,gaming,100.0,110.0,frequency_units_ambiguous;unverified_reference_source;identity_duplicates_collapsed
5893cebc9db3f81e34f5,docyx_pc_part_dataset_2025_07_23,headset,Syba GamesterGear Cruiser,Syba,GamesterGear Cruiser,headset:syba:gamestergear-cruiser,inferred_first_token,reference_only_needs_verification,needs_review,False,1,Black;Silver,False,over_ear,True,False,closed,"20,20",general;communication;gaming,gaming,100.0,110.0,frequency_units_ambiguous;unverified_reference_source
8eeb799d425d51342889,docyx_pc_part_dataset_2025_07_23,headset,Syba GamesterGear PC200,Syba,GamesterGear PC200,headset:syba:gamestergear-pc200,inferred_first_token,reference_only_needs_verification,needs_review,False,1,Black;Red,False,over_ear,True,False,closed,"20,20",general;communication;gaming,gaming,100.0,110.0,frequency_units_ambiguous;unverified_reference_source
d804d34c1beded433af0,docyx_pc_part_dataset_2025_07_23,headset,Syba OG-AUD23036,Syba,OG-AUD23036,headset:syba:og-aud23036,inferred_first_token,reference_only_needs_verification,needs_review,False,1,Black,False,over_ear,True,False,closed,"20,20",general;communication;gaming,gaming,100.0,110.0,frequency_units_ambiguous;unverified_reference_source
735be66af72e473fcccd,docyx_pc_part_dataset_2025_07_23,headset,Syba OG-AUD23042,Syba,OG-AUD23042,headset:syba:og-aud23042,inferred_first_token,reference_only_needs_verification,needs_review,False,1,Black,False,over_ear,True,False,closed,"20,20",general;communication;gaming,gaming,100.0,110.0,frequency_units_ambiguous;unverified_reference_source
c22cff4952622385471a,docyx_pc_part_dataset_2025_07_23,headset,Syba OG-AUD23043,Syba,OG-AUD23043,headset:syba:og-aud23043,inferred_first_token,reference_only_needs_verification,needs_review,False,1,Black;White,False,over_ear,True,True,closed,"20,20",general;communication;gaming;portable,communication,100.0,110.0,frequency_units_ambiguous;unverified_reference_source
485fabfb4489a40c7547,docyx_pc_part_dataset_2025_07_23,headset,Syba OG-AUD23047,Syba,OG-AUD23047,headset:syba:og-aud23047,inferred_first_token,reference_only_needs_verification,needs_review,False,1,Black;Red,False,over_ear,True,False,closed,"20,20",general;communication;gaming,gaming,100.0,110.0,frequency_units_ambiguous;unverified_reference_source
21d6b262964b10b1e949,docyx_pc_part_dataset_2025_07_23,headset,Syba OG-AUD63038-2,Syba,OG-AUD63038-2,headset:syba:og-aud63038-2,inferred_first_token,reference_only_needs_verification,needs_review,False,1,Black,False,over_ear,True,False,closed,"20,20",general;communication;gaming,gaming,100.0,110.0,frequency_units_ambiguous;unverified_reference_source
8d3f33d087c170cfe70b,docyx_pc_part_dataset_2025_07_23,headset,Syba OG-AUD63044-2,Syba,OG-AUD63044-2,headset:syba:og-aud63044-2,inferred_first_token,reference_only_needs_verification,needs_review,False,1,Black;Silver,False,over_ear,True,False,closed,,general;communication;gaming,gaming,100.0,110.0,unverified_reference_source
e3da49821efd9373572b,docyx_pc_part_dataset_2025_07_23,headset,Syba OG-AUD63059,Syba,OG-AUD63059,headset:syba:og-aud63059,inferred_first_token,reference_only_needs_verification,needs_review,False,1,Black;White,False,over_ear,True,False,closed,,general;communication;gaming,gaming,100.0,110.0,unverified_reference_source
ec4a571d023555ac9b82,docyx_pc_part_dataset_2025_07_23,headset,Syba OG-AUD63065,Syba,OG-AUD63065,headset:syba:og-aud63065,inferred_first_token,reference_only_needs_verification,needs_review,False,1,Black,False,over_ear,True,False,closed,,general;communication;gaming,gaming,100.0,110.0,unverified_reference_source
c5036d8b029a631c377f,docyx_pc_part_dataset_2025_07_23,headset,Syba OG-AUD63067,Syba,OG-AUD63067,headset:syba:og-aud63067,inferred_first_token,reference_only_needs_verification,needs_review,False,1,Black;Silver,False,over_ear,True,False,closed,,general;communication;gaming,gaming,100.0,110.0,unverified_reference_source
9e08dba7649b3c961b6e,docyx_pc_part_dataset_2025_07_23,headset,Syba OG-AUD63070,Syba,OG-AUD63070,headset:syba:og-aud63070,inferred_first_token,reference_only_needs_verification,needs_review,False,1,Black;Yellow,False,over_ear,True,False,closed,"20,20",general;communication;gaming,gaming,100.0,110.0,frequency_units_ambiguous;unverified_reference_source
9bcd833c8f61c0c2775f,docyx_pc_part_dataset_2025_07_23,headset,Syba OG-AUD63072,Syba,OG-AUD63072,headset:syba:og-aud63072,inferred_first_token,reference_only_needs_verification,needs_review,False,1,Black;Red,False,over_ear,True,False,closed,"20,20",general;communication;gaming,gaming,100.0,110.0,frequency_units_ambiguous;unverified_reference_source
c69ddbfda8f0272895b8,docyx_pc_part_dataset_2025_07_23,headset,Syba OG-AUD63075,Syba,OG-AUD63075,headset:syba:og-aud63075,inferred_first_token,reference_only_needs_verification,needs_review,False,1,Black;Blue,False,over_ear,True,False,closed,"20,20",general;communication;gaming,gaming,100.0,110.0,frequency_units_ambiguous;unverified_reference_source
a5eeeb9f540a5ac1d2d1,docyx_pc_part_dataset_2025_07_23,headset,Syba OG-AUD63076,Syba,OG-AUD63076,headset:syba:og-aud63076,inferred_first_token,reference_only_needs_verification,needs_review,False,1,Black;Blue,False,over_ear,True,False,closed,"20,20",general;communication;gaming,gaming,100.0,110.0,frequency_units_ambiguous;unverified_reference_source
c6fc708ff79ce6c6a3b9,docyx_pc_part_dataset_2025_07_23,headset,Syba OG-AUD63077,Syba,OG-AUD63077,headset:syba:og-aud63077,inferred_first_token,reference_only_needs_verification,needs_review,False,1,Black;Green,False,over_ear,True,False,closed,"20,20",general;communication;gaming,gaming,100.0,110.0,frequency_units_ambiguous;unverified_reference_source
786be4d451122f26b180,docyx_pc_part_dataset_2025_07_23,headset,Syba OG-AUD63078,Syba,OG-AUD63078,headset:syba:og-aud63078,inferred_first_token,reference_only_needs_verification,needs_review,False,1,Black;Green,False,over_ear,True,False,closed,"20,20",general;communication;gaming,gaming,100.0,110.0,frequency_units_ambiguous;unverified_reference_source
83f297bf40985be6dc53,docyx_pc_part_dataset_2025_07_23,headset,Syba Oblanc U.F.O.,Syba,Oblanc U.F.O.,headset:syba:oblanc-u-f-o,inferred_first_token,reference_only_needs_verification,needs_review,False,2,Black;Silver,False,over_ear,True,False,closed,"20,20",general;communication;gaming,gaming,100.0,110.0,frequency_units_ambiguous;unverified_reference_source;identity_duplicates_collapsed
9a970137bb19bc6fcb8b,docyx_pc_part_dataset_2025_07_23,headset,Syba PC210-I,Syba,PC210-I,headset:syba:pc210-i,inferred_first_token,reference_only_needs_verification,needs_review,False,1,Black,False,over_ear,True,False,closed,"20,20",general;communication;gaming,gaming,100.0,110.0,frequency_units_ambiguous;unverified_reference_source
9c0c71155e1e37e9fcb1,docyx_pc_part_dataset_2025_07_23,headset,Syba SHELL210,Syba,SHELL210,headset:syba:shell210,inferred_first_token,reference_only_needs_verification,needs_review,False,2,Black;Gold;Red,False,over_ear,True,False,closed,"20,20",general;communication;gaming,gaming,100.0,110.0,frequency_units_ambiguous;unverified_reference_source;identity_duplicates_collapsed
fda875df39162a85b3a5,docyx_pc_part_dataset_2025_07_23,headset,Syba U.F.O.,Syba,U.F.O.,headset:syba:u-f-o,inferred_first_token,reference_only_needs_verification,needs_review,False,1,Black;Yellow,False,over_ear,True,False,closed,"20,20",general;communication;gaming,gaming,100.0,110.0,frequency_units_ambiguous;unverified_reference_source
5c32a7df2869944cebf5,docyx_pc_part_dataset_2025_07_23,headset,Syba U.F.O. 5.1,Syba,U.F.O. 5.1,headset:syba:u-f-o-5-1,inferred_first_token,reference_only_needs_verification,needs_review,False,2,Black;Green;Yellow,False,over_ear,True,False,closed,"20,20",general;communication;gaming,gaming,100.0,110.0,frequency_units_ambiguous;unverified_reference_source;identity_duplicates_collapsed
17c8c74cdad32ef7680f,docyx_pc_part_dataset_2025_07_23,headset,TAKSTAR FLIT,TAKSTAR,FLIT,headset:takstar:flit,inferred_first_token,reference_only_needs_verification,needs_review,False,1,Black;Red,False,over_ear,True,False,closed,"20,20",general;communication;gaming,gaming,100.0,110.0,frequency_units_ambiguous;unverified_reference_source
f04c822ef8bec0f0f8ca,docyx_pc_part_dataset_2025_07_23,headset,TAKSTAR Forge,TAKSTAR,Forge,headset:takstar:forge,inferred_first_token,reference_only_needs_verification,needs_review,False,1,Black;Red,False,over_ear,True,False,closed,"20,20",general;communication;gaming,gaming,100.0,110.0,frequency_units_ambiguous;unverified_reference_source
2a6c10b774659df717a9,docyx_pc_part_dataset_2025_07_23,headset,TAKSTAR SHADE,TAKSTAR,SHADE,headset:takstar:shade,inferred_first_token,reference_only_needs_verification,needs_review,False,1,Black;Red,False,over_ear,True,False,closed,"10,20",general;communication;gaming,gaming,100.0,110.0,frequency_units_ambiguous;unverified_reference_source
ccfd402fbf92b3aff1e2,docyx_pc_part_dataset_2025_07_23,headset,TAKSTAR TS-451M,TAKSTAR,TS-451M,headset:takstar:ts-451m,inferred_first_token,reference_only_needs_verification,needs_review,False,1,Black,False,over_ear,True,False,closed,"20,20",general;communication;gaming,gaming,100.0,110.0,frequency_units_ambiguous;unverified_reference_source
45dfd9b4a75db0bb69ae,docyx_pc_part_dataset_2025_07_23,headset,Tek Republic TH Pro,Tek,Republic TH Pro,headset:tek:republic-th-pro,inferred_first_token,reference_only_needs_verification,needs_review,False,1,Black,False,over_ear,True,False,closed,"10,20",general;communication;gaming,gaming,100.0,110.0,frequency_units_ambiguous;unverified_reference_source
87531128258ef967bc20,docyx_pc_part_dataset_2025_07_23,headset,TekNmotion PulseWave • V2,TekNmotion,PulseWave • V2,headset:teknmotion:pulsewave-v2,inferred_first_token,reference_only_needs_verification,needs_review,False,1,Black;Blue,False,over_ear,True,False,closed,,general;communication;gaming,gaming,100.0,110.0,unverified_reference_source
2a10a8803e9ebc7533c8,docyx_pc_part_dataset_2025_07_23,headset,TekNmotion TM-YB100A,TekNmotion,TM-YB100A,headset:teknmotion:tm-yb100a,inferred_first_token,reference_only_needs_verification,needs_review,False,1,Black;Silver,False,over_ear,True,False,closed,"20,20",general;communication;gaming,gaming,100.0,110.0,frequency_units_ambiguous;unverified_reference_source
87391e617ee7fa2484fa,docyx_pc_part_dataset_2025_07_23,headset,TekNmotion Yapster Plus,TekNmotion,Yapster Plus,headset:teknmotion:yapster-plus,inferred_first_token,reference_only_needs_verification,needs_review,False,2,Black;White,False,over_ear,True,False,closed,,general;communication;gaming,gaming,100.0,110.0,unverified_reference_source;identity_duplicates_collapsed
9a65e4dab1ebb98a34c9,docyx_pc_part_dataset_2025_07_23,headset,Tempest Caesar RGB,Tempest,Caesar RGB,headset:tempest:caesar-rgb,inferred_first_token,reference_only_needs_verification,needs_review,False,1,Black,False,over_ear,True,True,closed,,general;communication;gaming;portable,communication,100.0,110.0,unverified_reference_source
910030823979f02ea11f,docyx_pc_part_dataset_2025_07_23,headset,Tempest GHS201 RGB,Tempest,GHS201 RGB,headset:tempest:ghs201-rgb,inferred_first_token,reference_only_needs_verification,needs_review,False,1,Black,False,over_ear,True,False,closed,"20,20",general;communication;gaming,gaming,100.0,110.0,frequency_units_ambiguous;unverified_reference_source
6545f11dc716a8e89ab3,docyx_pc_part_dataset_2025_07_23,headset,Tempest GHS300 RGB,Tempest,GHS300 RGB,headset:tempest:ghs300-rgb,inferred_first_token,reference_only_needs_verification,needs_review,False,1,Black,False,over_ear,True,False,closed,"100,10",general;communication;gaming,gaming,100.0,110.0,frequency_units_ambiguous;unverified_reference_source
73ff117e537893ed4486,docyx_pc_part_dataset_2025_07_23,headset,Tempest GHS301 Barbarian RGB,Tempest,GHS301 Barbarian RGB,headset:tempest:ghs301-barbarian-rgb,inferred_first_token,reference_only_needs_verification,needs_review,False,1,Black,False,over_ear,True,False,closed,"20,20",general;communication;gaming,gaming,100.0,110.0,frequency_units_ambiguous;unverified_reference_source
b70fec14b9baf55634af,docyx_pc_part_dataset_2025_07_23,headset,Tempest Warrior RGB,Tempest,Warrior RGB,headset:tempest:warrior-rgb,inferred_first_token,reference_only_needs_verification,needs_review,False,1,Black;Red,False,over_ear,True,False,closed,"20,20",general;communication;gaming,gaming,100.0,110.0,frequency_units_ambiguous;unverified_reference_source
143965d055adaaf740e1,docyx_pc_part_dataset_2025_07_23,headset,Trust GXT 322 CARUS,Trust,GXT 322 CARUS,headset:trust:gxt-322-carus,inferred_first_token,reference_only_needs_verification,needs_review,False,1,Black;Red,False,over_ear,True,False,closed,"20,20",general;communication;gaming,gaming,100.0,110.0,frequency_units_ambiguous;unverified_reference_source
bd9f4b0192e02cc0c38a,docyx_pc_part_dataset_2025_07_23,headset,Trust GXT 322D Carus,Trust,GXT 322D Carus,headset:trust:gxt-322d-carus,inferred_first_token,reference_only_needs_verification,needs_review,False,1,Camo,False,over_ear,True,False,closed,"20,20",general;communication;gaming,gaming,100.0,110.0,frequency_units_ambiguous;unverified_reference_source
6876e8e68c3d2885946e,docyx_pc_part_dataset_2025_07_23,headset,Trust GXT 333 GOIYA,Trust,GXT 333 GOIYA,headset:trust:gxt-333-goiya,inferred_first_token,reference_only_needs_verification,needs_review,False,1,Black,False,over_ear,True,False,closed,"20,20",general;communication;gaming,gaming,100.0,110.0,frequency_units_ambiguous;unverified_reference_source
2f6b0f08f1fb66587fe8,docyx_pc_part_dataset_2025_07_23,headset,Trust GXT 363 (FF Packaging),Trust,GXT 363 (FF Packaging),headset:trust:gxt-363-ff-packaging,inferred_first_token,reference_only_needs_verification,needs_review,False,1,Black;Blue,False,over_ear,True,False,closed,"20,2",general;communication;gaming,gaming,100.0,110.0,frequency_units_ambiguous;unverified_reference_source
5aad3eb9e841084610a8,docyx_pc_part_dataset_2025_07_23,headset,Trust GXT 393 MAGNA,Trust,GXT 393 MAGNA,headset:trust:gxt-393-magna,inferred_first_token,reference_only_needs_verification,needs_review,False,1,Black;Blue,False,over_ear,True,True,closed,"20,20",general;communication;gaming;portable,communication,100.0,110.0,frequency_units_ambiguous;unverified_reference_source
4b4bd1d17ff21065491d,docyx_pc_part_dataset_2025_07_23,headset,V7 HS2000-35-BLK-9NC,V7,HS2000-35-BLK-9NC,headset:v7:hs2000-35-blk-9nc,inferred_first_token,reference_only_needs_verification,needs_review,False,1,Black,False,on_ear,True,False,closed,"20,20",general;communication;gaming,gaming,100.0,110.0,frequency_units_ambiguous;unverified_reference_source
b9abed039fc3db9d6b93,docyx_pc_part_dataset_2025_07_23,headset,V7 HS2000-35-WHT-9NC,V7,HS2000-35-WHT-9NC,headset:v7:hs2000-35-wht-9nc,inferred_first_token,reference_only_needs_verification,needs_review,False,1,White,False,over_ear,True,False,closed,"20,20",general;communication;gaming,gaming,100.0,110.0,frequency_units_ambiguous;unverified_reference_source
f0ed570c9e638944e238,docyx_pc_part_dataset_2025_07_23,headset,V7 HS6000-BT-BLK-9NC,V7,HS6000-BT-BLK-9NC,headset:v7:hs6000-bt-blk-9nc,inferred_first_token,reference_only_needs_verification,needs_review,False,1,Black;Silver,False,on_ear,True,True,closed,"20,20",general;communication;gaming;portable,communication,100.0,110.0,frequency_units_ambiguous;unverified_reference_source
4d53ee873ee7cf74553b,docyx_pc_part_dataset_2025_07_23,headset,V7 HS6000-BT-WHT-9NC,V7,HS6000-BT-WHT-9NC,headset:v7:hs6000-bt-wht-9nc,inferred_first_token,reference_only_needs_verification,needs_review,False,1,White,False,on_ear,True,True,closed,"20,20",general;communication;gaming;portable,communication,100.0,110.0,frequency_units_ambiguous;unverified_reference_source
2d6cd8aa44ac7c750e21,docyx_pc_part_dataset_2025_07_23,headset,YEYIAN Tempest 2000,YEYIAN,Tempest 2000,headset:yeyian:tempest-2000,inferred_first_token,reference_only_needs_verification,needs_review,False,1,Black;Red,False,over_ear,True,False,closed,"20,20",general;communication;gaming,gaming,100.0,110.0,frequency_units_ambiguous;unverified_reference_source
a2de3376902522953f3e,docyx_pc_part_dataset_2025_07_23,headset,YEYIAN Vicious 3000,YEYIAN,Vicious 3000,headset:yeyian:vicious-3000,inferred_first_token,reference_only_needs_verification,needs_review,False,1,Black;Red,False,over_ear,True,False,closed,"20,20",general;communication;gaming,gaming,100.0,110.0,frequency_units_ambiguous;unverified_reference_source
8cf040de0f35621a8f42,docyx_pc_part_dataset_2025_07_23,headset,Yamaha RH1C,Yamaha,RH1C,headset:yamaha:rh1c,curated_alias,reference_only_needs_verification,needs_review,False,1,Black,True,on_ear,False,False,open,"20,20",general;music_creation,music_creation,100.0,110.0,frequency_units_ambiguous;unverified_reference_source
a7fa3cd48179e63ce05e,docyx_pc_part_dataset_2025_07_23,headset,Yapster TM-YB100A,Yapster,TM-YB100A,headset:yapster:tm-yb100a,inferred_first_token,reference_only_needs_verification,needs_review,False,1,Black;Silver,False,over_ear,True,False,closed,"20,20",general;communication;gaming,gaming,100.0,110.0,frequency_units_ambiguous;unverified_reference_source
5d6511f8baf9160082a7,docyx_pc_part_dataset_2025_07_23,headset,Yenkee YHP 3035 SHADOW,Yenkee,YHP 3035 SHADOW,headset:yenkee:yhp-3035-shadow,inferred_first_token,reference_only_needs_verification,needs_review,False,1,Black,False,over_ear,True,False,closed,"20,20",general;communication;gaming,gaming,100.0,110.0,frequency_units_ambiguous;unverified_reference_source
1d89e1edb51caa0b4e99,docyx_pc_part_dataset_2025_07_23,headset,Zalman HPS200,Zalman,HPS200,headset:zalman:hps200,inferred_first_token,reference_only_needs_verification,needs_review,False,1,Black,False,over_ear,True,False,closed,"20,20",general;communication;gaming,gaming,100.0,110.0,frequency_units_ambiguous;unverified_reference_source
e801f117dcbd5a799273,docyx_pc_part_dataset_2025_07_23,headset,Zalman ZM-HPS10BT,Zalman,ZM-HPS10BT,headset:zalman:zm-hps10bt,inferred_first_token,reference_only_needs_verification,needs_review,False,1,Black,False,on_ear,True,False,closed,"100,20",general;communication;gaming,gaming,100.0,110.0,frequency_units_ambiguous;unverified_reference_source
158a693849f84f6cc647,docyx_pc_part_dataset_2025_07_23,headset,1MORE EHD9001TA,1MORE,EHD9001TA,headset:1more:ehd9001ta,inferred_first_token,reference_only_needs_verification,needs_review,False,1,Black;Red,True,in_ear,False,True,closed,,general;portable,portable,100.0,108.0,unverified_reference_source
24c96541f092858fc43d,docyx_pc_part_dataset_2025_07_23,headset,AKG K-495NC,AKG,K-495NC,headset:akg:k-495nc,curated_alias,reference_only_needs_verification,needs_review,False,1,Black;Silver,False,over_ear,False,False,closed,"20,20",general,communication,100.0,108.0,frequency_units_ambiguous;unverified_reference_source
bd957cd77c0db700e297,docyx_pc_part_dataset_2025_07_23,headset,AKG K142HD,AKG,K142HD,headset:akg:k142hd,curated_alias,reference_only_needs_verification,needs_review,False,1,Black;Silver,False,over_ear,False,False,closed,"18,24",general,communication,100.0,108.0,frequency_units_ambiguous;unverified_reference_source
2e7511296189ae16246b,docyx_pc_part_dataset_2025_07_23,headset,AKG K267 TIESTO,AKG,K267 TIESTO,headset:akg:k267-tiesto,curated_alias,reference_only_needs_verification,needs_review,False,1,Black;Silver,False,over_ear,False,False,closed,"5,30",general,communication,100.0,108.0,frequency_units_ambiguous;unverified_reference_source
b124d347c75ab60cfc4d,docyx_pc_part_dataset_2025_07_23,headset,AKG K272 HD,AKG,K272 HD,headset:akg:k272-hd,curated_alias,reference_only_needs_verification,needs_review,False,1,Black;Silver,False,over_ear,False,False,closed,"16,28",general,communication,100.0,108.0,frequency_units_ambiguous;unverified_reference_source
d1c1f64fa5447be94187,docyx_pc_part_dataset_2025_07_23,headset,AKG K350AMA,AKG,K350AMA,headset:akg:k350ama,curated_alias,reference_only_needs_verification,needs_review,False,1,Purple,False,in_ear,False,False,closed,,general,communication,100.0,108.0,unverified_reference_source
afdbdaa06a6bb0443ded,docyx_pc_part_dataset_2025_07_23,headset,AKG K374SLV,AKG,K374SLV,headset:akg:k374slv,curated_alias,reference_only_needs_verification,needs_review,False,1,Black;Silver,False,in_ear,False,False,closed,"10,24",general,communication,100.0,108.0,frequency_units_ambiguous;unverified_reference_source
f9fda24283338f190254,docyx_pc_part_dataset_2025_07_23,headset,AKG K430WHT,AKG,K430WHT,headset:akg:k430wht,curated_alias,reference_only_needs_verification,needs_review,False,1,White,False,over_ear,False,False,closed,"12,28",general,communication,100.0,108.0,frequency_units_ambiguous;unverified_reference_source
6db8e0c3ffa7f3a4eddc,docyx_pc_part_dataset_2025_07_23,headset,AKG K451BLK,AKG,K451BLK,headset:akg:k451blk,curated_alias,reference_only_needs_verification,needs_review,False,1,Black;Silver,False,on_ear,False,False,closed,"11,29.5",general,communication,100.0,108.0,frequency_units_ambiguous;unverified_reference_source
dd73fb836a7ad317db6d,docyx_pc_part_dataset_2025_07_23,headset,AKG K490 NC,AKG,K490 NC,headset:akg:k490-nc,curated_alias,reference_only_needs_verification,needs_review,False,1,Black;Silver,False,over_ear,False,False,closed,"20,20",general,communication,100.0,108.0,frequency_units_ambiguous;unverified_reference_source
610554856e4a6321bcd7,docyx_pc_part_dataset_2025_07_23,headset,AKG K512 MKII,AKG,K512 MKII,headset:akg:k512-mkii,curated_alias,reference_only_needs_verification,needs_review,False,1,Black;Silver,False,over_ear,False,False,closed,"16,20",general,communication,100.0,108.0,frequency_units_ambiguous;unverified_reference_source
a835f3ad888b5199c52b,docyx_pc_part_dataset_2025_07_23,headset,AKG K514 MKII,AKG,K514 MKII,headset:akg:k514-mkii,curated_alias,reference_only_needs_verification,needs_review,False,1,Gray;White,False,on_ear,False,False,closed,"16,22",general,communication,100.0,108.0,frequency_units_ambiguous;unverified_reference_source
52c34aedbcca68e7abdd,docyx_pc_part_dataset_2025_07_23,headset,AKG K518LE,AKG,K518LE,headset:akg:k518le,curated_alias,reference_only_needs_verification,needs_review,False,1,Black;Yellow,False,over_ear,False,False,closed,"16,24",general,communication,100.0,108.0,frequency_units_ambiguous;unverified_reference_source
a053c772b926397d82fc,docyx_pc_part_dataset_2025_07_23,headset,AKG K518LERED,AKG,K518LERED,headset:akg:k518lered,curated_alias,reference_only_needs_verification,needs_review,False,1,Black;Red,False,over_ear,False,False,closed,"16,24",general,communication,100.0,108.0,frequency_units_ambiguous;unverified_reference_source
e4869269beeccb62059a,docyx_pc_part_dataset_2025_07_23,headset,AKG K518LEWHT,AKG,K518LEWHT,headset:akg:k518lewht,curated_alias,reference_only_needs_verification,needs_review,False,1,Black;White,False,over_ear,False,False,closed,"16,24",general,communication,100.0,108.0,frequency_units_ambiguous;unverified_reference_source
b36673c85c16bf1d4561,docyx_pc_part_dataset_2025_07_23,headset,AKG K618 DJ,AKG,K618 DJ,headset:akg:k618-dj,curated_alias,reference_only_needs_verification,needs_review,False,1,Black,False,on_ear,False,False,closed,,general,communication,100.0,108.0,unverified_reference_source
159b1637e4478c858fe0,docyx_pc_part_dataset_2025_07_23,headset,AKG K830BT,AKG,K830BT,headset:akg:k830bt,curated_alias,reference_only_needs_verification,needs_review,False,1,Black,False,on_ear,False,False,closed,"18,20",general,communication,100.0,108.0,frequency_units_ambiguous;unverified_reference_source
f4bdb883f44c32f21417,docyx_pc_part_dataset_2025_07_23,headset,AKG K840 KL,AKG,K840 KL,headset:akg:k840-kl,curated_alias,reference_only_needs_verification,needs_review,False,1,Black;Silver,False,on_ear,False,False,closed,"10,31",general,communication,100.0,108.0,frequency_units_ambiguous;unverified_reference_source
02da8d8d6cbc6eaa2dec,docyx_pc_part_dataset_2025_07_23,headset,Altec Lansing 021986802631,Altec,Lansing 021986802631,headset:altec:lansing-021986802631,inferred_first_token,reference_only_needs_verification,needs_review,False,1,Gray;White,True,in_ear,False,False,closed,"20,20",general,communication,100.0,108.0,frequency_units_ambiguous;unverified_reference_source
7a0f1515db7abfed8664,docyx_pc_part_dataset_2025_07_23,headset,Altec Lansing 021986802662,Altec,Lansing 021986802662,headset:altec:lansing-021986802662,inferred_first_token,reference_only_needs_verification,needs_review,False,1,Black;Gray,True,in_ear,False,False,closed,"20,20",general,communication,100.0,108.0,frequency_units_ambiguous;unverified_reference_source
c1968339ac7f23b3b84d,docyx_pc_part_dataset_2025_07_23,headset,Altec Lansing MZX106W,Altec,Lansing MZX106W,headset:altec:lansing-mzx106w,inferred_first_token,reference_only_needs_verification,needs_review,False,1,Black;White,True,in_ear,False,False,closed,"20,20",general,communication,100.0,108.0,frequency_units_ambiguous;unverified_reference_source
c6ab27128b4d281c63eb,docyx_pc_part_dataset_2025_07_23,headset,Altec Lansing MZX436R,Altec,Lansing MZX436R,headset:altec:lansing-mzx436r,inferred_first_token,reference_only_needs_verification,needs_review,False,1,Black;Pink,True,in_ear,False,False,closed,,general,communication,100.0,108.0,unverified_reference_source
2ca873bd05f837b12757,docyx_pc_part_dataset_2025_07_23,headset,Behringer HPX4000,Behringer,HPX4000,headset:behringer:hpx4000,inferred_first_token,reference_only_needs_verification,needs_review,False,1,Black,True,over_ear,False,False,closed,,general,communication,100.0,108.0,unverified_reference_source
094073c60c2719e6b60b,docyx_pc_part_dataset_2025_07_23,headset,Beyerdynamic Custom One Pro,Beyerdynamic,Custom One Pro,headset:beyerdynamic:custom-one-pro,curated_alias,reference_only_needs_verification,needs_review,False,1,Black,False,over_ear,False,False,closed,"5,35",general,communication,100.0,108.0,frequency_units_ambiguous;unverified_reference_source
3bb90175660eeb7b1cd9,docyx_pc_part_dataset_2025_07_23,headset,Beyerdynamic Custom One Pro (White),Beyerdynamic,Custom One Pro (White),headset:beyerdynamic:custom-one-pro-white,curated_alias,reference_only_needs_verification,needs_review,False,1,White,False,over_ear,False,False,closed,"5,35",general,communication,100.0,108.0,frequency_units_ambiguous;unverified_reference_source
073c5b49fd27ec209769,docyx_pc_part_dataset_2025_07_23,headset,Beyerdynamic DT 770 PRO HT,Beyerdynamic,DT 770 PRO HT,headset:beyerdynamic:dt-770-pro-ht,curated_alias,reference_only_needs_verification,needs_review,False,1,Black;Silver,False,over_ear,False,False,closed,"5,35",general,communication,100.0,108.0,frequency_units_ambiguous;unverified_reference_source
b535555f7f86d815951b,docyx_pc_part_dataset_2025_07_23,headset,Beyerdynamic DT 770 PRO X Limited Edition,Beyerdynamic,DT 770 PRO X Limited Edition,headset:beyerdynamic:dt-770-pro-x-limited-edition,curated_alias,reference_only_needs_verification,needs_review,False,1,Black;Gray,False,over_ear,False,False,closed,"5,40",general,communication,100.0,108.0,frequency_units_ambiguous;unverified_reference_source
9da13610c8a32190c930,docyx_pc_part_dataset_2025_07_23,headset,Beyerdynamic DTX 101 iE,Beyerdynamic,DTX 101 iE,headset:beyerdynamic:dtx-101-ie,curated_alias,reference_only_needs_verification,needs_review,False,1,Black;Silver,False,in_ear,False,False,closed,"10,23",general,communication,100.0,108.0,frequency_units_ambiguous;unverified_reference_source
a54370e6f14dde35a59b,docyx_pc_part_dataset_2025_07_23,headset,Beyerdynamic DTX 41 iE,Beyerdynamic,DTX 41 iE,headset:beyerdynamic:dtx-41-ie,curated_alias,reference_only_needs_verification,needs_review,False,1,Black;Purple,False,in_ear,False,False,closed,"15,20",general,communication,100.0,108.0,frequency_units_ambiguous;unverified_reference_source
21b7deb04d8363752dd1,docyx_pc_part_dataset_2025_07_23,headset,Beyerdynamic DTX 501 p,Beyerdynamic,DTX 501 p,headset:beyerdynamic:dtx-501-p,curated_alias,reference_only_needs_verification,needs_review,False,2,Black;Silver;White,False,on_ear,False,False,closed,"20,20",general,communication,100.0,108.0,frequency_units_ambiguous;unverified_reference_source;identity_duplicates_collapsed
7ead70ef7ee4752f58b1,docyx_pc_part_dataset_2025_07_23,headset,Beyerdynamic DTX 71 iE,Beyerdynamic,DTX 71 iE,headset:beyerdynamic:dtx-71-ie,curated_alias,reference_only_needs_verification,needs_review,False,2,Black;Gray;Red,False,in_ear,False,False,closed,"20,22",general,communication,100.0,108.0,frequency_units_ambiguous;unverified_reference_source;identity_duplicates_collapsed
d5340a3a6d106900e702,docyx_pc_part_dataset_2025_07_23,headset,Beyerdynamic MMX 101 iE,Beyerdynamic,MMX 101 iE,headset:beyerdynamic:mmx-101-ie,curated_alias,reference_only_needs_verification,needs_review,False,1,Black,False,in_ear,False,False,closed,"10,23",general,communication,100.0,108.0,frequency_units_ambiguous;unverified_reference_source
0a1ec7829ba8b349d445,docyx_pc_part_dataset_2025_07_23,headset,Beyerdynamic Tesla T50p,Beyerdynamic,Tesla T50p,headset:beyerdynamic:tesla-t50p,curated_alias,reference_only_needs_verification,needs_review,False,1,Black;Silver,False,on_ear,False,False,closed,"10,23",general,communication,100.0,108.0,frequency_units_ambiguous;unverified_reference_source
c059ad0a385337385d89,docyx_pc_part_dataset_2025_07_23,headset,Beyerdynamic Trendline Racing Green MMX 41 iE,Beyerdynamic,Trendline Racing Green MMX 41 iE,headset:beyerdynamic:trendline-racing-green-mmx-41-ie,curated_alias,reference_only_needs_verification,needs_review,False,1,Black;Green,False,in_ear,False,False,closed,"15,20",general,communication,100.0,108.0,frequency_units_ambiguous;unverified_reference_source
c49de586e297949a7fce,docyx_pc_part_dataset_2025_07_23,headset,Beyerdynamic Trendline Virginia Rose MMX 41 iE,Beyerdynamic,Trendline Virginia Rose MMX 41 iE,headset:beyerdynamic:trendline-virginia-rose-mmx-41-ie,curated_alias,reference_only_needs_verification,needs_review,False,1,Black;Purple,False,in_ear,False,False,closed,"15,20",general,communication,100.0,108.0,frequency_units_ambiguous;unverified_reference_source
fc149c34fc0c8bec6801,docyx_pc_part_dataset_2025_07_23,headset,Biostar iDEQ N20,Biostar,iDEQ N20,headset:biostar:ideq-n20,inferred_first_token,reference_only_needs_verification,needs_review,False,1,Black;Blue,True,on_ear,False,False,closed,,general,communication,100.0,108.0,unverified_reference_source
0197316bf758c5b4488e,docyx_pc_part_dataset_2025_07_23,headset,Creative Labs 51EF0480AA002,Creative,Labs 51EF0480AA002,headset:creative:labs-51ef0480aa002,curated_alias,reference_only_needs_verification,needs_review,False,1,Black;Silver,False,in_ear,False,True,closed,"20,20",general;portable,portable,100.0,108.0,frequency_units_ambiguous;unverified_reference_source
1465ddb2ff9c827b4274,docyx_pc_part_dataset_2025_07_23,headset,Creative Labs 51EF0610AA010,Creative,Labs 51EF0610AA010,headset:creative:labs-51ef0610aa010,curated_alias,reference_only_needs_verification,needs_review,False,1,Black;Blue,False,in_ear,False,False,closed,"6,23",general,communication,100.0,108.0,frequency_units_ambiguous;unverified_reference_source
f47dba5ed6f73cf05668,docyx_pc_part_dataset_2025_07_23,headset,Creative Labs 51MZ0210AA007,Creative,Labs 51MZ0210AA007,headset:creative:labs-51mz0210aa007,curated_alias,reference_only_needs_verification,needs_review,False,1,Black;Silver,False,on_ear,False,False,closed,"20,20",general,communication,100.0,108.0,frequency_units_ambiguous;unverified_reference_source
5e800061a9159546dc5f,docyx_pc_part_dataset_2025_07_23,headset,Creative Labs 70GH030000000,Creative,Labs 70GH030000000,headset:creative:labs-70gh030000000,curated_alias,reference_only_needs_verification,needs_review,False,1,Black,False,on_ear,False,True,closed,"20,20",general;portable,portable,100.0,108.0,frequency_units_ambiguous;unverified_reference_source
1e7b983a54c4c36cdf7b,docyx_pc_part_dataset_2025_07_23,headset,Creative Labs Aurvana In-Ear2,Creative,Labs Aurvana In-Ear2,headset:creative:labs-aurvana-in-ear2,curated_alias,reference_only_needs_verification,needs_review,False,1,Black;Silver,False,in_ear,False,False,closed,"15,16",general,communication,100.0,108.0,frequency_units_ambiguous;unverified_reference_source
03da9480383d7cc7f81f,docyx_pc_part_dataset_2025_07_23,headset,Creative Labs Aurvana In-Ear3,Creative,Labs Aurvana In-Ear3,headset:creative:labs-aurvana-in-ear3,curated_alias,reference_only_needs_verification,needs_review,False,1,Black;Silver,False,in_ear,False,False,closed,"10,17",general,communication,100.0,108.0,frequency_units_ambiguous;unverified_reference_source
1875a705e0ea5e0d143a,docyx_pc_part_dataset_2025_07_23,headset,Creative Labs Aurvana Live!,Creative,Labs Aurvana Live!,headset:creative:labs-aurvana-live,curated_alias,reference_only_needs_verification,needs_review,False,2,Black,False,over_ear,False,False,closed,"10,30",general,communication,100.0,108.0,frequency_units_ambiguous;unverified_reference_source;identity_duplicates_collapsed
f613bec86db70f70e61c,docyx_pc_part_dataset_2025_07_23,headset,Creative Labs EF0330AA001,Creative,Labs EF0330AA001,headset:creative:labs-ef0330aa001,curated_alias,reference_only_needs_verification,needs_review,False,1,Black;Silver,False,on_ear,False,False,closed,,general,communication,100.0,108.0,unverified_reference_source
208a9de73a1bcea3fee3,docyx_pc_part_dataset_2025_07_23,headset,Creative Labs EP-630,Creative,Labs EP-630,headset:creative:labs-ep-630,curated_alias,reference_only_needs_verification,needs_review,False,1,Black;Silver,False,in_ear,False,False,closed,"6,23",general,communication,100.0,108.0,frequency_units_ambiguous;unverified_reference_source
550b653afcf4a643508a,docyx_pc_part_dataset_2025_07_23,headset,Creative Labs EP-660,Creative,Labs EP-660,headset:creative:labs-ep-660,curated_alias,reference_only_needs_verification,needs_review,False,1,Black;Silver,False,in_ear,False,False,closed,"6,23",general,communication,100.0,108.0,frequency_units_ambiguous;unverified_reference_source
88dc91e8a4873afc35d9,docyx_pc_part_dataset_2025_07_23,headset,Creative Labs EP-830,Creative,Labs EP-830,headset:creative:labs-ep-830,curated_alias,reference_only_needs_verification,needs_review,False,1,Black;Silver,False,in_ear,False,False,closed,"6,23",general,communication,100.0,108.0,frequency_units_ambiguous;unverified_reference_source
cfffb989232fdb0c8117,docyx_pc_part_dataset_2025_07_23,headset,Creative Labs HQ-1450,Creative,Labs HQ-1450,headset:creative:labs-hq-1450,curated_alias,reference_only_needs_verification,needs_review,False,1,Black;Silver,False,on_ear,False,False,closed,"20,20",general,communication,100.0,108.0,frequency_units_ambiguous;unverified_reference_source
a171911ef7db1c006b15,docyx_pc_part_dataset_2025_07_23,headset,Creative Labs HQ-1600,Creative,Labs HQ-1600,headset:creative:labs-hq-1600,curated_alias,reference_only_needs_verification,needs_review,False,1,Beige;Black,False,over_ear,False,False,closed,"20,20",general,communication,100.0,108.0,frequency_units_ambiguous;unverified_reference_source
baca1cb6f31e50d16fd6,docyx_pc_part_dataset_2025_07_23,headset,Creative Labs Hn-900,Creative,Labs Hn-900,headset:creative:labs-hn-900,curated_alias,reference_only_needs_verification,needs_review,False,1,Black;Silver,False,over_ear,False,True,closed,"20,20",general;portable,portable,100.0,108.0,frequency_units_ambiguous;unverified_reference_source
5a8b51e2307c55398a91,docyx_pc_part_dataset_2025_07_23,headset,Creative Labs MA200,Creative,Labs MA200,headset:creative:labs-ma200,curated_alias,reference_only_needs_verification,needs_review,False,2,Black;Purple;Red;White,False,in_ear,False,False,closed,"8,22",general,communication,100.0,108.0,frequency_units_ambiguous;unverified_reference_source;identity_duplicates_collapsed
b64a2428176dc7f725ef,docyx_pc_part_dataset_2025_07_23,headset,Creative Labs Sound Blaster EVO,Creative,Labs Sound Blaster EVO,headset:creative:labs-sound-blaster-evo,curated_alias,reference_only_needs_verification,needs_review,False,1,Black;Red,False,over_ear,False,False,closed,,general,communication,100.0,108.0,unverified_reference_source
644884863e320e3e43af,docyx_pc_part_dataset_2025_07_23,headset,Creative Labs WP-300,Creative,Labs WP-300,headset:creative:labs-wp-300,curated_alias,reference_only_needs_verification,needs_review,False,1,Black,False,over_ear,False,True,closed,"18,22",general;portable,portable,100.0,108.0,frequency_units_ambiguous;unverified_reference_source
62c443bf6cb11ddbde9e,docyx_pc_part_dataset_2025_07_23,headset,Creative Labs ZEN AURVANA,Creative,Labs ZEN AURVANA,headset:creative:labs-zen-aurvana,curated_alias,reference_only_needs_verification,needs_review,False,1,Black,False,in_ear,False,False,closed,"20,20",general,communication,100.0,108.0,frequency_units_ambiguous;unverified_reference_source
8693818d4c0bd5ca7d1a,docyx_pc_part_dataset_2025_07_23,headset,Cyber Acoustics ACM-62B,Cyber Acoustics,ACM-62B,headset:cyber-acoustics:acm-62b,curated_alias,reference_only_needs_verification,needs_review,False,1,Black,False,on_ear,False,False,closed,"20,18",general,communication,100.0,108.0,frequency_units_ambiguous;unverified_reference_source
3cc489457e3893c8fbf1,docyx_pc_part_dataset_2025_07_23,headset,Cyber Acoustics HE200RB,Cyber Acoustics,HE200RB,headset:cyber-acoustics:he200rb,curated_alias,reference_only_needs_verification,needs_review,False,1,Black;Silver,False,on_ear,False,False,closed,,general,communication,100.0,108.0,unverified_reference_source
13213b175c456546daf5,docyx_pc_part_dataset_2025_07_23,headset,Denon AH-D9200EM,Denon,AH-D9200EM,headset:denon:ah-d9200em,inferred_first_token,reference_only_needs_verification,needs_review,False,1,Black;Brown,True,over_ear,False,False,closed,"5,56",general,communication,100.0,108.0,frequency_units_ambiguous;unverified_reference_source
46914b9e6c976e61de48,docyx_pc_part_dataset_2025_07_23,headset,Etymotic Research ER3 Extended Response,Etymotic,Research ER3 Extended Response,headset:etymotic:research-er3-extended-response,inferred_first_token,reference_only_needs_verification,needs_review,False,1,,True,in_ear,False,False,closed,"20,16",general,communication,100.0,108.0,frequency_units_ambiguous;unverified_reference_source
87a8222c83a0e7f6b873,docyx_pc_part_dataset_2025_07_23,headset,Etymotic Research ER3 Studio Edition,Etymotic,Research ER3 Studio Edition,headset:etymotic:research-er3-studio-edition,inferred_first_token,reference_only_needs_verification,needs_review,False,1,,True,in_ear,False,False,closed,"20,16",general,communication,100.0,108.0,frequency_units_ambiguous;unverified_reference_source
29a3fa84fcdc35101cad,docyx_pc_part_dataset_2025_07_23,headset,Etymotic Research ER4 Extended Response,Etymotic,Research ER4 Extended Response,headset:etymotic:research-er4-extended-response,inferred_first_token,reference_only_needs_verification,needs_review,False,1,,True,in_ear,False,False,closed,"20,16",general,communication,100.0,108.0,frequency_units_ambiguous;unverified_reference_source
4e61eff829746449fc19,docyx_pc_part_dataset_2025_07_23,headset,Etymotic Research ER4 Studio Reference,Etymotic,Research ER4 Studio Reference,headset:etymotic:research-er4-studio-reference,inferred_first_token,reference_only_needs_verification,needs_review,False,1,,True,in_ear,False,False,closed,"20,16",general,communication,100.0,108.0,frequency_units_ambiguous;unverified_reference_source
d7e19518fb1688192b02,docyx_pc_part_dataset_2025_07_23,headset,Final VR3000 for Gaming,Final,VR3000 for Gaming,headset:final:vr3000-for-gaming,inferred_first_token,reference_only_needs_verification,needs_review,False,1,Black,True,in_ear,False,False,closed,,general,communication,100.0,108.0,unverified_reference_source
46cfdcd7b4754f2b9938,docyx_pc_part_dataset_2025_07_23,headset,Gigabyte GP-FLY,Gigabyte,GP-FLY,headset:gigabyte:gp-fly,curated_alias,reference_only_needs_verification,needs_review,False,1,Black;Silver,False,on_ear,False,False,closed,"15,20",general,communication,100.0,108.0,frequency_units_ambiguous;unverified_reference_source
2a603029c2ead6c123af,docyx_pc_part_dataset_2025_07_23,headset,Gigabyte GP-H11,Gigabyte,GP-H11,headset:gigabyte:gp-h11,curated_alias,reference_only_needs_verification,needs_review,False,1,White,False,in_ear,False,False,closed,"150,20",general,communication,100.0,108.0,frequency_units_ambiguous;unverified_reference_source
716c37f75221251e63b9,docyx_pc_part_dataset_2025_07_23,headset,HiFiMAN RE-600 V2 Songbird,HiFiMAN,RE-600 V2 Songbird,headset:hifiman:re-600-v2-songbird,curated_alias,reference_only_needs_verification,needs_review,False,1,Black,False,in_ear,False,False,closed,"15,22",general,communication,100.0,108.0,frequency_units_ambiguous;unverified_reference_source
cb2a058acbafe9b5a5af,docyx_pc_part_dataset_2025_07_23,headset,HiFiMAN RE300a,HiFiMAN,RE300a,headset:hifiman:re300a,curated_alias,reference_only_needs_verification,needs_review,False,2,Black;White,False,in_ear,False,False,closed,"20,20",general,communication,100.0,108.0,frequency_units_ambiguous;unverified_reference_source;identity_duplicates_collapsed
2890f0594e8a71a035e4,docyx_pc_part_dataset_2025_07_23,headset,HiFiMAN RE300i,HiFiMAN,RE300i,headset:hifiman:re300i,curated_alias,reference_only_needs_verification,needs_review,False,1,White,False,in_ear,False,False,closed,"20,20",general,communication,100.0,108.0,frequency_units_ambiguous;unverified_reference_source
364c1e6da0c8480a2709,docyx_pc_part_dataset_2025_07_23,headset,HiFiMAN RE400a,HiFiMAN,RE400a,headset:hifiman:re400a,curated_alias,reference_only_needs_verification,needs_review,False,1,Black;Silver,False,in_ear,False,False,closed,"15,22",general,communication,100.0,108.0,frequency_units_ambiguous;unverified_reference_source
d5a6557804470c66bd4a,docyx_pc_part_dataset_2025_07_23,headset,HiFiMAN RE400i,HiFiMAN,RE400i,headset:hifiman:re400i,curated_alias,reference_only_needs_verification,needs_review,False,1,Black;Silver,False,in_ear,False,False,closed,"15,22",general,communication,100.0,108.0,frequency_units_ambiguous;unverified_reference_source
5e38e9fe4acda2960f47,docyx_pc_part_dataset_2025_07_23,headset,HiFiMAN TWS600,HiFiMAN,TWS600,headset:hifiman:tws600,curated_alias,reference_only_needs_verification,needs_review,False,1,Black,False,in_ear,False,True,closed,"20,20",general;portable,portable,100.0,108.0,frequency_units_ambiguous;unverified_reference_source
2468af823f7f7afcd239,docyx_pc_part_dataset_2025_07_23,headset,JVC HA-RX500,JVC,HA-RX500,headset:jvc:ha-rx500,inferred_first_token,reference_only_needs_verification,needs_review,False,1,Black;White,True,over_ear,False,False,closed,"10,22",general,communication,100.0,108.0,frequency_units_ambiguous;unverified_reference_source
94c900c22bb66e353835,docyx_pc_part_dataset_2025_07_23,headset,JVC HARX700,JVC,HARX700,headset:jvc:harx700,inferred_first_token,reference_only_needs_verification,needs_review,False,1,Black,True,over_ear,False,False,closed,"8,25",general,communication,100.0,108.0,frequency_units_ambiguous;unverified_reference_source
bf37a1897205519430c4,docyx_pc_part_dataset_2025_07_23,headset,JVC HARX900,JVC,HARX900,headset:jvc:harx900,inferred_first_token,reference_only_needs_verification,needs_review,False,1,Black,True,over_ear,False,False,closed,"7,26",general,communication,100.0,108.0,frequency_units_ambiguous;unverified_reference_source
0304d5ee78f89a19fdc0,docyx_pc_part_dataset_2025_07_23,headset,Kensington IVG-KMW33084,Kensington,IVG-KMW33084,headset:kensington:ivg-kmw33084,curated_alias,reference_only_needs_verification,needs_review,False,1,Black;Blue,False,on_ear,False,False,closed,,general,communication,100.0,108.0,unverified_reference_source
06ac4cfd08af87ea0982,docyx_pc_part_dataset_2025_07_23,headset,Kensington IVG-KMW33137,Kensington,IVG-KMW33137,headset:kensington:ivg-kmw33137,curated_alias,reference_only_needs_verification,needs_review,False,1,Black,False,on_ear,False,False,closed,,general,communication,100.0,108.0,unverified_reference_source
147ae023d9c709692977,docyx_pc_part_dataset_2025_07_23,headset,Koss CL3N,Koss,CL3N,headset:koss:cl3n,curated_alias,reference_only_needs_verification,needs_review,False,1,White,False,in_ear,False,False,closed,"60,20",general,communication,100.0,108.0,frequency_units_ambiguous;unverified_reference_source
04cc6f16ada81dc52c62,docyx_pc_part_dataset_2025_07_23,headset,Koss CLIPPER GREEN,Koss,CLIPPER GREEN,headset:koss:clipper-green,curated_alias,reference_only_needs_verification,needs_review,False,1,Green;White,False,on_ear,False,False,closed,"60,20",general,communication,100.0,108.0,frequency_units_ambiguous;unverified_reference_source
6ff7eb7da83b10dcdd34,docyx_pc_part_dataset_2025_07_23,headset,Koss CLIPPERS,Koss,CLIPPERS,headset:koss:clippers,curated_alias,reference_only_needs_verification,needs_review,False,1,Black;Silver,False,on_ear,False,False,closed,"60,20",general,communication,100.0,108.0,frequency_units_ambiguous;unverified_reference_source
3a8d92ecfdfd47af608c,docyx_pc_part_dataset_2025_07_23,headset,Koss JAMS AA,Koss,JAMS AA,headset:koss:jams-aa,curated_alias,reference_only_needs_verification,needs_review,False,1,Green;White,False,in_ear,False,False,closed,"40,20",general,communication,100.0,108.0,frequency_units_ambiguous;unverified_reference_source
ddf256fb4410fbb4fea8,docyx_pc_part_dataset_2025_07_23,headset,Koss KDE250,Koss,KDE250,headset:koss:kde250,curated_alias,reference_only_needs_verification,needs_review,False,1,Black;Silver,False,in_ear,False,False,closed,"40,20",general,communication,100.0,108.0,frequency_units_ambiguous;unverified_reference_source
26fc80ab9eb9ab21e8db,docyx_pc_part_dataset_2025_07_23,headset,Koss KE8Z,Koss,KE8Z,headset:koss:ke8z,curated_alias,reference_only_needs_verification,needs_review,False,1,Black,False,in_ear,False,False,closed,"60,20",general,communication,100.0,108.0,frequency_units_ambiguous;unverified_reference_source
bc9bd063c91b5638e3ea,docyx_pc_part_dataset_2025_07_23,headset,Koss KEB30K,Koss,KEB30K,headset:koss:keb30k,curated_alias,reference_only_needs_verification,needs_review,False,1,Black;Silver,False,in_ear,False,False,closed,"15,20",general,communication,100.0,108.0,frequency_units_ambiguous;unverified_reference_source
ba593590427352381f8d,docyx_pc_part_dataset_2025_07_23,headset,Koss KEB40,Koss,KEB40,headset:koss:keb40,curated_alias,reference_only_needs_verification,needs_review,False,1,Black;Silver,False,in_ear,False,False,closed,,general,communication,100.0,108.0,unverified_reference_source
9f57463b334ef1bd5427,docyx_pc_part_dataset_2025_07_23,headset,Koss KMO10G,Koss,KMO10G,headset:koss:kmo10g,curated_alias,reference_only_needs_verification,needs_review,False,1,Camo,False,in_ear,False,False,closed,"60,20",general,communication,100.0,108.0,frequency_units_ambiguous;unverified_reference_source
5708cdec127a025c0342,docyx_pc_part_dataset_2025_07_23,headset,Koss KMO10P,Koss,KMO10P,headset:koss:kmo10p,curated_alias,reference_only_needs_verification,needs_review,False,1,Pink,False,in_ear,False,False,closed,"60,20",general,communication,100.0,108.0,frequency_units_ambiguous;unverified_reference_source
a4bdddc516c21ef0c812,docyx_pc_part_dataset_2025_07_23,headset,Koss KMO15G,Koss,KMO15G,headset:koss:kmo15g,curated_alias,reference_only_needs_verification,needs_review,False,1,Camo,False,on_ear,False,False,closed,"80,20",general,communication,100.0,108.0,frequency_units_ambiguous;unverified_reference_source
3047422ff722affcc55f,docyx_pc_part_dataset_2025_07_23,headset,Koss KMO15P,Koss,KMO15P,headset:koss:kmo15p,curated_alias,reference_only_needs_verification,needs_review,False,1,Camo,False,on_ear,False,False,closed,"80,20",general,communication,100.0,108.0,frequency_units_ambiguous;unverified_reference_source
f835fb055bed978befa7,docyx_pc_part_dataset_2025_07_23,headset,Koss KMO20G,Koss,KMO20G,headset:koss:kmo20g,curated_alias,reference_only_needs_verification,needs_review,False,1,Camo,False,over_ear,False,False,closed,,general,communication,100.0,108.0,unverified_reference_source
46a5883e31fbf66dc73a,docyx_pc_part_dataset_2025_07_23,headset,Koss KMO5G,Koss,KMO5G,headset:koss:kmo5g,curated_alias,reference_only_needs_verification,needs_review,False,1,Green,False,in_ear,False,False,closed,"60,20",general,communication,100.0,108.0,frequency_units_ambiguous;unverified_reference_source
3397666bc09325fef00f,docyx_pc_part_dataset_2025_07_23,headset,Koss KMO5P,Koss,KMO5P,headset:koss:kmo5p,curated_alias,reference_only_needs_verification,needs_review,False,1,Camo,False,in_ear,False,False,closed,,general,communication,100.0,108.0,unverified_reference_source
8f5cfe117dd0bf2d6ac1,docyx_pc_part_dataset_2025_07_23,headset,Koss KSC17,Koss,KSC17,headset:koss:ksc17,curated_alias,reference_only_needs_verification,needs_review,False,1,Black;Silver,False,on_ear,False,False,closed,"40,20",general,communication,100.0,108.0,frequency_units_ambiguous;unverified_reference_source
389bdc3dcf0010febc40,docyx_pc_part_dataset_2025_07_23,headset,Koss Ktxpro1,Koss,Ktxpro1,headset:koss:ktxpro1,curated_alias,reference_only_needs_verification,needs_review,False,1,Blue;Silver,False,on_ear,False,False,closed,,general,communication,100.0,108.0,unverified_reference_source
09f8837484a3a812eda5,docyx_pc_part_dataset_2025_07_23,headset,Koss MIRAGE PINK,Koss,MIRAGE PINK,headset:koss:mirage-pink,curated_alias,reference_only_needs_verification,needs_review,False,1,Pink;White,False,in_ear,False,False,closed,"15,20",general,communication,100.0,108.0,frequency_units_ambiguous;unverified_reference_source
93af1383cd8c4e7568da,docyx_pc_part_dataset_2025_07_23,headset,Koss Mix Jockey Dj,Koss,Mix Jockey Dj,headset:koss:mix-jockey-dj,curated_alias,reference_only_needs_verification,needs_review,False,1,Black;Silver,False,over_ear,False,False,closed,,general,communication,100.0,108.0,unverified_reference_source
184820405658a5c1016e,docyx_pc_part_dataset_2025_07_23,headset,Koss PORTAPROKTC,Koss,PORTAPROKTC,headset:koss:portaproktc,curated_alias,reference_only_needs_verification,needs_review,False,1,Black;Silver,False,on_ear,False,False,closed,"15,25",general,communication,100.0,108.0,frequency_units_ambiguous;unverified_reference_source
7e3fb26d804e8f5c4789,docyx_pc_part_dataset_2025_07_23,headset,Koss PRODJ100,Koss,PRODJ100,headset:koss:prodj100,curated_alias,reference_only_needs_verification,needs_review,False,1,Black;Silver,False,over_ear,False,False,closed,,general,communication,100.0,108.0,unverified_reference_source
221adf98621fd134fba8,docyx_pc_part_dataset_2025_07_23,headset,Koss Pathfinder,Koss,Pathfinder,headset:koss:pathfinder,curated_alias,reference_only_needs_verification,needs_review,False,1,Black;White,False,in_ear,False,False,closed,,general,communication,100.0,108.0,unverified_reference_source
48a793ad06c441ecd56e,docyx_pc_part_dataset_2025_07_23,headset,Koss UR22V,Koss,UR22V,headset:koss:ur22v,curated_alias,reference_only_needs_verification,needs_review,False,1,Black,False,over_ear,False,False,closed,"20,20",general,communication,100.0,108.0,frequency_units_ambiguous;unverified_reference_source
7cae338cb7ee874655ec,docyx_pc_part_dataset_2025_07_23,headset,LyxPro HAS-30,LyxPro,HAS-30,headset:lyxpro:has-30,inferred_first_token,reference_only_needs_verification,needs_review,False,1,Black,True,over_ear,False,False,closed,"15,26",general,communication,100.0,108.0,frequency_units_ambiguous;unverified_reference_source
8ff0e6f769df1005a05b,docyx_pc_part_dataset_2025_07_23,headset,Mad Catz F.R.E.Q. 3,Mad Catz,F.R.E.Q. 3,headset:mad-catz:f-r-e-q-3,curated_alias,reference_only_needs_verification,needs_review,False,3,Black;Red;Silver;White,False,over_ear,False,False,closed,"20,20",general,communication,100.0,108.0,frequency_units_ambiguous;unverified_reference_source;identity_duplicates_collapsed
e8882bad02b3d66fcc79,docyx_pc_part_dataset_2025_07_23,headset,Mad Catz Titanfall F.R.E.Q.4D,Mad Catz,Titanfall F.R.E.Q.4D,headset:mad-catz:titanfall-f-r-e-q-4d,curated_alias,reference_only_needs_verification,needs_review,False,1,Orange;White,False,over_ear,False,False,closed,"20,20",general,communication,100.0,108.0,frequency_units_ambiguous;unverified_reference_source
13eae4b13fc967ec9b46,docyx_pc_part_dataset_2025_07_23,headset,Meze Audio 99 Neo,Meze,Audio 99 Neo,headset:meze:audio-99-neo,inferred_first_token,reference_only_needs_verification,needs_review,False,1,Black,True,over_ear,False,False,closed,"15,25",general,communication,100.0,108.0,frequency_units_ambiguous;unverified_reference_source
5b01131a1edf312dc43f,docyx_pc_part_dataset_2025_07_23,headset,Monoprice Monolith M560,Monoprice,Monolith M560,headset:monoprice:monolith-m560,curated_alias,reference_only_needs_verification,needs_review,False,1,Black;Brown,False,over_ear,False,False,closed,"16,40",general,communication,100.0,108.0,frequency_units_ambiguous;unverified_reference_source
f2b61138e6f29425fca2,docyx_pc_part_dataset_2025_07_23,headset,Panasonic RP-DH1250-S,Panasonic,RP-DH1250-S,headset:panasonic:rp-dh1250-s,curated_alias,reference_only_needs_verification,needs_review,False,1,Black;Silver,False,over_ear,False,False,closed,"5,30",general,communication,100.0,108.0,frequency_units_ambiguous;unverified_reference_source
3c54e4b797ba758481b2,docyx_pc_part_dataset_2025_07_23,headset,Panasonic RP-DJ1205-S,Panasonic,RP-DJ1205-S,headset:panasonic:rp-dj1205-s,curated_alias,reference_only_needs_verification,needs_review,False,1,Black;Silver,False,on_ear,False,False,closed,"5,30",general,communication,100.0,108.0,frequency_units_ambiguous;unverified_reference_source
d23d4e4e2f3f97a27809,docyx_pc_part_dataset_2025_07_23,headset,Panasonic RP-DJS200-K,Panasonic,RP-DJS200-K,headset:panasonic:rp-djs200-k,curated_alias,reference_only_needs_verification,needs_review,False,1,Black,False,on_ear,False,False,closed,"12,25",general,communication,100.0,108.0,frequency_units_ambiguous;unverified_reference_source
7e94c2955011a3e3ad7a,docyx_pc_part_dataset_2025_07_23,headset,Panasonic RP-DJS400-A,Panasonic,RP-DJS400-A,headset:panasonic:rp-djs400-a,curated_alias,reference_only_needs_verification,needs_review,False,1,Black;Blue,False,on_ear,False,False,closed,"10,27",general,communication,100.0,108.0,frequency_units_ambiguous;unverified_reference_source
7f523a5cb58779c4cadb,docyx_pc_part_dataset_2025_07_23,headset,Panasonic RP-DJS400-D,Panasonic,RP-DJS400-D,headset:panasonic:rp-djs400-d,curated_alias,reference_only_needs_verification,needs_review,False,1,Orange;White,False,on_ear,False,False,closed,"10,27",general,communication,100.0,108.0,frequency_units_ambiguous;unverified_reference_source
33895ba0ab66f27e8529,docyx_pc_part_dataset_2025_07_23,headset,Panasonic RP-DJS400-G,Panasonic,RP-DJS400-G,headset:panasonic:rp-djs400-g,curated_alias,reference_only_needs_verification,needs_review,False,1,Green;White,False,on_ear,False,False,closed,"10,27",general,communication,100.0,108.0,frequency_units_ambiguous;unverified_reference_source
413b042b4a541b73add6,docyx_pc_part_dataset_2025_07_23,headset,Panasonic RP-DJS400-K,Panasonic,RP-DJS400-K,headset:panasonic:rp-djs400-k,curated_alias,reference_only_needs_verification,needs_review,False,1,Black;Orange,False,over_ear,False,False,closed,"10,27",general,communication,100.0,108.0,frequency_units_ambiguous;unverified_reference_source
4fc231361d65e6f05a21,docyx_pc_part_dataset_2025_07_23,headset,Panasonic RP-DJS400-R,Panasonic,RP-DJS400-R,headset:panasonic:rp-djs400-r,curated_alias,reference_only_needs_verification,needs_review,False,1,Black;Red,False,on_ear,False,False,closed,"10,27",general,communication,100.0,108.0,frequency_units_ambiguous;unverified_reference_source
a52bed45a77ce75dbc97,docyx_pc_part_dataset_2025_07_23,headset,Panasonic RP-DJS400-W,Panasonic,RP-DJS400-W,headset:panasonic:rp-djs400-w,curated_alias,reference_only_needs_verification,needs_review,False,1,White,False,over_ear,False,False,closed,"10,27",general,communication,100.0,108.0,frequency_units_ambiguous;unverified_reference_source
4794a98aa298ccce42c5,docyx_pc_part_dataset_2025_07_23,headset,Panasonic RP-DJS400-Z,Panasonic,RP-DJS400-Z,headset:panasonic:rp-djs400-z,curated_alias,reference_only_needs_verification,needs_review,False,1,Pink;White,False,on_ear,False,False,closed,"10,27",general,communication,100.0,108.0,frequency_units_ambiguous;unverified_reference_source
3caf07634d1bccaf138f,docyx_pc_part_dataset_2025_07_23,headset,Panasonic RP-HC101-K,Panasonic,RP-HC101-K,headset:panasonic:rp-hc101-k,curated_alias,reference_only_needs_verification,needs_review,False,1,Black;Silver,False,on_ear,False,False,closed,"18,24",general,communication,100.0,108.0,frequency_units_ambiguous;unverified_reference_source
7c98f3f4509229a19357,docyx_pc_part_dataset_2025_07_23,headset,Panasonic RP-HC200-G,Panasonic,RP-HC200-G,headset:panasonic:rp-hc200-g,curated_alias,reference_only_needs_verification,needs_review,False,1,Black;Green,False,over_ear,False,False,closed,"10,24",general,communication,100.0,108.0,frequency_units_ambiguous;unverified_reference_source
b90c370706a781503a85,docyx_pc_part_dataset_2025_07_23,headset,Panasonic RP-HC200-K,Panasonic,RP-HC200-K,headset:panasonic:rp-hc200-k,curated_alias,reference_only_needs_verification,needs_review,False,1,Black,False,over_ear,False,False,closed,,general,communication,100.0,108.0,unverified_reference_source
c3ab6e266913de46f29f,docyx_pc_part_dataset_2025_07_23,headset,Panasonic RP-HC55-S,Panasonic,RP-HC55-S,headset:panasonic:rp-hc55-s,curated_alias,reference_only_needs_verification,needs_review,False,1,Black;Silver,False,in_ear,False,False,closed,"10,20",general,communication,100.0,108.0,frequency_units_ambiguous;unverified_reference_source
a20c52ffd7437cb80372,docyx_pc_part_dataset_2025_07_23,headset,Panasonic RP-HC56-K,Panasonic,RP-HC56-K,headset:panasonic:rp-hc56-k,curated_alias,reference_only_needs_verification,needs_review,False,1,Black;Silver,False,in_ear,False,False,closed,"10,20",general,communication,100.0,108.0,frequency_units_ambiguous;unverified_reference_source
edd8fa91d3e3284590b2,docyx_pc_part_dataset_2025_07_23,headset,Panasonic RP-HC720-K,Panasonic,RP-HC720-K,headset:panasonic:rp-hc720-k,curated_alias,reference_only_needs_verification,needs_review,False,1,Black,False,over_ear,False,False,closed,"10,30",general,communication,100.0,108.0,frequency_units_ambiguous;unverified_reference_source
152a1e9da601c8129de4,docyx_pc_part_dataset_2025_07_23,headset,Panasonic RP-HJC120-W,Panasonic,RP-HJC120-W,headset:panasonic:rp-hjc120-w,curated_alias,reference_only_needs_verification,needs_review,False,1,White,False,in_ear,False,False,closed,"20,20",general,communication,100.0,108.0,frequency_units_ambiguous;unverified_reference_source
7dcd5bfbd96e4d63ced3,docyx_pc_part_dataset_2025_07_23,headset,Panasonic RP-HJE120-A,Panasonic,RP-HJE120-A,headset:panasonic:rp-hje120-a,curated_alias,reference_only_needs_verification,needs_review,False,1,Blue;White,False,in_ear,False,False,closed,"20,20",general,communication,100.0,108.0,frequency_units_ambiguous;unverified_reference_source
f34810bdc014d4dc0481,docyx_pc_part_dataset_2025_07_23,headset,Panasonic RP-HJE120-D,Panasonic,RP-HJE120-D,headset:panasonic:rp-hje120-d,curated_alias,reference_only_needs_verification,needs_review,False,1,Orange;White,False,in_ear,False,False,closed,"20,20",general,communication,100.0,108.0,frequency_units_ambiguous;unverified_reference_source
c53f33d62386a56edfa8,docyx_pc_part_dataset_2025_07_23,headset,Panasonic RP-HJE120-G,Panasonic,RP-HJE120-G,headset:panasonic:rp-hje120-g,curated_alias,reference_only_needs_verification,needs_review,False,1,Green;White,False,in_ear,False,False,closed,"20,20",general,communication,100.0,108.0,frequency_units_ambiguous;unverified_reference_source
afd51d59e53ab00b0862,docyx_pc_part_dataset_2025_07_23,headset,Panasonic RP-HJE120-K,Panasonic,RP-HJE120-K,headset:panasonic:rp-hje120-k,curated_alias,reference_only_needs_verification,needs_review,False,1,Black,False,in_ear,False,False,closed,"20,20",general,communication,100.0,108.0,frequency_units_ambiguous;unverified_reference_source
137af85fa6644dfe8c06,docyx_pc_part_dataset_2025_07_23,headset,Panasonic RP-HJE120-P,Panasonic,RP-HJE120-P,headset:panasonic:rp-hje120-p,curated_alias,reference_only_needs_verification,needs_review,False,1,Pink;White,False,in_ear,False,False,closed,"20,20",general,communication,100.0,108.0,frequency_units_ambiguous;unverified_reference_source
9ee9fda67b31169f1e85,docyx_pc_part_dataset_2025_07_23,headset,Panasonic RP-HJE120-V,Panasonic,RP-HJE120-V,headset:panasonic:rp-hje120-v,curated_alias,reference_only_needs_verification,needs_review,False,1,Purple;White,False,in_ear,False,False,closed,"20,20",general,communication,100.0,108.0,frequency_units_ambiguous;unverified_reference_source
ace9a1435961a70f4251,docyx_pc_part_dataset_2025_07_23,headset,Panasonic RP-HJE125-K,Panasonic,RP-HJE125-K,headset:panasonic:rp-hje125-k,curated_alias,reference_only_needs_verification,needs_review,False,2,Black;Red,False,in_ear,False,False,closed,,general,communication,100.0,108.0,unverified_reference_source;identity_duplicates_collapsed
d27d2d84c92faa5c9b89,docyx_pc_part_dataset_2025_07_23,headset,Panasonic RP-HJE125-Y,Panasonic,RP-HJE125-Y,headset:panasonic:rp-hje125-y,curated_alias,reference_only_needs_verification,needs_review,False,1,Yellow,False,in_ear,False,False,closed,,general,communication,100.0,108.0,unverified_reference_source
00a569ca87eda5ecc982,docyx_pc_part_dataset_2025_07_23,headset,Panasonic RP-HJE140-A,Panasonic,RP-HJE140-A,headset:panasonic:rp-hje140-a,curated_alias,reference_only_needs_verification,needs_review,False,1,Blue,False,in_ear,False,False,closed,"6,25",general,communication,100.0,108.0,frequency_units_ambiguous;unverified_reference_source
207d172b5ba6dcac6607,docyx_pc_part_dataset_2025_07_23,headset,Panasonic RP-HJE140-D,Panasonic,RP-HJE140-D,headset:panasonic:rp-hje140-d,curated_alias,reference_only_needs_verification,needs_review,False,1,Orange;White,False,in_ear,False,False,closed,"6,25",general,communication,100.0,108.0,frequency_units_ambiguous;unverified_reference_source
bda69a1bcf76a196f8cb,docyx_pc_part_dataset_2025_07_23,headset,Panasonic RP-HJE140-G,Panasonic,RP-HJE140-G,headset:panasonic:rp-hje140-g,curated_alias,reference_only_needs_verification,needs_review,False,1,Green,False,in_ear,False,False,closed,"6,25",general,communication,100.0,108.0,frequency_units_ambiguous;unverified_reference_source
2e659d3b9fa6bc53846a,docyx_pc_part_dataset_2025_07_23,headset,Panasonic RP-HJE140-K,Panasonic,RP-HJE140-K,headset:panasonic:rp-hje140-k,curated_alias,reference_only_needs_verification,needs_review,False,1,Black,False,in_ear,False,False,closed,"6,25",general,communication,100.0,108.0,frequency_units_ambiguous;unverified_reference_source
b07571506b043762eb2d,docyx_pc_part_dataset_2025_07_23,headset,Panasonic RP-HJE140-R,Panasonic,RP-HJE140-R,headset:panasonic:rp-hje140-r,curated_alias,reference_only_needs_verification,needs_review,False,1,Red,False,in_ear,False,False,closed,"6,25",general,communication,100.0,108.0,frequency_units_ambiguous;unverified_reference_source
0f6518007db18a309ef1,docyx_pc_part_dataset_2025_07_23,headset,Panasonic RP-HJE180-W,Panasonic,RP-HJE180-W,headset:panasonic:rp-hje180-w,curated_alias,reference_only_needs_verification,needs_review,False,1,White,False,in_ear,False,False,closed,"6,25",general,communication,100.0,108.0,frequency_units_ambiguous;unverified_reference_source
39a46208165130bf658b,docyx_pc_part_dataset_2025_07_23,headset,Panasonic RP-HJE190-A,Panasonic,RP-HJE190-A,headset:panasonic:rp-hje190-a,curated_alias,reference_only_needs_verification,needs_review,False,1,Black;Blue,False,in_ear,False,False,closed,"6,24",general,communication,100.0,108.0,frequency_units_ambiguous;unverified_reference_source
677a8798d371c7f28b43,docyx_pc_part_dataset_2025_07_23,headset,Panasonic RP-HJE190-N,Panasonic,RP-HJE190-N,headset:panasonic:rp-hje190-n,curated_alias,reference_only_needs_verification,needs_review,False,1,Black;Gold,False,in_ear,False,False,closed,"6,24",general,communication,100.0,108.0,frequency_units_ambiguous;unverified_reference_source
7b371210f1ce1a9c284d,docyx_pc_part_dataset_2025_07_23,headset,Panasonic RP-HJE190-R,Panasonic,RP-HJE190-R,headset:panasonic:rp-hje190-r,curated_alias,reference_only_needs_verification,needs_review,False,1,Black;Red,False,in_ear,False,False,closed,"6,24",general,communication,100.0,108.0,frequency_units_ambiguous;unverified_reference_source
c515f0631fd7ecb749c5,docyx_pc_part_dataset_2025_07_23,headset,Panasonic RP-HJE190-S,Panasonic,RP-HJE190-S,headset:panasonic:rp-hje190-s,curated_alias,reference_only_needs_verification,needs_review,False,1,Black;Silver,False,in_ear,False,False,closed,"6,24",general,communication,100.0,108.0,frequency_units_ambiguous;unverified_reference_source
5351b77a303744db8d14,docyx_pc_part_dataset_2025_07_23,headset,Panasonic RP-HJE190-V,Panasonic,RP-HJE190-V,headset:panasonic:rp-hje190-v,curated_alias,reference_only_needs_verification,needs_review,False,1,Black;Purple,False,in_ear,False,False,closed,"6,24",general,communication,100.0,108.0,frequency_units_ambiguous;unverified_reference_source
0baa2273c659d1e9260c,docyx_pc_part_dataset_2025_07_23,headset,Panasonic RP-HJE190-W,Panasonic,RP-HJE190-W,headset:panasonic:rp-hje190-w,curated_alias,reference_only_needs_verification,needs_review,False,1,White,False,in_ear,False,False,closed,"6,24",general,communication,100.0,108.0,frequency_units_ambiguous;unverified_reference_source
e1b916bf06227210255f,docyx_pc_part_dataset_2025_07_23,headset,Panasonic RP-HJE280-A,Panasonic,RP-HJE280-A,headset:panasonic:rp-hje280-a,curated_alias,reference_only_needs_verification,needs_review,False,1,Black;Blue,False,in_ear,False,False,closed,"6,24",general,communication,100.0,108.0,frequency_units_ambiguous;unverified_reference_source
b5edeae10a8be3c3f5c2,docyx_pc_part_dataset_2025_07_23,headset,Panasonic RP-HJE280-D,Panasonic,RP-HJE280-D,headset:panasonic:rp-hje280-d,curated_alias,reference_only_needs_verification,needs_review,False,1,Orange,False,in_ear,False,False,closed,"6,25",general,communication,100.0,108.0,frequency_units_ambiguous;unverified_reference_source
ab14dc520fb21c97e4d8,docyx_pc_part_dataset_2025_07_23,headset,Panasonic RP-HJE280-G,Panasonic,RP-HJE280-G,headset:panasonic:rp-hje280-g,curated_alias,reference_only_needs_verification,needs_review,False,1,Green,False,in_ear,False,False,closed,"6,25",general,communication,100.0,108.0,frequency_units_ambiguous;unverified_reference_source
4f4e014cbb5b176f0ad0,docyx_pc_part_dataset_2025_07_23,headset,Panasonic RP-HJE280-K,Panasonic,RP-HJE280-K,headset:panasonic:rp-hje280-k,curated_alias,reference_only_needs_verification,needs_review,False,1,Black,False,in_ear,False,False,closed,"6,24",general,communication,100.0,108.0,frequency_units_ambiguous;unverified_reference_source
cc759ea90aa68f074f5f,docyx_pc_part_dataset_2025_07_23,headset,Panasonic RP-HJE280-P,Panasonic,RP-HJE280-P,headset:panasonic:rp-hje280-p,curated_alias,reference_only_needs_verification,needs_review,False,1,Pink;White,False,in_ear,False,False,closed,"6,24",general,communication,100.0,108.0,frequency_units_ambiguous;unverified_reference_source
8afda9887030fef2b83e,docyx_pc_part_dataset_2025_07_23,headset,Panasonic RP-HJE280-R,Panasonic,RP-HJE280-R,headset:panasonic:rp-hje280-r,curated_alias,reference_only_needs_verification,needs_review,False,1,Black;Red,False,in_ear,False,False,closed,"6,24",general,communication,100.0,108.0,frequency_units_ambiguous;unverified_reference_source
71a25aa4147656906d7c,docyx_pc_part_dataset_2025_07_23,headset,Panasonic RP-HJE280-S,Panasonic,RP-HJE280-S,headset:panasonic:rp-hje280-s,curated_alias,reference_only_needs_verification,needs_review,False,1,Black;Silver,False,in_ear,False,False,closed,"6,24",general,communication,100.0,108.0,frequency_units_ambiguous;unverified_reference_source
3f3e79ab62e60ac37eef,docyx_pc_part_dataset_2025_07_23,headset,Panasonic RP-HJE290-A,Panasonic,RP-HJE290-A,headset:panasonic:rp-hje290-a,curated_alias,reference_only_needs_verification,needs_review,False,1,Black;Green,False,in_ear,False,False,closed,"6,24",general,communication,100.0,108.0,frequency_units_ambiguous;unverified_reference_source
f0cf4fdcf0c5f2c2b87a,docyx_pc_part_dataset_2025_07_23,headset,Panasonic RP-HJE290-K,Panasonic,RP-HJE290-K,headset:panasonic:rp-hje290-k,curated_alias,reference_only_needs_verification,needs_review,False,1,Black,False,in_ear,False,False,closed,"6,24",general,communication,100.0,108.0,frequency_units_ambiguous;unverified_reference_source
2a1b188287fb51e7fcee,docyx_pc_part_dataset_2025_07_23,headset,Panasonic RP-HJE290-P,Panasonic,RP-HJE290-P,headset:panasonic:rp-hje290-p,curated_alias,reference_only_needs_verification,needs_review,False,1,Pink,False,in_ear,False,False,closed,"6,24",general,communication,100.0,108.0,frequency_units_ambiguous;unverified_reference_source
fd9cf280baa4c8dae727,docyx_pc_part_dataset_2025_07_23,headset,Panasonic RP-HJE290-R,Panasonic,RP-HJE290-R,headset:panasonic:rp-hje290-r,curated_alias,reference_only_needs_verification,needs_review,False,1,Red,False,in_ear,False,False,closed,"6,24",general,communication,100.0,108.0,frequency_units_ambiguous;unverified_reference_source
0bcec5d25504b69535af,docyx_pc_part_dataset_2025_07_23,headset,Panasonic RP-HJE290-W,Panasonic,RP-HJE290-W,headset:panasonic:rp-hje290-w,curated_alias,reference_only_needs_verification,needs_review,False,1,White,False,in_ear,False,False,closed,"6,24",general,communication,100.0,108.0,frequency_units_ambiguous;unverified_reference_source
a7495244c942c12c2e15,docyx_pc_part_dataset_2025_07_23,headset,Panasonic RP-HJE295-K,Panasonic,RP-HJE295-K,headset:panasonic:rp-hje295-k,curated_alias,reference_only_needs_verification,needs_review,False,1,Black,False,in_ear,False,False,closed,,general,communication,100.0,108.0,unverified_reference_source
ea1ddc0577d2640ad6ae,docyx_pc_part_dataset_2025_07_23,headset,Panasonic RP-HJE355-A,Panasonic,RP-HJE355-A,headset:panasonic:rp-hje355-a,curated_alias,reference_only_needs_verification,needs_review,False,1,Black;Silver,False,in_ear,False,False,closed,"6,24",general,communication,100.0,108.0,frequency_units_ambiguous;unverified_reference_source
d02497f1c9893a2945fe,docyx_pc_part_dataset_2025_07_23,headset,Panasonic RP-HJE355-K,Panasonic,RP-HJE355-K,headset:panasonic:rp-hje355-k,curated_alias,reference_only_needs_verification,needs_review,False,1,Black,False,in_ear,False,False,closed,"6,24",general,communication,100.0,108.0,frequency_units_ambiguous;unverified_reference_source
675d75b645e35bf25de9,docyx_pc_part_dataset_2025_07_23,headset,Panasonic RP-HJE355-R,Panasonic,RP-HJE355-R,headset:panasonic:rp-hje355-r,curated_alias,reference_only_needs_verification,needs_review,False,1,Red,False,in_ear,False,False,closed,"6,24",general,communication,100.0,108.0,frequency_units_ambiguous;unverified_reference_source
1c4470b7249b683d0494,docyx_pc_part_dataset_2025_07_23,headset,Panasonic RP-HJE355-W,Panasonic,RP-HJE355-W,headset:panasonic:rp-hje355-w,curated_alias,reference_only_needs_verification,needs_review,False,1,White,False,in_ear,False,False,closed,"6,24",general,communication,100.0,108.0,frequency_units_ambiguous;unverified_reference_source
5e08a41c2819b6c9bc74,docyx_pc_part_dataset_2025_07_23,headset,Panasonic RP-HJE450-K,Panasonic,RP-HJE450-K,headset:panasonic:rp-hje450-k,curated_alias,reference_only_needs_verification,needs_review,False,2,Black,False,in_ear,False,False,closed,"6,26",general,communication,100.0,108.0,frequency_units_ambiguous;unverified_reference_source;identity_duplicates_collapsed
1c901e9d5bf47c308f2e,docyx_pc_part_dataset_2025_07_23,headset,Panasonic RP-HJE450-R,Panasonic,RP-HJE450-R,headset:panasonic:rp-hje450-r,curated_alias,reference_only_needs_verification,needs_review,False,1,Black;Red,False,in_ear,False,False,closed,"6,26",general,communication,100.0,108.0,frequency_units_ambiguous;unverified_reference_source
33943bce0e2a52c849a2,docyx_pc_part_dataset_2025_07_23,headset,Panasonic RP-HJE450P-R,Panasonic,RP-HJE450P-R,headset:panasonic:rp-hje450p-r,curated_alias,reference_only_needs_verification,needs_review,False,1,Black;Red,False,in_ear,False,False,closed,"6,26",general,communication,100.0,108.0,frequency_units_ambiguous;unverified_reference_source
b3fd32904ab2d94e8775,docyx_pc_part_dataset_2025_07_23,headset,Panasonic RP-HJE450P-W,Panasonic,RP-HJE450P-W,headset:panasonic:rp-hje450p-w,curated_alias,reference_only_needs_verification,needs_review,False,1,White,False,in_ear,False,False,closed,"6,26",general,communication,100.0,108.0,frequency_units_ambiguous;unverified_reference_source
5509f79a763bea5eabfd,docyx_pc_part_dataset_2025_07_23,headset,Panasonic RP-HS200-D,Panasonic,RP-HS200-D,headset:panasonic:rp-hs200-d,curated_alias,reference_only_needs_verification,needs_review,False,1,Black;Orange,False,in_ear,False,False,closed,"10,22",general,communication,100.0,108.0,frequency_units_ambiguous;unverified_reference_source
729ce8e0f58b6fb8f219,docyx_pc_part_dataset_2025_07_23,headset,Panasonic RP-HS220-A,Panasonic,RP-HS220-A,headset:panasonic:rp-hs220-a,curated_alias,reference_only_needs_verification,needs_review,False,1,Black;Blue,False,in_ear,False,False,closed,"10,22",general,communication,100.0,108.0,frequency_units_ambiguous;unverified_reference_source
35075b3dbb2ff79511f4,docyx_pc_part_dataset_2025_07_23,headset,Panasonic RP-HS220-G,Panasonic,RP-HS220-G,headset:panasonic:rp-hs220-g,curated_alias,reference_only_needs_verification,needs_review,False,1,Black;Green,False,in_ear,False,False,closed,"10,22",general,communication,100.0,108.0,frequency_units_ambiguous;unverified_reference_source
19176594f1d0718d0ba1,docyx_pc_part_dataset_2025_07_23,headset,Panasonic RP-HS220-K,Panasonic,RP-HS220-K,headset:panasonic:rp-hs220-k,curated_alias,reference_only_needs_verification,needs_review,False,1,Black,False,in_ear,False,False,closed,"10,22",general,communication,100.0,108.0,frequency_units_ambiguous;unverified_reference_source
6fc9e21399c05832d4c2,docyx_pc_part_dataset_2025_07_23,headset,Panasonic RP-HS220-P,Panasonic,RP-HS220-P,headset:panasonic:rp-hs220-p,curated_alias,reference_only_needs_verification,needs_review,False,1,Black;Pink,False,in_ear,False,False,closed,"10,22",general,communication,100.0,108.0,frequency_units_ambiguous;unverified_reference_source
f82f39400338f9d0e95b,docyx_pc_part_dataset_2025_07_23,headset,Panasonic RP-HS220-R,Panasonic,RP-HS220-R,headset:panasonic:rp-hs220-r,curated_alias,reference_only_needs_verification,needs_review,False,1,Black;Red,False,in_ear,False,False,closed,"10,22",general,communication,100.0,108.0,frequency_units_ambiguous;unverified_reference_source
fc4321150054ace06db0,docyx_pc_part_dataset_2025_07_23,headset,Panasonic RP-HS220-S,Panasonic,RP-HS220-S,headset:panasonic:rp-hs220-s,curated_alias,reference_only_needs_verification,needs_review,False,1,Black;Silver,False,in_ear,False,False,closed,"10,22",general,communication,100.0,108.0,frequency_units_ambiguous;unverified_reference_source
017203d3ed033b2e7c1b,docyx_pc_part_dataset_2025_07_23,headset,Panasonic RP-HS33-D,Panasonic,RP-HS33-D,headset:panasonic:rp-hs33-d,curated_alias,reference_only_needs_verification,needs_review,False,1,Black;Orange,False,in_ear,False,False,closed,"14,24",general,communication,100.0,108.0,frequency_units_ambiguous;unverified_reference_source
0f3288d61e3db0916d0a,docyx_pc_part_dataset_2025_07_23,headset,Panasonic RP-HS33G,Panasonic,RP-HS33G,headset:panasonic:rp-hs33g,curated_alias,reference_only_needs_verification,needs_review,False,1,Black;Green,False,in_ear,False,False,closed,"14,24",general,communication,100.0,108.0,frequency_units_ambiguous;unverified_reference_source
cabf276bfaa10d455b2a,docyx_pc_part_dataset_2025_07_23,headset,Panasonic RP-HSC200-K,Panasonic,RP-HSC200-K,headset:panasonic:rp-hsc200-k,curated_alias,reference_only_needs_verification,needs_review,False,1,Black;Silver,False,in_ear,False,False,closed,"10,22",general,communication,100.0,108.0,frequency_units_ambiguous;unverified_reference_source
a1c8f7de49bcf17cc3ea,docyx_pc_part_dataset_2025_07_23,headset,Panasonic RP-HT227,Panasonic,RP-HT227,headset:panasonic:rp-ht227,curated_alias,reference_only_needs_verification,needs_review,False,2,Black;Silver,False,over_ear,False,False,closed,,general,communication,100.0,108.0,unverified_reference_source;identity_duplicates_collapsed
9da25c71b722f9d7f1b7,docyx_pc_part_dataset_2025_07_23,headset,Panasonic RP-HTF295,Panasonic,RP-HTF295,headset:panasonic:rp-htf295,curated_alias,reference_only_needs_verification,needs_review,False,1,Black,False,over_ear,False,False,closed,,general,communication,100.0,108.0,unverified_reference_source
0654c410ef6baf61fa73,docyx_pc_part_dataset_2025_07_23,headset,Panasonic RP-HTF600-S,Panasonic,RP-HTF600-S,headset:panasonic:rp-htf600-s,curated_alias,reference_only_needs_verification,needs_review,False,1,Black;Silver,False,over_ear,False,False,closed,"10,28",general,communication,100.0,108.0,frequency_units_ambiguous;unverified_reference_source
a1e37e848e0e803021fc,docyx_pc_part_dataset_2025_07_23,headset,Panasonic RP-HTX7-A1,Panasonic,RP-HTX7-A1,headset:panasonic:rp-htx7-a1,curated_alias,reference_only_needs_verification,needs_review,False,1,Black;Blue,False,over_ear,False,False,closed,,general,communication,100.0,108.0,unverified_reference_source
eadb15b5882d4cde2d1a,docyx_pc_part_dataset_2025_07_23,headset,Panasonic RP-HTX7-C1,Panasonic,RP-HTX7-C1,headset:panasonic:rp-htx7-c1,curated_alias,reference_only_needs_verification,needs_review,False,1,Black;White,False,over_ear,False,False,closed,,general,communication,100.0,108.0,unverified_reference_source
4f261ed6b7dac13f5301,docyx_pc_part_dataset_2025_07_23,headset,Panasonic RP-HTX7-G1,Panasonic,RP-HTX7-G1,headset:panasonic:rp-htx7-g1,curated_alias,reference_only_needs_verification,needs_review,False,1,Black;Green,False,over_ear,False,False,closed,"7,22",general,communication,100.0,108.0,frequency_units_ambiguous;unverified_reference_source
05b645af71ea30f279a5,docyx_pc_part_dataset_2025_07_23,headset,Panasonic RP-HTX7-K1,Panasonic,RP-HTX7-K1,headset:panasonic:rp-htx7-k1,curated_alias,reference_only_needs_verification,needs_review,False,1,Black;Silver,False,over_ear,False,False,closed,"7,22",general,communication,100.0,108.0,frequency_units_ambiguous;unverified_reference_source
eb53308a76a2acd5c01a,docyx_pc_part_dataset_2025_07_23,headset,Panasonic RP-HTX7-W1,Panasonic,RP-HTX7-W1,headset:panasonic:rp-htx7-w1,curated_alias,reference_only_needs_verification,needs_review,False,1,Black;White,False,over_ear,False,False,closed,"7,22",general,communication,100.0,108.0,frequency_units_ambiguous;unverified_reference_source
ae64c740fc44ba15c1fb,docyx_pc_part_dataset_2025_07_23,headset,Panasonic RP-HTX7P1,Panasonic,RP-HTX7P1,headset:panasonic:rp-htx7p1,curated_alias,reference_only_needs_verification,needs_review,False,1,Black;Pink,False,over_ear,False,False,closed,"7,22",general,communication,100.0,108.0,frequency_units_ambiguous;unverified_reference_source
e3e3d187b4a21136ba89,docyx_pc_part_dataset_2025_07_23,headset,Panasonic RP-HTX7R1,Panasonic,RP-HTX7R1,headset:panasonic:rp-htx7r1,curated_alias,reference_only_needs_verification,needs_review,False,1,Black;Red,False,over_ear,False,False,closed,"7,22",general,communication,100.0,108.0,frequency_units_ambiguous;unverified_reference_source
488dc88993424083a890,docyx_pc_part_dataset_2025_07_23,headset,Panasonic RP-HV094-B,Panasonic,RP-HV094-B,headset:panasonic:rp-hv094-b,curated_alias,reference_only_needs_verification,needs_review,False,1,Black,False,in_ear,False,False,closed,,general,communication,100.0,108.0,unverified_reference_source
2e557079b5993dcaabcb,docyx_pc_part_dataset_2025_07_23,headset,Panasonic RP-HV154-K,Panasonic,RP-HV154-K,headset:panasonic:rp-hv154-k,curated_alias,reference_only_needs_verification,needs_review,False,1,Black,False,in_ear,False,False,closed,"10,25",general,communication,100.0,108.0,frequency_units_ambiguous;unverified_reference_source
ba5d1fb4324f160fb95c,docyx_pc_part_dataset_2025_07_23,headset,Panasonic RP-HV21-A,Panasonic,RP-HV21-A,headset:panasonic:rp-hv21-a,curated_alias,reference_only_needs_verification,needs_review,False,1,Blue;White,False,in_ear,False,False,closed,"10,25",general,communication,100.0,108.0,frequency_units_ambiguous;unverified_reference_source
82abd345eddb44d53f97,docyx_pc_part_dataset_2025_07_23,headset,Panasonic RP-HV21-P,Panasonic,RP-HV21-P,headset:panasonic:rp-hv21-p,curated_alias,reference_only_needs_verification,needs_review,False,1,Pink;White,False,in_ear,False,False,closed,"10,25",general,communication,100.0,108.0,frequency_units_ambiguous;unverified_reference_source
c7c855431ecb108231dd,docyx_pc_part_dataset_2025_07_23,headset,Panasonic RP-HV21-v,Panasonic,RP-HV21-v,headset:panasonic:rp-hv21-v,curated_alias,reference_only_needs_verification,needs_review,False,1,Purple;White,False,in_ear,False,False,closed,"10,25",general,communication,100.0,108.0,frequency_units_ambiguous;unverified_reference_source
f11c0cbade75a3697559,docyx_pc_part_dataset_2025_07_23,headset,Panasonic RP-HV21K,Panasonic,RP-HV21K,headset:panasonic:rp-hv21k,curated_alias,reference_only_needs_verification,needs_review,False,1,Black,False,in_ear,False,False,closed,"10,25",general,communication,100.0,108.0,frequency_units_ambiguous;unverified_reference_source
f123186fa970edde381b,docyx_pc_part_dataset_2025_07_23,headset,Panasonic RP-HV21R,Panasonic,RP-HV21R,headset:panasonic:rp-hv21r,curated_alias,reference_only_needs_verification,needs_review,False,1,Red;White,False,in_ear,False,False,closed,"10,25",general,communication,100.0,108.0,frequency_units_ambiguous;unverified_reference_source
9aa3b661c2efc190449d,docyx_pc_part_dataset_2025_07_23,headset,Panasonic RP-HV41-D,Panasonic,RP-HV41-D,headset:panasonic:rp-hv41-d,curated_alias,reference_only_needs_verification,needs_review,False,1,Orange,False,in_ear,False,False,closed,"10,25",general,communication,100.0,108.0,frequency_units_ambiguous;unverified_reference_source
fe79727c7d6da265ef16,docyx_pc_part_dataset_2025_07_23,headset,Panasonic RP-HV41-G,Panasonic,RP-HV41-G,headset:panasonic:rp-hv41-g,curated_alias,reference_only_needs_verification,needs_review,False,1,Green,False,in_ear,False,False,closed,"10,25",general,communication,100.0,108.0,frequency_units_ambiguous;unverified_reference_source
5a0be9b54f7f5156e513,docyx_pc_part_dataset_2025_07_23,headset,Panasonic RP-HV41-K,Panasonic,RP-HV41-K,headset:panasonic:rp-hv41-k,curated_alias,reference_only_needs_verification,needs_review,False,1,Black;Gray,False,in_ear,False,False,closed,"10,25",general,communication,100.0,108.0,frequency_units_ambiguous;unverified_reference_source
959d089b351b5fea132e,docyx_pc_part_dataset_2025_07_23,headset,Panasonic RP-HV41-P,Panasonic,RP-HV41-P,headset:panasonic:rp-hv41-p,curated_alias,reference_only_needs_verification,needs_review,False,1,Pink,False,in_ear,False,False,closed,"10,25",general,communication,100.0,108.0,frequency_units_ambiguous;unverified_reference_source
e971aa5266502f9b349a,docyx_pc_part_dataset_2025_07_23,headset,Panasonic RP-HV41-PB,Panasonic,RP-HV41-PB,headset:panasonic:rp-hv41-pb,curated_alias,reference_only_needs_verification,needs_review,False,1,Red,False,in_ear,False,False,closed,"10,25",general,communication,100.0,108.0,frequency_units_ambiguous;unverified_reference_source
1053a6c3b4951bdd97fd,docyx_pc_part_dataset_2025_07_23,headset,Panasonic RP-HV41-V,Panasonic,RP-HV41-V,headset:panasonic:rp-hv41-v,curated_alias,reference_only_needs_verification,needs_review,False,1,Purple,False,in_ear,False,False,closed,"10,25",general,communication,100.0,108.0,frequency_units_ambiguous;unverified_reference_source
5b3d484d5cd4ec30e9fe,docyx_pc_part_dataset_2025_07_23,headset,Panasonic RP-HV41-W,Panasonic,RP-HV41-W,headset:panasonic:rp-hv41-w,curated_alias,reference_only_needs_verification,needs_review,False,1,White,False,in_ear,False,False,closed,"10,25",general,communication,100.0,108.0,frequency_units_ambiguous;unverified_reference_source
eabb90c20442ba733a78,docyx_pc_part_dataset_2025_07_23,headset,Panasonic RP-HV41A,Panasonic,RP-HV41A,headset:panasonic:rp-hv41a,curated_alias,reference_only_needs_verification,needs_review,False,1,Blue,False,in_ear,False,False,closed,"10,25",general,communication,100.0,108.0,frequency_units_ambiguous;unverified_reference_source
063b788da21f379cd8ac,docyx_pc_part_dataset_2025_07_23,headset,Panasonic RP-HX35-R,Panasonic,RP-HX35-R,headset:panasonic:rp-hx35-r,curated_alias,reference_only_needs_verification,needs_review,False,1,Black;Red,False,on_ear,False,False,closed,"10,25",general,communication,100.0,108.0,frequency_units_ambiguous;unverified_reference_source
3c4f88305a5366f7d96f,docyx_pc_part_dataset_2025_07_23,headset,Panasonic RP-HX35-V,Panasonic,RP-HX35-V,headset:panasonic:rp-hx35-v,curated_alias,reference_only_needs_verification,needs_review,False,1,Black;Purple,False,on_ear,False,False,closed,"10,25",general,communication,100.0,108.0,frequency_units_ambiguous;unverified_reference_source
a617f943921b465cce9f,docyx_pc_part_dataset_2025_07_23,headset,Panasonic RP-HX35-W,Panasonic,RP-HX35-W,headset:panasonic:rp-hx35-w,curated_alias,reference_only_needs_verification,needs_review,False,1,White,False,on_ear,False,False,closed,"10,25",general,communication,100.0,108.0,frequency_units_ambiguous;unverified_reference_source
b35eb87b437ddbb62cb2,docyx_pc_part_dataset_2025_07_23,headset,Panasonic RP-HX40-A,Panasonic,RP-HX40-A,headset:panasonic:rp-hx40-a,curated_alias,reference_only_needs_verification,needs_review,False,1,Blue;White,False,on_ear,False,False,closed,"10,25",general,communication,100.0,108.0,frequency_units_ambiguous;unverified_reference_source
f450cb2c79910ade08b0,docyx_pc_part_dataset_2025_07_23,headset,Panasonic RP-HX40-G,Panasonic,RP-HX40-G,headset:panasonic:rp-hx40-g,curated_alias,reference_only_needs_verification,needs_review,False,1,Green;White,False,on_ear,False,False,closed,"10,25",general,communication,100.0,108.0,frequency_units_ambiguous;unverified_reference_source
4db125af4ba9be917f59,docyx_pc_part_dataset_2025_07_23,headset,Panasonic RP-HX40-K,Panasonic,RP-HX40-K,headset:panasonic:rp-hx40-k,curated_alias,reference_only_needs_verification,needs_review,False,1,Black;Silver,False,on_ear,False,False,closed,"10,25",general,communication,100.0,108.0,frequency_units_ambiguous;unverified_reference_source
26ad3b8d0102b4761b0f,docyx_pc_part_dataset_2025_07_23,headset,Panasonic RP-HX40-PK,Panasonic,RP-HX40-PK,headset:panasonic:rp-hx40-pk,curated_alias,reference_only_needs_verification,needs_review,False,1,Black;Pink,False,on_ear,False,False,closed,"10,25",general,communication,100.0,108.0,frequency_units_ambiguous;unverified_reference_source
f5e129fd0d26cbf263c9,docyx_pc_part_dataset_2025_07_23,headset,Panasonic RP-HX40-PW,Panasonic,RP-HX40-PW,headset:panasonic:rp-hx40-pw,curated_alias,reference_only_needs_verification,needs_review,False,1,Pink;White,False,on_ear,False,False,closed,"10,25",general,communication,100.0,108.0,frequency_units_ambiguous;unverified_reference_source
ab1f7b038d96d590f3da,docyx_pc_part_dataset_2025_07_23,headset,Panasonic RP-HX40-W,Panasonic,RP-HX40-W,headset:panasonic:rp-hx40-w,curated_alias,reference_only_needs_verification,needs_review,False,1,White,False,on_ear,False,False,closed,"10,25",general,communication,100.0,108.0,frequency_units_ambiguous;unverified_reference_source
2cfa7679a84a6111370c,docyx_pc_part_dataset_2025_07_23,headset,Panasonic RP-HX650-K,Panasonic,RP-HX650-K,headset:panasonic:rp-hx650-k,curated_alias,reference_only_needs_verification,needs_review,False,1,Black,False,over_ear,False,False,closed,"10,30",general,communication,100.0,108.0,frequency_units_ambiguous;unverified_reference_source
51483f2058276f261f22,docyx_pc_part_dataset_2025_07_23,headset,Panasonic RP-HXC40-K,Panasonic,RP-HXC40-K,headset:panasonic:rp-hxc40-k,curated_alias,reference_only_needs_verification,needs_review,False,1,Black;Silver,False,on_ear,False,False,closed,"10,25",general,communication,100.0,108.0,frequency_units_ambiguous;unverified_reference_source
db4795e2332cf5fa3923,docyx_pc_part_dataset_2025_07_23,headset,Panasonic RP-HXD3W-K,Panasonic,RP-HXD3W-K,headset:panasonic:rp-hxd3w-k,curated_alias,reference_only_needs_verification,needs_review,False,1,Black;Silver,False,on_ear,False,False,closed,"10,25",general,communication,100.0,108.0,frequency_units_ambiguous;unverified_reference_source
a0998d9b7def9f9f53c4,docyx_pc_part_dataset_2025_07_23,headset,Panasonic RP-HXD5C-K,Panasonic,RP-HXD5C-K,headset:panasonic:rp-hxd5c-k,curated_alias,reference_only_needs_verification,needs_review,False,1,Black;Red,False,on_ear,False,False,closed,"8,26",general,communication,100.0,108.0,frequency_units_ambiguous;unverified_reference_source
9dc922c980974dc6e4fb,docyx_pc_part_dataset_2025_07_23,headset,Panasonic RP-HXD5C-W,Panasonic,RP-HXD5C-W,headset:panasonic:rp-hxd5c-w,curated_alias,reference_only_needs_verification,needs_review,False,1,White,False,on_ear,False,False,closed,"8,26",general,communication,100.0,108.0,frequency_units_ambiguous;unverified_reference_source
8271c615c061ca61408f,docyx_pc_part_dataset_2025_07_23,headset,Panasonic RP-TCM125-A,Panasonic,RP-TCM125-A,headset:panasonic:rp-tcm125-a,curated_alias,reference_only_needs_verification,needs_review,False,1,Blue,False,in_ear,False,False,closed,"10,24",general,communication,100.0,108.0,frequency_units_ambiguous;unverified_reference_source
93b50788792874fcb814,docyx_pc_part_dataset_2025_07_23,headset,Panasonic RP-TCM125-K,Panasonic,RP-TCM125-K,headset:panasonic:rp-tcm125-k,curated_alias,reference_only_needs_verification,needs_review,False,1,Black;Silver,False,in_ear,False,False,closed,"10,24",general,communication,100.0,108.0,frequency_units_ambiguous;unverified_reference_source
71914f71aedf2a445891,docyx_pc_part_dataset_2025_07_23,headset,Panasonic RP-TCM125-P,Panasonic,RP-TCM125-P,headset:panasonic:rp-tcm125-p,curated_alias,reference_only_needs_verification,needs_review,False,1,Pink,False,in_ear,False,False,closed,"10,24",general,communication,100.0,108.0,frequency_units_ambiguous;unverified_reference_source
e47d2fb0a71fdd1fac35,docyx_pc_part_dataset_2025_07_23,headset,Panasonic RP-TCM125-W,Panasonic,RP-TCM125-W,headset:panasonic:rp-tcm125-w,curated_alias,reference_only_needs_verification,needs_review,False,1,White,False,in_ear,False,False,closed,"10,24",general,communication,100.0,108.0,frequency_units_ambiguous;unverified_reference_source
a045927411c2dce2ded4,docyx_pc_part_dataset_2025_07_23,headset,Panasonic RPDJS200W,Panasonic,RPDJS200W,headset:panasonic:rpdjs200w,curated_alias,reference_only_needs_verification,needs_review,False,1,White,False,on_ear,False,False,closed,,general,communication,100.0,108.0,unverified_reference_source
03995b9c083e59a403c0,docyx_pc_part_dataset_2025_07_23,headset,Panasonic RPHJE120R,Panasonic,RPHJE120R,headset:panasonic:rphje120r,curated_alias,reference_only_needs_verification,needs_review,False,1,Red;White,False,in_ear,False,False,closed,"20,20",general,communication,100.0,108.0,frequency_units_ambiguous;unverified_reference_source
f99afe61050e1c97f760,docyx_pc_part_dataset_2025_07_23,headset,Panasonic RPHJX20-K,Panasonic,RPHJX20-K,headset:panasonic:rphjx20-k,curated_alias,reference_only_needs_verification,needs_review,False,1,Black,False,in_ear,False,False,closed,,general,communication,100.0,108.0,unverified_reference_source
98dc7423470c2372f500,docyx_pc_part_dataset_2025_07_23,headset,Panasonic RPHJX5-R,Panasonic,RPHJX5-R,headset:panasonic:rphjx5-r,curated_alias,reference_only_needs_verification,needs_review,False,1,Black;Red,False,in_ear,False,False,closed,,general,communication,100.0,108.0,unverified_reference_source
b2ba7c6b0276fd3e5edd,docyx_pc_part_dataset_2025_07_23,headset,Panasonic RPHT360,Panasonic,RPHT360,headset:panasonic:rpht360,curated_alias,reference_only_needs_verification,needs_review,False,1,Black;Silver,False,over_ear,False,False,closed,"10,27",general,communication,100.0,108.0,frequency_units_ambiguous;unverified_reference_source
edbaaff18758e6bad418,docyx_pc_part_dataset_2025_07_23,headset,Panasonic RPHV108W,Panasonic,RPHV108W,headset:panasonic:rphv108w,curated_alias,reference_only_needs_verification,needs_review,False,1,White,False,in_ear,False,False,closed,,general,communication,100.0,108.0,unverified_reference_source
6bcb40d3e5a9b42a00f5,docyx_pc_part_dataset_2025_07_23,headset,Philips ActionFit,Philips,ActionFit,headset:philips:actionfit,curated_alias,reference_only_needs_verification,needs_review,False,1,,False,in_ear,False,True,closed,"20,20",general;portable,portable,100.0,108.0,frequency_units_ambiguous;unverified_reference_source
3d70b10861519110f1cb,docyx_pc_part_dataset_2025_07_23,headset,Philips SHB9100BK,Philips,SHB9100BK,headset:philips:shb9100bk,curated_alias,reference_only_needs_verification,needs_review,False,1,Black;Silver,False,on_ear,False,True,closed,"18,21",general;portable,portable,100.0,108.0,frequency_units_ambiguous;unverified_reference_source
11c4b012295e67543adb,docyx_pc_part_dataset_2025_07_23,headset,Philips SHB9100RD,Philips,SHB9100RD,headset:philips:shb9100rd,curated_alias,reference_only_needs_verification,needs_review,False,1,Black;Red,False,on_ear,False,True,closed,"18,21",general;portable,portable,100.0,108.0,frequency_units_ambiguous;unverified_reference_source
c52bf69dd4e83e423deb,docyx_pc_part_dataset_2025_07_23,headset,Philips SHB9100WT,Philips,SHB9100WT,headset:philips:shb9100wt,curated_alias,reference_only_needs_verification,needs_review,False,1,Black;White,False,on_ear,False,True,closed,"18,21",general;portable,portable,100.0,108.0,frequency_units_ambiguous;unverified_reference_source
467fabf19030a59ef4d9,docyx_pc_part_dataset_2025_07_23,headset,Philips SHE2100BK28,Philips,SHE2100BK28,headset:philips:she2100bk28,curated_alias,reference_only_needs_verification,needs_review,False,1,Black,False,in_ear,False,False,closed,"12,22",general,communication,100.0,108.0,frequency_units_ambiguous;unverified_reference_source
f0926bb902db4eacd6fd,docyx_pc_part_dataset_2025_07_23,headset,Philips SHE2100BL28,Philips,SHE2100BL28,headset:philips:she2100bl28,curated_alias,reference_only_needs_verification,needs_review,False,2,Black;Blue;White,False,in_ear,False,False,closed,"12,22",general,communication,100.0,108.0,frequency_units_ambiguous;unverified_reference_source;identity_duplicates_collapsed
9942f594373c1cb46e19,docyx_pc_part_dataset_2025_07_23,headset,Philips SHE2100GY28,Philips,SHE2100GY28,headset:philips:she2100gy28,curated_alias,reference_only_needs_verification,needs_review,False,1,Black;Silver,False,in_ear,False,False,closed,"12,22",general,communication,100.0,108.0,frequency_units_ambiguous;unverified_reference_source
a111622be6d074cbe1da,docyx_pc_part_dataset_2025_07_23,headset,Philips SHE2100PK28,Philips,SHE2100PK28,headset:philips:she2100pk28,curated_alias,reference_only_needs_verification,needs_review,False,1,Pink;White,False,in_ear,False,False,closed,"12,22",general,communication,100.0,108.0,frequency_units_ambiguous;unverified_reference_source
60be405a3b038528857c,docyx_pc_part_dataset_2025_07_23,headset,Philips SHE2100PP28,Philips,SHE2100PP28,headset:philips:she2100pp28,curated_alias,reference_only_needs_verification,needs_review,False,1,Purple,False,in_ear,False,False,closed,"12,22",general,communication,100.0,108.0,frequency_units_ambiguous;unverified_reference_source
35b8603bd98718956b66,docyx_pc_part_dataset_2025_07_23,headset,Philips SHE2100WT28,Philips,SHE2100WT28,headset:philips:she2100wt28,curated_alias,reference_only_needs_verification,needs_review,False,1,Silver,False,in_ear,False,False,closed,"12,22",general,communication,100.0,108.0,frequency_units_ambiguous;unverified_reference_source
585b079fcc80833e3b72,docyx_pc_part_dataset_2025_07_23,headset,Philips SHE2105BK/28,Philips,SHE2105BK/28,headset:philips:she2105bk-28,curated_alias,reference_only_needs_verification,needs_review,False,1,Black,False,in_ear,False,False,closed,"12,22",general,communication,100.0,108.0,frequency_units_ambiguous;unverified_reference_source
1dbea2cea5daf68013af,docyx_pc_part_dataset_2025_07_23,headset,Philips SHE2105PK/28,Philips,SHE2105PK/28,headset:philips:she2105pk-28,curated_alias,reference_only_needs_verification,needs_review,False,1,Pink;White,False,in_ear,False,False,closed,"12,22",general,communication,100.0,108.0,frequency_units_ambiguous;unverified_reference_source
75c53fd97bc56f5a08b8,docyx_pc_part_dataset_2025_07_23,headset,Philips SHE2640,Philips,SHE2640,headset:philips:she2640,curated_alias,reference_only_needs_verification,needs_review,False,1,Black;Silver,False,in_ear,False,False,closed,,general,communication,100.0,108.0,unverified_reference_source
706baa1d8d415a28c183,docyx_pc_part_dataset_2025_07_23,headset,Philips SHE2640/27,Philips,SHE2640/27,headset:philips:she2640-27,curated_alias,reference_only_needs_verification,needs_review,False,1,Black;Silver,False,in_ear,False,False,closed,"12,22",general,communication,100.0,108.0,frequency_units_ambiguous;unverified_reference_source
04b8e32babe8b8fcb801,docyx_pc_part_dataset_2025_07_23,headset,Philips SHE2641/27,Philips,SHE2641/27,headset:philips:she2641-27,curated_alias,reference_only_needs_verification,needs_review,False,1,Black;Silver,False,in_ear,False,False,closed,"12,22",general,communication,100.0,108.0,frequency_units_ambiguous;unverified_reference_source
13576d5f642b8eaf9e6f,docyx_pc_part_dataset_2025_07_23,headset,Philips SHE2648/27,Philips,SHE2648/27,headset:philips:she2648-27,curated_alias,reference_only_needs_verification,needs_review,False,1,Pink;White,False,in_ear,False,False,closed,"12,22",general,communication,100.0,108.0,frequency_units_ambiguous;unverified_reference_source
d1bf202590490883bb8f,docyx_pc_part_dataset_2025_07_23,headset,Philips SHE2650/28,Philips,SHE2650/28,headset:philips:she2650-28,curated_alias,reference_only_needs_verification,needs_review,False,1,Black,False,in_ear,False,False,closed,,general,communication,100.0,108.0,unverified_reference_source
babac35fcc89e5b28d28,docyx_pc_part_dataset_2025_07_23,headset,Philips SHE3575BK/28,Philips,SHE3575BK/28,headset:philips:she3575bk-28,curated_alias,reference_only_needs_verification,needs_review,False,1,Pink,False,in_ear,False,False,closed,,general,communication,100.0,108.0,unverified_reference_source
6074bbd4d335d65a3d82,docyx_pc_part_dataset_2025_07_23,headset,Philips SHE3590WT/10,Philips,SHE3590WT/10,headset:philips:she3590wt-10,curated_alias,reference_only_needs_verification,needs_review,False,1,White,False,in_ear,False,False,closed,"12,23.5",general,communication,100.0,108.0,frequency_units_ambiguous;unverified_reference_source
a42c246e9d0ce10aa4ab,docyx_pc_part_dataset_2025_07_23,headset,Philips SHE7005A/28,Philips,SHE7005A/28,headset:philips:she7005a-28,curated_alias,reference_only_needs_verification,needs_review,False,1,Black,False,in_ear,False,False,closed,,general,communication,100.0,108.0,unverified_reference_source
fbacd164ab9a3df43b99,docyx_pc_part_dataset_2025_07_23,headset,Philips SHE9550/28,Philips,SHE9550/28,headset:philips:she9550-28,curated_alias,reference_only_needs_verification,needs_review,False,1,Black;Yellow,False,in_ear,False,False,closed,"6,23.5",general,communication,100.0,108.0,frequency_units_ambiguous;unverified_reference_source
0e3a4372ed7c71bfc820,docyx_pc_part_dataset_2025_07_23,headset,Philips SHL1601,Philips,SHL1601,headset:philips:shl1601,curated_alias,reference_only_needs_verification,needs_review,False,1,Pink,False,on_ear,False,False,closed,,general,communication,100.0,108.0,unverified_reference_source
ff1beee24b7c746314b9,docyx_pc_part_dataset_2025_07_23,headset,Philips SHL3100BLK,Philips,SHL3100BLK,headset:philips:shl3100blk,curated_alias,reference_only_needs_verification,needs_review,False,1,Black;Red,False,over_ear,False,False,closed,"18,20",general,communication,100.0,108.0,frequency_units_ambiguous;unverified_reference_source
a0118505d00c850a55ee,docyx_pc_part_dataset_2025_07_23,headset,Philips SHL5305WT/28,Philips,SHL5305WT/28,headset:philips:shl5305wt-28,curated_alias,reference_only_needs_verification,needs_review,False,1,Black;White,False,on_ear,False,False,closed,"18,21.6",general,communication,100.0,108.0,frequency_units_ambiguous;unverified_reference_source
942ebe252723d6cbbc36,docyx_pc_part_dataset_2025_07_23,headset,Philips SHO4200BG,Philips,SHO4200BG,headset:philips:sho4200bg,curated_alias,reference_only_needs_verification,needs_review,False,1,Blue;Green,False,on_ear,False,False,closed,,general,communication,100.0,108.0,unverified_reference_source
1355cefb05596a3b507a,docyx_pc_part_dataset_2025_07_23,headset,Philips SHO7205/BK,Philips,SHO7205/BK,headset:philips:sho7205-bk,curated_alias,reference_only_needs_verification,needs_review,False,1,Black;Red,False,on_ear,False,False,closed,"12,24",general,communication,100.0,108.0,frequency_units_ambiguous;unverified_reference_source
0f38a4eb3f29fa4f5ff1,docyx_pc_part_dataset_2025_07_23,headset,Philips SHO7205/WT,Philips,SHO7205/WT,headset:philips:sho7205-wt,curated_alias,reference_only_needs_verification,needs_review,False,1,Blue;White,False,on_ear,False,False,closed,"12,24",general,communication,100.0,108.0,frequency_units_ambiguous;unverified_reference_source
b099015d23d37539c40a,docyx_pc_part_dataset_2025_07_23,headset,Philips SHO9207,Philips,SHO9207,headset:philips:sho9207,curated_alias,reference_only_needs_verification,needs_review,False,1,Black;Red,False,over_ear,False,False,closed,"12,24",general,communication,100.0,108.0,frequency_units_ambiguous;unverified_reference_source
1ba1ace9a0a6a4063cca,docyx_pc_part_dataset_2025_07_23,headset,Philips SHP3000,Philips,SHP3000,headset:philips:shp3000,curated_alias,reference_only_needs_verification,needs_review,False,1,Black,False,over_ear,False,False,closed,"20,20",general,communication,100.0,108.0,frequency_units_ambiguous;unverified_reference_source
94361875d508b5f9a25c,docyx_pc_part_dataset_2025_07_23,headset,Philips SHQ-5200,Philips,SHQ-5200,headset:philips:shq-5200,curated_alias,reference_only_needs_verification,needs_review,False,1,Black;Orange,False,on_ear,False,False,closed,"18,21",general,communication,100.0,108.0,frequency_units_ambiguous;unverified_reference_source
31716d883a91b4cd4d74,docyx_pc_part_dataset_2025_07_23,headset,Philips SHQ1000/28,Philips,SHQ1000/28,headset:philips:shq1000-28,curated_alias,reference_only_needs_verification,needs_review,False,1,Red;White,False,in_ear,False,False,closed,"30,20",general,communication,100.0,108.0,frequency_units_ambiguous;unverified_reference_source
0b3f8d194de00887d392,docyx_pc_part_dataset_2025_07_23,headset,Philips SHQ3200/28,Philips,SHQ3200/28,headset:philips:shq3200-28,curated_alias,reference_only_needs_verification,needs_review,False,1,Orange,False,in_ear,False,False,closed,"15,22",general,communication,100.0,108.0,frequency_units_ambiguous;unverified_reference_source
24c4ac862eb72574b4b0,docyx_pc_part_dataset_2025_07_23,headset,Philips SHQ3200BK/28,Philips,SHQ3200BK/28,headset:philips:shq3200bk-28,curated_alias,reference_only_needs_verification,needs_review,False,1,Black,False,in_ear,False,False,closed,,general,communication,100.0,108.0,unverified_reference_source
49bf583cad9373130456,docyx_pc_part_dataset_2025_07_23,headset,Philips SHQ3205/28,Philips,SHQ3205/28,headset:philips:shq3205-28,curated_alias,reference_only_needs_verification,needs_review,False,1,Orange,False,in_ear,False,False,closed,,general,communication,100.0,108.0,unverified_reference_source
0b4c1c849b8ff5067210,docyx_pc_part_dataset_2025_07_23,headset,Philips SHS3201/28,Philips,SHS3201/28,headset:philips:shs3201-28,curated_alias,reference_only_needs_verification,needs_review,False,1,White,False,in_ear,False,False,closed,"20,20",general,communication,100.0,108.0,frequency_units_ambiguous;unverified_reference_source
797ecf83fbcc1fbe84e3,docyx_pc_part_dataset_2025_07_23,headset,Philips SHS3212,Philips,SHS3212,headset:philips:shs3212,curated_alias,reference_only_needs_verification,needs_review,False,1,Red;White,False,in_ear,False,False,closed,,general,communication,100.0,108.0,unverified_reference_source
f2ddde9144fcf84d3232,docyx_pc_part_dataset_2025_07_23,headset,Philips SHS390,Philips,SHS390,headset:philips:shs390,curated_alias,reference_only_needs_verification,needs_review,False,1,Black;Silver,False,on_ear,False,False,closed,,general,communication,100.0,108.0,unverified_reference_source
b7f226bd82a799e5e2b0,docyx_pc_part_dataset_2025_07_23,headset,Philips SHS390/37,Philips,SHS390/37,headset:philips:shs390-37,curated_alias,reference_only_needs_verification,needs_review,False,1,Black;Silver,False,on_ear,False,False,closed,,general,communication,100.0,108.0,unverified_reference_source
e3586acb15e0c7443531,docyx_pc_part_dataset_2025_07_23,headset,Philips SHS4150,Philips,SHS4150,headset:philips:shs4150,curated_alias,reference_only_needs_verification,needs_review,False,1,White,False,in_ear,False,False,closed,,general,communication,100.0,108.0,unverified_reference_source
5e593622f8433c7f0e32,docyx_pc_part_dataset_2025_07_23,headset,Philips SHS4700/28,Philips,SHS4700/28,headset:philips:shs4700-28,curated_alias,reference_only_needs_verification,needs_review,False,1,Black;Silver,False,on_ear,False,False,closed,"12,24",general,communication,100.0,108.0,frequency_units_ambiguous;unverified_reference_source
bfe692006f3f84327335,docyx_pc_part_dataset_2025_07_23,headset,Philips SHS4841/28,Philips,SHS4841/28,headset:philips:shs4841-28,curated_alias,reference_only_needs_verification,needs_review,False,1,Black,False,in_ear,False,False,closed,"12,23.5",general,communication,100.0,108.0,frequency_units_ambiguous;unverified_reference_source
926772cb9769c717310f,docyx_pc_part_dataset_2025_07_23,headset,Philips SHS4843/28,Philips,SHS4843/28,headset:philips:shs4843-28,curated_alias,reference_only_needs_verification,needs_review,False,1,Blue;White,False,in_ear,False,False,closed,"12,23.5",general,communication,100.0,108.0,frequency_units_ambiguous;unverified_reference_source
d9c44308c1b9e2059257,docyx_pc_part_dataset_2025_07_23,headset,Philips SHS4848/28,Philips,SHS4848/28,headset:philips:shs4848-28,curated_alias,reference_only_needs_verification,needs_review,False,1,Pink;White,False,in_ear,False,False,closed,"12,23.5",general,communication,100.0,108.0,frequency_units_ambiguous;unverified_reference_source
c982100d49a675e5388e,docyx_pc_part_dataset_2025_07_23,headset,Philips SHS5200/28,Philips,SHS5200/28,headset:philips:shs5200-28,curated_alias,reference_only_needs_verification,needs_review,False,1,Black;Silver,False,on_ear,False,False,closed,"12,24",general,communication,100.0,108.0,frequency_units_ambiguous;unverified_reference_source
4d7681f89e55c5a04601,docyx_pc_part_dataset_2025_07_23,headset,Philips SJM2604,Philips,SJM2604,headset:philips:sjm2604,curated_alias,reference_only_needs_verification,needs_review,False,1,White,False,in_ear,False,False,closed,,general,communication,100.0,108.0,unverified_reference_source
fabca31fca78b6966a87,docyx_pc_part_dataset_2025_07_23,headset,Philips She9000/28,Philips,She9000/28,headset:philips:she9000-28,curated_alias,reference_only_needs_verification,needs_review,False,2,Black,False,in_ear,False,False,closed,"6,23.5",general,communication,100.0,108.0,frequency_units_ambiguous;unverified_reference_source;identity_duplicates_collapsed
ce424a455847e4b5a303,docyx_pc_part_dataset_2025_07_23,headset,Pioneer SE-MJ721I-T,Pioneer,SE-MJ721I-T,headset:pioneer:se-mj721i-t,inferred_first_token,reference_only_needs_verification,needs_review,False,1,Brown,True,on_ear,False,False,closed,"6,28",general,communication,100.0,108.0,frequency_units_ambiguous;unverified_reference_source
3e1d658c7426b8314011,docyx_pc_part_dataset_2025_07_23,headset,Pioneer SE-MJ721I-W,Pioneer,SE-MJ721I-W,headset:pioneer:se-mj721i-w,inferred_first_token,reference_only_needs_verification,needs_review,False,1,White,True,on_ear,False,False,closed,"6,28",general,communication,100.0,108.0,frequency_units_ambiguous;unverified_reference_source
7fd67503012d9cfcdf42,docyx_pc_part_dataset_2025_07_23,headset,Pioneer SE-MJ751I,Pioneer,SE-MJ751I,headset:pioneer:se-mj751i,inferred_first_token,reference_only_needs_verification,needs_review,False,1,Black,True,on_ear,False,False,closed,"8,28",general,communication,100.0,108.0,frequency_units_ambiguous;unverified_reference_source
26bbe1bb55773fb3fede,docyx_pc_part_dataset_2025_07_23,headset,Pyle Audio PWPE10W,Pyle,Audio PWPE10W,headset:pyle:audio-pwpe10w,inferred_first_token,reference_only_needs_verification,needs_review,False,1,Transparent,True,in_ear,False,False,closed,"20,20",general,communication,100.0,108.0,frequency_units_ambiguous;unverified_reference_source
645e9536e879c78d7c41,docyx_pc_part_dataset_2025_07_23,headset,Samsung EHS60ANNBE,Samsung,EHS60ANNBE,headset:samsung:ehs60annbe,curated_alias,reference_only_needs_verification,needs_review,False,1,Black;Silver,False,in_ear,False,False,closed,,general,communication,100.0,108.0,unverified_reference_source
acabbaa6d76dd88cf35d,docyx_pc_part_dataset_2025_07_23,headset,Shure SE215CLR,Shure,SE215CLR,headset:shure:se215clr,curated_alias,reference_only_needs_verification,needs_review,False,1,Translucent Black,False,in_ear,False,False,closed,,general,communication,100.0,108.0,unverified_reference_source
39d96507c70effe9a2f6,docyx_pc_part_dataset_2025_07_23,headset,Shure SE315-CL,Shure,SE315-CL,headset:shure:se315-cl,curated_alias,reference_only_needs_verification,needs_review,False,1,Transparent,False,in_ear,False,False,closed,"22,18.5",general,communication,100.0,108.0,frequency_units_ambiguous;unverified_reference_source
41a271cbe5c03f637cba,docyx_pc_part_dataset_2025_07_23,headset,Shure SE425-V,Shure,SE425-V,headset:shure:se425-v,curated_alias,reference_only_needs_verification,needs_review,False,1,Black;Silver,False,in_ear,False,False,closed,"20,19",general,communication,100.0,108.0,frequency_units_ambiguous;unverified_reference_source
b27f3008cf1e03117a5a,docyx_pc_part_dataset_2025_07_23,headset,Shure SE535V,Shure,SE535V,headset:shure:se535v,curated_alias,reference_only_needs_verification,needs_review,False,1,Black;Brown,False,in_ear,False,False,closed,,general,communication,100.0,108.0,unverified_reference_source
59360448dd5fe7927679,docyx_pc_part_dataset_2025_07_23,headset,Shure SRH240,Shure,SRH240,headset:shure:srh240,curated_alias,reference_only_needs_verification,needs_review,False,1,Black,False,over_ear,False,False,closed,"20,22",general,communication,100.0,108.0,frequency_units_ambiguous;unverified_reference_source
d85c74bf86fb628cf73b,docyx_pc_part_dataset_2025_07_23,headset,Shure SRH550DJ,Shure,SRH550DJ,headset:shure:srh550dj,curated_alias,reference_only_needs_verification,needs_review,False,1,Black;Gray,False,on_ear,False,False,closed,"5,22",general,communication,100.0,108.0,frequency_units_ambiguous;unverified_reference_source
6b65278b89d48f3369ce,docyx_pc_part_dataset_2025_07_23,headset,Shure SRH750DJ,Shure,SRH750DJ,headset:shure:srh750dj,curated_alias,reference_only_needs_verification,needs_review,False,2,Black;Blue;Silver,False,over_ear,False,False,closed,"5,30",general,communication,100.0,108.0,frequency_units_ambiguous;unverified_reference_source;identity_duplicates_collapsed
8dd5d853079de3429caa,docyx_pc_part_dataset_2025_07_23,headset,Shure SRH940,Shure,SRH940,headset:shure:srh940,curated_alias,reference_only_needs_verification,needs_review,False,1,Black;Silver,False,over_ear,False,False,closed,"5,30",general,communication,100.0,108.0,frequency_units_ambiguous;unverified_reference_source
60038915d4b0b6547ac5,docyx_pc_part_dataset_2025_07_23,headset,Skullcandy Hesh 2,Skullcandy,Hesh 2,headset:skullcandy:hesh-2,curated_alias,reference_only_needs_verification,needs_review,False,1,Gray,False,over_ear,False,False,closed,,general,communication,100.0,108.0,unverified_reference_source
b24578625449ec8ff057,docyx_pc_part_dataset_2025_07_23,headset,Skullcandy S2INCZ-036,Skullcandy,S2INCZ-036,headset:skullcandy:s2incz-036,curated_alias,reference_only_needs_verification,needs_review,False,1,Black;Pink,False,in_ear,False,False,closed,"20,20",general,communication,100.0,108.0,frequency_units_ambiguous;unverified_reference_source
80bf7d005948ddc33419,docyx_pc_part_dataset_2025_07_23,headset,Skullcandy S2INCZ-040,Skullcandy,S2INCZ-040,headset:skullcandy:s2incz-040,curated_alias,reference_only_needs_verification,needs_review,False,1,Black;Pink,False,in_ear,False,False,closed,"20,20",general,communication,100.0,108.0,frequency_units_ambiguous;unverified_reference_source
c0cb36a0739b62c30f4f,docyx_pc_part_dataset_2025_07_23,headset,Skullcandy S2INCZ-045,Skullcandy,S2INCZ-045,headset:skullcandy:s2incz-045,curated_alias,reference_only_needs_verification,needs_review,False,1,Black;Pink,False,in_ear,False,False,closed,"20,20",general,communication,100.0,108.0,frequency_units_ambiguous;unverified_reference_source
ebd7dbf7b3ae471cdbe8,docyx_pc_part_dataset_2025_07_23,headset,Skullcandy S2INCZ-049,Skullcandy,S2INCZ-049,headset:skullcandy:s2incz-049,curated_alias,reference_only_needs_verification,needs_review,False,1,Black;Pink,False,in_ear,False,False,closed,"20,20",general,communication,100.0,108.0,frequency_units_ambiguous;unverified_reference_source
93979b231db1e5169f5e,docyx_pc_part_dataset_2025_07_23,headset,Skullcandy S2INCZ-058,Skullcandy,S2INCZ-058,headset:skullcandy:s2incz-058,curated_alias,reference_only_needs_verification,needs_review,False,1,Black;Pink,False,in_ear,False,False,closed,"20,20",general,communication,100.0,108.0,frequency_units_ambiguous;unverified_reference_source
a4b4f357d80cab32a2bf,docyx_pc_part_dataset_2025_07_23,headset,Skullcandy S2SBDY-101,Skullcandy,S2SBDY-101,headset:skullcandy:s2sbdy-101,curated_alias,reference_only_needs_verification,needs_review,False,1,Black;Blue,False,in_ear,False,False,closed,,general,communication,100.0,108.0,unverified_reference_source
563510f401aaca4abca4,docyx_pc_part_dataset_2025_07_23,headset,Skullcandy S2SBDY-134,Skullcandy,S2SBDY-134,headset:skullcandy:s2sbdy-134,curated_alias,reference_only_needs_verification,needs_review,False,1,Black;Pink,False,in_ear,False,False,closed,,general,communication,100.0,108.0,unverified_reference_source
e84ebde6b27f80c61754,docyx_pc_part_dataset_2025_07_23,headset,Skullcandy S2SBDY-209,Skullcandy,S2SBDY-209,headset:skullcandy:s2sbdy-209,curated_alias,reference_only_needs_verification,needs_review,False,1,Purple;White,False,in_ear,False,False,closed,"18,20",general,communication,100.0,108.0,frequency_units_ambiguous;unverified_reference_source
e75efb7464fe8b78c1ab,docyx_pc_part_dataset_2025_07_23,headset,Skullcandy S2SBDZ-036,Skullcandy,S2SBDZ-036,headset:skullcandy:s2sbdz-036,curated_alias,reference_only_needs_verification,needs_review,False,1,Black;Green,False,in_ear,False,False,closed,"20,20",general,communication,100.0,108.0,frequency_units_ambiguous;unverified_reference_source
fc76e752ece42af43835,docyx_pc_part_dataset_2025_07_23,headset,Skullcandy S2SBDZ-134,Skullcandy,S2SBDZ-134,headset:skullcandy:s2sbdz-134,curated_alias,reference_only_needs_verification,needs_review,False,1,Black;Pink,False,in_ear,False,False,closed,,general,communication,100.0,108.0,unverified_reference_source
5a58936a8dbfab789cb0,docyx_pc_part_dataset_2025_07_23,headset,Skullcandy S2TTCB-047,Skullcandy,S2TTCB-047,headset:skullcandy:s2ttcb-047,curated_alias,reference_only_needs_verification,needs_review,False,1,Black;Silver,False,in_ear,False,False,closed,"20,20",general,communication,100.0,108.0,frequency_units_ambiguous;unverified_reference_source
2bf37ee59351c67dfdcb,docyx_pc_part_dataset_2025_07_23,headset,Skullcandy S2TTDY-016,Skullcandy,S2TTDY-016,headset:skullcandy:s2ttdy-016,curated_alias,reference_only_needs_verification,needs_review,False,1,Black;Silver,False,in_ear,False,False,closed,"20,20",general,communication,100.0,108.0,frequency_units_ambiguous;unverified_reference_source
54dde90e9e955d07b8fa,docyx_pc_part_dataset_2025_07_23,headset,Skullcandy S4CHDM-082,Skullcandy,S4CHDM-082,headset:skullcandy:s4chdm-082,curated_alias,reference_only_needs_verification,needs_review,False,1,Purple,False,in_ear,False,False,closed,,general,communication,100.0,108.0,unverified_reference_source
2e73466411e1e616a60c,docyx_pc_part_dataset_2025_07_23,headset,Skullcandy S5URDY-003,Skullcandy,S5URDY-003,headset:skullcandy:s5urdy-003,curated_alias,reference_only_needs_verification,needs_review,False,1,Black,False,on_ear,False,False,closed,,general,communication,100.0,108.0,unverified_reference_source
b62a7f0e413ec9ff7f78,docyx_pc_part_dataset_2025_07_23,headset,Skullcandy S5URDZ-072,Skullcandy,S5URDZ-072,headset:skullcandy:s5urdz-072,curated_alias,reference_only_needs_verification,needs_review,False,1,Purple;White,False,on_ear,False,False,closed,"20,20",general,communication,100.0,108.0,frequency_units_ambiguous;unverified_reference_source
06512adfe05fd3ac229c,docyx_pc_part_dataset_2025_07_23,headset,Skullcandy S5URDZ-074,Skullcandy,S5URDZ-074,headset:skullcandy:s5urdz-074,curated_alias,reference_only_needs_verification,needs_review,False,1,Black;White,False,on_ear,False,False,closed,"20,20",general,communication,100.0,108.0,frequency_units_ambiguous;unverified_reference_source
532ba84d73d40a785370,docyx_pc_part_dataset_2025_07_23,headset,Skullcandy S5URDZ-083,Skullcandy,S5URDZ-083,headset:skullcandy:s5urdz-083,curated_alias,reference_only_needs_verification,needs_review,False,1,Black;Yellow,False,on_ear,False,False,closed,,general,communication,100.0,108.0,unverified_reference_source
63957faf8eeb0b917088,docyx_pc_part_dataset_2025_07_23,headset,Skullcandy S5URFZ-033,Skullcandy,S5URFZ-033,headset:skullcandy:s5urfz-033,curated_alias,reference_only_needs_verification,needs_review,False,1,Black,False,on_ear,False,False,closed,"20,20",general,communication,100.0,108.0,frequency_units_ambiguous;unverified_reference_source
bf3f3506d3d2e6303566,docyx_pc_part_dataset_2025_07_23,headset,Skullcandy S5URFZ-101,Skullcandy,S5URFZ-101,headset:skullcandy:s5urfz-101,curated_alias,reference_only_needs_verification,needs_review,False,1,Black;Blue,False,on_ear,False,False,closed,"20,20",general,communication,100.0,108.0,frequency_units_ambiguous;unverified_reference_source
08e779f240f44831b634,docyx_pc_part_dataset_2025_07_23,headset,Skullcandy S6AGDZ-150,Skullcandy,S6AGDZ-150,headset:skullcandy:s6agdz-150,curated_alias,reference_only_needs_verification,needs_review,False,1,Amber;Red,False,over_ear,False,False,closed,"18,20",general,communication,100.0,108.0,frequency_units_ambiguous;unverified_reference_source
be3f5f79f58f9b99d796,docyx_pc_part_dataset_2025_07_23,headset,Skullcandy S6HEDY-049,Skullcandy,S6HEDY-049,headset:skullcandy:s6hedy-049,curated_alias,reference_only_needs_verification,needs_review,False,1,Blue;Red,False,over_ear,False,False,closed,"20,20",general,communication,100.0,108.0,frequency_units_ambiguous;unverified_reference_source
41d13196b0b6d1017205,docyx_pc_part_dataset_2025_07_23,headset,Skullcandy S6HSGY-367,Skullcandy,S6HSGY-367,headset:skullcandy:s6hsgy-367,curated_alias,reference_only_needs_verification,needs_review,False,1,Camo,False,over_ear,False,False,closed,,general,communication,100.0,108.0,unverified_reference_source
9f1426b8cedbd6508738,docyx_pc_part_dataset_2025_07_23,headset,Skullcandy S6HSGY-378,Skullcandy,S6HSGY-378,headset:skullcandy:s6hsgy-378,curated_alias,reference_only_needs_verification,needs_review,False,1,Black;White,False,over_ear,False,False,closed,,general,communication,100.0,108.0,unverified_reference_source
ba96c440c6c140bb1065,docyx_pc_part_dataset_2025_07_23,headset,Skullcandy S6HSGY-384,Skullcandy,S6HSGY-384,headset:skullcandy:s6hsgy-384,curated_alias,reference_only_needs_verification,needs_review,False,1,Black;White,False,over_ear,False,False,closed,,general,communication,100.0,108.0,unverified_reference_source
2ebd51642ebb3c813fad,docyx_pc_part_dataset_2025_07_23,headset,Skullcandy Uprock Non Micd,Skullcandy,Uprock Non Micd,headset:skullcandy:uprock-non-micd,curated_alias,reference_only_needs_verification,needs_review,False,2,Black;Red,False,on_ear,False,False,closed,,general,communication,100.0,108.0,unverified_reference_source;identity_duplicates_collapsed
95f534bfc2082daeb9dd,docyx_pc_part_dataset_2025_07_23,headset,Thermaltake DRACCO,Thermaltake,DRACCO,headset:thermaltake:dracco,curated_alias,reference_only_needs_verification,needs_review,False,1,Multicolor,False,over_ear,False,False,closed,"10,22",general,communication,100.0,108.0,frequency_units_ambiguous;unverified_reference_source
6e8ac6d3f80648e69de6,docyx_pc_part_dataset_2025_07_23,headset,Thermaltake DRACCO Funky Pink,Thermaltake,DRACCO Funky Pink,headset:thermaltake:dracco-funky-pink,curated_alias,reference_only_needs_verification,needs_review,False,1,Black;Pink,False,over_ear,False,False,closed,,general,communication,100.0,108.0,unverified_reference_source
05a8cca1bd005c87779c,docyx_pc_part_dataset_2025_07_23,headset,Thermaltake HT-DRA007OEWH,Thermaltake,HT-DRA007OEWH,headset:thermaltake:ht-dra007oewh,curated_alias,reference_only_needs_verification,needs_review,False,1,White,False,over_ear,False,False,closed,"10,22",general,communication,100.0,108.0,frequency_units_ambiguous;unverified_reference_source
49504aabc88f25148734,docyx_pc_part_dataset_2025_07_23,headset,Turtle Beach TBS- 5200-01,Turtle Beach,TBS- 5200-01,headset:turtle-beach:tbs-5200-01,curated_alias,reference_only_needs_verification,needs_review,False,1,Black,False,over_ear,False,False,closed,"20,20",general,communication,100.0,108.0,frequency_units_ambiguous;unverified_reference_source
b0770ffbc00798f81882,docyx_pc_part_dataset_2025_07_23,headset,Yamaha EPH-100,Yamaha,EPH-100,headset:yamaha:eph-100,curated_alias,reference_only_needs_verification,needs_review,False,1,Black;Silver,False,in_ear,False,False,closed,"20,20",general,communication,100.0,108.0,frequency_units_ambiguous;unverified_reference_source
fd4aadf1c51935c1cf60,docyx_pc_part_dataset_2025_07_23,headset,Yamaha EPH-20 Black,Yamaha,EPH-20 Black,headset:yamaha:eph-20-black,curated_alias,reference_only_needs_verification,needs_review,False,1,Black,False,in_ear,False,False,closed,"20,21",general,communication,100.0,108.0,frequency_units_ambiguous;unverified_reference_source
498aa3446806319782c8,docyx_pc_part_dataset_2025_07_23,headset,Yamaha EPH-20 Indigo,Yamaha,EPH-20 Indigo,headset:yamaha:eph-20-indigo,curated_alias,reference_only_needs_verification,needs_review,False,1,Black;Purple,False,in_ear,False,False,closed,"20,21",general,communication,100.0,108.0,frequency_units_ambiguous;unverified_reference_source
af6de19e75cea47ebf20,docyx_pc_part_dataset_2025_07_23,headset,Yamaha EPH-20BR,Yamaha,EPH-20BR,headset:yamaha:eph-20br,curated_alias,reference_only_needs_verification,needs_review,False,1,Black;Red,False,in_ear,False,False,closed,"20,21",general,communication,100.0,108.0,frequency_units_ambiguous;unverified_reference_source
1213113a0d2e102b93e9,docyx_pc_part_dataset_2025_07_23,headset,Yamaha EPH-20BU,Yamaha,EPH-20BU,headset:yamaha:eph-20bu,curated_alias,reference_only_needs_verification,needs_review,False,1,Black;Purple,False,in_ear,False,False,closed,"20,21",general,communication,100.0,108.0,frequency_units_ambiguous;unverified_reference_source
4642f3e32b7a9385cae5,docyx_pc_part_dataset_2025_07_23,headset,Yamaha EPH-20GN,Yamaha,EPH-20GN,headset:yamaha:eph-20gn,curated_alias,reference_only_needs_verification,needs_review,False,1,Black;Green,False,in_ear,False,False,closed,"20,21",general,communication,100.0,108.0,frequency_units_ambiguous;unverified_reference_source
b631e690427b921733ee,docyx_pc_part_dataset_2025_07_23,headset,Yamaha EPH-30BL,Yamaha,EPH-30BL,headset:yamaha:eph-30bl,curated_alias,reference_only_needs_verification,needs_review,False,1,Black;Silver,False,in_ear,False,False,closed,"20,21",general,communication,100.0,108.0,frequency_units_ambiguous;unverified_reference_source
6f530e275a0b308e0501,docyx_pc_part_dataset_2025_07_23,headset,Yamaha EPH-30WH,Yamaha,EPH-30WH,headset:yamaha:eph-30wh,curated_alias,reference_only_needs_verification,needs_review,False,1,White,False,in_ear,False,False,closed,"20,21",general,communication,100.0,108.0,frequency_units_ambiguous;unverified_reference_source
bef4b75c09edac050e1c,docyx_pc_part_dataset_2025_07_23,headset,Yamaha EPH-50,Yamaha,EPH-50,headset:yamaha:eph-50,curated_alias,reference_only_needs_verification,needs_review,False,1,Black,False,in_ear,False,False,closed,"20,21",general,communication,100.0,108.0,frequency_units_ambiguous;unverified_reference_source
e46b4d4faa735245e48f,docyx_pc_part_dataset_2025_07_23,headset,Yamaha EPH-50 White,Yamaha,EPH-50 White,headset:yamaha:eph-50-white,curated_alias,reference_only_needs_verification,needs_review,False,1,White,False,in_ear,False,False,closed,"20,21",general,communication,100.0,108.0,frequency_units_ambiguous;unverified_reference_source
ec5b4dae6da1a2a39929,docyx_pc_part_dataset_2025_07_23,headset,Yamaha EPH-50BL,Yamaha,EPH-50BL,headset:yamaha:eph-50bl,curated_alias,reference_only_needs_verification,needs_review,False,1,Black,False,in_ear,False,False,closed,"20,21",general,communication,100.0,108.0,frequency_units_ambiguous;unverified_reference_source
fc5b98cf96dcd8d60166,docyx_pc_part_dataset_2025_07_23,headset,Yamaha EPH-50WH,Yamaha,EPH-50WH,headset:yamaha:eph-50wh,curated_alias,reference_only_needs_verification,needs_review,False,1,White,False,in_ear,False,False,closed,"20,21",general,communication,100.0,108.0,frequency_units_ambiguous;unverified_reference_source
4b2943e6b790b0f29b1b,docyx_pc_part_dataset_2025_07_23,headset,Yamaha EPH-C500-BL,Yamaha,EPH-C500-BL,headset:yamaha:eph-c500-bl,curated_alias,reference_only_needs_verification,needs_review,False,1,Black;Silver,False,in_ear,False,False,closed,,general,communication,100.0,108.0,unverified_reference_source
c67d437fda64103a9ab9,docyx_pc_part_dataset_2025_07_23,headset,Yamaha EPH-C500-WH,Yamaha,EPH-C500-WH,headset:yamaha:eph-c500-wh,curated_alias,reference_only_needs_verification,needs_review,False,1,White,False,in_ear,False,False,closed,,general,communication,100.0,108.0,unverified_reference_source
9e7b5eb199a1fb911463,docyx_pc_part_dataset_2025_07_23,headset,Yamaha HPH-200BL,Yamaha,HPH-200BL,headset:yamaha:hph-200bl,curated_alias,reference_only_needs_verification,needs_review,False,2,Black;Silver;White,False,on_ear,False,False,closed,"20,20",general,communication,100.0,108.0,frequency_units_ambiguous;unverified_reference_source;identity_duplicates_collapsed
a0ccc84425eca4bdf8f1,docyx_pc_part_dataset_2025_07_23,headset,Yamaha HPH-PRO300BL,Yamaha,HPH-PRO300BL,headset:yamaha:hph-pro300bl,curated_alias,reference_only_needs_verification,needs_review,False,1,Black;White,False,on_ear,False,False,closed,"20,20",general,communication,100.0,108.0,frequency_units_ambiguous;unverified_reference_source
1acb977532d054fb49d1,docyx_pc_part_dataset_2025_07_23,headset,Yamaha HPH-PRO300BU,Yamaha,HPH-PRO300BU,headset:yamaha:hph-pro300bu,curated_alias,reference_only_needs_verification,needs_review,False,1,Black;Blue,False,on_ear,False,False,closed,"20,20",general,communication,100.0,108.0,frequency_units_ambiguous;unverified_reference_source
e3c01f68f53706f3a496,docyx_pc_part_dataset_2025_07_23,headset,Yamaha HPH-PRO300WH,Yamaha,HPH-PRO300WH,headset:yamaha:hph-pro300wh,curated_alias,reference_only_needs_verification,needs_review,False,1,Black;White,False,on_ear,False,False,closed,"20,20",general,communication,100.0,108.0,frequency_units_ambiguous;unverified_reference_source
d0b42618844b0e44cdda,docyx_pc_part_dataset_2025_07_23,headset,Yamaha HPH-PRO400BL,Yamaha,HPH-PRO400BL,headset:yamaha:hph-pro400bl,curated_alias,reference_only_needs_verification,needs_review,False,1,Black;White,False,on_ear,False,False,closed,"20,20",general,communication,100.0,108.0,frequency_units_ambiguous;unverified_reference_source
4b7dd9865eadb3d40511,docyx_pc_part_dataset_2025_07_23,headset,Yamaha HPH-PRO400WH,Yamaha,HPH-PRO400WH,headset:yamaha:hph-pro400wh,curated_alias,reference_only_needs_verification,needs_review,False,1,Black;White,False,on_ear,False,False,closed,"20,20",general,communication,100.0,108.0,frequency_units_ambiguous;unverified_reference_source
9d2d1bae0f4431963ee9,docyx_pc_part_dataset_2025_07_23,headset,Yamaha HPH-PRO500BL,Yamaha,HPH-PRO500BL,headset:yamaha:hph-pro500bl,curated_alias,reference_only_needs_verification,needs_review,False,1,Black;Silver,False,on_ear,False,False,closed,"20,20",general,communication,100.0,108.0,frequency_units_ambiguous;unverified_reference_source
968d033ed60552e5e792,docyx_pc_part_dataset_2025_07_23,headset,Yamaha HPH-PRO500BU,Yamaha,HPH-PRO500BU,headset:yamaha:hph-pro500bu,curated_alias,reference_only_needs_verification,needs_review,False,1,Blue;Silver,False,over_ear,False,False,closed,"20,20",general,communication,100.0,108.0,frequency_units_ambiguous;unverified_reference_source
d5a1836b38961c3d9669,docyx_pc_part_dataset_2025_07_23,headset,Yamaha RH5MA,Yamaha,RH5MA,headset:yamaha:rh5ma,curated_alias,reference_only_needs_verification,needs_review,False,1,Black,False,on_ear,False,False,closed,"20,20",general,communication,100.0,108.0,frequency_units_ambiguous;unverified_reference_source
ce78b59e2a6ec179b61b,docyx_pc_part_dataset_2025_07_23,headset,A4Tech HU-111,A4Tech,HU-111,headset:a4tech:hu-111,inferred_first_token,reference_only_needs_verification,needs_review,False,1,Black,True,over_ear,True,False,closed,"20,20",general;communication;gaming,gaming,100.0,107.0,frequency_units_ambiguous;unverified_reference_source
2bd154ba324c524b0202,docyx_pc_part_dataset_2025_07_23,headset,AOC GH200,AOC,GH200,headset:aoc:gh200,curated_alias,reference_only_needs_verification,needs_review,False,1,Black;Silver,False,over_ear,True,False,closed,"20,20",general;communication;gaming,gaming,100.0,107.0,frequency_units_ambiguous;unverified_reference_source
158934a7af2914111629,docyx_pc_part_dataset_2025_07_23,headset,AOC GH300,AOC,GH300,headset:aoc:gh300,curated_alias,reference_only_needs_verification,needs_review,False,1,Black;Red,False,over_ear,True,False,closed,"20,20",general;communication;gaming,gaming,100.0,107.0,frequency_units_ambiguous;unverified_reference_source
ef09d0a1757101d26783,docyx_pc_part_dataset_2025_07_23,headset,AOC GH401,AOC,GH401,headset:aoc:gh401,curated_alias,reference_only_needs_verification,needs_review,False,1,Black;Red,False,over_ear,True,True,closed,"20,20",general;communication;gaming;portable,communication,100.0,107.0,frequency_units_ambiguous;unverified_reference_source
774289a8e6f8c5184c32,docyx_pc_part_dataset_2025_07_23,headset,Astro A40 TR,Astro,A40 TR,headset:astro:a40-tr,inferred_first_token,reference_only_needs_verification,needs_review,False,1,Black,False,over_ear,True,False,open,"20,24",general;communication;music_creation,music_creation,100.0,107.0,frequency_units_ambiguous;unverified_reference_source
44c45f9b7134c04a978e,docyx_pc_part_dataset_2025_07_23,headset,Cyber Acoustics AC-401,Cyber Acoustics,AC-401,headset:cyber-acoustics:ac-401,curated_alias,reference_only_needs_verification,needs_review,False,1,Black,False,over_ear,True,False,closed,"20,20",general;communication;gaming,gaming,100.0,107.0,frequency_units_ambiguous;unverified_reference_source
56fa052a71d9257a0891,docyx_pc_part_dataset_2025_07_23,headset,Cyber Acoustics AC-404,Cyber Acoustics,AC-404,headset:cyber-acoustics:ac-404,curated_alias,reference_only_needs_verification,needs_review,False,1,Black;Silver,False,on_ear,True,False,closed,"20,20",general;communication;gaming,gaming,100.0,107.0,frequency_units_ambiguous;unverified_reference_source
95df9f91f03fb6df474b,docyx_pc_part_dataset_2025_07_23,headset,Cyber Acoustics AC-648,Cyber Acoustics,AC-648,headset:cyber-acoustics:ac-648,curated_alias,reference_only_needs_verification,needs_review,False,1,Black;Silver,False,on_ear,True,False,closed,"20,20",general;communication;gaming,gaming,100.0,107.0,frequency_units_ambiguous;unverified_reference_source
d49413f28ba78b5be000,docyx_pc_part_dataset_2025_07_23,headset,Cyber Acoustics AC-744,Cyber Acoustics,AC-744,headset:cyber-acoustics:ac-744,curated_alias,reference_only_needs_verification,needs_review,False,2,Black;Silver,False,on_ear,True,False,closed,"20,20",general;communication;gaming,gaming,100.0,107.0,frequency_units_ambiguous;unverified_reference_source;identity_duplicates_collapsed
55c556125c0736e70177,docyx_pc_part_dataset_2025_07_23,headset,Cyber Acoustics AC-8001,Cyber Acoustics,AC-8001,headset:cyber-acoustics:ac-8001,curated_alias,reference_only_needs_verification,needs_review,False,1,Black;Silver,False,over_ear,True,False,closed,"20,20",general;communication;gaming,gaming,100.0,107.0,frequency_units_ambiguous;unverified_reference_source
7412e5e2288ffe624cee,docyx_pc_part_dataset_2025_07_23,headset,Cyber Acoustics AC-8003,Cyber Acoustics,AC-8003,headset:cyber-acoustics:ac-8003,curated_alias,reference_only_needs_verification,needs_review,False,1,Black;Silver,False,on_ear,True,False,closed,"20,20",general;communication;gaming,gaming,100.0,107.0,frequency_units_ambiguous;unverified_reference_source
c1040e8f1f90d4828e51,docyx_pc_part_dataset_2025_07_23,headset,Cyber Acoustics AC-94,Cyber Acoustics,AC-94,headset:cyber-acoustics:ac-94,curated_alias,reference_only_needs_verification,needs_review,False,1,Black;Silver,False,in_ear,True,False,closed,"20,20",general;communication;gaming,gaming,100.0,107.0,frequency_units_ambiguous;unverified_reference_source
0b1f51ed839426402522,docyx_pc_part_dataset_2025_07_23,headset,Cyber Acoustics AC-960,Cyber Acoustics,AC-960,headset:cyber-acoustics:ac-960,curated_alias,reference_only_needs_verification,needs_review,False,1,Black,False,over_ear,True,False,closed,"20,20",general;communication;gaming,gaming,100.0,107.0,frequency_units_ambiguous;unverified_reference_source
661461e42e0d787c31b2,docyx_pc_part_dataset_2025_07_23,headset,Cyber Acoustics AC-9648,Cyber Acoustics,AC-9648,headset:cyber-acoustics:ac-9648,curated_alias,reference_only_needs_verification,needs_review,False,1,Black;Silver,False,over_ear,True,False,closed,,general;communication;gaming,gaming,100.0,107.0,unverified_reference_source
582b8c1b6f75c521e456,docyx_pc_part_dataset_2025_07_23,headset,Cyber Acoustics AC-968,Cyber Acoustics,AC-968,headset:cyber-acoustics:ac-968,curated_alias,reference_only_needs_verification,needs_review,False,1,Black,False,over_ear,True,False,closed,"20,20",general;communication;gaming,gaming,100.0,107.0,frequency_units_ambiguous;unverified_reference_source
0ef4ba8620d636a41674,docyx_pc_part_dataset_2025_07_23,headset,DROP DROP Massdrop x Koss Porta Pro X,DROP,DROP Massdrop x Koss Porta Pro X,headset:drop:drop-massdrop-x-koss-porta-pro-x,inferred_first_token,reference_only_needs_verification,needs_review,False,1,Black;Blue,False,on_ear,True,False,open,"15,25",general;communication;music_creation,music_creation,100.0,107.0,frequency_units_ambiguous;unverified_reference_source
029c59fd0ea494368a97,docyx_pc_part_dataset_2025_07_23,headset,DROP Drop + Sennheiser PC38X,DROP,Drop + Sennheiser PC38X,headset:drop:drop-sennheiser-pc38x,inferred_first_token,reference_only_needs_verification,needs_review,False,2,Black;Yellow,False,over_ear,True,False,open,"10,30",general;communication;music_creation,music_creation,100.0,107.0,frequency_units_ambiguous;unverified_reference_source;identity_duplicates_collapsed
3fba76290f9a6a979830,docyx_pc_part_dataset_2025_07_23,headset,GameStop GS101,GameStop,GS101,headset:gamestop:gs101,inferred_first_token,reference_only_needs_verification,needs_review,False,1,Black,True,over_ear,True,False,closed,,general;communication;gaming,gaming,100.0,107.0,unverified_reference_source
2c1903ef11ce72ab6323,docyx_pc_part_dataset_2025_07_23,headset,GameStop GS220,GameStop,GS220,headset:gamestop:gs220,inferred_first_token,reference_only_needs_verification,needs_review,False,1,Gray;Silver,True,over_ear,True,False,closed,,general;communication;gaming,gaming,100.0,107.0,unverified_reference_source
75dd9ff1e2e6eb3e7f3f,docyx_pc_part_dataset_2025_07_23,headset,Kensington 33323,Kensington,33323,headset:kensington:33323,curated_alias,reference_only_needs_verification,needs_review,False,1,Black,False,on_ear,True,False,closed,,general;communication;gaming,gaming,100.0,107.0,unverified_reference_source
b14def64cf5cb8385b30,docyx_pc_part_dataset_2025_07_23,headset,Kensington H2000,Kensington,H2000,headset:kensington:h2000,curated_alias,reference_only_needs_verification,needs_review,False,1,Black,False,over_ear,True,False,closed,"20,20",general;communication;gaming,gaming,100.0,107.0,frequency_units_ambiguous;unverified_reference_source
4739fe222ddc56d36033,docyx_pc_part_dataset_2025_07_23,headset,Koss 159617,Koss,159617,headset:koss:159617,curated_alias,reference_only_needs_verification,needs_review,False,1,Black;Silver,False,on_ear,True,False,closed,"30,16",general;communication;gaming,gaming,100.0,107.0,frequency_units_ambiguous;unverified_reference_source
931bab2acf8f2f52e82f,docyx_pc_part_dataset_2025_07_23,headset,Koss HQ2,Koss,HQ2,headset:koss:hq2,curated_alias,reference_only_needs_verification,needs_review,False,1,Black,False,over_ear,True,False,closed,"20,20",general;communication;gaming,gaming,100.0,107.0,frequency_units_ambiguous;unverified_reference_source
222f83007f60788258d8,docyx_pc_part_dataset_2025_07_23,headset,Koss SB45 07,Koss,SB45 07,headset:koss:sb45-07,curated_alias,reference_only_needs_verification,needs_review,False,1,Black;White,False,over_ear,True,False,closed,"18,20",general;communication;gaming,gaming,100.0,107.0,frequency_units_ambiguous;unverified_reference_source
f83eb6d95db05e9a8d74,docyx_pc_part_dataset_2025_07_23,headset,Koss SB49,Koss,SB49,headset:koss:sb49,curated_alias,reference_only_needs_verification,needs_review,False,1,Black;White,False,over_ear,True,False,closed,"18,20",general;communication;gaming,gaming,100.0,107.0,frequency_units_ambiguous;unverified_reference_source
40f9608559b7e48622c9,docyx_pc_part_dataset_2025_07_23,headset,Koss SB49 07,Koss,SB49 07,headset:koss:sb49-07,curated_alias,reference_only_needs_verification,needs_review,False,1,Black;Silver,False,over_ear,True,False,closed,"18,20",general;communication;gaming,gaming,100.0,107.0,frequency_units_ambiguous;unverified_reference_source
6f4ab4653f5fe89e7303,docyx_pc_part_dataset_2025_07_23,headset,Koss TD85 07,Koss,TD85 07,headset:koss:td85-07,curated_alias,reference_only_needs_verification,needs_review,False,1,Black;Silver,False,over_ear,True,False,closed,"20,17",general;communication;gaming,gaming,100.0,107.0,frequency_units_ambiguous;unverified_reference_source
0320da3ec27e2999b46c,docyx_pc_part_dataset_2025_07_23,headset,Lenovo P950,Lenovo,P950,headset:lenovo:p950,curated_alias,reference_only_needs_verification,needs_review,False,1,Black,False,over_ear,True,False,closed,"125,20",general;communication;gaming,gaming,100.0,107.0,frequency_units_ambiguous;unverified_reference_source
1a35fc0efcdd64e3125a,docyx_pc_part_dataset_2025_07_23,headset,LucidSound LS41,LucidSound,LS41,headset:lucidsound:ls41,inferred_first_token,reference_only_needs_verification,needs_review,False,1,Black,True,over_ear,True,True,closed,"20,20",general;communication;gaming;portable,communication,100.0,107.0,frequency_units_ambiguous;unverified_reference_source
485fc3c6b9809f97a400,docyx_pc_part_dataset_2025_07_23,headset,Panasonic 777780526821,Panasonic,777780526821,headset:panasonic:777780526821,curated_alias,reference_only_needs_verification,needs_review,False,1,Black,False,on_ear,True,False,closed,,general;communication;gaming,gaming,100.0,107.0,unverified_reference_source
9ce9e850ab4e1720d1b3,docyx_pc_part_dataset_2025_07_23,headset,Patriot V360,Patriot,V360,headset:patriot:v360,inferred_first_token,reference_only_needs_verification,needs_review,False,1,Black;Red,True,over_ear,True,False,closed,,general;communication;gaming,gaming,100.0,107.0,unverified_reference_source
30341663824fa3774e8f,docyx_pc_part_dataset_2025_07_23,headset,Plantronics 202239-01,Plantronics,202239-01,headset:plantronics:202239-01,curated_alias,reference_only_needs_verification,needs_review,False,1,Black;Silver,False,on_ear,True,False,closed,,general;communication;gaming,gaming,100.0,107.0,unverified_reference_source
a580aca9e5677a256e3f,docyx_pc_part_dataset_2025_07_23,headset,Plantronics 86051-11,Plantronics,86051-11,headset:plantronics:86051-11,curated_alias,reference_only_needs_verification,needs_review,False,1,Black;Red,False,over_ear,True,False,closed,,general;communication;gaming,gaming,100.0,107.0,unverified_reference_source
7d7522f989a3eebf77a9,docyx_pc_part_dataset_2025_07_23,headset,Plantronics 89918-79,Plantronics,89918-79,headset:plantronics:89918-79,curated_alias,reference_only_needs_verification,needs_review,False,1,Black,False,on_ear,True,False,closed,,general;communication;gaming,gaming,100.0,107.0,unverified_reference_source
95d887b2c71299b6ff81,docyx_pc_part_dataset_2025_07_23,headset,SHARKOON SGH10,SHARKOON,SGH10,headset:sharkoon:sgh10,inferred_first_token,reference_only_needs_verification,needs_review,False,1,Black,False,over_ear,True,False,open,"20,20",general;communication;music_creation,music_creation,100.0,107.0,frequency_units_ambiguous;unverified_reference_source
1665d0bf51f32342b630,docyx_pc_part_dataset_2025_07_23,headset,Sades SA-708,Sades,SA-708,headset:sades:sa-708,inferred_first_token,reference_only_needs_verification,needs_review,False,1,Black;Green,True,over_ear,True,False,closed,,general;communication;gaming,gaming,100.0,107.0,unverified_reference_source
082867abb1e00f680cd1,docyx_pc_part_dataset_2025_07_23,headset,Sennheiser 502029,Sennheiser,502029,headset:sennheiser:502029,curated_alias,reference_only_needs_verification,needs_review,False,1,Black,False,over_ear,False,True,open,"16,22",general;music_creation;portable,music_creation,100.0,107.0,frequency_units_ambiguous;unverified_reference_source
07944f7bdbf60552d19e,docyx_pc_part_dataset_2025_07_23,headset,Sennheiser 502875,Sennheiser,502875,headset:sennheiser:502875,curated_alias,reference_only_needs_verification,needs_review,False,1,Black;Silver,False,over_ear,False,True,open,"18,21",general;music_creation;portable,music_creation,100.0,107.0,frequency_units_ambiguous;unverified_reference_source
80246189832b9da0103c,docyx_pc_part_dataset_2025_07_23,headset,Sennheiser HD 518,Sennheiser,HD 518,headset:sennheiser:hd-518,curated_alias,reference_only_needs_verification,needs_review,False,1,Black;Silver,False,over_ear,False,False,open,"14,26",general;music_creation,music_creation,100.0,107.0,frequency_units_ambiguous;unverified_reference_source
054e4c6432fec5ec08b1,docyx_pc_part_dataset_2025_07_23,headset,Sennheiser HD 559,Sennheiser,HD 559,headset:sennheiser:hd-559,curated_alias,reference_only_needs_verification,needs_review,False,1,Black,False,over_ear,False,False,open,"14,26",general;music_creation,music_creation,100.0,107.0,frequency_units_ambiguous;unverified_reference_source
30aa5d501ff861a38970,docyx_pc_part_dataset_2025_07_23,headset,Sennheiser HD 579,Sennheiser,HD 579,headset:sennheiser:hd-579,curated_alias,reference_only_needs_verification,needs_review,False,1,Gray,False,over_ear,False,False,open,"15,28",general;music_creation,music_creation,100.0,107.0,frequency_units_ambiguous;unverified_reference_source
41fc982964471b4031f7,docyx_pc_part_dataset_2025_07_23,headset,Sennheiser HD 800,Sennheiser,HD 800,headset:sennheiser:hd-800,curated_alias,reference_only_needs_verification,needs_review,False,1,Black;Silver,False,over_ear,False,False,open,"6,51",general;music_creation,music_creation,100.0,107.0,frequency_units_ambiguous;unverified_reference_source
d0e88d2c9b8a632585c6,docyx_pc_part_dataset_2025_07_23,headset,Sennheiser HD515,Sennheiser,HD515,headset:sennheiser:hd515,curated_alias,reference_only_needs_verification,needs_review,False,1,Black;Silver,False,over_ear,False,False,open,"14,26",general;music_creation,music_creation,100.0,107.0,frequency_units_ambiguous;unverified_reference_source
7992f5573b8656b76e50,docyx_pc_part_dataset_2025_07_23,headset,Sennheiser HD700,Sennheiser,HD700,headset:sennheiser:hd700,curated_alias,reference_only_needs_verification,needs_review,False,1,Black;Silver,False,over_ear,False,False,open,"8,44",general;music_creation,music_creation,100.0,107.0,frequency_units_ambiguous;unverified_reference_source
5d17dddcbc6846046400,docyx_pc_part_dataset_2025_07_23,headset,Sennheiser RS 120,Sennheiser,RS 120,headset:sennheiser:rs-120,curated_alias,reference_only_needs_verification,needs_review,False,1,Black;Silver,False,on_ear,False,True,open,"22,19.5",general;music_creation;portable,music_creation,100.0,107.0,frequency_units_ambiguous;unverified_reference_source
ad7f31f6df0e2058fa26,docyx_pc_part_dataset_2025_07_23,headset,Sennheiser RS 180,Sennheiser,RS 180,headset:sennheiser:rs-180,curated_alias,reference_only_needs_verification,needs_review,False,1,Black;Silver,False,over_ear,False,False,open,"18,21",general;music_creation,music_creation,100.0,107.0,frequency_units_ambiguous;unverified_reference_source
58950eb6ec5bd07ac8e1,docyx_pc_part_dataset_2025_07_23,headset,Sennheiser RS110,Sennheiser,RS110,headset:sennheiser:rs110,curated_alias,reference_only_needs_verification,needs_review,False,1,Black;Silver,False,on_ear,False,False,open,"22,19.5",general;music_creation,music_creation,100.0,107.0,frequency_units_ambiguous;unverified_reference_source
b31d5659e72dd81417c8,docyx_pc_part_dataset_2025_07_23,headset,Syba CM-502,Syba,CM-502,headset:syba:cm-502,inferred_first_token,reference_only_needs_verification,needs_review,False,1,Black;Silver,True,over_ear,True,False,closed,"20,20",general;communication;gaming,gaming,100.0,107.0,frequency_units_ambiguous;unverified_reference_source
c7bb97cf22f73cf7754f,docyx_pc_part_dataset_2025_07_23,headset,Syba CM-5023,Syba,CM-5023,headset:syba:cm-5023,inferred_first_token,reference_only_needs_verification,needs_review,False,1,Black;Silver,True,on_ear,True,False,closed,"20,20",general;communication;gaming,gaming,100.0,107.0,frequency_units_ambiguous;unverified_reference_source
4ba27b4e4f2e8b5452dd,docyx_pc_part_dataset_2025_07_23,headset,Turtle Beach DP11,Turtle Beach,DP11,headset:turtle-beach:dp11,curated_alias,reference_only_needs_verification,needs_review,False,1,Black;Red,False,over_ear,True,False,closed,,general;communication;gaming,gaming,100.0,107.0,unverified_reference_source
0e60ba82cdaf05be0cb6,docyx_pc_part_dataset_2025_07_23,headset,Turtle Beach M5,Turtle Beach,M5,headset:turtle-beach:m5,curated_alias,reference_only_needs_verification,needs_review,False,1,Black;Silver,False,over_ear,True,False,closed,"20,20",general;communication;gaming,gaming,100.0,107.0,frequency_units_ambiguous;unverified_reference_source
1d54130375205608772c,docyx_pc_part_dataset_2025_07_23,headset,Turtle Beach P11,Turtle Beach,P11,headset:turtle-beach:p11,curated_alias,reference_only_needs_verification,needs_review,False,1,Black;Red,False,over_ear,True,False,closed,"20,20",general;communication;gaming,gaming,100.0,107.0,frequency_units_ambiguous;unverified_reference_source
6ac49476a07f0849382f,docyx_pc_part_dataset_2025_07_23,headset,Turtle Beach P4C,Turtle Beach,P4C,headset:turtle-beach:p4c,curated_alias,reference_only_needs_verification,needs_review,False,1,Black;Blue,False,over_ear,True,False,closed,,general;communication;gaming,gaming,100.0,107.0,unverified_reference_source
285e7c5bec57c87f0e8e,docyx_pc_part_dataset_2025_07_23,headset,Turtle Beach PX22,Turtle Beach,PX22,headset:turtle-beach:px22,curated_alias,reference_only_needs_verification,needs_review,False,1,Black;Blue,False,over_ear,True,False,closed,,general;communication;gaming,gaming,100.0,107.0,unverified_reference_source
cd5eb636edbe5d95b241,docyx_pc_part_dataset_2025_07_23,headset,Turtle Beach X12,Turtle Beach,X12,headset:turtle-beach:x12,curated_alias,reference_only_needs_verification,needs_review,False,1,Black;Green,False,over_ear,True,False,closed,,general;communication;gaming,gaming,100.0,107.0,unverified_reference_source
653697a9aa95a58c3245,docyx_pc_part_dataset_2025_07_23,headset,Turtle Beach XP510,Turtle Beach,XP510,headset:turtle-beach:xp510,curated_alias,reference_only_needs_verification,needs_review,False,1,Black;Green,False,over_ear,True,True,closed,"20,20",general;communication;gaming;portable,communication,100.0,107.0,frequency_units_ambiguous;unverified_reference_source
be2602235a6bd482e2f1,docyx_pc_part_dataset_2025_07_23,headset,Turtle Beach Z11,Turtle Beach,Z11,headset:turtle-beach:z11,curated_alias,reference_only_needs_verification,needs_review,False,1,Black,False,over_ear,True,False,closed,"20,20",general;communication;gaming,gaming,100.0,107.0,frequency_units_ambiguous;unverified_reference_source
80ba21287edce5a972c8,docyx_pc_part_dataset_2025_07_23,headset,Turtle Beach Z22,Turtle Beach,Z22,headset:turtle-beach:z22,curated_alias,reference_only_needs_verification,needs_review,False,1,Black;Red,False,over_ear,True,False,closed,,general;communication;gaming,gaming,100.0,107.0,unverified_reference_source
ea036a0aa061a58a98cf,docyx_pc_part_dataset_2025_07_23,headset,Turtle Beach Z300,Turtle Beach,Z300,headset:turtle-beach:z300,curated_alias,reference_only_needs_verification,needs_review,False,1,Black;Red,False,over_ear,True,False,closed,,general;communication;gaming,gaming,100.0,107.0,unverified_reference_source
145beb0d1433f9c63071,docyx_pc_part_dataset_2025_07_23,headset,Turtle Beach Z60,Turtle Beach,Z60,headset:turtle-beach:z60,curated_alias,reference_only_needs_verification,needs_review,False,1,Black;Red,False,over_ear,True,False,closed,,general;communication;gaming,gaming,100.0,107.0,unverified_reference_source
36647345e52e1be13d15,docyx_pc_part_dataset_2025_07_23,headset,AKG K242HD,AKG,K242HD,headset:akg:k242hd,curated_alias,reference_only_needs_verification,needs_review,False,1,Black;Silver,False,over_ear,False,False,semi_open,"15,25",general,communication,100.0,105.0,frequency_units_ambiguous;unverified_reference_source
2e8e4020de8fa9572276,docyx_pc_part_dataset_2025_07_23,headset,AKG K361,AKG,K361,headset:akg:k361,curated_alias,reference_only_needs_verification,needs_review,False,1,Black,True,over_ear,False,False,closed,"15,28",general,communication,100.0,105.0,frequency_units_ambiguous;unverified_reference_source
0dcc4efca5fbe513363e,docyx_pc_part_dataset_2025_07_23,headset,AKG K371,AKG,K371,headset:akg:k371,curated_alias,reference_only_needs_verification,needs_review,False,2,Black,True,over_ear,False,False,closed,"5,40",general,communication,100.0,105.0,frequency_units_ambiguous;unverified_reference_source;identity_duplicates_collapsed
47a8520320526888c3bf,docyx_pc_part_dataset_2025_07_23,headset,AKG K420BLU,AKG,K420BLU,headset:akg:k420blu,curated_alias,reference_only_needs_verification,needs_review,False,1,Black;Blue,False,over_ear,False,False,semi_open,"13,27",general,communication,100.0,105.0,frequency_units_ambiguous;unverified_reference_source
1a79bf535f44949049ff,docyx_pc_part_dataset_2025_07_23,headset,AKG K92,AKG,K92,headset:akg:k92,curated_alias,reference_only_needs_verification,needs_review,False,1,Black;Gold,True,over_ear,False,False,closed,"16,22",general,communication,100.0,105.0,frequency_units_ambiguous;unverified_reference_source
9a5a507515f180d3983a,docyx_pc_part_dataset_2025_07_23,headset,AKG Q701WHT,AKG,Q701WHT,headset:akg:q701wht,curated_alias,reference_only_needs_verification,needs_review,False,1,Black;White,False,over_ear,False,False,open,"10,39.8",general;music_creation,music_creation,100.0,105.0,frequency_units_ambiguous;unverified_reference_source
ac1fa3c26983aa60355a,docyx_pc_part_dataset_2025_07_23,headset,Beyerdynamic Amiron Home Tesla,Beyerdynamic,Amiron Home Tesla,headset:beyerdynamic:amiron-home-tesla,curated_alias,reference_only_needs_verification,needs_review,False,1,Black;Silver,False,over_ear,False,False,open,"5,40",general;music_creation,music_creation,100.0,105.0,frequency_units_ambiguous;unverified_reference_source
c2d2af1eb6f616762280,docyx_pc_part_dataset_2025_07_23,headset,Beyerdynamic DT 880 CHROME SPECIAL EDITION,Beyerdynamic,DT 880 CHROME SPECIAL EDITION,headset:beyerdynamic:dt-880-chrome-special-edition,curated_alias,reference_only_needs_verification,needs_review,False,1,Black;Silver,False,over_ear,False,False,semi_open,"5,35",general,communication,100.0,105.0,frequency_units_ambiguous;unverified_reference_source
b4ff99f116c2b2108c75,docyx_pc_part_dataset_2025_07_23,headset,Beyerdynamic DT 880 Premium 250 Ohm,Beyerdynamic,DT 880 Premium 250 Ohm,headset:beyerdynamic:dt-880-premium-250-ohm,curated_alias,reference_only_needs_verification,needs_review,False,1,Black;White,False,over_ear,False,False,semi_open,"5,35",general,communication,100.0,105.0,frequency_units_ambiguous;unverified_reference_source
054b3377b9e269467f8e,docyx_pc_part_dataset_2025_07_23,headset,Beyerdynamic DT 880 Premium 600 Ohm,Beyerdynamic,DT 880 Premium 600 Ohm,headset:beyerdynamic:dt-880-premium-600-ohm,curated_alias,reference_only_needs_verification,needs_review,False,1,Black;Silver,False,over_ear,False,False,semi_open,"5,35",general,communication,100.0,105.0,frequency_units_ambiguous;unverified_reference_source
9dda0850312fb552a218,docyx_pc_part_dataset_2025_07_23,headset,Beyerdynamic DT 990 Pro 250,Beyerdynamic,DT 990 Pro 250,headset:beyerdynamic:dt-990-pro-250,curated_alias,reference_only_needs_verification,needs_review,False,1,Black;Gray,False,over_ear,False,False,open,"5,35",general;music_creation,music_creation,100.0,105.0,frequency_units_ambiguous;unverified_reference_source
115dd27c4bab7bf8e08b,docyx_pc_part_dataset_2025_07_23,headset,Beyerdynamic DTX 910,Beyerdynamic,DTX 910,headset:beyerdynamic:dtx-910,curated_alias,reference_only_needs_verification,needs_review,False,1,Silver,False,over_ear,False,False,open,"15,23",general;music_creation,music_creation,100.0,105.0,frequency_units_ambiguous;unverified_reference_source
2673faee09758b81fb05,docyx_pc_part_dataset_2025_07_23,headset,HiFiMAN Deva,HiFiMAN,Deva,headset:hifiman:deva,curated_alias,reference_only_needs_verification,needs_review,False,2,Brown;Silver,False,over_ear,False,True,open,"20,20",general;music_creation;portable,music_creation,100.0,105.0,frequency_units_ambiguous;unverified_reference_source;identity_duplicates_collapsed
be4c454a0278510e8e55,docyx_pc_part_dataset_2025_07_23,headset,HiFiMAN Edition X,HiFiMAN,Edition X,headset:hifiman:edition-x,curated_alias,reference_only_needs_verification,needs_review,False,1,Black;Silver,False,over_ear,False,False,open,"8,50",general;music_creation,music_creation,100.0,105.0,frequency_units_ambiguous;unverified_reference_source
db261ad781290a629556,docyx_pc_part_dataset_2025_07_23,headset,HiFiMAN Edition X V2,HiFiMAN,Edition X V2,headset:hifiman:edition-x-v2,curated_alias,reference_only_needs_verification,needs_review,False,1,Black;Silver,False,over_ear,False,False,open,"8,50",general;music_creation,music_creation,100.0,105.0,frequency_units_ambiguous;unverified_reference_source
358659541c70be71b7db,docyx_pc_part_dataset_2025_07_23,headset,HiFiMAN HE-400i,HiFiMAN,HE-400i,headset:hifiman:he-400i,curated_alias,reference_only_needs_verification,needs_review,False,1,Black,False,over_ear,False,False,open,"20,35",general;music_creation,music_creation,100.0,105.0,frequency_units_ambiguous;unverified_reference_source
3466a83bb51c6673270d,docyx_pc_part_dataset_2025_07_23,headset,HiFiMAN HE1000 V2,HiFiMAN,HE1000 V2,headset:hifiman:he1000-v2,curated_alias,reference_only_needs_verification,needs_review,False,1,Brown;Silver,False,over_ear,False,False,open,"8,65",general;music_creation,music_creation,100.0,105.0,frequency_units_ambiguous;unverified_reference_source
411f7fe46972c4a38657,docyx_pc_part_dataset_2025_07_23,headset,HiFiMAN HE400S,HiFiMAN,HE400S,headset:hifiman:he400s,curated_alias,reference_only_needs_verification,needs_review,False,1,Black;Silver,False,over_ear,False,False,open,"20,35",general;music_creation,music_creation,100.0,105.0,frequency_units_ambiguous;unverified_reference_source
edd6a8b9d16173b2d273,docyx_pc_part_dataset_2025_07_23,headset,HiFiMAN HE400i Ver.2020,HiFiMAN,HE400i Ver.2020,headset:hifiman:he400i-ver-2020,curated_alias,reference_only_needs_verification,needs_review,False,1,Black,False,over_ear,False,False,open,"20,35",general;music_creation,music_creation,100.0,105.0,frequency_units_ambiguous;unverified_reference_source
e59669969e4e5b61aa46,docyx_pc_part_dataset_2025_07_23,headset,HiFiMAN HE5se,HiFiMAN,HE5se,headset:hifiman:he5se,curated_alias,reference_only_needs_verification,needs_review,False,1,Black,False,over_ear,False,False,open,"20,35",general;music_creation,music_creation,100.0,105.0,frequency_units_ambiguous;unverified_reference_source
2ed039eadade95db0894,docyx_pc_part_dataset_2025_07_23,headset,HiFiMAN HE6se,HiFiMAN,HE6se,headset:hifiman:he6se,curated_alias,reference_only_needs_verification,needs_review,False,1,Black,False,over_ear,False,False,open,"8,65",general;music_creation,music_creation,100.0,105.0,frequency_units_ambiguous;unverified_reference_source
3abb786b916debea1d43,docyx_pc_part_dataset_2025_07_23,headset,HiFiMAN Jade II,HiFiMAN,Jade II,headset:hifiman:jade-ii,curated_alias,reference_only_needs_verification,needs_review,False,1,Black;Green,False,over_ear,False,False,open,"7,90",general;music_creation,music_creation,100.0,105.0,frequency_units_ambiguous;unverified_reference_source
75fd23d4b2b4155de04f,docyx_pc_part_dataset_2025_07_23,headset,HiFiMAN RE800,HiFiMAN,RE800,headset:hifiman:re800,curated_alias,reference_only_needs_verification,needs_review,False,1,Gold,True,in_ear,False,False,closed,"5,20",general,communication,100.0,105.0,frequency_units_ambiguous;unverified_reference_source
67b86703e4210410e691,docyx_pc_part_dataset_2025_07_23,headset,HiFiMAN SHANGRI-LA jr,HiFiMAN,SHANGRI-LA jr,headset:hifiman:shangri-la-jr,curated_alias,reference_only_needs_verification,needs_review,False,1,Black;Silver,False,over_ear,False,False,open,"7,120",general;music_creation,music_creation,100.0,105.0,frequency_units_ambiguous;unverified_reference_source
4b9813ed048a8027c111,docyx_pc_part_dataset_2025_07_23,headset,HiFiMAN SUNDARA,HiFiMAN,SUNDARA,headset:hifiman:sundara,curated_alias,reference_only_needs_verification,needs_review,False,1,Black,False,over_ear,False,False,open,"6,75",general;music_creation,music_creation,100.0,105.0,frequency_units_ambiguous;unverified_reference_source
6ff45e0bf13608341248,docyx_pc_part_dataset_2025_07_23,headset,Kensington 33084,Kensington,33084,headset:kensington:33084,curated_alias,reference_only_needs_verification,needs_review,False,1,Black;Blue,True,over_ear,False,False,closed,,general,communication,100.0,105.0,unverified_reference_source
1d3b1811cf347c2c0c0e,docyx_pc_part_dataset_2025_07_23,headset,Koss 184515,Koss,184515,headset:koss:184515,curated_alias,reference_only_needs_verification,needs_review,False,1,Black,True,on_ear,False,False,closed,,general,communication,100.0,105.0,unverified_reference_source
336263d8c1700c4cbdae,docyx_pc_part_dataset_2025_07_23,headset,Koss Porta Pro,Koss,Porta Pro,headset:koss:porta-pro,curated_alias,reference_only_needs_verification,needs_review,False,1,Black;Silver,False,on_ear,False,False,open,"15,25",general;music_creation,music_creation,100.0,105.0,frequency_units_ambiguous;unverified_reference_source
aa05e961bbea78169731,docyx_pc_part_dataset_2025_07_23,headset,Koss PortaPro,Koss,PortaPro,headset:koss:portapro,curated_alias,reference_only_needs_verification,needs_review,False,1,Black;Blue,False,on_ear,False,False,open,"15,25",general;music_creation,music_creation,100.0,105.0,frequency_units_ambiguous;unverified_reference_source
eaa0ed0e7bc67ef66031,docyx_pc_part_dataset_2025_07_23,headset,Koss QZ9922,Koss,QZ9922,headset:koss:qz9922,curated_alias,reference_only_needs_verification,needs_review,False,1,Black;Silver,True,over_ear,False,False,closed,"40,20",general,communication,100.0,105.0,frequency_units_ambiguous;unverified_reference_source
213fd8f3561656b4783d,docyx_pc_part_dataset_2025_07_23,headset,Koss R/80,Koss,R/80,headset:koss:r-80,curated_alias,reference_only_needs_verification,needs_review,False,1,Black,True,over_ear,False,False,closed,,general,communication,100.0,105.0,unverified_reference_source
768b2e56c806f511abe8,docyx_pc_part_dataset_2025_07_23,headset,Koss UR/10,Koss,UR/10,headset:koss:ur-10,curated_alias,reference_only_needs_verification,needs_review,False,1,Black;Silver,True,on_ear,False,False,closed,"60,20",general,communication,100.0,105.0,frequency_units_ambiguous;unverified_reference_source
03093d26f4a362ef9a6a,docyx_pc_part_dataset_2025_07_23,headset,Koss UR/29,Koss,UR/29,headset:koss:ur-29,curated_alias,reference_only_needs_verification,needs_review,False,1,Black;Silver,True,over_ear,False,False,closed,"18,20",general,communication,100.0,105.0,frequency_units_ambiguous;unverified_reference_source
c1c92db31f2fd6008b8a,docyx_pc_part_dataset_2025_07_23,headset,Monoprice Monolith M565,Monoprice,Monolith M565,headset:monoprice:monolith-m565,curated_alias,reference_only_needs_verification,needs_review,False,1,Black;Brown,False,over_ear,False,False,open,"10,45",general;music_creation,music_creation,100.0,105.0,frequency_units_ambiguous;unverified_reference_source
9d552defe5a85dddc670,docyx_pc_part_dataset_2025_07_23,headset,Neumann NDH 20,Neumann,NDH 20,headset:neumann:ndh-20,inferred_first_token,reference_only_needs_verification,needs_review,False,1,Black;Silver,True,over_ear,False,False,open,"5,30",general;music_creation,music_creation,100.0,105.0,frequency_units_ambiguous;unverified_reference_source
e0ee76ebb4528bc6b3e8,docyx_pc_part_dataset_2025_07_23,headset,Panasonic RP-HTF295-K,Panasonic,RP-HTF295-K,headset:panasonic:rp-htf295-k,curated_alias,reference_only_needs_verification,needs_review,False,1,Black,False,over_ear,False,False,semi_open,"10,27",general,communication,100.0,105.0,frequency_units_ambiguous;unverified_reference_source
eb74f277f483709cae0e,docyx_pc_part_dataset_2025_07_23,headset,Panasonic RP-HTF890-S,Panasonic,RP-HTF890-S,headset:panasonic:rp-htf890-s,curated_alias,reference_only_needs_verification,needs_review,False,1,Black;Silver,False,over_ear,False,False,open,"5,30",general;music_creation,music_creation,100.0,105.0,frequency_units_ambiguous;unverified_reference_source
9d32cabfb657db26bc54,docyx_pc_part_dataset_2025_07_23,headset,Philips SHP9600MB/27,Philips,SHP9600MB/27,headset:philips:shp9600mb-27,curated_alias,reference_only_needs_verification,needs_review,False,1,Black;Gold,False,over_ear,False,False,open,"12,35",general;music_creation,music_creation,100.0,105.0,frequency_units_ambiguous;unverified_reference_source
d9bd44ae4b966c432584,docyx_pc_part_dataset_2025_07_23,headset,Philips X2/27 Fidelio,Philips,X2/27 Fidelio,headset:philips:x2-27-fidelio,curated_alias,reference_only_needs_verification,needs_review,False,1,Black,False,over_ear,False,False,open,"5,40",general;music_creation,music_creation,100.0,105.0,frequency_units_ambiguous;unverified_reference_source
08cc441cf81442698399,docyx_pc_part_dataset_2025_07_23,headset,RCA RCAHP5042,RCA,RCAHP5042,headset:rca:rcahp5042,inferred_first_token,reference_only_needs_verification,needs_review,False,1,Black;Gray,True,over_ear,False,False,semi_open,,general,communication,100.0,105.0,unverified_reference_source
a5e8ec8af3bccc4f900e,docyx_pc_part_dataset_2025_07_23,headset,RCA RCAHP5043,RCA,RCAHP5043,headset:rca:rcahp5043,inferred_first_token,reference_only_needs_verification,needs_review,False,1,Black;Silver,True,over_ear,False,False,semi_open,,general,communication,100.0,105.0,unverified_reference_source
beae2698d6498fdf3763,docyx_pc_part_dataset_2025_07_23,headset,Shure SRH1440,Shure,SRH1440,headset:shure:srh1440,curated_alias,reference_only_needs_verification,needs_review,False,1,Black;Silver,False,over_ear,False,False,open,"15,27",general;music_creation,music_creation,100.0,105.0,frequency_units_ambiguous;unverified_reference_source
83287591d23d69647e0a,docyx_pc_part_dataset_2025_07_23,headset,Shure SRH1840,Shure,SRH1840,headset:shure:srh1840,curated_alias,reference_only_needs_verification,needs_review,False,1,Black;Silver,False,over_ear,False,False,open,"10,30",general;music_creation,music_creation,100.0,105.0,frequency_units_ambiguous;unverified_reference_source
117970b3d3464078fa93,docyx_pc_part_dataset_2025_07_23,headset,Superlux HD-681EVO,Superlux,HD-681EVO,headset:superlux:hd-681evo,inferred_first_token,reference_only_needs_verification,needs_review,False,1,Black,True,over_ear,False,False,semi_open,"10,30",general,communication,100.0,105.0,frequency_units_ambiguous;unverified_reference_source
584e433d2d9cbdcf61f9,docyx_pc_part_dataset_2025_07_23,headset,Superlux HD668B,Superlux,HD668B,headset:superlux:hd668b,inferred_first_token,reference_only_needs_verification,needs_review,False,1,Black,True,over_ear,False,False,semi_open,"10,30",general,communication,100.0,105.0,frequency_units_ambiguous;unverified_reference_source
c3e349d908197807946b,docyx_pc_part_dataset_2025_07_23,headset,Yamaha RH2C,Yamaha,RH2C,headset:yamaha:rh2c,curated_alias,reference_only_needs_verification,needs_review,False,1,Black,False,over_ear,False,False,semi_open,"25,15",general,communication,100.0,105.0,frequency_units_ambiguous;unverified_reference_source
79b0aa330ebb9eb40b43,docyx_pc_part_dataset_2025_07_23,headset,Philips X1/28,Philips,X1/28,headset:philips:x1-28,curated_alias,reference_only_needs_verification,needs_review,False,1,Black;Silver,False,over_ear,True,False,open,,general;communication;music_creation,music_creation,100.0,104.0,unverified_reference_source
f112a94ac5af3fd8b15a,docyx_pc_part_dataset_2025_07_23,headset,A4Tech MK-630P,A4Tech,MK-630P,headset:a4tech:mk-630p,inferred_first_token,reference_only_needs_verification,needs_review,False,1,Pink;White,False,in_ear,False,False,closed,"20,20",general,communication,100.0,103.0,frequency_units_ambiguous;unverified_reference_source
6828a07fc938a45bf41c,docyx_pc_part_dataset_2025_07_23,headset,A4Tech MK-650P,A4Tech,MK-650P,headset:a4tech:mk-650p,inferred_first_token,reference_only_needs_verification,needs_review,False,1,Pink;Silver,False,in_ear,False,False,closed,"20,20",general,communication,100.0,103.0,frequency_units_ambiguous;unverified_reference_source
924466a74b7288a03558,docyx_pc_part_dataset_2025_07_23,headset,Adesso Xtream H2B,Adesso,Xtream H2B,headset:adesso:xtream-h2b,inferred_first_token,reference_only_needs_verification,needs_review,False,1,Black;Red,False,on_ear,False,True,closed,"140,20",general;portable,portable,100.0,103.0,frequency_units_ambiguous;unverified_reference_source
2f91862145338b04ca70,docyx_pc_part_dataset_2025_07_23,headset,Adesso Xtream H2W,Adesso,Xtream H2W,headset:adesso:xtream-h2w,inferred_first_token,reference_only_needs_verification,needs_review,False,1,Green;White,False,on_ear,False,True,closed,"140,20",general;portable,portable,100.0,103.0,frequency_units_ambiguous;unverified_reference_source
1355b42f3149ac3509cb,docyx_pc_part_dataset_2025_07_23,headset,Adesso Xtream H3B,Adesso,Xtream H3B,headset:adesso:xtream-h3b,inferred_first_token,reference_only_needs_verification,needs_review,False,1,Black;Gray,False,over_ear,False,False,closed,,general,communication,100.0,103.0,unverified_reference_source
14d7cd1db89b166189ac,docyx_pc_part_dataset_2025_07_23,headset,Adesso Xtream H3W,Adesso,Xtream H3W,headset:adesso:xtream-h3w,inferred_first_token,reference_only_needs_verification,needs_review,False,1,Black;White,False,over_ear,False,True,closed,"100,20",general;portable,portable,100.0,103.0,frequency_units_ambiguous;unverified_reference_source
c19f0ef31af4a9da799e,docyx_pc_part_dataset_2025_07_23,headset,Altec Lansing Foldable OTH,Altec,Lansing Foldable OTH,headset:altec:lansing-foldable-oth,inferred_first_token,reference_only_needs_verification,needs_review,False,1,Red;White,False,on_ear,False,True,closed,,general;portable,portable,100.0,103.0,unverified_reference_source
afea40f194f77ec28811,docyx_pc_part_dataset_2025_07_23,headset,Altec Lansing MZX436P,Altec,Lansing MZX436P,headset:altec:lansing-mzx436p,inferred_first_token,reference_only_needs_verification,needs_review,False,1,Pink,False,in_ear,False,False,closed,,general,communication,100.0,103.0,unverified_reference_source
552445be0c26e9911f59,docyx_pc_part_dataset_2025_07_23,headset,Altec Lansing MZX736,Altec,Lansing MZX736,headset:altec:lansing-mzx736,inferred_first_token,reference_only_needs_verification,needs_review,False,1,Blue;White,False,in_ear,False,False,closed,"20,20",general,communication,100.0,103.0,frequency_units_ambiguous;unverified_reference_source
37c6949ddf070716ba3e,docyx_pc_part_dataset_2025_07_23,headset,Antec BXH-100 BLK,Antec,BXH-100 BLK,headset:antec:bxh-100-blk,inferred_first_token,reference_only_needs_verification,needs_review,False,1,Black;Red,False,in_ear,False,False,closed,"20,20",general,communication,100.0,103.0,frequency_units_ambiguous;unverified_reference_source
d27efcb0220e83e3d9d8,docyx_pc_part_dataset_2025_07_23,headset,Antec BXH-100 GRN,Antec,BXH-100 GRN,headset:antec:bxh-100-grn,inferred_first_token,reference_only_needs_verification,needs_review,False,1,Green;White,False,in_ear,False,False,closed,"20,20",general,communication,100.0,103.0,frequency_units_ambiguous;unverified_reference_source
91f50abd83e847e7b28b,docyx_pc_part_dataset_2025_07_23,headset,Antec BXH-100 GRY,Antec,BXH-100 GRY,headset:antec:bxh-100-gry,inferred_first_token,reference_only_needs_verification,needs_review,False,1,Black;Gray,False,in_ear,False,False,closed,"20,20",general,communication,100.0,103.0,frequency_units_ambiguous;unverified_reference_source
57b9ecb7f1673c222f41,docyx_pc_part_dataset_2025_07_23,headset,Antec BXH-100 SIL,Antec,BXH-100 SIL,headset:antec:bxh-100-sil,inferred_first_token,reference_only_needs_verification,needs_review,False,1,Silver,False,in_ear,False,False,closed,"20,20",general,communication,100.0,103.0,frequency_units_ambiguous;unverified_reference_source
fdacd12d314a280d6ab9,docyx_pc_part_dataset_2025_07_23,headset,Antec BXH-100 WHI,Antec,BXH-100 WHI,headset:antec:bxh-100-whi,inferred_first_token,reference_only_needs_verification,needs_review,False,1,Purple;White,False,in_ear,False,False,closed,"20,20",general,communication,100.0,103.0,frequency_units_ambiguous;unverified_reference_source
289402ad0e50888f586c,docyx_pc_part_dataset_2025_07_23,headset,Audiovox 808-HPA88BKG,Audiovox,808-HPA88BKG,headset:audiovox:808-hpa88bkg,inferred_first_token,reference_only_needs_verification,needs_review,False,1,Black,False,over_ear,False,False,closed,"20,20",general,communication,100.0,103.0,frequency_units_ambiguous;unverified_reference_source
594f0585de4067b4b18e,docyx_pc_part_dataset_2025_07_23,headset,Audiovox 808-HPA88BKM,Audiovox,808-HPA88BKM,headset:audiovox:808-hpa88bkm,inferred_first_token,reference_only_needs_verification,needs_review,False,1,Black,False,over_ear,False,False,closed,"20,20",general,communication,100.0,103.0,frequency_units_ambiguous;unverified_reference_source
d4b905f23cc3a0deb10c,docyx_pc_part_dataset_2025_07_23,headset,Audiovox 808-HPA88WHG,Audiovox,808-HPA88WHG,headset:audiovox:808-hpa88whg,inferred_first_token,reference_only_needs_verification,needs_review,False,1,White,False,over_ear,False,False,closed,"20,20",general,communication,100.0,103.0,frequency_units_ambiguous;unverified_reference_source
0119b3f3bef4354151d3,docyx_pc_part_dataset_2025_07_23,headset,Audiovox ARW300,Audiovox,ARW300,headset:audiovox:arw300,inferred_first_token,reference_only_needs_verification,needs_review,False,1,Black;Silver,False,over_ear,False,False,closed,"20,20",general,communication,100.0,103.0,frequency_units_ambiguous;unverified_reference_source
fc1f426c2439b110d036,docyx_pc_part_dataset_2025_07_23,headset,Audiovox HP335N,Audiovox,HP335N,headset:audiovox:hp335n,inferred_first_token,reference_only_needs_verification,needs_review,False,1,Black,False,on_ear,False,False,closed,"20,20",general,communication,100.0,103.0,frequency_units_ambiguous;unverified_reference_source
64ab6187b8fdb4f2736a,docyx_pc_part_dataset_2025_07_23,headset,Audiovox HP56BK,Audiovox,HP56BK,headset:audiovox:hp56bk,inferred_first_token,reference_only_needs_verification,needs_review,False,1,Black,False,in_ear,False,False,closed,,general,communication,100.0,103.0,unverified_reference_source
6fecddc8355a19e7290a,docyx_pc_part_dataset_2025_07_23,headset,Audiovox IR1CFF,Audiovox,IR1CFF,headset:audiovox:ir1cff,inferred_first_token,reference_only_needs_verification,needs_review,False,1,Black,False,on_ear,False,True,closed,,general;portable,portable,100.0,103.0,unverified_reference_source
f6b8f5a40fa37f507d4f,docyx_pc_part_dataset_2025_07_23,headset,Audiovox RCA-WHP141B,Audiovox,RCA-WHP141B,headset:audiovox:rca-whp141b,inferred_first_token,reference_only_needs_verification,needs_review,False,1,Black,False,over_ear,False,True,closed,,general;portable,portable,100.0,103.0,unverified_reference_source
37da5e4354a1ee69d11d,docyx_pc_part_dataset_2025_07_23,headset,Audiovox WHP141B,Audiovox,WHP141B,headset:audiovox:whp141b,inferred_first_token,reference_only_needs_verification,needs_review,False,1,Black,False,over_ear,False,True,closed,"30,12.5",general;portable,portable,100.0,103.0,frequency_units_ambiguous;unverified_reference_source
a6c1603035a3c5fb55af,docyx_pc_part_dataset_2025_07_23,headset,Avantree Audition,Avantree,Audition,headset:avantree:audition,inferred_first_token,reference_only_needs_verification,needs_review,False,1,Black;Red,False,over_ear,False,True,closed,"20,20",general;portable,portable,100.0,103.0,frequency_units_ambiguous;unverified_reference_source
066edbe46fbd231aaae3,docyx_pc_part_dataset_2025_07_23,headset,Avid Technology DX-992,Avid,Technology DX-992,headset:avid:technology-dx-992,inferred_first_token,reference_only_needs_verification,needs_review,False,1,White,False,in_ear,False,False,closed,,general,communication,100.0,103.0,unverified_reference_source
9b7cea3d934e0df5da7d,docyx_pc_part_dataset_2025_07_23,headset,Bose AE2 White,Bose,AE2 White,headset:bose:ae2-white,inferred_first_token,reference_only_needs_verification,needs_review,False,1,Black;Silver,False,over_ear,False,False,closed,,general,communication,100.0,103.0,unverified_reference_source
9d18f100b3289ed9fe7a,docyx_pc_part_dataset_2025_07_23,headset,Bose OE2 (Black),Bose,OE2 (Black),headset:bose:oe2-black,inferred_first_token,reference_only_needs_verification,needs_review,False,1,Black;Silver,False,on_ear,False,False,closed,,general,communication,100.0,103.0,unverified_reference_source
fc59721b7fd21476562d,docyx_pc_part_dataset_2025_07_23,headset,Bose SIE2i Blue,Bose,SIE2i Blue,headset:bose:sie2i-blue,inferred_first_token,reference_only_needs_verification,needs_review,False,1,Blue;White,False,in_ear,False,False,closed,,general,communication,100.0,103.0,unverified_reference_source
d6dc0a50757bb08af3cb,docyx_pc_part_dataset_2025_07_23,headset,Bose SIE2i Orange,Bose,SIE2i Orange,headset:bose:sie2i-orange,inferred_first_token,reference_only_needs_verification,needs_review,False,1,Orange;White,False,in_ear,False,False,closed,,general,communication,100.0,103.0,unverified_reference_source
7e4deed973df2db8af3d,docyx_pc_part_dataset_2025_07_23,headset,Bose SIE2i Purple,Bose,SIE2i Purple,headset:bose:sie2i-purple,inferred_first_token,reference_only_needs_verification,needs_review,False,1,Purple;White,False,in_ear,False,False,closed,,general,communication,100.0,103.0,unverified_reference_source
ff81841c6bb9ab358d6c,docyx_pc_part_dataset_2025_07_23,headset,Chester Creek Technologies HP 001 VC,Chester,Creek Technologies HP 001 VC,headset:chester:creek-technologies-hp-001-vc,inferred_first_token,reference_only_needs_verification,needs_review,False,1,Black,False,over_ear,False,False,closed,,general,communication,100.0,103.0,unverified_reference_source
ccc7f163092ce9cf8a4a,docyx_pc_part_dataset_2025_07_23,headset,Coby CV-H32,Coby,CV-H32,headset:coby:cv-h32,inferred_first_token,reference_only_needs_verification,needs_review,False,1,Black,False,on_ear,False,False,closed,,general,communication,100.0,103.0,unverified_reference_source
13d9aab4ca8ccade98bf,docyx_pc_part_dataset_2025_07_23,headset,Coby CV-H42,Coby,CV-H42,headset:coby:cv-h42,inferred_first_token,reference_only_needs_verification,needs_review,False,1,Black,False,on_ear,False,False,closed,,general,communication,100.0,103.0,unverified_reference_source
f0e33db81cda7e1a191d,docyx_pc_part_dataset_2025_07_23,headset,Coby CV135BLU,Coby,CV135BLU,headset:coby:cv135blu,inferred_first_token,reference_only_needs_verification,needs_review,False,1,Black;Blue,False,on_ear,False,False,closed,,general,communication,100.0,103.0,unverified_reference_source
95be2fdc0c365e448108,docyx_pc_part_dataset_2025_07_23,headset,Coby CV135SVR,Coby,CV135SVR,headset:coby:cv135svr,inferred_first_token,reference_only_needs_verification,needs_review,False,1,Black;Silver,False,on_ear,False,False,closed,,general,communication,100.0,103.0,unverified_reference_source
1f03ccd799fa44cc66a7,docyx_pc_part_dataset_2025_07_23,headset,Coby CV140BLK,Coby,CV140BLK,headset:coby:cv140blk,inferred_first_token,reference_only_needs_verification,needs_review,False,1,Black;Red,False,on_ear,False,False,closed,,general,communication,100.0,103.0,unverified_reference_source
95c1db614e307dbcbdb7,docyx_pc_part_dataset_2025_07_23,headset,Coby CV140SVR,Coby,CV140SVR,headset:coby:cv140svr,inferred_first_token,reference_only_needs_verification,needs_review,False,1,Black;Silver,False,on_ear,False,False,closed,,general,communication,100.0,103.0,unverified_reference_source
7c94e19b12947ed8b298,docyx_pc_part_dataset_2025_07_23,headset,Coby CV145BLK,Coby,CV145BLK,headset:coby:cv145blk,inferred_first_token,reference_only_needs_verification,needs_review,False,1,Black,False,on_ear,False,False,closed,,general,communication,100.0,103.0,unverified_reference_source
5560aa1859f9e89cdb4e,docyx_pc_part_dataset_2025_07_23,headset,Coby CV145BLU,Coby,CV145BLU,headset:coby:cv145blu,inferred_first_token,reference_only_needs_verification,needs_review,False,1,Black,False,on_ear,False,False,closed,,general,communication,100.0,103.0,unverified_reference_source
294c01836c14baccc644,docyx_pc_part_dataset_2025_07_23,headset,Coby CV145RED,Coby,CV145RED,headset:coby:cv145red,inferred_first_token,reference_only_needs_verification,needs_review,False,1,Black;Red,False,on_ear,False,False,closed,,general,communication,100.0,103.0,unverified_reference_source
73e7e2be882f3b6ac488,docyx_pc_part_dataset_2025_07_23,headset,Coby CV145SVR,Coby,CV145SVR,headset:coby:cv145svr,inferred_first_token,reference_only_needs_verification,needs_review,False,1,Black;Silver,False,on_ear,False,False,closed,,general,communication,100.0,103.0,unverified_reference_source
6e748e929416df923c10,docyx_pc_part_dataset_2025_07_23,headset,Coby CV18523BLK,Coby,CV18523BLK,headset:coby:cv18523blk,inferred_first_token,reference_only_needs_verification,needs_review,False,1,Black,False,on_ear,False,False,closed,,general,communication,100.0,103.0,unverified_reference_source
b14197271b67e34697cd,docyx_pc_part_dataset_2025_07_23,headset,Coby CV18523RED,Coby,CV18523RED,headset:coby:cv18523red,inferred_first_token,reference_only_needs_verification,needs_review,False,1,Black;Red,False,over_ear,False,False,closed,,general,communication,100.0,103.0,unverified_reference_source
b6e055b9a6d9630c2fb2,docyx_pc_part_dataset_2025_07_23,headset,Coby CV400GRN,Coby,CV400GRN,headset:coby:cv400grn,inferred_first_token,reference_only_needs_verification,needs_review,False,2,Black;Green;Red,False,on_ear,False,False,closed,,general,communication,100.0,103.0,unverified_reference_source;identity_duplicates_collapsed
330292e28859ea454514,docyx_pc_part_dataset_2025_07_23,headset,Coby CVH32,Coby,CVH32,headset:coby:cvh32,inferred_first_token,reference_only_needs_verification,needs_review,False,1,Black,False,on_ear,False,False,closed,,general,communication,100.0,103.0,unverified_reference_source
16aa1348b9c2e41ce569,docyx_pc_part_dataset_2025_07_23,headset,DROP Drop + MrSpeakers Ether CX,DROP,Drop + MrSpeakers Ether CX,headset:drop:drop-mrspeakers-ether-cx,inferred_first_token,reference_only_needs_verification,needs_review,False,1,Black,False,over_ear,False,False,closed,"30,5",general,communication,100.0,103.0,frequency_units_ambiguous;unverified_reference_source
11d8195f4557a5ad7838,docyx_pc_part_dataset_2025_07_23,headset,DROP MASSDROP X BEYERDYNAMIC DT 177X GO,DROP,MASSDROP X BEYERDYNAMIC DT 177X GO,headset:drop:massdrop-x-beyerdynamic-dt-177x-go,inferred_first_token,reference_only_needs_verification,needs_review,False,1,Black,False,over_ear,False,False,closed,"5,40",general,communication,100.0,103.0,frequency_units_ambiguous;unverified_reference_source
060fce9d4e14189abb30,docyx_pc_part_dataset_2025_07_23,headset,DROP Massdrop Plus Universal IEM,DROP,Massdrop Plus Universal IEM,headset:drop:massdrop-plus-universal-iem,inferred_first_token,reference_only_needs_verification,needs_review,False,1,Black,False,in_ear,False,False,closed,"5,18",general,communication,100.0,103.0,frequency_units_ambiguous;unverified_reference_source
702cd6d2579b77306195,docyx_pc_part_dataset_2025_07_23,headset,DROP Massdrop x NuForce EDC,DROP,Massdrop x NuForce EDC,headset:drop:massdrop-x-nuforce-edc,inferred_first_token,reference_only_needs_verification,needs_review,False,1,Translucent Blue,False,in_ear,False,False,closed,"20,40",general,communication,100.0,103.0,frequency_units_ambiguous;unverified_reference_source
446f67ce00c56e67096f,docyx_pc_part_dataset_2025_07_23,headset,DROP Massdrop x NuForce EDC3,DROP,Massdrop x NuForce EDC3,headset:drop:massdrop-x-nuforce-edc3,inferred_first_token,reference_only_needs_verification,needs_review,False,1,Translucent Blue,False,in_ear,False,False,closed,"20,40",general,communication,100.0,103.0,frequency_units_ambiguous;unverified_reference_source
4abb699183d577822e74,docyx_pc_part_dataset_2025_07_23,headset,Denon AH-C100BU,Denon,AH-C100BU,headset:denon:ah-c100bu,inferred_first_token,reference_only_needs_verification,needs_review,False,1,Black;Blue,False,in_ear,False,False,closed,"5,24",general,communication,100.0,103.0,frequency_units_ambiguous;unverified_reference_source
c6606ccd6e72855c04c5,docyx_pc_part_dataset_2025_07_23,headset,Denon AH-C400,Denon,AH-C400,headset:denon:ah-c400,inferred_first_token,reference_only_needs_verification,needs_review,False,1,Black;Silver,False,in_ear,False,False,closed,"4,20",general,communication,100.0,103.0,frequency_units_ambiguous;unverified_reference_source
a9f19b3d75b113c91d9d,docyx_pc_part_dataset_2025_07_23,headset,Denon AH-D 340,Denon,AH-D 340,headset:denon:ah-d-340,inferred_first_token,reference_only_needs_verification,needs_review,False,1,Black;Silver,False,on_ear,False,False,closed,"7,37",general,communication,100.0,103.0,frequency_units_ambiguous;unverified_reference_source
7451c79465c9030c93d2,docyx_pc_part_dataset_2025_07_23,headset,Denon AH-D320BU,Denon,AH-D320BU,headset:denon:ah-d320bu,inferred_first_token,reference_only_needs_verification,needs_review,False,2,Black;Blue;Red,False,on_ear,False,False,closed,"6,37",general,communication,100.0,103.0,frequency_units_ambiguous;unverified_reference_source;identity_duplicates_collapsed
7bfca68fe79b88e936ed,docyx_pc_part_dataset_2025_07_23,headset,Denon AH-D400,Denon,AH-D400,headset:denon:ah-d400,inferred_first_token,reference_only_needs_verification,needs_review,False,1,Black;Blue,False,over_ear,False,False,closed,"5,37",general,communication,100.0,103.0,frequency_units_ambiguous;unverified_reference_source
af4d91a67ec105827c48,docyx_pc_part_dataset_2025_07_23,headset,Denon AH-D600,Denon,AH-D600,headset:denon:ah-d600,inferred_first_token,reference_only_needs_verification,needs_review,False,1,Black;Silver,False,over_ear,False,False,closed,"5,45",general,communication,100.0,103.0,frequency_units_ambiguous;unverified_reference_source
d15371875ab98fcbddef,docyx_pc_part_dataset_2025_07_23,headset,Denon AH-D7100,Denon,AH-D7100,headset:denon:ah-d7100,inferred_first_token,reference_only_needs_verification,needs_review,False,1,Multicolor,False,over_ear,False,False,closed,"5,45",general,communication,100.0,103.0,frequency_units_ambiguous;unverified_reference_source
dd1304d1557e68d872be,docyx_pc_part_dataset_2025_07_23,headset,Denon AH-NCW500BK,Denon,AH-NCW500BK,headset:denon:ah-ncw500bk,inferred_first_token,reference_only_needs_verification,needs_review,False,1,Black,False,on_ear,False,False,closed,"5,37",general,communication,100.0,103.0,frequency_units_ambiguous;unverified_reference_source
da3f8d6363951f1baa2f,docyx_pc_part_dataset_2025_07_23,headset,Denon AH-NCW500SR,Denon,AH-NCW500SR,headset:denon:ah-ncw500sr,inferred_first_token,reference_only_needs_verification,needs_review,False,1,Beige;Silver,False,on_ear,False,False,closed,"5,37",general,communication,100.0,103.0,frequency_units_ambiguous;unverified_reference_source
c338a68d684ced7c0c8d,docyx_pc_part_dataset_2025_07_23,headset,Denon AH-W150BU,Denon,AH-W150BU,headset:denon:ah-w150bu,inferred_first_token,reference_only_needs_verification,needs_review,False,1,Blue;Silver,False,in_ear,False,True,closed,"5,25",general;portable,portable,100.0,103.0,frequency_units_ambiguous;unverified_reference_source
446de202938c6c4c19c3,docyx_pc_part_dataset_2025_07_23,headset,Denon AH-W150PK,Denon,AH-W150PK,headset:denon:ah-w150pk,inferred_first_token,reference_only_needs_verification,needs_review,False,1,Pink,False,in_ear,False,True,closed,"5,25",general;portable,portable,100.0,103.0,frequency_units_ambiguous;unverified_reference_source
6650296de527cce2e970,docyx_pc_part_dataset_2025_07_23,headset,Denon AH-W200,Denon,AH-W200,headset:denon:ah-w200,inferred_first_token,reference_only_needs_verification,needs_review,False,1,Black;Silver,False,in_ear,False,True,closed,"5,25",general;portable,portable,100.0,103.0,frequency_units_ambiguous;unverified_reference_source
42e093aa1e421a9fe528,docyx_pc_part_dataset_2025_07_23,headset,Denon AHC260R,Denon,AHC260R,headset:denon:ahc260r,inferred_first_token,reference_only_needs_verification,needs_review,False,1,Black;Silver,False,in_ear,False,False,closed,"20,23",general,communication,100.0,103.0,frequency_units_ambiguous;unverified_reference_source
f996314720651184f56d,docyx_pc_part_dataset_2025_07_23,headset,Denon AHD310R,Denon,AHD310R,headset:denon:ahd310r,inferred_first_token,reference_only_needs_verification,needs_review,False,1,Black,False,over_ear,False,False,closed,,general,communication,100.0,103.0,unverified_reference_source
4c2464405de85fee80f9,docyx_pc_part_dataset_2025_07_23,headset,Denon AHD510R,Denon,AHD510R,headset:denon:ahd510r,inferred_first_token,reference_only_needs_verification,needs_review,False,1,Black,False,over_ear,False,False,closed,,general,communication,100.0,103.0,unverified_reference_source
f56506ce949728f5afdb,docyx_pc_part_dataset_2025_07_23,headset,Denon AHW150BK,Denon,AHW150BK,headset:denon:ahw150bk,inferred_first_token,reference_only_needs_verification,needs_review,False,1,Black;Silver,False,in_ear,False,True,closed,"5,25",general;portable,portable,100.0,103.0,frequency_units_ambiguous;unverified_reference_source
78c97db4277f74b46f0d,docyx_pc_part_dataset_2025_07_23,headset,Denon AHW150YW,Denon,AHW150YW,headset:denon:ahw150yw,inferred_first_token,reference_only_needs_verification,needs_review,False,1,Gray;Yellow,False,in_ear,False,True,closed,"5,25",general;portable,portable,100.0,103.0,frequency_units_ambiguous;unverified_reference_source
aedb5b880d81789eab1d,docyx_pc_part_dataset_2025_07_23,headset,Denon DEN-HP1000,Denon,DEN-HP1000,headset:denon:den-hp1000,inferred_first_token,reference_only_needs_verification,needs_review,False,1,Black;Silver,False,over_ear,False,False,closed,"5,33",general,communication,100.0,103.0,frequency_units_ambiguous;unverified_reference_source
198b3aac570869cf5b18,docyx_pc_part_dataset_2025_07_23,headset,Ergoguys 2924AVPS,Ergoguys,2924AVPS,headset:ergoguys:2924avps,inferred_first_token,reference_only_needs_verification,needs_review,False,1,Black;White,False,over_ear,False,False,closed,"40,18",general,communication,100.0,103.0,frequency_units_ambiguous;unverified_reference_source
a7dbbcd10db700cd0701,docyx_pc_part_dataset_2025_07_23,headset,Ergoguys HPK-1550,Ergoguys,HPK-1550,headset:ergoguys:hpk-1550,inferred_first_token,reference_only_needs_verification,needs_review,False,1,Black;Silver,False,over_ear,False,False,closed,"20,20",general,communication,100.0,103.0,frequency_units_ambiguous;unverified_reference_source
a514ac4a774c74bc1502,docyx_pc_part_dataset_2025_07_23,headset,Etymotic Research ER23-HF3-BLACK-I,Etymotic,Research ER23-HF3-BLACK-I,headset:etymotic:research-er23-hf3-black-i,inferred_first_token,reference_only_needs_verification,needs_review,False,1,Black;Silver,False,in_ear,False,False,closed,"20,15",general,communication,100.0,103.0,frequency_units_ambiguous;unverified_reference_source
3bb530329c7454cc608f,docyx_pc_part_dataset_2025_07_23,headset,Etymotic Research ER4P,Etymotic,Research ER4P,headset:etymotic:research-er4p,inferred_first_token,reference_only_needs_verification,needs_review,False,1,Black;White,False,in_ear,False,False,closed,"20,16",general,communication,100.0,103.0,frequency_units_ambiguous;unverified_reference_source
86227d22ab2fdeb0a156,docyx_pc_part_dataset_2025_07_23,headset,Etymotic Research ER7-MC3-BLACK-I,Etymotic,Research ER7-MC3-BLACK-I,headset:etymotic:research-er7-mc3-black-i,inferred_first_token,reference_only_needs_verification,needs_review,False,1,Black;Silver,False,in_ear,False,False,closed,"20,15",general,communication,100.0,103.0,frequency_units_ambiguous;unverified_reference_source
4a474fe133e2ced68bd9,docyx_pc_part_dataset_2025_07_23,headset,Etymotic Research mc5,Etymotic,Research mc5,headset:etymotic:research-mc5,inferred_first_token,reference_only_needs_verification,needs_review,False,1,Black;Silver,False,in_ear,False,False,closed,"20,15",general,communication,100.0,103.0,frequency_units_ambiguous;unverified_reference_source
446cd435da2a631b31f7,docyx_pc_part_dataset_2025_07_23,headset,FNATIC REACT,FNATIC,REACT,headset:fnatic:react,inferred_first_token,reference_only_needs_verification,needs_review,False,1,Black;Silver,False,over_ear,False,False,closed,"20,40",general,communication,100.0,103.0,frequency_units_ambiguous;unverified_reference_source
45b8ee31c21c529d6597,docyx_pc_part_dataset_2025_07_23,headset,Feenix Aria,Feenix,Aria,headset:feenix:aria,inferred_first_token,reference_only_needs_verification,needs_review,False,2,Black;Brown,False,over_ear,False,False,closed,"10,26",general,communication,100.0,103.0,frequency_units_ambiguous;unverified_reference_source;identity_duplicates_collapsed
e0e3969a7c0358863fcc,docyx_pc_part_dataset_2025_07_23,headset,Final Adagio II,Final,Adagio II,headset:final:adagio-ii,inferred_first_token,reference_only_needs_verification,needs_review,False,3,Beige;Black;Blue,False,in_ear,False,False,closed,,general,communication,100.0,103.0,unverified_reference_source;identity_duplicates_collapsed
8f5760600587738f540f,docyx_pc_part_dataset_2025_07_23,headset,Final Adagio III,Final,Adagio III,headset:final:adagio-iii,inferred_first_token,reference_only_needs_verification,needs_review,False,2,Black;Red;White,False,in_ear,False,False,closed,,general,communication,100.0,103.0,unverified_reference_source;identity_duplicates_collapsed
f9742236f7bf74b56b0c,docyx_pc_part_dataset_2025_07_23,headset,Final Adagio V,Final,Adagio V,headset:final:adagio-v,inferred_first_token,reference_only_needs_verification,needs_review,False,1,Black;Silver,False,in_ear,False,False,closed,,general,communication,100.0,103.0,unverified_reference_source
8d11dc62bea9c013b542,docyx_pc_part_dataset_2025_07_23,headset,Final FI-BA-SS,Final,FI-BA-SS,headset:final:fi-ba-ss,inferred_first_token,reference_only_needs_verification,needs_review,False,1,Black;Silver,False,in_ear,False,False,closed,,general,communication,100.0,103.0,unverified_reference_source
40fbc64a00c6c64bbdc0,docyx_pc_part_dataset_2025_07_23,headset,Final FI-BA-SST,Final,FI-BA-SST,headset:final:fi-ba-sst,inferred_first_token,reference_only_needs_verification,needs_review,False,1,Silver;White,False,in_ear,False,False,closed,,general,communication,100.0,103.0,unverified_reference_source
d0abeb0c06be4c87a87b,docyx_pc_part_dataset_2025_07_23,headset,Final Heaven II,Final,Heaven II,headset:final:heaven-ii,inferred_first_token,reference_only_needs_verification,needs_review,False,2,Black;Blue;Silver,False,in_ear,False,False,closed,,general,communication,100.0,103.0,unverified_reference_source;identity_duplicates_collapsed
6c34a0ef3d56436c9247,docyx_pc_part_dataset_2025_07_23,headset,Final Heaven IV,Final,Heaven IV,headset:final:heaven-iv,inferred_first_token,reference_only_needs_verification,needs_review,False,3,Black;Purple;Silver;White,False,in_ear,False,False,closed,,general,communication,100.0,103.0,unverified_reference_source;identity_duplicates_collapsed
2e8715d1193f97056dbf,docyx_pc_part_dataset_2025_07_23,headset,Final Heaven V,Final,Heaven V,headset:final:heaven-v,inferred_first_token,reference_only_needs_verification,needs_review,False,1,Black;Silver,False,in_ear,False,False,closed,,general,communication,100.0,103.0,unverified_reference_source
700a7e43489badb58537,docyx_pc_part_dataset_2025_07_23,headset,Final Heaven V aging,Final,Heaven V aging,headset:final:heaven-v-aging,inferred_first_token,reference_only_needs_verification,needs_review,False,1,Black;Copper,False,in_ear,False,False,closed,,general,communication,100.0,103.0,unverified_reference_source
89bb329d70c525d16b5d,docyx_pc_part_dataset_2025_07_23,headset,Final Heaven VI,Final,Heaven VI,headset:final:heaven-vi,inferred_first_token,reference_only_needs_verification,needs_review,False,2,Black;Gold;Silver,False,in_ear,False,False,closed,,general,communication,100.0,103.0,unverified_reference_source;identity_duplicates_collapsed
87d502e1a806bdeede89,docyx_pc_part_dataset_2025_07_23,headset,Final Heaven VII,Final,Heaven VII,headset:final:heaven-vii,inferred_first_token,reference_only_needs_verification,needs_review,False,2,Black;Silver,False,in_ear,False,False,closed,,general,communication,100.0,103.0,unverified_reference_source;identity_duplicates_collapsed
b127804b5884aff07d6c,docyx_pc_part_dataset_2025_07_23,headset,Final Heaven VIII,Final,Heaven VIII,headset:final:heaven-viii,inferred_first_token,reference_only_needs_verification,needs_review,False,1,Black;Gold,False,in_ear,False,False,closed,,general,communication,100.0,103.0,unverified_reference_source
53c997ec57b172cfeaad,docyx_pc_part_dataset_2025_07_23,headset,Final Piano Forte II,Final,Piano Forte II,headset:final:piano-forte-ii,inferred_first_token,reference_only_needs_verification,needs_review,False,2,Beige;Black;Blue;Brown,False,in_ear,False,False,closed,,general,communication,100.0,103.0,unverified_reference_source;identity_duplicates_collapsed
3dca4c25238829163c7f,docyx_pc_part_dataset_2025_07_23,headset,Final Piano Forte IX,Final,Piano Forte IX,headset:final:piano-forte-ix,inferred_first_token,reference_only_needs_verification,needs_review,False,1,Silver,False,in_ear,False,False,closed,,general,communication,100.0,103.0,unverified_reference_source
cfd9272eb0a024f25988,docyx_pc_part_dataset_2025_07_23,headset,Final Piano Forte VIII,Final,Piano Forte VIII,headset:final:piano-forte-viii,inferred_first_token,reference_only_needs_verification,needs_review,False,1,Gold,False,in_ear,False,False,closed,,general,communication,100.0,103.0,unverified_reference_source
7ed756627dc77e70b9d0,docyx_pc_part_dataset_2025_07_23,headset,Final Piano Forte X,Final,Piano Forte X,headset:final:piano-forte-x,inferred_first_token,reference_only_needs_verification,needs_review,False,2,Gold;Silver,False,in_ear,False,False,closed,,general,communication,100.0,103.0,unverified_reference_source;identity_duplicates_collapsed
323b5d63b453c449db6a,docyx_pc_part_dataset_2025_07_23,headset,Final SONOROUS II,Final,SONOROUS II,headset:final:sonorous-ii,inferred_first_token,reference_only_needs_verification,needs_review,False,1,Black;Silver,False,over_ear,False,False,closed,,general,communication,100.0,103.0,unverified_reference_source
5283e8f2195537253159,docyx_pc_part_dataset_2025_07_23,headset,Final SONOROUS III,Final,SONOROUS III,headset:final:sonorous-iii,inferred_first_token,reference_only_needs_verification,needs_review,False,1,Black;Silver,False,over_ear,False,False,closed,,general,communication,100.0,103.0,unverified_reference_source
53d56957522e545652b3,docyx_pc_part_dataset_2025_07_23,headset,Final SONOROUS IV,Final,SONOROUS IV,headset:final:sonorous-iv,inferred_first_token,reference_only_needs_verification,needs_review,False,1,Black;Silver,False,over_ear,False,False,closed,,general,communication,100.0,103.0,unverified_reference_source
b93d31426d037f52bfe7,docyx_pc_part_dataset_2025_07_23,headset,Final SONOROUS VI,Final,SONOROUS VI,headset:final:sonorous-vi,inferred_first_token,reference_only_needs_verification,needs_review,False,1,Black;Silver,False,over_ear,False,False,closed,,general,communication,100.0,103.0,unverified_reference_source
c6caa351da6b0aa1f03d,docyx_pc_part_dataset_2025_07_23,headset,Final SONOROUS VIII,Final,SONOROUS VIII,headset:final:sonorous-viii,inferred_first_token,reference_only_needs_verification,needs_review,False,1,Black;Gold,False,over_ear,False,False,closed,,general,communication,100.0,103.0,unverified_reference_source
9eab20c85ac628a692be,docyx_pc_part_dataset_2025_07_23,headset,Final SONOROUS X,Final,SONOROUS X,headset:final:sonorous-x,inferred_first_token,reference_only_needs_verification,needs_review,False,1,Gold;Silver,False,over_ear,False,False,closed,,general,communication,100.0,103.0,unverified_reference_source
f4b8991302e959935b06,docyx_pc_part_dataset_2025_07_23,headset,Gear Head HQ4750BCM,Gear,Head HQ4750BCM,headset:gear:head-hq4750bcm,inferred_first_token,reference_only_needs_verification,needs_review,False,2,Black;Gray,False,on_ear,False,False,closed,,general,communication,100.0,103.0,unverified_reference_source;identity_duplicates_collapsed
824f8497a596da008f04,docyx_pc_part_dataset_2025_07_23,headset,Gear Head HQ4750BLU,Gear,Head HQ4750BLU,headset:gear:head-hq4750blu,inferred_first_token,reference_only_needs_verification,needs_review,False,2,Black;Blue,False,on_ear,False,False,closed,,general,communication,100.0,103.0,unverified_reference_source;identity_duplicates_collapsed
37ef7027c2990e47a501,docyx_pc_part_dataset_2025_07_23,headset,Gear Head HQ4750GRN,Gear,Head HQ4750GRN,headset:gear:head-hq4750grn,inferred_first_token,reference_only_needs_verification,needs_review,False,2,Black;Green,False,on_ear,False,False,closed,,general,communication,100.0,103.0,unverified_reference_source;identity_duplicates_collapsed
9ba8e444ba6b97a6dc87,docyx_pc_part_dataset_2025_07_23,headset,Gear Head HQ4750RED,Gear,Head HQ4750RED,headset:gear:head-hq4750red,inferred_first_token,reference_only_needs_verification,needs_review,False,2,Black;Red,False,on_ear,False,False,closed,,general,communication,100.0,103.0,unverified_reference_source;identity_duplicates_collapsed
ace6347ac26af14b1fd6,docyx_pc_part_dataset_2025_07_23,headset,Gear Head HS2750S,Gear,Head HS2750S,headset:gear:head-hs2750s,inferred_first_token,reference_only_needs_verification,needs_review,False,2,Black;Gray;Silver,False,over_ear,False,False,closed,,general,communication,100.0,103.0,unverified_reference_source;identity_duplicates_collapsed
c159a65d83f857f46fae,docyx_pc_part_dataset_2025_07_23,headset,Genius GHP-400S-Blue,Genius,GHP-400S-Blue,headset:genius:ghp-400s-blue,inferred_first_token,reference_only_needs_verification,needs_review,False,1,Blue;White,False,on_ear,False,False,closed,"20,20",general,communication,100.0,103.0,frequency_units_ambiguous;unverified_reference_source
f69439f954e933abba70,docyx_pc_part_dataset_2025_07_23,headset,Genius GHP-400S-Pink,Genius,GHP-400S-Pink,headset:genius:ghp-400s-pink,inferred_first_token,reference_only_needs_verification,needs_review,False,1,Pink;White,False,on_ear,False,False,closed,"20,20",general,communication,100.0,103.0,frequency_units_ambiguous;unverified_reference_source
c02bb4357d78d264f57f,docyx_pc_part_dataset_2025_07_23,headset,Harman Kardon HARKAR-BT,Harman,Kardon HARKAR-BT,headset:harman:kardon-harkar-bt,inferred_first_token,reference_only_needs_verification,needs_review,False,1,Black,False,over_ear,False,True,closed,"16,20",general;portable,portable,100.0,103.0,frequency_units_ambiguous;unverified_reference_source
01b4e8838d35b83eadc4,docyx_pc_part_dataset_2025_07_23,headset,Harman Kardon HARKARAE,Harman,Kardon HARKARAE,headset:harman:kardon-harkarae,inferred_first_token,reference_only_needs_verification,needs_review,False,1,Black;Silver,False,in_ear,False,False,closed,,general,communication,100.0,103.0,unverified_reference_source
36cd127cb41d93dce48a,docyx_pc_part_dataset_2025_07_23,headset,Harman Kardon HARKARCL,Harman,Kardon HARKARCL,headset:harman:kardon-harkarcl,inferred_first_token,reference_only_needs_verification,needs_review,False,1,Black;Silver,False,over_ear,False,False,closed,"16,20",general,communication,100.0,103.0,frequency_units_ambiguous;unverified_reference_source
813f7d2b3c5bceb21a6f,docyx_pc_part_dataset_2025_07_23,headset,Harman Kardon HARKARNC,Harman,Kardon HARKARNC,headset:harman:kardon-harkarnc,inferred_first_token,reference_only_needs_verification,needs_review,False,1,Black;Silver,False,over_ear,False,False,closed,"16,20",general,communication,100.0,103.0,frequency_units_ambiguous;unverified_reference_source
da04919beaf3f0506e66,docyx_pc_part_dataset_2025_07_23,headset,Harman Kardon J22BLK,Harman,Kardon J22BLK,headset:harman:kardon-j22blk,inferred_first_token,reference_only_needs_verification,needs_review,False,1,Black;Silver,False,in_ear,False,False,closed,"18,20",general,communication,100.0,103.0,frequency_units_ambiguous;unverified_reference_source
285cb3e39a448330668d,docyx_pc_part_dataset_2025_07_23,headset,Harman Kardon J22WHT,Harman,Kardon J22WHT,headset:harman:kardon-j22wht,inferred_first_token,reference_only_needs_verification,needs_review,False,1,White,False,in_ear,False,False,closed,"18,20",general,communication,100.0,103.0,frequency_units_ambiguous;unverified_reference_source
cf4e8f044d58fca016e6,docyx_pc_part_dataset_2025_07_23,headset,Harman Kardon J33BLK,Harman,Kardon J33BLK,headset:harman:kardon-j33blk,inferred_first_token,reference_only_needs_verification,needs_review,False,1,Black;Silver,False,in_ear,False,False,closed,"10,24",general,communication,100.0,103.0,frequency_units_ambiguous;unverified_reference_source
4c24415d7b0ed7d8ad46,docyx_pc_part_dataset_2025_07_23,headset,Harman Kardon J55BLK,Harman,Kardon J55BLK,headset:harman:kardon-j55blk,inferred_first_token,reference_only_needs_verification,needs_review,False,1,Black;Silver,False,on_ear,False,False,closed,"10,24",general,communication,100.0,103.0,frequency_units_ambiguous;unverified_reference_source
6e082e630b4940830de7,docyx_pc_part_dataset_2025_07_23,headset,Harman Kardon J55IWHT,Harman,Kardon J55IWHT,headset:harman:kardon-j55iwht,inferred_first_token,reference_only_needs_verification,needs_review,False,1,White,False,on_ear,False,False,closed,"10,24",general,communication,100.0,103.0,frequency_units_ambiguous;unverified_reference_source
4f16543b87507babf388,docyx_pc_part_dataset_2025_07_23,headset,Harman Kardon J55IWOR,Harman,Kardon J55IWOR,headset:harman:kardon-j55iwor,inferred_first_token,reference_only_needs_verification,needs_review,False,1,Orange;White,False,on_ear,False,False,closed,"10,24",general,communication,100.0,103.0,frequency_units_ambiguous;unverified_reference_source
6f0416dc1cfa587820b1,docyx_pc_part_dataset_2025_07_23,headset,Harman Kardon J55WHT,Harman,Kardon J55WHT,headset:harman:kardon-j55wht,inferred_first_token,reference_only_needs_verification,needs_review,False,1,White,False,on_ear,False,False,closed,"10,24",general,communication,100.0,103.0,frequency_units_ambiguous;unverified_reference_source
2aec0fb99e038a9f840e,docyx_pc_part_dataset_2025_07_23,headset,Harman Kardon J88WHT,Harman,Kardon J88WHT,headset:harman:kardon-j88wht,inferred_first_token,reference_only_needs_verification,needs_review,False,1,White,False,over_ear,False,False,closed,"8,24",general,communication,100.0,103.0,frequency_units_ambiguous;unverified_reference_source
a191fb71cbdc37801fe3,docyx_pc_part_dataset_2025_07_23,headset,Harman Kardon J88WOR,Harman,Kardon J88WOR,headset:harman:kardon-j88wor,inferred_first_token,reference_only_needs_verification,needs_review,False,1,Orange;White,False,over_ear,False,False,closed,"8,24",general,communication,100.0,103.0,frequency_units_ambiguous;unverified_reference_source
c56d9218b4f7e65cfc31,docyx_pc_part_dataset_2025_07_23,headset,Harman Kardon TMG21W,Harman,Kardon TMG21W,headset:harman:kardon-tmg21w,inferred_first_token,reference_only_needs_verification,needs_review,False,1,Brown,False,in_ear,False,False,closed,"13,22.5",general,communication,100.0,103.0,frequency_units_ambiguous;unverified_reference_source
54075af2c2d0f4dcae94,docyx_pc_part_dataset_2025_07_23,headset,Harman Kardon TMG81W,Harman,Kardon TMG81W,headset:harman:kardon-tmg81w,inferred_first_token,reference_only_needs_verification,needs_review,False,1,White,False,on_ear,False,False,closed,"18,24",general,communication,100.0,103.0,frequency_units_ambiguous;unverified_reference_source
e8dca43c72d977cc8ba7,docyx_pc_part_dataset_2025_07_23,headset,Hercules DJ-Adv G501,Hercules,DJ-Adv G501,headset:hercules:dj-adv-g501,inferred_first_token,reference_only_needs_verification,needs_review,False,1,Black;Green,False,on_ear,False,False,closed,"10,25",general,communication,100.0,103.0,frequency_units_ambiguous;unverified_reference_source
c5688ca0c2e31b4d6af1,docyx_pc_part_dataset_2025_07_23,headset,Hercules HDP DJ-Pro M1001,Hercules,HDP DJ-Pro M1001,headset:hercules:hdp-dj-pro-m1001,inferred_first_token,reference_only_needs_verification,needs_review,False,1,Black;Blue,False,over_ear,False,False,closed,"5,30",general,communication,100.0,103.0,frequency_units_ambiguous;unverified_reference_source
d88ff76b75120ba55101,docyx_pc_part_dataset_2025_07_23,headset,I/O Magic NE9782,I/O,Magic NE9782,headset:i-o:magic-ne9782,inferred_first_token,reference_only_needs_verification,needs_review,False,1,Black,False,on_ear,False,False,closed,,general,communication,100.0,103.0,unverified_reference_source
2b086cef9164e1c210f0,docyx_pc_part_dataset_2025_07_23,headset,I/O Magic NE9783,I/O,Magic NE9783,headset:i-o:magic-ne9783,inferred_first_token,reference_only_needs_verification,needs_review,False,1,Black;Red,False,in_ear,False,False,closed,,general,communication,100.0,103.0,unverified_reference_source
2506f484c9b2e51f4ab8,docyx_pc_part_dataset_2025_07_23,headset,Imation EB50-PNK,Imation,EB50-PNK,headset:imation:eb50-pnk,inferred_first_token,reference_only_needs_verification,needs_review,False,1,Pink;White,False,in_ear,False,False,closed,"20,20",general,communication,100.0,103.0,frequency_units_ambiguous;unverified_reference_source
5f7f51f29581cb89c75c,docyx_pc_part_dataset_2025_07_23,headset,Imation MCB300,Imation,MCB300,headset:imation:mcb300,inferred_first_token,reference_only_needs_verification,needs_review,False,1,Blue;White,False,in_ear,False,False,closed,"20,20",general,communication,100.0,103.0,frequency_units_ambiguous;unverified_reference_source
04c76074e81f634fb86e,docyx_pc_part_dataset_2025_07_23,headset,JVC HA-RX300,JVC,HA-RX300,headset:jvc:ha-rx300,inferred_first_token,reference_only_needs_verification,needs_review,False,1,Black,False,over_ear,False,False,closed,"12,22",general,communication,100.0,103.0,frequency_units_ambiguous;unverified_reference_source
ad376c5039524f0b4d50,docyx_pc_part_dataset_2025_07_23,headset,JayBird BlueBuds X Sport,JayBird,BlueBuds X Sport,headset:jaybird:bluebuds-x-sport,inferred_first_token,reference_only_needs_verification,needs_review,False,1,Black;Silver,False,in_ear,False,True,closed,"20,20",general;portable,portable,100.0,103.0,frequency_units_ambiguous;unverified_reference_source
063989454ea13aad682e,docyx_pc_part_dataset_2025_07_23,headset,KRK KNS-6400,KRK,KNS-6400,headset:krk:kns-6400,inferred_first_token,reference_only_needs_verification,needs_review,False,1,Black,False,over_ear,False,False,closed,"10,22",general,communication,100.0,103.0,frequency_units_ambiguous;unverified_reference_source
7923b5670939c4206f8d,docyx_pc_part_dataset_2025_07_23,headset,KRK KNS-8400,KRK,KNS-8400,headset:krk:kns-8400,inferred_first_token,reference_only_needs_verification,needs_review,False,1,Black,False,over_ear,False,False,closed,"5,23",general,communication,100.0,103.0,frequency_units_ambiguous;unverified_reference_source
05751b296af3b7c9208c,docyx_pc_part_dataset_2025_07_23,headset,Klipsch Image S3,Klipsch,Image S3,headset:klipsch:image-s3,inferred_first_token,reference_only_needs_verification,needs_review,False,2,Black;Red,False,in_ear,False,False,closed,"12,18",general,communication,100.0,103.0,frequency_units_ambiguous;unverified_reference_source;identity_duplicates_collapsed
865e0e829156c0cccc25,docyx_pc_part_dataset_2025_07_23,headset,Klipsch Image S4i,Klipsch,Image S4i,headset:klipsch:image-s4i,inferred_first_token,reference_only_needs_verification,needs_review,False,1,Black;Silver,False,in_ear,False,False,closed,"10,19",general,communication,100.0,103.0,frequency_units_ambiguous;unverified_reference_source
dafe136add50a3b705c2,docyx_pc_part_dataset_2025_07_23,headset,Klipsch Image X5,Klipsch,Image X5,headset:klipsch:image-x5,inferred_first_token,reference_only_needs_verification,needs_review,False,1,Black;Silver,False,in_ear,False,False,closed,"10,19",general,communication,100.0,103.0,frequency_units_ambiguous;unverified_reference_source
6a5dd2b273c21d16090a,docyx_pc_part_dataset_2025_07_23,headset,Klipsch Mode M40,Klipsch,Mode M40,headset:klipsch:mode-m40,inferred_first_token,reference_only_needs_verification,needs_review,False,1,Black;Red,False,over_ear,False,False,closed,"20,20",general,communication,100.0,103.0,frequency_units_ambiguous;unverified_reference_source
f95c80b5cbfedc7052c9,docyx_pc_part_dataset_2025_07_23,headset,Klipsch R6 White,Klipsch,R6 White,headset:klipsch:r6-white,inferred_first_token,reference_only_needs_verification,needs_review,False,1,White,False,in_ear,False,False,closed,,general,communication,100.0,103.0,unverified_reference_source
0a03beb98774c9364505,docyx_pc_part_dataset_2025_07_23,headset,Klipsch R6i White,Klipsch,R6i White,headset:klipsch:r6i-white,inferred_first_token,reference_only_needs_verification,needs_review,False,1,White,False,in_ear,False,False,closed,,general,communication,100.0,103.0,unverified_reference_source
ee558c61b01d52152363,docyx_pc_part_dataset_2025_07_23,headset,Labtec LT215REXW,Labtec,LT215REXW,headset:labtec:lt215rexw,inferred_first_token,reference_only_needs_verification,needs_review,False,1,Black,False,in_ear,False,False,closed,,general,communication,100.0,103.0,unverified_reference_source
7fa12550742c2284c834,docyx_pc_part_dataset_2025_07_23,headset,M-Audio Studiophile Q40,M-Audio,Studiophile Q40,headset:m-audio:studiophile-q40,inferred_first_token,reference_only_needs_verification,needs_review,False,1,Black,False,over_ear,False,False,closed,"10,20",general,communication,100.0,103.0,frequency_units_ambiguous;unverified_reference_source
5641cccb10098a482fa4,docyx_pc_part_dataset_2025_07_23,headset,Memorex EB300A,Memorex,EB300A,headset:memorex:eb300a,inferred_first_token,reference_only_needs_verification,needs_review,False,1,Black;Silver,False,in_ear,False,False,closed,"20,20",general,communication,100.0,103.0,frequency_units_ambiguous;unverified_reference_source
3cd56c4dc4e4cab1a4d8,docyx_pc_part_dataset_2025_07_23,headset,Memorex EB50-GRN,Memorex,EB50-GRN,headset:memorex:eb50-grn,inferred_first_token,reference_only_needs_verification,needs_review,False,1,Green;White,False,in_ear,False,False,closed,,general,communication,100.0,103.0,unverified_reference_source
7500a2887f96cfe97ed0,docyx_pc_part_dataset_2025_07_23,headset,Moondrop ARIA,Moondrop,ARIA,headset:moondrop:aria,inferred_first_token,reference_only_needs_verification,needs_review,False,1,Black,False,in_ear,False,False,closed,"5,36",general,communication,100.0,103.0,frequency_units_ambiguous;unverified_reference_source
8b590b48b83ebbb3798c,docyx_pc_part_dataset_2025_07_23,headset,PNY AUD-E-202-WH-A-RB,PNY,AUD-E-202-WH-A-RB,headset:pny:aud-e-202-wh-a-rb,inferred_first_token,reference_only_needs_verification,needs_review,False,1,White,False,in_ear,False,False,closed,,general,communication,100.0,103.0,unverified_reference_source
821cbed4a93dab07878b,docyx_pc_part_dataset_2025_07_23,headset,Periodic Audio Beryllium,Periodic,Audio Beryllium,headset:periodic:audio-beryllium,inferred_first_token,reference_only_needs_verification,needs_review,False,1,Gold;Silver,False,in_ear,False,False,closed,"12,45",general,communication,100.0,103.0,frequency_units_ambiguous;unverified_reference_source
fc2e6f728c9a86d382b5,docyx_pc_part_dataset_2025_07_23,headset,Periodic Audio Carbon,Periodic,Audio Carbon,headset:periodic:audio-carbon,inferred_first_token,reference_only_needs_verification,needs_review,False,1,Black,False,in_ear,False,False,closed,"12,38",general,communication,100.0,103.0,frequency_units_ambiguous;unverified_reference_source
ae59f39f5aa873a844f6,docyx_pc_part_dataset_2025_07_23,headset,Periodic Audio Magnesium,Periodic,Audio Magnesium,headset:periodic:audio-magnesium,inferred_first_token,reference_only_needs_verification,needs_review,False,1,Silver,False,in_ear,False,False,closed,"20,30",general,communication,100.0,103.0,frequency_units_ambiguous;unverified_reference_source
6603de9b88ed699cc422,docyx_pc_part_dataset_2025_07_23,headset,Periodic Audio Titanium,Periodic,Audio Titanium,headset:periodic:audio-titanium,inferred_first_token,reference_only_needs_verification,needs_review,False,1,Black,False,in_ear,False,False,closed,"16,30",general,communication,100.0,103.0,frequency_units_ambiguous;unverified_reference_source
31cd2f79fba73129821d,docyx_pc_part_dataset_2025_07_23,headset,Perixx AX-1000B,Perixx,AX-1000B,headset:perixx:ax-1000b,inferred_first_token,reference_only_needs_verification,needs_review,False,1,Black;Red,False,over_ear,False,False,closed,,general,communication,100.0,103.0,unverified_reference_source
8f57a41bad290b8868d1,docyx_pc_part_dataset_2025_07_23,headset,Pioneer HDJ-500G,Pioneer,HDJ-500G,headset:pioneer:hdj-500g,inferred_first_token,reference_only_needs_verification,needs_review,False,1,Black;Green,False,on_ear,False,False,closed,"5,28",general,communication,100.0,103.0,frequency_units_ambiguous;unverified_reference_source
71b6ec63fd32eae08c2f,docyx_pc_part_dataset_2025_07_23,headset,Pioneer HDJ-500V,Pioneer,HDJ-500V,headset:pioneer:hdj-500v,inferred_first_token,reference_only_needs_verification,needs_review,False,1,Black;Purple,False,on_ear,False,False,closed,"5,28",general,communication,100.0,103.0,frequency_units_ambiguous;unverified_reference_source
9db0b42c9938429def50,docyx_pc_part_dataset_2025_07_23,headset,Pioneer HDJ500R,Pioneer,HDJ500R,headset:pioneer:hdj500r,inferred_first_token,reference_only_needs_verification,needs_review,False,1,Black;Red,False,over_ear,False,False,closed,,general,communication,100.0,103.0,unverified_reference_source
162741af7b3ba8cbe5d9,docyx_pc_part_dataset_2025_07_23,headset,Pioneer SE-A1000,Pioneer,SE-A1000,headset:pioneer:se-a1000,inferred_first_token,reference_only_needs_verification,needs_review,False,1,Black;Silver,False,over_ear,False,False,closed,"10,30",general,communication,100.0,103.0,frequency_units_ambiguous;unverified_reference_source
0a207496e12c7f5d5032,docyx_pc_part_dataset_2025_07_23,headset,Pioneer SE-CE11-H,Pioneer,SE-CE11-H,headset:pioneer:se-ce11-h,inferred_first_token,reference_only_needs_verification,needs_review,False,1,White,False,in_ear,False,False,closed,"20,20",general,communication,100.0,103.0,frequency_units_ambiguous;unverified_reference_source
0c70eee2323334106074,docyx_pc_part_dataset_2025_07_23,headset,Pioneer SE-CE11K,Pioneer,SE-CE11K,headset:pioneer:se-ce11k,inferred_first_token,reference_only_needs_verification,needs_review,False,1,Black,False,in_ear,False,False,closed,"20,20",general,communication,100.0,103.0,frequency_units_ambiguous;unverified_reference_source
5f3eb8e3f3f7017b458e,docyx_pc_part_dataset_2025_07_23,headset,Pioneer SE-CL07-L,Pioneer,SE-CL07-L,headset:pioneer:se-cl07-l,inferred_first_token,reference_only_needs_verification,needs_review,False,1,Black;Blue,False,in_ear,False,False,closed,"20,20",general,communication,100.0,103.0,frequency_units_ambiguous;unverified_reference_source
d49a471d6a02fb9ccee5,docyx_pc_part_dataset_2025_07_23,headset,Pioneer SE-CL07-P,Pioneer,SE-CL07-P,headset:pioneer:se-cl07-p,inferred_first_token,reference_only_needs_verification,needs_review,False,1,Black;Pink,False,in_ear,False,False,closed,"20,20",general,communication,100.0,103.0,frequency_units_ambiguous;unverified_reference_source
414e7086958abbe91207,docyx_pc_part_dataset_2025_07_23,headset,Pioneer SE-CL331-H,Pioneer,SE-CL331-H,headset:pioneer:se-cl331-h,inferred_first_token,reference_only_needs_verification,needs_review,False,1,White,False,in_ear,False,False,closed,"10,20",general,communication,100.0,103.0,frequency_units_ambiguous;unverified_reference_source
b1197627ece5a7d910eb,docyx_pc_part_dataset_2025_07_23,headset,Pioneer SE-CL331-L,Pioneer,SE-CL331-L,headset:pioneer:se-cl331-l,inferred_first_token,reference_only_needs_verification,needs_review,False,1,Black,False,in_ear,False,False,closed,"10,20",general,communication,100.0,103.0,frequency_units_ambiguous;unverified_reference_source
024d11427876864b4b08,docyx_pc_part_dataset_2025_07_23,headset,Pioneer SE-CL331-P,Pioneer,SE-CL331-P,headset:pioneer:se-cl331-p,inferred_first_token,reference_only_needs_verification,needs_review,False,1,Pink;White,False,in_ear,False,False,closed,"10,20",general,communication,100.0,103.0,frequency_units_ambiguous;unverified_reference_source
7e4b2e95e8f98461084c,docyx_pc_part_dataset_2025_07_23,headset,Pioneer SE-CL331-Y,Pioneer,SE-CL331-Y,headset:pioneer:se-cl331-y,inferred_first_token,reference_only_needs_verification,needs_review,False,1,Black;Yellow,False,in_ear,False,False,closed,"10,20",general,communication,100.0,103.0,frequency_units_ambiguous;unverified_reference_source
52cc5578f48ca25dd7d8,docyx_pc_part_dataset_2025_07_23,headset,Pioneer SE-CL721-H,Pioneer,SE-CL721-H,headset:pioneer:se-cl721-h,inferred_first_token,reference_only_needs_verification,needs_review,False,1,Red;Silver,False,in_ear,False,False,closed,"5,22",general,communication,100.0,103.0,frequency_units_ambiguous;unverified_reference_source
4a7d37a3e7a364ad6e88,docyx_pc_part_dataset_2025_07_23,headset,Pioneer SE-CL721-K,Pioneer,SE-CL721-K,headset:pioneer:se-cl721-k,inferred_first_token,reference_only_needs_verification,needs_review,False,1,Black;Red,False,in_ear,False,False,closed,"5,22",general,communication,100.0,103.0,frequency_units_ambiguous;unverified_reference_source
de41beefc0422ad1c3e4,docyx_pc_part_dataset_2025_07_23,headset,Pioneer SE-CLX40-K,Pioneer,SE-CLX40-K,headset:pioneer:se-clx40-k,inferred_first_token,reference_only_needs_verification,needs_review,False,1,Black;Silver,False,in_ear,False,False,closed,"10,24",general,communication,100.0,103.0,frequency_units_ambiguous;unverified_reference_source
afe2b443b330deb0ea9c,docyx_pc_part_dataset_2025_07_23,headset,Pioneer SE-D10MT-W,Pioneer,SE-D10MT-W,headset:pioneer:se-d10mt-w,inferred_first_token,reference_only_needs_verification,needs_review,False,1,White,False,on_ear,False,False,closed,"8,28",general,communication,100.0,103.0,frequency_units_ambiguous;unverified_reference_source
bdda2c561cf9cc6e6d89,docyx_pc_part_dataset_2025_07_23,headset,Pioneer SE-MJ591,Pioneer,SE-MJ591,headset:pioneer:se-mj591,inferred_first_token,reference_only_needs_verification,needs_review,False,1,Black;Silver,False,on_ear,False,False,closed,"5,40",general,communication,100.0,103.0,frequency_units_ambiguous;unverified_reference_source
81ad6eea70d888385655,docyx_pc_part_dataset_2025_07_23,headset,Pioneer SE-MJ721I-K,Pioneer,SE-MJ721I-K,headset:pioneer:se-mj721i-k,inferred_first_token,reference_only_needs_verification,needs_review,False,1,Black,False,on_ear,False,False,closed,"6,28",general,communication,100.0,103.0,frequency_units_ambiguous;unverified_reference_source
cf2ebe750b1523fb835e,docyx_pc_part_dataset_2025_07_23,headset,Pioneer SE-MJ721I-R,Pioneer,SE-MJ721I-R,headset:pioneer:se-mj721i-r,inferred_first_token,reference_only_needs_verification,needs_review,False,1,Black;Red,False,on_ear,False,False,closed,"6,28",general,communication,100.0,103.0,frequency_units_ambiguous;unverified_reference_source
35840ddecbc05e94b8ec,docyx_pc_part_dataset_2025_07_23,headset,Pioneer SE-NC21M,Pioneer,SE-NC21M,headset:pioneer:se-nc21m,inferred_first_token,reference_only_needs_verification,needs_review,False,1,Black,False,on_ear,False,False,closed,"10,22",general,communication,100.0,103.0,frequency_units_ambiguous;unverified_reference_source
c07a277302168c9e7d79,docyx_pc_part_dataset_2025_07_23,headset,Pioneer SE-NC31C-K,Pioneer,SE-NC31C-K,headset:pioneer:se-nc31c-k,inferred_first_token,reference_only_needs_verification,needs_review,False,1,Black;Red,False,in_ear,False,False,closed,"5,16",general,communication,100.0,103.0,frequency_units_ambiguous;unverified_reference_source
84a72d38b449616e41bf,docyx_pc_part_dataset_2025_07_23,headset,Polk UltraFit 1000,Polk,UltraFit 1000,headset:polk:ultrafit-1000,inferred_first_token,reference_only_needs_verification,needs_review,False,1,White,False,in_ear,False,False,closed,"18,23",general,communication,100.0,103.0,frequency_units_ambiguous;unverified_reference_source
c31cfef9f54f77584e42,docyx_pc_part_dataset_2025_07_23,headset,Polk UltraFit 2000,Polk,UltraFit 2000,headset:polk:ultrafit-2000,inferred_first_token,reference_only_needs_verification,needs_review,False,1,Black;Red,False,on_ear,False,False,closed,"20,23",general,communication,100.0,103.0,frequency_units_ambiguous;unverified_reference_source
1bd8f1319f0de5b34581,docyx_pc_part_dataset_2025_07_23,headset,Polk UltraFit 3000,Polk,UltraFit 3000,headset:polk:ultrafit-3000,inferred_first_token,reference_only_needs_verification,needs_review,False,3,Black;Orange;Red;White,False,in_ear,False,False,closed,"8,24",general,communication,100.0,103.0,frequency_units_ambiguous;unverified_reference_source;identity_duplicates_collapsed
dd9dd3acb8a64a7998af,docyx_pc_part_dataset_2025_07_23,headset,Polk UltraFit 500,Polk,UltraFit 500,headset:polk:ultrafit-500,inferred_first_token,reference_only_needs_verification,needs_review,False,4,Black;Gold;Orange;White;Yellow,False,in_ear,False,False,closed,"18,23",general,communication,100.0,103.0,frequency_units_ambiguous;unverified_reference_source;identity_duplicates_collapsed
fee29f81a27233953d9b,docyx_pc_part_dataset_2025_07_23,headset,Polk UltraFocus 8000,Polk,UltraFocus 8000,headset:polk:ultrafocus-8000,inferred_first_token,reference_only_needs_verification,needs_review,False,1,Black;Silver,False,over_ear,False,False,closed,"8,28",general,communication,100.0,103.0,frequency_units_ambiguous;unverified_reference_source
d42e805f5106cbf38b9f,docyx_pc_part_dataset_2025_07_23,headset,Pyle Audio 068888904803,Pyle,Audio 068888904803,headset:pyle:audio-068888904803,inferred_first_token,reference_only_needs_verification,needs_review,False,1,Black;White,False,in_ear,False,False,closed,,general,communication,100.0,103.0,unverified_reference_source
c1676198967466acfb4b,docyx_pc_part_dataset_2025_07_23,headset,Pyle Audio PEBH25WT,Pyle,Audio PEBH25WT,headset:pyle:audio-pebh25wt,inferred_first_token,reference_only_needs_verification,needs_review,False,1,Black;White,False,in_ear,False,False,closed,,general,communication,100.0,103.0,unverified_reference_source
dbc77bea945b7d24d2c1,docyx_pc_part_dataset_2025_07_23,headset,Pyle Audio PHPDJ1,Pyle,Audio PHPDJ1,headset:pyle:audio-phpdj1,inferred_first_token,reference_only_needs_verification,needs_review,False,1,Black;Silver,False,over_ear,False,False,closed,"20,22",general,communication,100.0,103.0,frequency_units_ambiguous;unverified_reference_source
2d7f08fe1f291187be9a,docyx_pc_part_dataset_2025_07_23,headset,Pyle Audio PHPDJ2,Pyle,Audio PHPDJ2,headset:pyle:audio-phpdj2,inferred_first_token,reference_only_needs_verification,needs_review,False,1,Black;Silver,False,on_ear,False,False,closed,"20,22",general,communication,100.0,103.0,frequency_units_ambiguous;unverified_reference_source
b656e337a8636e066be9,docyx_pc_part_dataset_2025_07_23,headset,Pyle Audio PHPNC15,Pyle,Audio PHPNC15,headset:pyle:audio-phpnc15,inferred_first_token,reference_only_needs_verification,needs_review,False,1,Black,False,on_ear,False,False,closed,"20,20",general,communication,100.0,103.0,frequency_units_ambiguous;unverified_reference_source
e7e921b6d5f20939e33e,docyx_pc_part_dataset_2025_07_23,headset,Pyle Audio PHPNC45,Pyle,Audio PHPNC45,headset:pyle:audio-phpnc45,inferred_first_token,reference_only_needs_verification,needs_review,False,1,Black,False,over_ear,False,False,closed,"30,20",general,communication,100.0,103.0,frequency_units_ambiguous;unverified_reference_source
d23b529aaaa9b5b05d96,docyx_pc_part_dataset_2025_07_23,headset,Pyle Audio PIEH10W,Pyle,Audio PIEH10W,headset:pyle:audio-pieh10w,inferred_first_token,reference_only_needs_verification,needs_review,False,1,White,False,in_ear,False,False,closed,,general,communication,100.0,103.0,unverified_reference_source
a8eea3f8af8a39636972,docyx_pc_part_dataset_2025_07_23,headset,Pyle Audio PIEH30W,Pyle,Audio PIEH30W,headset:pyle:audio-pieh30w,inferred_first_token,reference_only_needs_verification,needs_review,False,1,Translucent Black,False,in_ear,False,False,closed,"20,20",general,communication,100.0,103.0,frequency_units_ambiguous;unverified_reference_source
202588d748db6c4a04c2,docyx_pc_part_dataset_2025_07_23,headset,Pyle Audio PIEH40B,Pyle,Audio PIEH40B,headset:pyle:audio-pieh40b,inferred_first_token,reference_only_needs_verification,needs_review,False,1,Black;Silver,False,in_ear,False,False,closed,"20,20",general,communication,100.0,103.0,frequency_units_ambiguous;unverified_reference_source
921b30d12d46e94a1a6b,docyx_pc_part_dataset_2025_07_23,headset,Pyle Audio PIEH40T,Pyle,Audio PIEH40T,headset:pyle:audio-pieh40t,inferred_first_token,reference_only_needs_verification,needs_review,False,1,Black;White,False,in_ear,False,False,closed,,general,communication,100.0,103.0,unverified_reference_source
8b8883005f80d62100e0,docyx_pc_part_dataset_2025_07_23,headset,Pyle Audio PIEH40W,Pyle,Audio PIEH40W,headset:pyle:audio-pieh40w,inferred_first_token,reference_only_needs_verification,needs_review,False,1,White,False,in_ear,False,False,closed,"20,20",general,communication,100.0,103.0,frequency_units_ambiguous;unverified_reference_source
df5fa7bb31c50c8089a2,docyx_pc_part_dataset_2025_07_23,headset,Pyle Audio PIEHIP20P,Pyle,Audio PIEHIP20P,headset:pyle:audio-piehip20p,inferred_first_token,reference_only_needs_verification,needs_review,False,1,Pink,False,in_ear,False,False,closed,"20,20",general,communication,100.0,103.0,frequency_units_ambiguous;unverified_reference_source
13c5036de30b201827ee,docyx_pc_part_dataset_2025_07_23,headset,Pyle Audio PIEHIP20W,Pyle,Audio PIEHIP20W,headset:pyle:audio-piehip20w,inferred_first_token,reference_only_needs_verification,needs_review,False,1,White,False,in_ear,False,False,closed,,general,communication,100.0,103.0,unverified_reference_source
c06cb9b29d80107e3026,docyx_pc_part_dataset_2025_07_23,headset,Pyle Audio PIEHWD80DK,Pyle,Audio PIEHWD80DK,headset:pyle:audio-piehwd80dk,inferred_first_token,reference_only_needs_verification,needs_review,False,1,Black;Red,False,in_ear,False,False,closed,"20,20",general,communication,100.0,103.0,frequency_units_ambiguous;unverified_reference_source
3c80a92eac457953d4b6,docyx_pc_part_dataset_2025_07_23,headset,Pyle Audio PIEHWD80LT,Pyle,Audio PIEHWD80LT,headset:pyle:audio-piehwd80lt,inferred_first_token,reference_only_needs_verification,needs_review,False,2,Black;Brown,False,in_ear,False,False,closed,,general,communication,100.0,103.0,unverified_reference_source;identity_duplicates_collapsed
4558b022a74bfe2aa545,docyx_pc_part_dataset_2025_07_23,headset,Pyle Audio PWPE10B,Pyle,Audio PWPE10B,headset:pyle:audio-pwpe10b,inferred_first_token,reference_only_needs_verification,needs_review,False,1,Black,False,in_ear,False,False,closed,"20,20",general,communication,100.0,103.0,frequency_units_ambiguous;unverified_reference_source
73e1fd8ad7969ef04656,docyx_pc_part_dataset_2025_07_23,headset,RCA HP57N,RCA,HP57N,headset:rca:hp57n,inferred_first_token,reference_only_needs_verification,needs_review,False,1,Black;Silver,False,in_ear,False,False,closed,"20,20",general,communication,100.0,103.0,frequency_units_ambiguous;unverified_reference_source
e57c1bb66389284e70bb,docyx_pc_part_dataset_2025_07_23,headset,RCA HP59MICWH,RCA,HP59MICWH,headset:rca:hp59micwh,inferred_first_token,reference_only_needs_verification,needs_review,False,1,White,False,in_ear,False,False,closed,,general,communication,100.0,103.0,unverified_reference_source
7fe27c36f83335a2b452,docyx_pc_part_dataset_2025_07_23,headset,RCA HP59WH,RCA,HP59WH,headset:rca:hp59wh,inferred_first_token,reference_only_needs_verification,needs_review,False,1,White,False,in_ear,False,False,closed,,general,communication,100.0,103.0,unverified_reference_source
75d9be5b3800f6f150c6,docyx_pc_part_dataset_2025_07_23,headset,RCA HP60A,RCA,HP60A,headset:rca:hp60a,inferred_first_token,reference_only_needs_verification,needs_review,False,1,White,False,in_ear,False,False,closed,,general,communication,100.0,103.0,unverified_reference_source
e289cc516d3cc3ae2897,docyx_pc_part_dataset_2025_07_23,headset,RCA IVG-RCAHP60A,RCA,IVG-RCAHP60A,headset:rca:ivg-rcahp60a,inferred_first_token,reference_only_needs_verification,needs_review,False,1,White,False,in_ear,False,False,closed,,general,communication,100.0,103.0,unverified_reference_source
191f3b0b2e07d110539d,docyx_pc_part_dataset_2025_07_23,headset,RCA RCAHP59MICWH,RCA,RCAHP59MICWH,headset:rca:rcahp59micwh,inferred_first_token,reference_only_needs_verification,needs_review,False,1,White,False,in_ear,False,False,closed,,general,communication,100.0,103.0,unverified_reference_source
6e9f7b784d0ba94624ca,docyx_pc_part_dataset_2025_07_23,headset,RCA RCAHP60A,RCA,RCAHP60A,headset:rca:rcahp60a,inferred_first_token,reference_only_needs_verification,needs_review,False,1,White,False,in_ear,False,False,closed,,general,communication,100.0,103.0,unverified_reference_source
eb5199d58707fc479029,docyx_pc_part_dataset_2025_07_23,headset,Rosewill E-360-BKR,Rosewill,E-360-BKR,headset:rosewill:e-360-bkr,inferred_first_token,reference_only_needs_verification,needs_review,False,1,Black;Red,False,in_ear,False,False,closed,"10,22",general,communication,100.0,103.0,frequency_units_ambiguous;unverified_reference_source
c787aa253bb68665f264,docyx_pc_part_dataset_2025_07_23,headset,Rosewill E-360-BLE,Rosewill,E-360-BLE,headset:rosewill:e-360-ble,inferred_first_token,reference_only_needs_verification,needs_review,False,1,Blue,False,in_ear,False,False,closed,"10,22",general,communication,100.0,103.0,frequency_units_ambiguous;unverified_reference_source
6c5487ca31b4be1ef64f,docyx_pc_part_dataset_2025_07_23,headset,Rosewill RHTS-11002,Rosewill,RHTS-11002,headset:rosewill:rhts-11002,inferred_first_token,reference_only_needs_verification,needs_review,False,1,Black;Gold,False,in_ear,False,False,closed,"18,24",general,communication,100.0,103.0,frequency_units_ambiguous;unverified_reference_source
dab1c44b7c7ab3be1b27,docyx_pc_part_dataset_2025_07_23,headset,Rosewill RHTS-11004,Rosewill,RHTS-11004,headset:rosewill:rhts-11004,inferred_first_token,reference_only_needs_verification,needs_review,False,1,Black;Silver,False,over_ear,False,False,closed,"20,20",general,communication,100.0,103.0,frequency_units_ambiguous;unverified_reference_source
449f762b0765ef67ef1e,docyx_pc_part_dataset_2025_07_23,headset,Rosewill RHTS-12002,Rosewill,RHTS-12002,headset:rosewill:rhts-12002,inferred_first_token,reference_only_needs_verification,needs_review,False,1,Black;Silver,False,over_ear,False,False,closed,"20,20",general,communication,100.0,103.0,frequency_units_ambiguous;unverified_reference_source
a841586d34738be07a21,docyx_pc_part_dataset_2025_07_23,headset,Rosewill RHTS-12004,Rosewill,RHTS-12004,headset:rosewill:rhts-12004,inferred_first_token,reference_only_needs_verification,needs_review,False,1,Black;Brown,False,in_ear,False,False,closed,"18,20",general,communication,100.0,103.0,frequency_units_ambiguous;unverified_reference_source
0261cb738c15600a4d24,docyx_pc_part_dataset_2025_07_23,headset,Rosewill RHTS-12005,Rosewill,RHTS-12005,headset:rosewill:rhts-12005,inferred_first_token,reference_only_needs_verification,needs_review,False,1,Black;Silver,False,on_ear,False,False,closed,"8,21",general,communication,100.0,103.0,frequency_units_ambiguous;unverified_reference_source
eca9fe59af5d578e78ea,docyx_pc_part_dataset_2025_07_23,headset,Rosewill RHTS-12006,Rosewill,RHTS-12006,headset:rosewill:rhts-12006,inferred_first_token,reference_only_needs_verification,needs_review,False,1,Black;Brown,False,in_ear,False,False,closed,"18,24",general,communication,100.0,103.0,frequency_units_ambiguous;unverified_reference_source
3a9c7ce0771fc42cbf54,docyx_pc_part_dataset_2025_07_23,headset,Rosewill RHTS-12007,Rosewill,RHTS-12007,headset:rosewill:rhts-12007,inferred_first_token,reference_only_needs_verification,needs_review,False,1,Black;Silver,False,in_ear,False,False,closed,"18,20",general,communication,100.0,103.0,frequency_units_ambiguous;unverified_reference_source
f1679d3038f2e59e5a5b,docyx_pc_part_dataset_2025_07_23,headset,Rosewill RHTS-12008,Rosewill,RHTS-12008,headset:rosewill:rhts-12008,inferred_first_token,reference_only_needs_verification,needs_review,False,1,Black;Silver,False,in_ear,False,False,closed,"18,20",general,communication,100.0,103.0,frequency_units_ambiguous;unverified_reference_source
7032f992093d0033a1e8,docyx_pc_part_dataset_2025_07_23,headset,Rosewill RS-OW813-BK,Rosewill,RS-OW813-BK,headset:rosewill:rs-ow813-bk,inferred_first_token,reference_only_needs_verification,needs_review,False,1,Black;Silver,False,over_ear,False,False,closed,"5,25",general,communication,100.0,103.0,frequency_units_ambiguous;unverified_reference_source
dc76d475a042abe33c71,docyx_pc_part_dataset_2025_07_23,headset,SIIG CE-EP0012-S1,SIIG,CE-EP0012-S1,headset:siig:ce-ep0012-s1,inferred_first_token,reference_only_needs_verification,needs_review,False,1,Black;Silver,False,in_ear,False,False,closed,"10,20",general,communication,100.0,103.0,frequency_units_ambiguous;unverified_reference_source
808b024ce1aa57edc57f,docyx_pc_part_dataset_2025_07_23,headset,SIIG CE-EP0112-S1,SIIG,CE-EP0112-S1,headset:siig:ce-ep0112-s1,inferred_first_token,reference_only_needs_verification,needs_review,False,1,Black;White,False,in_ear,False,False,closed,"10,20",general,communication,100.0,103.0,frequency_units_ambiguous;unverified_reference_source
d8a569777fc16eb3ab52,docyx_pc_part_dataset_2025_07_23,headset,SIIG CE-EP0212-S1,SIIG,CE-EP0212-S1,headset:siig:ce-ep0212-s1,inferred_first_token,reference_only_needs_verification,needs_review,False,1,Black;Silver,False,in_ear,False,False,closed,"10,20",general,communication,100.0,103.0,frequency_units_ambiguous;unverified_reference_source
78913d3340f4d07997b2,docyx_pc_part_dataset_2025_07_23,headset,SIVGA SVIGA SV007,SIVGA,SVIGA SV007,headset:sivga:sviga-sv007,inferred_first_token,reference_only_needs_verification,needs_review,False,1,Black;Brown,False,over_ear,False,False,closed,"20,20",general,communication,100.0,103.0,frequency_units_ambiguous;unverified_reference_source
9b884c1be5775cdc094d,docyx_pc_part_dataset_2025_07_23,headset,Sakar International Teenage Mutant Ninja Turtles Kids Friendly,Sakar,International Teenage Mutant Ninja Turtles Kids Friendly,headset:sakar:international-teenage-mutant-ninja-turtles-kids-friendly,inferred_first_token,reference_only_needs_verification,needs_review,False,1,Blue;Green,False,over_ear,False,False,closed,,general,communication,100.0,103.0,unverified_reference_source
04dfcf6b3dea84eff0ae,docyx_pc_part_dataset_2025_07_23,headset,Status Audio CB-1,Status,Audio CB-1,headset:status:audio-cb-1,inferred_first_token,reference_only_needs_verification,needs_review,False,1,Black;Gold,False,over_ear,False,False,closed,"15,30",general,communication,100.0,103.0,frequency_units_ambiguous;unverified_reference_source
fe7aa4bb381abafbab78,docyx_pc_part_dataset_2025_07_23,headset,Syba CL-AUD23049,Syba,CL-AUD23049,headset:syba:cl-aud23049,inferred_first_token,reference_only_needs_verification,needs_review,False,1,Gray;White,False,over_ear,False,True,closed,,general;portable,portable,100.0,103.0,unverified_reference_source
22658aa1d3679c34f72b,docyx_pc_part_dataset_2025_07_23,headset,Syba CL-AUD63036,Syba,CL-AUD63036,headset:syba:cl-aud63036,inferred_first_token,reference_only_needs_verification,needs_review,False,1,Black;Silver,False,on_ear,False,False,closed,"20,20",general,communication,100.0,103.0,frequency_units_ambiguous;unverified_reference_source
e257a7ddfeb29d3f08c1,docyx_pc_part_dataset_2025_07_23,headset,Syba CL-AUD63037,Syba,CL-AUD63037,headset:syba:cl-aud63037,inferred_first_token,reference_only_needs_verification,needs_review,False,1,Black;Silver,False,on_ear,False,False,closed,"20,20",general,communication,100.0,103.0,frequency_units_ambiguous;unverified_reference_source
9d33bd2fb1fe140e8289,docyx_pc_part_dataset_2025_07_23,headset,TekNmotion TM-AIR100BT,TekNmotion,TM-AIR100BT,headset:teknmotion:tm-air100bt,inferred_first_token,reference_only_needs_verification,needs_review,False,1,Black;Silver,False,on_ear,False,True,closed,,general;portable,portable,100.0,103.0,unverified_reference_source
6d97cec8c938de374f3e,docyx_pc_part_dataset_2025_07_23,headset,TekNmotion TM-LOND,TekNmotion,TM-LOND,headset:teknmotion:tm-lond,inferred_first_token,reference_only_needs_verification,needs_review,False,1,Blue;Red,False,over_ear,False,False,closed,,general,communication,100.0,103.0,unverified_reference_source
c98bc67739c338896e3b,docyx_pc_part_dataset_2025_07_23,headset,V-MODA CROSSFADE M-100 BLACK,V-MODA,CROSSFADE M-100 BLACK,headset:v-moda:crossfade-m-100-black,inferred_first_token,reference_only_needs_verification,needs_review,False,1,Black,False,over_ear,False,False,closed,"5,30",general,communication,100.0,103.0,frequency_units_ambiguous;unverified_reference_source
8bec51a5d833933111d7,docyx_pc_part_dataset_2025_07_23,headset,V-MODA CROSSFADE M-100 SHADOW,V-MODA,CROSSFADE M-100 SHADOW,headset:v-moda:crossfade-m-100-shadow,inferred_first_token,reference_only_needs_verification,needs_review,False,1,Black;Silver,False,over_ear,False,False,closed,"5,30",general,communication,100.0,103.0,frequency_units_ambiguous;unverified_reference_source
9c10c8dcd7d242c11edb,docyx_pc_part_dataset_2025_07_23,headset,V-MODA CROSSFADE M-100 SILVER,V-MODA,CROSSFADE M-100 SILVER,headset:v-moda:crossfade-m-100-silver,inferred_first_token,reference_only_needs_verification,needs_review,False,1,Silver,False,over_ear,False,False,closed,"5,30",general,communication,100.0,103.0,frequency_units_ambiguous;unverified_reference_source
032f8192f8a718528dcc,docyx_pc_part_dataset_2025_07_23,headset,V-MODA CROSSFADE M-80,V-MODA,CROSSFADE M-80,headset:v-moda:crossfade-m-80,inferred_first_token,reference_only_needs_verification,needs_review,False,1,Black;Silver,False,on_ear,False,False,closed,"5,30",general,communication,100.0,103.0,frequency_units_ambiguous;unverified_reference_source
3468a5c42ae313d33efd,docyx_pc_part_dataset_2025_07_23,headset,V-MODA CROSSFADE M-80 SHADOW,V-MODA,CROSSFADE M-80 SHADOW,headset:v-moda:crossfade-m-80-shadow,inferred_first_token,reference_only_needs_verification,needs_review,False,1,Black,False,on_ear,False,False,closed,"5,30",general,communication,100.0,103.0,frequency_units_ambiguous;unverified_reference_source
9d739c8813d9c4ddf930,docyx_pc_part_dataset_2025_07_23,headset,V7 HA100-2NP,V7,HA100-2NP,headset:v7:ha100-2np,inferred_first_token,reference_only_needs_verification,needs_review,False,1,Black;Silver,False,in_ear,False,False,closed,"20,20",general,communication,100.0,103.0,frequency_units_ambiguous;unverified_reference_source
702d9698effc58d2b3e4,docyx_pc_part_dataset_2025_07_23,headset,Zalman ZM-DS4FBlack,Zalman,ZM-DS4FBlack,headset:zalman:zm-ds4fblack,inferred_first_token,reference_only_needs_verification,needs_review,False,1,Black,False,over_ear,False,False,closed,"50,20",general,communication,100.0,103.0,frequency_units_ambiguous;unverified_reference_source
207e96b3a5d0d440fc58,docyx_pc_part_dataset_2025_07_23,headset,Zalman ZM-DS4FWhite,Zalman,ZM-DS4FWhite,headset:zalman:zm-ds4fwhite,inferred_first_token,reference_only_needs_verification,needs_review,False,1,Black;White,False,over_ear,False,False,closed,"50,20",general,communication,100.0,103.0,frequency_units_ambiguous;unverified_reference_source
e85921f6d66b8f90f952,docyx_pc_part_dataset_2025_07_23,headset,Zalman ZM-RS6F,Zalman,ZM-RS6F,headset:zalman:zm-rs6f,inferred_first_token,reference_only_needs_verification,needs_review,False,2,Black;Silver,False,over_ear,False,False,closed,"50,20",general,communication,100.0,103.0,frequency_units_ambiguous;unverified_reference_source;identity_duplicates_collapsed
77a2057ed5f565df089a,docyx_pc_part_dataset_2025_07_23,headset,A4Tech G500,A4Tech,G500,headset:a4tech:g500,inferred_first_token,reference_only_needs_verification,needs_review,False,1,Black;Red,False,over_ear,True,False,closed,"20,20",general;communication;gaming,gaming,100.0,102.0,frequency_units_ambiguous;unverified_reference_source
282ce344c52126ab37c5,docyx_pc_part_dataset_2025_07_23,headset,A4Tech L-610-1,A4Tech,L-610-1,headset:a4tech:l-610-1,inferred_first_token,reference_only_needs_verification,needs_review,False,1,Black;Silver,False,over_ear,True,False,closed,"20,20",general;communication;gaming,gaming,100.0,102.0,frequency_units_ambiguous;unverified_reference_source
213c44d88ef54a7d411b,docyx_pc_part_dataset_2025_07_23,headset,AKG K701,AKG,K701,headset:akg:k701,curated_alias,reference_only_needs_verification,needs_review,False,1,White,True,over_ear,False,False,open,"10,39.8",general;music_creation,music_creation,100.0,102.0,frequency_units_ambiguous;unverified_reference_source
63005858fc238a2357ea,docyx_pc_part_dataset_2025_07_23,headset,AKG K702,AKG,K702,headset:akg:k702,curated_alias,reference_only_needs_verification,needs_review,False,1,Black;Silver,True,over_ear,False,False,open,"10,39.8",general;music_creation,music_creation,100.0,102.0,frequency_units_ambiguous;unverified_reference_source
27f31d4473ef4ae27eb1,docyx_pc_part_dataset_2025_07_23,headset,ARCTIC P301,ARCTIC,P301,headset:arctic:p301,inferred_first_token,reference_only_needs_verification,needs_review,False,1,Black;Silver,False,over_ear,True,False,closed,"12,24",general;communication;gaming,gaming,100.0,102.0,frequency_units_ambiguous;unverified_reference_source
42309c82ac77b3752291,docyx_pc_part_dataset_2025_07_23,headset,ARCTIC P402,ARCTIC,P402,headset:arctic:p402,inferred_first_token,reference_only_needs_verification,needs_review,False,1,Black;Silver,False,on_ear,True,False,closed,"20,20",general;communication;gaming,gaming,100.0,102.0,frequency_units_ambiguous;unverified_reference_source
13dbc28b0a40875b0a33,docyx_pc_part_dataset_2025_07_23,headset,AZIO GH808,AZIO,GH808,headset:azio:gh808,inferred_first_token,reference_only_needs_verification,needs_review,False,1,Black;Red,False,over_ear,True,False,closed,,general;communication;gaming,gaming,100.0,102.0,unverified_reference_source
d38bf030574ddc8f3cdd,docyx_pc_part_dataset_2025_07_23,headset,Anker H700,Anker,H700,headset:anker:h700,inferred_first_token,reference_only_needs_verification,needs_review,False,1,Black,False,on_ear,True,True,closed,,general;communication;gaming;portable,communication,100.0,102.0,unverified_reference_source
88b3a1cb12f618adc87c,docyx_pc_part_dataset_2025_07_23,headset,Astro A03,Astro,A03,headset:astro:a03,inferred_first_token,reference_only_needs_verification,needs_review,False,1,Purple;White,False,in_ear,True,False,closed,"20,20",general;communication;gaming,gaming,100.0,102.0,frequency_units_ambiguous;unverified_reference_source
35b2fbf11eac7bf20ad1,docyx_pc_part_dataset_2025_07_23,headset,Astro A10,Astro,A10,headset:astro:a10,inferred_first_token,reference_only_needs_verification,needs_review,False,2,Blue;Green;White,False,over_ear,True,False,closed,"20,20",general;communication;gaming,gaming,100.0,102.0,frequency_units_ambiguous;unverified_reference_source;identity_duplicates_collapsed
f7662920bb4e48ab34e1,docyx_pc_part_dataset_2025_07_23,headset,Astro A30,Astro,A30,headset:astro:a30,inferred_first_token,reference_only_needs_verification,needs_review,False,4,Black;Red;White,False,on_ear,True,False,closed,"15,28",general;communication;gaming,gaming,100.0,102.0,frequency_units_ambiguous;unverified_reference_source;identity_duplicates_collapsed
f3a66d0c2fff442b9359,docyx_pc_part_dataset_2025_07_23,headset,Astro A38,Astro,A38,headset:astro:a38,inferred_first_token,reference_only_needs_verification,needs_review,False,2,Black;Blue;White,False,on_ear,True,True,closed,"15,20",general;communication;gaming;portable,communication,100.0,102.0,frequency_units_ambiguous;unverified_reference_source;identity_duplicates_collapsed
f98c08e5b3bf03d81422,docyx_pc_part_dataset_2025_07_23,headset,Astro A40,Astro,A40,headset:astro:a40,inferred_first_token,reference_only_needs_verification,needs_review,False,6,Black;Orange;Silver;White,False,over_ear,True,False,closed,"20,21",general;communication;gaming,gaming,100.0,102.0,frequency_units_ambiguous;unverified_reference_source;identity_duplicates_collapsed
3d9e795a36ad863c5acf,docyx_pc_part_dataset_2025_07_23,headset,Astro A50,Astro,A50,headset:astro:a50,inferred_first_token,reference_only_needs_verification,needs_review,False,1,Black;Blue,False,over_ear,True,True,closed,"20,21",general;communication;gaming;portable,communication,100.0,102.0,frequency_units_ambiguous;unverified_reference_source
e6dd90311e37ea2e4a6f,docyx_pc_part_dataset_2025_07_23,headset,Beyerdynamic DT 990,Beyerdynamic,DT 990,headset:beyerdynamic:dt-990,curated_alias,reference_only_needs_verification,needs_review,False,2,Black;Silver,True,over_ear,False,False,semi_open,"5,35",general,communication,100.0,102.0,frequency_units_ambiguous;unverified_reference_source;identity_duplicates_collapsed
00c5037b8109263b2e47,docyx_pc_part_dataset_2025_07_23,headset,Bose 625946-0010,Bose,625946-0010,headset:bose:625946-0010,inferred_first_token,reference_only_needs_verification,needs_review,False,2,Blue;White,False,in_ear,True,False,closed,,general;communication;gaming,gaming,100.0,102.0,unverified_reference_source;identity_duplicates_collapsed
1e8bfa9f4a787ab79440,docyx_pc_part_dataset_2025_07_23,headset,Bose 625946-0020,Bose,625946-0020,headset:bose:625946-0020,inferred_first_token,reference_only_needs_verification,needs_review,False,1,Green,False,in_ear,True,False,closed,,general;communication;gaming,gaming,100.0,102.0,unverified_reference_source
0bee3889caf017dc0bd6,docyx_pc_part_dataset_2025_07_23,headset,Bose 717534-0010,Bose,717534-0010,headset:bose:717534-0010,inferred_first_token,reference_only_needs_verification,needs_review,False,1,Black;Blue,False,in_ear,True,False,closed,,general;communication;gaming,gaming,100.0,102.0,unverified_reference_source
a95d4081c7401dd6b2e9,docyx_pc_part_dataset_2025_07_23,headset,Bose 717534-0020,Bose,717534-0020,headset:bose:717534-0020,inferred_first_token,reference_only_needs_verification,needs_review,False,1,Orange;White,False,in_ear,True,False,closed,,general;communication;gaming,gaming,100.0,102.0,unverified_reference_source
65a06c3ad8ae4851ac96,docyx_pc_part_dataset_2025_07_23,headset,Bose 717534-0030,Bose,717534-0030,headset:bose:717534-0030,inferred_first_token,reference_only_needs_verification,needs_review,False,1,Green,False,in_ear,True,False,closed,,general;communication;gaming,gaming,100.0,102.0,unverified_reference_source
fc41aede944a355b4e05,docyx_pc_part_dataset_2025_07_23,headset,Bose 717534-0040,Bose,717534-0040,headset:bose:717534-0040,inferred_first_token,reference_only_needs_verification,needs_review,False,1,Green,False,in_ear,True,False,closed,,general;communication;gaming,gaming,100.0,102.0,unverified_reference_source
f00a83ee83d84d013009,docyx_pc_part_dataset_2025_07_23,headset,Bose QC35,Bose,QC35,headset:bose:qc35,inferred_first_token,reference_only_needs_verification,needs_review,False,1,Black,False,over_ear,True,True,closed,,general;communication;gaming;portable,communication,100.0,102.0,unverified_reference_source
244502b84136a9591688,docyx_pc_part_dataset_2025_07_23,headset,Cobra HS707,Cobra,HS707,headset:cobra:hs707,inferred_first_token,reference_only_needs_verification,needs_review,False,2,Black;Blue,False,over_ear,True,False,closed,"20,20",general;communication;gaming,gaming,100.0,102.0,frequency_units_ambiguous;unverified_reference_source;identity_duplicates_collapsed
e0b10902bf4a4dcb780c,docyx_pc_part_dataset_2025_07_23,headset,Ergoguys 3066AV,Ergoguys,3066AV,headset:ergoguys:3066av,inferred_first_token,reference_only_needs_verification,needs_review,False,1,Black;White,False,over_ear,True,False,closed,"20,19",general;communication;gaming,gaming,100.0,102.0,frequency_units_ambiguous;unverified_reference_source
9f2a67adb3977f199949,docyx_pc_part_dataset_2025_07_23,headset,Func HS-260,Func,HS-260,headset:func:hs-260,inferred_first_token,reference_only_needs_verification,needs_review,False,2,Black;Silver;White,False,over_ear,True,False,closed,"20,20",general;communication;gaming,gaming,100.0,102.0,frequency_units_ambiguous;unverified_reference_source;identity_duplicates_collapsed
33139dd7fa21d8d9c41b,docyx_pc_part_dataset_2025_07_23,headset,GameMax G200,GameMax,G200,headset:gamemax:g200,inferred_first_token,reference_only_needs_verification,needs_review,False,1,Black,False,over_ear,True,False,closed,"20,20",general;communication;gaming,gaming,100.0,102.0,frequency_units_ambiguous;unverified_reference_source
9a9ba53834d609da9b9f,docyx_pc_part_dataset_2025_07_23,headset,GameStop GS100,GameStop,GS100,headset:gamestop:gs100,inferred_first_token,reference_only_needs_verification,needs_review,False,1,Black,False,over_ear,True,False,closed,,general;communication;gaming,gaming,100.0,102.0,unverified_reference_source
0d0fb9e01a80c74e9e1c,docyx_pc_part_dataset_2025_07_23,headset,Genius 31710043101,Genius,31710043101,headset:genius:31710043101,inferred_first_token,reference_only_needs_verification,needs_review,False,1,Black;Red,False,over_ear,True,False,closed,"20,20",general;communication;gaming,gaming,100.0,102.0,frequency_units_ambiguous;unverified_reference_source
83514ee6dd1ebf7062b9,docyx_pc_part_dataset_2025_07_23,headset,Hunterspider V1,Hunterspider,V1,headset:hunterspider:v1,inferred_first_token,reference_only_needs_verification,needs_review,False,1,Black;Red,False,over_ear,True,True,closed,"20,20",general;communication;gaming;portable,communication,100.0,102.0,frequency_units_ambiguous;unverified_reference_source
59995e31afcab6dbc3f4,docyx_pc_part_dataset_2025_07_23,headset,Inland 6000,Inland,6000,headset:inland:6000,inferred_first_token,reference_only_needs_verification,needs_review,False,1,Black;Silver,False,over_ear,True,False,closed,"20,20",general;communication;gaming,gaming,100.0,102.0,frequency_units_ambiguous;unverified_reference_source
d9efeed106305dc42555,docyx_pc_part_dataset_2025_07_23,headset,Inland 87070,Inland,87070,headset:inland:87070,inferred_first_token,reference_only_needs_verification,needs_review,False,1,Black,False,on_ear,True,False,closed,"20,20",general;communication;gaming,gaming,100.0,102.0,frequency_units_ambiguous;unverified_reference_source
e96f99b62006bb6af264,docyx_pc_part_dataset_2025_07_23,headset,Klipsch KG-300,Klipsch,KG-300,headset:klipsch:kg-300,inferred_first_token,reference_only_needs_verification,needs_review,False,2,Black,False,over_ear,True,True,closed,"16,23",general;communication;gaming;portable,communication,100.0,102.0,frequency_units_ambiguous;unverified_reference_source;identity_duplicates_collapsed
53e2bc8025ba4fe7d9e3,docyx_pc_part_dataset_2025_07_23,headset,Klipsch R6m,Klipsch,R6m,headset:klipsch:r6m,inferred_first_token,reference_only_needs_verification,needs_review,False,2,Black;Silver,False,in_ear,True,False,closed,,general;communication;gaming,gaming,100.0,102.0,unverified_reference_source;identity_duplicates_collapsed
f35c017fbba8cbde3902,docyx_pc_part_dataset_2025_07_23,headset,LucidSound LS25,LucidSound,LS25,headset:lucidsound:ls25,inferred_first_token,reference_only_needs_verification,needs_review,False,1,Black;Red,False,over_ear,True,False,closed,"20,20",general;communication;gaming,gaming,100.0,102.0,frequency_units_ambiguous;unverified_reference_source
ae4559a4e2a03f33e9ca,docyx_pc_part_dataset_2025_07_23,headset,LucidSound LS31,LucidSound,LS31,headset:lucidsound:ls31,inferred_first_token,reference_only_needs_verification,needs_review,False,1,Gray,False,over_ear,True,True,closed,"20,20",general;communication;gaming;portable,communication,100.0,102.0,frequency_units_ambiguous;unverified_reference_source
0c2fb74d656ed2370153,docyx_pc_part_dataset_2025_07_23,headset,MCHOSE G9,MCHOSE,G9,headset:mchose:g9,inferred_first_token,reference_only_needs_verification,needs_review,False,2,Black,False,over_ear,True,False,closed,,general;communication;gaming,gaming,100.0,102.0,unverified_reference_source;identity_duplicates_collapsed
48aafb9627ac4d46f5f1,docyx_pc_part_dataset_2025_07_23,headset,MCHOSE S9,MCHOSE,S9,headset:mchose:s9,inferred_first_token,reference_only_needs_verification,needs_review,False,2,Black;Pink;Red;White,False,over_ear,True,True,closed,,general;communication;gaming;portable,communication,100.0,102.0,unverified_reference_source;identity_duplicates_collapsed
1d7962889aff264d0e2b,docyx_pc_part_dataset_2025_07_23,headset,MCHOSE V9,MCHOSE,V9,headset:mchose:v9,inferred_first_token,reference_only_needs_verification,needs_review,False,1,Black;Red,False,over_ear,True,True,closed,,general;communication;gaming;portable,communication,100.0,102.0,unverified_reference_source
5c0ee6b9e26587971cf3,docyx_pc_part_dataset_2025_07_23,headset,Perixx AX-5000,Perixx,AX-5000,headset:perixx:ax-5000,inferred_first_token,reference_only_needs_verification,needs_review,False,1,Black;White,False,over_ear,True,False,closed,,general;communication;gaming,gaming,100.0,102.0,unverified_reference_source
9e394b6d1c8c900eb37d,docyx_pc_part_dataset_2025_07_23,headset,Philips X3/00,Philips,X3/00,headset:philips:x3-00,curated_alias,reference_only_needs_verification,needs_review,False,1,Black,True,over_ear,False,False,open,"5,40",general;music_creation,music_creation,100.0,102.0,frequency_units_ambiguous;unverified_reference_source
929ddbf9e6ceb970359c,docyx_pc_part_dataset_2025_07_23,headset,Rosewill RH-001,Rosewill,RH-001,headset:rosewill:rh-001,inferred_first_token,reference_only_needs_verification,needs_review,False,1,Black,False,on_ear,True,False,closed,"20,20",general;communication;gaming,gaming,100.0,102.0,frequency_units_ambiguous;unverified_reference_source
626412ce15ee78ca5b29,docyx_pc_part_dataset_2025_07_23,headset,Sades A70,Sades,A70,headset:sades:a70,inferred_first_token,reference_only_needs_verification,needs_review,False,1,Blue;White,False,over_ear,True,False,closed,"20,20",general;communication;gaming,gaming,100.0,102.0,frequency_units_ambiguous;unverified_reference_source
dcae7e602005507e817d,docyx_pc_part_dataset_2025_07_23,headset,Smartaudios E1,Smartaudios,E1,headset:smartaudios:e1,inferred_first_token,reference_only_needs_verification,needs_review,False,1,Black;Brown,False,over_ear,True,False,closed,"20,20",general;communication;gaming,gaming,100.0,102.0,frequency_units_ambiguous;unverified_reference_source
a8782038f49383e41c6f,docyx_pc_part_dataset_2025_07_23,headset,Syba BT210,Syba,BT210,headset:syba:bt210,inferred_first_token,reference_only_needs_verification,needs_review,False,1,Black;Red,False,over_ear,True,True,closed,"20,20",general;communication;gaming;portable,communication,100.0,102.0,frequency_units_ambiguous;unverified_reference_source
38e4c27ddbd8adad1333,docyx_pc_part_dataset_2025_07_23,headset,iDeaUSA S409,iDeaUSA,S409,headset:ideausa:s409,inferred_first_token,reference_only_needs_verification,needs_review,False,1,Black;Blue,False,over_ear,True,False,closed,"20,20",general;communication;gaming,gaming,100.0,102.0,frequency_units_ambiguous;unverified_reference_source
f485e93579c3d52aa76e,docyx_pc_part_dataset_2025_07_23,headset,AKG IP2,AKG,IP2,headset:akg:ip2,curated_alias,reference_only_needs_verification,needs_review,False,1,Black;Silver,False,in_ear,False,False,closed,"12,23.5",general,communication,100.0,100.0,frequency_units_ambiguous;unverified_reference_source
70e9c0105277048621ff,docyx_pc_part_dataset_2025_07_23,headset,AKG K3003i,AKG,K3003i,headset:akg:k3003i,curated_alias,reference_only_needs_verification,needs_review,False,1,Black;Silver,False,in_ear,False,False,closed,"10,30",general,communication,100.0,100.0,frequency_units_ambiguous;unverified_reference_source
9f5bf0b2151c9134675b,docyx_pc_part_dataset_2025_07_23,headset,AKG K550,AKG,K550,headset:akg:k550,curated_alias,reference_only_needs_verification,needs_review,False,1,Black,False,over_ear,False,False,closed,"12,28",general,communication,100.0,100.0,frequency_units_ambiguous;unverified_reference_source
8e438768c5b79daa464b,docyx_pc_part_dataset_2025_07_23,headset,Beyerdynamic DT 1350,Beyerdynamic,DT 1350,headset:beyerdynamic:dt-1350,curated_alias,reference_only_needs_verification,needs_review,False,1,Black;Silver,False,on_ear,False,False,closed,"5,30",general,communication,100.0,100.0,frequency_units_ambiguous;unverified_reference_source
37a141e74fcdf03a33c7,docyx_pc_part_dataset_2025_07_23,headset,Beyerdynamic DT 660,Beyerdynamic,DT 660,headset:beyerdynamic:dt-660,curated_alias,reference_only_needs_verification,needs_review,False,1,Black;Silver,False,over_ear,False,False,closed,"5,35",general,communication,100.0,100.0,frequency_units_ambiguous;unverified_reference_source
44a923c13772b092b5ba,docyx_pc_part_dataset_2025_07_23,headset,Beyerdynamic DT235,Beyerdynamic,DT235,headset:beyerdynamic:dt235,curated_alias,reference_only_needs_verification,needs_review,False,1,Black;White,False,on_ear,False,False,closed,"18,22",general,communication,100.0,100.0,frequency_units_ambiguous;unverified_reference_source
aab4b9315e3ee6baa029,docyx_pc_part_dataset_2025_07_23,headset,Beyerdynamic T 5 p,Beyerdynamic,T 5 p,headset:beyerdynamic:t-5-p,curated_alias,reference_only_needs_verification,needs_review,False,1,Black;Silver,False,over_ear,False,False,closed,"5,50",general,communication,100.0,100.0,frequency_units_ambiguous;unverified_reference_source
9d934f683463a2960e8f,docyx_pc_part_dataset_2025_07_23,headset,Beyerdynamic T 70,Beyerdynamic,T 70,headset:beyerdynamic:t-70,curated_alias,reference_only_needs_verification,needs_review,False,1,Black;Silver,False,over_ear,False,False,closed,"5,40",general,communication,100.0,100.0,frequency_units_ambiguous;unverified_reference_source
bb6a69d48251f1448304,docyx_pc_part_dataset_2025_07_23,headset,Beyerdynamic T70P,Beyerdynamic,T70P,headset:beyerdynamic:t70p,curated_alias,reference_only_needs_verification,needs_review,False,1,Black;Silver,False,over_ear,False,False,closed,"5,40",general,communication,100.0,100.0,frequency_units_ambiguous;unverified_reference_source
f460fd91e90a5cd70a71,docyx_pc_part_dataset_2025_07_23,headset,DROP DROP + HIFIMAN HE-35X,DROP,DROP + HIFIMAN HE-35X,headset:drop:drop-hifiman-he-35x,inferred_first_token,reference_only_needs_verification,needs_review,False,1,Black,False,over_ear,False,False,open,"20,20",general;music_creation,music_creation,100.0,100.0,frequency_units_ambiguous;unverified_reference_source
e9d8bacbe1807079ef63,docyx_pc_part_dataset_2025_07_23,headset,DROP DROP + HiFiMAN HE4XX,DROP,DROP + HiFiMAN HE4XX,headset:drop:drop-hifiman-he4xx,inferred_first_token,reference_only_needs_verification,needs_review,False,1,Black,False,over_ear,False,False,open,"20,35",general;music_creation,music_creation,100.0,100.0,frequency_units_ambiguous;unverified_reference_source
9aca248e1f360d4975c3,docyx_pc_part_dataset_2025_07_23,headset,DROP MASSDROP X AKG K7XX,DROP,MASSDROP X AKG K7XX,headset:drop:massdrop-x-akg-k7xx,inferred_first_token,reference_only_needs_verification,needs_review,False,1,Black,False,over_ear,False,False,open,"10,39.8",general;music_creation,music_creation,100.0,100.0,frequency_units_ambiguous;unverified_reference_source
7f022fbf5d36c20cf4f0,docyx_pc_part_dataset_2025_07_23,headset,DROP MASSDROP X KOSS ESP/95X ELECTROSTATIC SYSTEM,DROP,MASSDROP X KOSS ESP/95X ELECTROSTATIC SYSTEM,headset:drop:massdrop-x-koss-esp-95x-electrostatic-system,inferred_first_token,reference_only_needs_verification,needs_review,False,1,Black,False,over_ear,False,False,open,"8,35",general;music_creation,music_creation,100.0,100.0,frequency_units_ambiguous;unverified_reference_source
b38c9ac66514c6137514,docyx_pc_part_dataset_2025_07_23,headset,DROP MASSDROP X KOSS KSC75X,DROP,MASSDROP X KOSS KSC75X,headset:drop:massdrop-x-koss-ksc75x,inferred_first_token,reference_only_needs_verification,needs_review,False,1,Black,False,on_ear,False,False,open,"15,25",general;music_creation,music_creation,100.0,100.0,frequency_units_ambiguous;unverified_reference_source
f60180d3ea69c4d0cf73,docyx_pc_part_dataset_2025_07_23,headset,DROP Massdrop x HiFiMAN Edition XX,DROP,Massdrop x HiFiMAN Edition XX,headset:drop:massdrop-x-hifiman-edition-xx,inferred_first_token,reference_only_needs_verification,needs_review,False,1,Black;Silver,False,over_ear,False,False,open,"8,50",general;music_creation,music_creation,100.0,100.0,frequency_units_ambiguous;unverified_reference_source
9ca63fe9b54eb028039a,docyx_pc_part_dataset_2025_07_23,headset,Final B1,Final,B1,headset:final:b1,inferred_first_token,reference_only_needs_verification,needs_review,False,1,Black;Copper,True,in_ear,False,False,closed,,general,communication,100.0,100.0,unverified_reference_source
9edf4831b31e06a52cea,docyx_pc_part_dataset_2025_07_23,headset,Final B2,Final,B2,headset:final:b2,inferred_first_token,reference_only_needs_verification,needs_review,False,1,Black,True,in_ear,False,False,closed,,general,communication,100.0,100.0,unverified_reference_source
0fd05139e1455679a6fb,docyx_pc_part_dataset_2025_07_23,headset,Final D8000,Final,D8000,headset:final:d8000,inferred_first_token,reference_only_needs_verification,needs_review,False,1,Black;Silver,True,over_ear,False,False,closed,,general,communication,100.0,100.0,unverified_reference_source
7f2e4f0863ac3761e39f,docyx_pc_part_dataset_2025_07_23,headset,Final E1000,Final,E1000,headset:final:e1000,inferred_first_token,reference_only_needs_verification,needs_review,False,3,Black;Blue;Red,True,in_ear,False,False,closed,,general,communication,100.0,100.0,unverified_reference_source;identity_duplicates_collapsed
77c9c76e190fa43d9f17,docyx_pc_part_dataset_2025_07_23,headset,Final E2000,Final,E2000,headset:final:e2000,inferred_first_token,reference_only_needs_verification,needs_review,False,2,Black;Silver,True,in_ear,False,False,closed,,general,communication,100.0,100.0,unverified_reference_source;identity_duplicates_collapsed
7c18e2c961a400af0bc8,docyx_pc_part_dataset_2025_07_23,headset,Final E2000C,Final,E2000C,headset:final:e2000c,inferred_first_token,reference_only_needs_verification,needs_review,False,2,Black;Silver,True,in_ear,False,False,closed,,general,communication,100.0,100.0,unverified_reference_source;identity_duplicates_collapsed
f170ab9a494d8ba56f6f,docyx_pc_part_dataset_2025_07_23,headset,Final E3000,Final,E3000,headset:final:e3000,inferred_first_token,reference_only_needs_verification,needs_review,False,1,Black;Silver,True,in_ear,False,False,closed,,general,communication,100.0,100.0,unverified_reference_source
5479129c5d9b2fe4d88f,docyx_pc_part_dataset_2025_07_23,headset,Final E3000C,Final,E3000C,headset:final:e3000c,inferred_first_token,reference_only_needs_verification,needs_review,False,1,Black;Silver,True,in_ear,False,False,closed,,general,communication,100.0,100.0,unverified_reference_source
7105ae259fc70825dbd2,docyx_pc_part_dataset_2025_07_23,headset,Final E4000,Final,E4000,headset:final:e4000,inferred_first_token,reference_only_needs_verification,needs_review,False,1,Black,True,in_ear,False,False,closed,,general,communication,100.0,100.0,unverified_reference_source
e632473eeb445075ad15,docyx_pc_part_dataset_2025_07_23,headset,Final E5000,Final,E5000,headset:final:e5000,inferred_first_token,reference_only_needs_verification,needs_review,False,1,Black;Silver,True,in_ear,False,False,closed,,general,communication,100.0,100.0,unverified_reference_source
5ac64919dea9d4d09d22,docyx_pc_part_dataset_2025_07_23,headset,Focal Clear,Focal,Clear,headset:focal:clear,inferred_first_token,reference_only_needs_verification,needs_review,False,1,Gray,False,over_ear,False,False,open,"5,28",general;music_creation,music_creation,100.0,100.0,frequency_units_ambiguous;unverified_reference_source
ac1c2c246b7145e418ed,docyx_pc_part_dataset_2025_07_23,headset,Fostex T50RP,Fostex,T50RP,headset:fostex:t50rp,inferred_first_token,reference_only_needs_verification,needs_review,False,1,Black,False,over_ear,False,False,semi_open,"15,35",general,communication,100.0,100.0,frequency_units_ambiguous;unverified_reference_source
5e83a91123bcd3fefa44,docyx_pc_part_dataset_2025_07_23,headset,HiFiMAN ES100,HiFiMAN,ES100,headset:hifiman:es100,curated_alias,reference_only_needs_verification,needs_review,False,1,Black;Blue,False,in_ear,False,False,closed,"15,20",general,communication,100.0,100.0,frequency_units_ambiguous;unverified_reference_source
de685ac2286925942c1b,docyx_pc_part_dataset_2025_07_23,headset,HiFiMAN HE300,HiFiMAN,HE300,headset:hifiman:he300,curated_alias,reference_only_needs_verification,needs_review,False,1,Black;Silver,False,over_ear,False,False,closed,"15,22",general,communication,100.0,100.0,frequency_units_ambiguous;unverified_reference_source
b3cdd1057496bc8fb149,docyx_pc_part_dataset_2025_07_23,headset,HiFiMAN HE400,HiFiMAN,HE400,headset:hifiman:he400,curated_alias,reference_only_needs_verification,needs_review,False,1,Black;Blue,False,over_ear,False,False,closed,"20,35",general,communication,100.0,100.0,frequency_units_ambiguous;unverified_reference_source
19add7543f7c1acb2998,docyx_pc_part_dataset_2025_07_23,headset,HiFiMAN HE6,HiFiMAN,HE6,headset:hifiman:he6,curated_alias,reference_only_needs_verification,needs_review,False,1,Black,False,over_ear,False,False,closed,"8,65",general,communication,100.0,100.0,frequency_units_ambiguous;unverified_reference_source
07912945f3b610e4d1df,docyx_pc_part_dataset_2025_07_23,headset,HiFiMAN RE400,HiFiMAN,RE400,headset:hifiman:re400,curated_alias,reference_only_needs_verification,needs_review,False,1,Black;Silver,False,in_ear,False,False,closed,,general,communication,100.0,100.0,unverified_reference_source
1243394f40f1f83acffc,docyx_pc_part_dataset_2025_07_23,headset,Kensington 951010,Kensington,951010,headset:kensington:951010,curated_alias,reference_only_needs_verification,needs_review,False,1,Black,False,on_ear,False,False,closed,,general,communication,100.0,100.0,unverified_reference_source
67fa1127b0d65ddc3863,docyx_pc_part_dataset_2025_07_23,headset,Kensington K33084,Kensington,K33084,headset:kensington:k33084,curated_alias,reference_only_needs_verification,needs_review,False,1,Black;Blue,False,on_ear,False,False,closed,,general,communication,100.0,100.0,unverified_reference_source
f93526c25c38f501be01,docyx_pc_part_dataset_2025_07_23,headset,Koss 154328,Koss,154328,headset:koss:154328,curated_alias,reference_only_needs_verification,needs_review,False,1,Black,False,over_ear,False,False,closed,"30,20",general,communication,100.0,100.0,frequency_units_ambiguous;unverified_reference_source
c0bcbca6d18c9a265bae,docyx_pc_part_dataset_2025_07_23,headset,Koss 164260,Koss,164260,headset:koss:164260,curated_alias,reference_only_needs_verification,needs_review,False,1,Black,False,in_ear,False,False,closed,"10,20",general,communication,100.0,100.0,frequency_units_ambiguous;unverified_reference_source
8dbbe3b589e45360c6a2,docyx_pc_part_dataset_2025_07_23,headset,Koss 168866/176869,Koss,168866/176869,headset:koss:168866-176869,curated_alias,reference_only_needs_verification,needs_review,False,1,Black;Silver,False,on_ear,False,False,closed,"60,20",general,communication,100.0,100.0,frequency_units_ambiguous;unverified_reference_source
da16823cb090ca22f549,docyx_pc_part_dataset_2025_07_23,headset,Koss CZ-163684,Koss,CZ-163684,headset:koss:cz-163684,curated_alias,reference_only_needs_verification,needs_review,False,1,Black;Silver,False,on_ear,False,False,closed,"15,25",general,communication,100.0,100.0,frequency_units_ambiguous;unverified_reference_source
7ad409e516541f015277,docyx_pc_part_dataset_2025_07_23,headset,Koss CZ-164020,Koss,CZ-164020,headset:koss:cz-164020,curated_alias,reference_only_needs_verification,needs_review,False,1,Black,False,on_ear,False,False,closed,"5,25",general,communication,100.0,100.0,frequency_units_ambiguous;unverified_reference_source
de08d057a80fb9f34b33,docyx_pc_part_dataset_2025_07_23,headset,Koss CZ-168486,Koss,CZ-168486,headset:koss:cz-168486,curated_alias,reference_only_needs_verification,needs_review,False,1,Black;Silver,False,in_ear,False,False,closed,"10,20",general,communication,100.0,100.0,frequency_units_ambiguous;unverified_reference_source
85373d20a5cfba237c3b,docyx_pc_part_dataset_2025_07_23,headset,Koss CZ-168990,Koss,CZ-168990,headset:koss:cz-168990,curated_alias,reference_only_needs_verification,needs_review,False,1,Black,False,in_ear,False,False,closed,"10,20",general,communication,100.0,100.0,frequency_units_ambiguous;unverified_reference_source
c9a0a56c3d6f72901132,docyx_pc_part_dataset_2025_07_23,headset,Koss CZ-175481,Koss,CZ-175481,headset:koss:cz-175481,curated_alias,reference_only_needs_verification,needs_review,False,1,Black,False,in_ear,False,False,closed,"70,20",general,communication,100.0,100.0,frequency_units_ambiguous;unverified_reference_source
6c004b538d14b1fb8a1c,docyx_pc_part_dataset_2025_07_23,headset,Koss CZ-176801,Koss,CZ-176801,headset:koss:cz-176801,curated_alias,reference_only_needs_verification,needs_review,False,1,White,False,in_ear,False,False,closed,"70,20",general,communication,100.0,100.0,frequency_units_ambiguous;unverified_reference_source
50b2d5d26da1903317dd,docyx_pc_part_dataset_2025_07_23,headset,Koss CZ-178295,Koss,CZ-178295,headset:koss:cz-178295,curated_alias,reference_only_needs_verification,needs_review,False,1,Black;Silver,False,over_ear,False,False,closed,"18,20",general,communication,100.0,100.0,frequency_units_ambiguous;unverified_reference_source
26b6b5baf28193a0bacf,docyx_pc_part_dataset_2025_07_23,headset,Koss Cs100,Koss,Cs100,headset:koss:cs100,curated_alias,reference_only_needs_verification,needs_review,False,1,Black;Silver,False,on_ear,False,False,closed,,general,communication,100.0,100.0,unverified_reference_source
ede2e337c512e8e2c11e,docyx_pc_part_dataset_2025_07_23,headset,Koss HB79,Koss,HB79,headset:koss:hb79,curated_alias,reference_only_needs_verification,needs_review,False,1,Black,False,on_ear,False,True,closed,"30,15",general;portable,portable,100.0,100.0,frequency_units_ambiguous;unverified_reference_source
f5f172bde2733fc7fdec,docyx_pc_part_dataset_2025_07_23,headset,Koss KC25,Koss,KC25,headset:koss:kc25,curated_alias,reference_only_needs_verification,needs_review,False,1,Black,False,over_ear,False,False,closed,"20,18",general,communication,100.0,100.0,frequency_units_ambiguous;unverified_reference_source
4f0977b2cde2e8bdd505,docyx_pc_part_dataset_2025_07_23,headset,Koss QZ5,Koss,QZ5,headset:koss:qz5,curated_alias,reference_only_needs_verification,needs_review,False,2,Black;Red;Silver,False,over_ear,False,False,closed,"40,20",general,communication,100.0,100.0,frequency_units_ambiguous;unverified_reference_source;identity_duplicates_collapsed
ffa9f28df4899aac81a8,docyx_pc_part_dataset_2025_07_23,headset,Monoprice 8320,Monoprice,8320,headset:monoprice:8320,curated_alias,reference_only_needs_verification,needs_review,False,1,Black;Silver,False,in_ear,False,False,closed,,general,communication,100.0,100.0,unverified_reference_source
5b12765bff9ba2e1fa74,docyx_pc_part_dataset_2025_07_23,headset,Monoprice 8323,Monoprice,8323,headset:monoprice:8323,curated_alias,reference_only_needs_verification,needs_review,False,1,Black,False,over_ear,False,False,closed,"20,20",general,communication,100.0,100.0,frequency_units_ambiguous;unverified_reference_source
e67313b27dc07038c050,docyx_pc_part_dataset_2025_07_23,headset,Neumann NDH 30,Neumann,NDH 30,headset:neumann:ndh-30,inferred_first_token,reference_only_needs_verification,needs_review,False,1,Black;Silver,False,over_ear,False,False,open,"12,34",general;music_creation,music_creation,100.0,100.0,frequency_units_ambiguous;unverified_reference_source
c04a694879c5f691fd9f,docyx_pc_part_dataset_2025_07_23,headset,Philips 609585114050,Philips,609585114050,headset:philips:609585114050,curated_alias,reference_only_needs_verification,needs_review,False,1,White,False,in_ear,False,False,closed,,general,communication,100.0,100.0,unverified_reference_source
a8ff605dc370441781ac,docyx_pc_part_dataset_2025_07_23,headset,Philips HS430,Philips,HS430,headset:philips:hs430,curated_alias,reference_only_needs_verification,needs_review,False,1,Black;Blue,False,on_ear,False,False,closed,"12,20",general,communication,100.0,100.0,frequency_units_ambiguous;unverified_reference_source
1f72274791d56e79a35e,docyx_pc_part_dataset_2025_07_23,headset,Pioneer SE-CS15V,Pioneer,SE-CS15V,headset:pioneer:se-cs15v,inferred_first_token,reference_only_needs_verification,needs_review,False,1,Black,False,in_ear,False,False,open,,general;music_creation,music_creation,100.0,100.0,unverified_reference_source
d37b10776252c68b5411,docyx_pc_part_dataset_2025_07_23,headset,Plantronics 20045001P,Plantronics,20045001P,headset:plantronics:20045001p,curated_alias,reference_only_needs_verification,needs_review,False,1,Black;Blue,False,in_ear,False,False,closed,,general,communication,100.0,100.0,unverified_reference_source
b9b4cf21e9d0369eb4d4,docyx_pc_part_dataset_2025_07_23,headset,Plantronics 20046001,Plantronics,20046001,headset:plantronics:20046001,curated_alias,reference_only_needs_verification,needs_review,False,1,Black;Green,False,in_ear,False,False,closed,,general,communication,100.0,100.0,unverified_reference_source
ff9a1727a8ea979200fc,docyx_pc_part_dataset_2025_07_23,headset,Samsung 395859009169,Samsung,395859009169,headset:samsung:395859009169,curated_alias,reference_only_needs_verification,needs_review,False,1,Black,False,in_ear,False,False,closed,,general,communication,100.0,100.0,unverified_reference_source
197f41cfa0460b9eff45,docyx_pc_part_dataset_2025_07_23,headset,Shure SE215,Shure,SE215,headset:shure:se215,curated_alias,reference_only_needs_verification,needs_review,False,2,Black;Translucent Black,False,in_ear,False,False,closed,"22,17.5",general,communication,100.0,100.0,frequency_units_ambiguous;unverified_reference_source;identity_duplicates_collapsed
cdecf85f668a8ed609a3,docyx_pc_part_dataset_2025_07_23,headset,Shure SE315,Shure,SE315,headset:shure:se315,curated_alias,reference_only_needs_verification,needs_review,False,2,Black;Clear;Silver,False,in_ear,False,False,closed,"20,20",general,communication,100.0,100.0,frequency_units_ambiguous;unverified_reference_source;identity_duplicates_collapsed
e8e8c3199b3c0de2f4ac,docyx_pc_part_dataset_2025_07_23,headset,Shure SE425,Shure,SE425,headset:shure:se425,curated_alias,reference_only_needs_verification,needs_review,False,2,Black;Clear;Silver,False,in_ear,False,False,closed,"17,18",general,communication,100.0,100.0,frequency_units_ambiguous;unverified_reference_source;identity_duplicates_collapsed
1de21eeeee3b16dd219f,docyx_pc_part_dataset_2025_07_23,headset,Shure SE535,Shure,SE535,headset:shure:se535,curated_alias,reference_only_needs_verification,needs_review,False,2,Black;Brown;Clear,False,in_ear,False,False,closed,"18,19",general,communication,100.0,100.0,frequency_units_ambiguous;unverified_reference_source;identity_duplicates_collapsed
a81cc8a22b505b3444f1,docyx_pc_part_dataset_2025_07_23,headset,Status Audio OB-1,Status,Audio OB-1,headset:status:audio-ob-1,inferred_first_token,reference_only_needs_verification,needs_review,False,1,Black;Red,False,over_ear,False,False,open,"15,30",general;music_creation,music_creation,100.0,100.0,frequency_units_ambiguous;unverified_reference_source
c664596b51e338e20d8a,docyx_pc_part_dataset_2025_07_23,headset,Syba OG-AUD23033,Syba,OG-AUD23033,headset:syba:og-aud23033,inferred_first_token,reference_only_needs_verification,needs_review,False,1,Black;White,False,over_ear,False,False,semi_open,"20,20",general,communication,100.0,100.0,frequency_units_ambiguous;unverified_reference_source
52a6c337d5a4d31f4617,docyx_pc_part_dataset_2025_07_23,headset,Turtle Beach M3,Turtle Beach,M3,headset:turtle-beach:m3,curated_alias,reference_only_needs_verification,needs_review,False,1,Black,False,on_ear,False,False,closed,"30,20",general,communication,100.0,100.0,frequency_units_ambiguous;unverified_reference_source
147436e1a4304b3d2716,docyx_pc_part_dataset_2025_07_23,headset,Sentey GS-4731,Sentey,GS-4731,headset:sentey:gs-4731,inferred_first_token,reference_only_needs_verification,needs_review,False,1,Black;White,False,over_ear,True,False,open,"20,20",general;communication;music_creation,music_creation,100.0,99.0,frequency_units_ambiguous;unverified_reference_source
c2f0614655620ff7e5b1,docyx_pc_part_dataset_2025_07_23,headset,AKG Q701B,AKG,Q701B,headset:akg:q701b,curated_alias,reference_only_needs_verification,needs_review,False,1,Black;Green,False,over_ear,False,False,open,"10,39.8",general;music_creation,music_creation,100.0,97.0,frequency_units_ambiguous;unverified_reference_source
ddffee1821de86e19ce9,docyx_pc_part_dataset_2025_07_23,headset,Beyerdynamic DT 860,Beyerdynamic,DT 860,headset:beyerdynamic:dt-860,curated_alias,reference_only_needs_verification,needs_review,False,1,Black;Silver,False,over_ear,False,False,open,"5,35",general;music_creation,music_creation,100.0,97.0,frequency_units_ambiguous;unverified_reference_source
ddc8fbb08e8b8bc36a86,docyx_pc_part_dataset_2025_07_23,headset,Beyerdynamic DT440,Beyerdynamic,DT440,headset:beyerdynamic:dt440,curated_alias,reference_only_needs_verification,needs_review,False,1,Black;Silver,False,over_ear,False,False,open,"10,35",general;music_creation,music_creation,100.0,97.0,frequency_units_ambiguous;unverified_reference_source
d2c6ea6c5c9276150765,docyx_pc_part_dataset_2025_07_23,headset,Beyerdynamic T 90,Beyerdynamic,T 90,headset:beyerdynamic:t-90,curated_alias,reference_only_needs_verification,needs_review,False,1,Black;Silver,False,over_ear,False,False,open,"5,40",general;music_creation,music_creation,100.0,97.0,frequency_units_ambiguous;unverified_reference_source
bfc542b05c16d493b9b8,docyx_pc_part_dataset_2025_07_23,headset,Beyerdynamic T1,Beyerdynamic,T1,headset:beyerdynamic:t1,curated_alias,reference_only_needs_verification,needs_review,False,1,Black;Silver,False,over_ear,False,False,semi_open,"5,50",general,communication,100.0,97.0,frequency_units_ambiguous;unverified_reference_source
ca8bdfb32f4346da2aba,docyx_pc_part_dataset_2025_07_23,headset,FiiO FT3,FiiO,FT3,headset:fiio:ft3,inferred_first_token,reference_only_needs_verification,needs_review,False,1,Black,True,over_ear,False,False,open,"7,4",general;music_creation,music_creation,100.0,97.0,frequency_units_ambiguous;unverified_reference_source
9ce31bf5736e4832c291,docyx_pc_part_dataset_2025_07_23,headset,HiFiMAN HE1000,HiFiMAN,HE1000,headset:hifiman:he1000,curated_alias,reference_only_needs_verification,needs_review,False,1,Brown;Silver,False,over_ear,False,False,open,"8,65",general;music_creation,music_creation,100.0,97.0,frequency_units_ambiguous;unverified_reference_source
a215cb9450c545fb07af,docyx_pc_part_dataset_2025_07_23,headset,HiFiMAN HE500,HiFiMAN,HE500,headset:hifiman:he500,curated_alias,reference_only_needs_verification,needs_review,False,1,Black;Silver,False,over_ear,False,False,open,"15,50",general;music_creation,music_creation,100.0,97.0,frequency_units_ambiguous;unverified_reference_source
ee252849f198db0ef442,docyx_pc_part_dataset_2025_07_23,headset,HiFiMAN HE560,HiFiMAN,HE560,headset:hifiman:he560,curated_alias,reference_only_needs_verification,needs_review,False,1,Black;Brown,False,over_ear,False,False,open,"15,50",general;music_creation,music_creation,100.0,97.0,frequency_units_ambiguous;unverified_reference_source
aae66e966e908ee9a5db,docyx_pc_part_dataset_2025_07_23,headset,Koss UR55,Koss,UR55,headset:koss:ur55,curated_alias,reference_only_needs_verification,needs_review,False,1,Black;Brown,False,over_ear,False,False,open,"18,22",general;music_creation,music_creation,100.0,97.0,frequency_units_ambiguous;unverified_reference_source
c0ee478ced4a67446b42,docyx_pc_part_dataset_2025_07_23,headset,RCA HP5041,RCA,HP5041,headset:rca:hp5041,inferred_first_token,reference_only_needs_verification,needs_review,False,1,Red;White,True,on_ear,False,False,semi_open,"20,20",general,communication,100.0,97.0,frequency_units_ambiguous;unverified_reference_source
1f243cf2ba7d6a6a4837,docyx_pc_part_dataset_2025_07_23,headset,RCA HP5042,RCA,HP5042,headset:rca:hp5042,inferred_first_token,reference_only_needs_verification,needs_review,False,1,Black;Gray,True,on_ear,False,False,semi_open,"20,20",general,communication,100.0,97.0,frequency_units_ambiguous;unverified_reference_source
3786e692efaef972f3b7,docyx_pc_part_dataset_2025_07_23,headset,RCA HP5043,RCA,HP5043,headset:rca:hp5043,inferred_first_token,reference_only_needs_verification,needs_review,False,1,Black;Silver,True,on_ear,False,False,semi_open,"20,20",general,communication,100.0,97.0,frequency_units_ambiguous;unverified_reference_source
ca7bbb4abdd5ce6a8bc0,docyx_pc_part_dataset_2025_07_23,headset,Superlux HD681,Superlux,HD681,headset:superlux:hd681,inferred_first_token,reference_only_needs_verification,needs_review,False,1,Black;Red,True,over_ear,False,False,semi_open,"10,30",general,communication,100.0,97.0,frequency_units_ambiguous;unverified_reference_source
9f814a05bd68d68209dc,docyx_pc_part_dataset_2025_07_23,headset,ARCTIC P311,ARCTIC,P311,headset:arctic:p311,inferred_first_token,reference_only_needs_verification,needs_review,False,1,Black,False,on_ear,False,True,closed,"18,22",general;portable,portable,100.0,95.0,frequency_units_ambiguous;unverified_reference_source
2d1c7625fc10a7a01265,docyx_pc_part_dataset_2025_07_23,headset,Antec 761345740005,Antec,761345740005,headset:antec:761345740005,inferred_first_token,reference_only_needs_verification,needs_review,False,1,Black,False,in_ear,False,False,closed,,general,communication,100.0,95.0,unverified_reference_source
ff4f6fdea70454946adf,docyx_pc_part_dataset_2025_07_23,headset,Antec 761345740012,Antec,761345740012,headset:antec:761345740012,inferred_first_token,reference_only_needs_verification,needs_review,False,1,Pink;White,False,in_ear,False,False,closed,,general,communication,100.0,95.0,unverified_reference_source
399ac1de65faadc8e5a2,docyx_pc_part_dataset_2025_07_23,headset,Antec 761345740029,Antec,761345740029,headset:antec:761345740029,inferred_first_token,reference_only_needs_verification,needs_review,False,1,Silver,False,in_ear,False,False,closed,,general,communication,100.0,95.0,unverified_reference_source
7976ec604dc717b0f127,docyx_pc_part_dataset_2025_07_23,headset,Antec 761345740036,Antec,761345740036,headset:antec:761345740036,inferred_first_token,reference_only_needs_verification,needs_review,False,1,Green,False,in_ear,False,False,closed,,general,communication,100.0,95.0,unverified_reference_source
1357b5d27d8254e45f23,docyx_pc_part_dataset_2025_07_23,headset,Antec 761345740043,Antec,761345740043,headset:antec:761345740043,inferred_first_token,reference_only_needs_verification,needs_review,False,1,Gray,False,in_ear,False,False,closed,,general,communication,100.0,95.0,unverified_reference_source
78f511ae70e631401232,docyx_pc_part_dataset_2025_07_23,headset,Bose 715593-0010,Bose,715593-0010,headset:bose:715593-0010,inferred_first_token,reference_only_needs_verification,needs_review,False,1,Black;Clear,False,in_ear,False,False,closed,,general,communication,100.0,95.0,unverified_reference_source
4477d2f508f1aa6c7dc1,docyx_pc_part_dataset_2025_07_23,headset,Bose 715593-0020,Bose,715593-0020,headset:bose:715593-0020,inferred_first_token,reference_only_needs_verification,needs_review,False,1,White,False,in_ear,False,False,closed,,general,communication,100.0,95.0,unverified_reference_source
fc59e68d982cbc304f1a,docyx_pc_part_dataset_2025_07_23,headset,Bose 715593-0030,Bose,715593-0030,headset:bose:715593-0030,inferred_first_token,reference_only_needs_verification,needs_review,False,1,Red,False,in_ear,False,False,closed,,general,communication,100.0,95.0,unverified_reference_source
7dbcad4ca67c7f79ae4d,docyx_pc_part_dataset_2025_07_23,headset,Bose 715593-0040,Bose,715593-0040,headset:bose:715593-0040,inferred_first_token,reference_only_needs_verification,needs_review,False,1,Black;Clear,False,in_ear,False,False,closed,,general,communication,100.0,95.0,unverified_reference_source
b8c53f154e50e8edbe2f,docyx_pc_part_dataset_2025_07_23,headset,Bose 715593-0050,Bose,715593-0050,headset:bose:715593-0050,inferred_first_token,reference_only_needs_verification,needs_review,False,1,White,False,in_ear,False,False,closed,,general,communication,100.0,95.0,unverified_reference_source
666800921f56fab8c31b,docyx_pc_part_dataset_2025_07_23,headset,Bose 715593-0060,Bose,715593-0060,headset:bose:715593-0060,inferred_first_token,reference_only_needs_verification,needs_review,False,1,Red,False,in_ear,False,False,closed,,general,communication,100.0,95.0,unverified_reference_source
61a09811358c7f12898d,docyx_pc_part_dataset_2025_07_23,headset,Bose 715593-0070,Bose,715593-0070,headset:bose:715593-0070,inferred_first_token,reference_only_needs_verification,needs_review,False,1,Black;Clear,False,in_ear,False,False,closed,,general,communication,100.0,95.0,unverified_reference_source
6cbdbde7568180a29f2a,docyx_pc_part_dataset_2025_07_23,headset,Bose AE2,Bose,AE2,headset:bose:ae2,inferred_first_token,reference_only_needs_verification,needs_review,False,1,Black;Silver,False,over_ear,False,False,closed,,general,communication,100.0,95.0,unverified_reference_source
3449a5a3e1359fc553ff,docyx_pc_part_dataset_2025_07_23,headset,Coby 716829222331,Coby,716829222331,headset:coby:716829222331,inferred_first_token,reference_only_needs_verification,needs_review,False,1,Black;Silver,False,on_ear,False,False,closed,,general,communication,100.0,95.0,unverified_reference_source
3aa84cf4c9c79b281e09,docyx_pc_part_dataset_2025_07_23,headset,Coby CV-121,Coby,CV-121,headset:coby:cv-121,inferred_first_token,reference_only_needs_verification,needs_review,False,3,Black;Silver,False,over_ear,False,False,closed,,general,communication,100.0,95.0,unverified_reference_source;identity_duplicates_collapsed
35a07fd26a3e0d97048d,docyx_pc_part_dataset_2025_07_23,headset,Coby CV-320,Coby,CV-320,headset:coby:cv-320,inferred_first_token,reference_only_needs_verification,needs_review,False,1,Black;Silver,False,over_ear,False,False,closed,,general,communication,100.0,95.0,unverified_reference_source
dc4f2da8ad9e01cb6eaf,docyx_pc_part_dataset_2025_07_23,headset,Coby CV135,Coby,CV135,headset:coby:cv135,inferred_first_token,reference_only_needs_verification,needs_review,False,2,Black;Red,False,on_ear,False,False,closed,,general,communication,100.0,95.0,unverified_reference_source;identity_duplicates_collapsed
9818adaa4980c69f5498,docyx_pc_part_dataset_2025_07_23,headset,Coby CV195,Coby,CV195,headset:coby:cv195,inferred_first_token,reference_only_needs_verification,needs_review,False,2,Black,False,over_ear,False,False,closed,,general,communication,100.0,95.0,unverified_reference_source;identity_duplicates_collapsed
46afba8c3bb295839be1,docyx_pc_part_dataset_2025_07_23,headset,Ergoguys 2800-BL,Ergoguys,2800-BL,headset:ergoguys:2800-bl,inferred_first_token,reference_only_needs_verification,needs_review,False,1,Black;Blue,False,on_ear,False,False,closed,"20,19",general,communication,100.0,95.0,frequency_units_ambiguous;unverified_reference_source
a98e41bb64b6b6593f6d,docyx_pc_part_dataset_2025_07_23,headset,Ergoguys 2800-RD,Ergoguys,2800-RD,headset:ergoguys:2800-rd,inferred_first_token,reference_only_needs_verification,needs_review,False,1,Black;Red,False,on_ear,False,False,closed,"20,20",general,communication,100.0,95.0,frequency_units_ambiguous;unverified_reference_source
627cc2b8f3ff8d8b0683,docyx_pc_part_dataset_2025_07_23,headset,Ergoguys 2810-PA,Ergoguys,2810-PA,headset:ergoguys:2810-pa,inferred_first_token,reference_only_needs_verification,needs_review,False,1,Multicolor,False,over_ear,False,False,closed,"20,19",general,communication,100.0,95.0,frequency_units_ambiguous;unverified_reference_source
e735969cf65e67bb9aa6,docyx_pc_part_dataset_2025_07_23,headset,Ergoguys 2810-TI,Ergoguys,2810-TI,headset:ergoguys:2810-ti,inferred_first_token,reference_only_needs_verification,needs_review,False,1,Black;Orange,False,over_ear,False,False,closed,"20,20",general,communication,100.0,95.0,frequency_units_ambiguous;unverified_reference_source
503736637b11fee60b19,docyx_pc_part_dataset_2025_07_23,headset,Ergoguys 3068A-V,Ergoguys,3068A-V,headset:ergoguys:3068a-v,inferred_first_token,reference_only_needs_verification,needs_review,False,1,Black,False,over_ear,False,False,closed,,general,communication,100.0,95.0,unverified_reference_source
b63535cdb125c7461593,docyx_pc_part_dataset_2025_07_23,headset,Final A8000,Final,A8000,headset:final:a8000,inferred_first_token,reference_only_needs_verification,needs_review,False,1,Black;Silver,False,in_ear,False,False,closed,,general,communication,100.0,95.0,unverified_reference_source
6dae4ddff74006114468,docyx_pc_part_dataset_2025_07_23,headset,Final B3,Final,B3,headset:final:b3,inferred_first_token,reference_only_needs_verification,needs_review,False,1,Black;Silver,False,in_ear,False,False,closed,,general,communication,100.0,95.0,unverified_reference_source
63e1fcdd41f8e7f56fb0,docyx_pc_part_dataset_2025_07_23,headset,Final E1000C,Final,E1000C,headset:final:e1000c,inferred_first_token,reference_only_needs_verification,needs_review,False,3,Black;Blue;Red,False,in_ear,False,False,closed,,general,communication,100.0,95.0,unverified_reference_source;identity_duplicates_collapsed
4b8186ef9447e7d17a8c,docyx_pc_part_dataset_2025_07_23,headset,Final F3100,Final,F3100,headset:final:f3100,inferred_first_token,reference_only_needs_verification,needs_review,False,1,Black,False,in_ear,False,False,closed,,general,communication,100.0,95.0,unverified_reference_source
e9433fec7b17aaa3c4f2,docyx_pc_part_dataset_2025_07_23,headset,Final F4100,Final,F4100,headset:final:f4100,inferred_first_token,reference_only_needs_verification,needs_review,False,1,Black,False,in_ear,False,False,closed,,general,communication,100.0,95.0,unverified_reference_source
870690a12f7a97948ee2,docyx_pc_part_dataset_2025_07_23,headset,Final F7200,Final,F7200,headset:final:f7200,inferred_first_token,reference_only_needs_verification,needs_review,False,1,Black;Silver,False,in_ear,False,False,closed,,general,communication,100.0,95.0,unverified_reference_source
fce35756dbca810eb6e0,docyx_pc_part_dataset_2025_07_23,headset,Fostex TH-900,Fostex,TH-900,headset:fostex:th-900,inferred_first_token,reference_only_needs_verification,needs_review,False,1,Black;Red,False,over_ear,False,False,closed,"5,45",general,communication,100.0,95.0,frequency_units_ambiguous;unverified_reference_source
ed6342254e84c4094962,docyx_pc_part_dataset_2025_07_23,headset,Genius 31710188100,Genius,31710188100,headset:genius:31710188100,inferred_first_token,reference_only_needs_verification,needs_review,False,1,White,False,over_ear,False,True,closed,,general;portable,portable,100.0,95.0,unverified_reference_source
61859454b2942fd47cef,docyx_pc_part_dataset_2025_07_23,headset,Genius 31710188101,Genius,31710188101,headset:genius:31710188101,inferred_first_token,reference_only_needs_verification,needs_review,False,1,Black,False,over_ear,False,True,closed,,general;portable,portable,100.0,95.0,unverified_reference_source
ec1fb0b9f2a0892d5219,docyx_pc_part_dataset_2025_07_23,headset,Genius 31710188102,Genius,31710188102,headset:genius:31710188102,inferred_first_token,reference_only_needs_verification,needs_review,False,1,Pink,False,over_ear,False,True,closed,,general;portable,portable,100.0,95.0,unverified_reference_source
660e5caa2ba10aeac106,docyx_pc_part_dataset_2025_07_23,headset,Genius 31710188103,Genius,31710188103,headset:genius:31710188103,inferred_first_token,reference_only_needs_verification,needs_review,False,1,Blue,False,over_ear,False,True,closed,,general;portable,portable,100.0,95.0,unverified_reference_source
960202451d2a2d9a0c94,docyx_pc_part_dataset_2025_07_23,headset,Hercules 4780507,Hercules,4780507,headset:hercules:4780507,inferred_first_token,reference_only_needs_verification,needs_review,False,2,Black;Silver,False,over_ear,False,False,closed,"20,20",general,communication,100.0,95.0,frequency_units_ambiguous;unverified_reference_source;identity_duplicates_collapsed
b9704c57bfcbec8a8954,docyx_pc_part_dataset_2025_07_23,headset,Hercules 4780514,Hercules,4780514,headset:hercules:4780514,inferred_first_token,reference_only_needs_verification,needs_review,False,1,Black;Green,False,on_ear,False,False,closed,"10,25",general,communication,100.0,95.0,frequency_units_ambiguous;unverified_reference_source
81afd28d233b74cc9777,docyx_pc_part_dataset_2025_07_23,headset,Hercules 4780548,Hercules,4780548,headset:hercules:4780548,inferred_first_token,reference_only_needs_verification,needs_review,False,1,Black;Silver,False,over_ear,False,False,closed,"10,25",general,communication,100.0,95.0,frequency_units_ambiguous;unverified_reference_source
2c73d7bec36dc1be6cf0,docyx_pc_part_dataset_2025_07_23,headset,Imation 61825,Imation,61825,headset:imation:61825,inferred_first_token,reference_only_needs_verification,needs_review,False,1,Red;White,False,in_ear,False,False,closed,"20,20",general,communication,100.0,95.0,frequency_units_ambiguous;unverified_reference_source
281fc990955c248f2d3b,docyx_pc_part_dataset_2025_07_23,headset,Imation 61865,Imation,61865,headset:imation:61865,inferred_first_token,reference_only_needs_verification,needs_review,False,1,Black,False,in_ear,False,False,closed,,general,communication,100.0,95.0,unverified_reference_source
7bc5fa070f6d0391f602,docyx_pc_part_dataset_2025_07_23,headset,Imation 99154,Imation,99154,headset:imation:99154,inferred_first_token,reference_only_needs_verification,needs_review,False,1,Black,False,in_ear,False,False,closed,,general,communication,100.0,95.0,unverified_reference_source
70bc5ae010cbeb704c45,docyx_pc_part_dataset_2025_07_23,headset,Imation EB50,Imation,EB50,headset:imation:eb50,inferred_first_token,reference_only_needs_verification,needs_review,False,1,Pink;White,False,in_ear,False,False,closed,"20,20",general,communication,100.0,95.0,frequency_units_ambiguous;unverified_reference_source
0e93294c97ac9ec1f231,docyx_pc_part_dataset_2025_07_23,headset,Imation St550,Imation,St550,headset:imation:st550,inferred_first_token,reference_only_needs_verification,needs_review,False,1,Black;Silver,False,over_ear,False,False,closed,"20,20",general,communication,100.0,95.0,frequency_units_ambiguous;unverified_reference_source
32e98c10e91e9b1babc6,docyx_pc_part_dataset_2025_07_23,headset,Labtec Go-420,Labtec,Go-420,headset:labtec:go-420,inferred_first_token,reference_only_needs_verification,needs_review,False,1,Black,False,on_ear,False,False,closed,,general,communication,100.0,95.0,unverified_reference_source
c8e774330ba48f8b21f6,docyx_pc_part_dataset_2025_07_23,headset,Memorex 61991,Memorex,61991,headset:memorex:61991,inferred_first_token,reference_only_needs_verification,needs_review,False,1,Brown,False,in_ear,False,False,closed,,general,communication,100.0,95.0,unverified_reference_source
6a90bc24b22f3d4ba306,docyx_pc_part_dataset_2025_07_23,headset,Memorex 98161,Memorex,98161,headset:memorex:98161,inferred_first_token,reference_only_needs_verification,needs_review,False,1,Pink;White,False,in_ear,False,False,closed,"20,20",general,communication,100.0,95.0,frequency_units_ambiguous;unverified_reference_source
3935a6c01103d9a49d67,docyx_pc_part_dataset_2025_07_23,headset,Memorex 98162,Memorex,98162,headset:memorex:98162,inferred_first_token,reference_only_needs_verification,needs_review,False,1,Blue;White,False,in_ear,False,False,closed,"20,20",general,communication,100.0,95.0,frequency_units_ambiguous;unverified_reference_source
7835773333888c40f19e,docyx_pc_part_dataset_2025_07_23,headset,Memorex 98843,Memorex,98843,headset:memorex:98843,inferred_first_token,reference_only_needs_verification,needs_review,False,1,Black;Silver,False,in_ear,False,False,closed,,general,communication,100.0,95.0,unverified_reference_source
90a5e0463ea77ac4cf4f,docyx_pc_part_dataset_2025_07_23,headset,Memorex CB25,Memorex,CB25,headset:memorex:cb25,inferred_first_token,reference_only_needs_verification,needs_review,False,1,Pink;White,False,in_ear,False,False,closed,"20,20",general,communication,100.0,95.0,frequency_units_ambiguous;unverified_reference_source
d156c028a0f437114a76,docyx_pc_part_dataset_2025_07_23,headset,Motorola Sf200,Motorola,Sf200,headset:motorola:sf200,inferred_first_token,reference_only_needs_verification,needs_review,False,1,Black;Red,False,in_ear,False,False,closed,,general,communication,100.0,95.0,unverified_reference_source
bcb28ee3f2f28788ce27,docyx_pc_part_dataset_2025_07_23,headset,Rosewill E-340,Rosewill,E-340,headset:rosewill:e-340,inferred_first_token,reference_only_needs_verification,needs_review,False,1,Black,False,in_ear,False,False,closed,"12,22",general,communication,100.0,95.0,frequency_units_ambiguous;unverified_reference_source
df8b239487991051e2bb,docyx_pc_part_dataset_2025_07_23,headset,Rosewill E-550,Rosewill,E-550,headset:rosewill:e-550,inferred_first_token,reference_only_needs_verification,needs_review,False,1,Gunmetal,False,in_ear,False,False,closed,"12,22",general,communication,100.0,95.0,frequency_units_ambiguous;unverified_reference_source
c63f47715ee14fe7e02a,docyx_pc_part_dataset_2025_07_23,headset,Rosewill E-860,Rosewill,E-860,headset:rosewill:e-860,inferred_first_token,reference_only_needs_verification,needs_review,False,1,Black;Silver,False,in_ear,False,False,closed,"12,22",general,communication,100.0,95.0,frequency_units_ambiguous;unverified_reference_source
d15376535a8b44c995ec,docyx_pc_part_dataset_2025_07_23,headset,Rosewill RH-189,Rosewill,RH-189,headset:rosewill:rh-189,inferred_first_token,reference_only_needs_verification,needs_review,False,1,Black;Silver,False,in_ear,False,False,closed,"10,22",general,communication,100.0,95.0,frequency_units_ambiguous;unverified_reference_source
50afe0f5ca871681aedf,docyx_pc_part_dataset_2025_07_23,headset,SoundMAGIC HP150,SoundMAGIC,HP150,headset:soundmagic:hp150,inferred_first_token,reference_only_needs_verification,needs_review,False,1,Black,False,over_ear,False,False,closed,"10,35",general,communication,100.0,95.0,frequency_units_ambiguous;unverified_reference_source
7e2a70603117086a2f55,docyx_pc_part_dataset_2025_07_23,headset,TAKSTAR HD2000,TAKSTAR,HD2000,headset:takstar:hd2000,inferred_first_token,reference_only_needs_verification,needs_review,False,1,Black,False,over_ear,False,False,closed,"10,25",general,communication,100.0,95.0,frequency_units_ambiguous;unverified_reference_source
1879366d6a59a2a43bf0,docyx_pc_part_dataset_2025_07_23,headset,TAKSTAR TS-2260,TAKSTAR,TS-2260,headset:takstar:ts-2260,inferred_first_token,reference_only_needs_verification,needs_review,False,1,Black,False,in_ear,False,False,closed,"20,20",general,communication,100.0,95.0,frequency_units_ambiguous;unverified_reference_source
84724737c8089a4783da,docyx_pc_part_dataset_2025_07_23,headset,Ziotek 190 0282,Ziotek,190 0282,headset:ziotek:190-0282,inferred_first_token,reference_only_needs_verification,needs_review,False,1,Black,False,on_ear,False,False,closed,,general,communication,100.0,95.0,unverified_reference_source
ec51eaef766fc52b654d,docyx_pc_part_dataset_2025_07_23,headset,TAKSTAR HF580,TAKSTAR,HF580,headset:takstar:hf580,inferred_first_token,reference_only_needs_verification,needs_review,False,1,Black;Silver,False,over_ear,False,False,open,"15,25",general;music_creation,music_creation,100.0,92.0,frequency_units_ambiguous;unverified_reference_source
81eecfdcabb034461341,docyx_pc_part_dataset_2025_07_23,headset,TAKSTAR HI-2050,TAKSTAR,HI-2050,headset:takstar:hi-2050,inferred_first_token,reference_only_needs_verification,needs_review,False,1,Black;Silver,False,over_ear,False,False,open,"15,25",general;music_creation,music_creation,100.0,92.0,frequency_units_ambiguous;unverified_reference_source
