source_record_id,source_code,accessory_type,raw_name,brand,model,identity_key,brand_confidence,source_trust_status,review_status,recommendation_eligible,source_variant_count,available_colours,source_offer_observed,keyboard_style_raw,keyboard_size,switch_technology,switch_model,backlight_type,connectivity,candidate_use_tags,primary_use_profile,completeness_score,curation_priority,warning_flags
ed89e7019d6973c1f34c,docyx_pc_part_dataset_2025_07_23,keyboard,Asus ROG Azoth Extreme,ASUS,ROG Azoth Extreme,keyboard:asus:rog-azoth-extreme,curated_alias,reference_only_needs_verification,needs_review,False,1,Black,True,Gaming,tenkeyless,mechanical,ROG NX Snow,rgb,wired;wireless;bluetooth,general;gaming;portable,gaming,100.0,127.0,unverified_reference_source
cb5d6cbd5f0d83c16a98,docyx_pc_part_dataset_2025_07_23,keyboard,Asus ROG Falchion,ASUS,ROG Falchion,keyboard:asus:rog-falchion,curated_alias,reference_only_needs_verification,needs_review,False,5,Black,True,Gaming,tenkeyless,mechanical,ROG NX Red,rgb,wired;wireless,general;gaming;portable,gaming,100.0,127.0,unverified_reference_source;identity_duplicates_collapsed
80e67cafd65bfdd560a8,docyx_pc_part_dataset_2025_07_23,keyboard,Asus ROG Falchion Ace,ASUS,ROG Falchion Ace,keyboard:asus:rog-falchion-ace,curated_alias,reference_only_needs_verification,needs_review,False,4,Black;White,True,Gaming,tenkeyless,mechanical,ROG NX Brown,rgb,wired,general;gaming;portable,gaming,100.0,127.0,unverified_reference_source;identity_duplicates_collapsed
51d8a6f296c7fba4982b,docyx_pc_part_dataset_2025_07_23,keyboard,Asus ROG Falchion RX,ASUS,ROG Falchion RX,keyboard:asus:rog-falchion-rx,curated_alias,reference_only_needs_verification,needs_review,False,2,White,True,Slim,tenkeyless,optical,ROG RX Red Optical,rgb,wired;wireless;bluetooth,general;portable,portable,100.0,127.0,unverified_reference_source;identity_duplicates_collapsed
cb603e029dfb56f63500,docyx_pc_part_dataset_2025_07_23,keyboard,Asus ROG Strix Scope,ASUS,ROG Strix Scope,keyboard:asus:rog-strix-scope,curated_alias,reference_only_needs_verification,needs_review,False,10,Black;Gray;White,True,Gaming,tenkeyless,optical,ROG RX Red Optical,rgb,wired;wireless;bluetooth,general;gaming;portable,gaming,100.0,127.0,unverified_reference_source;identity_duplicates_collapsed
ca921095d39d76716b5c,docyx_pc_part_dataset_2025_07_23,keyboard,Asus TUF Gaming K3 Gen II,ASUS,TUF Gaming K3 Gen II,keyboard:asus:tuf-gaming-k3-gen-ii,curated_alias,reference_only_needs_verification,needs_review,False,1,Black,True,Gaming,tenkeyless,optical,ROG RX Red Optical,rgb,wired,general;gaming;portable,gaming,100.0,127.0,unverified_reference_source
8134004d4cf59471a503,docyx_pc_part_dataset_2025_07_23,keyboard,Cooler Master CK530 V2,Cooler Master,CK530 V2,keyboard:cooler-master:ck530-v2,curated_alias,reference_only_needs_verification,needs_review,False,3,Black,True,Gaming,tenkeyless,mechanical,TTC Blue,rgb,wired,general;gaming;portable,gaming,100.0,127.0,unverified_reference_source;identity_duplicates_collapsed
7f25833cfe13f38b9366,docyx_pc_part_dataset_2025_07_23,keyboard,Cooler Master CK720 US,Cooler Master,CK720 US,keyboard:cooler-master:ck720-us,curated_alias,reference_only_needs_verification,needs_review,False,6,Black;Gray;Silver;White,True,Gaming,tenkeyless,mechanical,Kailh Box White V2,rgb,wired,general;gaming;portable,gaming,100.0,127.0,unverified_reference_source;identity_duplicates_collapsed
ee3c65aaaa896e957c5e,docyx_pc_part_dataset_2025_07_23,keyboard,Cooler Master MasterKeys Pro M White (MX Red),Cooler Master,MasterKeys Pro M White (MX Red),keyboard:cooler-master:masterkeys-pro-m-white-mx-red,curated_alias,reference_only_needs_verification,needs_review,False,1,Black,True,Standard,full_size,mechanical,Cherry MX Red,single_colour,wired,general,productivity,100.0,127.0,unverified_reference_source
98788db2808eb531d034,docyx_pc_part_dataset_2025_07_23,keyboard,Corsair K60 Pro,Corsair,K60 Pro,keyboard:corsair:k60-pro,curated_alias,reference_only_needs_verification,needs_review,False,2,Black,True,Gaming,tenkeyless,mechanical,Corsair OPX,rgb,wired,general;gaming;portable,gaming,100.0,127.0,unverified_reference_source;identity_duplicates_collapsed
7a5e50a09368bdfcd362,docyx_pc_part_dataset_2025_07_23,keyboard,Corsair K63 Special Edition (MX Red),Corsair,K63 Special Edition (MX Red),keyboard:corsair:k63-special-edition-mx-red,curated_alias,reference_only_needs_verification,needs_review,False,1,,True,Gaming,tenkeyless,mechanical,Cherry MX Red,single_colour,wireless,general;gaming;portable,gaming,100.0,127.0,unverified_reference_source
8ef5ef9abfe8f3a34eb0,docyx_pc_part_dataset_2025_07_23,keyboard,Corsair K65 PLUS,Corsair,K65 PLUS,keyboard:corsair:k65-plus,curated_alias,reference_only_needs_verification,needs_review,False,6,Black,True,Gaming,tenkeyless,mechanical,Corsair MLX Red Linear,rgb,wired;wireless,general;gaming;portable,gaming,100.0,127.0,unverified_reference_source;identity_duplicates_collapsed
d7ea183a5ac781661eda,docyx_pc_part_dataset_2025_07_23,keyboard,Corsair K65 RGB MINI,Corsair,K65 RGB MINI,keyboard:corsair:k65-rgb-mini,curated_alias,reference_only_needs_verification,needs_review,False,4,Black;White,True,Mini,tenkeyless,mechanical,Cherry MX Speed Silver,rgb,wired,general;portable,portable,100.0,127.0,unverified_reference_source;identity_duplicates_collapsed
33c39e1a4f80fd4cf2f8,docyx_pc_part_dataset_2025_07_23,keyboard,Corsair K70 CORE TKL,Corsair,K70 CORE TKL,keyboard:corsair:k70-core-tkl,curated_alias,reference_only_needs_verification,needs_review,False,2,Black,True,Gaming,tenkeyless,mechanical,Corsair MLX Red V2 Linear,rgb,wired,general;gaming;portable,gaming,100.0,127.0,unverified_reference_source;identity_duplicates_collapsed
39fb05f4f27438d5b9e9,docyx_pc_part_dataset_2025_07_23,keyboard,Corsair K70 PRO MINI,Corsair,K70 PRO MINI,keyboard:corsair:k70-pro-mini,curated_alias,reference_only_needs_verification,needs_review,False,4,Black;White,True,Mini,tenkeyless,mechanical,Cherry MX Speed Silver,rgb,wired;wireless;bluetooth,general;portable,portable,100.0,127.0,unverified_reference_source;identity_duplicates_collapsed
ede3548a5325fa763f10,docyx_pc_part_dataset_2025_07_23,keyboard,Corsair K70 PRO TKL ABS,Corsair,K70 PRO TKL ABS,keyboard:corsair:k70-pro-tkl-abs,curated_alias,reference_only_needs_verification,needs_review,False,2,Black;White,True,Gaming,tenkeyless,mechanical,Corsair MGX V2,rgb,wired,general;gaming;portable,gaming,100.0,127.0,unverified_reference_source;identity_duplicates_collapsed
07eaf8f01f04ff0b8a76,docyx_pc_part_dataset_2025_07_23,keyboard,Corsair K70 PRO TKL PBT,Corsair,K70 PRO TKL PBT,keyboard:corsair:k70-pro-tkl-pbt,curated_alias,reference_only_needs_verification,needs_review,False,2,Black;White,True,Gaming,tenkeyless,mechanical,Corsair MGX V2,rgb,wired,general;gaming;portable,gaming,100.0,127.0,unverified_reference_source;identity_duplicates_collapsed
91a523aec0015d88c124,docyx_pc_part_dataset_2025_07_23,keyboard,Corsair K70 RGB TKL CHAMPION SERIES,Corsair,K70 RGB TKL CHAMPION SERIES,keyboard:corsair:k70-rgb-tkl-champion-series,curated_alias,reference_only_needs_verification,needs_review,False,3,Black,True,Gaming,tenkeyless,mechanical,Corsair OPX,rgb,wired,general;gaming;portable,gaming,100.0,127.0,unverified_reference_source;identity_duplicates_collapsed
e97684f3fb9e77a87a45,docyx_pc_part_dataset_2025_07_23,keyboard,Ducky One 3 Matcha,Ducky,One 3 Matcha,keyboard:ducky:one-3-matcha,curated_alias,reference_only_needs_verification,needs_review,False,6,Beige;Green,True,Standard,tenkeyless,mechanical,Cherry MX Brown,,wired,general;portable,portable,100.0,127.0,unverified_reference_source;identity_duplicates_collapsed
1b44c9049079dab96fea,docyx_pc_part_dataset_2025_07_23,keyboard,Ducky One 3 w/ Quack Mechanics,Ducky,One 3 w/ Quack Mechanics,keyboard:ducky:one-3-w-quack-mechanics,curated_alias,reference_only_needs_verification,needs_review,False,7,Black,True,Gaming,tenkeyless,mechanical,Cherry MX Red,rgb,wired,general;gaming;portable,gaming,100.0,127.0,unverified_reference_source;identity_duplicates_collapsed
2dc66ff5a140a5f5c397,docyx_pc_part_dataset_2025_07_23,keyboard,Ducky Zero 6108 Classic,Ducky,Zero 6108 Classic,keyboard:ducky:zero-6108-classic,curated_alias,reference_only_needs_verification,needs_review,False,4,Black,True,Standard,full_size,mechanical,Cherry MX2A Brown,rgb,wired;wireless;bluetooth,general;portable,portable,100.0,127.0,unverified_reference_source;identity_duplicates_collapsed
53d6a840e2d32ccfcf97,docyx_pc_part_dataset_2025_07_23,keyboard,HP HyperX Alloy Origins Core,HyperX,Alloy Origins Core,keyboard:hyperx:alloy-origins-core,curated_alias,reference_only_needs_verification,needs_review,False,2,Black,True,Gaming,tenkeyless,mechanical,HyperX Red,rgb,wired,general;gaming;portable,gaming,100.0,127.0,unverified_reference_source;identity_duplicates_collapsed
b37ed10f1b094a42fa7c,docyx_pc_part_dataset_2025_07_23,keyboard,HP HyperX Alloy Rise 75,HyperX,Alloy Rise 75,keyboard:hyperx:alloy-rise-75,curated_alias,reference_only_needs_verification,needs_review,False,1,Black,True,Gaming,tenkeyless,mechanical,HyperX Red,rgb,wired,general;gaming;portable,gaming,100.0,127.0,unverified_reference_source
53d6bef09bb899fe3de4,docyx_pc_part_dataset_2025_07_23,keyboard,Keychron C3 Pro,Keychron,C3 Pro,keyboard:keychron:c3-pro,curated_alias,reference_only_needs_verification,needs_review,False,2,Black;Red,True,Standard,tenkeyless,mechanical,Keychron K Pro Red,single_colour,wired,general;portable,portable,100.0,127.0,unverified_reference_source;identity_duplicates_collapsed
324d7ea09e002b5a0414,docyx_pc_part_dataset_2025_07_23,keyboard,Keychron K10 Hotswap,Keychron,K10 Hotswap,keyboard:keychron:k10-hotswap,curated_alias,reference_only_needs_verification,needs_review,False,9,Black;Gray,True,Standard,full_size,mechanical,Gateron G Pro Red Hot-swappable,rgb,wired;wireless;bluetooth,general;portable,portable,100.0,127.0,unverified_reference_source;identity_duplicates_collapsed
b2694af0b713b1aeee1c,docyx_pc_part_dataset_2025_07_23,keyboard,Keychron K10 Pro QMK/VIA,Keychron,K10 Pro QMK/VIA,keyboard:keychron:k10-pro-qmk-via,curated_alias,reference_only_needs_verification,needs_review,False,1,Black;Gray,True,Standard,full_size,mechanical,Keychron K Pro Brown,rgb,wired;wireless;bluetooth,general;portable,portable,100.0,127.0,unverified_reference_source
b35d32e840c26f0578c8,docyx_pc_part_dataset_2025_07_23,keyboard,Keychron K2 HE,Keychron,K2 HE,keyboard:keychron:k2-he,curated_alias,reference_only_needs_verification,needs_review,False,1,Black;Green,True,Standard,tenkeyless,hall_effect,Gateron Magnetic Nebula,rgb,wired;wireless;bluetooth,general;portable,portable,100.0,127.0,unverified_reference_source
967779eebe3f39f08c26,docyx_pc_part_dataset_2025_07_23,keyboard,Keychron K2 Plastic,Keychron,K2 Plastic,keyboard:keychron:k2-plastic,curated_alias,reference_only_needs_verification,needs_review,False,6,Black;Gray,True,Standard,tenkeyless,mechanical,Gateron G Pro Brown,single_colour,wireless,general;portable,portable,100.0,127.0,unverified_reference_source;identity_duplicates_collapsed
4d4dc867298466e6f136,docyx_pc_part_dataset_2025_07_23,keyboard,Keychron K2 V2 Aluminum,Keychron,K2 V2 Aluminum,keyboard:keychron:k2-v2-aluminum,curated_alias,reference_only_needs_verification,needs_review,False,3,Black;Gray,True,Standard,tenkeyless,mechanical,Gateron G Pro Blue,rgb,wireless,general;portable,portable,100.0,127.0,unverified_reference_source;identity_duplicates_collapsed
56f057d8fd47e9c9986a,docyx_pc_part_dataset_2025_07_23,keyboard,Keychron K3 Max,Keychron,K3 Max,keyboard:keychron:k3-max,curated_alias,reference_only_needs_verification,needs_review,False,9,Gray,True,Standard,tenkeyless,mechanical,Gateron Low-Profile Red,rgb,wired;wireless;bluetooth,general;portable,portable,100.0,127.0,unverified_reference_source;identity_duplicates_collapsed
a637d737212962cc8a42,docyx_pc_part_dataset_2025_07_23,keyboard,Keychron K3 V2 Ultra-slim,Keychron,K3 V2 Ultra-slim,keyboard:keychron:k3-v2-ultra-slim,curated_alias,reference_only_needs_verification,needs_review,False,12,Black;Gray,True,Standard,tenkeyless,mechanical,Gateron Low-Profile Brown,single_colour,wired;wireless;bluetooth,general;portable,portable,100.0,127.0,unverified_reference_source;identity_duplicates_collapsed
c58d18b5198d58bf0246,docyx_pc_part_dataset_2025_07_23,keyboard,Keychron K5 Max,Keychron,K5 Max,keyboard:keychron:k5-max,curated_alias,reference_only_needs_verification,needs_review,False,6,Black;Gray,True,Standard,full_size,mechanical,Gateron Low-Profile Red,single_colour,wired;wireless;bluetooth,general;portable,portable,100.0,127.0,unverified_reference_source;identity_duplicates_collapsed
e79fe09ea9314f0b4edf,docyx_pc_part_dataset_2025_07_23,keyboard,Keychron Lemokey P1 HE Knob,Keychron,Lemokey P1 HE Knob,keyboard:keychron:lemokey-p1-he-knob,curated_alias,reference_only_needs_verification,needs_review,False,3,Black;Green;White,True,Gaming,tenkeyless,hall_effect,Gateron Magnetic Nebula,,wireless;bluetooth,general;gaming;portable,gaming,100.0,127.0,unverified_reference_source;identity_duplicates_collapsed
a8e29b72907248844d95,docyx_pc_part_dataset_2025_07_23,keyboard,Keychron Lemokey X3,Keychron,Lemokey X3,keyboard:keychron:lemokey-x3,curated_alias,reference_only_needs_verification,needs_review,False,2,Black;Red,True,Standard,full_size,mechanical,Keychron Brown,single_colour,wired,general,productivity,100.0,127.0,unverified_reference_source;identity_duplicates_collapsed
04b98406819757790f50,docyx_pc_part_dataset_2025_07_23,keyboard,Keychron Q1 QMK V2 Knob,Keychron,Q1 QMK V2 Knob,keyboard:keychron:q1-qmk-v2-knob,curated_alias,reference_only_needs_verification,needs_review,False,26,Black;Blue;Gray;Silver;Teal;White;Yellow,True,Mini,tenkeyless,mechanical,Gateron G Pro Brown,,wired,general;portable,portable,100.0,127.0,unverified_reference_source;identity_duplicates_collapsed
7b0b4ae5eed8938e9ee1,docyx_pc_part_dataset_2025_07_23,keyboard,Keychron Q3 Max QMK/VIA,Keychron,Q3 Max QMK/VIA,keyboard:keychron:q3-max-qmk-via,curated_alias,reference_only_needs_verification,needs_review,False,6,Black;Gray;White,True,Standard,tenkeyless,mechanical,Gateron Jupiter Red,rgb,wired;wireless;bluetooth,general;portable,portable,100.0,127.0,unverified_reference_source;identity_duplicates_collapsed
f9ed986310a72e6ec77b,docyx_pc_part_dataset_2025_07_23,keyboard,Keychron Q5 HE QMK,Keychron,Q5 HE QMK,keyboard:keychron:q5-he-qmk,curated_alias,reference_only_needs_verification,needs_review,False,2,Black;Green;White,True,Standard,full_size,hall_effect,Gateron Magnetic Nebula,rgb,wired;wireless;bluetooth,general;portable,portable,100.0,127.0,unverified_reference_source;identity_duplicates_collapsed
cc391932e0a997144357,docyx_pc_part_dataset_2025_07_23,keyboard,Keychron Q6 HE QMK,Keychron,Q6 HE QMK,keyboard:keychron:q6-he-qmk,curated_alias,reference_only_needs_verification,needs_review,False,2,Black;Green;White,True,Standard,full_size,hall_effect,Gateron Magnetic Nebula,rgb,wired;wireless;bluetooth,general;portable,portable,100.0,127.0,unverified_reference_source;identity_duplicates_collapsed
2fc3539016da11539340,docyx_pc_part_dataset_2025_07_23,keyboard,Keychron V1 Max,Keychron,V1 Max,keyboard:keychron:v1-max,curated_alias,reference_only_needs_verification,needs_review,False,3,Black;Blue,True,Mini,tenkeyless,mechanical,Gateron Jupiter Red,,wired;wireless;bluetooth,general;portable,portable,100.0,127.0,unverified_reference_source;identity_duplicates_collapsed
e7aa744455b7886cc7aa,docyx_pc_part_dataset_2025_07_23,keyboard,Logitech G413 SE,Logitech,G413 SE,keyboard:logitech:g413-se,curated_alias,reference_only_needs_verification,needs_review,False,11,Black,True,Gaming,tenkeyless,mechanical,Kailh LT Brown,single_colour,wired,general;gaming;portable,gaming,100.0,127.0,unverified_reference_source;identity_duplicates_collapsed
ab899579765f727acdf3,docyx_pc_part_dataset_2025_07_23,keyboard,Logitech G515 LIGHTSPEED,Logitech,G515 LIGHTSPEED,keyboard:logitech:g515-lightspeed,curated_alias,reference_only_needs_verification,needs_review,False,18,Black;Silver;White,True,Gaming,tenkeyless,mechanical,GL Tactile V2,rgb,wired;wireless;bluetooth,general;gaming;portable,gaming,100.0,127.0,unverified_reference_source;identity_duplicates_collapsed
8ca311b3bb892fa4fa11,docyx_pc_part_dataset_2025_07_23,keyboard,Logitech G915 LIGHTSPEED TKL,Logitech,G915 LIGHTSPEED TKL,keyboard:logitech:g915-lightspeed-tkl,curated_alias,reference_only_needs_verification,needs_review,False,24,Black;Silver;White,True,Gaming,tenkeyless,mechanical,Logitech Low-Profile GL Tactile,rgb,wired;wireless;bluetooth,general;gaming;portable,gaming,100.0,127.0,unverified_reference_source;identity_duplicates_collapsed
9df3db21afa8d38e6b9f,docyx_pc_part_dataset_2025_07_23,keyboard,Logitech G915 TKL,Logitech,G915 TKL,keyboard:logitech:g915-tkl,curated_alias,reference_only_needs_verification,needs_review,False,4,Black;Silver;White,True,Gaming,tenkeyless,mechanical,GL Tactile,rgb,wired;wireless;bluetooth,general;gaming;portable,gaming,100.0,127.0,unverified_reference_source;identity_duplicates_collapsed
360dc878e19af7b12835,docyx_pc_part_dataset_2025_07_23,keyboard,Logitech MX Mechanical Mini,Logitech,MX Mechanical Mini,keyboard:logitech:mx-mechanical-mini,curated_alias,reference_only_needs_verification,needs_review,False,3,,True,Slim,tenkeyless,mechanical,Kailh Choc V2 Blue,single_colour,wireless,general;portable,portable,100.0,127.0,unverified_reference_source;identity_duplicates_collapsed
baefef9bdff0e51995b0,docyx_pc_part_dataset_2025_07_23,keyboard,Logitech POP Keys Blast,Logitech,POP Keys Blast,keyboard:logitech:pop-keys-blast,curated_alias,reference_only_needs_verification,needs_review,False,8,Black;Pink;Red;Yellow,True,Mini,tenkeyless,mechanical,TTC Brown,,wireless;bluetooth,general;portable,portable,100.0,127.0,unverified_reference_source;identity_duplicates_collapsed
5d358efa086bd7d235aa,docyx_pc_part_dataset_2025_07_23,keyboard,Logitech POP Keys Cosmos,Logitech,POP Keys Cosmos,keyboard:logitech:pop-keys-cosmos,curated_alias,reference_only_needs_verification,needs_review,False,1,Purple,True,Mini,tenkeyless,mechanical,TTC Brown,,wireless;bluetooth,general;portable,portable,100.0,127.0,unverified_reference_source
ccf10d1be3d7c1d93fd7,docyx_pc_part_dataset_2025_07_23,keyboard,Logitech POP Keys Daydream,Logitech,POP Keys Daydream,keyboard:logitech:pop-keys-daydream,curated_alias,reference_only_needs_verification,needs_review,False,8,Green;White,True,Mini,tenkeyless,mechanical,TTC Brown,,wireless;bluetooth,general;portable,portable,100.0,127.0,unverified_reference_source;identity_duplicates_collapsed
5509f1bc9ea60663f5c6,docyx_pc_part_dataset_2025_07_23,keyboard,Logitech POP Keys Mist,Logitech,POP Keys Mist,keyboard:logitech:pop-keys-mist,curated_alias,reference_only_needs_verification,needs_review,False,1,Gray,True,Mini,tenkeyless,mechanical,TTC Brown,,wireless;bluetooth,general;portable,portable,100.0,127.0,unverified_reference_source
b92ea845a5660cd4fd5e,docyx_pc_part_dataset_2025_07_23,keyboard,Logitech G PRO,Logitech,PRO,keyboard:logitech:pro,curated_alias,reference_only_needs_verification,needs_review,False,2,Black,True,Gaming,tenkeyless,mechanical,GX Blue,rgb,wired,general;gaming;portable,gaming,100.0,127.0,unverified_reference_source;identity_duplicates_collapsed
87fd4bc07b4078142436,docyx_pc_part_dataset_2025_07_23,keyboard,Logitech PRO X,Logitech,PRO X,keyboard:logitech:pro-x,curated_alias,reference_only_needs_verification,needs_review,False,8,Black;Pink;White,True,Gaming,tenkeyless,mechanical,Logitech GX Brown Tactile,rgb,wired;wireless;bluetooth,general;gaming;portable,gaming,100.0,127.0,unverified_reference_source;identity_duplicates_collapsed
4173dcbdf652a0a54ab2,docyx_pc_part_dataset_2025_07_23,keyboard,Logitech PRO X 60,Logitech,PRO X 60,keyboard:logitech:pro-x-60,curated_alias,reference_only_needs_verification,needs_review,False,36,Black;Pink;White,True,Mini,tenkeyless,mechanical,Logitech GX Brown Tactile,rgb,wired;wireless;bluetooth,general;portable,portable,100.0,127.0,unverified_reference_source;identity_duplicates_collapsed
a1dae1a20e5df1d58fd1,docyx_pc_part_dataset_2025_07_23,keyboard,Logitech PRO X RAPID,Logitech,PRO X RAPID,keyboard:logitech:pro-x-rapid,curated_alias,reference_only_needs_verification,needs_review,False,19,Black;Pink;White,True,Gaming,tenkeyless,hall_effect,Logitech Magnetic Analog,rgb,wired,general;gaming;portable,gaming,100.0,127.0,unverified_reference_source;identity_duplicates_collapsed
f6dcd26ccf1370e50637,docyx_pc_part_dataset_2025_07_23,keyboard,Logitech G Pro League of Legends,Logitech,Pro League of Legends,keyboard:logitech:pro-league-of-legends,curated_alias,reference_only_needs_verification,needs_review,False,1,Black;Blue,True,Gaming,tenkeyless,mechanical,GX Brown,rgb,wired,general;gaming;portable,gaming,100.0,127.0,unverified_reference_source
1a16d14eeeb9865a4a47,docyx_pc_part_dataset_2025_07_23,keyboard,Logitech G Pro X Shroud,Logitech,Pro X Shroud,keyboard:logitech:pro-x-shroud,curated_alias,reference_only_needs_verification,needs_review,False,1,Black,True,Gaming,tenkeyless,mechanical,Logitech GX Red Linear,rgb,wired,general;gaming;portable,gaming,100.0,127.0,unverified_reference_source
5c67a67f4aef99578cc4,docyx_pc_part_dataset_2025_07_23,keyboard,Razer BlackWidow V3,Razer,BlackWidow V3,keyboard:razer:blackwidow-v3,curated_alias,reference_only_needs_verification,needs_review,False,4,Black,True,Gaming,tenkeyless,mechanical,Razer Green,rgb,wired,general;gaming;portable,gaming,100.0,127.0,unverified_reference_source;identity_duplicates_collapsed
f27bd486b3118759eb6f,docyx_pc_part_dataset_2025_07_23,keyboard,Razer BlackWidow V3 Mini HyperSpeed,Razer,BlackWidow V3 Mini HyperSpeed,keyboard:razer:blackwidow-v3-mini-hyperspeed,curated_alias,reference_only_needs_verification,needs_review,False,2,Black,True,Gaming,tenkeyless,mechanical,Razer Green,rgb,wireless,general;gaming;portable,gaming,100.0,127.0,unverified_reference_source;identity_duplicates_collapsed
0508e63f46ab723f5a93,docyx_pc_part_dataset_2025_07_23,keyboard,Razer BlackWidow V3 Mini HyperSpeed - Phantom Edition,Razer,BlackWidow V3 Mini HyperSpeed - Phantom Edition,keyboard:razer:blackwidow-v3-mini-hyperspeed-phantom-edition,curated_alias,reference_only_needs_verification,needs_review,False,2,Black,True,Gaming,tenkeyless,mechanical,Razer Yellow,rgb,wired;wireless;bluetooth,general;gaming;portable,gaming,100.0,127.0,unverified_reference_source;identity_duplicates_collapsed
b64b839849f5d640501a,docyx_pc_part_dataset_2025_07_23,keyboard,Razer BlackWidow V4 75%,Razer,BlackWidow V4 75%,keyboard:razer:blackwidow-v4-75,curated_alias,reference_only_needs_verification,needs_review,False,2,Black;White,True,Mini,tenkeyless,mechanical,Razer Orange,rgb,wired,general;portable,portable,100.0,127.0,unverified_reference_source;identity_duplicates_collapsed
71665975822d724635aa,docyx_pc_part_dataset_2025_07_23,keyboard,Razer BlackWidow V4 Pro 75%,Razer,BlackWidow V4 Pro 75%,keyboard:razer:blackwidow-v4-pro-75,curated_alias,reference_only_needs_verification,needs_review,False,1,Black,True,Mini,tenkeyless,mechanical,Razer Gen-3 (Tactile),rgb,wireless;bluetooth,general;portable,portable,100.0,127.0,unverified_reference_source
2d7506e93e1942df2a26,docyx_pc_part_dataset_2025_07_23,keyboard,Razer DeathStalker V2 Pro,Razer,DeathStalker V2 Pro,keyboard:razer:deathstalker-v2-pro,curated_alias,reference_only_needs_verification,needs_review,False,4,Black;White,True,Gaming,tenkeyless,optical,Razer Red Low-Profile Optical Linear,rgb,wireless,general;gaming;portable,gaming,100.0,127.0,unverified_reference_source;identity_duplicates_collapsed
d2fb267408924781eea2,docyx_pc_part_dataset_2025_07_23,keyboard,Razer Huntsman Mini,Razer,Huntsman Mini,keyboard:razer:huntsman-mini,curated_alias,reference_only_needs_verification,needs_review,False,4,Black;White,True,Mini,tenkeyless,optical,Razer Red Optical Linear,rgb,wired,general;portable,portable,100.0,127.0,unverified_reference_source;identity_duplicates_collapsed
78ed9a08fea158266f73,docyx_pc_part_dataset_2025_07_23,keyboard,Razer Huntsman Mini Analog,Razer,Huntsman Mini Analog,keyboard:razer:huntsman-mini-analog,curated_alias,reference_only_needs_verification,needs_review,False,1,Black,True,Mini,tenkeyless,optical,Razer Analog Optical,rgb,wired,general;portable,portable,100.0,127.0,unverified_reference_source
ed0c3288f4ff78b13b8b,docyx_pc_part_dataset_2025_07_23,keyboard,Razer Huntsman V2,Razer,Huntsman V2,keyboard:razer:huntsman-v2,curated_alias,reference_only_needs_verification,needs_review,False,5,Black;Pink,True,Gaming,tenkeyless,optical,Razer Red Optical Linear,rgb,wired,general;gaming;portable,gaming,100.0,127.0,unverified_reference_source;identity_duplicates_collapsed
87c7ab286feb8f070f80,docyx_pc_part_dataset_2025_07_23,keyboard,Razer Huntsman V3 Pro,Razer,Huntsman V3 Pro,keyboard:razer:huntsman-v3-pro,curated_alias,reference_only_needs_verification,needs_review,False,10,Black,True,Gaming,tenkeyless,optical,Razer Analog Optical Switch Gen-2,rgb,wired,general;gaming;portable,gaming,100.0,127.0,unverified_reference_source;identity_duplicates_collapsed
f92b67c8b3745c2d3175,docyx_pc_part_dataset_2025_07_23,keyboard,Razer Huntsman V3 Pro Mini,Razer,Huntsman V3 Pro Mini,keyboard:razer:huntsman-v3-pro-mini,curated_alias,reference_only_needs_verification,needs_review,False,5,Black,True,Mini,tenkeyless,optical,Razer Analog Optical Switch Gen-2,rgb,wired,general;portable,portable,100.0,127.0,unverified_reference_source;identity_duplicates_collapsed
257a3aefdfb6aed18439,docyx_pc_part_dataset_2025_07_23,keyboard,Razer Tartarus Pro,Razer,Tartarus Pro,keyboard:razer:tartarus-pro,curated_alias,reference_only_needs_verification,needs_review,False,2,Black;Gray;White,True,Ergonomic,tenkeyless,optical,Razer Red Optical Linear,rgb,wired,general;portable,portable,100.0,127.0,unverified_reference_source;identity_duplicates_collapsed
ac862fa63df4e1644a8d,docyx_pc_part_dataset_2025_07_23,keyboard,SteelSeries Apex 7 TKL,SteelSeries,Apex 7 TKL,keyboard:steelseries:apex-7-tkl,curated_alias,reference_only_needs_verification,needs_review,False,3,Black,True,Gaming,tenkeyless,mechanical,SteelSeries QX2 Red,rgb,wired,general;gaming;portable,gaming,100.0,127.0,unverified_reference_source;identity_duplicates_collapsed
2dba23e28c3a43d4e105,docyx_pc_part_dataset_2025_07_23,keyboard,SteelSeries Apex 7 TKL Ghost,SteelSeries,Apex 7 TKL Ghost,keyboard:steelseries:apex-7-tkl-ghost,curated_alias,reference_only_needs_verification,needs_review,False,1,Silver,True,Gaming,tenkeyless,mechanical,SteelSeries QX2 Red,rgb,wired,general;gaming;portable,gaming,100.0,127.0,unverified_reference_source
3494f932dbac4e392a91,docyx_pc_part_dataset_2025_07_23,keyboard,SteelSeries Apex 9 Mini,SteelSeries,Apex 9 Mini,keyboard:steelseries:apex-9-mini,curated_alias,reference_only_needs_verification,needs_review,False,5,Black,True,Gaming,tenkeyless,mechanical,SteelSeries OptiPoint Linear,rgb,wired,general;gaming;portable,gaming,100.0,127.0,unverified_reference_source;identity_duplicates_collapsed
fe8c881b4b25ff2a5709,docyx_pc_part_dataset_2025_07_23,keyboard,SteelSeries Apex 9 TKL,SteelSeries,Apex 9 TKL,keyboard:steelseries:apex-9-tkl,curated_alias,reference_only_needs_verification,needs_review,False,5,Black,True,Gaming,tenkeyless,mechanical,SteelSeries OptiPoint Linear,rgb,wired,general;gaming;portable,gaming,100.0,127.0,unverified_reference_source;identity_duplicates_collapsed
a2cc3e7e3e9c1dcea6fe,docyx_pc_part_dataset_2025_07_23,keyboard,SteelSeries Apex Pro Gen 3,SteelSeries,Apex Pro Gen 3,keyboard:steelseries:apex-pro-gen-3,curated_alias,reference_only_needs_verification,needs_review,False,10,Black,True,Gaming,tenkeyless,mechanical,OmniPoint 3.0,rgb,wired;wireless;bluetooth,general;gaming;portable,gaming,100.0,127.0,unverified_reference_source;identity_duplicates_collapsed
0871267062f605fc4245,docyx_pc_part_dataset_2025_07_23,keyboard,SteelSeries Apex Pro Mini,SteelSeries,Apex Pro Mini,keyboard:steelseries:apex-pro-mini,curated_alias,reference_only_needs_verification,needs_review,False,5,Black,True,Gaming,tenkeyless,mechanical,SteelSeries OmniPoint 2.0,rgb,wired,general;gaming;portable,gaming,100.0,127.0,unverified_reference_source;identity_duplicates_collapsed
abab77d6e848c3823f21,docyx_pc_part_dataset_2025_07_23,keyboard,SteelSeries Apex Pro Mini Wireless,SteelSeries,Apex Pro Mini Wireless,keyboard:steelseries:apex-pro-mini-wireless,curated_alias,reference_only_needs_verification,needs_review,False,5,Black,True,Gaming,tenkeyless,mechanical,SteelSeries OmniPoint 2.0,rgb,wireless;bluetooth,general;gaming;portable,gaming,100.0,127.0,unverified_reference_source;identity_duplicates_collapsed
5754cba3c65d7ea361c2,docyx_pc_part_dataset_2025_07_23,keyboard,SteelSeries Apex Pro TKL,SteelSeries,Apex Pro TKL,keyboard:steelseries:apex-pro-tkl,curated_alias,reference_only_needs_verification,needs_review,False,1,Black,True,Gaming,tenkeyless,mechanical,SteelSeries QX2 OmniPoint,rgb,wired,general;gaming;portable,gaming,100.0,127.0,unverified_reference_source
db1359e59ee2c885fea8,docyx_pc_part_dataset_2025_07_23,keyboard,SteelSeries Apex Pro TKL (2023),SteelSeries,Apex Pro TKL (2023),keyboard:steelseries:apex-pro-tkl-2023,curated_alias,reference_only_needs_verification,needs_review,False,11,Black,True,Gaming,tenkeyless,mechanical,SteelSeries OmniPoint 2.0,rgb,wired;wireless;bluetooth,general;gaming;portable,gaming,100.0,127.0,unverified_reference_source;identity_duplicates_collapsed
2b0ac7fdefacf21b0b5f,docyx_pc_part_dataset_2025_07_23,keyboard,Logitech Desktop MK120-TAA LOG920004218,Logitech,Desktop MK120-TAA LOG920004218,keyboard:logitech:desktop-mk120-taa-log920004218,curated_alias,reference_only_needs_verification,needs_review,False,1,Black,True,Standard,full_size,,,,wired,general,productivity,100.0,123.0,unverified_reference_source
e825dec9c23ffbeebfeb,docyx_pc_part_dataset_2025_07_23,keyboard,Logitech ERGO K860,Logitech,ERGO K860,keyboard:logitech:ergo-k860,curated_alias,reference_only_needs_verification,needs_review,False,2,Black,True,Ergonomic,ergonomic,,,,wireless;bluetooth,general;portable;productivity;ergonomic,ergonomic,100.0,123.0,unverified_reference_source;identity_duplicates_collapsed
b22ec3d00ffebb694af4,docyx_pc_part_dataset_2025_07_23,keyboard,Logitech Fold-Up Keyboard,Logitech,Fold-Up Keyboard,keyboard:logitech:fold-up-keyboard,curated_alias,reference_only_needs_verification,needs_review,False,1,Black,True,Mini,tenkeyless,,,,wireless;bluetooth,general;portable,portable,100.0,123.0,unverified_reference_source
0ef4167a937a5a8c6e57,docyx_pc_part_dataset_2025_07_23,keyboard,Logitech K120 - UK Layout,Logitech,K120 - UK Layout,keyboard:logitech:k120-uk-layout,curated_alias,reference_only_needs_verification,needs_review,False,1,Black,True,Standard,full_size,,,,wired,general,productivity,100.0,123.0,unverified_reference_source
b45e72c0b2c12ed0aa3e,docyx_pc_part_dataset_2025_07_23,keyboard,Logitech K120-TAA Keyboard,Logitech,K120-TAA Keyboard,keyboard:logitech:k120-taa-keyboard,curated_alias,reference_only_needs_verification,needs_review,False,1,Black,True,Standard,full_size,,,,wired,general,productivity,100.0,123.0,unverified_reference_source
e432b345d8574c272cc4,docyx_pc_part_dataset_2025_07_23,keyboard,Logitech K400 Plus,Logitech,K400 Plus,keyboard:logitech:k400-plus,curated_alias,reference_only_needs_verification,needs_review,False,1,Black;Yellow,True,Mini,tenkeyless,,,,wireless,general;portable,portable,100.0,123.0,unverified_reference_source
ae0e82814218a963effb,docyx_pc_part_dataset_2025_07_23,keyboard,Logitech MK295 Silent,Logitech,MK295 Silent,keyboard:logitech:mk295-silent,curated_alias,reference_only_needs_verification,needs_review,False,19,Black;White,True,Standard,full_size,,,,wired;wireless,general;portable,portable,100.0,123.0,unverified_reference_source;identity_duplicates_collapsed
fdcc6d1d8cb26ee8851f,docyx_pc_part_dataset_2025_07_23,keyboard,Logitech MK540 Advanced,Logitech,MK540 Advanced,keyboard:logitech:mk540-advanced,curated_alias,reference_only_needs_verification,needs_review,False,9,Black,True,Standard,full_size,,,,wired;wireless,general;portable,portable,100.0,123.0,unverified_reference_source;identity_duplicates_collapsed
2976d7263c981824d50a,docyx_pc_part_dataset_2025_07_23,keyboard,Logitech MX 5500 Revolution,Logitech,MX 5500 Revolution,keyboard:logitech:mx-5500-revolution,curated_alias,reference_only_needs_verification,needs_review,False,1,Black,True,Standard,full_size,,,,wireless,general;portable,portable,100.0,123.0,unverified_reference_source
e66885a883fe962e0cbb,docyx_pc_part_dataset_2025_07_23,keyboard,Logitech MX KEYS MINI,Logitech,MX KEYS MINI,keyboard:logitech:mx-keys-mini,curated_alias,reference_only_needs_verification,needs_review,False,25,Black;Gray;Pink;Silver,True,Mini,tenkeyless,,,,wired;wireless;bluetooth,general;portable,portable,100.0,123.0,unverified_reference_source;identity_duplicates_collapsed
ca07e467866b77e43429,docyx_pc_part_dataset_2025_07_23,keyboard,Logitech MX KEYS S,Logitech,MX KEYS S,keyboard:logitech:mx-keys-s,curated_alias,reference_only_needs_verification,needs_review,False,5,Black;Gray;White,True,Standard,full_size,,,,wired;wireless;bluetooth,general;portable,portable,100.0,123.0,unverified_reference_source;identity_duplicates_collapsed
9e63d7c65b1ace6bb110,docyx_pc_part_dataset_2025_07_23,keyboard,Logitech MX Keys,Logitech,MX Keys,keyboard:logitech:mx-keys,curated_alias,reference_only_needs_verification,needs_review,False,2,Black,True,Mini,tenkeyless,,,,wired;wireless;bluetooth,general;portable,portable,100.0,123.0,unverified_reference_source;identity_duplicates_collapsed
b51aa8ed200b306827d9,docyx_pc_part_dataset_2025_07_23,keyboard,Logitech MX Keys Mini for Business,Logitech,MX Keys Mini for Business,keyboard:logitech:mx-keys-mini-for-business,curated_alias,reference_only_needs_verification,needs_review,False,2,Black;Silver;White,True,Mini,tenkeyless,,,,wired;wireless;bluetooth,general;portable,portable,100.0,123.0,unverified_reference_source;identity_duplicates_collapsed
d22bc0d5526496e791f2,docyx_pc_part_dataset_2025_07_23,keyboard,Logitech Pebble 2,Logitech,Pebble 2,keyboard:logitech:pebble-2,curated_alias,reference_only_needs_verification,needs_review,False,3,Black;Pink;White,True,Standard,tenkeyless,,,,wired;wireless;bluetooth,general;portable,portable,100.0,123.0,unverified_reference_source;identity_duplicates_collapsed
7ee7e8117aa90fcde493,docyx_pc_part_dataset_2025_07_23,keyboard,Logitech Pedbble Keys 2 K380S,Logitech,Pedbble Keys 2 K380S,keyboard:logitech:pedbble-keys-2-k380s,curated_alias,reference_only_needs_verification,needs_review,False,1,Black,True,Standard,tenkeyless,,,,wireless;bluetooth,general;portable,portable,100.0,123.0,unverified_reference_source
23f42394bb52f7e46564,docyx_pc_part_dataset_2025_07_23,keyboard,Logitech Signature K650,Logitech,Signature K650,keyboard:logitech:signature-k650,curated_alias,reference_only_needs_verification,needs_review,False,26,Black;White,True,Standard,full_size,,,,wireless;bluetooth,general;portable,portable,100.0,123.0,unverified_reference_source;identity_duplicates_collapsed
0dc32d6146a028638590,docyx_pc_part_dataset_2025_07_23,keyboard,Logitech Signature MK650,Logitech,Signature MK650,keyboard:logitech:signature-mk650,curated_alias,reference_only_needs_verification,needs_review,False,2,Black;White,True,Standard,full_size,,,,wired;wireless;bluetooth,general;portable,portable,100.0,123.0,unverified_reference_source;identity_duplicates_collapsed
f27a597043d38b692741,docyx_pc_part_dataset_2025_07_23,keyboard,Logitech Wave Keys,Logitech,Wave Keys,keyboard:logitech:wave-keys,curated_alias,reference_only_needs_verification,needs_review,False,3,Black;Pink;White,True,Ergonomic,ergonomic,,,,wired;wireless,general;portable;productivity;ergonomic,ergonomic,100.0,123.0,unverified_reference_source;identity_duplicates_collapsed
b5cddedca012482303be,docyx_pc_part_dataset_2025_07_23,keyboard,Logitech Wave Keys MK670,Logitech,Wave Keys MK670,keyboard:logitech:wave-keys-mk670,curated_alias,reference_only_needs_verification,needs_review,False,1,Black,True,Ergonomic,ergonomic,,,,wired;wireless;bluetooth,general;portable;productivity;ergonomic,ergonomic,100.0,123.0,unverified_reference_source
62704f6c39b85d64518c,docyx_pc_part_dataset_2025_07_23,keyboard,Logitech Wave Pro Desktop,Logitech,Wave Pro Desktop,keyboard:logitech:wave-pro-desktop,curated_alias,reference_only_needs_verification,needs_review,False,1,Black,True,Ergonomic,ergonomic,,,,wireless,general;portable;productivity;ergonomic,ergonomic,100.0,123.0,unverified_reference_source
5c971f1794ec59c4c3c3,docyx_pc_part_dataset_2025_07_23,keyboard,Logitech Wireless All-in-One Keyboard TK820,Logitech,Wireless All-in-One Keyboard TK820,keyboard:logitech:wireless-all-in-one-keyboard-tk820,curated_alias,reference_only_needs_verification,needs_review,False,1,Black,True,Slim,tenkeyless,,,,wireless,general;portable,portable,100.0,123.0,unverified_reference_source
9e5533eac498e65872b0,docyx_pc_part_dataset_2025_07_23,keyboard,Logitech Wireless Combo MK270,Logitech,Wireless Combo MK270,keyboard:logitech:wireless-combo-mk270,curated_alias,reference_only_needs_verification,needs_review,False,1,Black,True,Standard,full_size,,,,wireless,general;portable,portable,100.0,123.0,unverified_reference_source
df19106f028e4a69d536,docyx_pc_part_dataset_2025_07_23,keyboard,Logitech Wireless Solar Keyboard K760,Logitech,Wireless Solar Keyboard K760,keyboard:logitech:wireless-solar-keyboard-k760,curated_alias,reference_only_needs_verification,needs_review,False,1,Black;Silver,True,Mini,tenkeyless,,,,wireless;bluetooth,general;portable,portable,100.0,123.0,unverified_reference_source
659c334f1fee3dbe9129,docyx_pc_part_dataset_2025_07_23,keyboard,Razer Ornata V3,Razer,Ornata V3,keyboard:razer:ornata-v3,curated_alias,reference_only_needs_verification,needs_review,False,13,Black,True,Gaming,tenkeyless,,,rgb,wired,general;gaming;portable,gaming,100.0,123.0,unverified_reference_source;identity_duplicates_collapsed
02bb41232a3a698d5934,docyx_pc_part_dataset_2025_07_23,keyboard,Razer TARTARUS V2,Razer,TARTARUS V2,keyboard:razer:tartarus-v2,curated_alias,reference_only_needs_verification,needs_review,False,1,Black,True,Ergonomic,tenkeyless,,,rgb,wired,general;portable,portable,100.0,123.0,unverified_reference_source
f183d1a8811e4196b76a,docyx_pc_part_dataset_2025_07_23,keyboard,SteelSeries Apex 3 TKL RGB,SteelSeries,Apex 3 TKL RGB,keyboard:steelseries:apex-3-tkl-rgb,curated_alias,reference_only_needs_verification,needs_review,False,1,Black,True,Gaming,tenkeyless,,,rgb,wired,general;gaming;portable,gaming,100.0,123.0,unverified_reference_source
534d6d2bfce7c427d85a,docyx_pc_part_dataset_2025_07_23,keyboard,Asus M601 ROG FALCHION/RD/US,ASUS,M601 ROG FALCHION/RD/US,keyboard:asus:m601-rog-falchion-rd-us,curated_alias,reference_only_needs_verification,needs_review,False,1,Black,False,Gaming,tenkeyless,mechanical,Cherry MX Red,rgb,wireless,general;gaming;portable,gaming,100.0,122.0,unverified_reference_source
13c117db78c55923cc0f,docyx_pc_part_dataset_2025_07_23,keyboard,Asus ROG Azoth,ASUS,ROG Azoth,keyboard:asus:rog-azoth,curated_alias,reference_only_needs_verification,needs_review,False,3,Black,False,Mini,tenkeyless,mechanical,ROG NX Red,rgb,wired;wireless;bluetooth,general;portable,portable,100.0,122.0,unverified_reference_source;identity_duplicates_collapsed
40a02d83b5e7454d7f05,docyx_pc_part_dataset_2025_07_23,keyboard,Asus ROG Claymore Core,ASUS,ROG Claymore Core,keyboard:asus:rog-claymore-core,curated_alias,reference_only_needs_verification,needs_review,False,2,Black,False,Gaming,tenkeyless,mechanical,Cherry MX Red,rgb,wired,general;gaming;portable,gaming,100.0,122.0,unverified_reference_source;identity_duplicates_collapsed
7a3436970c55a7cf0565,docyx_pc_part_dataset_2025_07_23,keyboard,Asus ROG Strix Scope Deluxe,ASUS,ROG Strix Scope Deluxe,keyboard:asus:rog-strix-scope-deluxe,curated_alias,reference_only_needs_verification,needs_review,False,3,Black,False,Gaming,tenkeyless,mechanical,ROG NX Red,rgb,wired,general;gaming;portable,gaming,100.0,122.0,unverified_reference_source;identity_duplicates_collapsed
33eaa90ad64db44cf889,docyx_pc_part_dataset_2025_07_23,keyboard,Asus ROG Strix Scope GUNDAM EDITION,ASUS,ROG Strix Scope GUNDAM EDITION,keyboard:asus:rog-strix-scope-gundam-edition,curated_alias,reference_only_needs_verification,needs_review,False,2,Blue;White,False,Gaming,tenkeyless,mechanical,Cherry MX Red RGB,rgb,wired,general;gaming;portable,gaming,100.0,122.0,unverified_reference_source;identity_duplicates_collapsed
e5886bb5a4c547354c2f,docyx_pc_part_dataset_2025_07_23,keyboard,Asus TUF Gaming K3 Gen II Hatsune Miku Edition,ASUS,TUF Gaming K3 Gen II Hatsune Miku Edition,keyboard:asus:tuf-gaming-k3-gen-ii-hatsune-miku-edition,curated_alias,reference_only_needs_verification,needs_review,False,1,Green;White,False,Gaming,tenkeyless,optical,ROG RX Red Optical,rgb,wired,general;gaming;portable,gaming,100.0,122.0,unverified_reference_source
b180634c5c78b3a30ce3,docyx_pc_part_dataset_2025_07_23,keyboard,Cooler Master CK720 DE,Cooler Master,CK720 DE,keyboard:cooler-master:ck720-de,curated_alias,reference_only_needs_verification,needs_review,False,6,Black;Gray;Silver;White,False,Gaming,tenkeyless,mechanical,Kailh Box White V2,rgb,wired,general;gaming;portable,gaming,100.0,122.0,unverified_reference_source;identity_duplicates_collapsed
24ac7b6a2f71c7a26adf,docyx_pc_part_dataset_2025_07_23,keyboard,Cooler Master CK720 FR,Cooler Master,CK720 FR,keyboard:cooler-master:ck720-fr,curated_alias,reference_only_needs_verification,needs_review,False,6,Black;Gray;Silver;White,False,Gaming,tenkeyless,mechanical,Kailh Box Red V2,rgb,wired,general;gaming;portable,gaming,100.0,122.0,unverified_reference_source;identity_duplicates_collapsed
752e4ff71a7b0d02af3c,docyx_pc_part_dataset_2025_07_23,keyboard,Cooler Master CK720 IT,Cooler Master,CK720 IT,keyboard:cooler-master:ck720-it,curated_alias,reference_only_needs_verification,needs_review,False,6,Black;Gray;Silver;White,False,Gaming,tenkeyless,mechanical,Kailh Box Red V2,rgb,wired,general;gaming;portable,gaming,100.0,122.0,unverified_reference_source;identity_duplicates_collapsed
6b4d1f6895e66fa8df28,docyx_pc_part_dataset_2025_07_23,keyboard,Cooler Master CK720 ND,Cooler Master,CK720 ND,keyboard:cooler-master:ck720-nd,curated_alias,reference_only_needs_verification,needs_review,False,6,Black;Gray;Silver;White,False,Gaming,tenkeyless,mechanical,Kailh Box White V2,rgb,wired,general;gaming;portable,gaming,100.0,122.0,unverified_reference_source;identity_duplicates_collapsed
cd030861512ca4e97d21,docyx_pc_part_dataset_2025_07_23,keyboard,Cooler Master CK720 SW,Cooler Master,CK720 SW,keyboard:cooler-master:ck720-sw,curated_alias,reference_only_needs_verification,needs_review,False,6,Black;Gray;Silver;White,False,Gaming,tenkeyless,mechanical,Kailh Box White V2,rgb,wired,general;gaming;portable,gaming,100.0,122.0,unverified_reference_source;identity_duplicates_collapsed
e703ed664a892cba6963,docyx_pc_part_dataset_2025_07_23,keyboard,Cooler Master CK720 UK,Cooler Master,CK720 UK,keyboard:cooler-master:ck720-uk,curated_alias,reference_only_needs_verification,needs_review,False,6,Black;Gray;Silver;White,False,Gaming,tenkeyless,mechanical,Kailh Box White V2,rgb,wired,general;gaming;portable,gaming,100.0,122.0,unverified_reference_source;identity_duplicates_collapsed
0a5e62f14b6f59555246,docyx_pc_part_dataset_2025_07_23,keyboard,Cooler Master CM Storm QuickFire Rapid,Cooler Master,CM Storm QuickFire Rapid,keyboard:cooler-master:cm-storm-quickfire-rapid,curated_alias,reference_only_needs_verification,needs_review,False,1,Black,False,Gaming,tenkeyless,mechanical,Cherry MX Green,,wired,general;gaming;portable,gaming,100.0,122.0,unverified_reference_source
e2dac6de2cdde2854a48,docyx_pc_part_dataset_2025_07_23,keyboard,Cooler Master CM Storm QuickFire Stealth,Cooler Master,CM Storm QuickFire Stealth,keyboard:cooler-master:cm-storm-quickfire-stealth,curated_alias,reference_only_needs_verification,needs_review,False,1,Black,False,Mini,tenkeyless,mechanical,Cherry MX Brown,,wired,general;portable,portable,100.0,122.0,unverified_reference_source
b3914bade526a0f18e98,docyx_pc_part_dataset_2025_07_23,keyboard,Cooler Master CM Storm QuickFire TK,Cooler Master,CM Storm QuickFire TK,keyboard:cooler-master:cm-storm-quickfire-tk,curated_alias,reference_only_needs_verification,needs_review,False,3,Black;White,False,Mini,compact,mechanical,Cherry MX Brown,single_colour,wired,general;portable,portable,100.0,122.0,unverified_reference_source;identity_duplicates_collapsed
2a14f60b7a4cd8b3e088,docyx_pc_part_dataset_2025_07_23,keyboard,Cooler Master CM Storm QuickFire TK - Limited Edition White,Cooler Master,CM Storm QuickFire TK - Limited Edition White,keyboard:cooler-master:cm-storm-quickfire-tk-limited-edition-white,curated_alias,reference_only_needs_verification,needs_review,False,1,Black;White,False,Standard,full_size,mechanical,Cherry MX Red,single_colour,wired,general,productivity,100.0,122.0,unverified_reference_source
b56e37d5314d79df3c55,docyx_pc_part_dataset_2025_07_23,keyboard,Cooler Master MasterKeys Pro L,Cooler Master,MasterKeys Pro L,keyboard:cooler-master:masterkeys-pro-l,curated_alias,reference_only_needs_verification,needs_review,False,6,Black,False,Standard,full_size,mechanical,Cherry MX Brown,rgb,wired,general,productivity,100.0,122.0,unverified_reference_source;identity_duplicates_collapsed
16d1c62ac4bbbcd15630,docyx_pc_part_dataset_2025_07_23,keyboard,Cooler Master MasterKeys Pro L GeForce GTX Edition,Cooler Master,MasterKeys Pro L GeForce GTX Edition,keyboard:cooler-master:masterkeys-pro-l-geforce-gtx-edition,curated_alias,reference_only_needs_verification,needs_review,False,1,Black,False,Standard,full_size,mechanical,Cherry MX Red,single_colour,wired,general,productivity,100.0,122.0,unverified_reference_source
5329553fb2b5e1373233,docyx_pc_part_dataset_2025_07_23,keyboard,Cooler Master MasterKeys Pro M White (MX Blue),Cooler Master,MasterKeys Pro M White (MX Blue),keyboard:cooler-master:masterkeys-pro-m-white-mx-blue,curated_alias,reference_only_needs_verification,needs_review,False,1,,False,Standard,full_size,mechanical,Cherry MX Blue,single_colour,wired,general,productivity,100.0,122.0,unverified_reference_source
94c7f8968ea9a3853c84,docyx_pc_part_dataset_2025_07_23,keyboard,Cooler Master MasterKeys Pro M White (MX Brown),Cooler Master,MasterKeys Pro M White (MX Brown),keyboard:cooler-master:masterkeys-pro-m-white-mx-brown,curated_alias,reference_only_needs_verification,needs_review,False,1,Black,False,Standard,full_size,mechanical,Cherry MX Brown,single_colour,wired,general,productivity,100.0,122.0,unverified_reference_source
4d11bfdba53802df17ff,docyx_pc_part_dataset_2025_07_23,keyboard,Cooler Master MasterKeys Pro S,Cooler Master,MasterKeys Pro S,keyboard:cooler-master:masterkeys-pro-s,curated_alias,reference_only_needs_verification,needs_review,False,3,Black,False,Standard,tenkeyless,mechanical,Cherry MX Blue,rgb,wired,general;portable,portable,100.0,122.0,unverified_reference_source;identity_duplicates_collapsed
dd784c18d0207302ca16,docyx_pc_part_dataset_2025_07_23,keyboard,Cooler Master MasterKeys Pro S White (MX Blue),Cooler Master,MasterKeys Pro S White (MX Blue),keyboard:cooler-master:masterkeys-pro-s-white-mx-blue,curated_alias,reference_only_needs_verification,needs_review,False,1,Black,False,Standard,tenkeyless,mechanical,Cherry MX Blue,single_colour,wired,general;portable,portable,100.0,122.0,unverified_reference_source
a3ff6794d32965d2ae17,docyx_pc_part_dataset_2025_07_23,keyboard,Cooler Master MasterKeys Pro S White (MX Brown),Cooler Master,MasterKeys Pro S White (MX Brown),keyboard:cooler-master:masterkeys-pro-s-white-mx-brown,curated_alias,reference_only_needs_verification,needs_review,False,1,Black,False,Standard,tenkeyless,mechanical,Cherry MX Brown,single_colour,wired,general;portable,portable,100.0,122.0,unverified_reference_source
38d01f2d8b5523acf74b,docyx_pc_part_dataset_2025_07_23,keyboard,Cooler Master MasterKeys Pro S White (MX Red),Cooler Master,MasterKeys Pro S White (MX Red),keyboard:cooler-master:masterkeys-pro-s-white-mx-red,curated_alias,reference_only_needs_verification,needs_review,False,1,Black,False,Standard,tenkeyless,mechanical,Cherry MX Red,single_colour,wired,general;portable,portable,100.0,122.0,unverified_reference_source
76e48040aa4a67fe4b6f,docyx_pc_part_dataset_2025_07_23,keyboard,Cooler Master MasterKeys Pro S White (MX Speed Silver),Cooler Master,MasterKeys Pro S White (MX Speed Silver),keyboard:cooler-master:masterkeys-pro-s-white-mx-speed-silver,curated_alias,reference_only_needs_verification,needs_review,False,1,Black,False,Standard,tenkeyless,mechanical,Cherry MX Speed Silver,single_colour,wired,general;portable,portable,100.0,122.0,unverified_reference_source
b8e8c129c9d20fc87036,docyx_pc_part_dataset_2025_07_23,keyboard,Cooler Master MasterKeys S (MX Blue),Cooler Master,MasterKeys S (MX Blue),keyboard:cooler-master:masterkeys-s-mx-blue,curated_alias,reference_only_needs_verification,needs_review,False,1,Black,False,Gaming,tenkeyless,mechanical,Cherry MX Blue,,wired,general;gaming;portable,gaming,100.0,122.0,unverified_reference_source
ba1cec125bcd5ce58d5a,docyx_pc_part_dataset_2025_07_23,keyboard,Cooler Master MasterKeys S (MX Brown),Cooler Master,MasterKeys S (MX Brown),keyboard:cooler-master:masterkeys-s-mx-brown,curated_alias,reference_only_needs_verification,needs_review,False,1,Black,False,Gaming,tenkeyless,mechanical,Cherry MX Brown,,wired,general;gaming;portable,gaming,100.0,122.0,unverified_reference_source
e0d712a330daf9fd01ca,docyx_pc_part_dataset_2025_07_23,keyboard,Cooler Master MasterKeys S (MX Green),Cooler Master,MasterKeys S (MX Green),keyboard:cooler-master:masterkeys-s-mx-green,curated_alias,reference_only_needs_verification,needs_review,False,1,Black,False,Gaming,tenkeyless,mechanical,Cherry MX Green,,wired,general;gaming;portable,gaming,100.0,122.0,unverified_reference_source
6e7df91d5fd1549ae45b,docyx_pc_part_dataset_2025_07_23,keyboard,Cooler Master MasterKeys S (MX Red),Cooler Master,MasterKeys S (MX Red),keyboard:cooler-master:masterkeys-s-mx-red,curated_alias,reference_only_needs_verification,needs_review,False,1,Black,False,Gaming,tenkeyless,mechanical,Cherry MX Red,,wired,general;gaming;portable,gaming,100.0,122.0,unverified_reference_source
7e944872fd79e3cde283,docyx_pc_part_dataset_2025_07_23,keyboard,Cooler Master MasterKeys S (MX Speed Silver),Cooler Master,MasterKeys S (MX Speed Silver),keyboard:cooler-master:masterkeys-s-mx-speed-silver,curated_alias,reference_only_needs_verification,needs_review,False,1,Black,False,Gaming,tenkeyless,mechanical,Cherry MX Speed Silver,,wired,general;gaming;portable,gaming,100.0,122.0,unverified_reference_source
bd9998e9332064afdc9b,docyx_pc_part_dataset_2025_07_23,keyboard,Cooler Master Novatouch TKL,Cooler Master,Novatouch TKL,keyboard:cooler-master:novatouch-tkl,curated_alias,reference_only_needs_verification,needs_review,False,1,Black,False,Standard,tenkeyless,mechanical,Topre 45g,,wired,general;portable,portable,100.0,122.0,unverified_reference_source
2ded4a623b8d70c6b262,docyx_pc_part_dataset_2025_07_23,keyboard,Cooler Master Quick Fire Stealth,Cooler Master,Quick Fire Stealth,keyboard:cooler-master:quick-fire-stealth,curated_alias,reference_only_needs_verification,needs_review,False,1,Black,False,Gaming,tenkeyless,mechanical,Cherry MX Blue,,wired,general;gaming;portable,gaming,100.0,122.0,unverified_reference_source
3d2ab784d7e11bd4798e,docyx_pc_part_dataset_2025_07_23,keyboard,Cooler Master Quick Fire XTi,Cooler Master,Quick Fire XTi,keyboard:cooler-master:quick-fire-xti,curated_alias,reference_only_needs_verification,needs_review,False,1,Black,False,Standard,full_size,mechanical,Cherry MX Blue,single_colour,wired,general,productivity,100.0,122.0,unverified_reference_source
bfcc97f778cce5e14f27,docyx_pc_part_dataset_2025_07_23,keyboard,Cooler Master QuickFire Rapid-i,Cooler Master,QuickFire Rapid-i,keyboard:cooler-master:quickfire-rapid-i,curated_alias,reference_only_needs_verification,needs_review,False,3,Black;White,False,Standard,tenkeyless,mechanical,Cherry MX Brown,single_colour,wired,general;portable,portable,100.0,122.0,unverified_reference_source;identity_duplicates_collapsed
298499006e7f6cd9afe1,docyx_pc_part_dataset_2025_07_23,keyboard,Cooler Master SGK-4000-GKCG2-US,Cooler Master,SGK-4000-GKCG2-US,keyboard:cooler-master:sgk-4000-gkcg2-us,curated_alias,reference_only_needs_verification,needs_review,False,1,Black,False,Standard,tenkeyless,mechanical,Cherry MX Brown,,wired,general;portable,portable,100.0,122.0,unverified_reference_source
35d76c7844886b37c8ed,docyx_pc_part_dataset_2025_07_23,keyboard,Cooler Master SGK-4000-GKCR2-US,Cooler Master,SGK-4000-GKCR2-US,keyboard:cooler-master:sgk-4000-gkcr2-us,curated_alias,reference_only_needs_verification,needs_review,False,1,Black,False,Standard,tenkeyless,mechanical,Cherry MX Red,,wired,general;portable,portable,100.0,122.0,unverified_reference_source
9a5368127fd0b23c6ab0,docyx_pc_part_dataset_2025_07_23,keyboard,Cooler Master Storm QuickFire Rapid,Cooler Master,Storm QuickFire Rapid,keyboard:cooler-master:storm-quickfire-rapid,curated_alias,reference_only_needs_verification,needs_review,False,4,Black;Gray,False,Gaming,tenkeyless,mechanical,Cherry MX Blue,,wired,general;gaming;portable,gaming,100.0,122.0,unverified_reference_source;identity_duplicates_collapsed
a9f3cec89c63e861a42b,docyx_pc_part_dataset_2025_07_23,keyboard,Cooler Master Storm Quickfire TK Mechanical Keyboard,Cooler Master,Storm Quickfire TK Mechanical Keyboard,keyboard:cooler-master:storm-quickfire-tk-mechanical-keyboard,curated_alias,reference_only_needs_verification,needs_review,False,1,Black,False,Standard,full_size,mechanical,Cherry MX Brown,single_colour,wired,general,productivity,100.0,122.0,unverified_reference_source
e7fdde74d55cd440e994,docyx_pc_part_dataset_2025_07_23,keyboard,Corsair K60 RGB Pro,Corsair,K60 RGB Pro,keyboard:corsair:k60-rgb-pro,curated_alias,reference_only_needs_verification,needs_review,False,4,Black,False,Gaming,tenkeyless,mechanical,Corsair OPX,rgb,wired,general;gaming;portable,gaming,100.0,122.0,unverified_reference_source;identity_duplicates_collapsed
2b2f7eddb514a5185212,docyx_pc_part_dataset_2025_07_23,keyboard,Corsair K63 (MX Red w/Blue LED),Corsair,K63 (MX Red w/Blue LED),keyboard:corsair:k63-mx-red-w-blue-led,curated_alias,reference_only_needs_verification,needs_review,False,1,,False,Gaming,tenkeyless,mechanical,Cherry MX Red,single_colour,wireless,general;gaming;portable,gaming,100.0,122.0,unverified_reference_source
8391958d872cc9fd11dd,docyx_pc_part_dataset_2025_07_23,keyboard,Corsair K63 Lapboard Combo (MX Red w/Blue LED),Corsair,K63 Lapboard Combo (MX Red w/Blue LED),keyboard:corsair:k63-lapboard-combo-mx-red-w-blue-led,curated_alias,reference_only_needs_verification,needs_review,False,1,,False,Gaming,tenkeyless,mechanical,Cherry MX Red,single_colour,wireless,general;gaming;portable,gaming,100.0,122.0,unverified_reference_source
a44775c27aa61c464883,docyx_pc_part_dataset_2025_07_23,keyboard,Corsair K65 LUX RGB,Corsair,K65 LUX RGB,keyboard:corsair:k65-lux-rgb,curated_alias,reference_only_needs_verification,needs_review,False,1,Black,False,Gaming,tenkeyless,mechanical,Cherry MX Red,rgb,wired,general;gaming;portable,gaming,100.0,122.0,unverified_reference_source
f0445577d0a0903d3871,docyx_pc_part_dataset_2025_07_23,keyboard,Corsair K65 RGB,Corsair,K65 RGB,keyboard:corsair:k65-rgb,curated_alias,reference_only_needs_verification,needs_review,False,1,Black,False,Gaming,tenkeyless,mechanical,Cherry MX Red,rgb,wired,general;gaming;portable,gaming,100.0,122.0,unverified_reference_source
e6e9bd01e4170e80f43e,docyx_pc_part_dataset_2025_07_23,keyboard,Corsair K65 RGB MINI BERRY WAVE,Corsair,K65 RGB MINI BERRY WAVE,keyboard:corsair:k65-rgb-mini-berry-wave,curated_alias,reference_only_needs_verification,needs_review,False,1,Blue;White,False,Gaming,tenkeyless,mechanical,Cherry MX Speed Silver,rgb,wired,general;gaming;portable,gaming,100.0,122.0,unverified_reference_source
83404343ea3774ddb465,docyx_pc_part_dataset_2025_07_23,keyboard,Corsair K65 RGB MINI BUBBLEGUM POP,Corsair,K65 RGB MINI BUBBLEGUM POP,keyboard:corsair:k65-rgb-mini-bubblegum-pop,curated_alias,reference_only_needs_verification,needs_review,False,1,Pink;White,False,Gaming,tenkeyless,mechanical,Cherry MX Speed Silver,rgb,wired,general;gaming;portable,gaming,100.0,122.0,unverified_reference_source
0d7037bc57a8e85cf879,docyx_pc_part_dataset_2025_07_23,keyboard,Corsair K65 RGB MINI Ethereal Blue,Corsair,K65 RGB MINI Ethereal Blue,keyboard:corsair:k65-rgb-mini-ethereal-blue,curated_alias,reference_only_needs_verification,needs_review,False,1,Blue;White,False,Gaming,tenkeyless,mechanical,Cherry MX Speed Silver,rgb,wired,general;gaming;portable,gaming,100.0,122.0,unverified_reference_source
3528f2a2e45562883abb,docyx_pc_part_dataset_2025_07_23,keyboard,Corsair K65 RGB MINI HINT OF MINT,Corsair,K65 RGB MINI HINT OF MINT,keyboard:corsair:k65-rgb-mini-hint-of-mint,curated_alias,reference_only_needs_verification,needs_review,False,1,Green;White,False,Gaming,tenkeyless,mechanical,Cherry MX Speed Silver,rgb,wired,general;gaming;portable,gaming,100.0,122.0,unverified_reference_source
9e37a2f2947bcfc0dbde,docyx_pc_part_dataset_2025_07_23,keyboard,Corsair K65 RGB MINI Pastel Twilight,Corsair,K65 RGB MINI Pastel Twilight,keyboard:corsair:k65-rgb-mini-pastel-twilight,curated_alias,reference_only_needs_verification,needs_review,False,1,Pink;Purple,False,Gaming,tenkeyless,mechanical,Cherry MX Speed Silver,rgb,wired,general;gaming;portable,gaming,100.0,122.0,unverified_reference_source
bc753429f2c945d0a652,docyx_pc_part_dataset_2025_07_23,keyboard,Corsair K65 RGB MINI Pink Elixir,Corsair,K65 RGB MINI Pink Elixir,keyboard:corsair:k65-rgb-mini-pink-elixir,curated_alias,reference_only_needs_verification,needs_review,False,1,Pink;White,False,Gaming,tenkeyless,mechanical,Cherry MX Speed Silver,rgb,wired,general;gaming;portable,gaming,100.0,122.0,unverified_reference_source
9a5fe143b75a5a9791cd,docyx_pc_part_dataset_2025_07_23,keyboard,Corsair K65 RGB MINI Purple Rune,Corsair,K65 RGB MINI Purple Rune,keyboard:corsair:k65-rgb-mini-purple-rune,curated_alias,reference_only_needs_verification,needs_review,False,1,Purple;White,False,Gaming,tenkeyless,mechanical,Cherry MX Speed Silver,rgb,wired,general;gaming;portable,gaming,100.0,122.0,unverified_reference_source
421b8433768ef19b0557,docyx_pc_part_dataset_2025_07_23,keyboard,Corsair K65 RGB MINI WATERMELON BLAST,Corsair,K65 RGB MINI WATERMELON BLAST,keyboard:corsair:k65-rgb-mini-watermelon-blast,curated_alias,reference_only_needs_verification,needs_review,False,1,Green;Pink,False,Gaming,tenkeyless,mechanical,Cherry MX Speed Silver,rgb,wired,general;gaming;portable,gaming,100.0,122.0,unverified_reference_source
c361f3addc9601a21917,docyx_pc_part_dataset_2025_07_23,keyboard,Corsair K65 RGB RAPIDFIRE,Corsair,K65 RGB RAPIDFIRE,keyboard:corsair:k65-rgb-rapidfire,curated_alias,reference_only_needs_verification,needs_review,False,1,Multicolor,False,Gaming,tenkeyless,mechanical,Cherry MX Speed Silver,rgb,wired,general;gaming;portable,gaming,100.0,122.0,unverified_reference_source
ac71a2f4c82e1acc2235,docyx_pc_part_dataset_2025_07_23,keyboard,Corsair K65 RGB UK,Corsair,K65 RGB UK,keyboard:corsair:k65-rgb-uk,curated_alias,reference_only_needs_verification,needs_review,False,1,Black,False,Gaming,tenkeyless,mechanical,Cherry MX Red,rgb,wired,general;gaming;portable,gaming,100.0,122.0,unverified_reference_source
f1f9e3bd5a059a936a5e,docyx_pc_part_dataset_2025_07_23,keyboard,Corsair K95 RGB,Corsair,K95 RGB,keyboard:corsair:k95-rgb,curated_alias,reference_only_needs_verification,needs_review,False,6,Black,False,Standard,full_size,mechanical,Cherry MX Brown,rgb,wired,general,productivity,100.0,122.0,unverified_reference_source;identity_duplicates_collapsed
92d1c8f3e490409b2fd2,docyx_pc_part_dataset_2025_07_23,keyboard,Corsair Vengeance K65 Compact Mechanical Gaming Keyboard,Corsair,Vengeance K65 Compact Mechanical Gaming Keyboard,keyboard:corsair:vengeance-k65-compact-mechanical-gaming-keyboard,curated_alias,reference_only_needs_verification,needs_review,False,1,Black;Gray,False,Gaming,tenkeyless,mechanical,Cherry MX Red,,wired,general;gaming;portable,gaming,100.0,122.0,unverified_reference_source
af2902db004541189cd6,docyx_pc_part_dataset_2025_07_23,keyboard,Ducky DK1087-ACLLB,Ducky,DK1087-ACLLB,keyboard:ducky:dk1087-acllb,curated_alias,reference_only_needs_verification,needs_review,False,1,Black,False,Standard,tenkeyless,mechanical,Cherry MX Black,,wired,general;portable,portable,100.0,122.0,unverified_reference_source
48b182a0281d9a664c51,docyx_pc_part_dataset_2025_07_23,keyboard,Ducky DK1087-AELLB,Ducky,DK1087-AELLB,keyboard:ducky:dk1087-aellb,curated_alias,reference_only_needs_verification,needs_review,False,1,Black,False,Standard,tenkeyless,mechanical,Cherry MX Black,,wired,general;portable,portable,100.0,122.0,unverified_reference_source
40b3694432273b9e8308,docyx_pc_part_dataset_2025_07_23,keyboard,Ducky DK1087-BELLB,Ducky,DK1087-BELLB,keyboard:ducky:dk1087-bellb,curated_alias,reference_only_needs_verification,needs_review,False,1,Black,False,Standard,tenkeyless,mechanical,Cherry MX Brown,,wired,general;portable,portable,100.0,122.0,unverified_reference_source
85d976a1b75ac45557c3,docyx_pc_part_dataset_2025_07_23,keyboard,Ducky DK1087-CELLB,Ducky,DK1087-CELLB,keyboard:ducky:dk1087-cellb,curated_alias,reference_only_needs_verification,needs_review,False,1,Black,False,Standard,tenkeyless,mechanical,Cherry MX Blue,,wired,general;portable,portable,100.0,122.0,unverified_reference_source
166114c66156a4034929,docyx_pc_part_dataset_2025_07_23,keyboard,Ducky DK1087-KEALB,Ducky,DK1087-KEALB,keyboard:ducky:dk1087-kealb,curated_alias,reference_only_needs_verification,needs_review,False,1,Black,False,Standard,tenkeyless,mechanical,ALPS Black,,wired,general;portable,portable,100.0,122.0,unverified_reference_source
b229b022297b7fb84a01,docyx_pc_part_dataset_2025_07_23,keyboard,Ducky DK1087XM,Ducky,DK1087XM,keyboard:ducky:dk1087xm,curated_alias,reference_only_needs_verification,needs_review,False,1,Black,False,Standard,tenkeyless,mechanical,ALPS Green,,wired,general;portable,portable,100.0,122.0,unverified_reference_source
9f67276726b748772fad,docyx_pc_part_dataset_2025_07_23,keyboard,Ducky DK9008 Shine 3 Blue LED Backlit (Black Cherry MX),Ducky,DK9008 Shine 3 Blue LED Backlit (Black Cherry MX),keyboard:ducky:dk9008-shine-3-blue-led-backlit-black-cherry-mx,curated_alias,reference_only_needs_verification,needs_review,False,1,Black,False,Standard,full_size,mechanical,Cherry MX Black,single_colour,wired,general,productivity,100.0,122.0,unverified_reference_source
b86c3f3d9b5acb7acfd6,docyx_pc_part_dataset_2025_07_23,keyboard,Ducky DK9008 Shine 3 Blue LED Backlit (Blue Cherry MX),Ducky,DK9008 Shine 3 Blue LED Backlit (Blue Cherry MX),keyboard:ducky:dk9008-shine-3-blue-led-backlit-blue-cherry-mx,curated_alias,reference_only_needs_verification,needs_review,False,1,Black,False,Standard,full_size,mechanical,Cherry MX Blue,single_colour,wired,general,productivity,100.0,122.0,unverified_reference_source
65619745fbc0d7db3a02,docyx_pc_part_dataset_2025_07_23,keyboard,Ducky DK9008 Shine 3 Blue LED Backlit (Brown Cherry MX),Ducky,DK9008 Shine 3 Blue LED Backlit (Brown Cherry MX),keyboard:ducky:dk9008-shine-3-blue-led-backlit-brown-cherry-mx,curated_alias,reference_only_needs_verification,needs_review,False,1,Black,False,Standard,full_size,mechanical,Cherry MX Brown,single_colour,wired,general,productivity,100.0,122.0,unverified_reference_source
5cb187cb9aef94943103,docyx_pc_part_dataset_2025_07_23,keyboard,Ducky DK9008 Shine 3 Blue LED Backlit (Red Cherry MX),Ducky,DK9008 Shine 3 Blue LED Backlit (Red Cherry MX),keyboard:ducky:dk9008-shine-3-blue-led-backlit-red-cherry-mx,curated_alias,reference_only_needs_verification,needs_review,False,1,Black,False,Standard,full_size,mechanical,Cherry MX Red,single_colour,wired,general,productivity,100.0,122.0,unverified_reference_source
6d7bc7b2e5ab1c291886,docyx_pc_part_dataset_2025_07_23,keyboard,Ducky DK9008 Shine 3 Green LED Backlit (Black Cherry MX),Ducky,DK9008 Shine 3 Green LED Backlit (Black Cherry MX),keyboard:ducky:dk9008-shine-3-green-led-backlit-black-cherry-mx,curated_alias,reference_only_needs_verification,needs_review,False,1,Black,False,Standard,full_size,mechanical,Cherry MX Black,single_colour,wired,general,productivity,100.0,122.0,unverified_reference_source
4a2d466d8afaeb482a0a,docyx_pc_part_dataset_2025_07_23,keyboard,Ducky DK9008 Shine 3 Green LED Backlit (Blue Cherry MX),Ducky,DK9008 Shine 3 Green LED Backlit (Blue Cherry MX),keyboard:ducky:dk9008-shine-3-green-led-backlit-blue-cherry-mx,curated_alias,reference_only_needs_verification,needs_review,False,1,Black,False,Standard,full_size,mechanical,Cherry MX Blue,single_colour,wired,general,productivity,100.0,122.0,unverified_reference_source
deab866e995206d4ca51,docyx_pc_part_dataset_2025_07_23,keyboard,Ducky DK9008 Shine 3 Green LED Backlit (Brown Cherry MX),Ducky,DK9008 Shine 3 Green LED Backlit (Brown Cherry MX),keyboard:ducky:dk9008-shine-3-green-led-backlit-brown-cherry-mx,curated_alias,reference_only_needs_verification,needs_review,False,1,Black,False,Standard,full_size,mechanical,Cherry MX Brown,single_colour,wired,general,productivity,100.0,122.0,unverified_reference_source
d7618c6bc1bfd7b41ae8,docyx_pc_part_dataset_2025_07_23,keyboard,Ducky DK9008 Shine 3 Green LED Backlit (Red Cherry MX),Ducky,DK9008 Shine 3 Green LED Backlit (Red Cherry MX),keyboard:ducky:dk9008-shine-3-green-led-backlit-red-cherry-mx,curated_alias,reference_only_needs_verification,needs_review,False,1,Black,False,Standard,full_size,mechanical,Cherry MX Red,single_colour,wired,general,productivity,100.0,122.0,unverified_reference_source
666bc098f86dab1be4e4,docyx_pc_part_dataset_2025_07_23,keyboard,Ducky DK9008 Shine 3 Magenta LED Backlit (Black Cherry MX),Ducky,DK9008 Shine 3 Magenta LED Backlit (Black Cherry MX),keyboard:ducky:dk9008-shine-3-magenta-led-backlit-black-cherry-mx,curated_alias,reference_only_needs_verification,needs_review,False,1,Black,False,Standard,full_size,mechanical,Cherry MX Black,single_colour,wired,general,productivity,100.0,122.0,unverified_reference_source
b12c480aa81c443bafaf,docyx_pc_part_dataset_2025_07_23,keyboard,Ducky DK9008 Shine 3 Magenta LED Backlit (Blue Cherry MX),Ducky,DK9008 Shine 3 Magenta LED Backlit (Blue Cherry MX),keyboard:ducky:dk9008-shine-3-magenta-led-backlit-blue-cherry-mx,curated_alias,reference_only_needs_verification,needs_review,False,1,Black,False,Standard,full_size,mechanical,Cherry MX Blue,single_colour,wired,general,productivity,100.0,122.0,unverified_reference_source
0d00fc2240c98595f291,docyx_pc_part_dataset_2025_07_23,keyboard,Ducky DK9008 Shine 3 Magenta LED Backlit (Brown Cherry MX),Ducky,DK9008 Shine 3 Magenta LED Backlit (Brown Cherry MX),keyboard:ducky:dk9008-shine-3-magenta-led-backlit-brown-cherry-mx,curated_alias,reference_only_needs_verification,needs_review,False,1,Black,False,Standard,full_size,mechanical,Cherry MX Brown,single_colour,wired,general,productivity,100.0,122.0,unverified_reference_source
e7bb7838efece72305d9,docyx_pc_part_dataset_2025_07_23,keyboard,Ducky DK9008 Shine 3 Magenta LED Backlit (Red Cherry MX),Ducky,DK9008 Shine 3 Magenta LED Backlit (Red Cherry MX),keyboard:ducky:dk9008-shine-3-magenta-led-backlit-red-cherry-mx,curated_alias,reference_only_needs_verification,needs_review,False,1,Black,False,Standard,full_size,mechanical,Cherry MX Red,single_colour,wired,general,productivity,100.0,122.0,unverified_reference_source
20939e0a37598caa99eb,docyx_pc_part_dataset_2025_07_23,keyboard,Ducky DK9008 Shine 3 Orange LED Backlit (Black Cherry MX),Ducky,DK9008 Shine 3 Orange LED Backlit (Black Cherry MX),keyboard:ducky:dk9008-shine-3-orange-led-backlit-black-cherry-mx,curated_alias,reference_only_needs_verification,needs_review,False,1,Black,False,Standard,full_size,mechanical,Cherry MX Black,single_colour,wired,general,productivity,100.0,122.0,unverified_reference_source
787f8bcb5ad9a23ce28e,docyx_pc_part_dataset_2025_07_23,keyboard,Ducky DK9008 Shine 3 Orange LED Backlit (Blue Cherry MX),Ducky,DK9008 Shine 3 Orange LED Backlit (Blue Cherry MX),keyboard:ducky:dk9008-shine-3-orange-led-backlit-blue-cherry-mx,curated_alias,reference_only_needs_verification,needs_review,False,1,Black,False,Standard,full_size,mechanical,Cherry MX Blue,single_colour,wired,general,productivity,100.0,122.0,unverified_reference_source
c7b3374f47f4081a8225,docyx_pc_part_dataset_2025_07_23,keyboard,Ducky DK9008 Shine 3 Orange LED Backlit (Brown Cherry MX),Ducky,DK9008 Shine 3 Orange LED Backlit (Brown Cherry MX),keyboard:ducky:dk9008-shine-3-orange-led-backlit-brown-cherry-mx,curated_alias,reference_only_needs_verification,needs_review,False,1,Black,False,Standard,full_size,mechanical,Cherry MX Brown,single_colour,wired,general,productivity,100.0,122.0,unverified_reference_source
4d3ef3e20e5e8d279d17,docyx_pc_part_dataset_2025_07_23,keyboard,Ducky DK9008 Shine 3 Orange LED Backlit (Red Cherry MX),Ducky,DK9008 Shine 3 Orange LED Backlit (Red Cherry MX),keyboard:ducky:dk9008-shine-3-orange-led-backlit-red-cherry-mx,curated_alias,reference_only_needs_verification,needs_review,False,1,Black,False,Standard,full_size,mechanical,Cherry MX Red,single_colour,wired,general,productivity,100.0,122.0,unverified_reference_source
15588c58a8e6b863bd7f,docyx_pc_part_dataset_2025_07_23,keyboard,Ducky DK9008 Shine 3 Red LED Backlit (Black Cherry MX),Ducky,DK9008 Shine 3 Red LED Backlit (Black Cherry MX),keyboard:ducky:dk9008-shine-3-red-led-backlit-black-cherry-mx,curated_alias,reference_only_needs_verification,needs_review,False,1,Black,False,Standard,full_size,mechanical,Cherry MX Black,single_colour,wired,general,productivity,100.0,122.0,unverified_reference_source
0e635d47393eaa54fe8d,docyx_pc_part_dataset_2025_07_23,keyboard,Ducky DK9008 Shine 3 Red LED Backlit (Blue Cherry MX),Ducky,DK9008 Shine 3 Red LED Backlit (Blue Cherry MX),keyboard:ducky:dk9008-shine-3-red-led-backlit-blue-cherry-mx,curated_alias,reference_only_needs_verification,needs_review,False,1,Black,False,Standard,full_size,mechanical,Cherry MX Blue,single_colour,wired,general,productivity,100.0,122.0,unverified_reference_source
7cea9b3f60164bf8e0e1,docyx_pc_part_dataset_2025_07_23,keyboard,Ducky DK9008 Shine 3 Red LED Backlit (Brown Cherry MX),Ducky,DK9008 Shine 3 Red LED Backlit (Brown Cherry MX),keyboard:ducky:dk9008-shine-3-red-led-backlit-brown-cherry-mx,curated_alias,reference_only_needs_verification,needs_review,False,1,Black,False,Standard,full_size,mechanical,Cherry MX Brown,single_colour,wired,general,productivity,100.0,122.0,unverified_reference_source
6e8ceb4feba78331b74e,docyx_pc_part_dataset_2025_07_23,keyboard,Ducky DK9008 Shine 3 Red LED Backlit (Red Cherry MX),Ducky,DK9008 Shine 3 Red LED Backlit (Red Cherry MX),keyboard:ducky:dk9008-shine-3-red-led-backlit-red-cherry-mx,curated_alias,reference_only_needs_verification,needs_review,False,1,Black,False,Standard,full_size,mechanical,Cherry MX Red,single_colour,wired,general,productivity,100.0,122.0,unverified_reference_source
07dfda99378d52430b32,docyx_pc_part_dataset_2025_07_23,keyboard,Ducky DK9008 Shine 3 White LED Backlit (Black Cherry MX),Ducky,DK9008 Shine 3 White LED Backlit (Black Cherry MX),keyboard:ducky:dk9008-shine-3-white-led-backlit-black-cherry-mx,curated_alias,reference_only_needs_verification,needs_review,False,1,Black,False,Standard,full_size,mechanical,Cherry MX Black,single_colour,wired,general,productivity,100.0,122.0,unverified_reference_source
f4cb8ff9924bda8080d2,docyx_pc_part_dataset_2025_07_23,keyboard,Ducky Ducky DK9008 Shine 3 White LED Backlit (Blue Cherry MX),Ducky,DK9008 Shine 3 White LED Backlit (Blue Cherry MX),keyboard:ducky:dk9008-shine-3-white-led-backlit-blue-cherry-mx,curated_alias,reference_only_needs_verification,needs_review,False,1,Black,False,Standard,full_size,mechanical,Cherry MX Blue,single_colour,wired,general,productivity,100.0,122.0,unverified_reference_source
7f1bffce65045ca29d38,docyx_pc_part_dataset_2025_07_23,keyboard,Ducky DK9008 Shine 3 White LED Backlit (Brown Cherry MX),Ducky,DK9008 Shine 3 White LED Backlit (Brown Cherry MX),keyboard:ducky:dk9008-shine-3-white-led-backlit-brown-cherry-mx,curated_alias,reference_only_needs_verification,needs_review,False,1,Black,False,Standard,full_size,mechanical,Cherry MX Brown,single_colour,wired,general,productivity,100.0,122.0,unverified_reference_source
147c638105ebc770372c,docyx_pc_part_dataset_2025_07_23,keyboard,Ducky DK9008 Shine 3 White LED Backlit (Red Cherry MX),Ducky,DK9008 Shine 3 White LED Backlit (Red Cherry MX),keyboard:ducky:dk9008-shine-3-white-led-backlit-red-cherry-mx,curated_alias,reference_only_needs_verification,needs_review,False,1,Black,False,Standard,full_size,mechanical,Cherry MX Red,single_colour,wired,general,productivity,100.0,122.0,unverified_reference_source
2f714b64ad98f9975492,docyx_pc_part_dataset_2025_07_23,keyboard,Ducky DK9008 Shine II (M Edition),Ducky,DK9008 Shine II (M Edition),keyboard:ducky:dk9008-shine-ii-m-edition,curated_alias,reference_only_needs_verification,needs_review,False,3,Black,False,Standard,full_size,mechanical,Cherry MX Brown,single_colour,wired,general,productivity,100.0,122.0,unverified_reference_source;identity_duplicates_collapsed
1ebe22ee8ecef32b457b,docyx_pc_part_dataset_2025_07_23,keyboard,Ducky DK9008G2,Ducky,DK9008G2,keyboard:ducky:dk9008g2,curated_alias,reference_only_needs_verification,needs_review,False,1,Black,False,Standard,full_size,mechanical,Cherry MX Brown,,wired,general,productivity,100.0,122.0,unverified_reference_source
f074a594911b2fdf2555,docyx_pc_part_dataset_2025_07_23,keyboard,Ducky DK9008G2 PBT,Ducky,DK9008G2 PBT,keyboard:ducky:dk9008g2-pbt,curated_alias,reference_only_needs_verification,needs_review,False,1,Black,False,Standard,full_size,mechanical,Cherry MX Brown,,wired,general,productivity,100.0,122.0,unverified_reference_source
73ca23cb9c86bc905a41,docyx_pc_part_dataset_2025_07_23,keyboard,Ducky DK9008S,Ducky,DK9008S,keyboard:ducky:dk9008s,curated_alias,reference_only_needs_verification,needs_review,False,2,Black,False,Standard,full_size,mechanical,Cherry MX Brown,single_colour,wired,general,productivity,100.0,122.0,unverified_reference_source;identity_duplicates_collapsed
843f7922aebbe1c47ee4,docyx_pc_part_dataset_2025_07_23,keyboard,Ducky DK9008S-BEALB,Ducky,DK9008S-BEALB,keyboard:ducky:dk9008s-bealb,curated_alias,reference_only_needs_verification,needs_review,False,1,Black,False,Standard,full_size,mechanical,Cherry MX Brown,single_colour,wired,general,productivity,100.0,122.0,unverified_reference_source
d6942f55d7bf62841480,docyx_pc_part_dataset_2025_07_23,keyboard,Ducky DK9008S-BEALY,Ducky,DK9008S-BEALY,keyboard:ducky:dk9008s-bealy,curated_alias,reference_only_needs_verification,needs_review,False,1,Black,False,Standard,full_size,mechanical,Cherry MX Brown,single_colour,wired,general,productivity,100.0,122.0,unverified_reference_source
2ebca686fa8d0fcd8814,docyx_pc_part_dataset_2025_07_23,keyboard,Ducky DK9008S2 Shine II,Ducky,DK9008S2 Shine II,keyboard:ducky:dk9008s2-shine-ii,curated_alias,reference_only_needs_verification,needs_review,False,2,Black,False,Standard,full_size,mechanical,Cherry MX Brown,single_colour,wired,general,productivity,100.0,122.0,unverified_reference_source;identity_duplicates_collapsed
b802b537e94fd2008252,docyx_pc_part_dataset_2025_07_23,keyboard,Ducky DK9087 Shine 3 TKL Blue LED Backlit (Black Cherry MX),Ducky,DK9087 Shine 3 TKL Blue LED Backlit (Black Cherry MX),keyboard:ducky:dk9087-shine-3-tkl-blue-led-backlit-black-cherry-mx,curated_alias,reference_only_needs_verification,needs_review,False,1,Black,False,Standard,tenkeyless,mechanical,Cherry MX Black,single_colour,wired,general;portable,portable,100.0,122.0,unverified_reference_source
36972eee3f5c14578250,docyx_pc_part_dataset_2025_07_23,keyboard,Ducky DK9087 Shine 3 TKL Blue LED Backlit (Blue Cherry MX),Ducky,DK9087 Shine 3 TKL Blue LED Backlit (Blue Cherry MX),keyboard:ducky:dk9087-shine-3-tkl-blue-led-backlit-blue-cherry-mx,curated_alias,reference_only_needs_verification,needs_review,False,1,Black,False,Standard,tenkeyless,mechanical,Cherry MX Blue,single_colour,wired,general;portable,portable,100.0,122.0,unverified_reference_source
ec225cc2d1ee5c6b03ec,docyx_pc_part_dataset_2025_07_23,keyboard,Ducky DK9087 Shine 3 TKL Blue LED Backlit (Brown Cherry MX),Ducky,DK9087 Shine 3 TKL Blue LED Backlit (Brown Cherry MX),keyboard:ducky:dk9087-shine-3-tkl-blue-led-backlit-brown-cherry-mx,curated_alias,reference_only_needs_verification,needs_review,False,1,Black,False,Standard,tenkeyless,mechanical,Cherry MX Brown,single_colour,wired,general;portable,portable,100.0,122.0,unverified_reference_source
2716464d4248ba484f57,docyx_pc_part_dataset_2025_07_23,keyboard,Ducky DK9087 Shine 3 TKL Blue LED Backlit (Red Cherry MX),Ducky,DK9087 Shine 3 TKL Blue LED Backlit (Red Cherry MX),keyboard:ducky:dk9087-shine-3-tkl-blue-led-backlit-red-cherry-mx,curated_alias,reference_only_needs_verification,needs_review,False,1,Black,False,Standard,tenkeyless,mechanical,Cherry MX Red,single_colour,wired,general;portable,portable,100.0,122.0,unverified_reference_source
6b5c7795a6c8d9534354,docyx_pc_part_dataset_2025_07_23,keyboard,Ducky DK9087 Shine 3 TKL Green LED Backlit (Black Cherry MX),Ducky,DK9087 Shine 3 TKL Green LED Backlit (Black Cherry MX),keyboard:ducky:dk9087-shine-3-tkl-green-led-backlit-black-cherry-mx,curated_alias,reference_only_needs_verification,needs_review,False,1,Black,False,Standard,tenkeyless,mechanical,Cherry MX Black,single_colour,wired,general;portable,portable,100.0,122.0,unverified_reference_source
965e8bd6ca172a4b337a,docyx_pc_part_dataset_2025_07_23,keyboard,Ducky DK9087 Shine 3 TKL Green LED Backlit (Blue Cherry MX),Ducky,DK9087 Shine 3 TKL Green LED Backlit (Blue Cherry MX),keyboard:ducky:dk9087-shine-3-tkl-green-led-backlit-blue-cherry-mx,curated_alias,reference_only_needs_verification,needs_review,False,1,Black,False,Standard,tenkeyless,mechanical,Cherry MX Blue,single_colour,wired,general;portable,portable,100.0,122.0,unverified_reference_source
e515230485b1e0a1acd1,docyx_pc_part_dataset_2025_07_23,keyboard,Ducky DK9087 Shine 3 TKL Green LED Backlit (Brown Cherry MX),Ducky,DK9087 Shine 3 TKL Green LED Backlit (Brown Cherry MX),keyboard:ducky:dk9087-shine-3-tkl-green-led-backlit-brown-cherry-mx,curated_alias,reference_only_needs_verification,needs_review,False,1,Black,False,Standard,tenkeyless,mechanical,Cherry MX Brown,single_colour,wired,general;portable,portable,100.0,122.0,unverified_reference_source
d2581860c0f7890271e5,docyx_pc_part_dataset_2025_07_23,keyboard,Ducky DK9087 Shine 3 TKL Green LED Backlit (Red Cherry MX),Ducky,DK9087 Shine 3 TKL Green LED Backlit (Red Cherry MX),keyboard:ducky:dk9087-shine-3-tkl-green-led-backlit-red-cherry-mx,curated_alias,reference_only_needs_verification,needs_review,False,1,Black,False,Standard,tenkeyless,mechanical,Cherry MX Red,single_colour,wired,general;portable,portable,100.0,122.0,unverified_reference_source
f689254ef68ee0348190,docyx_pc_part_dataset_2025_07_23,keyboard,Ducky DK9087 Shine 3 TKL Magenta LED Backlit (Black Cherry MX),Ducky,DK9087 Shine 3 TKL Magenta LED Backlit (Black Cherry MX),keyboard:ducky:dk9087-shine-3-tkl-magenta-led-backlit-black-cherry-mx,curated_alias,reference_only_needs_verification,needs_review,False,1,Black,False,Standard,tenkeyless,mechanical,Cherry MX Black,single_colour,wired,general;portable,portable,100.0,122.0,unverified_reference_source
4800bee81ac998809005,docyx_pc_part_dataset_2025_07_23,keyboard,Ducky DK9087 Shine 3 TKL Magenta LED Backlit (Blue Cherry MX),Ducky,DK9087 Shine 3 TKL Magenta LED Backlit (Blue Cherry MX),keyboard:ducky:dk9087-shine-3-tkl-magenta-led-backlit-blue-cherry-mx,curated_alias,reference_only_needs_verification,needs_review,False,1,Black,False,Standard,tenkeyless,mechanical,Cherry MX Blue,single_colour,wired,general;portable,portable,100.0,122.0,unverified_reference_source
9c49bfde1b066ffa005a,docyx_pc_part_dataset_2025_07_23,keyboard,Ducky DK9087 Shine 3 TKL Magenta LED Backlit (Brown Cherry MX),Ducky,DK9087 Shine 3 TKL Magenta LED Backlit (Brown Cherry MX),keyboard:ducky:dk9087-shine-3-tkl-magenta-led-backlit-brown-cherry-mx,curated_alias,reference_only_needs_verification,needs_review,False,1,Black,False,Standard,tenkeyless,mechanical,Cherry MX Brown,single_colour,wired,general;portable,portable,100.0,122.0,unverified_reference_source
17925077797c530da6a1,docyx_pc_part_dataset_2025_07_23,keyboard,Ducky DK9087 Shine 3 TKL Magenta LED Backlit (Red Cherry MX),Ducky,DK9087 Shine 3 TKL Magenta LED Backlit (Red Cherry MX),keyboard:ducky:dk9087-shine-3-tkl-magenta-led-backlit-red-cherry-mx,curated_alias,reference_only_needs_verification,needs_review,False,1,Black,False,Standard,tenkeyless,mechanical,Cherry MX Red,single_colour,wired,general;portable,portable,100.0,122.0,unverified_reference_source
ae6672b75cb941640433,docyx_pc_part_dataset_2025_07_23,keyboard,Ducky DK9087 Shine 3 TKL Orange LED Backlit (Black Cherry MX),Ducky,DK9087 Shine 3 TKL Orange LED Backlit (Black Cherry MX),keyboard:ducky:dk9087-shine-3-tkl-orange-led-backlit-black-cherry-mx,curated_alias,reference_only_needs_verification,needs_review,False,1,Black,False,Standard,tenkeyless,mechanical,Cherry MX Black,single_colour,wired,general;portable,portable,100.0,122.0,unverified_reference_source
68ee047fc98ef965da7c,docyx_pc_part_dataset_2025_07_23,keyboard,Ducky DK9087 Shine 3 TKL Orange LED Backlit (Blue Cherry MX),Ducky,DK9087 Shine 3 TKL Orange LED Backlit (Blue Cherry MX),keyboard:ducky:dk9087-shine-3-tkl-orange-led-backlit-blue-cherry-mx,curated_alias,reference_only_needs_verification,needs_review,False,1,Black,False,Standard,tenkeyless,mechanical,Cherry MX Blue,single_colour,wired,general;portable,portable,100.0,122.0,unverified_reference_source
40e69869a4f007b147e3,docyx_pc_part_dataset_2025_07_23,keyboard,Ducky DK9087 Shine 3 TKL Orange LED Backlit (Brown Cherry MX),Ducky,DK9087 Shine 3 TKL Orange LED Backlit (Brown Cherry MX),keyboard:ducky:dk9087-shine-3-tkl-orange-led-backlit-brown-cherry-mx,curated_alias,reference_only_needs_verification,needs_review,False,1,Black,False,Standard,tenkeyless,mechanical,Cherry MX Brown,single_colour,wired,general;portable,portable,100.0,122.0,unverified_reference_source
880af9ea91809a06e632,docyx_pc_part_dataset_2025_07_23,keyboard,Ducky DK9087 Shine 3 TKL Orange LED Backlit (Red Cherry MX),Ducky,DK9087 Shine 3 TKL Orange LED Backlit (Red Cherry MX),keyboard:ducky:dk9087-shine-3-tkl-orange-led-backlit-red-cherry-mx,curated_alias,reference_only_needs_verification,needs_review,False,1,Black,False,Standard,tenkeyless,mechanical,Cherry MX Red,single_colour,wired,general;portable,portable,100.0,122.0,unverified_reference_source
9e52e844a18dec3e1fd1,docyx_pc_part_dataset_2025_07_23,keyboard,Ducky DK9087 Shine 3 TKL Red LED Backlit (Black Cherry MX),Ducky,DK9087 Shine 3 TKL Red LED Backlit (Black Cherry MX),keyboard:ducky:dk9087-shine-3-tkl-red-led-backlit-black-cherry-mx,curated_alias,reference_only_needs_verification,needs_review,False,1,Black,False,Standard,tenkeyless,mechanical,Cherry MX Black,single_colour,wired,general;portable,portable,100.0,122.0,unverified_reference_source
e642449814128e5c1dd0,docyx_pc_part_dataset_2025_07_23,keyboard,Ducky DK9087 Shine 3 TKL Red LED Backlit (Blue Cherry MX),Ducky,DK9087 Shine 3 TKL Red LED Backlit (Blue Cherry MX),keyboard:ducky:dk9087-shine-3-tkl-red-led-backlit-blue-cherry-mx,curated_alias,reference_only_needs_verification,needs_review,False,1,Black,False,Standard,tenkeyless,mechanical,Cherry MX Blue,single_colour,wired,general;portable,portable,100.0,122.0,unverified_reference_source
f7e0f14f54019bed3044,docyx_pc_part_dataset_2025_07_23,keyboard,Ducky DK9087 Shine 3 TKL Red LED Backlit (Brown Cherry MX),Ducky,DK9087 Shine 3 TKL Red LED Backlit (Brown Cherry MX),keyboard:ducky:dk9087-shine-3-tkl-red-led-backlit-brown-cherry-mx,curated_alias,reference_only_needs_verification,needs_review,False,1,Black,False,Standard,tenkeyless,mechanical,Cherry MX Brown,single_colour,wired,general;portable,portable,100.0,122.0,unverified_reference_source
e1a67a0dab6e95ac8fd9,docyx_pc_part_dataset_2025_07_23,keyboard,Ducky DK9087 Shine 3 TKL Red LED Backlit (Red Cherry MX),Ducky,DK9087 Shine 3 TKL Red LED Backlit (Red Cherry MX),keyboard:ducky:dk9087-shine-3-tkl-red-led-backlit-red-cherry-mx,curated_alias,reference_only_needs_verification,needs_review,False,1,Black,False,Standard,tenkeyless,mechanical,Cherry MX Red,single_colour,wired,general;portable,portable,100.0,122.0,unverified_reference_source
4748f0d8aa59180ea32d,docyx_pc_part_dataset_2025_07_23,keyboard,Ducky DK9087 Shine 3 TKL White LED Backlit (Black Cherry MX),Ducky,DK9087 Shine 3 TKL White LED Backlit (Black Cherry MX),keyboard:ducky:dk9087-shine-3-tkl-white-led-backlit-black-cherry-mx,curated_alias,reference_only_needs_verification,needs_review,False,1,Black,False,Standard,tenkeyless,mechanical,Cherry MX Black,single_colour,wired,general;portable,portable,100.0,122.0,unverified_reference_source
68ac0b936f1a7b8e2e9b,docyx_pc_part_dataset_2025_07_23,keyboard,Ducky DK9087 Shine 3 TKL White LED Backlit (Blue Cherry MX),Ducky,DK9087 Shine 3 TKL White LED Backlit (Blue Cherry MX),keyboard:ducky:dk9087-shine-3-tkl-white-led-backlit-blue-cherry-mx,curated_alias,reference_only_needs_verification,needs_review,False,1,Black,False,Standard,tenkeyless,mechanical,Cherry MX Blue,single_colour,wired,general;portable,portable,100.0,122.0,unverified_reference_source
0cea59ca2ded74b6df77,docyx_pc_part_dataset_2025_07_23,keyboard,Ducky DK9087 Shine 3 TKL White LED Backlit (Brown Cherry MX),Ducky,DK9087 Shine 3 TKL White LED Backlit (Brown Cherry MX),keyboard:ducky:dk9087-shine-3-tkl-white-led-backlit-brown-cherry-mx,curated_alias,reference_only_needs_verification,needs_review,False,1,Black,False,Standard,tenkeyless,mechanical,Cherry MX Brown,single_colour,wired,general;portable,portable,100.0,122.0,unverified_reference_source
aed0a704f2e08a6b36bd,docyx_pc_part_dataset_2025_07_23,keyboard,Ducky DK9087 Shine 3 TKL White LED Backlit (Red Cherry MX),Ducky,DK9087 Shine 3 TKL White LED Backlit (Red Cherry MX),keyboard:ducky:dk9087-shine-3-tkl-white-led-backlit-red-cherry-mx,curated_alias,reference_only_needs_verification,needs_review,False,1,Black,False,Standard,tenkeyless,mechanical,Cherry MX Red,single_colour,wired,general;portable,portable,100.0,122.0,unverified_reference_source
229d236af89c2836e752,docyx_pc_part_dataset_2025_07_23,keyboard,Ducky DK9087 Shine II,Ducky,DK9087 Shine II,keyboard:ducky:dk9087-shine-ii,curated_alias,reference_only_needs_verification,needs_review,False,1,Black,False,Standard,tenkeyless,mechanical,Cherry MX Brown,single_colour,wired,general;portable,portable,100.0,122.0,unverified_reference_source
c37e279fb5272516bf53,docyx_pc_part_dataset_2025_07_23,keyboard,Ducky DK9087-AEDRG,Ducky,DK9087-AEDRG,keyboard:ducky:dk9087-aedrg,curated_alias,reference_only_needs_verification,needs_review,False,1,Black,False,Slim,tenkeyless,mechanical,Cherry MX Black,single_colour,wired,general;portable,portable,100.0,122.0,unverified_reference_source
866b68c062e023cde6f4,docyx_pc_part_dataset_2025_07_23,keyboard,Ducky DK9087G2 PRO,Ducky,DK9087G2 PRO,keyboard:ducky:dk9087g2-pro,curated_alias,reference_only_needs_verification,needs_review,False,1,Black,False,Slim,tenkeyless,mechanical,Cherry MX Red,,wired,general;portable,portable,100.0,122.0,unverified_reference_source
3397e6c9fa4e61a7f26f,docyx_pc_part_dataset_2025_07_23,keyboard,Ducky DK9087G2PRO-AULPUW,Ducky,DK9087G2PRO-AULPUW,keyboard:ducky:dk9087g2pro-aulpuw,curated_alias,reference_only_needs_verification,needs_review,False,1,Black;White,False,Slim,tenkeyless,mechanical,Cherry MX Black,,wired,general;portable,portable,100.0,122.0,unverified_reference_source
10282c1b3017fabbc7e1,docyx_pc_part_dataset_2025_07_23,keyboard,Ducky DK9087G2PRO-AUSPTW,Ducky,DK9087G2PRO-AUSPTW,keyboard:ducky:dk9087g2pro-ausptw,curated_alias,reference_only_needs_verification,needs_review,False,1,Black;White,False,Slim,tenkeyless,mechanical,Cherry MX Black,,wired,general;portable,portable,100.0,122.0,unverified_reference_source
1056522d62590cd3f9ef,docyx_pc_part_dataset_2025_07_23,keyboard,Ducky DK9087G2PRO-BULPUW,Ducky,DK9087G2PRO-BULPUW,keyboard:ducky:dk9087g2pro-bulpuw,curated_alias,reference_only_needs_verification,needs_review,False,1,Black;White,False,Slim,tenkeyless,mechanical,Cherry MX Brown,,wired,general;portable,portable,100.0,122.0,unverified_reference_source
a09d4c4979d32cc11c47,docyx_pc_part_dataset_2025_07_23,keyboard,Ducky DK9087G2PRO-BUSPTW,Ducky,DK9087G2PRO-BUSPTW,keyboard:ducky:dk9087g2pro-busptw,curated_alias,reference_only_needs_verification,needs_review,False,1,Black;White,False,Slim,tenkeyless,mechanical,Cherry MX Brown,,wired,general;portable,portable,100.0,122.0,unverified_reference_source
45cc524f61c6023148d6,docyx_pc_part_dataset_2025_07_23,keyboard,Ducky DK9087G2PRO-CULPUW,Ducky,DK9087G2PRO-CULPUW,keyboard:ducky:dk9087g2pro-culpuw,curated_alias,reference_only_needs_verification,needs_review,False,1,Black;White,False,Slim,tenkeyless,mechanical,Cherry MX Blue,,wired,general;portable,portable,100.0,122.0,unverified_reference_source
32fc3d2cdf898de512f2,docyx_pc_part_dataset_2025_07_23,keyboard,Ducky DK9087G2PRO-CUSLLA,Ducky,DK9087G2PRO-CUSLLA,keyboard:ducky:dk9087g2pro-cuslla,curated_alias,reference_only_needs_verification,needs_review,False,1,Black,False,Slim,tenkeyless,mechanical,Cherry MX Blue,,wired,general;portable,portable,100.0,122.0,unverified_reference_source
9d026d14dcdfdb833c9c,docyx_pc_part_dataset_2025_07_23,keyboard,Ducky DK9087G2PRO-CUSPTW,Ducky,DK9087G2PRO-CUSPTW,keyboard:ducky:dk9087g2pro-cusptw,curated_alias,reference_only_needs_verification,needs_review,False,1,Black;White,False,Slim,tenkeyless,mechanical,Cherry MX Blue,,wired,general;portable,portable,100.0,122.0,unverified_reference_source
2125c818c6dfd6c342c3,docyx_pc_part_dataset_2025_07_23,keyboard,Ducky DK9087G2PRO-RULPUW,Ducky,DK9087G2PRO-RULPUW,keyboard:ducky:dk9087g2pro-rulpuw,curated_alias,reference_only_needs_verification,needs_review,False,1,Black;White,False,Slim,tenkeyless,mechanical,Cherry MX Red,,wired,general;portable,portable,100.0,122.0,unverified_reference_source
84384bab8e8dc4194120,docyx_pc_part_dataset_2025_07_23,keyboard,Ducky DK9087G2PRO-RUSPTW,Ducky,DK9087G2PRO-RUSPTW,keyboard:ducky:dk9087g2pro-rusptw,curated_alias,reference_only_needs_verification,needs_review,False,1,Black;White,False,Slim,tenkeyless,mechanical,Cherry MX Red,,wired,general;portable,portable,100.0,122.0,unverified_reference_source
3342828a1d19bdb4599e,docyx_pc_part_dataset_2025_07_23,keyboard,Ducky DK9087S2 Shine II,Ducky,DK9087S2 Shine II,keyboard:ducky:dk9087s2-shine-ii,curated_alias,reference_only_needs_verification,needs_review,False,3,Black,False,Standard,tenkeyless,mechanical,Cherry MX Black,single_colour,wired,general;portable,portable,100.0,122.0,unverified_reference_source;identity_duplicates_collapsed
6ca4c74476a091372159,docyx_pc_part_dataset_2025_07_23,keyboard,Ducky DK9087S2-AUSALB,Ducky,DK9087S2-AUSALB,keyboard:ducky:dk9087s2-ausalb,curated_alias,reference_only_needs_verification,needs_review,False,1,Black,False,Slim,tenkeyless,mechanical,Cherry MX Black,single_colour,wired,general;portable,portable,100.0,122.0,unverified_reference_source
7874e3a2d9b7bdd8672f,docyx_pc_part_dataset_2025_07_23,keyboard,Ducky DK9087S2-AUSALR,Ducky,DK9087S2-AUSALR,keyboard:ducky:dk9087s2-ausalr,curated_alias,reference_only_needs_verification,needs_review,False,1,Black,False,Slim,tenkeyless,mechanical,Cherry MX Black,single_colour,wired,general;portable,portable,100.0,122.0,unverified_reference_source
57b11ab3a3adf5fef42e,docyx_pc_part_dataset_2025_07_23,keyboard,Ducky DK9087S2-AUSALW,Ducky,DK9087S2-AUSALW,keyboard:ducky:dk9087s2-ausalw,curated_alias,reference_only_needs_verification,needs_review,False,1,Black,False,Slim,tenkeyless,mechanical,Cherry MX Black,single_colour,wired,general;portable,portable,100.0,122.0,unverified_reference_source
b4686d9a76eea11670c0,docyx_pc_part_dataset_2025_07_23,keyboard,Ducky DK9087S2-BUSALG,Ducky,DK9087S2-BUSALG,keyboard:ducky:dk9087s2-busalg,curated_alias,reference_only_needs_verification,needs_review,False,1,Black,False,Slim,tenkeyless,mechanical,Cherry MX Brown,single_colour,wired,general;portable,portable,100.0,122.0,unverified_reference_source
9d381f0a736fedd35295,docyx_pc_part_dataset_2025_07_23,keyboard,Ducky DK9087S2-BUSALR,Ducky,DK9087S2-BUSALR,keyboard:ducky:dk9087s2-busalr,curated_alias,reference_only_needs_verification,needs_review,False,1,Black,False,Slim,tenkeyless,mechanical,Cherry MX Brown,single_colour,wired,general;portable,portable,100.0,122.0,unverified_reference_source
b48cbbe60ee51fd4428e,docyx_pc_part_dataset_2025_07_23,keyboard,Ducky DK9087S2-BUSALW,Ducky,DK9087S2-BUSALW,keyboard:ducky:dk9087s2-busalw,curated_alias,reference_only_needs_verification,needs_review,False,1,Black,False,Slim,tenkeyless,mechanical,Cherry MX Brown,single_colour,wired,general;portable,portable,100.0,122.0,unverified_reference_source
cc752199f18bf0ae8835,docyx_pc_part_dataset_2025_07_23,keyboard,Ducky DK9087S2-CUSALB,Ducky,DK9087S2-CUSALB,keyboard:ducky:dk9087s2-cusalb,curated_alias,reference_only_needs_verification,needs_review,False,1,Black,False,Slim,tenkeyless,mechanical,Cherry MX Blue,single_colour,wired,general;portable,portable,100.0,122.0,unverified_reference_source
ddc69dac5cba55220501,docyx_pc_part_dataset_2025_07_23,keyboard,Ducky DK9087S2-CUSALG,Ducky,DK9087S2-CUSALG,keyboard:ducky:dk9087s2-cusalg,curated_alias,reference_only_needs_verification,needs_review,False,1,Black,False,Slim,tenkeyless,mechanical,Cherry MX Blue,single_colour,wired,general;portable,portable,100.0,122.0,unverified_reference_source
c6b9f0161a14c76c0dda,docyx_pc_part_dataset_2025_07_23,keyboard,Ducky DK9087S2-CUSALP,Ducky,DK9087S2-CUSALP,keyboard:ducky:dk9087s2-cusalp,curated_alias,reference_only_needs_verification,needs_review,False,1,Black,False,Slim,tenkeyless,mechanical,Cherry MX Blue,single_colour,wired,general;portable,portable,100.0,122.0,unverified_reference_source
24cf35a86e9445dcfa7a,docyx_pc_part_dataset_2025_07_23,keyboard,Ducky DK9087S2-CUSALR,Ducky,DK9087S2-CUSALR,keyboard:ducky:dk9087s2-cusalr,curated_alias,reference_only_needs_verification,needs_review,False,1,Black,False,Slim,tenkeyless,mechanical,Cherry MX Blue,single_colour,wired,general;portable,portable,100.0,122.0,unverified_reference_source
c3e2af1fe5ca4d6b8bef,docyx_pc_part_dataset_2025_07_23,keyboard,Ducky DK9087S2-CUSALW,Ducky,DK9087S2-CUSALW,keyboard:ducky:dk9087s2-cusalw,curated_alias,reference_only_needs_verification,needs_review,False,1,Black,False,Slim,tenkeyless,mechanical,Cherry MX Blue,single_colour,wired,general;portable,portable,100.0,122.0,unverified_reference_source
24cf83ddfbb4a2893f8a,docyx_pc_part_dataset_2025_07_23,keyboard,Ducky DK9087S2-RUSALB,Ducky,DK9087S2-RUSALB,keyboard:ducky:dk9087s2-rusalb,curated_alias,reference_only_needs_verification,needs_review,False,1,Black,False,Slim,tenkeyless,mechanical,Cherry MX Red,single_colour,wired,general;portable,portable,100.0,122.0,unverified_reference_source
0712009301bd650777fb,docyx_pc_part_dataset_2025_07_23,keyboard,Ducky DK9087S2-RUSALP,Ducky,DK9087S2-RUSALP,keyboard:ducky:dk9087s2-rusalp,curated_alias,reference_only_needs_verification,needs_review,False,1,Black,False,Slim,tenkeyless,mechanical,Cherry MX Red,single_colour,wired,general;portable,portable,100.0,122.0,unverified_reference_source
acf8cd8b0cde99d354fa,docyx_pc_part_dataset_2025_07_23,keyboard,Ducky DK9087S2-RUSALR,Ducky,DK9087S2-RUSALR,keyboard:ducky:dk9087s2-rusalr,curated_alias,reference_only_needs_verification,needs_review,False,1,Black,False,Slim,tenkeyless,mechanical,Cherry MX Red,single_colour,wired,general;portable,portable,100.0,122.0,unverified_reference_source
a36b45b96b0e2157904a,docyx_pc_part_dataset_2025_07_23,keyboard,Ducky DK9087S2-RUSALW,Ducky,DK9087S2-RUSALW,keyboard:ducky:dk9087s2-rusalw,curated_alias,reference_only_needs_verification,needs_review,False,1,Black,False,Slim,tenkeyless,mechanical,Cherry MX Red,single_colour,wired,general;portable,portable,100.0,122.0,unverified_reference_source
e680c386680560854d89,docyx_pc_part_dataset_2025_07_23,keyboard,Ducky Mecha Mini,Ducky,Mecha Mini,keyboard:ducky:mecha-mini,curated_alias,reference_only_needs_verification,needs_review,False,5,Black,False,Mini,tenkeyless,mechanical,Cherry MX Blue,rgb,wired,general;portable,portable,100.0,122.0,unverified_reference_source;identity_duplicates_collapsed
f8e02e11346c0a201ee3,docyx_pc_part_dataset_2025_07_23,keyboard,Ducky Mecha Mini v2,Ducky,Mecha Mini v2,keyboard:ducky:mecha-mini-v2,curated_alias,reference_only_needs_verification,needs_review,False,6,Black,False,Mini,tenkeyless,mechanical,Cherry MX Brown,rgb,wired,general;portable,portable,100.0,122.0,unverified_reference_source;identity_duplicates_collapsed
2e2e9507de16c56dde6e,docyx_pc_part_dataset_2025_07_23,keyboard,Ducky Mini,Ducky,Mini,keyboard:ducky:mini,curated_alias,reference_only_needs_verification,needs_review,False,5,Black;Gray;Silver,False,Mini,tenkeyless,mechanical,Cherry MX Black,single_colour,wired,general;portable,portable,100.0,122.0,unverified_reference_source;identity_duplicates_collapsed
320dda0e631e88145cdc,docyx_pc_part_dataset_2025_07_23,keyboard,Ducky ONE,Ducky,ONE,keyboard:ducky:one,curated_alias,reference_only_needs_verification,needs_review,False,2,Black,False,Standard,full_size,mechanical,Cherry MX Brown,single_colour,wired,general,productivity,100.0,122.0,unverified_reference_source;identity_duplicates_collapsed
8bd113312dac2234ed03,docyx_pc_part_dataset_2025_07_23,keyboard,Ducky ONE 2 Skyline PBT Gaming Tastatur,Ducky,ONE 2 Skyline PBT Gaming Tastatur,keyboard:ducky:one-2-skyline-pbt-gaming-tastatur,curated_alias,reference_only_needs_verification,needs_review,False,1,Black;Blue,False,Gaming,tenkeyless,mechanical,Cherry MX Brown,,wired,general;gaming;portable,gaming,100.0,122.0,unverified_reference_source
8f73b13f53c698d2e1ab,docyx_pc_part_dataset_2025_07_23,keyboard,Ducky ONE2 SKYLINE,Ducky,ONE2 SKYLINE,keyboard:ducky:one2-skyline,curated_alias,reference_only_needs_verification,needs_review,False,2,Black,False,Gaming,tenkeyless,mechanical,Cherry MX Brown,,wired,general;gaming;portable,gaming,100.0,122.0,unverified_reference_source;identity_duplicates_collapsed
299f7830f9cef043c717,docyx_pc_part_dataset_2025_07_23,keyboard,Ducky Ducky One 2,Ducky,One 2,keyboard:ducky:one-2,curated_alias,reference_only_needs_verification,needs_review,False,10,Black;White,False,Gaming,tenkeyless,mechanical,Cherry MX Black,single_colour,wired,general;gaming;portable,gaming,100.0,122.0,unverified_reference_source;identity_duplicates_collapsed
c63ceb984c2fbd3c3d6a,docyx_pc_part_dataset_2025_07_23,keyboard,Ducky One 2 Mini,Ducky,One 2 Mini,keyboard:ducky:one-2-mini,curated_alias,reference_only_needs_verification,needs_review,False,6,Black;White,False,Standard,tenkeyless,mechanical,Cherry MX Brown,rgb,wired,general;portable,portable,100.0,122.0,unverified_reference_source;identity_duplicates_collapsed
7696bc346ea6ae585015,docyx_pc_part_dataset_2025_07_23,keyboard,Ducky One 2 RGB,Ducky,One 2 RGB,keyboard:ducky:one-2-rgb,curated_alias,reference_only_needs_verification,needs_review,False,7,Black,False,Standard,full_size,mechanical,Cherry MX Red,rgb,wired,general,productivity,100.0,122.0,unverified_reference_source;identity_duplicates_collapsed
8ace4c2c4447399d3f4e,docyx_pc_part_dataset_2025_07_23,keyboard,Ducky One 2 RGB TKL,Ducky,One 2 RGB TKL,keyboard:ducky:one-2-rgb-tkl,curated_alias,reference_only_needs_verification,needs_review,False,7,Black,False,Standard,tenkeyless,mechanical,Cherry MX Brown,rgb,wired,general;portable,portable,100.0,122.0,unverified_reference_source;identity_duplicates_collapsed
f8ef6a63d2b2b85bee6a,docyx_pc_part_dataset_2025_07_23,keyboard,Ducky Ducky One 2 SF RGB,Ducky,One 2 SF RGB,keyboard:ducky:one-2-sf-rgb,curated_alias,reference_only_needs_verification,needs_review,False,6,Black,False,Gaming,tenkeyless,mechanical,Cherry MX Black,rgb,wired,general;gaming;portable,gaming,100.0,122.0,unverified_reference_source;identity_duplicates_collapsed
3df5a8a4248190bb7827,docyx_pc_part_dataset_2025_07_23,keyboard,Ducky One Rainbow White,Ducky,One Rainbow White,keyboard:ducky:one-rainbow-white,curated_alias,reference_only_needs_verification,needs_review,False,6,White,False,Standard,full_size,mechanical,Cherry MX Black,,wired,general,productivity,100.0,122.0,unverified_reference_source;identity_duplicates_collapsed
17f9784f43bf9615613d,docyx_pc_part_dataset_2025_07_23,keyboard,Ducky PowerColor x Ducky One 2 SF RGB,Ducky,PowerColor x Ducky One 2 SF RGB,keyboard:ducky:powercolor-x-ducky-one-2-sf-rgb,curated_alias,reference_only_needs_verification,needs_review,False,8,Black,False,Gaming,tenkeyless,mechanical,Kailh Box Brown,rgb,wired,general;gaming;portable,gaming,100.0,122.0,unverified_reference_source;identity_duplicates_collapsed
15ed1539ec47eb448e75,docyx_pc_part_dataset_2025_07_23,keyboard,Ducky Rainbow One White,Ducky,Rainbow One White,keyboard:ducky:rainbow-one-white,curated_alias,reference_only_needs_verification,needs_review,False,8,White,False,Standard,tenkeyless,mechanical,Cherry MX Black,,wired,general;portable,portable,100.0,122.0,unverified_reference_source;identity_duplicates_collapsed
4cf964dd80be0bf04523,docyx_pc_part_dataset_2025_07_23,keyboard,Ducky Shine 6,Ducky,Shine 6,keyboard:ducky:shine-6,curated_alias,reference_only_needs_verification,needs_review,False,2,Black;Gold;White,False,Standard,full_size,mechanical,Cherry MX Blue,,wired,general,productivity,100.0,122.0,unverified_reference_source;identity_duplicates_collapsed
9d94b7eb3849aa9444d2,docyx_pc_part_dataset_2025_07_23,keyboard,Ducky Shine 7 RGB,Ducky,Shine 7 RGB,keyboard:ducky:shine-7-rgb,curated_alias,reference_only_needs_verification,needs_review,False,1,Gray,False,Standard,full_size,mechanical,Cherry MX Brown,rgb,wired,general,productivity,100.0,122.0,unverified_reference_source
ba99d75f8b7d515fa3d4,docyx_pc_part_dataset_2025_07_23,keyboard,Ducky Shine II,Ducky,Shine II,keyboard:ducky:shine-ii,curated_alias,reference_only_needs_verification,needs_review,False,2,Black;White,False,Standard,full_size,mechanical,Cherry MX Brown,single_colour,wired,general,productivity,100.0,122.0,unverified_reference_source;identity_duplicates_collapsed
bd9ec643a061fb0ea11c,docyx_pc_part_dataset_2025_07_23,keyboard,Ducky Year of the Dragon,Ducky,Year of the Dragon,keyboard:ducky:year-of-the-dragon,curated_alias,reference_only_needs_verification,needs_review,False,3,Black,False,Standard,tenkeyless,mechanical,Cherry MX Blue,single_colour,wired,general;portable,portable,100.0,122.0,unverified_reference_source;identity_duplicates_collapsed
c395995c0864c5e1fd21,docyx_pc_part_dataset_2025_07_23,keyboard,Ducky Zero TKL,Ducky,Zero TKL,keyboard:ducky:zero-tkl,curated_alias,reference_only_needs_verification,needs_review,False,1,Black,False,Mini,tenkeyless,mechanical,Cherry MX Brown,,wired,general;portable,portable,100.0,122.0,unverified_reference_source
f9c615bd0e4ebd831004,docyx_pc_part_dataset_2025_07_23,keyboard,HP HyperX Alloy FPS,HyperX,Alloy FPS,keyboard:hyperx:alloy-fps,curated_alias,reference_only_needs_verification,needs_review,False,3,Black,False,Standard,full_size,mechanical,Cherry MX Red,single_colour,wired,general,productivity,100.0,122.0,unverified_reference_source;identity_duplicates_collapsed
533b7fe5241bef8ae6a6,docyx_pc_part_dataset_2025_07_23,keyboard,HP HyperX Alloy FPS Pro,HyperX,Alloy FPS Pro,keyboard:hyperx:alloy-fps-pro,curated_alias,reference_only_needs_verification,needs_review,False,2,Black,False,Gaming,tenkeyless,mechanical,Cherry MX Red,single_colour,wired,general;gaming;portable,gaming,100.0,122.0,unverified_reference_source;identity_duplicates_collapsed
54ad39c7ddb476ad0b04,docyx_pc_part_dataset_2025_07_23,keyboard,Keychron C1 Pro V1,Keychron,C1 Pro V1,keyboard:keychron:c1-pro-v1,curated_alias,reference_only_needs_verification,needs_review,False,4,Black;Gray,False,Standard,tenkeyless,mechanical,Keychron K Pro Brown,rgb,wired,general;portable,portable,100.0,122.0,unverified_reference_source;identity_duplicates_collapsed
3f4d2ea70e8cbb8ce34f,docyx_pc_part_dataset_2025_07_23,keyboard,Keychron C1 Pro V1 Hotswap,Keychron,C1 Pro V1 Hotswap,keyboard:keychron:c1-pro-v1-hotswap,curated_alias,reference_only_needs_verification,needs_review,False,2,Black;Gray,False,Standard,tenkeyless,mechanical,Keychron K Pro Brown,rgb,wired,general;portable,portable,100.0,122.0,unverified_reference_source;identity_duplicates_collapsed
3dfbc2f2a6393bdfe7c6,docyx_pc_part_dataset_2025_07_23,keyboard,Keychron C1 Pro V2,Keychron,C1 Pro V2,keyboard:keychron:c1-pro-v2,curated_alias,reference_only_needs_verification,needs_review,False,4,Black;Gray,False,Standard,tenkeyless,mechanical,Keychron K Pro Brown,rgb,wired,general;portable,portable,100.0,122.0,unverified_reference_source;identity_duplicates_collapsed
7e55ba17c4f59bcedab4,docyx_pc_part_dataset_2025_07_23,keyboard,Keychron C1 Pro V2 Hotswap,Keychron,C1 Pro V2 Hotswap,keyboard:keychron:c1-pro-v2-hotswap,curated_alias,reference_only_needs_verification,needs_review,False,2,Black;Gray,False,Standard,tenkeyless,mechanical,Keychron K Pro Brown,rgb,wired,general;portable,portable,100.0,122.0,unverified_reference_source;identity_duplicates_collapsed
58dc6e77d2f4823acf51,docyx_pc_part_dataset_2025_07_23,keyboard,Keychron C2 Pro V1,Keychron,C2 Pro V1,keyboard:keychron:c2-pro-v1,curated_alias,reference_only_needs_verification,needs_review,False,3,Black;Gray,False,Standard,full_size,mechanical,Keychron K Pro Red,rgb,wired,general,productivity,100.0,122.0,unverified_reference_source;identity_duplicates_collapsed
371ff9182fdd703ac2ea,docyx_pc_part_dataset_2025_07_23,keyboard,Keychron C2 Pro V1 Hotswap,Keychron,C2 Pro V1 Hotswap,keyboard:keychron:c2-pro-v1-hotswap,curated_alias,reference_only_needs_verification,needs_review,False,2,Black;Gray,False,Standard,full_size,mechanical,Keychron K Pro Red,rgb,wired,general,productivity,100.0,122.0,unverified_reference_source;identity_duplicates_collapsed
e8fcb56746592f84e2de,docyx_pc_part_dataset_2025_07_23,keyboard,Keychron C2 Pro V2,Keychron,C2 Pro V2,keyboard:keychron:c2-pro-v2,curated_alias,reference_only_needs_verification,needs_review,False,4,Black;Gray,False,Standard,full_size,mechanical,Keychron K Pro Brown,rgb,wired,general,productivity,100.0,122.0,unverified_reference_source;identity_duplicates_collapsed
9a67ceae042660f6fb82,docyx_pc_part_dataset_2025_07_23,keyboard,Keychron C2 Pro V2 Hotswap,Keychron,C2 Pro V2 Hotswap,keyboard:keychron:c2-pro-v2-hotswap,curated_alias,reference_only_needs_verification,needs_review,False,2,Black;Gray,False,Standard,full_size,mechanical,Keychron K Pro Brown,rgb,wired,general,productivity,100.0,122.0,unverified_reference_source;identity_duplicates_collapsed
825d8493ccb637f62187,docyx_pc_part_dataset_2025_07_23,keyboard,Keychron K1 Pro,Keychron,K1 Pro,keyboard:keychron:k1-pro,curated_alias,reference_only_needs_verification,needs_review,False,6,Black;Red,False,Standard,tenkeyless,mechanical,Gateron Low-Profile Red (Hot-Swappable),rgb,wired;wireless;bluetooth,general;portable,portable,100.0,122.0,unverified_reference_source;identity_duplicates_collapsed
c69e027d8af14b76d45d,docyx_pc_part_dataset_2025_07_23,keyboard,Keychron K1 SE,Keychron,K1 SE,keyboard:keychron:k1-se,curated_alias,reference_only_needs_verification,needs_review,False,5,Black;Gray,False,Standard,tenkeyless,optical,Keychron Optical Blue Low Profile,rgb,wired;wireless;bluetooth,general;portable,portable,100.0,122.0,unverified_reference_source;identity_duplicates_collapsed
52aad8cf275bf499327a,docyx_pc_part_dataset_2025_07_23,keyboard,Keychron K11 Pro,Keychron,K11 Pro,keyboard:keychron:k11-pro,curated_alias,reference_only_needs_verification,needs_review,False,9,Black;Red,False,Ergonomic,tenkeyless,mechanical,Gateron Low-Profile Red,single_colour,wired;wireless;bluetooth,general;portable,portable,100.0,122.0,unverified_reference_source;identity_duplicates_collapsed
0e81805343083afcd2d0,docyx_pc_part_dataset_2025_07_23,keyboard,Keychron K13 Pro,Keychron,K13 Pro,keyboard:keychron:k13-pro,curated_alias,reference_only_needs_verification,needs_review,False,6,Black;Red,False,Standard,tenkeyless,mechanical,Gateron Low-Profile Red,rgb,wired;wireless;bluetooth,general;portable,portable,100.0,122.0,unverified_reference_source;identity_duplicates_collapsed
6870e96109a342f8f255,docyx_pc_part_dataset_2025_07_23,keyboard,Keychron K15 Pro,Keychron,K15 Pro,keyboard:keychron:k15-pro,curated_alias,reference_only_needs_verification,needs_review,False,9,Black;Red,False,Ergonomic,tenkeyless,mechanical,Gateron Low-Profile Red,single_colour,wired;wireless;bluetooth,general;portable,portable,100.0,122.0,unverified_reference_source;identity_duplicates_collapsed
683dc4c9d77348792bf1,docyx_pc_part_dataset_2025_07_23,keyboard,Keychron K17 Pro,Keychron,K17 Pro,keyboard:keychron:k17-pro,curated_alias,reference_only_needs_verification,needs_review,False,9,Black;Red,False,Standard,full_size,mechanical,Gateron Low-Profile Brown (Hot-Swappable),rgb,wired;wireless;bluetooth,general;portable,portable,100.0,122.0,unverified_reference_source;identity_duplicates_collapsed
c6b9e960cb8fe76fe4ec,docyx_pc_part_dataset_2025_07_23,keyboard,Keychron K2 HE Special Edition,Keychron,K2 HE Special Edition,keyboard:keychron:k2-he-special-edition,curated_alias,reference_only_needs_verification,needs_review,False,2,Black;Brown;White,False,Standard,tenkeyless,hall_effect,Gateron Magnetic Nebula,rgb,wired;wireless;bluetooth,general;portable,portable,100.0,122.0,unverified_reference_source;identity_duplicates_collapsed
eba987bede5844979f69,docyx_pc_part_dataset_2025_07_23,keyboard,Keychron K2 HE Special Edition ISO,Keychron,K2 HE Special Edition ISO,keyboard:keychron:k2-he-special-edition-iso,curated_alias,reference_only_needs_verification,needs_review,False,3,Black;Brown,False,Standard,tenkeyless,hall_effect,Gateron Magnetic Nebula,rgb,wired;wireless;bluetooth,general;portable,portable,100.0,122.0,unverified_reference_source;identity_duplicates_collapsed
41e94d68b06cd4b069f2,docyx_pc_part_dataset_2025_07_23,keyboard,Keychron K2 Hot-swappable,Keychron,K2 Hot-swappable,keyboard:keychron:k2-hot-swappable,curated_alias,reference_only_needs_verification,needs_review,False,6,Black;White,False,Gaming,tenkeyless,mechanical,Gateron Brown,single_colour,wireless,general;gaming;portable,gaming,100.0,122.0,unverified_reference_source;identity_duplicates_collapsed
9844199186d099d6cf27,docyx_pc_part_dataset_2025_07_23,keyboard,Keychron K3 Pro,Keychron,K3 Pro,keyboard:keychron:k3-pro,curated_alias,reference_only_needs_verification,needs_review,False,18,Black;Pink;Purple;White,False,Standard,tenkeyless,mechanical,Gateron Low-Profile Red (Hot-Swappable),rgb,wired;wireless;bluetooth,general;portable,portable,100.0,122.0,unverified_reference_source;identity_duplicates_collapsed
8bf3d6b5ba2546cdc304,docyx_pc_part_dataset_2025_07_23,keyboard,Keychron K6 Aluminum Frame,Keychron,K6 Aluminum Frame,keyboard:keychron:k6-aluminum-frame,curated_alias,reference_only_needs_verification,needs_review,False,9,Black;Gray,False,Standard,tenkeyless,mechanical,Gateron G Pro Red Hot-swappable,rgb,wired;wireless;bluetooth,general;portable,portable,100.0,122.0,unverified_reference_source;identity_duplicates_collapsed
22d8aa6bdd49d571f0c2,docyx_pc_part_dataset_2025_07_23,keyboard,Keychron K7 Pro,Keychron,K7 Pro,keyboard:keychron:k7-pro,curated_alias,reference_only_needs_verification,needs_review,False,6,Black;Red,False,Standard,tenkeyless,mechanical,Gateron Low-Profile Brown (Hot-Swappable),rgb,wired;wireless;bluetooth,general;portable,portable,100.0,122.0,unverified_reference_source;identity_duplicates_collapsed
e26d948f37914c190579,docyx_pc_part_dataset_2025_07_23,keyboard,Keychron K8 Aluminum Frame,Keychron,K8 Aluminum Frame,keyboard:keychron:k8-aluminum-frame,curated_alias,reference_only_needs_verification,needs_review,False,12,Black;Gray,False,Standard,tenkeyless,mechanical,Gateron G Pro Red Hot-swappable,,wired;wireless;bluetooth,general;portable,portable,100.0,122.0,unverified_reference_source;identity_duplicates_collapsed
40e721826f2106f16747,docyx_pc_part_dataset_2025_07_23,keyboard,Keychron K9 Pro,Keychron,K9 Pro,keyboard:keychron:k9-pro,curated_alias,reference_only_needs_verification,needs_review,False,6,Black;Red,False,Standard,tenkeyless,mechanical,Gateron Low-Profile Red,single_colour,wired;wireless;bluetooth,general;portable,portable,100.0,122.0,unverified_reference_source;identity_duplicates_collapsed
df2423bc625927d39aca,docyx_pc_part_dataset_2025_07_23,keyboard,Keychron Lemokey L3,Keychron,Lemokey L3,keyboard:keychron:lemokey-l3,curated_alias,reference_only_needs_verification,needs_review,False,9,Black;Blue;Gray;Red;Teal;Yellow,False,Standard,tenkeyless,mechanical,Gateron Jupiter Banana,,wireless,general;portable,portable,100.0,122.0,unverified_reference_source;identity_duplicates_collapsed
e8c4433c689291cbac31,docyx_pc_part_dataset_2025_07_23,keyboard,Keychron Lemokey P1 QMK/VIA Knob,Keychron,Lemokey P1 QMK/VIA Knob,keyboard:keychron:lemokey-p1-qmk-via-knob,curated_alias,reference_only_needs_verification,needs_review,False,9,Black;Blue;Red;Silver;Teal;Yellow,False,Mini,tenkeyless,mechanical,Keychron Super Red,,wired,general;portable,portable,100.0,122.0,unverified_reference_source;identity_duplicates_collapsed
813742366a0889a82dc7,docyx_pc_part_dataset_2025_07_23,keyboard,Keychron Lemokey P1 QMK/VIA Knob Pro,Keychron,Lemokey P1 QMK/VIA Knob Pro,keyboard:keychron:lemokey-p1-qmk-via-knob-pro,curated_alias,reference_only_needs_verification,needs_review,False,9,Black;Blue;Red;Silver;White;Yellow,False,Mini,tenkeyless,mechanical,Keychron Super Red,,wired;wireless;bluetooth,general;portable,portable,100.0,122.0,unverified_reference_source;identity_duplicates_collapsed
4d3f9ee2e05775f5e127,docyx_pc_part_dataset_2025_07_23,keyboard,Keychron Lemokey X0 QMK,Keychron,Lemokey X0 QMK,keyboard:keychron:lemokey-x0-qmk,curated_alias,reference_only_needs_verification,needs_review,False,2,Black,False,Gaming,tenkeyless,mechanical,Keychron Red,single_colour,wired,general;gaming;portable,gaming,100.0,122.0,unverified_reference_source;identity_duplicates_collapsed
786e7b3e4ed5bb4069b8,docyx_pc_part_dataset_2025_07_23,keyboard,Keychron Q1 HE QMK ABS,Keychron,Q1 HE QMK ABS,keyboard:keychron:q1-he-qmk-abs,curated_alias,reference_only_needs_verification,needs_review,False,3,Black;White,False,Standard,tenkeyless,hall_effect,Gateron Magnetic Nebula,rgb,wired;wireless;bluetooth,general;portable,portable,100.0,122.0,unverified_reference_source;identity_duplicates_collapsed
8780ca1fa5f0653b1af4,docyx_pc_part_dataset_2025_07_23,keyboard,Keychron Q1 HE QMK PBT,Keychron,Q1 HE QMK PBT,keyboard:keychron:q1-he-qmk-pbt,curated_alias,reference_only_needs_verification,needs_review,False,4,Black;White,False,Standard,tenkeyless,hall_effect,Gateron Magnetic Nebula,rgb,wired;wireless;bluetooth,general;portable,portable,100.0,122.0,unverified_reference_source;identity_duplicates_collapsed
6bd46f873601dc48aa8e,docyx_pc_part_dataset_2025_07_23,keyboard,Keychron Q1 Pro,Keychron,Q1 Pro,keyboard:keychron:q1-pro,curated_alias,reference_only_needs_verification,needs_review,False,9,Black;Gray;Silver;White,False,Standard,tenkeyless,mechanical,Keychron K Pro Red,rgb,wired;wireless;bluetooth,general;portable,portable,100.0,122.0,unverified_reference_source;identity_duplicates_collapsed
84a379804083ea5c00e9,docyx_pc_part_dataset_2025_07_23,keyboard,Keychron Q1 Pro Special Edition,Keychron,Q1 Pro Special Edition,keyboard:keychron:q1-pro-special-edition,curated_alias,reference_only_needs_verification,needs_review,False,5,Black;White,False,Standard,tenkeyless,mechanical,Keychron K Pro Banana,rgb,wired;wireless;bluetooth,general;portable,portable,100.0,122.0,unverified_reference_source;identity_duplicates_collapsed
cb4e93d777c6e43a9a7e,docyx_pc_part_dataset_2025_07_23,keyboard,Keychron Q1 QMK V2,Keychron,Q1 QMK V2,keyboard:keychron:q1-qmk-v2,curated_alias,reference_only_needs_verification,needs_review,False,9,Black;Blue;Gray,False,Mini,tenkeyless,mechanical,Gateron G Pro Red,,wired,general;portable,portable,100.0,122.0,unverified_reference_source;identity_duplicates_collapsed
a8306e3b7e94225d15c0,docyx_pc_part_dataset_2025_07_23,keyboard,Keychron Q1 QMK V2 Knob SE,Keychron,Q1 QMK V2 Knob SE,keyboard:keychron:q1-qmk-v2-knob-se,curated_alias,reference_only_needs_verification,needs_review,False,15,Black;Gold;Gray;Green;Purple;Red;White;Yellow,False,Mini,tenkeyless,mechanical,Gateron G Pro Brown,,wired,general;portable,portable,100.0,122.0,unverified_reference_source;identity_duplicates_collapsed
762a87da5a9ce466aceb,docyx_pc_part_dataset_2025_07_23,keyboard,Keychron Q14 Pro (Alice Layout),Keychron,Q14 Pro (Alice Layout),keyboard:keychron:q14-pro-alice-layout,curated_alias,reference_only_needs_verification,needs_review,False,9,Black;Blue;Gray;Silver;White,False,Ergonomic,ergonomic,mechanical,Keychron K Pro Red,rgb,wired;wireless;bluetooth,general;portable;productivity;ergonomic,ergonomic,100.0,122.0,unverified_reference_source;identity_duplicates_collapsed
30e16bb71f4d3e502090,docyx_pc_part_dataset_2025_07_23,keyboard,Keychron Q3 HE QMK,Keychron,Q3 HE QMK,keyboard:keychron:q3-he-qmk,curated_alias,reference_only_needs_verification,needs_review,False,2,Black;Green;White,False,Standard,tenkeyless,hall_effect,Gateron Magnetic Nebula,rgb,wired;wireless;bluetooth,general;portable,portable,100.0,122.0,unverified_reference_source;identity_duplicates_collapsed
d24595478f2c76cc04ec,docyx_pc_part_dataset_2025_07_23,keyboard,Keychron Q3 Max QMK/VIA Side-Printed,Keychron,Q3 Max QMK/VIA Side-Printed,keyboard:keychron:q3-max-qmk-via-side-printed,curated_alias,reference_only_needs_verification,needs_review,False,6,Black;Gray;Red;White,False,Standard,tenkeyless,mechanical,Gateron Jupiter Brown,rgb,wired;wireless;bluetooth,general;portable,portable,100.0,122.0,unverified_reference_source;identity_duplicates_collapsed
0ee822d1f2e7265eb655,docyx_pc_part_dataset_2025_07_23,keyboard,Keychron Q3 Pro,Keychron,Q3 Pro,keyboard:keychron:q3-pro,curated_alias,reference_only_needs_verification,needs_review,False,9,Black;Blue;Gray;Red;Silver;White,False,Standard,tenkeyless,mechanical,Keychron K Pro Red,rgb,wired;wireless;bluetooth,general;portable,portable,100.0,122.0,unverified_reference_source;identity_duplicates_collapsed
7f79098309c6bfbb8baf,docyx_pc_part_dataset_2025_07_23,keyboard,Keychron Q3 Pro Special Edition,Keychron,Q3 Pro Special Edition,keyboard:keychron:q3-pro-special-edition,curated_alias,reference_only_needs_verification,needs_review,False,6,Black;Gray;Green;Yellow,False,Standard,tenkeyless,mechanical,Keychron K Pro Red,rgb,wired;wireless;bluetooth,general;portable,portable,100.0,122.0,unverified_reference_source;identity_duplicates_collapsed
8d85d165818871498e9b,docyx_pc_part_dataset_2025_07_23,keyboard,Keychron Q6 Max QMK/VIA,Keychron,Q6 Max QMK/VIA,keyboard:keychron:q6-max-qmk-via,curated_alias,reference_only_needs_verification,needs_review,False,12,Black;White,False,Standard,full_size,mechanical,Gateron Jupiter Brown,rgb,wired;wireless;bluetooth,general;portable,portable,100.0,122.0,unverified_reference_source;identity_duplicates_collapsed
1920ee76faf025806e31,docyx_pc_part_dataset_2025_07_23,keyboard,Keychron V3 Max QMK/VIA,Keychron,V3 Max QMK/VIA,keyboard:keychron:v3-max-qmk-via,curated_alias,reference_only_needs_verification,needs_review,False,3,Black;Blue,False,Standard,tenkeyless,mechanical,Gateron Jupiter Red,rgb,wired;wireless;bluetooth,general;portable,portable,100.0,122.0,unverified_reference_source;identity_duplicates_collapsed
bdd459de85bc04441864,docyx_pc_part_dataset_2025_07_23,keyboard,Keychron V6 QMK,Keychron,V6 QMK,keyboard:keychron:v6-qmk,curated_alias,reference_only_needs_verification,needs_review,False,6,Black;Translucent Black,False,Standard,full_size,mechanical,Keychron K Pro Red,,wired,general,productivity,100.0,122.0,unverified_reference_source;identity_duplicates_collapsed
97b14be6533b40ddfe63,docyx_pc_part_dataset_2025_07_23,keyboard,Keychron V6 QMK Knob,Keychron,V6 QMK Knob,keyboard:keychron:v6-qmk-knob,curated_alias,reference_only_needs_verification,needs_review,False,6,Black;Translucent Black,False,Standard,full_size,mechanical,Keychron K Pro Brown,,wired,general,productivity,100.0,122.0,unverified_reference_source;identity_duplicates_collapsed
093e37edf79e4a1f5903,docyx_pc_part_dataset_2025_07_23,keyboard,Logitech G410 Atlas Spectrum,Logitech,G410 Atlas Spectrum,keyboard:logitech:g410-atlas-spectrum,curated_alias,reference_only_needs_verification,needs_review,False,1,Black,False,Gaming,tenkeyless,mechanical,Romer-G Tactile,rgb,wired,general;gaming;portable,gaming,100.0,122.0,unverified_reference_source
8669b59775ef9f0bb7a8,docyx_pc_part_dataset_2025_07_23,keyboard,Logitech POP Keys Heartbreaker,Logitech,POP Keys Heartbreaker,keyboard:logitech:pop-keys-heartbreaker,curated_alias,reference_only_needs_verification,needs_review,False,8,Pink;Red,False,Mini,tenkeyless,mechanical,TTC Brown,,wireless;bluetooth,general;portable,portable,100.0,122.0,unverified_reference_source;identity_duplicates_collapsed
0e6ea8a080d1e784b545,docyx_pc_part_dataset_2025_07_23,keyboard,Razer BlackWidow Lite,Razer,BlackWidow Lite,keyboard:razer:blackwidow-lite,curated_alias,reference_only_needs_verification,needs_review,False,1,Black,False,Gaming,tenkeyless,mechanical,Razer Orange,single_colour,wired,general;gaming;portable,gaming,100.0,122.0,unverified_reference_source
35c42c1b88fde21cc025,docyx_pc_part_dataset_2025_07_23,keyboard,Razer BlackWidow Tournament Edition,Razer,BlackWidow Tournament Edition,keyboard:razer:blackwidow-tournament-edition,curated_alias,reference_only_needs_verification,needs_review,False,2,Black,False,Gaming,tenkeyless,mechanical,Cherry MX Blue,,wired,general;gaming;portable,gaming,100.0,122.0,unverified_reference_source;identity_duplicates_collapsed
a0c782b8792148c57547,docyx_pc_part_dataset_2025_07_23,keyboard,Razer BlackWidow Tournament Edition Chroma,Razer,BlackWidow Tournament Edition Chroma,keyboard:razer:blackwidow-tournament-edition-chroma,curated_alias,reference_only_needs_verification,needs_review,False,1,Black,False,Gaming,tenkeyless,mechanical,Razer Green,rgb,wired,general;gaming;portable,gaming,100.0,122.0,unverified_reference_source
20fb580c9205ff41b26d,docyx_pc_part_dataset_2025_07_23,keyboard,Razer BlackWidow Tournament Edition Chroma V2,Razer,BlackWidow Tournament Edition Chroma V2,keyboard:razer:blackwidow-tournament-edition-chroma-v2,curated_alias,reference_only_needs_verification,needs_review,False,1,Black,False,Gaming,tenkeyless,mechanical,Razer Green,rgb,wired,general;gaming;portable,gaming,100.0,122.0,unverified_reference_source
5257d96c070cfbb79547,docyx_pc_part_dataset_2025_07_23,keyboard,Razer BlackWidow Ultimate 2016,Razer,BlackWidow Ultimate 2016,keyboard:razer:blackwidow-ultimate-2016,curated_alias,reference_only_needs_verification,needs_review,False,1,Black,False,Standard,full_size,mechanical,Razer Green,single_colour,wired,general,productivity,100.0,122.0,unverified_reference_source
685552cb1c75f2253d4b,docyx_pc_part_dataset_2025_07_23,keyboard,Razer BlackWidow X Tournament Edition Chroma,Razer,BlackWidow X Tournament Edition Chroma,keyboard:razer:blackwidow-x-tournament-edition-chroma,curated_alias,reference_only_needs_verification,needs_review,False,1,Black,False,Gaming,tenkeyless,mechanical,Razer Green,rgb,wired,general;gaming;portable,gaming,100.0,122.0,unverified_reference_source
9833c813dd1218c36781,docyx_pc_part_dataset_2025_07_23,keyboard,Razer Blackwidow Tournament Edition Stealth,Razer,Blackwidow Tournament Edition Stealth,keyboard:razer:blackwidow-tournament-edition-stealth,curated_alias,reference_only_needs_verification,needs_review,False,1,Black,False,Gaming,tenkeyless,mechanical,Razer Orange,single_colour,wired,general;gaming;portable,gaming,100.0,122.0,unverified_reference_source
1aaab1d01db79c507fc2,docyx_pc_part_dataset_2025_07_23,keyboard,Razer Huntsman Tournament Edition,Razer,Huntsman Tournament Edition,keyboard:razer:huntsman-tournament-edition,curated_alias,reference_only_needs_verification,needs_review,False,1,Black,False,Gaming,tenkeyless,optical,Razer Red Optical Linear,rgb,wired,general;gaming;portable,gaming,100.0,122.0,unverified_reference_source
dfb927c6e4736b343f32,docyx_pc_part_dataset_2025_07_23,keyboard,Razer Orbweaver Chroma Elite RGB Gaming Keypad,Razer,Orbweaver Chroma Elite RGB Gaming Keypad,keyboard:razer:orbweaver-chroma-elite-rgb-gaming-keypad,curated_alias,reference_only_needs_verification,needs_review,False,1,Black,False,Gaming,tenkeyless,mechanical,Razer Green,rgb,wired,general;gaming;portable,gaming,100.0,122.0,unverified_reference_source
7b4e13444835db724662,docyx_pc_part_dataset_2025_07_23,keyboard,Razer Orbweaver Elite Mechanical Gaming Keypad,Razer,Orbweaver Elite Mechanical Gaming Keypad,keyboard:razer:orbweaver-elite-mechanical-gaming-keypad,curated_alias,reference_only_needs_verification,needs_review,False,2,Black,False,Gaming,tenkeyless,mechanical,Cherry MX Blue,single_colour,wired,general;gaming;portable,gaming,100.0,122.0,unverified_reference_source;identity_duplicates_collapsed
3445326c6ffcf85b4381,docyx_pc_part_dataset_2025_07_23,keyboard,Razer Pro Type Ultra - DE,Razer,Pro Type Ultra - DE,keyboard:razer:pro-type-ultra-de,curated_alias,reference_only_needs_verification,needs_review,False,1,Gray;White,False,Standard,full_size,mechanical,Razer Yellow,single_colour,wired;wireless;bluetooth,general;portable,portable,100.0,122.0,unverified_reference_source
de4a2e84e3a32860eba7,docyx_pc_part_dataset_2025_07_23,keyboard,Razer Pro Type Ultra - ES,Razer,Pro Type Ultra - ES,keyboard:razer:pro-type-ultra-es,curated_alias,reference_only_needs_verification,needs_review,False,1,Gray;White,False,Standard,full_size,mechanical,Razer Yellow,single_colour,wired;wireless;bluetooth,general;portable,portable,100.0,122.0,unverified_reference_source
04bc3d26818ee66573fc,docyx_pc_part_dataset_2025_07_23,keyboard,Razer Pro Type Ultra - FR,Razer,Pro Type Ultra - FR,keyboard:razer:pro-type-ultra-fr,curated_alias,reference_only_needs_verification,needs_review,False,1,Gray;White,False,Standard,full_size,mechanical,Razer Yellow,single_colour,wired;wireless;bluetooth,general;portable,portable,100.0,122.0,unverified_reference_source
cc43be440c0c0a147608,docyx_pc_part_dataset_2025_07_23,keyboard,Razer Pro Type Ultra - NO,Razer,Pro Type Ultra - NO,keyboard:razer:pro-type-ultra-no,curated_alias,reference_only_needs_verification,needs_review,False,1,Gray;White,False,Standard,full_size,mechanical,Razer Yellow,single_colour,wired;wireless;bluetooth,general;portable,portable,100.0,122.0,unverified_reference_source
f33d6879ff700413a384,docyx_pc_part_dataset_2025_07_23,keyboard,Razer Pro Type Ultra - UK,Razer,Pro Type Ultra - UK,keyboard:razer:pro-type-ultra-uk,curated_alias,reference_only_needs_verification,needs_review,False,1,Gray;White,False,Standard,full_size,mechanical,Razer Yellow,single_colour,wired;wireless;bluetooth,general;portable,portable,100.0,122.0,unverified_reference_source
ebaa10a5750159aa1645,docyx_pc_part_dataset_2025_07_23,keyboard,Razer Pro Type Ultra - US,Razer,Pro Type Ultra - US,keyboard:razer:pro-type-ultra-us,curated_alias,reference_only_needs_verification,needs_review,False,1,Gray;White,False,Standard,full_size,mechanical,Razer Yellow,single_colour,wired;wireless;bluetooth,general;portable,portable,100.0,122.0,unverified_reference_source
ab31bfc45ced9fa7c63b,docyx_pc_part_dataset_2025_07_23,keyboard,Razer TURRET FOR XBOX ONE,Razer,TURRET FOR XBOX ONE,keyboard:razer:turret-for-xbox-one,curated_alias,reference_only_needs_verification,needs_review,False,1,Black,False,Gaming,tenkeyless,mechanical,Razer Green,rgb,wireless,general;gaming;portable,gaming,100.0,122.0,unverified_reference_source
cae10d2f8c4dad4e45b5,docyx_pc_part_dataset_2025_07_23,keyboard,Redragon K551-RGB VARA,Redragon,K551-RGB VARA,keyboard:redragon:k551-rgb-vara,curated_alias,reference_only_needs_verification,needs_review,False,1,Black,False,Standard,full_size,mechanical,Outemu Blue,rgb,wired,general,productivity,100.0,122.0,unverified_reference_source
bebf8b94c87bb5db6d1f,docyx_pc_part_dataset_2025_07_23,keyboard,Redragon K552-R KUMARA,Redragon,K552-R KUMARA,keyboard:redragon:k552-r-kumara,curated_alias,reference_only_needs_verification,needs_review,False,1,Black,False,Gaming,tenkeyless,mechanical,Outemu Blue,rgb,wired,general;gaming;portable,gaming,100.0,122.0,unverified_reference_source
5fe439e4d0479df08a6d,docyx_pc_part_dataset_2025_07_23,keyboard,Redragon K552-RGB,Redragon,K552-RGB,keyboard:redragon:k552-rgb,curated_alias,reference_only_needs_verification,needs_review,False,1,Black,False,Gaming,tenkeyless,mechanical,Outemu Blue,rgb,wired,general;gaming;portable,gaming,100.0,122.0,unverified_reference_source
1e6744dcf20c5bd900cb,docyx_pc_part_dataset_2025_07_23,keyboard,Redragon K561 VISNU,Redragon,K561 VISNU,keyboard:redragon:k561-visnu,curated_alias,reference_only_needs_verification,needs_review,False,1,Black,False,Gaming,tenkeyless,mechanical,Outemu Blue,rgb,wired,general;gaming;portable,gaming,100.0,122.0,unverified_reference_source
3d4836d5fa05e2c6e317,docyx_pc_part_dataset_2025_07_23,keyboard,Redragon K582-BA,Redragon,K582-BA,keyboard:redragon:k582-ba,curated_alias,reference_only_needs_verification,needs_review,False,1,Black,False,Standard,full_size,mechanical,Outemu Red,rgb,wired,general,productivity,100.0,122.0,unverified_reference_source
62db3e5ffa0613a01d7d,docyx_pc_part_dataset_2025_07_23,keyboard,Redragon K596 Vishnu,Redragon,K596 Vishnu,keyboard:redragon:k596-vishnu,curated_alias,reference_only_needs_verification,needs_review,False,1,Black,False,Gaming,tenkeyless,mechanical,Outemu Red,rgb,wireless,general;gaming;portable,gaming,100.0,122.0,unverified_reference_source
30bc60d154eb2852560e,docyx_pc_part_dataset_2025_07_23,keyboard,Redragon K598-KNS,Redragon,K598-KNS,keyboard:redragon:k598-kns,curated_alias,reference_only_needs_verification,needs_review,False,1,Black,False,Gaming,tenkeyless,mechanical,Outemu Brown,rgb,wired;wireless,general;gaming;portable,gaming,100.0,122.0,unverified_reference_source
11802194d7d34c218163,docyx_pc_part_dataset_2025_07_23,keyboard,Redragon K615 Elise,Redragon,K615 Elise,keyboard:redragon:k615-elise,curated_alias,reference_only_needs_verification,needs_review,False,1,Black,False,Mini,tenkeyless,mechanical,Outemu Blue Low Profile,rgb,wired,general;portable,portable,100.0,122.0,unverified_reference_source
f64303911211e4ac2fa3,docyx_pc_part_dataset_2025_07_23,keyboard,SteelSeries Apex M500,SteelSeries,Apex M500,keyboard:steelseries:apex-m500,curated_alias,reference_only_needs_verification,needs_review,False,1,Black,False,Standard,full_size,mechanical,Cherry MX Red,single_colour,wired,general,productivity,100.0,122.0,unverified_reference_source
69444400da5e2e236c63,docyx_pc_part_dataset_2025_07_23,keyboard,SteelSeries Apex M750 TKL PUBG Edition,SteelSeries,Apex M750 TKL PUBG Edition,keyboard:steelseries:apex-m750-tkl-pubg-edition,curated_alias,reference_only_needs_verification,needs_review,False,1,Gray,False,Gaming,tenkeyless,mechanical,SteelSeries QX2 Red,rgb,wired,general;gaming;portable,gaming,100.0,122.0,unverified_reference_source
5e69343c4160814748b5,docyx_pc_part_dataset_2025_07_23,keyboard,SteelSeries Apex M750 TKL RGB,SteelSeries,Apex M750 TKL RGB,keyboard:steelseries:apex-m750-tkl-rgb,curated_alias,reference_only_needs_verification,needs_review,False,1,Black,False,Gaming,tenkeyless,mechanical,SteelSeries QX2 Red,rgb,wired,general;gaming;portable,gaming,100.0,122.0,unverified_reference_source
e2e7e4be032b47e98375,docyx_pc_part_dataset_2025_07_23,keyboard,Cooler Master CK721,Cooler Master,CK721,keyboard:cooler-master:ck721,curated_alias,reference_only_needs_verification,needs_review,False,60,Black;Gray;Silver;White,True,Gaming,tenkeyless,mechanical,TTC Brown,rgb,wired;wireless;bluetooth,general;gaming;portable,gaming,100.0,119.0,unverified_reference_source;identity_duplicates_collapsed
a177847c7a6cfad999da,docyx_pc_part_dataset_2025_07_23,keyboard,Cooler Master SK620,Cooler Master,SK620,keyboard:cooler-master:sk620,curated_alias,reference_only_needs_verification,needs_review,False,6,Black;Gray;Silver;White,True,Gaming,tenkeyless,mechanical,TTC Blue,rgb,wired,general;gaming;portable,gaming,100.0,119.0,unverified_reference_source;identity_duplicates_collapsed
9d20a5516cdfab0b3cde,docyx_pc_part_dataset_2025_07_23,keyboard,Cooler Master SK622,Cooler Master,SK622,keyboard:cooler-master:sk622,curated_alias,reference_only_needs_verification,needs_review,False,6,Black;Silver;White,True,Gaming,tenkeyless,mechanical,TTC Red Low Profile,rgb,wired;wireless;bluetooth,general;gaming;portable,gaming,100.0,119.0,unverified_reference_source;identity_duplicates_collapsed
f19123f021d5435e1757,docyx_pc_part_dataset_2025_07_23,keyboard,Corsair K65 60%,Corsair,K65 60%,keyboard:corsair:k65-60,curated_alias,reference_only_needs_verification,needs_review,False,1,Black,True,Mini,tenkeyless,mechanical,Cherry MX Speed Silver,rgb,wired,general;portable,portable,100.0,119.0,unverified_reference_source
c9fd8a4891f7d79400bd,docyx_pc_part_dataset_2025_07_23,keyboard,Keychron C2,Keychron,C2,keyboard:keychron:c2,curated_alias,reference_only_needs_verification,needs_review,False,3,Black;White,True,Standard,full_size,mechanical,Gateron G Pro Brown Hot-swappable,single_colour,wired,general,productivity,100.0,119.0,unverified_reference_source;identity_duplicates_collapsed
20e632bf46e2accc010f,docyx_pc_part_dataset_2025_07_23,keyboard,Keychron K10,Keychron,K10,keyboard:keychron:k10,curated_alias,reference_only_needs_verification,needs_review,False,9,Black;Gray,True,Standard,full_size,mechanical,Gateron G Pro Red,single_colour,wired;wireless;bluetooth,general;portable,portable,100.0,119.0,unverified_reference_source;identity_duplicates_collapsed
536aca77230cb441ac9b,docyx_pc_part_dataset_2025_07_23,keyboard,Keychron K4 V2,Keychron,K4 V2,keyboard:keychron:k4-v2,curated_alias,reference_only_needs_verification,needs_review,False,3,Black;Gray,True,Standard,full_size,mechanical,Gateron G Pro Red,rgb,wired;wireless;bluetooth,general;portable,portable,100.0,119.0,unverified_reference_source;identity_duplicates_collapsed
9405d0215e4dfe2b8551,docyx_pc_part_dataset_2025_07_23,keyboard,Logitech G515,Logitech,G515,keyboard:logitech:g515,curated_alias,reference_only_needs_verification,needs_review,False,10,Black;White,True,Gaming,tenkeyless,mechanical,Logitech Low-Profile GL Tactile,rgb,wired,general;gaming;portable,gaming,100.0,119.0,unverified_reference_source;identity_duplicates_collapsed
fed79fc7a9990eac28fb,docyx_pc_part_dataset_2025_07_23,keyboard,Logitech G613,Logitech,G613,keyboard:logitech:g613,curated_alias,reference_only_needs_verification,needs_review,False,1,Black,True,Standard,full_size,mechanical,Romer-G Tactile,,wireless,general;portable,portable,100.0,119.0,unverified_reference_source
e0a560bd9b5fcc6d5ec2,docyx_pc_part_dataset_2025_07_23,keyboard,Logitech G713,Logitech,G713,keyboard:logitech:g713,curated_alias,reference_only_needs_verification,needs_review,False,3,White,True,Gaming,tenkeyless,mechanical,GX Brown,rgb,wired,general;gaming;portable,gaming,100.0,119.0,unverified_reference_source;identity_duplicates_collapsed
b316f9f627b891c27b30,docyx_pc_part_dataset_2025_07_23,keyboard,Logitech G715,Logitech,G715,keyboard:logitech:g715,curated_alias,reference_only_needs_verification,needs_review,False,13,White,True,Gaming,tenkeyless,mechanical,GX Brown,rgb,wired;wireless;bluetooth,general;gaming;portable,gaming,100.0,119.0,unverified_reference_source;identity_duplicates_collapsed
f3f3a1fa7064f5e9fe22,docyx_pc_part_dataset_2025_07_23,keyboard,Logitech K845,Logitech,K845,keyboard:logitech:k845,curated_alias,reference_only_needs_verification,needs_review,False,5,Black,True,Standard,full_size,mechanical,TTC Red,single_colour,wired,general,productivity,100.0,119.0,unverified_reference_source;identity_duplicates_collapsed
75c2214e7fdd0015f25c,docyx_pc_part_dataset_2025_07_23,keyboard,Redragon K552,Redragon,K552,keyboard:redragon:k552,curated_alias,reference_only_needs_verification,needs_review,False,1,Black,True,Gaming,tenkeyless,mechanical,Outemu Blue,single_colour,wired,general;gaming;portable,gaming,100.0,119.0,unverified_reference_source
8ef8195ad1d336d381d6,docyx_pc_part_dataset_2025_07_23,keyboard,RK Royal Kludge RK61,Royal Kludge,RK61,keyboard:royal-kludge:rk61,curated_alias,reference_only_needs_verification,needs_review,False,6,Black;White,True,Mini,tenkeyless,mechanical,RK Red,single_colour,wired;wireless;bluetooth,general;portable,portable,100.0,119.0,unverified_reference_source;identity_duplicates_collapsed
6e1af144c14993ee2d42,docyx_pc_part_dataset_2025_07_23,keyboard,Asus 90MS0000-P00010,ASUS,90MS0000-P00010,keyboard:asus:90ms0000-p00010,curated_alias,reference_only_needs_verification,needs_review,False,1,Black,False,Mini,tenkeyless,,,,wireless,general;portable,portable,100.0,118.0,unverified_reference_source
5396814b26f322cd7aa8,docyx_pc_part_dataset_2025_07_23,keyboard,Asus U3000 Keyboard,ASUS,U3000 Keyboard,keyboard:asus:u3000-keyboard,curated_alias,reference_only_needs_verification,needs_review,False,1,Black,False,Mini,compact,,,,wired,general;portable,portable,100.0,118.0,unverified_reference_source
ce1edc60995ddde3b35d,docyx_pc_part_dataset_2025_07_23,keyboard,Cooler Master MasterSet MS120 (US),Cooler Master,MasterSet MS120 (US),keyboard:cooler-master:masterset-ms120-us,curated_alias,reference_only_needs_verification,needs_review,False,1,Black,False,Gaming,tenkeyless,,,rgb,wired,general;gaming;portable,gaming,100.0,118.0,unverified_reference_source
0e07c3670095dac55870,docyx_pc_part_dataset_2025_07_23,keyboard,Cooler Master Storm Devastator Keyboard & Mouse,Cooler Master,Storm Devastator Keyboard & Mouse,keyboard:cooler-master:storm-devastator-keyboard-mouse,curated_alias,reference_only_needs_verification,needs_review,False,1,Black,False,Standard,full_size,,,single_colour,wired,general,productivity,100.0,118.0,unverified_reference_source
541cbf4e9e96aa9f5685,docyx_pc_part_dataset_2025_07_23,keyboard,Logitech CRAFT,Logitech,CRAFT,keyboard:logitech:craft,curated_alias,reference_only_needs_verification,needs_review,False,1,Black,False,Standard,full_size,,,,wireless,general;portable,portable,100.0,118.0,unverified_reference_source
6d6dc3f1ccb67fedf964,docyx_pc_part_dataset_2025_07_23,keyboard,Logitech Corded Keyboard K280e,Logitech,Corded Keyboard K280e,keyboard:logitech:corded-keyboard-k280e,curated_alias,reference_only_needs_verification,needs_review,False,1,Black,False,Standard,full_size,,,,wired,general,productivity,100.0,118.0,unverified_reference_source
963ac2f00fbcf6826ff4,docyx_pc_part_dataset_2025_07_23,keyboard,Logitech EX 100 Cordless Desktop,Logitech,EX 100 Cordless Desktop,keyboard:logitech:ex-100-cordless-desktop,curated_alias,reference_only_needs_verification,needs_review,False,1,Black,False,Standard,full_size,,,,wireless,general;portable,portable,100.0,118.0,unverified_reference_source
dd22dd1520b7eea5e5f4,docyx_pc_part_dataset_2025_07_23,keyboard,Logitech G100S Gaming Combo,Logitech,G100S Gaming Combo,keyboard:logitech:g100s-gaming-combo,curated_alias,reference_only_needs_verification,needs_review,False,1,Black,False,Standard,full_size,,,,wired,general,productivity,100.0,118.0,unverified_reference_source
65b2d0184e16f80db157,docyx_pc_part_dataset_2025_07_23,keyboard,Logitech Keyboard,Logitech,Keyboard,keyboard:logitech:keyboard,curated_alias,reference_only_needs_verification,needs_review,False,1,Black,False,Mini,tenkeyless,,,,wireless;bluetooth,general;portable,portable,100.0,118.0,unverified_reference_source
f8126046c1bf5cf7c3b1,docyx_pc_part_dataset_2025_07_23,keyboard,Logitech Keyboard K120 for Business,Logitech,Keyboard K120 for Business,keyboard:logitech:keyboard-k120-for-business,curated_alias,reference_only_needs_verification,needs_review,False,1,Black,False,Standard,full_size,,,,wired,general,productivity,100.0,118.0,unverified_reference_source
abf6076ec9ff66461be4,docyx_pc_part_dataset_2025_07_23,keyboard,Logitech Keyboard and Mouse,Logitech,Keyboard and Mouse,keyboard:logitech:keyboard-and-mouse,curated_alias,reference_only_needs_verification,needs_review,False,1,Black,False,Ergonomic,ergonomic,,,,wireless,general;portable;productivity;ergonomic,ergonomic,100.0,118.0,unverified_reference_source
1f3f3ea8beeb1fd73d97,docyx_pc_part_dataset_2025_07_23,keyboard,Logitech MK120-TAA,Logitech,MK120-TAA,keyboard:logitech:mk120-taa,curated_alias,reference_only_needs_verification,needs_review,False,1,Black,False,Standard,full_size,,,,wired,general,productivity,100.0,118.0,unverified_reference_source
5a2ca4ef4cdd438ba3d4,docyx_pc_part_dataset_2025_07_23,keyboard,Logitech MKTPLS+DELETE,Logitech,MKTPLS+DELETE,keyboard:logitech:mktpls-delete,curated_alias,reference_only_needs_verification,needs_review,False,1,Black,False,Mini,tenkeyless,,,,wireless,general;portable,portable,100.0,118.0,unverified_reference_source
ae62112dba3454ddd6aa,docyx_pc_part_dataset_2025_07_23,keyboard,Logitech Value 100,Logitech,Value 100,keyboard:logitech:value-100,curated_alias,reference_only_needs_verification,needs_review,False,1,Black,False,Standard,full_size,,,,wired,general,productivity,100.0,118.0,unverified_reference_source
5eb21ad578ec895e55c8,docyx_pc_part_dataset_2025_07_23,keyboard,Logitech Wireless Combo MK260,Logitech,Wireless Combo MK260,keyboard:logitech:wireless-combo-mk260,curated_alias,reference_only_needs_verification,needs_review,False,2,Black,False,Standard,full_size,,,,wireless,general;portable,portable,100.0,118.0,unverified_reference_source;identity_duplicates_collapsed
c8615ff43d66e9c9f59e,docyx_pc_part_dataset_2025_07_23,keyboard,"Logitech Wireless Solar Keyboard K760 for Mac, iPad and iPhone",Logitech,"Wireless Solar Keyboard K760 for Mac, iPad and iPhone",keyboard:logitech:wireless-solar-keyboard-k760-for-mac-ipad-and-iphone,curated_alias,reference_only_needs_verification,needs_review,False,1,White,False,Mini,tenkeyless,,,,wireless;bluetooth,general;portable,portable,100.0,118.0,unverified_reference_source
e4f1e8ad1f85d3eafd90,docyx_pc_part_dataset_2025_07_23,keyboard,Logitech Wireless Touch k400,Logitech,Wireless Touch k400,keyboard:logitech:wireless-touch-k400,curated_alias,reference_only_needs_verification,needs_review,False,1,White,False,Slim,tenkeyless,,,,wireless,general;portable,portable,100.0,118.0,unverified_reference_source
d55daeb1dad6c46abab6,docyx_pc_part_dataset_2025_07_23,keyboard,Logitech Y-SAE71,Logitech,Y-SAE71,keyboard:logitech:y-sae71,curated_alias,reference_only_needs_verification,needs_review,False,1,Black,False,Standard,full_size,,,,wired,general,productivity,100.0,118.0,unverified_reference_source
ef35da90db06a9c296b6,docyx_pc_part_dataset_2025_07_23,keyboard,Logitech diNovo Edge,Logitech,diNovo Edge,keyboard:logitech:dinovo-edge,curated_alias,reference_only_needs_verification,needs_review,False,1,Black;White,False,Mini,compact,,,,wireless;bluetooth,general;portable,portable,100.0,118.0,unverified_reference_source
9eb86b3fbb7d9b539524,docyx_pc_part_dataset_2025_07_23,keyboard,Razer Arctosa,Razer,Arctosa,keyboard:razer:arctosa,curated_alias,reference_only_needs_verification,needs_review,False,2,Black;Silver,False,Standard,full_size,,,,wired,general,productivity,100.0,118.0,unverified_reference_source;identity_duplicates_collapsed
81b219cf21e189cd6c85,docyx_pc_part_dataset_2025_07_23,keyboard,Razer Nostromo,Razer,Nostromo,keyboard:razer:nostromo,curated_alias,reference_only_needs_verification,needs_review,False,1,Black,False,Gaming,tenkeyless,,,single_colour,wired,general;gaming;portable,gaming,100.0,118.0,unverified_reference_source
f88a6a07d58a06f9352d,docyx_pc_part_dataset_2025_07_23,keyboard,Razer Tartarus,Razer,Tartarus,keyboard:razer:tartarus,curated_alias,reference_only_needs_verification,needs_review,False,1,Black,False,Gaming,tenkeyless,,,single_colour,wired,general;gaming;portable,gaming,100.0,118.0,unverified_reference_source
3c42ce263158194c1450,docyx_pc_part_dataset_2025_07_23,keyboard,Razer Turret Lapboard,Razer,Turret Lapboard,keyboard:razer:turret-lapboard,curated_alias,reference_only_needs_verification,needs_review,False,1,Black;Green,False,Slim,tenkeyless,,,,wireless,general;portable,portable,100.0,118.0,unverified_reference_source
05d74499dfbf8d13b050,docyx_pc_part_dataset_2025_07_23,keyboard,SteelSeries Apex 3,SteelSeries,Apex 3,keyboard:steelseries:apex-3,curated_alias,reference_only_needs_verification,needs_review,False,6,Black,False,Gaming,tenkeyless,,,rgb,wired,general;gaming;portable,gaming,100.0,118.0,unverified_reference_source;identity_duplicates_collapsed
d6a694a6dfb28335b6b5,docyx_pc_part_dataset_2025_07_23,keyboard,SteelSeries SteelSeries Apex 300 Keyboard,SteelSeries,Apex 300 Keyboard,keyboard:steelseries:apex-300-keyboard,curated_alias,reference_only_needs_verification,needs_review,False,1,Black,False,Standard,full_size,,,single_colour,wired,general,productivity,100.0,118.0,unverified_reference_source
79fa07b4e22c7b188852,docyx_pc_part_dataset_2025_07_23,keyboard,SteelSeries Apex 350,SteelSeries,Apex 350,keyboard:steelseries:apex-350,curated_alias,reference_only_needs_verification,needs_review,False,1,Black,False,Standard,full_size,,,rgb,wired,general,productivity,100.0,118.0,unverified_reference_source
dc9ca89d262c76830a0e,docyx_pc_part_dataset_2025_07_23,keyboard,SteelSeries Merc Stealth,SteelSeries,Merc Stealth,keyboard:steelseries:merc-stealth,curated_alias,reference_only_needs_verification,needs_review,False,1,Black,False,Ergonomic,ergonomic,,,,wired,general;productivity;ergonomic,ergonomic,100.0,118.0,unverified_reference_source
15ec8570c6099e863c7a,docyx_pc_part_dataset_2025_07_23,keyboard,Cherry G80-11900LUMEU-0,Cherry,G80-11900LUMEU-0,keyboard:cherry:g80-11900lumeu-0,curated_alias,reference_only_needs_verification,needs_review,False,1,Gray,True,Mini,compact,mechanical,Cherry MX Black,,wired,general;portable,portable,100.0,117.0,unverified_reference_source
fa49527b6729da921e73,docyx_pc_part_dataset_2025_07_23,keyboard,Cherry G80-3000LSCEU-2,Cherry,G80-3000LSCEU-2,keyboard:cherry:g80-3000lsceu-2,curated_alias,reference_only_needs_verification,needs_review,False,1,Black,True,Standard,full_size,mechanical,Cherry MX Blue,,wired,general,productivity,100.0,117.0,unverified_reference_source
57730bc5269078e1cae7,docyx_pc_part_dataset_2025_07_23,keyboard,Cherry G84-4100LCMUS-0,Cherry,G84-4100LCMUS-0,keyboard:cherry:g84-4100lcmus-0,curated_alias,reference_only_needs_verification,needs_review,False,2,Gray;White,True,Mini,compact,mechanical,Cherry ML,,wired,general;portable,portable,100.0,117.0,unverified_reference_source;identity_duplicates_collapsed
ef7be8d1add9a1454dd3,docyx_pc_part_dataset_2025_07_23,keyboard,Cherry STREAM,Cherry,STREAM,keyboard:cherry:stream,curated_alias,reference_only_needs_verification,needs_review,False,1,Black,True,Slim,tenkeyless,mechanical,Cherry SX,,wired,general;portable,portable,100.0,117.0,unverified_reference_source
8f34c8a7fa9a91f64642,docyx_pc_part_dataset_2025_07_23,keyboard,Das Keyboard 4 Professional,Das Keyboard,4 Professional,keyboard:das-keyboard:4-professional,curated_alias,reference_only_needs_verification,needs_review,False,2,Black;Red,True,Standard,full_size,mechanical,Cherry MX Brown,,wired,general,productivity,100.0,117.0,unverified_reference_source;identity_duplicates_collapsed
9c6fe42959dbae3040ea,docyx_pc_part_dataset_2025_07_23,keyboard,Das Keyboard 4 Professional for Mac,Das Keyboard,4 Professional for Mac,keyboard:das-keyboard:4-professional-for-mac,curated_alias,reference_only_needs_verification,needs_review,False,2,Black;Purple;Red,True,Standard,full_size,mechanical,Cherry MX Brown,,wired,general,productivity,100.0,117.0,unverified_reference_source;identity_duplicates_collapsed
392ee787823d090e7996,docyx_pc_part_dataset_2025_07_23,keyboard,Das Keyboard 4 Ultimate,Das Keyboard,4 Ultimate,keyboard:das-keyboard:4-ultimate,curated_alias,reference_only_needs_verification,needs_review,False,2,Black,True,Standard,full_size,mechanical,Cherry MX Blue,,wired,general,productivity,100.0,117.0,unverified_reference_source;identity_duplicates_collapsed
9ae092710965135db190,docyx_pc_part_dataset_2025_07_23,keyboard,Das Keyboard 6 Professional,Das Keyboard,6 Professional,keyboard:das-keyboard:6-professional,curated_alias,reference_only_needs_verification,needs_review,False,2,Black,True,Standard,full_size,mechanical,Cherry MX Blue,single_colour,wired,general,productivity,100.0,117.0,unverified_reference_source;identity_duplicates_collapsed
e451962adffd8d7b41ab,docyx_pc_part_dataset_2025_07_23,keyboard,Das Keyboard Model S Professional,Das Keyboard,Model S Professional,keyboard:das-keyboard:model-s-professional,curated_alias,reference_only_needs_verification,needs_review,False,3,Black,True,Standard,full_size,mechanical,Cherry MX Brown,,wired,general,productivity,100.0,117.0,unverified_reference_source;identity_duplicates_collapsed
e889ab0d189a3154ecd3,docyx_pc_part_dataset_2025_07_23,keyboard,Das Keyboard Prime 13,Das Keyboard,Prime 13,keyboard:das-keyboard:prime-13,curated_alias,reference_only_needs_verification,needs_review,False,1,Black,True,Standard,full_size,mechanical,Cherry MX Brown,single_colour,wired,general,productivity,100.0,117.0,unverified_reference_source
77c5b6cb493cb022ff84,docyx_pc_part_dataset_2025_07_23,keyboard,Dell Alienware Pro,Dell,Alienware Pro,keyboard:dell:alienware-pro,curated_alias,reference_only_needs_verification,needs_review,False,2,Black;White,True,Gaming,tenkeyless,mechanical,Alienware Linear,rgb,wired;wireless;bluetooth,general;gaming;portable,gaming,100.0,117.0,unverified_reference_source;identity_duplicates_collapsed
89b910554d0092650e58,docyx_pc_part_dataset_2025_07_23,keyboard,MSI CK Series,MSI,CK Series,keyboard:msi:ck-series,curated_alias,reference_only_needs_verification,needs_review,False,1,Black,True,Standard,full_size,mechanical,Cherry MX Red,,wired,general,productivity,100.0,117.0,unverified_reference_source
59e5a0512a62003ec30c,docyx_pc_part_dataset_2025_07_23,keyboard,ROCCAT Vulcan TKL Pro,ROCCAT,Vulcan TKL Pro,keyboard:roccat:vulcan-tkl-pro,curated_alias,reference_only_needs_verification,needs_review,False,2,Black;Silver;White,True,Gaming,tenkeyless,optical,Roccat Titan Optical,rgb,wired,general;gaming;portable,gaming,100.0,117.0,unverified_reference_source;identity_duplicates_collapsed
e0107c15eacece1bbe7b,docyx_pc_part_dataset_2025_07_23,keyboard,Thermaltake Poseidon Z Plus,Thermaltake,Poseidon Z Plus,keyboard:thermaltake:poseidon-z-plus,curated_alias,reference_only_needs_verification,needs_review,False,1,Black,True,Standard,full_size,mechanical,Kailh Blue,single_colour,wired,general,productivity,100.0,117.0,unverified_reference_source
a2ea06752f3743b7e742,docyx_pc_part_dataset_2025_07_23,keyboard,Logitech G13,Logitech,G13,keyboard:logitech:g13,curated_alias,reference_only_needs_verification,needs_review,False,2,Black,True,Gaming,tenkeyless,,,rgb,wired,general;gaming;portable,gaming,100.0,115.0,unverified_reference_source;identity_duplicates_collapsed
6be8dde3afb148292fa2,docyx_pc_part_dataset_2025_07_23,keyboard,Logitech G15,Logitech,G15,keyboard:logitech:g15,curated_alias,reference_only_needs_verification,needs_review,False,1,Black;Gray,True,Standard,full_size,,,single_colour,wired,general,productivity,100.0,115.0,unverified_reference_source
6d4d4345fb6702b8e557,docyx_pc_part_dataset_2025_07_23,keyboard,Logitech K120,Logitech,K120,keyboard:logitech:k120,curated_alias,reference_only_needs_verification,needs_review,False,3,Black,True,Standard,full_size,,,,wired,general,productivity,100.0,115.0,unverified_reference_source;identity_duplicates_collapsed
0399767b4dcf24f8b29b,docyx_pc_part_dataset_2025_07_23,keyboard,Logitech K200,Logitech,K200,keyboard:logitech:k200,curated_alias,reference_only_needs_verification,needs_review,False,1,Black,True,Standard,full_size,,,,wired,general,productivity,100.0,115.0,unverified_reference_source
caa59dc2be57c31215ed,docyx_pc_part_dataset_2025_07_23,keyboard,Logitech K270,Logitech,K270,keyboard:logitech:k270,curated_alias,reference_only_needs_verification,needs_review,False,2,Black,True,Standard,full_size,,,,wireless,general;portable,portable,100.0,115.0,unverified_reference_source;identity_duplicates_collapsed
d972281338b877807dc5,docyx_pc_part_dataset_2025_07_23,keyboard,Logitech K310,Logitech,K310,keyboard:logitech:k310,curated_alias,reference_only_needs_verification,needs_review,False,1,Black,True,Standard,full_size,,,,wired,general,productivity,100.0,115.0,unverified_reference_source
ba5d37cbb9795a47feee,docyx_pc_part_dataset_2025_07_23,keyboard,Logitech K380,Logitech,K380,keyboard:logitech:k380,curated_alias,reference_only_needs_verification,needs_review,False,6,Black;Blue;Gray;Pink;Purple;White,True,Mini,tenkeyless,,,,wireless;bluetooth,general;portable,portable,100.0,115.0,unverified_reference_source;identity_duplicates_collapsed
c0be1b5f9089c78fe9f7,docyx_pc_part_dataset_2025_07_23,keyboard,Logitech K400,Logitech,K400,keyboard:logitech:k400,curated_alias,reference_only_needs_verification,needs_review,False,1,Black,True,Slim,tenkeyless,,,,wireless,general;portable,portable,100.0,115.0,unverified_reference_source
db263a1dc1dd969a6934,docyx_pc_part_dataset_2025_07_23,keyboard,Logitech K585,Logitech,K585,keyboard:logitech:k585,curated_alias,reference_only_needs_verification,needs_review,False,2,Black;Pink,True,Slim,tenkeyless,,,,wired;wireless;bluetooth,general;portable,portable,100.0,115.0,unverified_reference_source;identity_duplicates_collapsed
5a781192428349bd0977,docyx_pc_part_dataset_2025_07_23,keyboard,Logitech K830,Logitech,K830,keyboard:logitech:k830,curated_alias,reference_only_needs_verification,needs_review,False,2,Black,True,Slim,tenkeyless,,,single_colour,wireless,general;portable,portable,100.0,115.0,unverified_reference_source;identity_duplicates_collapsed
2ffc64765c60c2c070dd,docyx_pc_part_dataset_2025_07_23,keyboard,Logitech MK120,Logitech,MK120,keyboard:logitech:mk120,curated_alias,reference_only_needs_verification,needs_review,False,2,Black,True,Standard,full_size,,,,wired,general,productivity,100.0,115.0,unverified_reference_source;identity_duplicates_collapsed
13342418fd570dabeae4,docyx_pc_part_dataset_2025_07_23,keyboard,Logitech MK235,Logitech,MK235,keyboard:logitech:mk235,curated_alias,reference_only_needs_verification,needs_review,False,1,Black,True,Standard,full_size,,,,wireless,general;portable,portable,100.0,115.0,unverified_reference_source
4e31dc6850d8a425f683,docyx_pc_part_dataset_2025_07_23,keyboard,Logitech MK320,Logitech,MK320,keyboard:logitech:mk320,curated_alias,reference_only_needs_verification,needs_review,False,1,Black,True,Standard,full_size,,,,wireless,general;portable,portable,100.0,115.0,unverified_reference_source
577c1766586537f58368,docyx_pc_part_dataset_2025_07_23,keyboard,Logitech MK335,Logitech,MK335,keyboard:logitech:mk335,curated_alias,reference_only_needs_verification,needs_review,False,1,Black,True,Standard,full_size,,,,wired;wireless,general;portable,portable,100.0,115.0,unverified_reference_source
3613bc83c062a0bcc4df,docyx_pc_part_dataset_2025_07_23,keyboard,Logitech MK710,Logitech,MK710,keyboard:logitech:mk710,curated_alias,reference_only_needs_verification,needs_review,False,2,Black,True,Ergonomic,ergonomic,,,,wireless,general;portable;productivity;ergonomic,ergonomic,100.0,115.0,unverified_reference_source;identity_duplicates_collapsed
92408a62d203f110b0be,docyx_pc_part_dataset_2025_07_23,keyboard,Cooler Master CK530,Cooler Master,CK530,keyboard:cooler-master:ck530,curated_alias,reference_only_needs_verification,needs_review,False,3,Black,False,Gaming,tenkeyless,mechanical,Gateron Brown,rgb,wired,general;gaming;portable,gaming,100.0,114.0,unverified_reference_source;identity_duplicates_collapsed
f4711dc10d7e90c8c47d,docyx_pc_part_dataset_2025_07_23,keyboard,Cooler Master MK730,Cooler Master,MK730,keyboard:cooler-master:mk730,curated_alias,reference_only_needs_verification,needs_review,False,3,Black,False,Gaming,tenkeyless,mechanical,Cherry MX Red,rgb,wired,general;gaming;portable,gaming,100.0,114.0,unverified_reference_source;identity_duplicates_collapsed
79cae1abcfd50a529d1d,docyx_pc_part_dataset_2025_07_23,keyboard,Cooler Master SK621,Cooler Master,SK621,keyboard:cooler-master:sk621,curated_alias,reference_only_needs_verification,needs_review,False,1,Black,False,Slim,tenkeyless,mechanical,Cherry MX Low Profile Red,rgb,wireless;bluetooth,general;portable,portable,100.0,114.0,unverified_reference_source
e086b6990e643e6ef6a8,docyx_pc_part_dataset_2025_07_23,keyboard,Cooler Master SK630,Cooler Master,SK630,keyboard:cooler-master:sk630,curated_alias,reference_only_needs_verification,needs_review,False,2,Black;Silver;White,False,Gaming,tenkeyless,mechanical,Cherry MX Low Profile Red,rgb,wired,general;gaming;portable,gaming,100.0,114.0,unverified_reference_source;identity_duplicates_collapsed
636d1d6a3c83ae78c5a5,docyx_pc_part_dataset_2025_07_23,keyboard,Corsair K63,Corsair,K63,keyboard:corsair:k63,curated_alias,reference_only_needs_verification,needs_review,False,1,Black,False,Gaming,tenkeyless,mechanical,Cherry MX Red,single_colour,wired,general;gaming;portable,gaming,100.0,114.0,unverified_reference_source
14f67ec6ba17aceac3c0,docyx_pc_part_dataset_2025_07_23,keyboard,Keychron K1 V5,Keychron,K1 V5,keyboard:keychron:k1-v5,curated_alias,reference_only_needs_verification,needs_review,False,16,Black;Gray,False,Standard,tenkeyless,optical,Keychron Optical Red Low Profile,rgb,wired;wireless;bluetooth,general;portable,portable,100.0,114.0,unverified_reference_source;identity_duplicates_collapsed
c80664758bb0b678d161,docyx_pc_part_dataset_2025_07_23,keyboard,Keychron K6,Keychron,K6,keyboard:keychron:k6,curated_alias,reference_only_needs_verification,needs_review,False,18,Black;Gray,False,Standard,tenkeyless,mechanical,Gateron G Pro Brown Hot-swappable,rgb,wired;wireless;bluetooth,general;portable,portable,100.0,114.0,unverified_reference_source;identity_duplicates_collapsed
7dbd7fc401c9a63eb3c3,docyx_pc_part_dataset_2025_07_23,keyboard,Keychron K7,Keychron,K7,keyboard:keychron:k7,curated_alias,reference_only_needs_verification,needs_review,False,22,Black;Gray,False,Slim,tenkeyless,mechanical,Gateron Low-Profile Brown,rgb,wired;wireless;bluetooth,general;portable,portable,100.0,114.0,unverified_reference_source;identity_duplicates_collapsed
dd27eb5450c51a3b9ce3,docyx_pc_part_dataset_2025_07_23,keyboard,Keychron K8,Keychron,K8,keyboard:keychron:k8,curated_alias,reference_only_needs_verification,needs_review,False,24,Black;Gray,False,Standard,tenkeyless,mechanical,Gateron G Pro Brown,single_colour,wired;wireless;bluetooth,general;portable,portable,100.0,114.0,unverified_reference_source;identity_duplicates_collapsed
22d982fb63c9d1b364ca,docyx_pc_part_dataset_2025_07_23,keyboard,Logitech K840,Logitech,K840,keyboard:logitech:k840,curated_alias,reference_only_needs_verification,needs_review,False,1,Black,False,Standard,full_size,mechanical,Romer-G Tactile,,wired,general,productivity,100.0,114.0,unverified_reference_source
a271c101f9f03e074548,docyx_pc_part_dataset_2025_07_23,keyboard,Redragon K551-N,Redragon,K551-N,keyboard:redragon:k551-n,curated_alias,reference_only_needs_verification,needs_review,False,1,Black,False,Standard,full_size,mechanical,Outemu Blue,,wired,general,productivity,100.0,114.0,unverified_reference_source
0fde4cccf28bc4a7555f,docyx_pc_part_dataset_2025_07_23,keyboard,Redragon K552-N,Redragon,K552-N,keyboard:redragon:k552-n,curated_alias,reference_only_needs_verification,needs_review,False,1,Black,False,Standard,tenkeyless,mechanical,Outemu Blue,,wired,general;portable,portable,100.0,114.0,unverified_reference_source
2c72f9f48a8dda2bb308,docyx_pc_part_dataset_2025_07_23,keyboard,Redragon S113,Redragon,S113,keyboard:redragon:s113,curated_alias,reference_only_needs_verification,needs_review,False,1,Black,False,Gaming,tenkeyless,mechanical,Outemu Brown,rgb,wired,general;gaming;portable,gaming,100.0,114.0,unverified_reference_source
eab4cac69780ee4bf11f,docyx_pc_part_dataset_2025_07_23,keyboard,RK Royal Kludge RK71,Royal Kludge,RK71,keyboard:royal-kludge:rk71,curated_alias,reference_only_needs_verification,needs_review,False,6,Black;White,False,Gaming,tenkeyless,mechanical,RK Brown,rgb,wireless;bluetooth,general;gaming;portable,gaming,100.0,114.0,unverified_reference_source;identity_duplicates_collapsed
6a193c7808e7a97b880f,docyx_pc_part_dataset_2025_07_23,keyboard,SteelSeries 6GV/2,SteelSeries,6GV/2,keyboard:steelseries:6gv-2,curated_alias,reference_only_needs_verification,needs_review,False,1,Black,False,Standard,full_size,mechanical,Cherry MX Red,,wired,general,productivity,100.0,114.0,unverified_reference_source
9ae7544fe17d40f653a6,docyx_pc_part_dataset_2025_07_23,keyboard,SteelSeries 6Gv2,SteelSeries,6Gv2,keyboard:steelseries:6gv2,curated_alias,reference_only_needs_verification,needs_review,False,1,Black,False,Standard,full_size,mechanical,Cherry MX Black,,wired,general,productivity,100.0,114.0,unverified_reference_source
434d50bc0cf614efb66c,docyx_pc_part_dataset_2025_07_23,keyboard,SteelSeries 7G,SteelSeries,7G,keyboard:steelseries:7g,curated_alias,reference_only_needs_verification,needs_review,False,2,Black,False,Standard,full_size,mechanical,Cherry MX Black,,wired,general,productivity,100.0,114.0,unverified_reference_source;identity_duplicates_collapsed
29145bfbf6c9752d324a,docyx_pc_part_dataset_2025_07_23,keyboard,Cherry Compact 11900 Series,Cherry,Compact 11900 Series,keyboard:cherry:compact-11900-series,curated_alias,reference_only_needs_verification,needs_review,False,2,Black;Gray,True,Standard,full_size,,,,wired,general,productivity,100.0,113.0,unverified_reference_source;identity_duplicates_collapsed
118b62b631b0fb000120,docyx_pc_part_dataset_2025_07_23,keyboard,Cherry G84-5500LUMEU-0,Cherry,G84-5500LUMEU-0,keyboard:cherry:g84-5500lumeu-0,curated_alias,reference_only_needs_verification,needs_review,False,1,Gray,True,Standard,full_size,,,,wired,general,productivity,100.0,113.0,unverified_reference_source
558525edfbd96eee85c2,docyx_pc_part_dataset_2025_07_23,keyboard,Cherry G86-61410EUADAA,Cherry,G86-61410EUADAA,keyboard:cherry:g86-61410euadaa,curated_alias,reference_only_needs_verification,needs_review,False,1,Black,True,Standard,full_size,,,,wired,general,productivity,100.0,113.0,unverified_reference_source
e081f940e7ef7c41f355,docyx_pc_part_dataset_2025_07_23,keyboard,Cherry Ultra-Slim Compact Covered,Cherry,Ultra-Slim Compact Covered,keyboard:cherry:ultra-slim-compact-covered,curated_alias,reference_only_needs_verification,needs_review,False,1,Black,True,Standard,full_size,,,,wired,general,productivity,100.0,113.0,unverified_reference_source
7348665acc5280cd2f6d,docyx_pc_part_dataset_2025_07_23,keyboard,Dell KB212-B,Dell,KB212-B,keyboard:dell:kb212-b,curated_alias,reference_only_needs_verification,needs_review,False,2,Black,True,Standard,full_size,,,,wired,general,productivity,100.0,113.0,unverified_reference_source;identity_duplicates_collapsed
a3dec08adcfb4cd5a863,docyx_pc_part_dataset_2025_07_23,keyboard,Dell KM300C,Dell,KM300C,keyboard:dell:km300c,curated_alias,reference_only_needs_verification,needs_review,False,1,Black,True,Standard,full_size,,,,wired,general,productivity,100.0,113.0,unverified_reference_source
16fca7fc1cb3776fdcdf,docyx_pc_part_dataset_2025_07_23,keyboard,Dell KM5221W,Dell,KM5221W,keyboard:dell:km5221w,curated_alias,reference_only_needs_verification,needs_review,False,2,Black;White,True,Standard,full_size,,,,wired;wireless,general;portable,portable,100.0,113.0,unverified_reference_source;identity_duplicates_collapsed
9620e7d40bcfe87d3468,docyx_pc_part_dataset_2025_07_23,keyboard,Dell KM7120W,Dell,KM7120W,keyboard:dell:km7120w,curated_alias,reference_only_needs_verification,needs_review,False,1,Black;Gray,True,Standard,full_size,,,,wired;wireless,general;portable,portable,100.0,113.0,unverified_reference_source
3a8ff46f6e5a097c86af,docyx_pc_part_dataset_2025_07_23,keyboard,Dell KM7321W,Dell,KM7321W,keyboard:dell:km7321w,curated_alias,reference_only_needs_verification,needs_review,False,1,Black;Gray,True,Standard,full_size,,,,wired;wireless,general;portable,portable,100.0,113.0,unverified_reference_source
169b9eaf79a2aa1e3c30,docyx_pc_part_dataset_2025_07_23,keyboard,Gigabyte GK-KM5200,Gigabyte,GK-KM5200,keyboard:gigabyte:gk-km5200,curated_alias,reference_only_needs_verification,needs_review,False,1,Black,True,Standard,full_size,,,,wired,general,productivity,100.0,113.0,unverified_reference_source
fef808be9c87cc846d56,docyx_pc_part_dataset_2025_07_23,keyboard,HP DT528A#ABA,HP,DT528A#ABA,keyboard:hp:dt528a-aba,curated_alias,reference_only_needs_verification,needs_review,False,1,Black;Silver,True,Standard,full_size,,,,wired,general,productivity,100.0,113.0,unverified_reference_source
3e72de514f7cd75fc547,docyx_pc_part_dataset_2025_07_23,keyboard,HP FK218AA#ABA,HP,FK218AA#ABA,keyboard:hp:fk218aa-aba,curated_alias,reference_only_needs_verification,needs_review,False,1,Black,True,Mini,compact,,,,wired,general;portable,portable,100.0,113.0,unverified_reference_source
be1d3d48bbc2977f71be,docyx_pc_part_dataset_2025_07_23,keyboard,HP RC465AA#ABA,HP,RC465AA#ABA,keyboard:hp:rc465aa-aba,curated_alias,reference_only_needs_verification,needs_review,False,1,Black;Silver,True,Standard,full_size,,,,wired,general,productivity,100.0,113.0,unverified_reference_source
6aa074da997f6c7d46bd,docyx_pc_part_dataset_2025_07_23,keyboard,HP USB Keyboard,HP,USB Keyboard,keyboard:hp:usb-keyboard,curated_alias,reference_only_needs_verification,needs_review,False,1,Black,True,Standard,full_size,,,,wired,general,productivity,100.0,113.0,unverified_reference_source
7990a0e22119512bd160,docyx_pc_part_dataset_2025_07_23,keyboard,Kensington K55115US,Kensington,K55115US,keyboard:kensington:k55115us,curated_alias,reference_only_needs_verification,needs_review,False,1,Black,True,Standard,full_size,,,,wired,general,productivity,100.0,113.0,unverified_reference_source
934267fd77209c869b51,docyx_pc_part_dataset_2025_07_23,keyboard,Kensington K64406US,Kensington,K64406US,keyboard:kensington:k64406us,curated_alias,reference_only_needs_verification,needs_review,False,2,White,True,Standard,full_size,,,,wired,general,productivity,100.0,113.0,unverified_reference_source;identity_duplicates_collapsed
03e788eae96eed101e78,docyx_pc_part_dataset_2025_07_23,keyboard,Kensington K70316US,Kensington,K70316US,keyboard:kensington:k70316us,curated_alias,reference_only_needs_verification,needs_review,False,1,Black,True,Standard,full_size,,,,wired,general,productivity,100.0,113.0,unverified_reference_source
4d1fe852ad081b30de4e,docyx_pc_part_dataset_2025_07_23,keyboard,Kensington K72402US,Kensington,K72402US,keyboard:kensington:k72402us,curated_alias,reference_only_needs_verification,needs_review,False,2,Black,True,Ergonomic,ergonomic,,,,wired,general;productivity;ergonomic,ergonomic,100.0,113.0,unverified_reference_source;identity_duplicates_collapsed
a846734c47bbd828fec6,docyx_pc_part_dataset_2025_07_23,keyboard,Kensington K72436AM,Kensington,K72436AM,keyboard:kensington:k72436am,curated_alias,reference_only_needs_verification,needs_review,False,1,Black,True,Standard,full_size,,,,wired,general,productivity,100.0,113.0,unverified_reference_source
0c22f1ebe9e781198d1c,docyx_pc_part_dataset_2025_07_23,keyboard,Kensington K75231US,Kensington,K75231US,keyboard:kensington:k75231us,curated_alias,reference_only_needs_verification,needs_review,False,1,Black,True,Standard,full_size,,,,wireless,general;portable,portable,100.0,113.0,unverified_reference_source
ff33a8484fcfaa55e90b,docyx_pc_part_dataset_2025_07_23,keyboard,Kensington K75506US,Kensington,K75506US,keyboard:kensington:k75506us,curated_alias,reference_only_needs_verification,needs_review,False,1,Black,True,Standard,tenkeyless,,,,wired,general;portable,portable,100.0,113.0,unverified_reference_source
ff80b499ae36bab4fcdf,docyx_pc_part_dataset_2025_07_23,keyboard,Kensington Pro Fit,Kensington,Pro Fit,keyboard:kensington:pro-fit,curated_alias,reference_only_needs_verification,needs_review,False,7,Black,True,Standard,full_size,,,,wired,general,productivity,100.0,113.0,unverified_reference_source;identity_duplicates_collapsed
58bffaff675da23e52be,docyx_pc_part_dataset_2025_07_23,keyboard,Kensington Pro Fit Ergo,Kensington,Pro Fit Ergo,keyboard:kensington:pro-fit-ergo,curated_alias,reference_only_needs_verification,needs_review,False,3,Black;Gray,True,Ergonomic,ergonomic,,,,wireless,general;portable;productivity;ergonomic,ergonomic,100.0,113.0,unverified_reference_source;identity_duplicates_collapsed
51d03e8266fceaffb39d,docyx_pc_part_dataset_2025_07_23,keyboard,Kensington Pro Fit Ergo Bundle,Kensington,Pro Fit Ergo Bundle,keyboard:kensington:pro-fit-ergo-bundle,curated_alias,reference_only_needs_verification,needs_review,False,2,Black;Gray,True,Ergonomic,ergonomic,,,,wireless,general;portable;productivity;ergonomic,ergonomic,100.0,113.0,unverified_reference_source;identity_duplicates_collapsed
e8ca90ca1fc03fca2e61,docyx_pc_part_dataset_2025_07_23,keyboard,Kensington Pro Fit Wireless Comfort Desktop Set,Kensington,Pro Fit Wireless Comfort Desktop Set,keyboard:kensington:pro-fit-wireless-comfort-desktop-set,curated_alias,reference_only_needs_verification,needs_review,False,1,Black,True,Standard,full_size,,,,wireless,general;portable,portable,100.0,113.0,unverified_reference_source
8c0e968e7c25a422add3,docyx_pc_part_dataset_2025_07_23,keyboard,Kensington Pro Fit Wireless Media Desktop Set,Kensington,Pro Fit Wireless Media Desktop Set,keyboard:kensington:pro-fit-wireless-media-desktop-set,curated_alias,reference_only_needs_verification,needs_review,False,1,Black,True,Ergonomic,ergonomic,,,,wireless,general;portable;productivity;ergonomic,ergonomic,100.0,113.0,unverified_reference_source
4b136db90270efaabd00,docyx_pc_part_dataset_2025_07_23,keyboard,KeyTronic KT400U1,KeyTronic,KT400U1,keyboard:keytronic:kt400u1,curated_alias,reference_only_needs_verification,needs_review,False,1,Beige,True,Standard,full_size,,,,wired,general,productivity,100.0,113.0,unverified_reference_source
f2abaf9db9b8152bb5a1,docyx_pc_part_dataset_2025_07_23,keyboard,KeyTronic KT800P2M,KeyTronic,KT800P2M,keyboard:keytronic:kt800p2m,curated_alias,reference_only_needs_verification,needs_review,False,1,Black,True,Standard,full_size,,,,wired,general,productivity,100.0,113.0,unverified_reference_source
00781effec7691d7d04f,docyx_pc_part_dataset_2025_07_23,keyboard,KeyTronic KT800U2,KeyTronic,KT800U2,keyboard:keytronic:kt800u2,curated_alias,reference_only_needs_verification,needs_review,False,1,Black,True,Standard,full_size,,,,wired,general,productivity,100.0,113.0,unverified_reference_source
62ab6d07f1d9a5084d5f,docyx_pc_part_dataset_2025_07_23,keyboard,Lenovo Keyboard,Lenovo,Keyboard,keyboard:lenovo:keyboard,curated_alias,reference_only_needs_verification,needs_review,False,1,Black,True,Standard,full_size,,,,wired,general,productivity,100.0,113.0,unverified_reference_source
23854e4f238a15c8b931,docyx_pc_part_dataset_2025_07_23,keyboard,Lenovo Preferred Pro,Lenovo,Preferred Pro,keyboard:lenovo:preferred-pro,curated_alias,reference_only_needs_verification,needs_review,False,1,Black,True,Standard,full_size,,,,wired,general,productivity,100.0,113.0,unverified_reference_source
02b969a8389e1f7bd9cf,docyx_pc_part_dataset_2025_07_23,keyboard,Lenovo Preferred Pro USB Keyboard,Lenovo,Preferred Pro USB Keyboard,keyboard:lenovo:preferred-pro-usb-keyboard,curated_alias,reference_only_needs_verification,needs_review,False,4,Black,True,Standard,full_size,,,,wired,general,productivity,100.0,113.0,unverified_reference_source;identity_duplicates_collapsed
8aaa3ea36c06dedb4ad8,docyx_pc_part_dataset_2025_07_23,keyboard,Lenovo USB Smartcard,Lenovo,USB Smartcard,keyboard:lenovo:usb-smartcard,curated_alias,reference_only_needs_verification,needs_review,False,1,Black,True,Standard,full_size,,,,wired,general,productivity,100.0,113.0,unverified_reference_source
26bb79d3f7f43932b26f,docyx_pc_part_dataset_2025_07_23,keyboard,Microsoft Arc Keyboard,Microsoft,Arc Keyboard,keyboard:microsoft:arc-keyboard,curated_alias,reference_only_needs_verification,needs_review,False,1,White,True,Mini,tenkeyless,,,,wireless,general;portable,portable,100.0,113.0,unverified_reference_source
093e44cd0e3794555ed9,docyx_pc_part_dataset_2025_07_23,keyboard,Microsoft Desktop 900,Microsoft,Desktop 900,keyboard:microsoft:desktop-900,curated_alias,reference_only_needs_verification,needs_review,False,1,Black,True,Standard,full_size,,,,wireless,general;portable,portable,100.0,113.0,unverified_reference_source
cceaa3189b7b2d16b162,docyx_pc_part_dataset_2025_07_23,keyboard,Microsoft Digital Media Pro,Microsoft,Digital Media Pro,keyboard:microsoft:digital-media-pro,curated_alias,reference_only_needs_verification,needs_review,False,1,Black;Silver,True,Ergonomic,ergonomic,,,,wired,general;productivity;ergonomic,ergonomic,100.0,113.0,unverified_reference_source
988e252b80e5f2303b04,docyx_pc_part_dataset_2025_07_23,keyboard,Microsoft JWD-00046,Microsoft,JWD-00046,keyboard:microsoft:jwd-00046,curated_alias,reference_only_needs_verification,needs_review,False,1,Black,True,Standard,full_size,,,,wired,general,productivity,100.0,113.0,unverified_reference_source
cad4053bd1d2f607bc18,docyx_pc_part_dataset_2025_07_23,keyboard,Microsoft LXN-00001,Microsoft,LXN-00001,keyboard:microsoft:lxn-00001,curated_alias,reference_only_needs_verification,needs_review,False,1,Black,True,Ergonomic,ergonomic,,,,wired,general;productivity;ergonomic,ergonomic,100.0,113.0,unverified_reference_source
60e28dd6d9161142548b,docyx_pc_part_dataset_2025_07_23,keyboard,Microsoft Mobile 5000,Microsoft,Mobile 5000,keyboard:microsoft:mobile-5000,curated_alias,reference_only_needs_verification,needs_review,False,1,Black,True,Ergonomic,tenkeyless,,,,wireless;bluetooth,general;portable,portable,100.0,113.0,unverified_reference_source
8a3d26bee1daf1348b9d,docyx_pc_part_dataset_2025_07_23,keyboard,Microsoft Natural Desktop 7000,Microsoft,Natural Desktop 7000,keyboard:microsoft:natural-desktop-7000,curated_alias,reference_only_needs_verification,needs_review,False,1,Black;Silver,True,Ergonomic,ergonomic,,,,wireless,general;portable;productivity;ergonomic,ergonomic,100.0,113.0,unverified_reference_source
de5e74339b95da1ba4b0,docyx_pc_part_dataset_2025_07_23,keyboard,Microsoft Natural Keyboard Elite,Microsoft,Natural Keyboard Elite,keyboard:microsoft:natural-keyboard-elite,curated_alias,reference_only_needs_verification,needs_review,False,3,Beige;Black;White,True,Ergonomic,ergonomic,,,,wired,general;productivity;ergonomic,ergonomic,100.0,113.0,unverified_reference_source;identity_duplicates_collapsed
55ed8d7fdab7bcc30d72,docyx_pc_part_dataset_2025_07_23,keyboard,Microsoft PL2 Wedge Mobile Keyboard,Microsoft,PL2 Wedge Mobile Keyboard,keyboard:microsoft:pl2-wedge-mobile-keyboard,curated_alias,reference_only_needs_verification,needs_review,False,1,Black,True,Mini,tenkeyless,,,,wireless;bluetooth,general;portable,portable,100.0,113.0,unverified_reference_source
42ac3e70de999a0d5ff9,docyx_pc_part_dataset_2025_07_23,keyboard,Microsoft QSZ-00001,Microsoft,QSZ-00001,keyboard:microsoft:qsz-00001,curated_alias,reference_only_needs_verification,needs_review,False,1,Black,True,Standard,full_size,,,,wireless;bluetooth,general;portable,portable,100.0,113.0,unverified_reference_source
dd9d884c0a37fb79ea98,docyx_pc_part_dataset_2025_07_23,keyboard,Microsoft RJU-00001,Microsoft,RJU-00001,keyboard:microsoft:rju-00001,curated_alias,reference_only_needs_verification,needs_review,False,1,Black,True,Ergonomic Split,ergonomic,,,,wired,general;productivity;ergonomic,ergonomic,100.0,113.0,unverified_reference_source
f9522ad9165317b38d17,docyx_pc_part_dataset_2025_07_23,keyboard,Microsoft Sculpt Ergonomic Keyboard For Business,Microsoft,Sculpt Ergonomic Keyboard For Business,keyboard:microsoft:sculpt-ergonomic-keyboard-for-business,curated_alias,reference_only_needs_verification,needs_review,False,1,Black,True,Ergonomic,ergonomic,,,,wireless,general;portable;productivity;ergonomic,ergonomic,100.0,113.0,unverified_reference_source
52cdbdf0199a4db6b017,docyx_pc_part_dataset_2025_07_23,keyboard,Microsoft WTA-00001,Microsoft,WTA-00001,keyboard:microsoft:wta-00001,curated_alias,reference_only_needs_verification,needs_review,False,1,Black;Silver,True,Ergonomic,ergonomic,,,,wireless,general;portable;productivity;ergonomic,ergonomic,100.0,113.0,unverified_reference_source
44099f3c16e02808ba24,docyx_pc_part_dataset_2025_07_23,keyboard,Microsoft Wedge Mobile Keyboard For Business,Microsoft,Wedge Mobile Keyboard For Business,keyboard:microsoft:wedge-mobile-keyboard-for-business,curated_alias,reference_only_needs_verification,needs_review,False,1,Black,True,Mini,tenkeyless,,,,wireless;bluetooth,general;portable,portable,100.0,113.0,unverified_reference_source
de24c12f0aeb22adbcfc,docyx_pc_part_dataset_2025_07_23,keyboard,Microsoft Wireless Desktop 2000,Microsoft,Wireless Desktop 2000,keyboard:microsoft:wireless-desktop-2000,curated_alias,reference_only_needs_verification,needs_review,False,2,Black,True,Ergonomic,ergonomic,,,,wireless,general;portable;productivity;ergonomic,ergonomic,100.0,113.0,unverified_reference_source;identity_duplicates_collapsed
bba3c1bf966566178e80,docyx_pc_part_dataset_2025_07_23,keyboard,Microsoft XSA-00001,Microsoft,XSA-00001,keyboard:microsoft:xsa-00001,curated_alias,reference_only_needs_verification,needs_review,False,1,Black;Silver,True,Ergonomic,ergonomic,,,,wireless,general;portable;productivity;ergonomic,ergonomic,100.0,113.0,unverified_reference_source
959b385f19f2d80641a6,docyx_pc_part_dataset_2025_07_23,keyboard,Verbatim VER99789,Verbatim,VER99789,keyboard:verbatim:ver99789,curated_alias,reference_only_needs_verification,needs_review,False,1,Black,True,Standard,full_size,,,single_colour,wired,general,productivity,100.0,113.0,unverified_reference_source
c881ad442b73b0387c0e,docyx_pc_part_dataset_2025_07_23,keyboard,ADATA XPG Sorcerer Mini,ADATA,XPG Sorcerer Mini,keyboard:adata:xpg-sorcerer-mini,inferred_first_token,reference_only_needs_verification,needs_review,False,1,Black,True,Mini,tenkeyless,mechanical,XPG Red,rgb,wired,general;portable,portable,100.0,112.0,unverified_reference_source
d16dad11a5bb401ea633,docyx_pc_part_dataset_2025_07_23,keyboard,AZIO IZO,AZIO,IZO,keyboard:azio:izo,inferred_first_token,reference_only_needs_verification,needs_review,False,7,Black;Blue;Gold;Gray;Pink;Red;White;Yellow,True,Standard,tenkeyless,mechanical,Gateron Blue,,wired;wireless;bluetooth,general;portable,portable,100.0,112.0,unverified_reference_source;identity_duplicates_collapsed
74652185fba5118e79e9,docyx_pc_part_dataset_2025_07_23,keyboard,AZIO MK RETRO,AZIO,MK RETRO,keyboard:azio:mk-retro,inferred_first_token,reference_only_needs_verification,needs_review,False,1,Black;Silver,True,Standard,full_size,mechanical,Kailh Blue,,wired,general,productivity,100.0,112.0,unverified_reference_source
86b97fbc4407336ff9b5,docyx_pc_part_dataset_2025_07_23,keyboard,Adesso AKB-636UB,Adesso,AKB-636UB,keyboard:adesso:akb-636ub,inferred_first_token,reference_only_needs_verification,needs_review,False,1,Black,True,Standard,full_size,mechanical,Kailh Blue,,wired,general,productivity,100.0,112.0,unverified_reference_source
7dd28f10cd4680dc251e,docyx_pc_part_dataset_2025_07_23,keyboard,Adesso EasyTouch 625,Adesso,EasyTouch 625,keyboard:adesso:easytouch-625,inferred_first_token,reference_only_needs_verification,needs_review,False,1,Black,True,Gaming,tenkeyless,mechanical,Kailh Blue,,wired,general;gaming;portable,gaming,100.0,112.0,unverified_reference_source
ba41622d8a0a9188b16f,docyx_pc_part_dataset_2025_07_23,keyboard,Asceny One,Asceny,One,keyboard:asceny:one,inferred_first_token,reference_only_needs_verification,needs_review,False,1,Black,True,Mini,tenkeyless,optical,Gateron Blue Optical,rgb,wired,general;portable,portable,100.0,112.0,unverified_reference_source
f45c32737702cf3a0ae8,docyx_pc_part_dataset_2025_07_23,keyboard,Cherry Compact 1800 Series,Cherry,Compact 1800 Series,keyboard:cherry:compact-1800-series,curated_alias,reference_only_needs_verification,needs_review,False,2,Black;Gray,False,Mini,compact,mechanical,Cherry MY,,wired,general;portable,portable,100.0,112.0,unverified_reference_source;identity_duplicates_collapsed
98fc2a61b71b1737f284,docyx_pc_part_dataset_2025_07_23,keyboard,Cherry G80-11900LPMUS-2,Cherry,G80-11900LPMUS-2,keyboard:cherry:g80-11900lpmus-2,curated_alias,reference_only_needs_verification,needs_review,False,1,Black,False,Mini,compact,mechanical,Cherry MX Black,,wired,general;portable,portable,100.0,112.0,unverified_reference_source
4c32eb3ef5df1c3ec63d,docyx_pc_part_dataset_2025_07_23,keyboard,Cherry G80-1800 Keyboard,Cherry,G80-1800 Keyboard,keyboard:cherry:g80-1800-keyboard,curated_alias,reference_only_needs_verification,needs_review,False,1,Gray,False,Standard,full_size,mechanical,Cherry MX Black,,wired,general,productivity,100.0,112.0,unverified_reference_source
a360ae8aaef26ea38be6,docyx_pc_part_dataset_2025_07_23,keyboard,Cherry G80-3800 MX Board 2.0,Cherry,G80-3800 MX Board 2.0,keyboard:cherry:g80-3800-mx-board-2-0,curated_alias,reference_only_needs_verification,needs_review,False,4,Black,False,Standard,full_size,mechanical,Cherry MX Brown,,wired,general,productivity,100.0,112.0,unverified_reference_source;identity_duplicates_collapsed
94787d3f70b5d3894c4e,docyx_pc_part_dataset_2025_07_23,keyboard,Cherry G80-3850LYBGB-2,Cherry,G80-3850LYBGB-2,keyboard:cherry:g80-3850lybgb-2,curated_alias,reference_only_needs_verification,needs_review,False,1,Black,False,Standard,full_size,mechanical,Cherry MX Red,,wired,general,productivity,100.0,112.0,unverified_reference_source
1845c0d17e43fb3d73c6,docyx_pc_part_dataset_2025_07_23,keyboard,Cherry G81-1800LPMUS-0,Cherry,G81-1800LPMUS-0,keyboard:cherry:g81-1800lpmus-0,curated_alias,reference_only_needs_verification,needs_review,False,1,Gray,False,Mini,compact,mechanical,Cherry MY,,wired,general;portable,portable,100.0,112.0,unverified_reference_source
ccc421d0c06a24856cb1,docyx_pc_part_dataset_2025_07_23,keyboard,Cherry G81-1800LPMUS-2,Cherry,G81-1800LPMUS-2,keyboard:cherry:g81-1800lpmus-2,curated_alias,reference_only_needs_verification,needs_review,False,1,Black,False,Mini,compact,mechanical,Cherry MY,,wired,general;portable,portable,100.0,112.0,unverified_reference_source
f173aa23bca30799ea04,docyx_pc_part_dataset_2025_07_23,keyboard,Cherry G81-1841LPMUS-0,Cherry,G81-1841LPMUS-0,keyboard:cherry:g81-1841lpmus-0,curated_alias,reference_only_needs_verification,needs_review,False,1,Gray,False,Mini,compact,mechanical,Cherry MY,,wired,general;portable,portable,100.0,112.0,unverified_reference_source
2cfb148b9f6f7b425592,docyx_pc_part_dataset_2025_07_23,keyboard,Cherry G81-7000LPDUS-2,Cherry,G81-7000LPDUS-2,keyboard:cherry:g81-7000lpdus-2,curated_alias,reference_only_needs_verification,needs_review,False,1,Black,False,Standard,full_size,mechanical,Cherry MY,,wired,general,productivity,100.0,112.0,unverified_reference_source
1d08b7e0cdda435daa68,docyx_pc_part_dataset_2025_07_23,keyboard,Cherry G81-7000LUVEU-0,Cherry,G81-7000LUVEU-0,keyboard:cherry:g81-7000luveu-0,curated_alias,reference_only_needs_verification,needs_review,False,1,Gray,False,Mini,compact,mechanical,Cherry MY,,wired,general;portable,portable,100.0,112.0,unverified_reference_source
deea6cac0830ae571da8,docyx_pc_part_dataset_2025_07_23,keyboard,Cherry G81-7000LUVEU-2,Cherry,G81-7000LUVEU-2,keyboard:cherry:g81-7000luveu-2,curated_alias,reference_only_needs_verification,needs_review,False,1,Black,False,Standard,full_size,mechanical,Cherry MY,,wired,general,productivity,100.0,112.0,unverified_reference_source
695cd7834544c05050ce,docyx_pc_part_dataset_2025_07_23,keyboard,Cherry G81-8000LPAUS-2,Cherry,G81-8000LPAUS-2,keyboard:cherry:g81-8000lpaus-2,curated_alias,reference_only_needs_verification,needs_review,False,1,Black,False,Standard,full_size,mechanical,Cherry MY,,wired,general,productivity,100.0,112.0,unverified_reference_source
b6ad9a5b33344034ff90,docyx_pc_part_dataset_2025_07_23,keyboard,Cherry G81-8000LPDUS-2,Cherry,G81-8000LPDUS-2,keyboard:cherry:g81-8000lpdus-2,curated_alias,reference_only_needs_verification,needs_review,False,1,Black,False,Standard,full_size,mechanical,Cherry MY,,wired,general,productivity,100.0,112.0,unverified_reference_source
9fbf51527626c642b3ce,docyx_pc_part_dataset_2025_07_23,keyboard,Cherry G84-4400PUBUS-0,Cherry,G84-4400PUBUS-0,keyboard:cherry:g84-4400pubus-0,curated_alias,reference_only_needs_verification,needs_review,False,1,Gray,False,Standard,full_size,mechanical,Cherry ML,,wired,general,productivity,100.0,112.0,unverified_reference_source
4aebeeebcce978d9fc76,docyx_pc_part_dataset_2025_07_23,keyboard,Cherry G84-4420LPBEU-0,Cherry,G84-4420LPBEU-0,keyboard:cherry:g84-4420lpbeu-0,curated_alias,reference_only_needs_verification,needs_review,False,1,Gray,False,Standard,full_size,mechanical,Cherry ML,,wired,general,productivity,100.0,112.0,unverified_reference_source
a321a178fc5c380fe302,docyx_pc_part_dataset_2025_07_23,keyboard,Cherry G84-5200LCMEU-2,Cherry,G84-5200LCMEU-2,keyboard:cherry:g84-5200lcmeu-2,curated_alias,reference_only_needs_verification,needs_review,False,1,Black,False,Standard,full_size,mechanical,Cherry ML,,wired,general,productivity,100.0,112.0,unverified_reference_source
8cff36de74fdad658c95,docyx_pc_part_dataset_2025_07_23,keyboard,Cherry MX BOARD 1.0 BACKLIGHT,Cherry,MX BOARD 1.0 BACKLIGHT,keyboard:cherry:mx-board-1-0-backlight,curated_alias,reference_only_needs_verification,needs_review,False,12,Black,False,Standard,full_size,mechanical,Cherry MX Silent Red,single_colour,wired,general,productivity,100.0,112.0,unverified_reference_source;identity_duplicates_collapsed
66974bd1894088c16a62,docyx_pc_part_dataset_2025_07_23,keyboard,Cherry MX-Board 3.0 Keyboard,Cherry,MX-Board 3.0 Keyboard,keyboard:cherry:mx-board-3-0-keyboard,curated_alias,reference_only_needs_verification,needs_review,False,1,Black,False,Standard,full_size,mechanical,Cherry MX Brown,,wired,general,productivity,100.0,112.0,unverified_reference_source
90f013d92bd67671d0fa,docyx_pc_part_dataset_2025_07_23,keyboard,DROP MDX-22176-15,DROP,MDX-22176-15,keyboard:drop:mdx-22176-15,inferred_first_token,reference_only_needs_verification,needs_review,False,1,Gray,True,Gaming,tenkeyless,mechanical,Kailh Halo True,rgb,wired,general;gaming;portable,gaming,100.0,112.0,unverified_reference_source
0e02685ba8e872815103,docyx_pc_part_dataset_2025_07_23,keyboard,DROP MDX-31827-10,DROP,MDX-31827-10,keyboard:drop:mdx-31827-10,inferred_first_token,reference_only_needs_verification,needs_review,False,1,Black,True,Gaming,tenkeyless,mechanical,Kailh BOX White,rgb,wired,general;gaming;portable,gaming,100.0,112.0,unverified_reference_source
e17bd1bb9890673867a4,docyx_pc_part_dataset_2025_07_23,keyboard,DROP MDX-31827-12,DROP,MDX-31827-12,keyboard:drop:mdx-31827-12,inferred_first_token,reference_only_needs_verification,needs_review,False,1,Black,True,Gaming,tenkeyless,mechanical,Cherry MX Blue,rgb,wired,general;gaming;portable,gaming,100.0,112.0,unverified_reference_source
a20667d81f84f95b0b82,docyx_pc_part_dataset_2025_07_23,keyboard,DROP MDX-31827-8,DROP,MDX-31827-8,keyboard:drop:mdx-31827-8,inferred_first_token,reference_only_needs_verification,needs_review,False,1,Black,True,Gaming,tenkeyless,mechanical,Kailh Halo Clear,rgb,wired,general;gaming;portable,gaming,100.0,112.0,unverified_reference_source
43b25658a1250fe319a9,docyx_pc_part_dataset_2025_07_23,keyboard,Das Keyboard 4C Professional,Das Keyboard,4C Professional,keyboard:das-keyboard:4c-professional,curated_alias,reference_only_needs_verification,needs_review,False,2,Black,False,Standard,tenkeyless,mechanical,Greetech Blue,,wired,general;portable,portable,100.0,112.0,unverified_reference_source;identity_duplicates_collapsed
86d273b52623c4745fc2,docyx_pc_part_dataset_2025_07_23,keyboard,Das Keyboard 4C Ultimate,Das Keyboard,4C Ultimate,keyboard:das-keyboard:4c-ultimate,curated_alias,reference_only_needs_verification,needs_review,False,2,Black,False,Standard,tenkeyless,mechanical,Greetech Blue,,wired,general;portable,portable,100.0,112.0,unverified_reference_source;identity_duplicates_collapsed
67b9e1a5419f41de6d0e,docyx_pc_part_dataset_2025_07_23,keyboard,Das Keyboard DASK3PROMS1,Das Keyboard,DASK3PROMS1,keyboard:das-keyboard:dask3proms1,curated_alias,reference_only_needs_verification,needs_review,False,1,Black,False,Standard,full_size,mechanical,Cherry MX Blue,,wired,general,productivity,100.0,112.0,unverified_reference_source
30305c353e8db80e341f,docyx_pc_part_dataset_2025_07_23,keyboard,Das Keyboard Model S Professional For Mac,Das Keyboard,Model S Professional For Mac,keyboard:das-keyboard:model-s-professional-for-mac,curated_alias,reference_only_needs_verification,needs_review,False,1,Black,False,Standard,full_size,mechanical,Cherry MX Blue,,wired,general,productivity,100.0,112.0,unverified_reference_source
5c3837b675767cff0013,docyx_pc_part_dataset_2025_07_23,keyboard,Das Keyboard Model S Ultimate,Das Keyboard,Model S Ultimate,keyboard:das-keyboard:model-s-ultimate,curated_alias,reference_only_needs_verification,needs_review,False,2,Black,False,Standard,full_size,mechanical,Cherry MX Blue,,wired,general,productivity,100.0,112.0,unverified_reference_source;identity_duplicates_collapsed
ba56acd4fcde6499ed6a,docyx_pc_part_dataset_2025_07_23,keyboard,Das Keyboard Model S Ultimate Silent,Das Keyboard,Model S Ultimate Silent,keyboard:das-keyboard:model-s-ultimate-silent,curated_alias,reference_only_needs_verification,needs_review,False,2,Black,False,Standard,full_size,mechanical,Cherry MX Brown,,wired,general,productivity,100.0,112.0,unverified_reference_source;identity_duplicates_collapsed
b87c599bbbb088a62aa1,docyx_pc_part_dataset_2025_07_23,keyboard,Das Keyboard Das Keyboard Professional Keyboard with Quiet Keys,Das Keyboard,Professional Keyboard with Quiet Keys,keyboard:das-keyboard:professional-keyboard-with-quiet-keys,curated_alias,reference_only_needs_verification,needs_review,False,1,Black,False,Standard,full_size,mechanical,Cherry MX Red,,wired,general,productivity,100.0,112.0,unverified_reference_source
8efed7a936aa0e334d4f,docyx_pc_part_dataset_2025_07_23,keyboard,Das Keyboard Professional S for Mac,Das Keyboard,Professional S for Mac,keyboard:das-keyboard:professional-s-for-mac,curated_alias,reference_only_needs_verification,needs_review,False,1,Black,False,Standard,full_size,mechanical,Cherry MX Blue,,wired,general,productivity,100.0,112.0,unverified_reference_source
a92c2a181791f094414f,docyx_pc_part_dataset_2025_07_23,keyboard,FNATIC miniSTREAK RGB,FNATIC,miniSTREAK RGB,keyboard:fnatic:ministreak-rgb,inferred_first_token,reference_only_needs_verification,needs_review,False,4,Black,True,Gaming,tenkeyless,mechanical,Cherry MX Silent Red,rgb,wired,general;gaming;portable,gaming,100.0,112.0,unverified_reference_source;identity_duplicates_collapsed
01c13c1392d5ba40bd65,docyx_pc_part_dataset_2025_07_23,keyboard,GMMK Glorious Modular Mechanical Gaming Keyboard,GMMK,Glorious Modular Mechanical Gaming Keyboard,keyboard:gmmk:glorious-modular-mechanical-gaming-keyboard,inferred_first_token,reference_only_needs_verification,needs_review,False,1,Black,True,Gaming,tenkeyless,mechanical,Gateron Brown,rgb,wired,general;gaming;portable,gaming,100.0,112.0,unverified_reference_source
8acfb53ff38a3db0aba8,docyx_pc_part_dataset_2025_07_23,keyboard,Gigabyte AORUS THUNDER K3,Gigabyte,AORUS THUNDER K3,keyboard:gigabyte:aorus-thunder-k3,curated_alias,reference_only_needs_verification,needs_review,False,1,Black,False,Gaming,tenkeyless,mechanical,Cherry MX Red,single_colour,wired,general;gaming;portable,gaming,100.0,112.0,unverified_reference_source
4f08fcdd0f458dad0633,docyx_pc_part_dataset_2025_07_23,keyboard,Gigabyte Aorus K9,Gigabyte,Aorus K9,keyboard:gigabyte:aorus-k9,curated_alias,reference_only_needs_verification,needs_review,False,1,Black,False,Standard,full_size,mechanical,Flaretech Red,rgb,wired,general,productivity,100.0,112.0,unverified_reference_source
b113ff80d4f5f3adc6d4,docyx_pc_part_dataset_2025_07_23,keyboard,Gigabyte FORCE K83,Gigabyte,FORCE K83,keyboard:gigabyte:force-k83,curated_alias,reference_only_needs_verification,needs_review,False,2,Black,False,Standard,full_size,mechanical,Cherry MX Red,,wired,general,productivity,100.0,112.0,unverified_reference_source;identity_duplicates_collapsed
4da0e0bf753bdd66272b,docyx_pc_part_dataset_2025_07_23,keyboard,Glorious GMMK,Glorious,GMMK,keyboard:glorious:gmmk,inferred_first_token,reference_only_needs_verification,needs_review,False,3,Black,True,Gaming,tenkeyless,mechanical,Gateron Brown,rgb,wired,general;gaming;portable,gaming,100.0,112.0,unverified_reference_source;identity_duplicates_collapsed
6e13e4c0e8ed843b0d11,docyx_pc_part_dataset_2025_07_23,keyboard,HYTE KEEB TKL,HYTE,KEEB TKL,keyboard:hyte:keeb-tkl,inferred_first_token,reference_only_needs_verification,needs_review,False,1,Black;Clear,True,Gaming,tenkeyless,mechanical,HYTE Fluffy Lavender Linear,rgb,wired,general;gaming;portable,gaming,100.0,112.0,unverified_reference_source
d9eefa754a39de17580a,docyx_pc_part_dataset_2025_07_23,keyboard,IOGEAR Kaliber Gaming MECHLITE,IOGEAR,Kaliber Gaming MECHLITE,keyboard:iogear:kaliber-gaming-mechlite,inferred_first_token,reference_only_needs_verification,needs_review,False,2,Black,True,Standard,full_size,mechanical,Kailh Red,single_colour,wired,general,productivity,100.0,112.0,unverified_reference_source;identity_duplicates_collapsed
0b058b5b96fb5db00373,docyx_pc_part_dataset_2025_07_23,keyboard,Kinesis Gaming Freestyle Edge,Kinesis,Gaming Freestyle Edge,keyboard:kinesis:gaming-freestyle-edge,inferred_first_token,reference_only_needs_verification,needs_review,False,4,Black,True,Ergonomic Split,tenkeyless,mechanical,Cherry MX Red,rgb,wired,general;portable,portable,100.0,112.0,unverified_reference_source;identity_duplicates_collapsed
69a533255e4007d8fb64,docyx_pc_part_dataset_2025_07_23,keyboard,Kinesis Gaming Freestyle Pro,Kinesis,Gaming Freestyle Pro,keyboard:kinesis:gaming-freestyle-pro,inferred_first_token,reference_only_needs_verification,needs_review,False,1,Black,True,Ergonomic Split,tenkeyless,mechanical,Cherry MX Brown,,wired,general;portable,portable,100.0,112.0,unverified_reference_source
ca6bac75f40a815f62ab,docyx_pc_part_dataset_2025_07_23,keyboard,Kinesis Gaming Freestyle Pro Quiet,Kinesis,Gaming Freestyle Pro Quiet,keyboard:kinesis:gaming-freestyle-pro-quiet,inferred_first_token,reference_only_needs_verification,needs_review,False,1,Black,True,Ergonomic Split,tenkeyless,mechanical,Cherry MX Silent Red,,wired,general;portable,portable,100.0,112.0,unverified_reference_source
c2777bd3a10bef5833ce,docyx_pc_part_dataset_2025_07_23,keyboard,Kinesis Gaming KB600,Kinesis,Gaming KB600,keyboard:kinesis:gaming-kb600,inferred_first_token,reference_only_needs_verification,needs_review,False,1,Black;Blue,True,Ergonomic,tenkeyless,mechanical,Cherry MX Brown,,wired,general;portable,portable,100.0,112.0,unverified_reference_source
c812194644d2df9f3fdb,docyx_pc_part_dataset_2025_07_23,keyboard,MSI VIGOR GK70,MSI,VIGOR GK70,keyboard:msi:vigor-gk70,curated_alias,reference_only_needs_verification,needs_review,False,1,Black,False,Gaming,tenkeyless,mechanical,Cherry MX Red,rgb,wired,general;gaming;portable,gaming,100.0,112.0,unverified_reference_source
d517c8017ceb32c3fdc0,docyx_pc_part_dataset_2025_07_23,keyboard,MSI Vigor GK50 Elite,MSI,Vigor GK50 Elite,keyboard:msi:vigor-gk50-elite,curated_alias,reference_only_needs_verification,needs_review,False,2,Black,False,Gaming,tenkeyless,mechanical,Kailh Red,rgb,wired,general;gaming;portable,gaming,100.0,112.0,unverified_reference_source;identity_duplicates_collapsed
447c33a33e656753e678,docyx_pc_part_dataset_2025_07_23,keyboard,Monoprice Dark Matter Collider,Monoprice,Dark Matter Collider,keyboard:monoprice:dark-matter-collider,curated_alias,reference_only_needs_verification,needs_review,False,6,Black,False,Gaming,tenkeyless,mechanical,Cherry MX Red,rgb,wired,general;gaming;portable,gaming,100.0,112.0,unverified_reference_source;identity_duplicates_collapsed
a76f03ce85a143b00860,docyx_pc_part_dataset_2025_07_23,keyboard,Montech MK75DB,Montech,MK75DB,keyboard:montech:mk75db,inferred_first_token,reference_only_needs_verification,needs_review,False,1,Black,True,Mini,tenkeyless,mechanical,Gateron G Pro 3.0 Brown,rgb,wired;wireless;bluetooth,general;portable,portable,100.0,112.0,unverified_reference_source
9bea4109c8209df826e3,docyx_pc_part_dataset_2025_07_23,keyboard,Montech MK75DY,Montech,MK75DY,keyboard:montech:mk75dy,inferred_first_token,reference_only_needs_verification,needs_review,False,1,Black,True,Mini,tenkeyless,mechanical,Gateron G Pro 3.0 Yellow,rgb,wired;wireless;bluetooth,general;portable,portable,100.0,112.0,unverified_reference_source
6cf37b1d855303f57e49,docyx_pc_part_dataset_2025_07_23,keyboard,Montech MK75FB,Montech,MK75FB,keyboard:montech:mk75fb,inferred_first_token,reference_only_needs_verification,needs_review,False,1,Blue;White,True,Mini,tenkeyless,mechanical,Gateron G Pro 3.0 Brown,rgb,wired;wireless;bluetooth,general;portable,portable,100.0,112.0,unverified_reference_source
aa726830ac1e5c5b7b8e,docyx_pc_part_dataset_2025_07_23,keyboard,Montech MK75FY,Montech,MK75FY,keyboard:montech:mk75fy,inferred_first_token,reference_only_needs_verification,needs_review,False,1,Blue;White,True,Mini,tenkeyless,mechanical,Gateron G Pro 3.0 Yellow,rgb,wired;wireless;bluetooth,general;portable,portable,100.0,112.0,unverified_reference_source
0cb1af6cff8b37883668,docyx_pc_part_dataset_2025_07_23,keyboard,Montech MKey,Montech,MKey,keyboard:montech:mkey,inferred_first_token,reference_only_needs_verification,needs_review,False,12,Black;Teal;White,True,Gaming,tenkeyless,mechanical,Gateron G Pro 2.0 Red,rgb,wired,general;gaming;portable,gaming,100.0,112.0,unverified_reference_source;identity_duplicates_collapsed
02a2bf6236a95f31e74f,docyx_pc_part_dataset_2025_07_23,keyboard,NZXT Function 2,NZXT,Function 2,keyboard:nzxt:function-2,inferred_first_token,reference_only_needs_verification,needs_review,False,12,Black;White,True,Gaming,tenkeyless,optical,NZXT Swift Optical 40g,rgb,wired,general;gaming;portable,gaming,100.0,112.0,unverified_reference_source;identity_duplicates_collapsed
7743e910bb273d1ec5fd,docyx_pc_part_dataset_2025_07_23,keyboard,NZXT Function Tenkeyless,NZXT,Function Tenkeyless,keyboard:nzxt:function-tenkeyless,inferred_first_token,reference_only_needs_verification,needs_review,False,2,Black;White,True,Gaming,tenkeyless,mechanical,Gateron Red,rgb,wired,general;gaming;portable,gaming,100.0,112.0,unverified_reference_source;identity_duplicates_collapsed
b0ab5c57670058a73e9e,docyx_pc_part_dataset_2025_07_23,keyboard,ROCCAT RYOS TKL PRO,ROCCAT,RYOS TKL PRO,keyboard:roccat:ryos-tkl-pro,curated_alias,reference_only_needs_verification,needs_review,False,2,Beige;Black;Gray,False,Gaming,tenkeyless,mechanical,Cherry MX Brown,single_colour,wired,general;gaming;portable,gaming,100.0,112.0,unverified_reference_source;identity_duplicates_collapsed
09288eeb822756975868,docyx_pc_part_dataset_2025_07_23,keyboard,ROCCAT SOVA MK,ROCCAT,SOVA MK,keyboard:roccat:sova-mk,curated_alias,reference_only_needs_verification,needs_review,False,1,Black,False,Gaming,tenkeyless,mechanical,TTC Brown,single_colour,wired,general;gaming;portable,gaming,100.0,112.0,unverified_reference_source
4291584c1a90deb46845,docyx_pc_part_dataset_2025_07_23,keyboard,ROCCAT Vulcan TKL,ROCCAT,Vulcan TKL,keyboard:roccat:vulcan-tkl,curated_alias,reference_only_needs_verification,needs_review,False,2,Black,False,Gaming,tenkeyless,mechanical,Roccat Titan Red,rgb,wired,general;gaming;portable,gaming,100.0,112.0,unverified_reference_source;identity_duplicates_collapsed
b03ed68ee66697a845af,docyx_pc_part_dataset_2025_07_23,keyboard,Tecware Phantom RGB,Tecware,Phantom RGB,keyboard:tecware:phantom-rgb,inferred_first_token,reference_only_needs_verification,needs_review,False,5,Black,True,Gaming,tenkeyless,mechanical,Outemu Red,rgb,wired,general;gaming;portable,gaming,100.0,112.0,unverified_reference_source;identity_duplicates_collapsed
fc56eaa39ccde2bb1c9e,docyx_pc_part_dataset_2025_07_23,keyboard,Tecware Phantom+,Tecware,Phantom+,keyboard:tecware:phantom,inferred_first_token,reference_only_needs_verification,needs_review,False,4,Black,True,Gaming,tenkeyless,mechanical,Tecware Wraith Pink,rgb,wired,general;gaming;portable,gaming,100.0,112.0,unverified_reference_source;identity_duplicates_collapsed
4ce2e3a0e8eca8ca0274,docyx_pc_part_dataset_2025_07_23,keyboard,Tecware Phantom+ Elite,Tecware,Phantom+ Elite,keyboard:tecware:phantom-elite,inferred_first_token,reference_only_needs_verification,needs_review,False,8,Black;Gray;White,True,Gaming,tenkeyless,mechanical,Tecware Wraith Brown,rgb,wired;wireless,general;gaming;portable,gaming,100.0,112.0,unverified_reference_source;identity_duplicates_collapsed
9b9aa2ac0685304cabd6,docyx_pc_part_dataset_2025_07_23,keyboard,Thermaltake POSEIDON ZX,Thermaltake,POSEIDON ZX,keyboard:thermaltake:poseidon-zx,curated_alias,reference_only_needs_verification,needs_review,False,1,Black,False,Standard,tenkeyless,mechanical,Kailh Blue,single_colour,wired,general;portable,portable,100.0,112.0,unverified_reference_source
3b2a31c0fb5946d86dc1,docyx_pc_part_dataset_2025_07_23,keyboard,Topre Realforce R3HD11,Topre,Realforce R3HD11,keyboard:topre:realforce-r3hd11,inferred_first_token,reference_only_needs_verification,needs_review,False,1,Black,True,Standard,tenkeyless,mechanical,Topre 30g,,wired;wireless;bluetooth,general;portable,portable,100.0,112.0,unverified_reference_source
51731f15d5e99763bea0,docyx_pc_part_dataset_2025_07_23,keyboard,Topre Realforce R3HD13,Topre,Realforce R3HD13,keyboard:topre:realforce-r3hd13,inferred_first_token,reference_only_needs_verification,needs_review,False,1,Black,True,Standard,tenkeyless,mechanical,Topre 45g,,wired;wireless;bluetooth,general;portable,portable,100.0,112.0,unverified_reference_source
d30266bea47f1edcdc77,docyx_pc_part_dataset_2025_07_23,keyboard,Turtle Beach IMPACT 500,Turtle Beach,IMPACT 500,keyboard:turtle-beach:impact-500,curated_alias,reference_only_needs_verification,needs_review,False,1,Black,False,Standard,tenkeyless,mechanical,Cherry MX Blue,,wired,general;portable,portable,100.0,112.0,unverified_reference_source
402a1e691384e7a3a883,docyx_pc_part_dataset_2025_07_23,keyboard,YEYIAN Akil 3500,YEYIAN,Akil 3500,keyboard:yeyian:akil-3500,inferred_first_token,reference_only_needs_verification,needs_review,False,2,Black,True,Standard,tenkeyless,mechanical,Outemu Red,rgb,wired,general;portable,portable,100.0,112.0,unverified_reference_source;identity_duplicates_collapsed
d2875645080025653086,docyx_pc_part_dataset_2025_07_23,keyboard,YEYIAN Spark 2000,YEYIAN,Spark 2000,keyboard:yeyian:spark-2000,inferred_first_token,reference_only_needs_verification,needs_review,False,2,Black,True,Gaming,tenkeyless,mechanical,Outemu Blue,rgb,wired,general;gaming;portable,gaming,100.0,112.0,unverified_reference_source;identity_duplicates_collapsed
8a93ca154bd63a79fe95,docyx_pc_part_dataset_2025_07_23,keyboard,matias Mini Quiet Pro for PC,matias,Mini Quiet Pro for PC,keyboard:matias:mini-quiet-pro-for-pc,inferred_first_token,reference_only_needs_verification,needs_review,False,1,Black,True,Mini,tenkeyless,mechanical,ALPS White,,wired,general;portable,portable,100.0,112.0,unverified_reference_source
62886bb9be6164646467,docyx_pc_part_dataset_2025_07_23,keyboard,matias Tactile Pro for Mac,matias,Tactile Pro for Mac,keyboard:matias:tactile-pro-for-mac,inferred_first_token,reference_only_needs_verification,needs_review,False,1,White,True,Standard,full_size,mechanical,ALPS Clicky Simplified White,,wired,general,productivity,100.0,112.0,unverified_reference_source
7ee244b0de8e8fb50368,docyx_pc_part_dataset_2025_07_23,keyboard,Corsair K83,Corsair,K83,keyboard:corsair:k83,curated_alias,reference_only_needs_verification,needs_review,False,1,Gray,False,Standard,tenkeyless,,,single_colour,wireless,general;portable,portable,100.0,110.0,unverified_reference_source
22ec93e3f52c3acc8711,docyx_pc_part_dataset_2025_07_23,keyboard,Logitech 920-000021,Logitech,920-000021,keyboard:logitech:920-000021,curated_alias,reference_only_needs_verification,needs_review,False,1,Black,False,Standard,full_size,,,,wired,general,productivity,100.0,110.0,unverified_reference_source
545807565a43ee0457ad,docyx_pc_part_dataset_2025_07_23,keyboard,Logitech 920-003039-1,Logitech,920-003039-1,keyboard:logitech:920-003039-1,curated_alias,reference_only_needs_verification,needs_review,False,1,Black,False,Standard,tenkeyless,,,,wireless,general;portable,portable,100.0,110.0,unverified_reference_source
1a33480b96feccc141b5,docyx_pc_part_dataset_2025_07_23,keyboard,Logitech 920-003687,Logitech,920-003687,keyboard:logitech:920-003687,curated_alias,reference_only_needs_verification,needs_review,False,1,Black,False,Standard,full_size,,,,wired,general,productivity,100.0,110.0,unverified_reference_source
4f1855fa5e8fd14a15dd,docyx_pc_part_dataset_2025_07_23,keyboard,Logitech 920-003693,Logitech,920-003693,keyboard:logitech:920-003693,curated_alias,reference_only_needs_verification,needs_review,False,1,Black,False,Standard,full_size,,,,wired,general,productivity,100.0,110.0,unverified_reference_source
d3ea89ebc2c687c63a11,docyx_pc_part_dataset_2025_07_23,keyboard,Logitech 920-003706,Logitech,920-003706,keyboard:logitech:920-003706,curated_alias,reference_only_needs_verification,needs_review,False,1,Black,False,Standard,full_size,,,,wireless,general;portable,portable,100.0,110.0,unverified_reference_source
20d65b5970741e239152,docyx_pc_part_dataset_2025_07_23,keyboard,Logitech 920-003709,Logitech,920-003709,keyboard:logitech:920-003709,curated_alias,reference_only_needs_verification,needs_review,False,1,Black,False,Standard,full_size,,,,wireless,general;portable,portable,100.0,110.0,unverified_reference_source
48b59582e9033e4eb622,docyx_pc_part_dataset_2025_07_23,keyboard,Logitech 920-003712,Logitech,920-003712,keyboard:logitech:920-003712,curated_alias,reference_only_needs_verification,needs_review,False,1,Black,False,Standard,full_size,,,,wired,general,productivity,100.0,110.0,unverified_reference_source
683c21dce26e4c6deee6,docyx_pc_part_dataset_2025_07_23,keyboard,Logitech 967362-0403,Logitech,967362-0403,keyboard:logitech:967362-0403,curated_alias,reference_only_needs_verification,needs_review,False,1,Black,False,Standard,full_size,,,,wired,general,productivity,100.0,110.0,unverified_reference_source
5be9a750ae75b1d59b3e,docyx_pc_part_dataset_2025_07_23,keyboard,Logitech 967674-0120,Logitech,967674-0120,keyboard:logitech:967674-0120,curated_alias,reference_only_needs_verification,needs_review,False,1,Black,False,Standard,full_size,,,,wired,general,productivity,100.0,110.0,unverified_reference_source
bb2c49d86ec1dbf8f957,docyx_pc_part_dataset_2025_07_23,keyboard,Logitech 967685-0403-1,Logitech,967685-0403-1,keyboard:logitech:967685-0403-1,curated_alias,reference_only_needs_verification,needs_review,False,1,Black;Silver,False,Standard,tenkeyless,,,,wireless;bluetooth,general;portable,portable,100.0,110.0,unverified_reference_source
39ee98821eedb0f2d3bb,docyx_pc_part_dataset_2025_07_23,keyboard,Logitech G11,Logitech,G11,keyboard:logitech:g11,curated_alias,reference_only_needs_verification,needs_review,False,1,Black;Silver,False,Standard,full_size,,,single_colour,wired,general,productivity,100.0,110.0,unverified_reference_source
d002d626ff5ac97c7f06,docyx_pc_part_dataset_2025_07_23,keyboard,Logitech G110,Logitech,G110,keyboard:logitech:g110,curated_alias,reference_only_needs_verification,needs_review,False,1,Black,False,Standard,full_size,,,single_colour,wired,general,productivity,100.0,110.0,unverified_reference_source
74375884e699aa5a2951,docyx_pc_part_dataset_2025_07_23,keyboard,Logitech G19,Logitech,G19,keyboard:logitech:g19,curated_alias,reference_only_needs_verification,needs_review,False,1,Black,False,Standard,full_size,,,single_colour,wired,general,productivity,100.0,110.0,unverified_reference_source
aea3a917963433ae598d,docyx_pc_part_dataset_2025_07_23,keyboard,Logitech K250,Logitech,K250,keyboard:logitech:k250,curated_alias,reference_only_needs_verification,needs_review,False,1,Black,False,Standard,full_size,,,,wireless,general;portable,portable,100.0,110.0,unverified_reference_source
fe01fa68da814912ccf0,docyx_pc_part_dataset_2025_07_23,keyboard,Logitech K320,Logitech,K320,keyboard:logitech:k320,curated_alias,reference_only_needs_verification,needs_review,False,1,Black,False,Standard,full_size,,,,wireless,general;portable,portable,100.0,110.0,unverified_reference_source
599fb925cbde07c85246,docyx_pc_part_dataset_2025_07_23,keyboard,Logitech K350,Logitech,K350,keyboard:logitech:k350,curated_alias,reference_only_needs_verification,needs_review,False,1,Black,False,Ergonomic,ergonomic,,,,wireless,general;portable;productivity;ergonomic,ergonomic,100.0,110.0,unverified_reference_source
1f1f1950d2f21fe14bd8,docyx_pc_part_dataset_2025_07_23,keyboard,Logitech K360,Logitech,K360,keyboard:logitech:k360,curated_alias,reference_only_needs_verification,needs_review,False,7,Black;Gold;Silver;White,False,Mini,compact,,,,wireless,general;portable,portable,100.0,110.0,unverified_reference_source;identity_duplicates_collapsed
f79965707732ef6e97d4,docyx_pc_part_dataset_2025_07_23,keyboard,Logitech K375s,Logitech,K375s,keyboard:logitech:k375s,curated_alias,reference_only_needs_verification,needs_review,False,1,Black,False,Standard,full_size,,,,wireless;bluetooth,general;portable,portable,100.0,110.0,unverified_reference_source
48909dcae4e09e78d54f,docyx_pc_part_dataset_2025_07_23,keyboard,Logitech K400 (920-003070),Logitech,K400 (920-003070),keyboard:logitech:k400-920-003070,curated_alias,reference_only_needs_verification,needs_review,False,1,Black,False,Slim,tenkeyless,,,,wireless,general;portable,portable,100.0,110.0,unverified_reference_source
a8155a64625e7637e9b6,docyx_pc_part_dataset_2025_07_23,keyboard,Logitech K725-C,Logitech,K725-C,keyboard:logitech:k725-c,curated_alias,reference_only_needs_verification,needs_review,False,1,Black,False,Standard,full_size,,,,wired,general,productivity,100.0,110.0,unverified_reference_source
8853b585dacc95a03c23,docyx_pc_part_dataset_2025_07_23,keyboard,Logitech K810,Logitech,K810,keyboard:logitech:k810,curated_alias,reference_only_needs_verification,needs_review,False,2,Black,False,Slim,tenkeyless,,,single_colour,wireless;bluetooth,general;portable,portable,100.0,110.0,unverified_reference_source;identity_duplicates_collapsed
22e655e7cd92638e4111,docyx_pc_part_dataset_2025_07_23,keyboard,Logitech LX310,Logitech,LX310,keyboard:logitech:lx310,curated_alias,reference_only_needs_verification,needs_review,False,1,Black,False,Standard,full_size,,,,wireless,general;portable,portable,100.0,110.0,unverified_reference_source
d32bef533d1a91a488a8,docyx_pc_part_dataset_2025_07_23,keyboard,Logitech MK345,Logitech,MK345,keyboard:logitech:mk345,curated_alias,reference_only_needs_verification,needs_review,False,1,Black;Blue,False,Standard,full_size,,,,wireless,general;portable,portable,100.0,110.0,unverified_reference_source
7fd6a9b9b431132dfa80,docyx_pc_part_dataset_2025_07_23,keyboard,Logitech MK520,Logitech,MK520,keyboard:logitech:mk520,curated_alias,reference_only_needs_verification,needs_review,False,3,Black,False,Ergonomic,ergonomic,,,,wireless,general;portable;productivity;ergonomic,ergonomic,100.0,110.0,unverified_reference_source;identity_duplicates_collapsed
2579fef6b8788b0044b8,docyx_pc_part_dataset_2025_07_23,keyboard,Logitech MK550,Logitech,MK550,keyboard:logitech:mk550,curated_alias,reference_only_needs_verification,needs_review,False,2,Black,False,Ergonomic,ergonomic,,,,wireless,general;portable;productivity;ergonomic,ergonomic,100.0,110.0,unverified_reference_source;identity_duplicates_collapsed
d84b6ed73a745c992212,docyx_pc_part_dataset_2025_07_23,keyboard,Logitech MK560,Logitech,MK560,keyboard:logitech:mk560,curated_alias,reference_only_needs_verification,needs_review,False,1,Black,False,Ergonomic,ergonomic,,,,wireless,general;portable;productivity;ergonomic,ergonomic,100.0,110.0,unverified_reference_source
2cc56c7d8100977f1582,docyx_pc_part_dataset_2025_07_23,keyboard,Logitech MX800,Logitech,MX800,keyboard:logitech:mx800,curated_alias,reference_only_needs_verification,needs_review,False,1,Black,False,Standard,full_size,,,single_colour,wireless,general;portable,portable,100.0,110.0,unverified_reference_source
ba134c4b6ba3c5d9cd1f,docyx_pc_part_dataset_2025_07_23,keyboard,Thermaltake W1,Thermaltake,W1,keyboard:thermaltake:w1,curated_alias,reference_only_needs_verification,needs_review,False,2,Black,True,Standard,full_size,mechanical,Cherry MX Red,,wired;wireless;bluetooth,general;portable,portable,100.0,109.0,unverified_reference_source;identity_duplicates_collapsed
6486952a3de5c5774e18,docyx_pc_part_dataset_2025_07_23,keyboard,A4Tech KRS-85,A4Tech,KRS-85,keyboard:a4tech:krs-85,inferred_first_token,reference_only_needs_verification,needs_review,False,1,Black,True,Standard,full_size,,,,wired,general,productivity,100.0,108.0,unverified_reference_source
b5843bced0e2bcb24044,docyx_pc_part_dataset_2025_07_23,keyboard,Acer Iconia Tab,Acer,Iconia Tab,keyboard:acer:iconia-tab,curated_alias,reference_only_needs_verification,needs_review,False,1,Black,False,Mini,tenkeyless,,,,wireless;bluetooth,general;portable,portable,100.0,108.0,unverified_reference_source
725d58a9beecb0013232,docyx_pc_part_dataset_2025_07_23,keyboard,Adesso ACK-5010PB,Adesso,ACK-5010PB,keyboard:adesso:ack-5010pb,inferred_first_token,reference_only_needs_verification,needs_review,False,1,Black,True,Mini,tenkeyless,,,,wired,general;portable,portable,100.0,108.0,unverified_reference_source
f823533183ca77bc7ac6,docyx_pc_part_dataset_2025_07_23,keyboard,Adesso ACK-595,Adesso,ACK-595,keyboard:adesso:ack-595,inferred_first_token,reference_only_needs_verification,needs_review,False,1,White,True,Mini,tenkeyless,,,,wired,general;portable,portable,100.0,108.0,unverified_reference_source
f1fb83b783a57b86114a,docyx_pc_part_dataset_2025_07_23,keyboard,Adesso ACK-595UB,Adesso,ACK-595UB,keyboard:adesso:ack-595ub,inferred_first_token,reference_only_needs_verification,needs_review,False,1,Black,True,Mini,tenkeyless,,,,wired,general;portable,portable,100.0,108.0,unverified_reference_source
04a60f4dcbb744f3785f,docyx_pc_part_dataset_2025_07_23,keyboard,Adesso AKB-110B,Adesso,AKB-110B,keyboard:adesso:akb-110b,inferred_first_token,reference_only_needs_verification,needs_review,False,1,Black,True,Mini,tenkeyless,,,,wired,general;portable,portable,100.0,108.0,unverified_reference_source
7d2e08778d4c16324abf,docyx_pc_part_dataset_2025_07_23,keyboard,Adesso AKB-110W,Adesso,AKB-110W,keyboard:adesso:akb-110w,inferred_first_token,reference_only_needs_verification,needs_review,False,1,White,True,Mini,tenkeyless,,,,wired,general;portable,portable,100.0,108.0,unverified_reference_source
b8f85a228199c85c58fc,docyx_pc_part_dataset_2025_07_23,keyboard,Adesso AKB-111UB,Adesso,AKB-111UB,keyboard:adesso:akb-111ub,inferred_first_token,reference_only_needs_verification,needs_review,False,1,Black,True,Mini,tenkeyless,,,,wired,general;portable,portable,100.0,108.0,unverified_reference_source
9a7dbe37603197860284,docyx_pc_part_dataset_2025_07_23,keyboard,Adesso AKB-132HB,Adesso,AKB-132HB,keyboard:adesso:akb-132hb,inferred_first_token,reference_only_needs_verification,needs_review,False,1,Black,True,Standard,full_size,,,,wired,general,productivity,100.0,108.0,unverified_reference_source
cb6677bb9a73d885bbd6,docyx_pc_part_dataset_2025_07_23,keyboard,Adesso AKB-132PB,Adesso,AKB-132PB,keyboard:adesso:akb-132pb,inferred_first_token,reference_only_needs_verification,needs_review,False,1,Black,True,Standard,full_size,,,,wired,general,productivity,100.0,108.0,unverified_reference_source
2ca75452f340ae207565,docyx_pc_part_dataset_2025_07_23,keyboard,Adesso AKB-133CB,Adesso,AKB-133CB,keyboard:adesso:akb-133cb,inferred_first_token,reference_only_needs_verification,needs_review,False,1,Black,True,Standard,full_size,,,,wired,general,productivity,100.0,108.0,unverified_reference_source
32144bb2645c3764175a,docyx_pc_part_dataset_2025_07_23,keyboard,Adesso AKB-150SB-TAA,Adesso,AKB-150SB-TAA,keyboard:adesso:akb-150sb-taa,inferred_first_token,reference_only_needs_verification,needs_review,False,1,Black,True,Ergonomic,ergonomic,,,,wired,general;productivity;ergonomic,ergonomic,100.0,108.0,unverified_reference_source
31ff923950d7159434dc,docyx_pc_part_dataset_2025_07_23,keyboard,Adesso AKB-150UB,Adesso,AKB-150UB,keyboard:adesso:akb-150ub,inferred_first_token,reference_only_needs_verification,needs_review,False,1,Black,True,Ergonomic,ergonomic,,,,wired,general;productivity;ergonomic,ergonomic,100.0,108.0,unverified_reference_source
46dc49937361f2ff169a,docyx_pc_part_dataset_2025_07_23,keyboard,Adesso AKB-150UB-TAA,Adesso,AKB-150UB-TAA,keyboard:adesso:akb-150ub-taa,inferred_first_token,reference_only_needs_verification,needs_review,False,1,Black,True,Ergonomic,ergonomic,,,,wired,general;productivity;ergonomic,ergonomic,100.0,108.0,unverified_reference_source
c26b50906e2a33d6857d,docyx_pc_part_dataset_2025_07_23,keyboard,Adesso AKB-160UB,Adesso,AKB-160UB,keyboard:adesso:akb-160ub,inferred_first_token,reference_only_needs_verification,needs_review,False,1,Black,True,Ergonomic,ergonomic,,,,wired,general;productivity;ergonomic,ergonomic,100.0,108.0,unverified_reference_source
0696a019e2fc883a84b9,docyx_pc_part_dataset_2025_07_23,keyboard,Adesso AKB-310UB,Adesso,AKB-310UB,keyboard:adesso:akb-310ub,inferred_first_token,reference_only_needs_verification,needs_review,False,1,Black,True,Mini,tenkeyless,,,,wired,general;portable,portable,100.0,108.0,unverified_reference_source
35eb54f10c64be2798ac,docyx_pc_part_dataset_2025_07_23,keyboard,Adesso AKB-410UB,Adesso,AKB-410UB,keyboard:adesso:akb-410ub,inferred_first_token,reference_only_needs_verification,needs_review,False,1,Black,True,Mini,tenkeyless,,,,wired,general;portable,portable,100.0,108.0,unverified_reference_source
5c1585a48b37be7009dc,docyx_pc_part_dataset_2025_07_23,keyboard,Adesso AKB-425UB,Adesso,AKB-425UB,keyboard:adesso:akb-425ub,inferred_first_token,reference_only_needs_verification,needs_review,False,1,Black,True,Standard,full_size,,,,wired,general,productivity,100.0,108.0,unverified_reference_source
d999598af7f9a24c71d0,docyx_pc_part_dataset_2025_07_23,keyboard,Adesso AKB-450UBw,Adesso,AKB-450UBw,keyboard:adesso:akb-450ubw,inferred_first_token,reference_only_needs_verification,needs_review,False,1,Black,True,Ergonomic,ergonomic,,,,wired,general;productivity;ergonomic,ergonomic,100.0,108.0,unverified_reference_source
5d2272b2c76e9e39b36e,docyx_pc_part_dataset_2025_07_23,keyboard,Adesso AKB-630SB-TAA,Adesso,AKB-630SB-TAA,keyboard:adesso:akb-630sb-taa,inferred_first_token,reference_only_needs_verification,needs_review,False,1,Black,True,Standard,full_size,,,,wired,general,productivity,100.0,108.0,unverified_reference_source
275db5cc8c0e9b003943,docyx_pc_part_dataset_2025_07_23,keyboard,Adesso AKB-630UB,Adesso,AKB-630UB,keyboard:adesso:akb-630ub,inferred_first_token,reference_only_needs_verification,needs_review,False,1,Black,True,Standard,full_size,,,,wired,general,productivity,100.0,108.0,unverified_reference_source
6fe5823ec8bb09ad1af2,docyx_pc_part_dataset_2025_07_23,keyboard,Adesso Antimicrobial Waterproof Flex Keyboard,Adesso,Antimicrobial Waterproof Flex Keyboard,keyboard:adesso:antimicrobial-waterproof-flex-keyboard,inferred_first_token,reference_only_needs_verification,needs_review,False,2,Black,True,Slim,tenkeyless,,,,wired,general;portable,portable,100.0,108.0,unverified_reference_source;identity_duplicates_collapsed
583eff2bcdd6fcb3941a,docyx_pc_part_dataset_2025_07_23,keyboard,Adesso EasyTouch 132,Adesso,EasyTouch 132,keyboard:adesso:easytouch-132,inferred_first_token,reference_only_needs_verification,needs_review,False,1,Black;Yellow,True,Standard,full_size,,,,wired,general,productivity,100.0,108.0,unverified_reference_source
5184522923618f8d165e,docyx_pc_part_dataset_2025_07_23,keyboard,Adesso MCK-91,Adesso,MCK-91,keyboard:adesso:mck-91,inferred_first_token,reference_only_needs_verification,needs_review,False,1,Black,True,Mini,tenkeyless,,,,wired,general;portable,portable,100.0,108.0,unverified_reference_source
6d946c63cfce11f1c42b,docyx_pc_part_dataset_2025_07_23,keyboard,Adesso Multimedia Desktop Keyboard,Adesso,Multimedia Desktop Keyboard,keyboard:adesso:multimedia-desktop-keyboard,inferred_first_token,reference_only_needs_verification,needs_review,False,1,Black,True,Standard,full_size,,,,wired,general,productivity,100.0,108.0,unverified_reference_source
43be278ccb25c815b81a,docyx_pc_part_dataset_2025_07_23,keyboard,Adesso PCK-308UB,Adesso,PCK-308UB,keyboard:adesso:pck-308ub,inferred_first_token,reference_only_needs_verification,needs_review,False,1,Black,True,Ergonomic,ergonomic,,,,wired,general;productivity;ergonomic,ergonomic,100.0,108.0,unverified_reference_source
69193c7e22a95a765b3c,docyx_pc_part_dataset_2025_07_23,keyboard,Adesso SlimTouch,Adesso,SlimTouch,keyboard:adesso:slimtouch,inferred_first_token,reference_only_needs_verification,needs_review,False,1,Black,True,Standard,tenkeyless,,,,wireless,general;portable,portable,100.0,108.0,unverified_reference_source
c895357caa33d9e71a7b,docyx_pc_part_dataset_2025_07_23,keyboard,Adesso SlimTouch 110,Adesso,SlimTouch 110,keyboard:adesso:slimtouch-110,inferred_first_token,reference_only_needs_verification,needs_review,False,1,Black,True,Slim,tenkeyless,,,single_colour,wired,general;portable,portable,100.0,108.0,unverified_reference_source
008e69f47784ec23638e,docyx_pc_part_dataset_2025_07_23,keyboard,Adesso SlimTouch 120 - 3-Color Illuminated Compact Multimedia Keyboard,Adesso,SlimTouch 120 - 3-Color Illuminated Compact Multimedia Keyboard,keyboard:adesso:slimtouch-120-3-color-illuminated-compact-multimedia-keyboard,inferred_first_token,reference_only_needs_verification,needs_review,False,1,Black,True,Standard,full_size,,,single_colour,wired,general,productivity,100.0,108.0,unverified_reference_source
e1911cddc52386850a77,docyx_pc_part_dataset_2025_07_23,keyboard,Adesso SlimTouch 510,Adesso,SlimTouch 510,keyboard:adesso:slimtouch-510,inferred_first_token,reference_only_needs_verification,needs_review,False,1,Black,True,Standard,full_size,,,,wired,general,productivity,100.0,108.0,unverified_reference_source
59e36ce1853efc0c36e4,docyx_pc_part_dataset_2025_07_23,keyboard,Adesso Tru-Form Media 1500,Adesso,Tru-Form Media 1500,keyboard:adesso:tru-form-media-1500,inferred_first_token,reference_only_needs_verification,needs_review,False,1,Black,True,Ergonomic,ergonomic,,,,wireless,general;portable;productivity;ergonomic,ergonomic,100.0,108.0,unverified_reference_source
df041782f93157d96ae7,docyx_pc_part_dataset_2025_07_23,keyboard,Adesso WKB-1100BB,Adesso,WKB-1100BB,keyboard:adesso:wkb-1100bb,inferred_first_token,reference_only_needs_verification,needs_review,False,1,Black,True,Standard,tenkeyless,,,,wireless;bluetooth,general;portable,portable,100.0,108.0,unverified_reference_source
600b87acf527e38e96f4,docyx_pc_part_dataset_2025_07_23,keyboard,Adesso WKB-1100CB,Adesso,WKB-1100CB,keyboard:adesso:wkb-1100cb,inferred_first_token,reference_only_needs_verification,needs_review,False,1,Black,True,Mini,compact,,,,wireless,general;portable,portable,100.0,108.0,unverified_reference_source
d21fb4b6516eae463675,docyx_pc_part_dataset_2025_07_23,keyboard,Adesso WKB-1150CB,Adesso,WKB-1150CB,keyboard:adesso:wkb-1150cb,inferred_first_token,reference_only_needs_verification,needs_review,False,1,Black,True,Ergonomic,tenkeyless,,,,wireless,general;portable,portable,100.0,108.0,unverified_reference_source
2c86b275d7c52cf41a6b,docyx_pc_part_dataset_2025_07_23,keyboard,Adesso WKB-1320CB,Adesso,WKB-1320CB,keyboard:adesso:wkb-1320cb,inferred_first_token,reference_only_needs_verification,needs_review,False,1,Black,True,Standard,full_size,,,,wireless,general;portable,portable,100.0,108.0,unverified_reference_source
34ce3a14a7319ce1a328,docyx_pc_part_dataset_2025_07_23,keyboard,Adesso WKB-1330CB,Adesso,WKB-1330CB,keyboard:adesso:wkb-1330cb,inferred_first_token,reference_only_needs_verification,needs_review,False,1,Black,True,Standard,full_size,,,,wireless,general;portable,portable,100.0,108.0,unverified_reference_source
8e623fb1ad8acb168150,docyx_pc_part_dataset_2025_07_23,keyboard,Adesso WKB-1600CB,Adesso,WKB-1600CB,keyboard:adesso:wkb-1600cb,inferred_first_token,reference_only_needs_verification,needs_review,False,1,Black,True,Ergonomic,ergonomic,,,,wireless,general;portable;productivity;ergonomic,ergonomic,100.0,108.0,unverified_reference_source
4386c7e7c66f7d3fb23c,docyx_pc_part_dataset_2025_07_23,keyboard,Adesso WKB-3100UB,Adesso,WKB-3100UB,keyboard:adesso:wkb-3100ub,inferred_first_token,reference_only_needs_verification,needs_review,False,1,Black,True,Mini,tenkeyless,,,,wireless,general;portable,portable,100.0,108.0,unverified_reference_source
7aca091c07c43eaab835,docyx_pc_part_dataset_2025_07_23,keyboard,Adesso WKB-3150UB,Adesso,WKB-3150UB,keyboard:adesso:wkb-3150ub,inferred_first_token,reference_only_needs_verification,needs_review,False,1,Black,True,Ergonomic,tenkeyless,,,,wireless,general;portable,portable,100.0,108.0,unverified_reference_source
38e2c6f320268abed23a,docyx_pc_part_dataset_2025_07_23,keyboard,Adesso WKB-3500UB,Adesso,WKB-3500UB,keyboard:adesso:wkb-3500ub,inferred_first_token,reference_only_needs_verification,needs_review,False,1,Black,True,Ergonomic,ergonomic,,,,wireless,general;portable;productivity;ergonomic,ergonomic,100.0,108.0,unverified_reference_source
e0d6019616d84d570e6d,docyx_pc_part_dataset_2025_07_23,keyboard,Adesso WKB-4000US,Adesso,WKB-4000US,keyboard:adesso:wkb-4000us,inferred_first_token,reference_only_needs_verification,needs_review,False,1,Gray;Silver,True,Mini,tenkeyless,,,,wireless,general;portable,portable,100.0,108.0,unverified_reference_source
28ee7f874b33f5b2d434,docyx_pc_part_dataset_2025_07_23,keyboard,Adesso WKB-4110UB,Adesso,WKB-4110UB,keyboard:adesso:wkb-4110ub,inferred_first_token,reference_only_needs_verification,needs_review,False,1,Black,True,Mini,tenkeyless,,,,wireless,general;portable,portable,100.0,108.0,unverified_reference_source
9b7bbccd82e8949a8686,docyx_pc_part_dataset_2025_07_23,keyboard,Adesso WKB-4400UB,Adesso,WKB-4400UB,keyboard:adesso:wkb-4400ub,inferred_first_token,reference_only_needs_verification,needs_review,False,1,Black,True,Standard,full_size,,,,wireless,general;portable,portable,100.0,108.0,unverified_reference_source
d019e4b820372f2b23d2,docyx_pc_part_dataset_2025_07_23,keyboard,Adesso WKB-4500UB,Adesso,WKB-4500UB,keyboard:adesso:wkb-4500ub,inferred_first_token,reference_only_needs_verification,needs_review,False,1,Black,True,Ergonomic,ergonomic,,,,wireless,general;portable;productivity;ergonomic,ergonomic,100.0,108.0,unverified_reference_source
1ccfaef40cd9e918742e,docyx_pc_part_dataset_2025_07_23,keyboard,Adesso WKB-5100CB,Adesso,WKB-5100CB,keyboard:adesso:wkb-5100cb,inferred_first_token,reference_only_needs_verification,needs_review,False,1,Black,True,Standard,tenkeyless,,,,wireless,general;portable,portable,100.0,108.0,unverified_reference_source
e4fb1f55ebc1a3270e04,docyx_pc_part_dataset_2025_07_23,keyboard,AmazonBasics KU-0833 +MSU0939,AmazonBasics,KU-0833 +MSU0939,keyboard:amazonbasics:ku-0833-msu0939,inferred_first_token,reference_only_needs_verification,needs_review,False,1,Black,True,Standard,full_size,,,,wired,general,productivity,100.0,108.0,unverified_reference_source
12370b911127b812afa6,docyx_pc_part_dataset_2025_07_23,keyboard,Belkin Keyboard,Belkin,Keyboard,keyboard:belkin:keyboard,inferred_first_token,reference_only_needs_verification,needs_review,False,3,Black,True,Mini,tenkeyless,,,,wired,general;portable,portable,100.0,108.0,unverified_reference_source;identity_duplicates_collapsed
1c7ba3ba226e31ef7e4b,docyx_pc_part_dataset_2025_07_23,keyboard,Cherry Advanced Performance Line,Cherry,Advanced Performance Line,keyboard:cherry:advanced-performance-line,curated_alias,reference_only_needs_verification,needs_review,False,1,Black,False,Standard,full_size,,,,wired,general,productivity,100.0,108.0,unverified_reference_source
d3766f5059b1a9c588e1,docyx_pc_part_dataset_2025_07_23,keyboard,Cherry Advanced Performance Line G83-6744 Smart Board keyboard,Cherry,Advanced Performance Line G83-6744 Smart Board keyboard,keyboard:cherry:advanced-performance-line-g83-6744-smart-board-keyboard,curated_alias,reference_only_needs_verification,needs_review,False,1,Gray,False,Standard,full_size,,,,wired,general,productivity,100.0,108.0,unverified_reference_source
433382415bdb2fd9fe7f,docyx_pc_part_dataset_2025_07_23,keyboard,Cherry Business G83-6104 Keyboard,Cherry,Business G83-6104 Keyboard,keyboard:cherry:business-g83-6104-keyboard,curated_alias,reference_only_needs_verification,needs_review,False,1,Black,False,Standard,full_size,,,,wired,general,productivity,100.0,108.0,unverified_reference_source
faf8c975a1ceafdfac62,docyx_pc_part_dataset_2025_07_23,keyboard,Cherry Classic G83-6105 Keyboard,Cherry,Classic G83-6105 Keyboard,keyboard:cherry:classic-g83-6105-keyboard,curated_alias,reference_only_needs_verification,needs_review,False,1,Black,False,Standard,full_size,,,,wired,general,productivity,100.0,108.0,unverified_reference_source
60f6317ffe245fff9ad4,docyx_pc_part_dataset_2025_07_23,keyboard,Cherry Classic Line G81-1800 PC Keyboard,Cherry,Classic Line G81-1800 PC Keyboard,keyboard:cherry:classic-line-g81-1800-pc-keyboard,curated_alias,reference_only_needs_verification,needs_review,False,1,Gray,False,Standard,full_size,,,,wired,general,productivity,100.0,108.0,unverified_reference_source
48227f64b267dfe8c6d1,docyx_pc_part_dataset_2025_07_23,keyboard,Cherry Classic Line G83-6101 PC Keyboard,Cherry,Classic Line G83-6101 PC Keyboard,keyboard:cherry:classic-line-g83-6101-pc-keyboard,curated_alias,reference_only_needs_verification,needs_review,False,1,Black,False,Standard,full_size,,,,wired,general,productivity,100.0,108.0,unverified_reference_source
d2fdb400f468f9e517d9,docyx_pc_part_dataset_2025_07_23,keyboard,Cherry FingerTIP G83-14501 Keyboard,Cherry,FingerTIP G83-14501 Keyboard,keyboard:cherry:fingertip-g83-14501-keyboard,curated_alias,reference_only_needs_verification,needs_review,False,1,Black,False,Standard,full_size,,,,wired,general,productivity,100.0,108.0,unverified_reference_source
51c68ddbb6a43bdd2aed,docyx_pc_part_dataset_2025_07_23,keyboard,Cherry G80-11900 Series Compact Keyboard,Cherry,G80-11900 Series Compact Keyboard,keyboard:cherry:g80-11900-series-compact-keyboard,curated_alias,reference_only_needs_verification,needs_review,False,1,Gray,False,Standard,full_size,,,,wired,general,productivity,100.0,108.0,unverified_reference_source
c4cd07529f57d9b28eb9,docyx_pc_part_dataset_2025_07_23,keyboard,Cherry G80-11900LTMUS-2,Cherry,G80-11900LTMUS-2,keyboard:cherry:g80-11900ltmus-2,curated_alias,reference_only_needs_verification,needs_review,False,1,Black,False,Standard,full_size,,,,wired,general,productivity,100.0,108.0,unverified_reference_source
c1db64ce142f9ed09c4b,docyx_pc_part_dataset_2025_07_23,keyboard,Cherry G80-8113LRAUS-2,Cherry,G80-8113LRAUS-2,keyboard:cherry:g80-8113lraus-2,curated_alias,reference_only_needs_verification,needs_review,False,1,Black,False,Standard,full_size,,,,wired,general,productivity,100.0,108.0,unverified_reference_source
de4ac5691c305d8468e1,docyx_pc_part_dataset_2025_07_23,keyboard,Cherry G80-8113LRDUS-2,Cherry,G80-8113LRDUS-2,keyboard:cherry:g80-8113lrdus-2,curated_alias,reference_only_needs_verification,needs_review,False,1,Black,False,Standard,full_size,,,,wired,general,productivity,100.0,108.0,unverified_reference_source
9f99cd2cdf0f6e1f19b8,docyx_pc_part_dataset_2025_07_23,keyboard,Cherry G80-8113LUVEU-2,Cherry,G80-8113LUVEU-2,keyboard:cherry:g80-8113luveu-2,curated_alias,reference_only_needs_verification,needs_review,False,1,Black,False,Standard,full_size,,,,wired,general,productivity,100.0,108.0,unverified_reference_source
82e171755c0e1602ee48,docyx_pc_part_dataset_2025_07_23,keyboard,Cherry G80-8200LPDUS-0,Cherry,G80-8200LPDUS-0,keyboard:cherry:g80-8200lpdus-0,curated_alias,reference_only_needs_verification,needs_review,False,1,Gray,False,Standard,full_size,,,,wired,general,productivity,100.0,108.0,unverified_reference_source
8dfd1d02b5772c335038,docyx_pc_part_dataset_2025_07_23,keyboard,Cherry G81-8000LUVEU-2,Cherry,G81-8000LUVEU-2,keyboard:cherry:g81-8000luveu-2,curated_alias,reference_only_needs_verification,needs_review,False,1,White,False,Standard,full_size,,,,wired,general,productivity,100.0,108.0,unverified_reference_source
9b9845e0e8e26115fc73,docyx_pc_part_dataset_2025_07_23,keyboard,Cherry G83-6104LANUS-0,Cherry,G83-6104LANUS-0,keyboard:cherry:g83-6104lanus-0,curated_alias,reference_only_needs_verification,needs_review,False,1,Gray,False,Standard,full_size,,,,wired,general,productivity,100.0,108.0,unverified_reference_source
92fcc92b7e33db304f03,docyx_pc_part_dataset_2025_07_23,keyboard,Cherry G83-6104LPNEU-2,Cherry,G83-6104LPNEU-2,keyboard:cherry:g83-6104lpneu-2,curated_alias,reference_only_needs_verification,needs_review,False,1,Black,False,Standard,full_size,,,,wired,general,productivity,100.0,108.0,unverified_reference_source
201db8001b5a29fbd83d,docyx_pc_part_dataset_2025_07_23,keyboard,Cherry G83-6105 Keyboard,Cherry,G83-6105 Keyboard,keyboard:cherry:g83-6105-keyboard,curated_alias,reference_only_needs_verification,needs_review,False,1,Black,False,Standard,full_size,,,,wired,general,productivity,100.0,108.0,unverified_reference_source
f880d85e5a2623f753e4,docyx_pc_part_dataset_2025_07_23,keyboard,Cherry G83-6644LUAEU-2,Cherry,G83-6644LUAEU-2,keyboard:cherry:g83-6644luaeu-2,curated_alias,reference_only_needs_verification,needs_review,False,1,Black,False,Standard,full_size,,,,wired,general,productivity,100.0,108.0,unverified_reference_source
eb4651e771f49fe21db8,docyx_pc_part_dataset_2025_07_23,keyboard,Cherry G83-6744 Smart Card Keyboard,Cherry,G83-6744 Smart Card Keyboard,keyboard:cherry:g83-6744-smart-card-keyboard,curated_alias,reference_only_needs_verification,needs_review,False,1,Black,False,Standard,full_size,,,,wired,general,productivity,100.0,108.0,unverified_reference_source
cf62ca8d17a59f6b6904,docyx_pc_part_dataset_2025_07_23,keyboard,Cherry G83-6744LUAUS-2,Cherry,G83-6744LUAUS-2,keyboard:cherry:g83-6744luaus-2,curated_alias,reference_only_needs_verification,needs_review,False,1,Black,False,Standard,full_size,,,,wired,general,productivity,100.0,108.0,unverified_reference_source
a573e028c035422b1fa8,docyx_pc_part_dataset_2025_07_23,keyboard,Cherry G84-4420LUBEU-2,Cherry,G84-4420LUBEU-2,keyboard:cherry:g84-4420lubeu-2,curated_alias,reference_only_needs_verification,needs_review,False,1,Black,False,Standard,full_size,,,,wired,general,productivity,100.0,108.0,unverified_reference_source
62bc4c71e0e6bfd42c75,docyx_pc_part_dataset_2025_07_23,keyboard,Cherry G84-5500LPMES-2,Cherry,G84-5500LPMES-2,keyboard:cherry:g84-5500lpmes-2,curated_alias,reference_only_needs_verification,needs_review,False,1,Black,False,Standard,full_size,,,,wired,general,productivity,100.0,108.0,unverified_reference_source
01b41282d8bf748ab32b,docyx_pc_part_dataset_2025_07_23,keyboard,Cherry G86-51410EUADAA,Cherry,G86-51410EUADAA,keyboard:cherry:g86-51410euadaa,curated_alias,reference_only_needs_verification,needs_review,False,1,Black,False,Mini,compact,,,,wired,general;portable,portable,100.0,108.0,unverified_reference_source
357a46604b6d76b3ae77,docyx_pc_part_dataset_2025_07_23,keyboard,Cherry G86-71410EUADAA,Cherry,G86-71410EUADAA,keyboard:cherry:g86-71410euadaa,curated_alias,reference_only_needs_verification,needs_review,False,1,Black,False,Standard,full_size,,,,wired,general,productivity,100.0,108.0,unverified_reference_source
4e8ce4fd6fa81f5a0ea3,docyx_pc_part_dataset_2025_07_23,keyboard,Cherry INITIAL Corded Multimedia Keyboard,Cherry,INITIAL Corded Multimedia Keyboard,keyboard:cherry:initial-corded-multimedia-keyboard,curated_alias,reference_only_needs_verification,needs_review,False,1,Black,False,Standard,full_size,,,,wired,general,productivity,100.0,108.0,unverified_reference_source
2de4031f3617152aa2c5,docyx_pc_part_dataset_2025_07_23,keyboard,Cherry J82-16001 Business K-1 Keyboard,Cherry,J82-16001 Business K-1 Keyboard,keyboard:cherry:j82-16001-business-k-1-keyboard,curated_alias,reference_only_needs_verification,needs_review,False,1,Gray,False,Standard,full_size,,,,wired,general,productivity,100.0,108.0,unverified_reference_source
79266a8ea4c8a3cf9007,docyx_pc_part_dataset_2025_07_23,keyboard,Cherry J82-16001LPNEU-0,Cherry,J82-16001LPNEU-0,keyboard:cherry:j82-16001lpneu-0,curated_alias,reference_only_needs_verification,needs_review,False,1,Black,False,Standard,full_size,,,,wired,general,productivity,100.0,108.0,unverified_reference_source
0b4d02c16c2f6af83b5d,docyx_pc_part_dataset_2025_07_23,keyboard,Cherry J82-16001LPNEU-2,Cherry,J82-16001LPNEU-2,keyboard:cherry:j82-16001lpneu-2,curated_alias,reference_only_needs_verification,needs_review,False,1,Black,False,Standard,full_size,,,,wired,general,productivity,100.0,108.0,unverified_reference_source
5c4664ae30ec62e1bd83,docyx_pc_part_dataset_2025_07_23,keyboard,Cherry J82-16001LUNEU-0,Cherry,J82-16001LUNEU-0,keyboard:cherry:j82-16001luneu-0,curated_alias,reference_only_needs_verification,needs_review,False,1,Gray,False,Standard,full_size,,,,wired,general,productivity,100.0,108.0,unverified_reference_source
a8ad69aab80467bb6977,docyx_pc_part_dataset_2025_07_23,keyboard,Cherry J82-16001LUNEU-2,Cherry,J82-16001LUNEU-2,keyboard:cherry:j82-16001luneu-2,curated_alias,reference_only_needs_verification,needs_review,False,1,Black,False,Standard,full_size,,,,wired,general,productivity,100.0,108.0,unverified_reference_source
6eb2bf16bf0d18ddabb7,docyx_pc_part_dataset_2025_07_23,keyboard,Cherry J84-2120 Keyboard,Cherry,J84-2120 Keyboard,keyboard:cherry:j84-2120-keyboard,curated_alias,reference_only_needs_verification,needs_review,False,1,Black,False,Mini,compact,,,single_colour,wired,general;portable,portable,100.0,108.0,unverified_reference_source
024c12f8493520c6cb3f,docyx_pc_part_dataset_2025_07_23,keyboard,Cherry J842120 Keyboard,Cherry,J842120 Keyboard,keyboard:cherry:j842120-keyboard,curated_alias,reference_only_needs_verification,needs_review,False,1,Blue,False,Mini,compact,,,single_colour,wired,general;portable,portable,100.0,108.0,unverified_reference_source
4da80e16823b3b07be4a,docyx_pc_part_dataset_2025_07_23,keyboard,Cherry JD-0400EU-2,Cherry,JD-0400EU-2,keyboard:cherry:jd-0400eu-2,curated_alias,reference_only_needs_verification,needs_review,False,1,Black,False,Standard,full_size,,,,wireless,general;portable,portable,100.0,108.0,unverified_reference_source
961ce4d019197cf72322,docyx_pc_part_dataset_2025_07_23,keyboard,Cherry JD-0700EU-2,Cherry,JD-0700EU-2,keyboard:cherry:jd-0700eu-2,curated_alias,reference_only_needs_verification,needs_review,False,1,Black,False,Standard,full_size,,,,wireless,general;portable,portable,100.0,108.0,unverified_reference_source
e3437521f0ffda4a2146,docyx_pc_part_dataset_2025_07_23,keyboard,Cherry KW 6000 Keyboard,Cherry,KW 6000 Keyboard,keyboard:cherry:kw-6000-keyboard,curated_alias,reference_only_needs_verification,needs_review,False,1,Black;Silver,False,Slim,tenkeyless,,,,wireless;bluetooth,general;portable,portable,100.0,108.0,unverified_reference_source
a0e42b0c1723fd28dd06,docyx_pc_part_dataset_2025_07_23,keyboard,Cherry STREAM XT,Cherry,STREAM XT,keyboard:cherry:stream-xt,curated_alias,reference_only_needs_verification,needs_review,False,1,Black,False,Standard,full_size,,,,wired,general,productivity,100.0,108.0,unverified_reference_source
d39c5874ac4a0644de36,docyx_pc_part_dataset_2025_07_23,keyboard,Cherry Strait Black 3.0,Cherry,Strait Black 3.0,keyboard:cherry:strait-black-3-0,curated_alias,reference_only_needs_verification,needs_review,False,6,Black,False,Standard,full_size,,,,wired,general,productivity,100.0,108.0,unverified_reference_source;identity_duplicates_collapsed
c41de7d76f8e47124f0f,docyx_pc_part_dataset_2025_07_23,keyboard,Cherry eVolution CONTROL XT,Cherry,eVolution CONTROL XT,keyboard:cherry:evolution-control-xt,curated_alias,reference_only_needs_verification,needs_review,False,1,Black;Silver,False,Standard,full_size,,,,wireless,general;portable,portable,100.0,108.0,unverified_reference_source
441d48809bd44cbfd5c8,docyx_pc_part_dataset_2025_07_23,keyboard,Dell 468-7408 Keyboard,Dell,468-7408 Keyboard,keyboard:dell:468-7408-keyboard,curated_alias,reference_only_needs_verification,needs_review,False,1,Black,False,Standard,full_size,,,,wired,general,productivity,100.0,108.0,unverified_reference_source
97951005d43a1f1c9ba9,docyx_pc_part_dataset_2025_07_23,keyboard,Ergoguys KBS-29BLK,Ergoguys,KBS-29BLK,keyboard:ergoguys:kbs-29blk,inferred_first_token,reference_only_needs_verification,needs_review,False,1,Black,True,Standard,full_size,,,,wired,general,productivity,100.0,108.0,unverified_reference_source
0550b8f7948c173fda37,docyx_pc_part_dataset_2025_07_23,keyboard,Evoluent EKB,Evoluent,EKB,keyboard:evoluent:ekb,inferred_first_token,reference_only_needs_verification,needs_review,False,1,Black,True,Slim,tenkeyless,,,,wired,general;portable,portable,100.0,108.0,unverified_reference_source
a764972088aa2a6859db,docyx_pc_part_dataset_2025_07_23,keyboard,Evoluent R3K Reduced Reach Right-Hand Keyboard,Evoluent,R3K Reduced Reach Right-Hand Keyboard,keyboard:evoluent:r3k-reduced-reach-right-hand-keyboard,inferred_first_token,reference_only_needs_verification,needs_review,False,1,Black,True,Ergonomic,ergonomic,,,,wired,general;productivity;ergonomic,ergonomic,100.0,108.0,unverified_reference_source
0ea083dd9fdd5aa9e993,docyx_pc_part_dataset_2025_07_23,keyboard,Favi FE01-BL,Favi,FE01-BL,keyboard:favi:fe01-bl,inferred_first_token,reference_only_needs_verification,needs_review,False,1,Black,True,Mini,tenkeyless,,,,wireless,general;portable,portable,100.0,108.0,unverified_reference_source
b86e98310d70eb87dfcd,docyx_pc_part_dataset_2025_07_23,keyboard,Gigabyte GK-K6150,Gigabyte,GK-K6150,keyboard:gigabyte:gk-k6150,curated_alias,reference_only_needs_verification,needs_review,False,1,Black,False,Standard,full_size,,,,wired,general,productivity,100.0,108.0,unverified_reference_source
5474d9b617e0c37b2ec2,docyx_pc_part_dataset_2025_07_23,keyboard,Gigabyte GK-K6800,Gigabyte,GK-K6800,keyboard:gigabyte:gk-k6800,curated_alias,reference_only_needs_verification,needs_review,False,1,Black,False,Standard,full_size,,,,wired,general,productivity,100.0,108.0,unverified_reference_source
cc57db51f2f5eaf54500,docyx_pc_part_dataset_2025_07_23,keyboard,Gigabyte GK-KM3100,Gigabyte,GK-KM3100,keyboard:gigabyte:gk-km3100,curated_alias,reference_only_needs_verification,needs_review,False,1,Black,False,Standard,full_size,,,,wired,general,productivity,100.0,108.0,unverified_reference_source
00b0ff62bad4a9576e2e,docyx_pc_part_dataset_2025_07_23,keyboard,Gigabyte GK-KM6150,Gigabyte,GK-KM6150,keyboard:gigabyte:gk-km6150,curated_alias,reference_only_needs_verification,needs_review,False,1,Black,False,Standard,full_size,,,,wired,general,productivity,100.0,108.0,unverified_reference_source
fa16f975b73e8f9ebf81,docyx_pc_part_dataset_2025_07_23,keyboard,HP B1T09AT#ABA,HP,B1T09AT#ABA,keyboard:hp:b1t09at-aba,curated_alias,reference_only_needs_verification,needs_review,False,1,Black,False,Standard,full_size,,,,wired,general,productivity,100.0,108.0,unverified_reference_source
bfe55c27e995e3889694,docyx_pc_part_dataset_2025_07_23,keyboard,HP B1T13AT#ABA,HP,B1T13AT#ABA,keyboard:hp:b1t13at-aba,curated_alias,reference_only_needs_verification,needs_review,False,1,Black,False,Standard,full_size,,,,wired,general,productivity,100.0,108.0,unverified_reference_source
696670d0f9427a4788cb,docyx_pc_part_dataset_2025_07_23,keyboard,HP BT330AA#ABA,HP,BT330AA#ABA,keyboard:hp:bt330aa-aba,curated_alias,reference_only_needs_verification,needs_review,False,1,Black,False,Standard,full_size,,,,wired,general,productivity,100.0,108.0,unverified_reference_source
c001d6eca412ba295561,docyx_pc_part_dataset_2025_07_23,keyboard,HP BV813AA#ABA,HP,BV813AA#ABA,keyboard:hp:bv813aa-aba,curated_alias,reference_only_needs_verification,needs_review,False,1,Silver,False,Standard,full_size,,,,wired,general,productivity,100.0,108.0,unverified_reference_source
582dc07bf3aa4f73aa83,docyx_pc_part_dataset_2025_07_23,keyboard,HP DT527A#ABA,HP,DT527A#ABA,keyboard:hp:dt527a-aba,curated_alias,reference_only_needs_verification,needs_review,False,1,Black,False,Standard,full_size,,,,wired,general,productivity,100.0,108.0,unverified_reference_source
afb0ffc6473b722499c9,docyx_pc_part_dataset_2025_07_23,keyboard,HP DT528A#ABM,HP,DT528A#ABM,keyboard:hp:dt528a-abm,curated_alias,reference_only_needs_verification,needs_review,False,1,Blue;White,False,Standard,full_size,,,,wired,general,productivity,100.0,108.0,unverified_reference_source
5ac838a29e698a60c3a2,docyx_pc_part_dataset_2025_07_23,keyboard,HP DT528AT#ABA,HP,DT528AT#ABA,keyboard:hp:dt528at-aba,curated_alias,reference_only_needs_verification,needs_review,False,1,Black;Silver,False,Standard,full_size,,,,wired,general,productivity,100.0,108.0,unverified_reference_source
f784e56975e17ce51cf9,docyx_pc_part_dataset_2025_07_23,keyboard,HP Elite v2 Keyboard,HP,Elite v2 Keyboard,keyboard:hp:elite-v2-keyboard,curated_alias,reference_only_needs_verification,needs_review,False,1,Black,False,Standard,full_size,,,,wireless,general;portable,portable,100.0,108.0,unverified_reference_source
e019a9d993de50d5c543,docyx_pc_part_dataset_2025_07_23,keyboard,HP FK218AT#ABA,HP,FK218AT#ABA,keyboard:hp:fk218at-aba,curated_alias,reference_only_needs_verification,needs_review,False,1,Black,False,Mini,compact,,,,wired,general;portable,portable,100.0,108.0,unverified_reference_source
b5bb6d01fc14745c9ac8,docyx_pc_part_dataset_2025_07_23,keyboard,HP FK221AT#ABA,HP,FK221AT#ABA,keyboard:hp:fk221at-aba,curated_alias,reference_only_needs_verification,needs_review,False,1,Black,False,Mini,compact,,,,wired,general;portable,portable,100.0,108.0,unverified_reference_source
a672bc86179086fb8e2e,docyx_pc_part_dataset_2025_07_23,keyboard,HP FQ480AA#ABA,HP,FQ480AA#ABA,keyboard:hp:fq480aa-aba,curated_alias,reference_only_needs_verification,needs_review,False,1,Black,False,Standard,full_size,,,,wireless,general;portable,portable,100.0,108.0,unverified_reference_source
76cd483d19f6b3c23a54,docyx_pc_part_dataset_2025_07_23,keyboard,HP G1K29AA#ABA,HP,G1K29AA#ABA,keyboard:hp:g1k29aa-aba,curated_alias,reference_only_needs_verification,needs_review,False,1,Black,False,Standard,full_size,,,,wireless,general;portable,portable,100.0,108.0,unverified_reference_source
29a903bb0d868c036ffc,docyx_pc_part_dataset_2025_07_23,keyboard,HP G1K29UT#ABA,HP,G1K29UT#ABA,keyboard:hp:g1k29ut-aba,curated_alias,reference_only_needs_verification,needs_review,False,1,Black,False,Standard,full_size,,,,wireless,general;portable,portable,100.0,108.0,unverified_reference_source
284d7503344195d5ab17,docyx_pc_part_dataset_2025_07_23,keyboard,HP KF885AA#ABA,HP,KF885AA#ABA,keyboard:hp:kf885aa-aba,curated_alias,reference_only_needs_verification,needs_review,False,1,Black,False,Standard,full_size,,,,wired,general,productivity,100.0,108.0,unverified_reference_source
41bb4eff88ec5b3e13a9,docyx_pc_part_dataset_2025_07_23,keyboard,HP KF886AA#ABA,HP,KF886AA#ABA,keyboard:hp:kf886aa-aba,curated_alias,reference_only_needs_verification,needs_review,False,1,Black,False,Standard,full_size,,,,wired,general,productivity,100.0,108.0,unverified_reference_source
567e1a09b545e5255694,docyx_pc_part_dataset_2025_07_23,keyboard,HP NB896AT,HP,NB896AT,keyboard:hp:nb896at,curated_alias,reference_only_needs_verification,needs_review,False,1,Black;Silver,False,Standard,full_size,,,,wireless,general;portable,portable,100.0,108.0,unverified_reference_source
db5544c86c2cb53c6080,docyx_pc_part_dataset_2025_07_23,keyboard,HP PS/2 Keyboard (QY774AA),HP,PS/2 Keyboard (QY774AA),keyboard:hp:ps-2-keyboard-qy774aa,curated_alias,reference_only_needs_verification,needs_review,False,1,Black,False,Standard,full_size,,,,wired,general,productivity,100.0,108.0,unverified_reference_source
db857e45ba94edd10e75,docyx_pc_part_dataset_2025_07_23,keyboard,HP QY449AA#ABA,HP,QY449AA#ABA,keyboard:hp:qy449aa-aba,curated_alias,reference_only_needs_verification,needs_review,False,1,Black,False,Standard,full_size,,,,wireless,general;portable,portable,100.0,108.0,unverified_reference_source
8038caceba3659e81fe2,docyx_pc_part_dataset_2025_07_23,keyboard,HP QY449AT#ABA,HP,QY449AT#ABA,keyboard:hp:qy449at-aba,curated_alias,reference_only_needs_verification,needs_review,False,1,Black,False,Ergonomic,ergonomic,,,,wireless,general;portable;productivity;ergonomic,ergonomic,100.0,108.0,unverified_reference_source
8f6944ab436abe601b7c,docyx_pc_part_dataset_2025_07_23,keyboard,HP QY776AA,HP,QY776AA,keyboard:hp:qy776aa,curated_alias,reference_only_needs_verification,needs_review,False,1,Black,False,Standard,full_size,,,,wired,general,productivity,100.0,108.0,unverified_reference_source
07ff98c5973f48bab3b8,docyx_pc_part_dataset_2025_07_23,keyboard,HP QY776AA#ABC,HP,QY776AA#ABC,keyboard:hp:qy776aa-abc,curated_alias,reference_only_needs_verification,needs_review,False,1,Black,False,Standard,full_size,,,,wired,general,productivity,100.0,108.0,unverified_reference_source
b83346095431305981e5,docyx_pc_part_dataset_2025_07_23,keyboard,HP RC464AA,HP,RC464AA,keyboard:hp:rc464aa,curated_alias,reference_only_needs_verification,needs_review,False,1,Black;Gray,False,Standard,full_size,,,,wired,general,productivity,100.0,108.0,unverified_reference_source
34e7b98e60c70bee7f4b,docyx_pc_part_dataset_2025_07_23,keyboard,HP Stylish USB Keyboard and Mouse,HP,Stylish USB Keyboard and Mouse,keyboard:hp:stylish-usb-keyboard-and-mouse,curated_alias,reference_only_needs_verification,needs_review,False,1,Black,False,Standard,full_size,,,,wired,general,productivity,100.0,108.0,unverified_reference_source
e14e51902251f4ac73a5,docyx_pc_part_dataset_2025_07_23,keyboard,HP USB Smart Card CCID Keyboard,HP,USB Smart Card CCID Keyboard,keyboard:hp:usb-smart-card-ccid-keyboard,curated_alias,reference_only_needs_verification,needs_review,False,2,Black;Silver,False,Standard,full_size,,,,wired,general,productivity,100.0,108.0,unverified_reference_source;identity_duplicates_collapsed
6144c692a3d2a4a6b244,docyx_pc_part_dataset_2025_07_23,keyboard,HP VF097AA#ABA,HP,VF097AA#ABA,keyboard:hp:vf097aa-aba,curated_alias,reference_only_needs_verification,needs_review,False,1,Black,False,Standard,full_size,,,,wired,general,productivity,100.0,108.0,unverified_reference_source
40e50e00c120c8ef3d3e,docyx_pc_part_dataset_2025_07_23,keyboard,HP Wireless Classic Desktop,HP,Wireless Classic Desktop,keyboard:hp:wireless-classic-desktop,curated_alias,reference_only_needs_verification,needs_review,False,1,Black,False,Standard,full_size,,,,wireless,general;portable,portable,100.0,108.0,unverified_reference_source
71e6654a8389387bebbd,docyx_pc_part_dataset_2025_07_23,keyboard,IOGEAR GKB632B,IOGEAR,GKB632B,keyboard:iogear:gkb632b,inferred_first_token,reference_only_needs_verification,needs_review,False,1,Black,True,Mini,tenkeyless,,,,wireless;bluetooth,general;portable,portable,100.0,108.0,unverified_reference_source
56593324a4c127ab1471,docyx_pc_part_dataset_2025_07_23,keyboard,IOGEAR GKBSR201,IOGEAR,GKBSR201,keyboard:iogear:gkbsr201,inferred_first_token,reference_only_needs_verification,needs_review,False,1,Black,True,Standard,full_size,,,,wired,general,productivity,100.0,108.0,unverified_reference_source
9bcf1c4dc267e7bc027a,docyx_pc_part_dataset_2025_07_23,keyboard,IOGEAR GKBSR202TAA,IOGEAR,GKBSR202TAA,keyboard:iogear:gkbsr202taa,inferred_first_token,reference_only_needs_verification,needs_review,False,1,Black,True,Standard,full_size,,,,wired,general,productivity,100.0,108.0,unverified_reference_source
c8466279d3a7195ec756,docyx_pc_part_dataset_2025_07_23,keyboard,IOGEAR GKBSR202TAAKIT,IOGEAR,GKBSR202TAAKIT,keyboard:iogear:gkbsr202taakit,inferred_first_token,reference_only_needs_verification,needs_review,False,1,Black,True,Standard,full_size,,,,wired,general,productivity,100.0,108.0,unverified_reference_source
cb5825d6c988a5ae2f81,docyx_pc_part_dataset_2025_07_23,keyboard,IOGEAR GKM502,IOGEAR,GKM502,keyboard:iogear:gkm502,inferred_first_token,reference_only_needs_verification,needs_review,False,1,Black;Silver,True,Standard,full_size,,,,wired,general,productivity,100.0,108.0,unverified_reference_source
3478b0679404a142c5f1,docyx_pc_part_dataset_2025_07_23,keyboard,IOGEAR GKM513B,IOGEAR,GKM513B,keyboard:iogear:gkm513b,inferred_first_token,reference_only_needs_verification,needs_review,False,1,Black,True,Standard,full_size,,,,wired,general,productivity,100.0,108.0,unverified_reference_source
fb5ac4e7216e3067086e,docyx_pc_part_dataset_2025_07_23,keyboard,IOGEAR GKM552RB,IOGEAR,GKM552RB,keyboard:iogear:gkm552rb,inferred_first_token,reference_only_needs_verification,needs_review,False,1,Black,True,Standard,full_size,,,,wired;wireless,general;portable,portable,100.0,108.0,unverified_reference_source
85a06043f4034c33fb78,docyx_pc_part_dataset_2025_07_23,keyboard,IOGEAR GKM571R,IOGEAR,GKM571R,keyboard:iogear:gkm571r,inferred_first_token,reference_only_needs_verification,needs_review,False,1,Black,True,Mini,tenkeyless,,,,wireless,general;portable,portable,100.0,108.0,unverified_reference_source
6382b3d81845a76870cf,docyx_pc_part_dataset_2025_07_23,keyboard,IOGEAR GKM611B,IOGEAR,GKM611B,keyboard:iogear:gkm611b,inferred_first_token,reference_only_needs_verification,needs_review,False,1,Black,True,Slim,tenkeyless,,,,wireless;bluetooth,general;portable,portable,100.0,108.0,unverified_reference_source
06f8b32972d8f0b408db,docyx_pc_part_dataset_2025_07_23,keyboard,IOGEAR Smart Card Reader Keyboard (TAA Compliant),IOGEAR,Smart Card Reader Keyboard (TAA Compliant),keyboard:iogear:smart-card-reader-keyboard-taa-compliant,inferred_first_token,reference_only_needs_verification,needs_review,False,1,Black,True,Standard,full_size,,,,wired,general,productivity,100.0,108.0,unverified_reference_source
f5b33d5c6ca619e15b1a,docyx_pc_part_dataset_2025_07_23,keyboard,JLab Epic,JLab,Epic,keyboard:jlab:epic,inferred_first_token,reference_only_needs_verification,needs_review,False,1,Black,True,Standard,full_size,,,,wired;wireless;bluetooth,general;portable,portable,100.0,108.0,unverified_reference_source
20bb9480a18713a13fb6,docyx_pc_part_dataset_2025_07_23,keyboard,Kensington K39514US,Kensington,K39514US,keyboard:kensington:k39514us,curated_alias,reference_only_needs_verification,needs_review,False,1,Black,False,Mini,tenkeyless,,,,wireless;bluetooth,general;portable,portable,100.0,108.0,unverified_reference_source
973595f7d8dc83e1c9fc,docyx_pc_part_dataset_2025_07_23,keyboard,Kensington K72279US,Kensington,K72279US,keyboard:kensington:k72279us,curated_alias,reference_only_needs_verification,needs_review,False,1,Black,False,Mini,compact,,,,wireless,general;portable,portable,100.0,108.0,unverified_reference_source
d5ea8d204e4fc8e914f4,docyx_pc_part_dataset_2025_07_23,keyboard,Kensington KeyFolio Pro 2 39515 Keyboard,Kensington,KeyFolio Pro 2 39515 Keyboard,keyboard:kensington:keyfolio-pro-2-39515-keyboard,curated_alias,reference_only_needs_verification,needs_review,False,1,Black,False,Mini,compact,,,,wireless;bluetooth,general;portable,portable,100.0,108.0,unverified_reference_source
51e8965b8d12227d5fda,docyx_pc_part_dataset_2025_07_23,keyboard,Kensington Pro Fit Wired Media Keyboard,Kensington,Pro Fit Wired Media Keyboard,keyboard:kensington:pro-fit-wired-media-keyboard,curated_alias,reference_only_needs_verification,needs_review,False,2,Black,False,Standard,full_size,,,,wired,general,productivity,100.0,108.0,unverified_reference_source;identity_duplicates_collapsed
79d56be8b89106443ede,docyx_pc_part_dataset_2025_07_23,keyboard,KeyTronic CLASSIC-P1,KeyTronic,CLASSIC-P1,keyboard:keytronic:classic-p1,curated_alias,reference_only_needs_verification,needs_review,False,1,Beige,False,Standard,full_size,,,,wired,general,productivity,100.0,108.0,unverified_reference_source
a5d07240f4b4dc0a9a29,docyx_pc_part_dataset_2025_07_23,keyboard,KeyTronic CLASSIC-P2,KeyTronic,CLASSIC-P2,keyboard:keytronic:classic-p2,curated_alias,reference_only_needs_verification,needs_review,False,1,Black,False,Standard,full_size,,,,wired,general,productivity,100.0,108.0,unverified_reference_source
54d903da516602b986ce,docyx_pc_part_dataset_2025_07_23,keyboard,KeyTronic CLASSIC-U1,KeyTronic,CLASSIC-U1,keyboard:keytronic:classic-u1,curated_alias,reference_only_needs_verification,needs_review,False,1,Beige,False,Standard,full_size,,,,wired,general,productivity,100.0,108.0,unverified_reference_source
f54a820780c878416cc8,docyx_pc_part_dataset_2025_07_23,keyboard,KeyTronic CLASSIC-U2,KeyTronic,CLASSIC-U2,keyboard:keytronic:classic-u2,curated_alias,reference_only_needs_verification,needs_review,False,1,Black,False,Standard,full_size,,,,wired,general,productivity,100.0,108.0,unverified_reference_source
5299c8f43fc2a13d4738,docyx_pc_part_dataset_2025_07_23,keyboard,KeyTronic DESIGNER-P2,KeyTronic,DESIGNER-P2,keyboard:keytronic:designer-p2,curated_alias,reference_only_needs_verification,needs_review,False,1,Black,False,Standard,full_size,,,,wired,general,productivity,100.0,108.0,unverified_reference_source
9f1a8cf918e4d2ac1ec9,docyx_pc_part_dataset_2025_07_23,keyboard,KeyTronic E03601P15PK,KeyTronic,E03601P15PK,keyboard:keytronic:e03601p15pk,curated_alias,reference_only_needs_verification,needs_review,False,1,Beige,False,Standard,full_size,,,,wired,general,productivity,100.0,108.0,unverified_reference_source
a13283e1eb8cd8bc6779,docyx_pc_part_dataset_2025_07_23,keyboard,KeyTronic E03601P25PK,KeyTronic,E03601P25PK,keyboard:keytronic:e03601p25pk,curated_alias,reference_only_needs_verification,needs_review,False,1,Black,False,Standard,full_size,,,,wired,general,productivity,100.0,108.0,unverified_reference_source
e16cdb1617356060f822,docyx_pc_part_dataset_2025_07_23,keyboard,KeyTronic E03601P2M,KeyTronic,E03601P2M,keyboard:keytronic:e03601p2m,curated_alias,reference_only_needs_verification,needs_review,False,1,Black,False,Standard,full_size,,,,wired,general,productivity,100.0,108.0,unverified_reference_source
fcb3cdfd7542bd6c1cd4,docyx_pc_part_dataset_2025_07_23,keyboard,KeyTronic E03601P2M5PK,KeyTronic,E03601P2M5PK,keyboard:keytronic:e03601p2m5pk,curated_alias,reference_only_needs_verification,needs_review,False,1,Black,False,Standard,full_size,,,,wired,general,productivity,100.0,108.0,unverified_reference_source
b442894fa24a7a977831,docyx_pc_part_dataset_2025_07_23,keyboard,KeyTronic E03601U2M,KeyTronic,E03601U2M,keyboard:keytronic:e03601u2m,curated_alias,reference_only_needs_verification,needs_review,False,1,Black,False,Standard,full_size,,,,wired,general,productivity,100.0,108.0,unverified_reference_source
537acb5f528a480c470a,docyx_pc_part_dataset_2025_07_23,keyboard,KeyTronic E03601U2M5PK,KeyTronic,E03601U2M5PK,keyboard:keytronic:e03601u2m5pk,curated_alias,reference_only_needs_verification,needs_review,False,1,Black,False,Standard,full_size,,,,wired,general,productivity,100.0,108.0,unverified_reference_source
23d83b512036e9d9d664,docyx_pc_part_dataset_2025_07_23,keyboard,KeyTronic E05390U2 Keyboard,KeyTronic,E05390U2 Keyboard,keyboard:keytronic:e05390u2-keyboard,curated_alias,reference_only_needs_verification,needs_review,False,1,Black,False,Standard,full_size,,,,wired,general,productivity,100.0,108.0,unverified_reference_source
dd8f12b3c22dfd8b00ae,docyx_pc_part_dataset_2025_07_23,keyboard,KeyTronic E06101USBB,KeyTronic,E06101USBB,keyboard:keytronic:e06101usbb,curated_alias,reference_only_needs_verification,needs_review,False,1,Black,False,Standard,full_size,,,,wired,general,productivity,100.0,108.0,unverified_reference_source
dca764e4889163d36588,docyx_pc_part_dataset_2025_07_23,keyboard,KeyTronic E06101USBC,KeyTronic,E06101USBC,keyboard:keytronic:e06101usbc,curated_alias,reference_only_needs_verification,needs_review,False,1,Beige,False,Standard,full_size,,,,wired,general,productivity,100.0,108.0,unverified_reference_source
e9426bd9cec8104377b4,docyx_pc_part_dataset_2025_07_23,keyboard,KeyTronic F-SCAN-KSC01US Keyboard,KeyTronic,F-SCAN-KSC01US Keyboard,keyboard:keytronic:f-scan-ksc01us-keyboard,curated_alias,reference_only_needs_verification,needs_review,False,1,Beige,False,Standard,full_size,,,,wired,general,productivity,100.0,108.0,unverified_reference_source
360af3572a823a6d2f4b,docyx_pc_part_dataset_2025_07_23,keyboard,KeyTronic KT400P2,KeyTronic,KT400P2,keyboard:keytronic:kt400p2,curated_alias,reference_only_needs_verification,needs_review,False,1,Black,False,Standard,full_size,,,,wired,general,productivity,100.0,108.0,unverified_reference_source
f83e9d98dc8a3057b0c2,docyx_pc_part_dataset_2025_07_23,keyboard,KeyTronic KT400P4,KeyTronic,KT400P4,keyboard:keytronic:kt400p4,curated_alias,reference_only_needs_verification,needs_review,False,1,Gray,False,Standard,full_size,,,,wired,general,productivity,100.0,108.0,unverified_reference_source
55dbdf8b032c19b5f98f,docyx_pc_part_dataset_2025_07_23,keyboard,KeyTronic KT400U2,KeyTronic,KT400U2,keyboard:keytronic:kt400u2,curated_alias,reference_only_needs_verification,needs_review,False,1,Black,False,Standard,full_size,,,,wired,general,productivity,100.0,108.0,unverified_reference_source
5c10928fb170396ff97d,docyx_pc_part_dataset_2025_07_23,keyboard,KeyTronic KT400U4 Keyboard,KeyTronic,KT400U4 Keyboard,keyboard:keytronic:kt400u4-keyboard,curated_alias,reference_only_needs_verification,needs_review,False,1,Black,False,Standard,full_size,,,,wired,general,productivity,100.0,108.0,unverified_reference_source
9da0a73eaf60e837e092,docyx_pc_part_dataset_2025_07_23,keyboard,KeyTronic KT800P2,KeyTronic,KT800P2,keyboard:keytronic:kt800p2,curated_alias,reference_only_needs_verification,needs_review,False,1,Black,False,Standard,full_size,,,,wired,general,productivity,100.0,108.0,unverified_reference_source
946f5fee4e2c67c21911,docyx_pc_part_dataset_2025_07_23,keyboard,KeyTronic KT800P210PK,KeyTronic,KT800P210PK,keyboard:keytronic:kt800p210pk,curated_alias,reference_only_needs_verification,needs_review,False,1,Black,False,Standard,full_size,,,,wired,general,productivity,100.0,108.0,unverified_reference_source
f579e8010096c009a0ab,docyx_pc_part_dataset_2025_07_23,keyboard,KeyTronic KT800P2M10PK,KeyTronic,KT800P2M10PK,keyboard:keytronic:kt800p2m10pk,curated_alias,reference_only_needs_verification,needs_review,False,1,Black,False,Standard,full_size,,,,wired,general,productivity,100.0,108.0,unverified_reference_source
692264a4de35bd757a93,docyx_pc_part_dataset_2025_07_23,keyboard,KeyTronic KT800U210PK,KeyTronic,KT800U210PK,keyboard:keytronic:kt800u210pk,curated_alias,reference_only_needs_verification,needs_review,False,1,Black,False,Standard,full_size,,,,wired,general,productivity,100.0,108.0,unverified_reference_source
702e1b60022158ec0543,docyx_pc_part_dataset_2025_07_23,keyboard,KeyTronic KT800U2M,KeyTronic,KT800U2M,keyboard:keytronic:kt800u2m,curated_alias,reference_only_needs_verification,needs_review,False,1,Black,False,Standard,full_size,,,,wired,general,productivity,100.0,108.0,unverified_reference_source
fcea1e8599ee82ba6220,docyx_pc_part_dataset_2025_07_23,keyboard,KeyTronic KT800U2M10PK,KeyTronic,KT800U2M10PK,keyboard:keytronic:kt800u2m10pk,curated_alias,reference_only_needs_verification,needs_review,False,1,Black,False,Standard,full_size,,,,wired,general,productivity,100.0,108.0,unverified_reference_source
1bb31c89dfcb6611e775,docyx_pc_part_dataset_2025_07_23,keyboard,KeyTronic SCARD-U1,KeyTronic,SCARD-U1,keyboard:keytronic:scard-u1,curated_alias,reference_only_needs_verification,needs_review,False,1,Beige,False,Standard,full_size,,,,wired,general,productivity,100.0,108.0,unverified_reference_source
36a54443066eb775b68a,docyx_pc_part_dataset_2025_07_23,keyboard,KeyTronic SCARD-U2,KeyTronic,SCARD-U2,keyboard:keytronic:scard-u2,curated_alias,reference_only_needs_verification,needs_review,False,1,Black,False,Standard,full_size,,,,wired,general,productivity,100.0,108.0,unverified_reference_source
a4d0968c2b5c2b978326,docyx_pc_part_dataset_2025_07_23,keyboard,KeyTronic TAG-A-LONG-P1,KeyTronic,TAG-A-LONG-P1,keyboard:keytronic:tag-a-long-p1,curated_alias,reference_only_needs_verification,needs_review,False,1,Beige,False,Standard,full_size,,,,wired,general,productivity,100.0,108.0,unverified_reference_source
27fbef3c95e0adf12074,docyx_pc_part_dataset_2025_07_23,keyboard,KeyTronic TAG-A-LONG-P2,KeyTronic,TAG-A-LONG-P2,keyboard:keytronic:tag-a-long-p2,curated_alias,reference_only_needs_verification,needs_review,False,1,Black,False,Standard,full_size,,,,wired,general,productivity,100.0,108.0,unverified_reference_source
8ee331cc450df6389d12,docyx_pc_part_dataset_2025_07_23,keyboard,KeyTronic TAG-A-LONG-U2,KeyTronic,TAG-A-LONG-U2,keyboard:keytronic:tag-a-long-u2,curated_alias,reference_only_needs_verification,needs_review,False,1,Black,False,Standard,full_size,,,,wired,general,productivity,100.0,108.0,unverified_reference_source
e6e32ba1e128eca893b8,docyx_pc_part_dataset_2025_07_23,keyboard,KeyTronic TRACKBALL-P1,KeyTronic,TRACKBALL-P1,keyboard:keytronic:trackball-p1,curated_alias,reference_only_needs_verification,needs_review,False,1,Beige,False,Standard,full_size,,,,wired,general,productivity,100.0,108.0,unverified_reference_source
0ecaf871930f93806c37,docyx_pc_part_dataset_2025_07_23,keyboard,KeyTronic TRACKBALL-P2,KeyTronic,TRACKBALL-P2,keyboard:keytronic:trackball-p2,curated_alias,reference_only_needs_verification,needs_review,False,1,Black,False,Standard,full_size,,,,wired,general,productivity,100.0,108.0,unverified_reference_source
39ff0937254161f14c0b,docyx_pc_part_dataset_2025_07_23,keyboard,KeyTronic TRACKBALL-U1,KeyTronic,TRACKBALL-U1,keyboard:keytronic:trackball-u1,curated_alias,reference_only_needs_verification,needs_review,False,1,Beige,False,Standard,full_size,,,,wired,general,productivity,100.0,108.0,unverified_reference_source
a87321d1714b2ee35e83,docyx_pc_part_dataset_2025_07_23,keyboard,KeyTronic TRACKBALL-U2,KeyTronic,TRACKBALL-U2,keyboard:keytronic:trackball-u2,curated_alias,reference_only_needs_verification,needs_review,False,1,Black,False,Standard,full_size,,,,wired,general,productivity,100.0,108.0,unverified_reference_source
1917aa2e1281fed120d8,docyx_pc_part_dataset_2025_07_23,keyboard,Kinesis Gaming Freestyle2,Kinesis,Gaming Freestyle2,keyboard:kinesis:gaming-freestyle2,inferred_first_token,reference_only_needs_verification,needs_review,False,1,Black,True,Ergonomic Split,tenkeyless,,,,wired,general;portable,portable,100.0,108.0,unverified_reference_source
5a790f4041ff97d5313d,docyx_pc_part_dataset_2025_07_23,keyboard,Kinesis Gaming Freestyle2 Blue,Kinesis,Gaming Freestyle2 Blue,keyboard:kinesis:gaming-freestyle2-blue,inferred_first_token,reference_only_needs_verification,needs_review,False,1,Black,True,Ergonomic Split,tenkeyless,,,,wired;wireless;bluetooth,general;portable,portable,100.0,108.0,unverified_reference_source
a7f293ffd4a3bb4dbfd2,docyx_pc_part_dataset_2025_07_23,keyboard,Lenovo Cherry SmartBoard G83-6644,Lenovo,Cherry SmartBoard G83-6644,keyboard:lenovo:cherry-smartboard-g83-6644,curated_alias,reference_only_needs_verification,needs_review,False,1,Black,False,Standard,full_size,,,,wired,general,productivity,100.0,108.0,unverified_reference_source
0517b9d66dd54fce66c1,docyx_pc_part_dataset_2025_07_23,keyboard,Lenovo Comfort Curve Keyboard 3000,Lenovo,Comfort Curve Keyboard 3000,keyboard:lenovo:comfort-curve-keyboard-3000,curated_alias,reference_only_needs_verification,needs_review,False,1,Black,False,Ergonomic,ergonomic,,,,wired,general;productivity;ergonomic,ergonomic,100.0,108.0,unverified_reference_source
240e46d654a0b97ae8c1,docyx_pc_part_dataset_2025_07_23,keyboard,Lenovo Multimedia Remote Keyboard N5902 (Non-backlit),Lenovo,Multimedia Remote Keyboard N5902 (Non-backlit),keyboard:lenovo:multimedia-remote-keyboard-n5902-non-backlit,curated_alias,reference_only_needs_verification,needs_review,False,1,Black,False,Mini,tenkeyless,,,,wireless,general;portable,portable,100.0,108.0,unverified_reference_source
2ff3bba1e5d007932b70,docyx_pc_part_dataset_2025_07_23,keyboard,Lenovo PREFERRED PRO FULL-SIZE,Lenovo,PREFERRED PRO FULL-SIZE,keyboard:lenovo:preferred-pro-full-size,curated_alias,reference_only_needs_verification,needs_review,False,1,Black,False,Standard,full_size,,,,wired,general,productivity,100.0,108.0,unverified_reference_source
2edfce977d7281fc67af,docyx_pc_part_dataset_2025_07_23,keyboard,Lenovo Preferred Pro II,Lenovo,Preferred Pro II,keyboard:lenovo:preferred-pro-ii,curated_alias,reference_only_needs_verification,needs_review,False,2,Black,False,Standard,full_size,,,,wired,general,productivity,100.0,108.0,unverified_reference_source;identity_duplicates_collapsed
da828bd387b2d42c5cd8,docyx_pc_part_dataset_2025_07_23,keyboard,Lenovo Preferred Pro USB Fingerprint Keyboard -US English,Lenovo,Preferred Pro USB Fingerprint Keyboard -US English,keyboard:lenovo:preferred-pro-usb-fingerprint-keyboard-us-english,curated_alias,reference_only_needs_verification,needs_review,False,1,Black,False,Standard,full_size,,,,wired,general,productivity,100.0,108.0,unverified_reference_source
88c41878a3cba4581a1c,docyx_pc_part_dataset_2025_07_23,keyboard,Mad Catz ECB43002N002/06/1,Mad Catz,ECB43002N002/06/1,keyboard:mad-catz:ecb43002n002-06-1,curated_alias,reference_only_needs_verification,needs_review,False,1,Black,False,Standard,full_size,,,,wired,general,productivity,100.0,108.0,unverified_reference_source
20dbf0a52810727ba5c4,docyx_pc_part_dataset_2025_07_23,keyboard,Mad Catz Eclipse III,Mad Catz,Eclipse III,keyboard:mad-catz:eclipse-iii,curated_alias,reference_only_needs_verification,needs_review,False,1,Black,False,Standard,full_size,,,single_colour,wired,general,productivity,100.0,108.0,unverified_reference_source
21899acc32029b374d0d,docyx_pc_part_dataset_2025_07_23,keyboard,Mad Catz S.T.R.I.K.E.M,Mad Catz,S.T.R.I.K.E.M,keyboard:mad-catz:s-t-r-i-k-e-m,curated_alias,reference_only_needs_verification,needs_review,False,3,Black;Red;Silver;White,False,Mini,tenkeyless,,,single_colour,wireless;bluetooth,general;portable,portable,100.0,108.0,unverified_reference_source;identity_duplicates_collapsed
dc4caaacb2754e9d65eb,docyx_pc_part_dataset_2025_07_23,keyboard,Microsoft Arc,Microsoft,Arc,keyboard:microsoft:arc,curated_alias,reference_only_needs_verification,needs_review,False,2,Black,False,Ergonomic,tenkeyless,,,,wireless,general;portable,portable,100.0,108.0,unverified_reference_source;identity_duplicates_collapsed
f66eaf590516c5c39e2c,docyx_pc_part_dataset_2025_07_23,keyboard,Microsoft B2L-00002B,Microsoft,B2L-00002B,keyboard:microsoft:b2l-00002b,curated_alias,reference_only_needs_verification,needs_review,False,1,Black,False,Ergonomic,ergonomic,,,,wired,general;productivity;ergonomic,ergonomic,100.0,108.0,unverified_reference_source
0a1271103c04f4ba0da7,docyx_pc_part_dataset_2025_07_23,keyboard,Microsoft CSD-00001,Microsoft,CSD-00001,keyboard:microsoft:csd-00001,curated_alias,reference_only_needs_verification,needs_review,False,1,Black,False,Ergonomic,ergonomic,,,,wireless,general;portable;productivity;ergonomic,ergonomic,100.0,108.0,unverified_reference_source
39e99cb23eb5c8815da1,docyx_pc_part_dataset_2025_07_23,keyboard,Microsoft CXD-00001,Microsoft,CXD-00001,keyboard:microsoft:cxd-00001,curated_alias,reference_only_needs_verification,needs_review,False,1,Black,False,Ergonomic,ergonomic,,,,wireless;bluetooth,general;portable;productivity;ergonomic,ergonomic,100.0,108.0,unverified_reference_source
9c2b6a72dde2930c9536,docyx_pc_part_dataset_2025_07_23,keyboard,Microsoft Comfort Desktop 5000 for Business,Microsoft,Comfort Desktop 5000 for Business,keyboard:microsoft:comfort-desktop-5000-for-business,curated_alias,reference_only_needs_verification,needs_review,False,1,Black,False,Ergonomic,ergonomic,,,,wireless,general;portable;productivity;ergonomic,ergonomic,100.0,108.0,unverified_reference_source
10ac107f3e058e466dcb,docyx_pc_part_dataset_2025_07_23,keyboard,Microsoft Comfort Desktop 5050,Microsoft,Comfort Desktop 5050,keyboard:microsoft:comfort-desktop-5050,curated_alias,reference_only_needs_verification,needs_review,False,1,Black,False,Ergonomic,ergonomic,,,,wireless,general;portable;productivity;ergonomic,ergonomic,100.0,108.0,unverified_reference_source
681ad726fe54b1584d71,docyx_pc_part_dataset_2025_07_23,keyboard,Microsoft Desktop 3050,Microsoft,Desktop 3050,keyboard:microsoft:desktop-3050,curated_alias,reference_only_needs_verification,needs_review,False,1,Black,False,Standard,full_size,,,,wireless,general;portable,portable,100.0,108.0,unverified_reference_source
80fb29c7ad488b09a1f8,docyx_pc_part_dataset_2025_07_23,keyboard,Microsoft Desktop 400,Microsoft,Desktop 400,keyboard:microsoft:desktop-400,curated_alias,reference_only_needs_verification,needs_review,False,1,Black,False,Standard,full_size,,,,wired,general,productivity,100.0,108.0,unverified_reference_source
4bf287abd52a3ed53e2d,docyx_pc_part_dataset_2025_07_23,keyboard,Microsoft Desktop 850,Microsoft,Desktop 850,keyboard:microsoft:desktop-850,curated_alias,reference_only_needs_verification,needs_review,False,1,Black,False,Standard,full_size,,,,wireless,general;portable,portable,100.0,108.0,unverified_reference_source
bd667f828663cd379a24,docyx_pc_part_dataset_2025_07_23,keyboard,Microsoft Keyboard 200,Microsoft,Keyboard 200,keyboard:microsoft:keyboard-200,curated_alias,reference_only_needs_verification,needs_review,False,2,Black;White,False,Standard,full_size,,,,wired,general,productivity,100.0,108.0,unverified_reference_source;identity_duplicates_collapsed
7ddbb5717ef4272f4179,docyx_pc_part_dataset_2025_07_23,keyboard,Microsoft Keyboard 400,Microsoft,Keyboard 400,keyboard:microsoft:keyboard-400,curated_alias,reference_only_needs_verification,needs_review,False,1,Black,False,Standard,full_size,,,,wired,general,productivity,100.0,108.0,unverified_reference_source
05eccd472dbd184d800d,docyx_pc_part_dataset_2025_07_23,keyboard,Microsoft L2 Sculpt Comfort Keyboard,Microsoft,L2 Sculpt Comfort Keyboard,keyboard:microsoft:l2-sculpt-comfort-keyboard,curated_alias,reference_only_needs_verification,needs_review,False,1,Black,False,Ergonomic,ergonomic,,,,wireless,general;portable;productivity;ergonomic,ergonomic,100.0,108.0,unverified_reference_source
cad64eb9105385794a6e,docyx_pc_part_dataset_2025_07_23,keyboard,Microsoft LXM-00001,Microsoft,LXM-00001,keyboard:microsoft:lxm-00001,curated_alias,reference_only_needs_verification,needs_review,False,1,Black,False,Ergonomic,ergonomic,,,,wired,general;productivity;ergonomic,ergonomic,100.0,108.0,unverified_reference_source
a508f17773906217e9ba,docyx_pc_part_dataset_2025_07_23,keyboard,Microsoft Natural 4000,Microsoft,Natural 4000,keyboard:microsoft:natural-4000,curated_alias,reference_only_needs_verification,needs_review,False,1,Black,False,Ergonomic,ergonomic,,,,wired,general;productivity;ergonomic,ergonomic,100.0,108.0,unverified_reference_source
765f867610e2328a30c5,docyx_pc_part_dataset_2025_07_23,keyboard,Microsoft Natural Elite,Microsoft,Natural Elite,keyboard:microsoft:natural-elite,curated_alias,reference_only_needs_verification,needs_review,False,1,White,False,Ergonomic,ergonomic,,,,wired,general;productivity;ergonomic,ergonomic,100.0,108.0,unverified_reference_source
5dfc4a85a7723b9a4e9a,docyx_pc_part_dataset_2025_07_23,keyboard,Microsoft Natural Ergonomic Keyboard 4000,Microsoft,Natural Ergonomic Keyboard 4000,keyboard:microsoft:natural-ergonomic-keyboard-4000,curated_alias,reference_only_needs_verification,needs_review,False,1,Black,False,Ergonomic,ergonomic,,,,wired,general;productivity;ergonomic,ergonomic,100.0,108.0,unverified_reference_source
7f3fec7290abaa78fe3e,docyx_pc_part_dataset_2025_07_23,keyboard,Microsoft RJY-00001,Microsoft,RJY-00001,keyboard:microsoft:rjy-00001,curated_alias,reference_only_needs_verification,needs_review,False,1,Black,False,Ergonomic,ergonomic,,,,wired,general;productivity;ergonomic,ergonomic,100.0,108.0,unverified_reference_source
e7d2464741896c163d05,docyx_pc_part_dataset_2025_07_23,keyboard,Microsoft Sculpt Comfort Keyboard for Business,Microsoft,Sculpt Comfort Keyboard for Business,keyboard:microsoft:sculpt-comfort-keyboard-for-business,curated_alias,reference_only_needs_verification,needs_review,False,1,Black,False,Ergonomic,ergonomic,,,,wireless,general;portable;productivity;ergonomic,ergonomic,100.0,108.0,unverified_reference_source
f5b5334019796141b2af,docyx_pc_part_dataset_2025_07_23,keyboard,Microsoft Sculpt Ergonomic Desktop,Microsoft,Sculpt Ergonomic Desktop,keyboard:microsoft:sculpt-ergonomic-desktop,curated_alias,reference_only_needs_verification,needs_review,False,1,Black,False,Ergonomic,ergonomic,,,,wireless,general;portable;productivity;ergonomic,ergonomic,100.0,108.0,unverified_reference_source
3679175004b03c82bb0e,docyx_pc_part_dataset_2025_07_23,keyboard,Microsoft Sculpt Mobile Keyboard,Microsoft,Sculpt Mobile Keyboard,keyboard:microsoft:sculpt-mobile-keyboard,curated_alias,reference_only_needs_verification,needs_review,False,1,Black,False,Ergonomic,tenkeyless,,,,wireless;bluetooth,general;portable,portable,100.0,108.0,unverified_reference_source
32fda8db832d7a035d7b,docyx_pc_part_dataset_2025_07_23,keyboard,Microsoft SideWinder X6,Microsoft,SideWinder X6,keyboard:microsoft:sidewinder-x6,curated_alias,reference_only_needs_verification,needs_review,False,2,Black,False,Standard,full_size,,,single_colour,wired,general,productivity,100.0,108.0,unverified_reference_source;identity_duplicates_collapsed
218a2fc70b993b4a9418,docyx_pc_part_dataset_2025_07_23,keyboard,Microsoft Sidewinder X4 (UK Layout),Microsoft,Sidewinder X4 (UK Layout),keyboard:microsoft:sidewinder-x4-uk-layout,curated_alias,reference_only_needs_verification,needs_review,False,1,Black,False,Standard,full_size,,,,wired,general,productivity,100.0,108.0,unverified_reference_source
adc35eba81d81f7018b9,docyx_pc_part_dataset_2025_07_23,keyboard,Microsoft Wired Desktop 400 UK,Microsoft,Wired Desktop 400 UK,keyboard:microsoft:wired-desktop-400-uk,curated_alias,reference_only_needs_verification,needs_review,False,1,Black,False,Standard,full_size,,,,wired,general,productivity,100.0,108.0,unverified_reference_source
d8a5e1061e326374673f,docyx_pc_part_dataset_2025_07_23,keyboard,Microsoft Wired Desktop 400 for Business,Microsoft,Wired Desktop 400 for Business,keyboard:microsoft:wired-desktop-400-for-business,curated_alias,reference_only_needs_verification,needs_review,False,1,Black,False,Standard,full_size,,,,wired,general,productivity,100.0,108.0,unverified_reference_source
58c875019fb65d607a76,docyx_pc_part_dataset_2025_07_23,keyboard,Microsoft Wireless Desktop 3000,Microsoft,Wireless Desktop 3000,keyboard:microsoft:wireless-desktop-3000,curated_alias,reference_only_needs_verification,needs_review,False,1,Black,False,Standard,full_size,,,,wireless,general;portable,portable,100.0,108.0,unverified_reference_source
e2e2b603595c5541a5f6,docyx_pc_part_dataset_2025_07_23,keyboard,Microsoft YMC-00001,Microsoft,YMC-00001,keyboard:microsoft:ymc-00001,curated_alias,reference_only_needs_verification,needs_review,False,1,Black,False,Standard,full_size,,,,wireless,general;portable,portable,100.0,108.0,unverified_reference_source
88d50bd80016bc3eff36,docyx_pc_part_dataset_2025_07_23,keyboard,Monoprice Essential,Monoprice,Essential,keyboard:monoprice:essential,curated_alias,reference_only_needs_verification,needs_review,False,1,Black,False,Standard,full_size,,,,wired,general,productivity,100.0,108.0,unverified_reference_source
69bc9e0e6e5ab1b7e6cf,docyx_pc_part_dataset_2025_07_23,keyboard,Monoprice K3 Chocolate Style,Monoprice,K3 Chocolate Style,keyboard:monoprice:k3-chocolate-style,curated_alias,reference_only_needs_verification,needs_review,False,1,Black,False,Standard,full_size,,,,wired,general,productivity,100.0,108.0,unverified_reference_source
ec950e7ad507a3248f44,docyx_pc_part_dataset_2025_07_23,keyboard,NZXT KB-101NB-US,NZXT,KB-101NB-US,keyboard:nzxt:kb-101nb-us,inferred_first_token,reference_only_needs_verification,needs_review,False,1,Black,True,Gaming,tenkeyless,,,rgb,wired,general;gaming;portable,gaming,100.0,108.0,unverified_reference_source
2eeda96dc26b241c2a95,docyx_pc_part_dataset_2025_07_23,keyboard,NZXT KB-101NW-US,NZXT,KB-101NW-US,keyboard:nzxt:kb-101nw-us,inferred_first_token,reference_only_needs_verification,needs_review,False,1,White,True,Gaming,tenkeyless,,,rgb,wired,general;gaming;portable,gaming,100.0,108.0,unverified_reference_source
8d2045145cd59be44500,docyx_pc_part_dataset_2025_07_23,keyboard,Panasonic CF-VKBL03AM Keyboard,Panasonic,CF-VKBL03AM Keyboard,keyboard:panasonic:cf-vkbl03am-keyboard,curated_alias,reference_only_needs_verification,needs_review,False,1,Black;Gray,False,Standard,full_size,,,,wired,general,productivity,100.0,108.0,unverified_reference_source
00d2e3083cede8bb0368,docyx_pc_part_dataset_2025_07_23,keyboard,Panasonic Ikey Keyboard,Panasonic,Ikey Keyboard,keyboard:panasonic:ikey-keyboard,curated_alias,reference_only_needs_verification,needs_review,False,1,Black,False,Mini,compact,,,,wired,general;portable,portable,100.0,108.0,unverified_reference_source
241810c38abecc1e0b08,docyx_pc_part_dataset_2025_07_23,keyboard,Panasonic Notebook Keyboard,Panasonic,Notebook Keyboard,keyboard:panasonic:notebook-keyboard,curated_alias,reference_only_needs_verification,needs_review,False,1,Black,False,Standard,full_size,,,,wired,general,productivity,100.0,108.0,unverified_reference_source
94b8de0b4e1e8f655f10,docyx_pc_part_dataset_2025_07_23,keyboard,Perixx PERIBOARD-407B,Perixx,PERIBOARD-407B,keyboard:perixx:periboard-407b,inferred_first_token,reference_only_needs_verification,needs_review,False,1,Black,True,Mini,compact,,,,wired,general;portable,portable,100.0,108.0,unverified_reference_source
23cd3aca7f1727c97129,docyx_pc_part_dataset_2025_07_23,keyboard,Perixx PERIBOARD-407W,Perixx,PERIBOARD-407W,keyboard:perixx:periboard-407w,inferred_first_token,reference_only_needs_verification,needs_review,False,1,White,True,Mini,compact,,,,wired,general;portable,portable,100.0,108.0,unverified_reference_source
949e4abc471234464d79,docyx_pc_part_dataset_2025_07_23,keyboard,Perixx PERIBOARD-409H,Perixx,PERIBOARD-409H,keyboard:perixx:periboard-409h,inferred_first_token,reference_only_needs_verification,needs_review,False,1,Black,True,Mini,compact,,,,wired,general;portable,portable,100.0,108.0,unverified_reference_source
6ecfbb201267ecdc8dcb,docyx_pc_part_dataset_2025_07_23,keyboard,Perixx PERIBOARD-505H PLUS,Perixx,PERIBOARD-505H PLUS,keyboard:perixx:periboard-505h-plus,inferred_first_token,reference_only_needs_verification,needs_review,False,1,Black,True,Mini,compact,,,,wired,general;portable,portable,100.0,108.0,unverified_reference_source
d12594200da1c59e7c9a,docyx_pc_part_dataset_2025_07_23,keyboard,Perixx PERIBOARD-510H PLUS,Perixx,PERIBOARD-510H PLUS,keyboard:perixx:periboard-510h-plus,inferred_first_token,reference_only_needs_verification,needs_review,False,1,Black,True,Mini,compact,,,,wired,general;portable,portable,100.0,108.0,unverified_reference_source
76cca7c9c176f6969247,docyx_pc_part_dataset_2025_07_23,keyboard,ROCCAT SOVA,ROCCAT,SOVA,keyboard:roccat:sova,curated_alias,reference_only_needs_verification,needs_review,False,1,Black,False,Gaming,tenkeyless,,,single_colour,wired,general;gaming;portable,gaming,100.0,108.0,unverified_reference_source
a94e87d1158b721f7281,docyx_pc_part_dataset_2025_07_23,keyboard,SIIG JK-US0012-S1,SIIG,JK-US0012-S1,keyboard:siig:jk-us0012-s1,inferred_first_token,reference_only_needs_verification,needs_review,False,1,Black,True,Standard,full_size,,,,wired,general,productivity,100.0,108.0,unverified_reference_source
56dee0e910bd1c5f7adb,docyx_pc_part_dataset_2025_07_23,keyboard,SIIG JK-WR0T12-S1,SIIG,JK-WR0T12-S1,keyboard:siig:jk-wr0t12-s1,inferred_first_token,reference_only_needs_verification,needs_review,False,1,Black,True,Standard,full_size,,,,wireless,general;portable,portable,100.0,108.0,unverified_reference_source
5e64e6803712bb2f8308,docyx_pc_part_dataset_2025_07_23,keyboard,SMK-Link VersaPoint,SMK-Link,VersaPoint,keyboard:smk-link:versapoint,inferred_first_token,reference_only_needs_verification,needs_review,False,1,Black,True,Standard,tenkeyless,,,,wireless,general;portable,portable,100.0,108.0,unverified_reference_source
abce87b6684cb2686339,docyx_pc_part_dataset_2025_07_23,keyboard,Samsung Keyboard,Samsung,Keyboard,keyboard:samsung:keyboard,curated_alias,reference_only_needs_verification,needs_review,False,1,Black,False,Slim,tenkeyless,,,,wireless;bluetooth,general;portable,portable,100.0,108.0,unverified_reference_source
f316449574185a3734ab,docyx_pc_part_dataset_2025_07_23,keyboard,SolidTek ACK-540,SolidTek,ACK-540,keyboard:solidtek:ack-540,inferred_first_token,reference_only_needs_verification,needs_review,False,2,Black;White,True,Mini,compact,,,,wired,general;portable,portable,100.0,108.0,unverified_reference_source;identity_duplicates_collapsed
9d84af7c7528bbfc1472,docyx_pc_part_dataset_2025_07_23,keyboard,SolidTek ACK-540ALU,SolidTek,ACK-540ALU,keyboard:solidtek:ack-540alu,inferred_first_token,reference_only_needs_verification,needs_review,False,1,Black,True,Standard,full_size,,,,wired,general,productivity,100.0,108.0,unverified_reference_source
cf567a614b32b08fc789,docyx_pc_part_dataset_2025_07_23,keyboard,SolidTek KB-260ABU-SP,SolidTek,KB-260ABU-SP,keyboard:solidtek:kb-260abu-sp,inferred_first_token,reference_only_needs_verification,needs_review,False,1,Black,True,Standard,full_size,,,,wired,general,productivity,100.0,108.0,unverified_reference_source
35cd7c03727cdde17489,docyx_pc_part_dataset_2025_07_23,keyboard,SolidTek KB-5010BU,SolidTek,KB-5010BU,keyboard:solidtek:kb-5010bu,inferred_first_token,reference_only_needs_verification,needs_review,False,1,Black,True,Mini,compact,,,,wired,general;portable,portable,100.0,108.0,unverified_reference_source
69495681b931b242ffb2,docyx_pc_part_dataset_2025_07_23,keyboard,SolidTek KB-595BU,SolidTek,KB-595BU,keyboard:solidtek:kb-595bu,inferred_first_token,reference_only_needs_verification,needs_review,False,1,Black,True,Mini,compact,,,,wired,general;portable,portable,100.0,108.0,unverified_reference_source
d03d79d1e211ecee470a,docyx_pc_part_dataset_2025_07_23,keyboard,Sony SGP-WKB1 Keyboard,Sony,SGP-WKB1 Keyboard,keyboard:sony:sgp-wkb1-keyboard,curated_alias,reference_only_needs_verification,needs_review,False,1,Black,False,Mini,compact,,,,wireless;bluetooth,general;portable,portable,100.0,108.0,unverified_reference_source
d767acc1a74fac7fe545,docyx_pc_part_dataset_2025_07_23,keyboard,Targus AKB30US,Targus,AKB30US,keyboard:targus:akb30us,inferred_first_token,reference_only_needs_verification,needs_review,False,1,Black,True,Standard,full_size,,,,wired,general,productivity,100.0,108.0,unverified_reference_source
3c4955536504f1e021bf,docyx_pc_part_dataset_2025_07_23,keyboard,Targus AKB862US,Targus,AKB862US,keyboard:targus:akb862us,inferred_first_token,reference_only_needs_verification,needs_review,False,1,Black,True,Slim,tenkeyless,,,,wireless;bluetooth,general;portable,portable,100.0,108.0,unverified_reference_source
0601954fef462177b8bb,docyx_pc_part_dataset_2025_07_23,keyboard,Targus AKF003US,Targus,AKF003US,keyboard:targus:akf003us,inferred_first_token,reference_only_needs_verification,needs_review,False,1,Black,True,Mini,tenkeyless,,,,wireless;bluetooth,general;portable,portable,100.0,108.0,unverified_reference_source
0e8402c7167097b0d0cb,docyx_pc_part_dataset_2025_07_23,keyboard,Targus AKM620AMUS,Targus,AKM620AMUS,keyboard:targus:akm620amus,inferred_first_token,reference_only_needs_verification,needs_review,False,1,Black,True,Slim,tenkeyless,,,,wireless;bluetooth,general;portable,portable,100.0,108.0,unverified_reference_source
8ab968afad8f41576cd4,docyx_pc_part_dataset_2025_07_23,keyboard,Targus BUS0067,Targus,BUS0067,keyboard:targus:bus0067,inferred_first_token,reference_only_needs_verification,needs_review,False,1,Black,True,Standard,full_size,,,,wired,general,productivity,100.0,108.0,unverified_reference_source
7688018c052199f9b075,docyx_pc_part_dataset_2025_07_23,keyboard,Targus Corporate Keyboard,Targus,Corporate Keyboard,keyboard:targus:corporate-keyboard,inferred_first_token,reference_only_needs_verification,needs_review,False,1,Black,True,Standard,full_size,,,,wired,general,productivity,100.0,108.0,unverified_reference_source
c9c32139a421474b692f,docyx_pc_part_dataset_2025_07_23,keyboard,Thermaltake KNUCKER Plunger,Thermaltake,KNUCKER Plunger,keyboard:thermaltake:knucker-plunger,curated_alias,reference_only_needs_verification,needs_review,False,1,Black,False,Standard,full_size,,,,wired,general,productivity,100.0,108.0,unverified_reference_source
ced339b1c49cbd7b4593,docyx_pc_part_dataset_2025_07_23,keyboard,V7 KC0A1-4N6P Keyboard,V7,KC0A1-4N6P Keyboard,keyboard:v7:kc0a1-4n6p-keyboard,inferred_first_token,reference_only_needs_verification,needs_review,False,1,Black,True,Standard,full_size,,,,wired,general,productivity,100.0,108.0,unverified_reference_source
9ca3514716ad242accdc,docyx_pc_part_dataset_2025_07_23,keyboard,V7 KC0A2-4L3P Keyboard,V7,KC0A2-4L3P Keyboard,keyboard:v7:kc0a2-4l3p-keyboard,inferred_first_token,reference_only_needs_verification,needs_review,False,1,Black,True,Standard,full_size,,,,wired,general,productivity,100.0,108.0,unverified_reference_source
50a3ba46bf9cc8042eeb,docyx_pc_part_dataset_2025_07_23,keyboard,V7 KC0D1-5N6,V7,KC0D1-5N6,keyboard:v7:kc0d1-5n6,inferred_first_token,reference_only_needs_verification,needs_review,False,1,Black,True,Standard,full_size,,,,wired,general,productivity,100.0,108.0,unverified_reference_source
a96aa9f23279b0a36375,docyx_pc_part_dataset_2025_07_23,keyboard,ViewSonic VPAD-CASE-002,ViewSonic,VPAD-CASE-002,keyboard:viewsonic:vpad-case-002,curated_alias,reference_only_needs_verification,needs_review,False,1,Black,False,Mini,tenkeyless,,,,wireless;bluetooth,general;portable,portable,100.0,108.0,unverified_reference_source
f87a082dc65e8e08faba,docyx_pc_part_dataset_2025_07_23,keyboard,Zalman ZM-K380 Combo,Zalman,ZM-K380 Combo,keyboard:zalman:zm-k380-combo,inferred_first_token,reference_only_needs_verification,needs_review,False,2,Black,True,Standard,full_size,,,,wired,general,productivity,100.0,108.0,unverified_reference_source;identity_duplicates_collapsed
6494af2ccd6e007aedfc,docyx_pc_part_dataset_2025_07_23,keyboard,AUKEY KM-G9,AUKEY,KM-G9,keyboard:aukey:km-g9,inferred_first_token,reference_only_needs_verification,needs_review,False,1,Black,False,Standard,tenkeyless,mechanical,Outemu Blue,,wired,general;portable,portable,100.0,107.0,unverified_reference_source
e5e50bfd12d4b8c288df,docyx_pc_part_dataset_2025_07_23,keyboard,AZIO Levetron Clicker,AZIO,Levetron Clicker,keyboard:azio:levetron-clicker,inferred_first_token,reference_only_needs_verification,needs_review,False,1,Black,False,Standard,full_size,mechanical,ALPS White,,wired,general,productivity,100.0,107.0,unverified_reference_source
47abfaaf8d7f88fca478,docyx_pc_part_dataset_2025_07_23,keyboard,AZIO MGK1 RGB,AZIO,MGK1 RGB,keyboard:azio:mgk1-rgb,inferred_first_token,reference_only_needs_verification,needs_review,False,1,Black,False,Standard,full_size,mechanical,Kailh Blue,rgb,wired,general,productivity,100.0,107.0,unverified_reference_source
14a2320158fb80f438df,docyx_pc_part_dataset_2025_07_23,keyboard,AZIO MK MAC USB,AZIO,MK MAC USB,keyboard:azio:mk-mac-usb,inferred_first_token,reference_only_needs_verification,needs_review,False,1,White,False,Standard,full_size,mechanical,Kailh Brown,single_colour,wired,general,productivity,100.0,107.0,unverified_reference_source
4bfe6f50e6f6ba2e7a98,docyx_pc_part_dataset_2025_07_23,keyboard,Adesso MKB-135B,Adesso,MKB-135B,keyboard:adesso:mkb-135b,inferred_first_token,reference_only_needs_verification,needs_review,False,1,Black,False,Standard,full_size,mechanical,Cherry MX Blue,,wired,general,productivity,100.0,107.0,unverified_reference_source
6e5822cef6b30e73482d,docyx_pc_part_dataset_2025_07_23,keyboard,Akko 5087S Shine-Through,Akko,5087S Shine-Through,keyboard:akko:5087s-shine-through,inferred_first_token,reference_only_needs_verification,needs_review,False,4,Black;White,False,Standard,tenkeyless,mechanical,Akko CS Jelly Pink Linear,rgb,wired,general;portable,portable,100.0,107.0,unverified_reference_source;identity_duplicates_collapsed
2749796f9b2e1fd24ba6,docyx_pc_part_dataset_2025_07_23,keyboard,Cougar ATTACK2-2B,Cougar,ATTACK2-2B,keyboard:cougar:attack2-2b,inferred_first_token,reference_only_needs_verification,needs_review,False,1,Black,False,Standard,full_size,mechanical,Cherry MX Black,,wired,general,productivity,100.0,107.0,unverified_reference_source
db0710f1b31809b0608a,docyx_pc_part_dataset_2025_07_23,keyboard,Cougar ATTACK2-3B,Cougar,ATTACK2-3B,keyboard:cougar:attack2-3b,inferred_first_token,reference_only_needs_verification,needs_review,False,1,Black,False,Standard,full_size,mechanical,Cherry MX Blue,,wired,general,productivity,100.0,107.0,unverified_reference_source
a35d4b606b0116cefe13,docyx_pc_part_dataset_2025_07_23,keyboard,DROP CTRL,DROP,CTRL,keyboard:drop:ctrl,inferred_first_token,reference_only_needs_verification,needs_review,False,6,Black;Silver,False,Gaming,tenkeyless,mechanical,Cherry MX Brown,rgb,wired,general;gaming;portable,gaming,100.0,107.0,unverified_reference_source;identity_duplicates_collapsed
3f0eb0d7b4a9c2b2eac3,docyx_pc_part_dataset_2025_07_23,keyboard,DROP MDX-22176-14,DROP,MDX-22176-14,keyboard:drop:mdx-22176-14,inferred_first_token,reference_only_needs_verification,needs_review,False,1,Gray,False,Gaming,tenkeyless,mechanical,Cherry MX Brown,rgb,wired,general;gaming;portable,gaming,100.0,107.0,unverified_reference_source
752d19c5f062df0753a6,docyx_pc_part_dataset_2025_07_23,keyboard,DROP MDX-22176-16,DROP,MDX-22176-16,keyboard:drop:mdx-22176-16,inferred_first_token,reference_only_needs_verification,needs_review,False,1,Gray,False,Gaming,tenkeyless,mechanical,Kailh Halo Clear,rgb,wired,general;gaming;portable,gaming,100.0,107.0,unverified_reference_source
aad2c816a8b33d93b065,docyx_pc_part_dataset_2025_07_23,keyboard,DROP MDX-22176-19,DROP,MDX-22176-19,keyboard:drop:mdx-22176-19,inferred_first_token,reference_only_needs_verification,needs_review,False,1,Gray,False,Gaming,tenkeyless,mechanical,Cherry MX Blue,rgb,wired,general;gaming;portable,gaming,100.0,107.0,unverified_reference_source
53630cda1c445d36ecb2,docyx_pc_part_dataset_2025_07_23,keyboard,DROP MDX-31827-11,DROP,MDX-31827-11,keyboard:drop:mdx-31827-11,inferred_first_token,reference_only_needs_verification,needs_review,False,1,Black,False,Gaming,tenkeyless,mechanical,Kailh Silver Speed,rgb,wired,general;gaming;portable,gaming,100.0,107.0,unverified_reference_source
55829ca9e68b703436c1,docyx_pc_part_dataset_2025_07_23,keyboard,DROP MDX-31827-13,DROP,MDX-31827-13,keyboard:drop:mdx-31827-13,inferred_first_token,reference_only_needs_verification,needs_review,False,1,Black,False,Gaming,tenkeyless,mechanical,Cherry MX Brown,rgb,wired,general;gaming;portable,gaming,100.0,107.0,unverified_reference_source
33fca42c386aae966ae4,docyx_pc_part_dataset_2025_07_23,keyboard,DROP MDX-31827-9,DROP,MDX-31827-9,keyboard:drop:mdx-31827-9,inferred_first_token,reference_only_needs_verification,needs_review,False,1,Black,False,Gaming,tenkeyless,mechanical,Kailh Halo True,rgb,wired,general;gaming;portable,gaming,100.0,107.0,unverified_reference_source
28c10946ea53ba08a901,docyx_pc_part_dataset_2025_07_23,keyboard,DSI Left Handed,DSI,Left Handed,keyboard:dsi:left-handed,inferred_first_token,reference_only_needs_verification,needs_review,False,1,Black,False,Standard,full_size,mechanical,Cherry MX Black,,wired,general,productivity,100.0,107.0,unverified_reference_source
5458ba167c615a55f1c8,docyx_pc_part_dataset_2025_07_23,keyboard,DSI Modular Mac,DSI,Modular Mac,keyboard:dsi:modular-mac,inferred_first_token,reference_only_needs_verification,needs_review,False,1,Black,False,Slim,tenkeyless,mechanical,Cherry MX Red,,wired,general;portable,portable,100.0,107.0,unverified_reference_source
f41d504ca66cd7fc1ba0,docyx_pc_part_dataset_2025_07_23,keyboard,Deck 82 Ice,Deck,82 Ice,keyboard:deck:82-ice,inferred_first_token,reference_only_needs_verification,needs_review,False,1,Black,False,Mini,tenkeyless,mechanical,Cherry MX Black,single_colour,wired,general;portable,portable,100.0,107.0,unverified_reference_source
e4029bb84dffd4a56cbb,docyx_pc_part_dataset_2025_07_23,keyboard,Deck Francium Pro,Deck,Francium Pro,keyboard:deck:francium-pro,inferred_first_token,reference_only_needs_verification,needs_review,False,1,Black,False,Standard,tenkeyless,mechanical,Cherry MX Brown,single_colour,wired,general;portable,portable,100.0,107.0,unverified_reference_source
c122a9988cc50a16b1db,docyx_pc_part_dataset_2025_07_23,keyboard,Deck Legend Fire,Deck,Legend Fire,keyboard:deck:legend-fire,inferred_first_token,reference_only_needs_verification,needs_review,False,1,Black,False,Standard,full_size,mechanical,Cherry MX Black,single_colour,wired,general,productivity,100.0,107.0,unverified_reference_source
5ab855ff5caa7561ad52,docyx_pc_part_dataset_2025_07_23,keyboard,Deck Legend Ice Tactile,Deck,Legend Ice Tactile,keyboard:deck:legend-ice-tactile,inferred_first_token,reference_only_needs_verification,needs_review,False,1,Black,False,Standard,full_size,mechanical,Cherry MX Clear,single_colour,wired,general,productivity,100.0,107.0,unverified_reference_source
890de3630f2d72f37261,docyx_pc_part_dataset_2025_07_23,keyboard,Deck Legend ToXiC,Deck,Legend ToXiC,keyboard:deck:legend-toxic,inferred_first_token,reference_only_needs_verification,needs_review,False,1,Black,False,Standard,full_size,mechanical,Cherry MX Black,single_colour,wired,general,productivity,100.0,107.0,unverified_reference_source
011278b61cbc908b7bd5,docyx_pc_part_dataset_2025_07_23,keyboard,Drevo BladeMaster PRO,Drevo,BladeMaster PRO,keyboard:drevo:blademaster-pro,inferred_first_token,reference_only_needs_verification,needs_review,False,9,Gray,False,Gaming,tenkeyless,mechanical,Cherry MX Red,rgb,wireless,general;gaming;portable,gaming,100.0,107.0,unverified_reference_source;identity_duplicates_collapsed
69538dbddc2c537aae06,docyx_pc_part_dataset_2025_07_23,keyboard,Drevo BladeMaster TE RGB,Drevo,BladeMaster TE RGB,keyboard:drevo:blademaster-te-rgb,inferred_first_token,reference_only_needs_verification,needs_review,False,3,Black,False,Gaming,tenkeyless,mechanical,Gateron Blue,rgb,wired,general;gaming;portable,gaming,100.0,107.0,unverified_reference_source;identity_duplicates_collapsed
ebb4d2c651f07ebf93a2,docyx_pc_part_dataset_2025_07_23,keyboard,E-element Z88RGB81WRZ,E-element,Z88RGB81WRZ,keyboard:e-element:z88rgb81wrz,inferred_first_token,reference_only_needs_verification,needs_review,False,1,White,False,Mini,tenkeyless,mechanical,Outemu Blue,single_colour,wired,general;portable,portable,100.0,107.0,unverified_reference_source
07b6b9cb778f1775d902,docyx_pc_part_dataset_2025_07_23,keyboard,ENDORFY Thock,ENDORFY,Thock,keyboard:endorfy:thock,inferred_first_token,reference_only_needs_verification,needs_review,False,11,Black,False,Gaming,tenkeyless,mechanical,Kailh Red,rgb,wired,general;gaming;portable,gaming,100.0,107.0,unverified_reference_source;identity_duplicates_collapsed
12d17a97858ed67bc73a,docyx_pc_part_dataset_2025_07_23,keyboard,EagleTec KG010-N,EagleTec,KG010-N,keyboard:eagletec:kg010-n,inferred_first_token,reference_only_needs_verification,needs_review,False,1,Black,False,Standard,full_size,mechanical,Outemu Blue,,wired,general,productivity,100.0,107.0,unverified_reference_source
bcbc5fa14a78ea17f179,docyx_pc_part_dataset_2025_07_23,keyboard,EagleTec KG011-N,EagleTec,KG011-N,keyboard:eagletec:kg011-n,inferred_first_token,reference_only_needs_verification,needs_review,False,1,White,False,Standard,full_size,mechanical,Outemu Blue,,wired,general,productivity,100.0,107.0,unverified_reference_source
be7f213017dbdfa3fa25,docyx_pc_part_dataset_2025_07_23,keyboard,Feenix Autore,Feenix,Autore,keyboard:feenix:autore,inferred_first_token,reference_only_needs_verification,needs_review,False,2,Black,False,Standard,full_size,mechanical,Cherry MX Brown,,wired,general,productivity,100.0,107.0,unverified_reference_source;identity_duplicates_collapsed
e3795e66c3a0b7c0bfd6,docyx_pc_part_dataset_2025_07_23,keyboard,Filco Camo Majestouch-2,Filco,Camo Majestouch-2,keyboard:filco:camo-majestouch-2,inferred_first_token,reference_only_needs_verification,needs_review,False,1,Camo,False,Standard,full_size,mechanical,Cherry MX Brown,,wired,general,productivity,100.0,107.0,unverified_reference_source
1e7487f7ac41b2d3f927,docyx_pc_part_dataset_2025_07_23,keyboard,Filco Majestouch-2,Filco,Majestouch-2,keyboard:filco:majestouch-2,inferred_first_token,reference_only_needs_verification,needs_review,False,9,Beige;Black;Camo;Pink;White,False,Standard,tenkeyless,mechanical,Cherry MX Brown,,wired,general;portable,portable,100.0,107.0,unverified_reference_source;identity_duplicates_collapsed
ccdf5f6da8fdd559859c,docyx_pc_part_dataset_2025_07_23,keyboard,Filco Ninja Majestouch-2,Filco,Ninja Majestouch-2,keyboard:filco:ninja-majestouch-2,inferred_first_token,reference_only_needs_verification,needs_review,False,5,Beige;Black;White,False,Standard,full_size,mechanical,Cherry MX Red,,wired,general,productivity,100.0,107.0,unverified_reference_source;identity_duplicates_collapsed
2b2ba13fb46f08ccc0f7,docyx_pc_part_dataset_2025_07_23,keyboard,Filco Ninja Majestouch-2 TKL,Filco,Ninja Majestouch-2 TKL,keyboard:filco:ninja-majestouch-2-tkl,inferred_first_token,reference_only_needs_verification,needs_review,False,10,Black,False,Standard,tenkeyless,mechanical,Cherry MX Blue,,wired,general;portable,portable,100.0,107.0,unverified_reference_source;identity_duplicates_collapsed
589b9f9064eedc51b097,docyx_pc_part_dataset_2025_07_23,keyboard,GAMDIAS HERMES E3,GAMDIAS,HERMES E3,keyboard:gamdias:hermes-e3,inferred_first_token,reference_only_needs_verification,needs_review,False,2,Black;White,False,Gaming,tenkeyless,mechanical,Outemu Blue,rgb,wired,general;gaming;portable,gaming,100.0,107.0,unverified_reference_source;identity_duplicates_collapsed
76bd5df913fbdd432a7a,docyx_pc_part_dataset_2025_07_23,keyboard,GAMDIAS Hermes M3,GAMDIAS,Hermes M3,keyboard:gamdias:hermes-m3,inferred_first_token,reference_only_needs_verification,needs_review,False,1,Black,False,Gaming,tenkeyless,mechanical,Kailh Blue Low Profile,rgb,wired,general;gaming;portable,gaming,100.0,107.0,unverified_reference_source
9e02caa40a7b6eb11898,docyx_pc_part_dataset_2025_07_23,keyboard,Gear Head KB5500M,Gear,Head KB5500M,keyboard:gear:head-kb5500m,inferred_first_token,reference_only_needs_verification,needs_review,False,1,Black,False,Gaming,tenkeyless,mechanical,Kailh Red,,wired,general;gaming;portable,gaming,100.0,107.0,unverified_reference_source
28fa8cd03ab4fe63c859,docyx_pc_part_dataset_2025_07_23,keyboard,HAVIT HV-KB390L,HAVIT,HV-KB390L,keyboard:havit:hv-kb390l,inferred_first_token,reference_only_needs_verification,needs_review,False,1,Black,False,Gaming,tenkeyless,mechanical,Kailh Blue,single_colour,wired,general;gaming;portable,gaming,100.0,107.0,unverified_reference_source
3141e42d9e93b0bd528d,docyx_pc_part_dataset_2025_07_23,keyboard,Happy Hacking Professional,Happy,Hacking Professional,keyboard:happy:hacking-professional,inferred_first_token,reference_only_needs_verification,needs_review,False,1,Black,False,Mini,tenkeyless,mechanical,Topre 45g,,wireless;bluetooth,general;portable,portable,100.0,107.0,unverified_reference_source
08f51144ece2321b5e87,docyx_pc_part_dataset_2025_07_23,keyboard,Happy Hacking Professional 2,Happy,Hacking Professional 2,keyboard:happy:hacking-professional-2,inferred_first_token,reference_only_needs_verification,needs_review,False,2,Gray;White,False,Standard,tenkeyless,mechanical,Topre 45g,,wired,general;portable,portable,100.0,107.0,unverified_reference_source;identity_duplicates_collapsed
b179a5233ce29c5ad6a8,docyx_pc_part_dataset_2025_07_23,keyboard,Happy Hacking Professional 2 (Non-Printed),Happy,Hacking Professional 2 (Non-Printed),keyboard:happy:hacking-professional-2-non-printed,inferred_first_token,reference_only_needs_verification,needs_review,False,2,Gray;White,False,Standard,tenkeyless,mechanical,Topre 45g,,wired,general;portable,portable,100.0,107.0,unverified_reference_source;identity_duplicates_collapsed
0dc1600a6b9d29b1d300,docyx_pc_part_dataset_2025_07_23,keyboard,Happy Hacking Professional 2 Type S,Happy,Hacking Professional 2 Type S,keyboard:happy:hacking-professional-2-type-s,inferred_first_token,reference_only_needs_verification,needs_review,False,1,White,False,Standard,tenkeyless,mechanical,Topre 45g Silent,,wired,general;portable,portable,100.0,107.0,unverified_reference_source
9270063baa30ec5b82fc,docyx_pc_part_dataset_2025_07_23,keyboard,Happy Hacking Professional 2 Type S (Non-Printed),Happy,Hacking Professional 2 Type S (Non-Printed),keyboard:happy:hacking-professional-2-type-s-non-printed,inferred_first_token,reference_only_needs_verification,needs_review,False,1,White,False,Standard,tenkeyless,mechanical,Topre 45g Silent,,wired,general;portable,portable,100.0,107.0,unverified_reference_source
453b9089cc9e684df9bb,docyx_pc_part_dataset_2025_07_23,keyboard,Hcman Hcman H01,Hcman,Hcman H01,keyboard:hcman:hcman-h01,inferred_first_token,reference_only_needs_verification,needs_review,False,1,Black,False,Gaming,tenkeyless,mechanical,CK Blue,single_colour,wired,general;gaming;portable,gaming,100.0,107.0,unverified_reference_source
e3b805af844b7c6f0c93,docyx_pc_part_dataset_2025_07_23,keyboard,Hcman Hcman H02,Hcman,Hcman H02,keyboard:hcman:hcman-h02,inferred_first_token,reference_only_needs_verification,needs_review,False,1,Black,False,Gaming,tenkeyless,mechanical,CK Blue,single_colour,wired,general;gaming;portable,gaming,100.0,107.0,unverified_reference_source
e0fcd22f6574f78f923d,docyx_pc_part_dataset_2025_07_23,keyboard,IOGEAR GKB710L,IOGEAR,GKB710L,keyboard:iogear:gkb710l,inferred_first_token,reference_only_needs_verification,needs_review,False,1,Black,False,Standard,full_size,mechanical,Kailh Blue,single_colour,wired,general,productivity,100.0,107.0,unverified_reference_source
eb32d7ae7337165ef802,docyx_pc_part_dataset_2025_07_23,keyboard,IQUNIX A80 Explorer,IQUNIX,A80 Explorer,keyboard:iqunix:a80-explorer,inferred_first_token,reference_only_needs_verification,needs_review,False,4,Black;Orange,False,Gaming,tenkeyless,mechanical,Cherry MX Brown,,wired;wireless;bluetooth,general;gaming;portable,gaming,100.0,107.0,unverified_reference_source;identity_duplicates_collapsed
a163b7c85535d0c16cbf,docyx_pc_part_dataset_2025_07_23,keyboard,IQUNIX L80 Formula,IQUNIX,L80 Formula,keyboard:iqunix:l80-formula,inferred_first_token,reference_only_needs_verification,needs_review,False,4,Black;White,False,Gaming,tenkeyless,mechanical,Cherry MX Brown,,wired;wireless;bluetooth,general;gaming;portable,gaming,100.0,107.0,unverified_reference_source;identity_duplicates_collapsed
a86e310f2145828c58ca,docyx_pc_part_dataset_2025_07_23,keyboard,IQUNIX OG80 Dark Side,IQUNIX,OG80 Dark Side,keyboard:iqunix:og80-dark-side,inferred_first_token,reference_only_needs_verification,needs_review,False,5,Black,False,Gaming,tenkeyless,mechanical,TTC Gold Pink,rgb,wired;wireless;bluetooth,general;gaming;portable,gaming,100.0,107.0,unverified_reference_source;identity_duplicates_collapsed
75d26f238373e13b7879,docyx_pc_part_dataset_2025_07_23,keyboard,IQUNIX OG80 Wormhole,IQUNIX,OG80 Wormhole,keyboard:iqunix:og80-wormhole,inferred_first_token,reference_only_needs_verification,needs_review,False,9,Green;White,False,Gaming,tenkeyless,mechanical,TTC Speed Silver,rgb,wired;wireless;bluetooth,general;gaming;portable,gaming,100.0,107.0,unverified_reference_source;identity_duplicates_collapsed
d5786802253f629fec21,docyx_pc_part_dataset_2025_07_23,keyboard,IQUNIX ZX75 Dark Side,IQUNIX,ZX75 Dark Side,keyboard:iqunix:zx75-dark-side,inferred_first_token,reference_only_needs_verification,needs_review,False,3,Black,False,Gaming,tenkeyless,mechanical,TTC Speed Silver,rgb,wired;wireless;bluetooth,general;gaming;portable,gaming,100.0,107.0,unverified_reference_source;identity_duplicates_collapsed
fc3b76d6af5f2adab358,docyx_pc_part_dataset_2025_07_23,keyboard,IQUNIX ZX75 Dark Side RS,IQUNIX,ZX75 Dark Side RS,keyboard:iqunix:zx75-dark-side-rs,inferred_first_token,reference_only_needs_verification,needs_review,False,4,Translucent Black,False,Gaming,tenkeyless,mechanical,TTC Gold Pink,rgb,wired;wireless;bluetooth,general;gaming;portable,gaming,100.0,107.0,unverified_reference_source;identity_duplicates_collapsed
47499a1f2eebd639e4a0,docyx_pc_part_dataset_2025_07_23,keyboard,IQUNIX ZX75 Gravity Wave,IQUNIX,ZX75 Gravity Wave,keyboard:iqunix:zx75-gravity-wave,inferred_first_token,reference_only_needs_verification,needs_review,False,8,White;Yellow,False,Gaming,tenkeyless,mechanical,Cherry MX Brown,rgb,wired;wireless;bluetooth,general;gaming;portable,gaming,100.0,107.0,unverified_reference_source;identity_duplicates_collapsed
2b8139b45c82c60e4b61,docyx_pc_part_dataset_2025_07_23,keyboard,KUL ES-87 Smoke,KUL,ES-87 Smoke,keyboard:kul:es-87-smoke,inferred_first_token,reference_only_needs_verification,needs_review,False,1,Gray,False,Standard,tenkeyless,mechanical,Cherry MX Blue,,wired,general;portable,portable,100.0,107.0,unverified_reference_source
5dac456ab8329e0dfb7a,docyx_pc_part_dataset_2025_07_23,keyboard,Keycool 180 Key White,Keycool,180 Key White,keyboard:keycool:180-key-white,inferred_first_token,reference_only_needs_verification,needs_review,False,4,White,False,Standard,full_size,mechanical,Cherry MX Black,single_colour,wired,general,productivity,100.0,107.0,unverified_reference_source;identity_duplicates_collapsed
7b105b6d13427716fb54,docyx_pc_part_dataset_2025_07_23,keyboard,Keycool Grey Version 84,Keycool,Grey Version 84,keyboard:keycool:grey-version-84,inferred_first_token,reference_only_needs_verification,needs_review,False,1,Black,False,Mini,tenkeyless,mechanical,Cherry MX Black,single_colour,wired,general;portable,portable,100.0,107.0,unverified_reference_source
bacb619794a9a4e1c065,docyx_pc_part_dataset_2025_07_23,keyboard,Keycool KC84BLA-G,Keycool,KC84BLA-G,keyboard:keycool:kc84bla-g,inferred_first_token,reference_only_needs_verification,needs_review,False,1,Black,False,Mini,tenkeyless,mechanical,Cherry MX Black,single_colour,wired,general;portable,portable,100.0,107.0,unverified_reference_source
1ad55edcb5b08f798f37,docyx_pc_part_dataset_2025_07_23,keyboard,Keycool KC84BLA-R,Keycool,KC84BLA-R,keyboard:keycool:kc84bla-r,inferred_first_token,reference_only_needs_verification,needs_review,False,1,Black,False,Mini,tenkeyless,mechanical,Cherry MX Black,single_colour,wired,general;portable,portable,100.0,107.0,unverified_reference_source
124afa7d49620e3e887b,docyx_pc_part_dataset_2025_07_23,keyboard,Keycool KC84BLUE-B,Keycool,KC84BLUE-B,keyboard:keycool:kc84blue-b,inferred_first_token,reference_only_needs_verification,needs_review,False,1,Black,False,Mini,compact,mechanical,Cherry MX Blue,single_colour,wired,general;portable,portable,100.0,107.0,unverified_reference_source
a55ab06329cff0253a0f,docyx_pc_part_dataset_2025_07_23,keyboard,Keycool KC84BLUE-G,Keycool,KC84BLUE-G,keyboard:keycool:kc84blue-g,inferred_first_token,reference_only_needs_verification,needs_review,False,1,Black,False,Mini,tenkeyless,mechanical,Cherry MX Blue,single_colour,wired,general;portable,portable,100.0,107.0,unverified_reference_source
21d6349aeaf736be5005,docyx_pc_part_dataset_2025_07_23,keyboard,Keycool KC84BLUE-W,Keycool,KC84BLUE-W,keyboard:keycool:kc84blue-w,inferred_first_token,reference_only_needs_verification,needs_review,False,1,Black,False,Mini,tenkeyless,mechanical,Cherry MX Blue,single_colour,wired,general;portable,portable,100.0,107.0,unverified_reference_source
c2d79cd8390ceb916671,docyx_pc_part_dataset_2025_07_23,keyboard,Keycool KC84BROWN-B,Keycool,KC84BROWN-B,keyboard:keycool:kc84brown-b,inferred_first_token,reference_only_needs_verification,needs_review,False,1,Black,False,Mini,tenkeyless,mechanical,Cherry MX Brown,single_colour,wired,general;portable,portable,100.0,107.0,unverified_reference_source
0c1f6614bffbae0e9ba2,docyx_pc_part_dataset_2025_07_23,keyboard,Keycool KC84BROWN-G,Keycool,KC84BROWN-G,keyboard:keycool:kc84brown-g,inferred_first_token,reference_only_needs_verification,needs_review,False,1,Black,False,Mini,tenkeyless,mechanical,Cherry MX Brown,single_colour,wired,general;portable,portable,100.0,107.0,unverified_reference_source
4b584aa7e55f8a3178cc,docyx_pc_part_dataset_2025_07_23,keyboard,Keycool KC84BROWN-W,Keycool,KC84BROWN-W,keyboard:keycool:kc84brown-w,inferred_first_token,reference_only_needs_verification,needs_review,False,1,Black,False,Mini,tenkeyless,mechanical,Cherry MX Brown,single_colour,wired,general;portable,portable,100.0,107.0,unverified_reference_source
c243ad115b36cf936fd0,docyx_pc_part_dataset_2025_07_23,keyboard,Keycool KC84RED-B,Keycool,KC84RED-B,keyboard:keycool:kc84red-b,inferred_first_token,reference_only_needs_verification,needs_review,False,1,Black,False,Mini,tenkeyless,mechanical,Cherry MX Red,single_colour,wired,general;portable,portable,100.0,107.0,unverified_reference_source
2811eea03a21e746af62,docyx_pc_part_dataset_2025_07_23,keyboard,Keycool KC84RED-G,Keycool,KC84RED-G,keyboard:keycool:kc84red-g,inferred_first_token,reference_only_needs_verification,needs_review,False,1,Black,False,Mini,tenkeyless,mechanical,Cherry MX Red,single_colour,wired,general;portable,portable,100.0,107.0,unverified_reference_source
fc9556f68193b4516a39,docyx_pc_part_dataset_2025_07_23,keyboard,Keycool KC84RED-W,Keycool,KC84RED-W,keyboard:keycool:kc84red-w,inferred_first_token,reference_only_needs_verification,needs_review,False,1,Black,False,Mini,tenkeyless,mechanical,Cherry MX Red,single_colour,wired,general;portable,portable,100.0,107.0,unverified_reference_source
3279850903e196c42666,docyx_pc_part_dataset_2025_07_23,keyboard,Keycool White Version 84,Keycool,White Version 84,keyboard:keycool:white-version-84,inferred_first_token,reference_only_needs_verification,needs_review,False,1,White,False,Mini,tenkeyless,mechanical,Cherry MX Black,single_colour,wired,general;portable,portable,100.0,107.0,unverified_reference_source
5b4a4219db93616dc247,docyx_pc_part_dataset_2025_07_23,keyboard,Keycool White Version 87,Keycool,White Version 87,keyboard:keycool:white-version-87,inferred_first_token,reference_only_needs_verification,needs_review,False,4,White,False,Mini,tenkeyless,mechanical,Cherry MX Black,single_colour,wired,general;portable,portable,100.0,107.0,unverified_reference_source;identity_duplicates_collapsed
51911c3715d173796842,docyx_pc_part_dataset_2025_07_23,keyboard,Leopold FC200RC/AB,Leopold,FC200RC/AB,keyboard:leopold:fc200rc-ab,inferred_first_token,reference_only_needs_verification,needs_review,False,1,Black,False,Standard,tenkeyless,mechanical,Cherry MX Blue,,wired,general;portable,portable,100.0,107.0,unverified_reference_source
a00e583008447d00f6bc,docyx_pc_part_dataset_2025_07_23,keyboard,Leopold FC200RC/ABN Otaku (Non-Printed),Leopold,FC200RC/ABN Otaku (Non-Printed),keyboard:leopold:fc200rc-abn-otaku-non-printed,inferred_first_token,reference_only_needs_verification,needs_review,False,1,Black,False,Standard,tenkeyless,mechanical,Cherry MX Blue,,wired,general;portable,portable,100.0,107.0,unverified_reference_source
25c799d8c9be33d33c38,docyx_pc_part_dataset_2025_07_23,keyboard,Leopold FC200RL/AB,Leopold,FC200RL/AB,keyboard:leopold:fc200rl-ab,inferred_first_token,reference_only_needs_verification,needs_review,False,1,Black,False,Standard,tenkeyless,mechanical,Cherry MX Black,,wired,general;portable,portable,100.0,107.0,unverified_reference_source
59b556cce757e2d2c1e8,docyx_pc_part_dataset_2025_07_23,keyboard,Leopold FC200RR/AB,Leopold,FC200RR/AB,keyboard:leopold:fc200rr-ab,inferred_first_token,reference_only_needs_verification,needs_review,False,1,Black,False,Standard,tenkeyless,mechanical,Cherry MX Red,,wired,general;portable,portable,100.0,107.0,unverified_reference_source
d08a85419661524caf25,docyx_pc_part_dataset_2025_07_23,keyboard,Leopold FC200RR/ABN Otaku (Non-Printed),Leopold,FC200RR/ABN Otaku (Non-Printed),keyboard:leopold:fc200rr-abn-otaku-non-printed,inferred_first_token,reference_only_needs_verification,needs_review,False,1,Black,False,Standard,tenkeyless,mechanical,Cherry MX Red,,wired,general;portable,portable,100.0,107.0,unverified_reference_source
bd57e5af153a685f1038,docyx_pc_part_dataset_2025_07_23,keyboard,Leopold FC200RT/AB,Leopold,FC200RT/AB,keyboard:leopold:fc200rt-ab,inferred_first_token,reference_only_needs_verification,needs_review,False,1,Black,False,Standard,tenkeyless,mechanical,Cherry MX Brown,,wired,general;portable,portable,100.0,107.0,unverified_reference_source
e6f22eede182eecf0316,docyx_pc_part_dataset_2025_07_23,keyboard,Leopold FC200RT/ABN Otaku (Non-Printed),Leopold,FC200RT/ABN Otaku (Non-Printed),keyboard:leopold:fc200rt-abn-otaku-non-printed,inferred_first_token,reference_only_needs_verification,needs_review,False,1,Black,False,Standard,tenkeyless,mechanical,Cherry MX Brown,,wired,general;portable,portable,100.0,107.0,unverified_reference_source
553e6b921ed3b0748217,docyx_pc_part_dataset_2025_07_23,keyboard,Leopold FC500RC/AB,Leopold,FC500RC/AB,keyboard:leopold:fc500rc-ab,inferred_first_token,reference_only_needs_verification,needs_review,False,1,Black,False,Standard,full_size,mechanical,Cherry MX Blue,,wired,general,productivity,100.0,107.0,unverified_reference_source
6c5e0bf505a9d01c1436,docyx_pc_part_dataset_2025_07_23,keyboard,Leopold FC500RC/ABN Otaku (Non-Printed),Leopold,FC500RC/ABN Otaku (Non-Printed),keyboard:leopold:fc500rc-abn-otaku-non-printed,inferred_first_token,reference_only_needs_verification,needs_review,False,1,Black,False,Standard,full_size,mechanical,Cherry MX Blue,,wired,general,productivity,100.0,107.0,unverified_reference_source
6b01e5542ff256e0a801,docyx_pc_part_dataset_2025_07_23,keyboard,Leopold FC500RL/AB,Leopold,FC500RL/AB,keyboard:leopold:fc500rl-ab,inferred_first_token,reference_only_needs_verification,needs_review,False,1,Black,False,Standard,full_size,mechanical,Cherry MX Black,,wired,general,productivity,100.0,107.0,unverified_reference_source
6f3c59ebc357f2019f21,docyx_pc_part_dataset_2025_07_23,keyboard,Leopold FC500RR/AB,Leopold,FC500RR/AB,keyboard:leopold:fc500rr-ab,inferred_first_token,reference_only_needs_verification,needs_review,False,1,Black,False,Standard,full_size,mechanical,Cherry MX Red,,wired,general,productivity,100.0,107.0,unverified_reference_source
84f1a2528693a46d95a7,docyx_pc_part_dataset_2025_07_23,keyboard,Leopold FC500RR/ABN (Non-Printed),Leopold,FC500RR/ABN (Non-Printed),keyboard:leopold:fc500rr-abn-non-printed,inferred_first_token,reference_only_needs_verification,needs_review,False,1,Black,False,Standard,full_size,mechanical,Cherry MX Red,,wired,general,productivity,100.0,107.0,unverified_reference_source
ec3a75eef24629e2266b,docyx_pc_part_dataset_2025_07_23,keyboard,Leopold FC500RT/AB,Leopold,FC500RT/AB,keyboard:leopold:fc500rt-ab,inferred_first_token,reference_only_needs_verification,needs_review,False,1,Black,False,Standard,full_size,mechanical,Cherry MX Brown,,wired,general,productivity,100.0,107.0,unverified_reference_source
cc76829de0c62f84f70c,docyx_pc_part_dataset_2025_07_23,keyboard,Leopold FC500RT/ABN Otaku (Non-Printed),Leopold,FC500RT/ABN Otaku (Non-Printed),keyboard:leopold:fc500rt-abn-otaku-non-printed,inferred_first_token,reference_only_needs_verification,needs_review,False,1,Black,False,Standard,full_size,mechanical,Cherry MX Brown,,wired,general,productivity,100.0,107.0,unverified_reference_source
a639c6d92a06475a504a,docyx_pc_part_dataset_2025_07_23,keyboard,Leopold FC750R Black PD,Leopold,FC750R Black PD,keyboard:leopold:fc750r-black-pd,inferred_first_token,reference_only_needs_verification,needs_review,False,6,Black,False,Standard,full_size,mechanical,Cherry MX Blue,,wired,general,productivity,100.0,107.0,unverified_reference_source;identity_duplicates_collapsed
0b24181784f9650b5299,docyx_pc_part_dataset_2025_07_23,keyboard,Leopold FC980CEW,Leopold,FC980CEW,keyboard:leopold:fc980cew,inferred_first_token,reference_only_needs_verification,needs_review,False,1,Beige;Gray,False,Standard,full_size,mechanical,Topre 45g,,wired,general,productivity,100.0,107.0,unverified_reference_source
3af58a0e9a391626ecdb,docyx_pc_part_dataset_2025_07_23,keyboard,MCHOSE Ace 60,MCHOSE,Ace 60,keyboard:mchose:ace-60,inferred_first_token,reference_only_needs_verification,needs_review,False,3,Black,False,Gaming,tenkeyless,hall_effect,TTC Uranus Magnetic,rgb,wired,general;gaming;portable,gaming,100.0,107.0,unverified_reference_source;identity_duplicates_collapsed
ce70544abc89db085945,docyx_pc_part_dataset_2025_07_23,keyboard,MCHOSE Ace 60 Pro,MCHOSE,Ace 60 Pro,keyboard:mchose:ace-60-pro,inferred_first_token,reference_only_needs_verification,needs_review,False,4,Black;White,False,Gaming,tenkeyless,hall_effect,TTC Uranus Magnetic,rgb,wired,general;gaming;portable,gaming,100.0,107.0,unverified_reference_source;identity_duplicates_collapsed
3ca19ae5730627db53bc,docyx_pc_part_dataset_2025_07_23,keyboard,MCHOSE Ace68 E-sport,MCHOSE,Ace68 E-sport,keyboard:mchose:ace68-e-sport,inferred_first_token,reference_only_needs_verification,needs_review,False,8,Black;Red;Translucent Gray;White,False,Gaming,tenkeyless,hall_effect,TTC Uranus Magnetic eSports,rgb,wired,general;gaming;portable,gaming,100.0,107.0,unverified_reference_source;identity_duplicates_collapsed
baa6dd83dc09de909a14,docyx_pc_part_dataset_2025_07_23,keyboard,MCHOSE G75 PRO,MCHOSE,G75 PRO,keyboard:mchose:g75-pro,inferred_first_token,reference_only_needs_verification,needs_review,False,19,Black;Blue;Gray;Green;Multicolor;Pink;Purple;Translucent Gray;White;Yellow,False,Gaming,tenkeyless,mechanical,Huano Matcha Latte V2,rgb,wired;wireless;bluetooth,general;gaming;portable,gaming,100.0,107.0,unverified_reference_source;identity_duplicates_collapsed
9933ece7ea04d32a4ccf,docyx_pc_part_dataset_2025_07_23,keyboard,MCHOSE GX87S,MCHOSE,GX87S,keyboard:mchose:gx87s,inferred_first_token,reference_only_needs_verification,needs_review,False,2,Black;Brown;Gray,False,Gaming,tenkeyless,mechanical,KTT Mist Blue,rgb,wired;wireless;bluetooth,general;gaming;portable,gaming,100.0,107.0,unverified_reference_source;identity_duplicates_collapsed
254f6169ddc241f452b8,docyx_pc_part_dataset_2025_07_23,keyboard,MCHOSE Jet75,MCHOSE,Jet75,keyboard:mchose:jet75,inferred_first_token,reference_only_needs_verification,needs_review,False,6,Black;Translucent Gray;White,False,Gaming,tenkeyless,hall_effect,Suofei Starburst Magnetic,rgb,wired,general;gaming;portable,gaming,100.0,107.0,unverified_reference_source;identity_duplicates_collapsed
7691c8299c0c251a47ef,docyx_pc_part_dataset_2025_07_23,keyboard,MK Night Typist,MK,Night Typist,keyboard:mk:night-typist,inferred_first_token,reference_only_needs_verification,needs_review,False,4,Black,False,Standard,full_size,mechanical,Cherry MX Blue,single_colour,wired,general,productivity,100.0,107.0,unverified_reference_source;identity_duplicates_collapsed
89bee634c01406b504a7,docyx_pc_part_dataset_2025_07_23,keyboard,Max Keyboard Blackbird,Max,Keyboard Blackbird,keyboard:max:keyboard-blackbird,inferred_first_token,reference_only_needs_verification,needs_review,False,1,Black,False,Gaming,tenkeyless,mechanical,Cherry MX Brown,single_colour,wired,general;gaming;portable,gaming,100.0,107.0,unverified_reference_source
b919ab1cafdd44ef8252,docyx_pc_part_dataset_2025_07_23,keyboard,Max Keyboard Nighthawk X7,Max,Keyboard Nighthawk X7,keyboard:max:keyboard-nighthawk-x7,inferred_first_token,reference_only_needs_verification,needs_review,False,1,Black,False,Standard,full_size,mechanical,Cherry MX Blue,single_colour,wired,general,productivity,100.0,107.0,unverified_reference_source
e6d4edf0673b9498f364,docyx_pc_part_dataset_2025_07_23,keyboard,Max Keyboard Nighthawk X8,Max,Keyboard Nighthawk X8,keyboard:max:keyboard-nighthawk-x8,inferred_first_token,reference_only_needs_verification,needs_review,False,1,Black,False,Standard,full_size,mechanical,Cherry MX Brown,single_colour,wired,general,productivity,100.0,107.0,unverified_reference_source
6c9f3cf75396c4f2373e,docyx_pc_part_dataset_2025_07_23,keyboard,Max Keyboard Nighthawk X8 Green,Max,Keyboard Nighthawk X8 Green,keyboard:max:keyboard-nighthawk-x8-green,inferred_first_token,reference_only_needs_verification,needs_review,False,1,Black,False,Standard,full_size,mechanical,Cherry MX Brown,single_colour,wired,general,productivity,100.0,107.0,unverified_reference_source
eaf50402a87a21e85e6f,docyx_pc_part_dataset_2025_07_23,keyboard,Max Keyboard Nighthawk X8 Orange,Max,Keyboard Nighthawk X8 Orange,keyboard:max:keyboard-nighthawk-x8-orange,inferred_first_token,reference_only_needs_verification,needs_review,False,1,Black,False,Standard,full_size,mechanical,Cherry MX Brown,single_colour,wired,general,productivity,100.0,107.0,unverified_reference_source
521f3189b03bc54d2e0e,docyx_pc_part_dataset_2025_07_23,keyboard,Max Keyboard Nighthawk X9,Max,Keyboard Nighthawk X9,keyboard:max:keyboard-nighthawk-x9,inferred_first_token,reference_only_needs_verification,needs_review,False,1,Black,False,Standard,full_size,mechanical,Cherry MX Red,single_colour,wired,general,productivity,100.0,107.0,unverified_reference_source
dda38e33eea39062f6a1,docyx_pc_part_dataset_2025_07_23,keyboard,Max Keyboard Nighthawk X9 White,Max,Keyboard Nighthawk X9 White,keyboard:max:keyboard-nighthawk-x9-white,inferred_first_token,reference_only_needs_verification,needs_review,False,1,Black,False,Standard,full_size,mechanical,Cherry MX Red,single_colour,wired,general,productivity,100.0,107.0,unverified_reference_source
34c6b31613317a1a8eaf,docyx_pc_part_dataset_2025_07_23,keyboard,Max Keyboard Nighthawk-X8 White LED,Max,Keyboard Nighthawk-X8 White LED,keyboard:max:keyboard-nighthawk-x8-white-led,inferred_first_token,reference_only_needs_verification,needs_review,False,1,Black,False,Standard,full_size,mechanical,Cherry MX Brown,single_colour,wired,general,productivity,100.0,107.0,unverified_reference_source
f43171b89bea091e1a70,docyx_pc_part_dataset_2025_07_23,keyboard,Mionix Wei,Mionix,Wei,keyboard:mionix:wei,inferred_first_token,reference_only_needs_verification,needs_review,False,1,Black,False,Standard,full_size,mechanical,Cherry MX Red,rgb,wired,general,productivity,100.0,107.0,unverified_reference_source
4778aa0f3cc6094a4c74,docyx_pc_part_dataset_2025_07_23,keyboard,Mionix Zibal 60,Mionix,Zibal 60,keyboard:mionix:zibal-60,inferred_first_token,reference_only_needs_verification,needs_review,False,2,Black,False,Standard,full_size,mechanical,Cherry MX Black,,wired,general,productivity,100.0,107.0,unverified_reference_source;identity_duplicates_collapsed
f307cbadf421598e1837,docyx_pc_part_dataset_2025_07_23,keyboard,Mistel BAROCCO MD770,Mistel,BAROCCO MD770,keyboard:mistel:barocco-md770,inferred_first_token,reference_only_needs_verification,needs_review,False,2,Black,False,Ergonomic,tenkeyless,mechanical,Cherry MX Red,rgb,wired,general;portable,portable,100.0,107.0,unverified_reference_source;identity_duplicates_collapsed
442e43831af4c845470b,docyx_pc_part_dataset_2025_07_23,keyboard,NOX Krom Kratos,NOX,Krom Kratos,keyboard:nox:krom-kratos,inferred_first_token,reference_only_needs_verification,needs_review,False,3,Black,False,Standard,full_size,mechanical,Kailh Blue,single_colour,wired,general,productivity,100.0,107.0,unverified_reference_source;identity_duplicates_collapsed
4b0f959e18d2667c835a,docyx_pc_part_dataset_2025_07_23,keyboard,NOX Krom Kratos TKL,NOX,Krom Kratos TKL,keyboard:nox:krom-kratos-tkl,inferred_first_token,reference_only_needs_verification,needs_review,False,3,Black,False,Gaming,tenkeyless,mechanical,Kailh Brown,single_colour,wired,general;gaming;portable,gaming,100.0,107.0,unverified_reference_source;identity_duplicates_collapsed
1ad71031677b09521211,docyx_pc_part_dataset_2025_07_23,keyboard,NZXT Function MiniTKL,NZXT,Function MiniTKL,keyboard:nzxt:function-minitkl,inferred_first_token,reference_only_needs_verification,needs_review,False,2,Black;White,False,Gaming,tenkeyless,mechanical,Gateron Red,rgb,wired,general;gaming;portable,gaming,100.0,107.0,unverified_reference_source;identity_duplicates_collapsed
c4e7f11267edd28d686a,docyx_pc_part_dataset_2025_07_23,keyboard,Nixeus MK-BL15,Nixeus,MK-BL15,keyboard:nixeus:mk-bl15,inferred_first_token,reference_only_needs_verification,needs_review,False,1,Black;Gray,False,Gaming,tenkeyless,mechanical,Kailh Blue,,wired,general;gaming;portable,gaming,100.0,107.0,unverified_reference_source
6f976d98bc315183663b,docyx_pc_part_dataset_2025_07_23,keyboard,Nixeus MK-BN15,Nixeus,MK-BN15,keyboard:nixeus:mk-bn15,inferred_first_token,reference_only_needs_verification,needs_review,False,1,Black;Gray,False,Gaming,tenkeyless,mechanical,Kailh Brown,,wired,general;gaming;portable,gaming,100.0,107.0,unverified_reference_source
db1b653c213a36fa2b64,docyx_pc_part_dataset_2025_07_23,keyboard,Nixeus MK-RD15,Nixeus,MK-RD15,keyboard:nixeus:mk-rd15,inferred_first_token,reference_only_needs_verification,needs_review,False,1,Black;Gray,False,Gaming,tenkeyless,mechanical,Kailh Red,,wired,general;gaming;portable,gaming,100.0,107.0,unverified_reference_source
b33acb6a91560517cff8,docyx_pc_part_dataset_2025_07_23,keyboard,Nixeus MODA,Nixeus,MODA,keyboard:nixeus:moda,inferred_first_token,reference_only_needs_verification,needs_review,False,1,Black,False,Gaming,tenkeyless,mechanical,Kailh Brown,,wired,general;gaming;portable,gaming,100.0,107.0,unverified_reference_source
42f3a68ced2bfddd181a,docyx_pc_part_dataset_2025_07_23,keyboard,NuPhy Air96 V2,NuPhy,Air96 V2,keyboard:nuphy:air96-v2,inferred_first_token,reference_only_needs_verification,needs_review,False,21,Black;Gray;White,False,Mini,compact,mechanical,Gateron Low-Profile Red 2.0,rgb,wired;wireless;bluetooth,general;portable,portable,100.0,107.0,unverified_reference_source;identity_duplicates_collapsed
c112d9cee24c71ad5c3f,docyx_pc_part_dataset_2025_07_23,keyboard,Plugable MECH104BW,Plugable,MECH104BW,keyboard:plugable:mech104bw,inferred_first_token,reference_only_needs_verification,needs_review,False,1,Black,False,Standard,full_size,mechanical,Outemu Blue,single_colour,wired,general,productivity,100.0,107.0,unverified_reference_source
643ead6c4fa5f6ed9f82,docyx_pc_part_dataset_2025_07_23,keyboard,Plugable MECH87BW,Plugable,MECH87BW,keyboard:plugable:mech87bw,inferred_first_token,reference_only_needs_verification,needs_review,False,1,Black,False,Standard,tenkeyless,mechanical,Outemu Blue,single_colour,wired,general;portable,portable,100.0,107.0,unverified_reference_source
7d628fd64aec039d8ec6,docyx_pc_part_dataset_2025_07_23,keyboard,Qisan CCDY003COOT6,Qisan,CCDY003COOT6,keyboard:qisan:ccdy003coot6,inferred_first_token,reference_only_needs_verification,needs_review,False,1,Silver,False,Mini,tenkeyless,mechanical,Cherry MX Brown,single_colour,wired,general;portable,portable,100.0,107.0,unverified_reference_source
be0a7e8f221027754afe,docyx_pc_part_dataset_2025_07_23,keyboard,Qisan CCDY003COOT7,Qisan,CCDY003COOT7,keyboard:qisan:ccdy003coot7,inferred_first_token,reference_only_needs_verification,needs_review,False,1,Silver,False,Mini,tenkeyless,mechanical,Cherry MX Blue,single_colour,wired,general;portable,portable,100.0,107.0,unverified_reference_source
54527b9db418a3c09557,docyx_pc_part_dataset_2025_07_23,keyboard,Qisan Magicforce,Qisan,Magicforce,keyboard:qisan:magicforce,inferred_first_token,reference_only_needs_verification,needs_review,False,2,Black;White,False,Mini,tenkeyless,mechanical,Outemu Brown,,wired,general;portable,portable,100.0,107.0,unverified_reference_source;identity_duplicates_collapsed
fce274752c1a836a2393,docyx_pc_part_dataset_2025_07_23,keyboard,Qumax Xarmor U9,Qumax,Xarmor U9,keyboard:qumax:xarmor-u9,inferred_first_token,reference_only_needs_verification,needs_review,False,1,Black,False,Standard,full_size,mechanical,Cherry MX Brown,,wired,general,productivity,100.0,107.0,unverified_reference_source
1f016aca0710ecd1b5ee,docyx_pc_part_dataset_2025_07_23,keyboard,Qumax Xarmor U9W,Qumax,Xarmor U9W,keyboard:qumax:xarmor-u9w,inferred_first_token,reference_only_needs_verification,needs_review,False,1,Black,False,Standard,full_size,mechanical,Cherry MX Brown,,wireless,general;portable,portable,100.0,107.0,unverified_reference_source
5c769c9e9189ddb77421,docyx_pc_part_dataset_2025_07_23,keyboard,RIOTORO Ghostwriter Black Prism,RIOTORO,Ghostwriter Black Prism,keyboard:riotoro:ghostwriter-black-prism,inferred_first_token,reference_only_needs_verification,needs_review,False,1,Black;Red,False,Standard,full_size,mechanical,Cherry MX Black,rgb,wired,general,productivity,100.0,107.0,unverified_reference_source
47a1d80179df2e30d543,docyx_pc_part_dataset_2025_07_23,keyboard,Rosewill Micro RK-9000 BL,Rosewill,Micro RK-9000 BL,keyboard:rosewill:micro-rk-9000-bl,inferred_first_token,reference_only_needs_verification,needs_review,False,1,Black,False,Mini,tenkeyless,mechanical,Cherry MX Blue,,wired,general;portable,portable,100.0,107.0,unverified_reference_source
74b57ec826dd60e8058e,docyx_pc_part_dataset_2025_07_23,keyboard,Rosewill Micro RK-9000 BR,Rosewill,Micro RK-9000 BR,keyboard:rosewill:micro-rk-9000-br,inferred_first_token,reference_only_needs_verification,needs_review,False,1,Black;Silver,False,Mini,tenkeyless,mechanical,Cherry MX Brown,,wired,general;portable,portable,100.0,107.0,unverified_reference_source
d21721c04f8406912dd9,docyx_pc_part_dataset_2025_07_23,keyboard,Rosewill RGB80,Rosewill,RGB80,keyboard:rosewill:rgb80,inferred_first_token,reference_only_needs_verification,needs_review,False,1,Black,False,Gaming,tenkeyless,mechanical,Kailh Blue,single_colour,wired,general;gaming;portable,gaming,100.0,107.0,unverified_reference_source
ef6acf4cfca65ef19a86,docyx_pc_part_dataset_2025_07_23,keyboard,Rosewill RGB80 BR,Rosewill,RGB80 BR,keyboard:rosewill:rgb80-br,inferred_first_token,reference_only_needs_verification,needs_review,False,1,Black,False,Gaming,tenkeyless,mechanical,Kailh Brown,single_colour,wired,general;gaming;portable,gaming,100.0,107.0,unverified_reference_source
0ea8a44c3ab2c977d062,docyx_pc_part_dataset_2025_07_23,keyboard,Rosewill RK-9000BL,Rosewill,RK-9000BL,keyboard:rosewill:rk-9000bl,inferred_first_token,reference_only_needs_verification,needs_review,False,1,Black,False,Standard,full_size,mechanical,Cherry MX Black,,wired,general,productivity,100.0,107.0,unverified_reference_source
279864e89fc0201be8e2,docyx_pc_part_dataset_2025_07_23,keyboard,Rosewill RK-9000BR,Rosewill,RK-9000BR,keyboard:rosewill:rk-9000br,inferred_first_token,reference_only_needs_verification,needs_review,False,1,Black,False,Standard,full_size,mechanical,Cherry MX Brown,,wired,general,productivity,100.0,107.0,unverified_reference_source
d55b2d82e933a57fc949,docyx_pc_part_dataset_2025_07_23,keyboard,Rosewill RK-9000BRI,Rosewill,RK-9000BRI,keyboard:rosewill:rk-9000bri,inferred_first_token,reference_only_needs_verification,needs_review,False,1,Black;White,False,Standard,full_size,mechanical,Cherry MX Brown,,wired,general,productivity,100.0,107.0,unverified_reference_source
a430f19a20e2c57de76d,docyx_pc_part_dataset_2025_07_23,keyboard,Rosewill RK-9000I,Rosewill,RK-9000I,keyboard:rosewill:rk-9000i,inferred_first_token,reference_only_needs_verification,needs_review,False,1,Black;White,False,Standard,full_size,mechanical,Cherry MX Blue,,wired,general,productivity,100.0,107.0,unverified_reference_source
faea74a7d066d21e57b2,docyx_pc_part_dataset_2025_07_23,keyboard,Rosewill RK-9000RE,Rosewill,RK-9000RE,keyboard:rosewill:rk-9000re,inferred_first_token,reference_only_needs_verification,needs_review,False,1,Black,False,Standard,full_size,mechanical,Cherry MX Red,,wired,general,productivity,100.0,107.0,unverified_reference_source
6bda39bd0aeef0928e58,docyx_pc_part_dataset_2025_07_23,keyboard,Rosewill RK-9000V2,Rosewill,RK-9000V2,keyboard:rosewill:rk-9000v2,inferred_first_token,reference_only_needs_verification,needs_review,False,1,Black,False,Standard,full_size,mechanical,Cherry MX Blue,,wired,general,productivity,100.0,107.0,unverified_reference_source
103afbb708bbd6482f29,docyx_pc_part_dataset_2025_07_23,keyboard,Rosewill RK-9000V2 BL,Rosewill,RK-9000V2 BL,keyboard:rosewill:rk-9000v2-bl,inferred_first_token,reference_only_needs_verification,needs_review,False,1,Black,False,Standard,full_size,mechanical,Cherry MX Black,,wired,general,productivity,100.0,107.0,unverified_reference_source
536a1a1dbe4260f49b59,docyx_pc_part_dataset_2025_07_23,keyboard,Rosewill RK-9000V2 BR,Rosewill,RK-9000V2 BR,keyboard:rosewill:rk-9000v2-br,inferred_first_token,reference_only_needs_verification,needs_review,False,1,Black,False,Standard,full_size,mechanical,Cherry MX Brown,,wired,general,productivity,100.0,107.0,unverified_reference_source
fd0fcc324cab5e655004,docyx_pc_part_dataset_2025_07_23,keyboard,Rosewill RK-9000V2 RE,Rosewill,RK-9000V2 RE,keyboard:rosewill:rk-9000v2-re,inferred_first_token,reference_only_needs_verification,needs_review,False,1,Black,False,Standard,full_size,mechanical,Cherry MX Red,,wired,general,productivity,100.0,107.0,unverified_reference_source
81cf7dbfab606764f591,docyx_pc_part_dataset_2025_07_23,keyboard,Rosewill STRIKER RK-6000,Rosewill,STRIKER RK-6000,keyboard:rosewill:striker-rk-6000,inferred_first_token,reference_only_needs_verification,needs_review,False,1,Black,False,Standard,full_size,mechanical,ALPS Blue,,wired,general,productivity,100.0,107.0,unverified_reference_source
5010630249b1e800ccd1,docyx_pc_part_dataset_2025_07_23,keyboard,Tecware Phantom RGB TKL,Tecware,Phantom RGB TKL,keyboard:tecware:phantom-rgb-tkl,inferred_first_token,reference_only_needs_verification,needs_review,False,3,Black,False,Gaming,tenkeyless,mechanical,Outemu Brown,rgb,wired,general;gaming;portable,gaming,100.0,107.0,unverified_reference_source;identity_duplicates_collapsed
00c109bb26243fc16c1a,docyx_pc_part_dataset_2025_07_23,keyboard,Tecware Tecware Phantom L,Tecware,Tecware Phantom L,keyboard:tecware:tecware-phantom-l,inferred_first_token,reference_only_needs_verification,needs_review,False,1,Black;Silver,False,Gaming,tenkeyless,mechanical,Outemu Brown,rgb,wired,general;gaming;portable,gaming,100.0,107.0,unverified_reference_source
e062521b3f4f18674b7b,docyx_pc_part_dataset_2025_07_23,keyboard,Tesoro Durandal G1N,Tesoro,Durandal G1N,keyboard:tesoro:durandal-g1n,inferred_first_token,reference_only_needs_verification,needs_review,False,1,Black,False,Standard,full_size,mechanical,Cherry MX Brown,,wired,general,productivity,100.0,107.0,unverified_reference_source
6f34014d1989a15b7a5c,docyx_pc_part_dataset_2025_07_23,keyboard,Tesoro Durandal G1NL,Tesoro,Durandal G1NL,keyboard:tesoro:durandal-g1nl,inferred_first_token,reference_only_needs_verification,needs_review,False,1,Black,False,Standard,full_size,mechanical,Cherry MX Brown,single_colour,wired,general,productivity,100.0,107.0,unverified_reference_source
73a20b3269a0a65128d1,docyx_pc_part_dataset_2025_07_23,keyboard,Tesoro GRAM SPECTRUM TKL,Tesoro,GRAM SPECTRUM TKL,keyboard:tesoro:gram-spectrum-tkl,inferred_first_token,reference_only_needs_verification,needs_review,False,2,Black;White,False,Gaming,tenkeyless,mechanical,Tesoro Agile Red,rgb,wired,general;gaming;portable,gaming,100.0,107.0,unverified_reference_source;identity_duplicates_collapsed
2c13e2247f86c9364120,docyx_pc_part_dataset_2025_07_23,keyboard,Tex Beetle,Tex,Beetle,keyboard:tex:beetle,inferred_first_token,reference_only_needs_verification,needs_review,False,4,Black;White,False,Mini,tenkeyless,mechanical,Cherry MX Black,,wired,general;portable,portable,100.0,107.0,unverified_reference_source;identity_duplicates_collapsed
1d85687844b9bff3dbc0,docyx_pc_part_dataset_2025_07_23,keyboard,Tomoko MMC023,Tomoko,MMC023,keyboard:tomoko:mmc023,inferred_first_token,reference_only_needs_verification,needs_review,False,1,Black,False,Standard,tenkeyless,mechanical,Huano Blue,,wired,general;portable,portable,100.0,107.0,unverified_reference_source
1ffe97c47a31448a58ed,docyx_pc_part_dataset_2025_07_23,keyboard,Topre Realforce 104U,Topre,Realforce 104U,keyboard:topre:realforce-104u,inferred_first_token,reference_only_needs_verification,needs_review,False,1,Gray;White,False,Standard,full_size,mechanical,Topre Variable,,wired,general,productivity,100.0,107.0,unverified_reference_source
17936ea80a02ebd36af4,docyx_pc_part_dataset_2025_07_23,keyboard,Topre Realforce 104UB,Topre,Realforce 104UB,keyboard:topre:realforce-104ub,inferred_first_token,reference_only_needs_verification,needs_review,False,1,Black,False,Standard,full_size,mechanical,Topre Variable,,wired,general,productivity,100.0,107.0,unverified_reference_source
822efa1c57af5621c6c4,docyx_pc_part_dataset_2025_07_23,keyboard,Topre Realforce 104UG High Profile,Topre,Realforce 104UG High Profile,keyboard:topre:realforce-104ug-high-profile,inferred_first_token,reference_only_needs_verification,needs_review,False,1,Black;Gray,False,Standard,full_size,mechanical,Topre 45g,,wired,general,productivity,100.0,107.0,unverified_reference_source
d07c1adc5bfaee0b6402,docyx_pc_part_dataset_2025_07_23,keyboard,Topre Realforce 87U,Topre,Realforce 87U,keyboard:topre:realforce-87u,inferred_first_token,reference_only_needs_verification,needs_review,False,5,Black;Gray;White,False,Slim,tenkeyless,mechanical,Topre Variable,single_colour,wired,general;portable,portable,100.0,107.0,unverified_reference_source;identity_duplicates_collapsed
f5871eac15aa240d5549,docyx_pc_part_dataset_2025_07_23,keyboard,Topre Realforce 87U EK Edition,Topre,Realforce 87U EK Edition,keyboard:topre:realforce-87u-ek-edition,inferred_first_token,reference_only_needs_verification,needs_review,False,1,Black;Gray,False,Slim,tenkeyless,mechanical,Topre 45g,single_colour,wired,general;portable,portable,100.0,107.0,unverified_reference_source
fad091d6be6cfa93d76f,docyx_pc_part_dataset_2025_07_23,keyboard,Topre Realforce 87U Silent,Topre,Realforce 87U Silent,keyboard:topre:realforce-87u-silent,inferred_first_token,reference_only_needs_verification,needs_review,False,1,Gray;White,False,Slim,tenkeyless,mechanical,Topre Variable Silent,single_colour,wired,general;portable,portable,100.0,107.0,unverified_reference_source
9ff84c70dcb4c1f95a7e,docyx_pc_part_dataset_2025_07_23,keyboard,Topre Realforce RC1,Topre,Realforce RC1,keyboard:topre:realforce-rc1,inferred_first_token,reference_only_needs_verification,needs_review,False,2,Black,False,Mini,tenkeyless,mechanical,Topre 30g Silent,,wired;wireless;bluetooth,general;portable,portable,100.0,107.0,unverified_reference_source;identity_duplicates_collapsed
4a8fa2501994d522a620,docyx_pc_part_dataset_2025_07_23,keyboard,Topre Type Heaven,Topre,Type Heaven,keyboard:topre:type-heaven,inferred_first_token,reference_only_needs_verification,needs_review,False,1,Black,False,Standard,full_size,mechanical,Topre 45g,,wired,general,productivity,100.0,107.0,unverified_reference_source
90d56ca06822a66b8dc3,docyx_pc_part_dataset_2025_07_23,keyboard,Unicomp Ultra Classic Black,Unicomp,Ultra Classic Black,keyboard:unicomp:ultra-classic-black,inferred_first_token,reference_only_needs_verification,needs_review,False,1,Black;White,False,Standard,full_size,mechanical,Unicomp Buckling Spring,,wired,general,productivity,100.0,107.0,unverified_reference_source
b89243d5a4ac170ae526,docyx_pc_part_dataset_2025_07_23,keyboard,Varmilo Miya68-C Panda R2,Varmilo,Miya68-C Panda R2,keyboard:varmilo:miya68-c-panda-r2,inferred_first_token,reference_only_needs_verification,needs_review,False,6,Black;White,False,Standard,tenkeyless,mechanical,EC Sakura V2,single_colour,wired,general;portable,portable,100.0,107.0,unverified_reference_source;identity_duplicates_collapsed
3b8c491962a26320ca10,docyx_pc_part_dataset_2025_07_23,keyboard,Varmilo VA87MNN/EBW3,Varmilo,VA87MNN/EBW3,keyboard:varmilo:va87mnn-ebw3,inferred_first_token,reference_only_needs_verification,needs_review,False,1,Black;White,False,Standard,tenkeyless,mechanical,Cherry MX Brown,,wired,general;portable,portable,100.0,107.0,unverified_reference_source
16c6f03bb115c1b9d0b2,docyx_pc_part_dataset_2025_07_23,keyboard,Velocifire K61WS,Velocifire,K61WS,keyboard:velocifire:k61ws,inferred_first_token,reference_only_needs_verification,needs_review,False,1,Black,False,Mini,tenkeyless,mechanical,Outemu Brown,,wireless,general;portable,portable,100.0,107.0,unverified_reference_source
adf9ce43f8451bb070fe,docyx_pc_part_dataset_2025_07_23,keyboard,Velocifire TKL01,Velocifire,TKL01,keyboard:velocifire:tkl01,inferred_first_token,reference_only_needs_verification,needs_review,False,1,Black,False,Standard,tenkeyless,mechanical,Outemu Brown,single_colour,wired,general;portable,portable,100.0,107.0,unverified_reference_source
86258e2e28a72a833237,docyx_pc_part_dataset_2025_07_23,keyboard,Velocifire TKL02,Velocifire,TKL02,keyboard:velocifire:tkl02,inferred_first_token,reference_only_needs_verification,needs_review,False,1,Black,False,Standard,tenkeyless,mechanical,Outemu Brown,single_colour,wired,general;portable,portable,100.0,107.0,unverified_reference_source
f7143789a98a636e3486,docyx_pc_part_dataset_2025_07_23,keyboard,Velocifire TKL02WS,Velocifire,TKL02WS,keyboard:velocifire:tkl02ws,inferred_first_token,reference_only_needs_verification,needs_review,False,1,Black,False,Standard,tenkeyless,mechanical,Outemu Brown,single_colour,wireless,general;portable,portable,100.0,107.0,unverified_reference_source
73a3ae9567d741ad0342,docyx_pc_part_dataset_2025_07_23,keyboard,Velocifire TKL71WS,Velocifire,TKL71WS,keyboard:velocifire:tkl71ws,inferred_first_token,reference_only_needs_verification,needs_review,False,1,Black,False,Gaming,tenkeyless,mechanical,Outemu Brown,single_colour,wireless,general;gaming;portable,gaming,100.0,107.0,unverified_reference_source
ee037624bdafe5e5acc8,docyx_pc_part_dataset_2025_07_23,keyboard,Velocifire TKL78,Velocifire,TKL78,keyboard:velocifire:tkl78,inferred_first_token,reference_only_needs_verification,needs_review,False,1,Black,False,Standard,tenkeyless,mechanical,Outemu Brown,single_colour,wired,general;portable,portable,100.0,107.0,unverified_reference_source
267dd6778c5d128babea,docyx_pc_part_dataset_2025_07_23,keyboard,Velocifire VM01WS,Velocifire,VM01WS,keyboard:velocifire:vm01ws,inferred_first_token,reference_only_needs_verification,needs_review,False,1,Black,False,Standard,full_size,mechanical,Outemu Brown,,wireless,general;portable,portable,100.0,107.0,unverified_reference_source
09532bc96290f56a4106,docyx_pc_part_dataset_2025_07_23,keyboard,Velocifire VM02WS,Velocifire,VM02WS,keyboard:velocifire:vm02ws,inferred_first_token,reference_only_needs_verification,needs_review,False,1,Black,False,Standard,full_size,mechanical,Outemu Brown,single_colour,wireless,general;portable,portable,100.0,107.0,unverified_reference_source
bd665dda22df76ef3933,docyx_pc_part_dataset_2025_07_23,keyboard,Venatos Northern Glow TKL,Venatos,Northern Glow TKL,keyboard:venatos:northern-glow-tkl,inferred_first_token,reference_only_needs_verification,needs_review,False,1,Black,False,Gaming,tenkeyless,optical,DG Orange Clicky Optical,rgb,wired,general;gaming;portable,gaming,100.0,107.0,unverified_reference_source
36e64fed71bb448d9dda,docyx_pc_part_dataset_2025_07_23,keyboard,Vortex KBT PURE,Vortex,KBT PURE,keyboard:vortex:kbt-pure,inferred_first_token,reference_only_needs_verification,needs_review,False,10,Black,False,Mini,tenkeyless,mechanical,Cherry MX Blue,single_colour,wired,general;portable,portable,100.0,107.0,unverified_reference_source;identity_duplicates_collapsed
c1ef6b704275318b51b5,docyx_pc_part_dataset_2025_07_23,keyboard,Vortex KBT PURE LIMITED,Vortex,KBT PURE LIMITED,keyboard:vortex:kbt-pure-limited,inferred_first_token,reference_only_needs_verification,needs_review,False,2,Black,False,Mini,tenkeyless,mechanical,Cherry MX Brown,single_colour,wired,general;portable,portable,100.0,107.0,unverified_reference_source;identity_duplicates_collapsed
9fe46c1b34e818772472,docyx_pc_part_dataset_2025_07_23,keyboard,Vortex KBT PURE PBT,Vortex,KBT PURE PBT,keyboard:vortex:kbt-pure-pbt,inferred_first_token,reference_only_needs_verification,needs_review,False,1,Black,False,Mini,tenkeyless,mechanical,Cherry MX White,,wired,general;portable,portable,100.0,107.0,unverified_reference_source
17c9b22a5cb3d3891b54,docyx_pc_part_dataset_2025_07_23,keyboard,Vortex KBT RACE,Vortex,KBT RACE,keyboard:vortex:kbt-race,inferred_first_token,reference_only_needs_verification,needs_review,False,5,Black,False,Mini,tenkeyless,mechanical,Cherry MX Brown,single_colour,wired,general;portable,portable,100.0,107.0,unverified_reference_source;identity_duplicates_collapsed
62893070948b23ec69f5,docyx_pc_part_dataset_2025_07_23,keyboard,Vortex KBT RACE Pink Limited,Vortex,KBT RACE Pink Limited,keyboard:vortex:kbt-race-pink-limited,inferred_first_token,reference_only_needs_verification,needs_review,False,1,Pink,False,Mini,tenkeyless,mechanical,Cherry MX Blue,single_colour,wired,general;portable,portable,100.0,107.0,unverified_reference_source
40e7051eb35489669143,docyx_pc_part_dataset_2025_07_23,keyboard,Vortex KBT RACE TKL,Vortex,KBT RACE TKL,keyboard:vortex:kbt-race-tkl,inferred_first_token,reference_only_needs_verification,needs_review,False,1,Black,False,Mini,compact,mechanical,Cherry MX White,,wired,general;portable,portable,100.0,107.0,unverified_reference_source
793727a77ad0bbb9cf21,docyx_pc_part_dataset_2025_07_23,keyboard,Vortex POK3R,Vortex,POK3R,keyboard:vortex:pok3r,inferred_first_token,reference_only_needs_verification,needs_review,False,1,Black,False,Mini,compact,mechanical,Cherry MX Brown,,wired,general;portable,portable,100.0,107.0,unverified_reference_source
6f0ddae7d0c479e134cd,docyx_pc_part_dataset_2025_07_23,keyboard,Vortex POKER,Vortex,POKER,keyboard:vortex:poker,inferred_first_token,reference_only_needs_verification,needs_review,False,2,Black,False,Mini,tenkeyless,mechanical,Cherry MX Black,,wired,general;portable,portable,100.0,107.0,unverified_reference_source;identity_duplicates_collapsed
748e08e2ceede2c0f2d4,docyx_pc_part_dataset_2025_07_23,keyboard,Vortex POKER PBT,Vortex,POKER PBT,keyboard:vortex:poker-pbt,inferred_first_token,reference_only_needs_verification,needs_review,False,2,Black,False,Mini,tenkeyless,mechanical,Cherry MX Black,,wired,general;portable,portable,100.0,107.0,unverified_reference_source;identity_duplicates_collapsed
45b4b97865842f2a5927,docyx_pc_part_dataset_2025_07_23,keyboard,WASD CODE,WASD,CODE,keyboard:wasd:code,inferred_first_token,reference_only_needs_verification,needs_review,False,1,Black,False,Standard,tenkeyless,mechanical,Cherry MX Clear,single_colour,wired,general;portable,portable,100.0,107.0,unverified_reference_source
5cb69d5ee0139f3bfb58,docyx_pc_part_dataset_2025_07_23,keyboard,WOBKEY Crush 80 Reboot Pro,WOBKEY,Crush 80 Reboot Pro,keyboard:wobkey:crush-80-reboot-pro,inferred_first_token,reference_only_needs_verification,needs_review,False,10,Black;Blue;Gray;Pink;Purple;Red;White;Yellow,False,Standard,tenkeyless,mechanical,Kailh Cocoa,rgb,wired;wireless;bluetooth,general;portable,portable,100.0,107.0,unverified_reference_source;identity_duplicates_collapsed
b01a47b99ee4d177c444,docyx_pc_part_dataset_2025_07_23,keyboard,Wooting One,Wooting,One,keyboard:wooting:one,inferred_first_token,reference_only_needs_verification,needs_review,False,10,Black,False,Gaming,tenkeyless,mechanical,Flaretech Red,rgb,wired,general;gaming;portable,gaming,100.0,107.0,unverified_reference_source;identity_duplicates_collapsed
19eafe314f4eba3fb937,docyx_pc_part_dataset_2025_07_23,keyboard,Xtrfy XG1-R-LED-UK,Xtrfy,XG1-R-LED-UK,keyboard:xtrfy:xg1-r-led-uk,inferred_first_token,reference_only_needs_verification,needs_review,False,1,Black,False,Standard,full_size,mechanical,Cherry MX Red,single_colour,wired,general,productivity,100.0,107.0,unverified_reference_source
045f2bef9b9bf2637ead,docyx_pc_part_dataset_2025_07_23,keyboard,Zalman ZM-K500,Zalman,ZM-K500,keyboard:zalman:zm-k500,inferred_first_token,reference_only_needs_verification,needs_review,False,1,Black;Red,False,Mini,tenkeyless,mechanical,Kailh Red,,wired,general;portable,portable,100.0,107.0,unverified_reference_source
7b5293c40604b908c04f,docyx_pc_part_dataset_2025_07_23,keyboard,Zalman ZM-K700M,Zalman,ZM-K700M,keyboard:zalman:zm-k700m,inferred_first_token,reference_only_needs_verification,needs_review,False,1,Black,False,Standard,full_size,mechanical,Cherry MX Red,single_colour,wired,general,productivity,100.0,107.0,unverified_reference_source
9d87c2b86ebfd2e74ca2,docyx_pc_part_dataset_2025_07_23,keyboard,Zowie CELERITAS,Zowie,CELERITAS,keyboard:zowie:celeritas,inferred_first_token,reference_only_needs_verification,needs_review,False,1,Black,False,Standard,full_size,mechanical,Cherry MX Brown,,wired,general,productivity,100.0,107.0,unverified_reference_source
efe35b3ea5a3334260f1,docyx_pc_part_dataset_2025_07_23,keyboard,iKBC CD87 V2,iKBC,CD87 V2,keyboard:ikbc:cd87-v2,inferred_first_token,reference_only_needs_verification,needs_review,False,5,Black,False,Standard,tenkeyless,mechanical,Cherry MX Blue,,wired,general;portable,portable,100.0,107.0,unverified_reference_source;identity_duplicates_collapsed
7cee0c87a24ffe528fe9,docyx_pc_part_dataset_2025_07_23,keyboard,iOne Scorpius M10,iOne,Scorpius M10,keyboard:ione:scorpius-m10,inferred_first_token,reference_only_needs_verification,needs_review,False,1,Black,False,Standard,full_size,mechanical,Cherry MX Blue,,wired,general,productivity,100.0,107.0,unverified_reference_source
19f5acd46b4fdf9714f2,docyx_pc_part_dataset_2025_07_23,keyboard,iOne Xarmor U9,iOne,Xarmor U9,keyboard:ione:xarmor-u9,inferred_first_token,reference_only_needs_verification,needs_review,False,1,Black,False,Standard,full_size,mechanical,Cherry MX Blue,,wired,general,productivity,100.0,107.0,unverified_reference_source
6fdb682b82d3cc9258e0,docyx_pc_part_dataset_2025_07_23,keyboard,iOne Xarmor U9W,iOne,Xarmor U9W,keyboard:ione:xarmor-u9w,inferred_first_token,reference_only_needs_verification,needs_review,False,1,Black,False,Standard,full_size,mechanical,Cherry MX Brown,,wireless,general;portable,portable,100.0,107.0,unverified_reference_source
f1565fb791470bea9e9a,docyx_pc_part_dataset_2025_07_23,keyboard,matias Laptop Pro for Mac,matias,Laptop Pro for Mac,keyboard:matias:laptop-pro-for-mac,inferred_first_token,reference_only_needs_verification,needs_review,False,1,Black;Silver,False,Mini,tenkeyless,mechanical,ALPS White,,wired,general;portable,portable,100.0,107.0,unverified_reference_source
b293c12ddb6c03a3163c,docyx_pc_part_dataset_2025_07_23,keyboard,matias Quiet Pro Keyboard for Mac,matias,Quiet Pro Keyboard for Mac,keyboard:matias:quiet-pro-keyboard-for-mac,inferred_first_token,reference_only_needs_verification,needs_review,False,1,Black;Silver,False,Standard,full_size,mechanical,ALPS White,,wired,general,productivity,100.0,107.0,unverified_reference_source
e4403452ed7e90d2f075,docyx_pc_part_dataset_2025_07_23,keyboard,matias Quiet Pro Keyboard for PC,matias,Quiet Pro Keyboard for PC,keyboard:matias:quiet-pro-keyboard-for-pc,inferred_first_token,reference_only_needs_verification,needs_review,False,1,Black,False,Standard,full_size,mechanical,ALPS White,,wired,general,productivity,100.0,107.0,unverified_reference_source
f6ddca788fb3f5ab6ed1,docyx_pc_part_dataset_2025_07_23,keyboard,Cherry G84-5500,Cherry,G84-5500,keyboard:cherry:g84-5500,curated_alias,reference_only_needs_verification,needs_review,False,1,Black,True,Slim,tenkeyless,,,,wired,general;portable,portable,100.0,105.0,unverified_reference_source
0a8983623d9ff03a3650,docyx_pc_part_dataset_2025_07_23,keyboard,Cherry JK-0800,Cherry,JK-0800,keyboard:cherry:jk-0800,curated_alias,reference_only_needs_verification,needs_review,False,1,Black,True,Standard,full_size,,,,wired,general,productivity,100.0,105.0,unverified_reference_source
ea7f8e47aa6f49de8fce,docyx_pc_part_dataset_2025_07_23,keyboard,Dell DJ454,Dell,DJ454,keyboard:dell:dj454,curated_alias,reference_only_needs_verification,needs_review,False,1,Black,True,Standard,full_size,,,,wired,general,productivity,100.0,105.0,unverified_reference_source
d16582113e15740044c0,docyx_pc_part_dataset_2025_07_23,keyboard,Dell KB522,Dell,KB522,keyboard:dell:kb522,curated_alias,reference_only_needs_verification,needs_review,False,1,Black,True,Standard,full_size,,,,wired,general,productivity,100.0,105.0,unverified_reference_source
e1ddbe7642e723c130d9,docyx_pc_part_dataset_2025_07_23,keyboard,Dell KM632,Dell,KM632,keyboard:dell:km632,curated_alias,reference_only_needs_verification,needs_review,False,1,Black,True,Standard,full_size,,,,wireless,general;portable,portable,100.0,105.0,unverified_reference_source
107ae3948ec18e76b21e,docyx_pc_part_dataset_2025_07_23,keyboard,Gigabyte KM5300,Gigabyte,KM5300,keyboard:gigabyte:km5300,curated_alias,reference_only_needs_verification,needs_review,False,1,Black,True,Standard,full_size,,,,wired,general,productivity,100.0,105.0,unverified_reference_source
02081a1e06b8829a191a,docyx_pc_part_dataset_2025_07_23,keyboard,HP 150,HP,150,keyboard:hp:150,curated_alias,reference_only_needs_verification,needs_review,False,1,Black,True,Standard,full_size,,,,wired,general,productivity,100.0,105.0,unverified_reference_source
5c2812bbaceb22c6ae94,docyx_pc_part_dataset_2025_07_23,keyboard,HP 230,HP,230,keyboard:hp:230,curated_alias,reference_only_needs_verification,needs_review,False,2,Black,True,Standard,full_size,,,,wired;wireless,general;portable,portable,100.0,105.0,unverified_reference_source;identity_duplicates_collapsed
8ec058e341d746d532af,docyx_pc_part_dataset_2025_07_23,keyboard,HP 235,HP,235,keyboard:hp:235,curated_alias,reference_only_needs_verification,needs_review,False,1,Black,True,Standard,full_size,,,,wired;wireless,general;portable,portable,100.0,105.0,unverified_reference_source
d1ec98b0843810bb4d48,docyx_pc_part_dataset_2025_07_23,keyboard,HP 300,HP,300,keyboard:hp:300,curated_alias,reference_only_needs_verification,needs_review,False,1,Black,True,Standard,full_size,,,,wired;wireless,general;portable,portable,100.0,105.0,unverified_reference_source
27d7bc58fd30a4cf4dc2,docyx_pc_part_dataset_2025_07_23,keyboard,HP 320K,HP,320K,keyboard:hp:320k,curated_alias,reference_only_needs_verification,needs_review,False,1,Black,True,Standard,full_size,,,,wired,general,productivity,100.0,105.0,unverified_reference_source
7662a20c622e8d3acd48,docyx_pc_part_dataset_2025_07_23,keyboard,HP 320MK,HP,320MK,keyboard:hp:320mk,curated_alias,reference_only_needs_verification,needs_review,False,1,Black,True,Standard,full_size,,,,wired,general,productivity,100.0,105.0,unverified_reference_source
1955faf24b17534308de,docyx_pc_part_dataset_2025_07_23,keyboard,HP 330,HP,330,keyboard:hp:330,curated_alias,reference_only_needs_verification,needs_review,False,1,Black,True,Standard,full_size,,,,wired;wireless,general;portable,portable,100.0,105.0,unverified_reference_source
e1f3323eb26920a36583,docyx_pc_part_dataset_2025_07_23,keyboard,HP 350,HP,350,keyboard:hp:350,curated_alias,reference_only_needs_verification,needs_review,False,1,Black,True,Standard,tenkeyless,,,,wireless;bluetooth,general;portable,portable,100.0,105.0,unverified_reference_source
10184703c3b45b8e1471,docyx_pc_part_dataset_2025_07_23,keyboard,HP 355,HP,355,keyboard:hp:355,curated_alias,reference_only_needs_verification,needs_review,False,1,Black,True,Standard,tenkeyless,,,,wireless;bluetooth,general;portable,portable,100.0,105.0,unverified_reference_source
0765856df11a731c07a0,docyx_pc_part_dataset_2025_07_23,keyboard,HP 450,HP,450,keyboard:hp:450,curated_alias,reference_only_needs_verification,needs_review,False,1,Black,True,Standard,full_size,,,,wired;wireless,general;portable,portable,100.0,105.0,unverified_reference_source
feb5d2e9cead6d944eeb,docyx_pc_part_dataset_2025_07_23,keyboard,HP 631341-B21,HP,631341-B21,keyboard:hp:631341-b21,curated_alias,reference_only_needs_verification,needs_review,False,1,Black,True,Standard,full_size,,,,wired,general,productivity,100.0,105.0,unverified_reference_source
b0fd8a59ece424aaa7c2,docyx_pc_part_dataset_2025_07_23,keyboard,HP 650,HP,650,keyboard:hp:650,curated_alias,reference_only_needs_verification,needs_review,False,1,Brown,True,Standard,full_size,,,,wired;wireless,general;portable,portable,100.0,105.0,unverified_reference_source
81f242dd6ed293faddd5,docyx_pc_part_dataset_2025_07_23,keyboard,HP 950MK,HP,950MK,keyboard:hp:950mk,curated_alias,reference_only_needs_verification,needs_review,False,2,Black,True,Standard,full_size,,,,wired;wireless,general;portable,portable,100.0,105.0,unverified_reference_source;identity_duplicates_collapsed
facf7355684599191900,docyx_pc_part_dataset_2025_07_23,keyboard,Kensington 64370,Kensington,64370,keyboard:kensington:64370,curated_alias,reference_only_needs_verification,needs_review,False,1,Black,True,Standard,full_size,,,,wired,general,productivity,100.0,105.0,unverified_reference_source
aa3d8a2e1705a776ba91,docyx_pc_part_dataset_2025_07_23,keyboard,Kensington K64370A,Kensington,K64370A,keyboard:kensington:k64370a,curated_alias,reference_only_needs_verification,needs_review,False,2,Black,True,Standard,full_size,,,,wired,general,productivity,100.0,105.0,unverified_reference_source;identity_duplicates_collapsed
7dd50f75bad7b3a92f3a,docyx_pc_part_dataset_2025_07_23,keyboard,Kensington K755,Kensington,K755,keyboard:kensington:k755,curated_alias,reference_only_needs_verification,needs_review,False,2,Black;Silver,True,Standard,tenkeyless,,,,wired;wireless;bluetooth,general;portable,portable,100.0,105.0,unverified_reference_source;identity_duplicates_collapsed
236cf6620289e980893d,docyx_pc_part_dataset_2025_07_23,keyboard,Lenovo 300,Lenovo,300,keyboard:lenovo:300,curated_alias,reference_only_needs_verification,needs_review,False,2,Black,True,Standard,full_size,,,,wired;wireless,general;portable,portable,100.0,105.0,unverified_reference_source;identity_duplicates_collapsed
5ce41513a462865fc0e3,docyx_pc_part_dataset_2025_07_23,keyboard,Lenovo 4X31K03931,Lenovo,4X31K03931,keyboard:lenovo:4x31k03931,curated_alias,reference_only_needs_verification,needs_review,False,1,Black,True,Standard,full_size,,,,wired;wireless;bluetooth,general;portable,portable,100.0,105.0,unverified_reference_source
415b782dc05965ada7f8,docyx_pc_part_dataset_2025_07_23,keyboard,Lenovo 4Y41K04031,Lenovo,4Y41K04031,keyboard:lenovo:4y41k04031,curated_alias,reference_only_needs_verification,needs_review,False,1,Black,True,Standard,full_size,,,,wired;wireless;bluetooth,general;portable,portable,100.0,105.0,unverified_reference_source
782b79084b4661ee4e35,docyx_pc_part_dataset_2025_07_23,keyboard,Lenovo 510,Lenovo,510,keyboard:lenovo:510,curated_alias,reference_only_needs_verification,needs_review,False,1,White,True,Standard,full_size,,,,wired;wireless,general;portable,portable,100.0,105.0,unverified_reference_source
0c2324464853580c9bbb,docyx_pc_part_dataset_2025_07_23,keyboard,Microsoft 21Y-00001,Microsoft,21Y-00001,keyboard:microsoft:21y-00001,curated_alias,reference_only_needs_verification,needs_review,False,1,Black,True,Mini,tenkeyless,,,,wired;wireless;bluetooth,general;portable,portable,100.0,105.0,unverified_reference_source
432192a62533fe16c0ec,docyx_pc_part_dataset_2025_07_23,keyboard,Microsoft 3RA-00022,Microsoft,3RA-00022,keyboard:microsoft:3ra-00022,curated_alias,reference_only_needs_verification,needs_review,False,1,Gray,True,Ergonomic,ergonomic,,,,wireless;bluetooth,general;portable;productivity;ergonomic,ergonomic,100.0,105.0,unverified_reference_source
abb123457010a6bbad4c,docyx_pc_part_dataset_2025_07_23,keyboard,Microsoft 3TJ-00001,Microsoft,3TJ-00001,keyboard:microsoft:3tj-00001,curated_alias,reference_only_needs_verification,needs_review,False,1,Black,True,Ergonomic,ergonomic,,,,wired,general;productivity;ergonomic,ergonomic,100.0,105.0,unverified_reference_source
f91c80f1f0385a9a6a65,docyx_pc_part_dataset_2025_07_23,keyboard,Microsoft 3XJ-00001,Microsoft,3XJ-00001,keyboard:microsoft:3xj-00001,curated_alias,reference_only_needs_verification,needs_review,False,1,Black,True,Ergonomic,ergonomic,,,,wired,general;productivity;ergonomic,ergonomic,100.0,105.0,unverified_reference_source
18f6d742dfc6e07ae8fe,docyx_pc_part_dataset_2025_07_23,keyboard,Microsoft 600,Microsoft,600,keyboard:microsoft:600,curated_alias,reference_only_needs_verification,needs_review,False,1,Black,True,Standard,full_size,,,,wired,general,productivity,100.0,105.0,unverified_reference_source
2e7745d42a76d9c21787,docyx_pc_part_dataset_2025_07_23,keyboard,Microsoft 850,Microsoft,850,keyboard:microsoft:850,curated_alias,reference_only_needs_verification,needs_review,False,1,Black,True,Standard,full_size,,,,wireless,general;portable,portable,100.0,105.0,unverified_reference_source
b19a5c2082e551940e11,docyx_pc_part_dataset_2025_07_23,keyboard,Microsoft B2L-00002,Microsoft,B2L-00002,keyboard:microsoft:b2l-00002,curated_alias,reference_only_needs_verification,needs_review,False,1,Black,True,Ergonomic,ergonomic,,,,wired,general;productivity;ergonomic,ergonomic,100.0,105.0,unverified_reference_source
f3e71c91a0066b5fe0e7,docyx_pc_part_dataset_2025_07_23,keyboard,Microsoft BV3-00003,Microsoft,BV3-00003,keyboard:microsoft:bv3-00003,curated_alias,reference_only_needs_verification,needs_review,False,1,Black,True,Standard,full_size,,,,wireless,general;portable,portable,100.0,105.0,unverified_reference_source
25e2abc778b208c83a2f,docyx_pc_part_dataset_2025_07_23,keyboard,Microsoft E6K-00001,Microsoft,E6K-00001,keyboard:microsoft:e6k-00001,curated_alias,reference_only_needs_verification,needs_review,False,1,Black,True,Standard,full_size,,,,wireless,general;portable,portable,100.0,105.0,unverified_reference_source
c3072158b69d520dc0f5,docyx_pc_part_dataset_2025_07_23,keyboard,Microsoft WS2-00025,Microsoft,WS2-00025,keyboard:microsoft:ws2-00025,curated_alias,reference_only_needs_verification,needs_review,False,1,Gray,True,Standard,full_size,,,,wireless;bluetooth,general;portable,portable,100.0,105.0,unverified_reference_source
f1c56a304c032ba4dec8,docyx_pc_part_dataset_2025_07_23,keyboard,Verbatim 70734,Verbatim,70734,keyboard:verbatim:70734,curated_alias,reference_only_needs_verification,needs_review,False,1,Black,True,Standard,full_size,,,,wired,general,productivity,100.0,105.0,unverified_reference_source
ea43510ebac147445906,docyx_pc_part_dataset_2025_07_23,keyboard,Verbatim 70739,Verbatim,70739,keyboard:verbatim:70739,curated_alias,reference_only_needs_verification,needs_review,False,1,Black,True,Mini,tenkeyless,,,,wireless,general;portable,portable,100.0,105.0,unverified_reference_source
fa93caf9efecb931f1b3,docyx_pc_part_dataset_2025_07_23,keyboard,Verbatim 98111,Verbatim,98111,keyboard:verbatim:98111,curated_alias,reference_only_needs_verification,needs_review,False,1,Black,True,Standard,full_size,,,,wired,general,productivity,100.0,105.0,unverified_reference_source
9d286e51593e05fc2cc0,docyx_pc_part_dataset_2025_07_23,keyboard,Verbatim 98121,Verbatim,98121,keyboard:verbatim:98121,curated_alias,reference_only_needs_verification,needs_review,False,1,Black,True,Standard,full_size,,,,wired,general,productivity,100.0,105.0,unverified_reference_source
c411e3774080289d6f42,docyx_pc_part_dataset_2025_07_23,keyboard,Verbatim 99201,Verbatim,99201,keyboard:verbatim:99201,curated_alias,reference_only_needs_verification,needs_review,False,1,Black,True,Standard,full_size,,,,wired,general,productivity,100.0,105.0,unverified_reference_source
6911d59fc5ca4ecb9b5d,docyx_pc_part_dataset_2025_07_23,keyboard,Verbatim 99779,Verbatim,99779,keyboard:verbatim:99779,curated_alias,reference_only_needs_verification,needs_review,False,1,Black,True,Standard,full_size,,,,wireless,general;portable,portable,100.0,105.0,unverified_reference_source
1ae52bfb0a75346c0172,docyx_pc_part_dataset_2025_07_23,keyboard,Verbatim 99788,Verbatim,99788,keyboard:verbatim:99788,curated_alias,reference_only_needs_verification,needs_review,False,1,Black,True,Standard,full_size,,,,wireless,general;portable,portable,100.0,105.0,unverified_reference_source
1bb591b59395213000b9,docyx_pc_part_dataset_2025_07_23,keyboard,Verbatim 99789,Verbatim,99789,keyboard:verbatim:99789,curated_alias,reference_only_needs_verification,needs_review,False,1,Black,True,Standard,full_size,,,single_colour,wired,general,productivity,100.0,105.0,unverified_reference_source
b9719bf836ef8da375e1,docyx_pc_part_dataset_2025_07_23,keyboard,Das Keyboard 4C,Das Keyboard,4C,keyboard:das-keyboard:4c,curated_alias,reference_only_needs_verification,needs_review,False,1,Black,False,Gaming,tenkeyless,mechanical,Cherry MX Brown,,wired,general;gaming;portable,gaming,100.0,104.0,unverified_reference_source
1dc5280c141476c5b271,docyx_pc_part_dataset_2025_07_23,keyboard,G.Skill KM360,G.Skill,KM360,keyboard:g-skill:km360,inferred_first_token,reference_only_needs_verification,needs_review,False,2,Black;White,True,Standard,tenkeyless,mechanical,Cherry MX Red,single_colour,wired,general;portable,portable,100.0,104.0,unverified_reference_source;identity_duplicates_collapsed
70d73ab9d99d36ed577e,docyx_pc_part_dataset_2025_07_23,keyboard,Monoprice 9180,Monoprice,9180,keyboard:monoprice:9180,curated_alias,reference_only_needs_verification,needs_review,False,1,Black,False,Standard,full_size,mechanical,Cherry MX Black,,wired,general,productivity,100.0,104.0,unverified_reference_source
c7f9844f5fe3862171f4,docyx_pc_part_dataset_2025_07_23,keyboard,Monoprice 9181,Monoprice,9181,keyboard:monoprice:9181,curated_alias,reference_only_needs_verification,needs_review,False,1,Black,False,Standard,full_size,mechanical,Cherry MX Red,single_colour,wired,general,productivity,100.0,104.0,unverified_reference_source
b1011760f626458a5961,docyx_pc_part_dataset_2025_07_23,keyboard,Monoprice 9433,Monoprice,9433,keyboard:monoprice:9433,curated_alias,reference_only_needs_verification,needs_review,False,1,Black,False,Standard,full_size,mechanical,Cherry MX Blue,,wired,general,productivity,100.0,104.0,unverified_reference_source
73fd0f7c32e1ed2a90ad,docyx_pc_part_dataset_2025_07_23,keyboard,Womier SK75,Womier,SK75,keyboard:womier:sk75,inferred_first_token,reference_only_needs_verification,needs_review,False,5,Beige;Black;Blue;Green;Red;White,True,Mini,compact,mechanical,Womier Mint Blizzard Linear,rgb,wired;wireless;bluetooth,general;portable,portable,100.0,104.0,unverified_reference_source;identity_duplicates_collapsed
484fd87681693c53fd10,docyx_pc_part_dataset_2025_07_23,keyboard,A4Tech A-Shape Natural Keyboard,A4Tech,A-Shape Natural Keyboard,keyboard:a4tech:a-shape-natural-keyboard,inferred_first_token,reference_only_needs_verification,needs_review,False,1,Black,False,Ergonomic,ergonomic,,,,wired,general;productivity;ergonomic,ergonomic,100.0,103.0,unverified_reference_source
a82da52f1f6a3061a504,docyx_pc_part_dataset_2025_07_23,keyboard,A4Tech KBS-29,A4Tech,KBS-29,keyboard:a4tech:kbs-29,inferred_first_token,reference_only_needs_verification,needs_review,False,1,Black,False,Ergonomic,ergonomic,,,,wired,general;productivity;ergonomic,ergonomic,100.0,103.0,unverified_reference_source
913380e98ab50bc0baa7,docyx_pc_part_dataset_2025_07_23,keyboard,A4Tech KD-600L,A4Tech,KD-600L,keyboard:a4tech:kd-600l,inferred_first_token,reference_only_needs_verification,needs_review,False,1,Black,False,Standard,full_size,,,single_colour,wired,general,productivity,100.0,103.0,unverified_reference_source
3775a36c6903126f12fc,docyx_pc_part_dataset_2025_07_23,keyboard,A4Tech KL-5BK,A4Tech,KL-5BK,keyboard:a4tech:kl-5bk,inferred_first_token,reference_only_needs_verification,needs_review,False,1,Black,False,Slim,tenkeyless,,,,wired,general;portable,portable,100.0,103.0,unverified_reference_source
4260130f2e3e71f55bf4,docyx_pc_part_dataset_2025_07_23,keyboard,A4Tech KLS-5,A4Tech,KLS-5,keyboard:a4tech:kls-5,inferred_first_token,reference_only_needs_verification,needs_review,False,1,Black,False,Slim,tenkeyless,,,,wired,general;portable,portable,100.0,103.0,unverified_reference_source
753131bdb7f137c001d4,docyx_pc_part_dataset_2025_07_23,keyboard,A4Tech My Kids,A4Tech,My Kids,keyboard:a4tech:my-kids,inferred_first_token,reference_only_needs_verification,needs_review,False,1,Pink,False,Mini,compact,,,,wired,general;portable,portable,100.0,103.0,unverified_reference_source
0ac8e2b2a8a0fc4e0f99,docyx_pc_part_dataset_2025_07_23,keyboard,A4Tech Natural_A,A4Tech,Natural_A,keyboard:a4tech:natural-a,inferred_first_token,reference_only_needs_verification,needs_review,False,1,Black,False,Ergonomic,ergonomic,,,,wired,general;productivity;ergonomic,ergonomic,100.0,103.0,unverified_reference_source
ba192ee5619deeb9fd05,docyx_pc_part_dataset_2025_07_23,keyboard,A4Tech Natural_A X-Slim,A4Tech,Natural_A X-Slim,keyboard:a4tech:natural-a-x-slim,inferred_first_token,reference_only_needs_verification,needs_review,False,1,Black,False,Ergonomic,ergonomic,,,,wired,general;productivity;ergonomic,ergonomic,100.0,103.0,unverified_reference_source
c3c8a478b7bd53db4151,docyx_pc_part_dataset_2025_07_23,keyboard,AZIO Backlit Bluetooth 3.0 Keyboard for Tablets,AZIO,Backlit Bluetooth 3.0 Keyboard for Tablets,keyboard:azio:backlit-bluetooth-3-0-keyboard-for-tablets,inferred_first_token,reference_only_needs_verification,needs_review,False,1,Black,False,Mini,tenkeyless,,,single_colour,wireless;bluetooth,general;portable,portable,100.0,103.0,unverified_reference_source
2cf5b01ff851b53473c0,docyx_pc_part_dataset_2025_07_23,keyboard,AZIO KB333BM,AZIO,KB333BM,keyboard:azio:kb333bm,inferred_first_token,reference_only_needs_verification,needs_review,False,1,White,False,Mini,tenkeyless,,,,wireless;bluetooth,general;portable,portable,100.0,103.0,unverified_reference_source
437e0066f6dca625dadc,docyx_pc_part_dataset_2025_07_23,keyboard,AZIO KB334B,AZIO,KB334B,keyboard:azio:kb334b,inferred_first_token,reference_only_needs_verification,needs_review,False,1,Black,False,Mini,tenkeyless,,,,wireless;bluetooth,general;portable,portable,100.0,103.0,unverified_reference_source
4b83511eea188f14c108,docyx_pc_part_dataset_2025_07_23,keyboard,AZIO KB336RP,AZIO,KB336RP,keyboard:azio:kb336rp,inferred_first_token,reference_only_needs_verification,needs_review,False,1,Black,False,Slim,tenkeyless,,,,wireless,general;portable,portable,100.0,103.0,unverified_reference_source
0ce92037b56b07ffb9b7,docyx_pc_part_dataset_2025_07_23,keyboard,AZIO KB338BP,AZIO,KB338BP,keyboard:azio:kb338bp,inferred_first_token,reference_only_needs_verification,needs_review,False,1,Black,False,Mini,tenkeyless,,,,wireless;bluetooth,general;portable,portable,100.0,103.0,unverified_reference_source
75fac19df0251de61cf1,docyx_pc_part_dataset_2025_07_23,keyboard,AZIO Large Print Tri-Color Illuminated Keyboard,AZIO,Large Print Tri-Color Illuminated Keyboard,keyboard:azio:large-print-tri-color-illuminated-keyboard,inferred_first_token,reference_only_needs_verification,needs_review,False,1,Black,False,Ergonomic,ergonomic,,,single_colour,wired,general;productivity;ergonomic,ergonomic,100.0,103.0,unverified_reference_source
076e89885fa2a3e74dc0,docyx_pc_part_dataset_2025_07_23,keyboard,AZIO Mini Thumb Keyboard w/ Trackball,AZIO,Mini Thumb Keyboard w/ Trackball,keyboard:azio:mini-thumb-keyboard-w-trackball,inferred_first_token,reference_only_needs_verification,needs_review,False,1,Black,False,Mini,tenkeyless,,,,wireless,general;portable,portable,100.0,103.0,unverified_reference_source
fc89f20ac33865862c70,docyx_pc_part_dataset_2025_07_23,keyboard,AZIO Wireless HTPC Keyboard,AZIO,Wireless HTPC Keyboard,keyboard:azio:wireless-htpc-keyboard,inferred_first_token,reference_only_needs_verification,needs_review,False,1,Black,False,Slim,tenkeyless,,,,wireless,general;portable,portable,100.0,103.0,unverified_reference_source
a412f475c4c89dab1337,docyx_pc_part_dataset_2025_07_23,keyboard,Acco Kensington 64406,Acco,Kensington 64406,keyboard:acco:kensington-64406,inferred_first_token,reference_only_needs_verification,needs_review,False,1,White,False,Standard,full_size,,,,wired,general,productivity,100.0,103.0,unverified_reference_source
266c1cb750ca51dbfe5e,docyx_pc_part_dataset_2025_07_23,keyboard,Adesso ACK-5010PW,Adesso,ACK-5010PW,keyboard:adesso:ack-5010pw,inferred_first_token,reference_only_needs_verification,needs_review,False,1,White,False,Mini,tenkeyless,,,,wired,general;portable,portable,100.0,103.0,unverified_reference_source
29c7e2215ffebf7dfa15,docyx_pc_part_dataset_2025_07_23,keyboard,Adesso ACK-5010UB,Adesso,ACK-5010UB,keyboard:adesso:ack-5010ub,inferred_first_token,reference_only_needs_verification,needs_review,False,1,Black,False,Mini,tenkeyless,,,,wired,general;portable,portable,100.0,103.0,unverified_reference_source
449919a84454c9af11ea,docyx_pc_part_dataset_2025_07_23,keyboard,Adesso ACK-5010UW,Adesso,ACK-5010UW,keyboard:adesso:ack-5010uw,inferred_first_token,reference_only_needs_verification,needs_review,False,1,White,False,Mini,compact,,,,wired,general;portable,portable,100.0,103.0,unverified_reference_source
693cce973867cb53fba9,docyx_pc_part_dataset_2025_07_23,keyboard,Adesso ACK-540PB,Adesso,ACK-540PB,keyboard:adesso:ack-540pb,inferred_first_token,reference_only_needs_verification,needs_review,False,1,Black,False,Mini,tenkeyless,,,,wired,general;portable,portable,100.0,103.0,unverified_reference_source
f6a6d68093b63054a482,docyx_pc_part_dataset_2025_07_23,keyboard,Adesso ACK-540PW,Adesso,ACK-540PW,keyboard:adesso:ack-540pw,inferred_first_token,reference_only_needs_verification,needs_review,False,1,Beige,False,Mini,tenkeyless,,,,wired,general;portable,portable,100.0,103.0,unverified_reference_source
7e3fbecb79d8b370ba75,docyx_pc_part_dataset_2025_07_23,keyboard,Adesso ACK-540UB,Adesso,ACK-540UB,keyboard:adesso:ack-540ub,inferred_first_token,reference_only_needs_verification,needs_review,False,1,Black,False,Mini,tenkeyless,,,,wired,general;portable,portable,100.0,103.0,unverified_reference_source
1cdca4bd1ffbf7873f30,docyx_pc_part_dataset_2025_07_23,keyboard,Adesso ACK-540UW,Adesso,ACK-540UW,keyboard:adesso:ack-540uw,inferred_first_token,reference_only_needs_verification,needs_review,False,1,White,False,Mini,tenkeyless,,,,wired,general;portable,portable,100.0,103.0,unverified_reference_source
3f43f8eaa03814911be6,docyx_pc_part_dataset_2025_07_23,keyboard,Adesso ACK-573UB,Adesso,ACK-573UB,keyboard:adesso:ack-573ub,inferred_first_token,reference_only_needs_verification,needs_review,False,1,Black,False,Mini,tenkeyless,,,,wireless,general;portable,portable,100.0,103.0,unverified_reference_source
04e91f6cca263c615760,docyx_pc_part_dataset_2025_07_23,keyboard,Adesso ACK-595PB,Adesso,ACK-595PB,keyboard:adesso:ack-595pb,inferred_first_token,reference_only_needs_verification,needs_review,False,1,Black,False,Mini,tenkeyless,,,,wired,general;portable,portable,100.0,103.0,unverified_reference_source
b770edc2119130ab2fb2,docyx_pc_part_dataset_2025_07_23,keyboard,Adesso ACK-595PW,Adesso,ACK-595PW,keyboard:adesso:ack-595pw,inferred_first_token,reference_only_needs_verification,needs_review,False,1,White,False,Mini,tenkeyless,,,,wired,general;portable,portable,100.0,103.0,unverified_reference_source
93cacc64485abf6e574d,docyx_pc_part_dataset_2025_07_23,keyboard,Adesso ACK-595UW,Adesso,ACK-595UW,keyboard:adesso:ack-595uw,inferred_first_token,reference_only_needs_verification,needs_review,False,1,White,False,Mini,tenkeyless,,,,wired,general;portable,portable,100.0,103.0,unverified_reference_source
67ef17ed9bd3b12644df,docyx_pc_part_dataset_2025_07_23,keyboard,Adesso ACK-730B,Adesso,ACK-730B,keyboard:adesso:ack-730b,inferred_first_token,reference_only_needs_verification,needs_review,False,2,Black,False,Standard,full_size,,,,wired,general,productivity,100.0,103.0,unverified_reference_source;identity_duplicates_collapsed
c0e39f43aba26568baa7,docyx_pc_part_dataset_2025_07_23,keyboard,Adesso ACK-730UW,Adesso,ACK-730UW,keyboard:adesso:ack-730uw,inferred_first_token,reference_only_needs_verification,needs_review,False,1,White,False,Mini,compact,,,,wired,general;portable,portable,100.0,103.0,unverified_reference_source
c25b09bca96c750d2dba,docyx_pc_part_dataset_2025_07_23,keyboard,Adesso ACK-730W,Adesso,ACK-730W,keyboard:adesso:ack-730w,inferred_first_token,reference_only_needs_verification,needs_review,False,1,White,False,Mini,compact,,,,wired,general;portable,portable,100.0,103.0,unverified_reference_source
c485699e6cadfdba1ea4,docyx_pc_part_dataset_2025_07_23,keyboard,Adesso AKB-131HB,Adesso,AKB-131HB,keyboard:adesso:akb-131hb,inferred_first_token,reference_only_needs_verification,needs_review,False,1,Black,False,Standard,full_size,,,,wired,general,productivity,100.0,103.0,unverified_reference_source
60ba121a1b7b8de1ed17,docyx_pc_part_dataset_2025_07_23,keyboard,Adesso AKB-131PB,Adesso,AKB-131PB,keyboard:adesso:akb-131pb,inferred_first_token,reference_only_needs_verification,needs_review,False,1,Black,False,Standard,full_size,,,,wired,general,productivity,100.0,103.0,unverified_reference_source
93550aa8920b2eebbf75,docyx_pc_part_dataset_2025_07_23,keyboard,Adesso AKB-131UB,Adesso,AKB-131UB,keyboard:adesso:akb-131ub,inferred_first_token,reference_only_needs_verification,needs_review,False,1,Black,False,Standard,full_size,,,,wired,general,productivity,100.0,103.0,unverified_reference_source
0034c1feb564d026b2dc,docyx_pc_part_dataset_2025_07_23,keyboard,Adesso AKB-132DB,Adesso,AKB-132DB,keyboard:adesso:akb-132db,inferred_first_token,reference_only_needs_verification,needs_review,False,1,Green;Yellow,False,Standard,full_size,,,,wired,general,productivity,100.0,103.0,unverified_reference_source
3d3e9512e28cfb4e6d98,docyx_pc_part_dataset_2025_07_23,keyboard,Adesso AKB-150CB,Adesso,AKB-150CB,keyboard:adesso:akb-150cb,inferred_first_token,reference_only_needs_verification,needs_review,False,1,Black,False,Ergonomic,ergonomic,,,,wired,general;productivity;ergonomic,ergonomic,100.0,103.0,unverified_reference_source
01ce8a935b52b7b7e849,docyx_pc_part_dataset_2025_07_23,keyboard,Adesso AKB-150SB,Adesso,AKB-150SB,keyboard:adesso:akb-150sb,inferred_first_token,reference_only_needs_verification,needs_review,False,1,Black,False,Ergonomic,ergonomic,,,,wired,general;productivity;ergonomic,ergonomic,100.0,103.0,unverified_reference_source
5a6e52b598cb06d9f573,docyx_pc_part_dataset_2025_07_23,keyboard,Adesso AKB-210,Adesso,AKB-210,keyboard:adesso:akb-210,inferred_first_token,reference_only_needs_verification,needs_review,False,1,Black,False,Mini,compact,,,,wired,general;portable,portable,100.0,103.0,unverified_reference_source
47e8dc5f542ffceb4a2c,docyx_pc_part_dataset_2025_07_23,keyboard,Adesso AKB-220,Adesso,AKB-220,keyboard:adesso:akb-220,inferred_first_token,reference_only_needs_verification,needs_review,False,1,Black,False,Mini,compact,,,,wired,general;portable,portable,100.0,103.0,unverified_reference_source
12cb2c96ea8e6adca857,docyx_pc_part_dataset_2025_07_23,keyboard,Adesso AKB-230,Adesso,AKB-230,keyboard:adesso:akb-230,inferred_first_token,reference_only_needs_verification,needs_review,False,1,Black,False,Standard,tenkeyless,,,,wired,general;portable,portable,100.0,103.0,unverified_reference_source
6bb72c17570616d4a615,docyx_pc_part_dataset_2025_07_23,keyboard,Adesso AKB-410PB,Adesso,AKB-410PB,keyboard:adesso:akb-410pb,inferred_first_token,reference_only_needs_verification,needs_review,False,1,Black,False,Mini,tenkeyless,,,,wired,general;portable,portable,100.0,103.0,unverified_reference_source
d295555edd728024af1f,docyx_pc_part_dataset_2025_07_23,keyboard,Adesso AKB-410UW,Adesso,AKB-410UW,keyboard:adesso:akb-410uw,inferred_first_token,reference_only_needs_verification,needs_review,False,1,White,False,Mini,tenkeyless,,,,wired,general;portable,portable,100.0,103.0,unverified_reference_source
9f07bd4cb6a87ce22db8,docyx_pc_part_dataset_2025_07_23,keyboard,Adesso AKB-420UB,Adesso,AKB-420UB,keyboard:adesso:akb-420ub,inferred_first_token,reference_only_needs_verification,needs_review,False,1,Black,False,Standard,full_size,,,,wired,general,productivity,100.0,103.0,unverified_reference_source
3c6206d517ba42b54b88,docyx_pc_part_dataset_2025_07_23,keyboard,Adesso AKB-430UG,Adesso,AKB-430UG,keyboard:adesso:akb-430ug,inferred_first_token,reference_only_needs_verification,needs_review,False,1,Black;Gray,False,Standard,full_size,,,,wired,general,productivity,100.0,103.0,unverified_reference_source
6954e987f70b1910de10,docyx_pc_part_dataset_2025_07_23,keyboard,Adesso AKB-530UB,Adesso,AKB-530UB,keyboard:adesso:akb-530ub,inferred_first_token,reference_only_needs_verification,needs_review,False,1,Black,False,Standard,full_size,,,,wired,general,productivity,100.0,103.0,unverified_reference_source
d62616dcdb4e582e1717,docyx_pc_part_dataset_2025_07_23,keyboard,Adesso AKB-630B,Adesso,AKB-630B,keyboard:adesso:akb-630b,inferred_first_token,reference_only_needs_verification,needs_review,False,1,Black,False,Standard,full_size,,,,wired,general,productivity,100.0,103.0,unverified_reference_source
39e65c5c36e6d4975925,docyx_pc_part_dataset_2025_07_23,keyboard,Adesso AKB-630CB,Adesso,AKB-630CB,keyboard:adesso:akb-630cb,inferred_first_token,reference_only_needs_verification,needs_review,False,1,Black,False,Standard,full_size,,,,wired,general,productivity,100.0,103.0,unverified_reference_source
d833a9ee35f0379a8fd8,docyx_pc_part_dataset_2025_07_23,keyboard,Adesso AKB-631UB,Adesso,AKB-631UB,keyboard:adesso:akb-631ub,inferred_first_token,reference_only_needs_verification,needs_review,False,1,Black,False,Standard,full_size,,,,wired,general,productivity,100.0,103.0,unverified_reference_source
ee5dca1be829ec4946b2,docyx_pc_part_dataset_2025_07_23,keyboard,Adesso AKB-901,Adesso,AKB-901,keyboard:adesso:akb-901,inferred_first_token,reference_only_needs_verification,needs_review,False,1,Black;Silver,False,Mini,tenkeyless,,,,wired,general;portable,portable,100.0,103.0,unverified_reference_source
d415161122ce4ea5cc13,docyx_pc_part_dataset_2025_07_23,keyboard,Adesso AKB132CB,Adesso,AKB132CB,keyboard:adesso:akb132cb,inferred_first_token,reference_only_needs_verification,needs_review,False,1,Black,False,Standard,full_size,,,,wired,general,productivity,100.0,103.0,unverified_reference_source
5ac76d261c1a398423ad,docyx_pc_part_dataset_2025_07_23,keyboard,Adesso EasyTouch 130,Adesso,EasyTouch 130,keyboard:adesso:easytouch-130,inferred_first_token,reference_only_needs_verification,needs_review,False,1,Black,False,Standard,full_size,,,single_colour,wired,general,productivity,100.0,103.0,unverified_reference_source
0ea1dab2eb09fe37f6ab,docyx_pc_part_dataset_2025_07_23,keyboard,Adesso PCK-208B,Adesso,PCK-208B,keyboard:adesso:pck-208b,inferred_first_token,reference_only_needs_verification,needs_review,False,1,Black,False,Ergonomic,ergonomic,,,,wired,general;productivity;ergonomic,ergonomic,100.0,103.0,unverified_reference_source
e1597d3b835937a23dab,docyx_pc_part_dataset_2025_07_23,keyboard,Adesso PCK-308B,Adesso,PCK-308B,keyboard:adesso:pck-308b,inferred_first_token,reference_only_needs_verification,needs_review,False,1,Black,False,Ergonomic,ergonomic,,,,wired,general;productivity;ergonomic,ergonomic,100.0,103.0,unverified_reference_source
6d5e2d982315041ad070,docyx_pc_part_dataset_2025_07_23,keyboard,Adesso SlimTouch 270,Adesso,SlimTouch 270,keyboard:adesso:slimtouch-270,inferred_first_token,reference_only_needs_verification,needs_review,False,1,White,False,Mini,compact,,,,wired,general;portable,portable,100.0,103.0,unverified_reference_source
89e7607da1e3ebda0e46,docyx_pc_part_dataset_2025_07_23,keyboard,Adesso SlimTouch 510R,Adesso,SlimTouch 510R,keyboard:adesso:slimtouch-510r,inferred_first_token,reference_only_needs_verification,needs_review,False,1,Black,False,Standard,full_size,,,,wired,general,productivity,100.0,103.0,unverified_reference_source
b01ac7120a538f2c5671,docyx_pc_part_dataset_2025_07_23,keyboard,Adesso WKB-1000BA,Adesso,WKB-1000BA,keyboard:adesso:wkb-1000ba,inferred_first_token,reference_only_needs_verification,needs_review,False,1,Black,False,Mini,tenkeyless,,,,wireless;bluetooth,general;portable,portable,100.0,103.0,unverified_reference_source
078e70acb052fe062e4e,docyx_pc_part_dataset_2025_07_23,keyboard,Adesso WKB-1000BB,Adesso,WKB-1000BB,keyboard:adesso:wkb-1000bb,inferred_first_token,reference_only_needs_verification,needs_review,False,1,Black,False,Mini,tenkeyless,,,,wireless;bluetooth,general;portable,portable,100.0,103.0,unverified_reference_source
d08aa07114b1b374b28a,docyx_pc_part_dataset_2025_07_23,keyboard,Adesso WKB-1200CB,Adesso,WKB-1200CB,keyboard:adesso:wkb-1200cb,inferred_first_token,reference_only_needs_verification,needs_review,False,1,Black,False,Standard,full_size,,,,wireless,general;portable,portable,100.0,103.0,unverified_reference_source
a3e0a236a474c896ae3d,docyx_pc_part_dataset_2025_07_23,keyboard,Adesso WKB-3000U,Adesso,WKB-3000U,keyboard:adesso:wkb-3000u,inferred_first_token,reference_only_needs_verification,needs_review,False,1,Black,False,Standard,tenkeyless,,,,wireless,general;portable,portable,100.0,103.0,unverified_reference_source
aba0eac7b752109a2578,docyx_pc_part_dataset_2025_07_23,keyboard,Adesso WKB-3000UB,Adesso,WKB-3000UB,keyboard:adesso:wkb-3000ub,inferred_first_token,reference_only_needs_verification,needs_review,False,1,Black,False,Mini,tenkeyless,,,,wireless,general;portable,portable,100.0,103.0,unverified_reference_source
1db42ee9b48750c40e34,docyx_pc_part_dataset_2025_07_23,keyboard,Adesso WKB-3200UB,Adesso,WKB-3200UB,keyboard:adesso:wkb-3200ub,inferred_first_token,reference_only_needs_verification,needs_review,False,1,Black,False,Standard,tenkeyless,,,,wired,general;portable,portable,100.0,103.0,unverified_reference_source
83728edd28d9468bca17,docyx_pc_part_dataset_2025_07_23,keyboard,Adesso WKB-4000BM,Adesso,WKB-4000BM,keyboard:adesso:wkb-4000bm,inferred_first_token,reference_only_needs_verification,needs_review,False,1,White,False,Slim,tenkeyless,,,,wireless;bluetooth,general;portable,portable,100.0,103.0,unverified_reference_source
f94ee41bf7309a104d8a,docyx_pc_part_dataset_2025_07_23,keyboard,Adesso WKB-4000UB,Adesso,WKB-4000UB,keyboard:adesso:wkb-4000ub,inferred_first_token,reference_only_needs_verification,needs_review,False,1,Black,False,Slim,tenkeyless,,,,wireless,general;portable,portable,100.0,103.0,unverified_reference_source
1bbfcfc1403d40463fda,docyx_pc_part_dataset_2025_07_23,keyboard,Adesso WKB-4040UB,Adesso,WKB-4040UB,keyboard:adesso:wkb-4040ub,inferred_first_token,reference_only_needs_verification,needs_review,False,1,Black,False,Mini,tenkeyless,,,,wireless,general;portable,portable,100.0,103.0,unverified_reference_source
a9e88377870d88d1556e,docyx_pc_part_dataset_2025_07_23,keyboard,Adesso WKB-4100UB,Adesso,WKB-4100UB,keyboard:adesso:wkb-4100ub,inferred_first_token,reference_only_needs_verification,needs_review,False,1,Black,False,Ergonomic,tenkeyless,,,,wireless,general;portable,portable,100.0,103.0,unverified_reference_source
f2c1482d06ffd2f2c09f,docyx_pc_part_dataset_2025_07_23,keyboard,Adesso WKB-4200UB,Adesso,WKB-4200UB,keyboard:adesso:wkb-4200ub,inferred_first_token,reference_only_needs_verification,needs_review,False,1,Black;Silver,False,Slim,tenkeyless,,,,wireless,general;portable,portable,100.0,103.0,unverified_reference_source
f5fad55ac24842373dd0,docyx_pc_part_dataset_2025_07_23,keyboard,Apevia KI-COMBO-BK,Apevia,KI-COMBO-BK,keyboard:apevia:ki-combo-bk,inferred_first_token,reference_only_needs_verification,needs_review,False,1,Black,False,Standard,full_size,,,,wired,general,productivity,100.0,103.0,unverified_reference_source
7675879bf07af3413b22,docyx_pc_part_dataset_2025_07_23,keyboard,Apevia KI-COMBO-BL,Apevia,KI-COMBO-BL,keyboard:apevia:ki-combo-bl,inferred_first_token,reference_only_needs_verification,needs_review,False,1,Black;Blue,False,Standard,full_size,,,,wired,general,productivity,100.0,103.0,unverified_reference_source
da78a9b75e7febe6ce21,docyx_pc_part_dataset_2025_07_23,keyboard,Apevia KI-COMBO-SV,Apevia,KI-COMBO-SV,keyboard:apevia:ki-combo-sv,inferred_first_token,reference_only_needs_verification,needs_review,False,1,Black;Silver,False,Standard,full_size,,,,wired,general,productivity,100.0,103.0,unverified_reference_source
0ab04b92ae2259fc47f1,docyx_pc_part_dataset_2025_07_23,keyboard,Apevia KIS-COMBO-BK,Apevia,KIS-COMBO-BK,keyboard:apevia:kis-combo-bk,inferred_first_token,reference_only_needs_verification,needs_review,False,1,Black,False,Standard,full_size,,,,wired,general,productivity,100.0,103.0,unverified_reference_source
80726f52c772f47c37d2,docyx_pc_part_dataset_2025_07_23,keyboard,Apevia KIS-COMBO-SV,Apevia,KIS-COMBO-SV,keyboard:apevia:kis-combo-sv,inferred_first_token,reference_only_needs_verification,needs_review,False,1,Black;Silver,False,Standard,full_size,,,,wired,general,productivity,100.0,103.0,unverified_reference_source
fe123ff0d8d0a4221eec,docyx_pc_part_dataset_2025_07_23,keyboard,Apevia KU-COMBO-GN,Apevia,KU-COMBO-GN,keyboard:apevia:ku-combo-gn,inferred_first_token,reference_only_needs_verification,needs_review,False,1,Black;Green,False,Standard,full_size,,,,wired,general,productivity,100.0,103.0,unverified_reference_source
0e308a2c9646a8923fd5,docyx_pc_part_dataset_2025_07_23,keyboard,Apple MB110LL/B,Apple,MB110LL/B,keyboard:apple:mb110ll-b,inferred_first_token,reference_only_needs_verification,needs_review,False,1,White,False,Standard,full_size,,,,wired,general,productivity,100.0,103.0,unverified_reference_source
5dc938fb5f510af95608,docyx_pc_part_dataset_2025_07_23,keyboard,Apple MC184LL/B,Apple,MC184LL/B,keyboard:apple:mc184ll-b,inferred_first_token,reference_only_needs_verification,needs_review,False,1,Silver,False,Mini,tenkeyless,,,,wireless;bluetooth,general;portable,portable,100.0,103.0,unverified_reference_source
4d840a8131a952dcda9e,docyx_pc_part_dataset_2025_07_23,keyboard,Belkin B2B127-BLK,Belkin,B2B127-BLK,keyboard:belkin:b2b127-blk,inferred_first_token,reference_only_needs_verification,needs_review,False,1,Black,False,Mini,tenkeyless,,,,wired,general;portable,portable,100.0,103.0,unverified_reference_source
cf4a1061be7c37e499a8,docyx_pc_part_dataset_2025_07_23,keyboard,Belkin Compact Keyboard K100,Belkin,Compact Keyboard K100,keyboard:belkin:compact-keyboard-k100,inferred_first_token,reference_only_needs_verification,needs_review,False,2,Black;Silver,False,Standard,full_size,,,,wired,general,productivity,100.0,103.0,unverified_reference_source;identity_duplicates_collapsed
31d83a0299af806c5f2b,docyx_pc_part_dataset_2025_07_23,keyboard,Belkin Universal Wireless Keyboard with iPad Shortcut Keys,Belkin,Universal Wireless Keyboard with iPad Shortcut Keys,keyboard:belkin:universal-wireless-keyboard-with-ipad-shortcut-keys,inferred_first_token,reference_only_needs_verification,needs_review,False,1,Black,False,Mini,tenkeyless,,,,wireless;bluetooth,general;portable,portable,100.0,103.0,unverified_reference_source
28fb86be42b83f6d3ca2,docyx_pc_part_dataset_2025_07_23,keyboard,Buslink I-Rocks IRK77RP-BK,Buslink,I-Rocks IRK77RP-BK,keyboard:buslink:i-rocks-irk77rp-bk,inferred_first_token,reference_only_needs_verification,needs_review,False,1,Black,False,Standard,full_size,,,,wireless,general;portable,portable,100.0,103.0,unverified_reference_source
07c2fe9ba06a121aed0d,docyx_pc_part_dataset_2025_07_23,keyboard,Buslink KR-6170M Full Size X-Slim Keyboard,Buslink,KR-6170M Full Size X-Slim Keyboard,keyboard:buslink:kr-6170m-full-size-x-slim-keyboard,inferred_first_token,reference_only_needs_verification,needs_review,False,1,White,False,Standard,full_size,,,,wired,general,productivity,100.0,103.0,unverified_reference_source
d2a702c7d33f2c2b3e4a,docyx_pc_part_dataset_2025_07_23,keyboard,Buslink RF-6572L-WH,Buslink,RF-6572L-WH,keyboard:buslink:rf-6572l-wh,inferred_first_token,reference_only_needs_verification,needs_review,False,1,White,False,Standard,full_size,,,,wireless,general;portable,portable,100.0,103.0,unverified_reference_source
e359f6eadeab8db520f7,docyx_pc_part_dataset_2025_07_23,keyboard,Buslink RF-6577L-WH,Buslink,RF-6577L-WH,keyboard:buslink:rf-6577l-wh,inferred_first_token,reference_only_needs_verification,needs_review,False,1,White,False,Standard,full_size,,,,wireless,general;portable,portable,100.0,103.0,unverified_reference_source
18db8336d6d48160cc1b,docyx_pc_part_dataset_2025_07_23,keyboard,Chester Creek Technologies BBK,Chester,Creek Technologies BBK,keyboard:chester:creek-technologies-bbk,inferred_first_token,reference_only_needs_verification,needs_review,False,1,Multicolor,False,Standard,tenkeyless,,,,wireless;bluetooth,general;portable,portable,100.0,103.0,unverified_reference_source
4ac4702aedd368d86cd5,docyx_pc_part_dataset_2025_07_23,keyboard,Chester Creek Technologies CCT,Chester,Creek Technologies CCT,keyboard:chester:creek-technologies-cct,inferred_first_token,reference_only_needs_verification,needs_review,False,1,Red,False,Standard,full_size,,,,wired,general,productivity,100.0,103.0,unverified_reference_source
038532ed2aa54fe360e7,docyx_pc_part_dataset_2025_07_23,keyboard,Chester Creek Technologies CCT KinderBoard,Chester,Creek Technologies CCT KinderBoard,keyboard:chester:creek-technologies-cct-kinderboard,inferred_first_token,reference_only_needs_verification,needs_review,False,1,Gray,False,Standard,full_size,,,,wired,general,productivity,100.0,103.0,unverified_reference_source
14fbfc91665a0430d3e4,docyx_pc_part_dataset_2025_07_23,keyboard,Chester Creek Technologies LessonBoard,Chester,Creek Technologies LessonBoard,keyboard:chester:creek-technologies-lessonboard,inferred_first_token,reference_only_needs_verification,needs_review,False,1,Black,False,Standard,full_size,,,,wired,general,productivity,100.0,103.0,unverified_reference_source
40c110afb51f31be0ac0,docyx_pc_part_dataset_2025_07_23,keyboard,Chester Creek Technologies MB-lc,Chester,Creek Technologies MB-lc,keyboard:chester:creek-technologies-mb-lc,inferred_first_token,reference_only_needs_verification,needs_review,False,1,Black,False,Mini,compact,,,,wired,general;portable,portable,100.0,103.0,unverified_reference_source
4f1d88b7aa423585cf05,docyx_pc_part_dataset_2025_07_23,keyboard,Chester Creek Technologies TrekKeys,Chester,Creek Technologies TrekKeys,keyboard:chester:creek-technologies-trekkeys,inferred_first_token,reference_only_needs_verification,needs_review,False,1,Silver;White,False,Mini,tenkeyless,,,,wireless;bluetooth,general;portable,portable,100.0,103.0,unverified_reference_source
a54cca77edf24d0e7a1a,docyx_pc_part_dataset_2025_07_23,keyboard,Chester Creek Technologies VisionBoard WVBW Keyboard,Chester,Creek Technologies VisionBoard WVBW Keyboard,keyboard:chester:creek-technologies-visionboard-wvbw-keyboard,inferred_first_token,reference_only_needs_verification,needs_review,False,1,Black;White,False,Ergonomic,ergonomic,,,,wireless,general;portable;productivity;ergonomic,ergonomic,100.0,103.0,unverified_reference_source
54d7d3c24d4c04a2b05a,docyx_pc_part_dataset_2025_07_23,keyboard,Chester Creek Technologies VisionBoard2,Chester,Creek Technologies VisionBoard2,keyboard:chester:creek-technologies-visionboard2,inferred_first_token,reference_only_needs_verification,needs_review,False,1,Black;White,False,Standard,tenkeyless,,,,wired,general;portable,portable,100.0,103.0,unverified_reference_source
d3d966658c7a0c1b5ef2,docyx_pc_part_dataset_2025_07_23,keyboard,Chester Creek Technologies VisionBoard2 Yellow,Chester,Creek Technologies VisionBoard2 Yellow,keyboard:chester:creek-technologies-visionboard2-yellow,inferred_first_token,reference_only_needs_verification,needs_review,False,1,Black;Yellow,False,Standard,tenkeyless,,,,wired,general;portable,portable,100.0,103.0,unverified_reference_source
42d88a53162a1b39b2b8,docyx_pc_part_dataset_2025_07_23,keyboard,Cisco XPACC-KBD-G=,Cisco,XPACC-KBD-G=,keyboard:cisco:xpacc-kbd-g,inferred_first_token,reference_only_needs_verification,needs_review,False,1,Gray,False,Standard,full_size,,,,wired,general,productivity,100.0,103.0,unverified_reference_source
8bb14cae8feb3a818ad8,docyx_pc_part_dataset_2025_07_23,keyboard,Cobra Cobra II,Cobra,Cobra II,keyboard:cobra:cobra-ii,inferred_first_token,reference_only_needs_verification,needs_review,False,1,Black,False,Standard,full_size,,,single_colour,wired,general,productivity,100.0,103.0,unverified_reference_source
083284ac7b2bca142c87,docyx_pc_part_dataset_2025_07_23,keyboard,Cobra E-3LUE CS/CF,Cobra,E-3LUE CS/CF,keyboard:cobra:e-3lue-cs-cf,inferred_first_token,reference_only_needs_verification,needs_review,False,1,Black,False,Standard,full_size,,,single_colour,wired,general,productivity,100.0,103.0,unverified_reference_source
6afc8781b07d02d23345,docyx_pc_part_dataset_2025_07_23,keyboard,Enermax KB008W-B-US,Enermax,KB008W-B-US,keyboard:enermax:kb008w-b-us,inferred_first_token,reference_only_needs_verification,needs_review,False,1,Black,False,Ergonomic,ergonomic,,,,wireless,general;portable;productivity;ergonomic,ergonomic,100.0,103.0,unverified_reference_source
f09ccaca7a580b92c929,docyx_pc_part_dataset_2025_07_23,keyboard,Enermax KB009U-B,Enermax,KB009U-B,keyboard:enermax:kb009u-b,inferred_first_token,reference_only_needs_verification,needs_review,False,1,Black,False,Standard,full_size,,,,wired,general,productivity,100.0,103.0,unverified_reference_source
89e2eca58bf548b424fd,docyx_pc_part_dataset_2025_07_23,keyboard,Enermax KB009W-B,Enermax,KB009W-B,keyboard:enermax:kb009w-b,inferred_first_token,reference_only_needs_verification,needs_review,False,1,Black,False,Standard,full_size,,,,wireless,general;portable,portable,100.0,103.0,unverified_reference_source
22e4698fee213e2377d9,docyx_pc_part_dataset_2025_07_23,keyboard,Enermax KM001W,Enermax,KM001W,keyboard:enermax:km001w,inferred_first_token,reference_only_needs_verification,needs_review,False,1,Black,False,Standard,full_size,,,,wireless,general;portable,portable,100.0,103.0,unverified_reference_source
bc14ba6c92d233e55c01,docyx_pc_part_dataset_2025_07_23,keyboard,Ergoguys Adjustable Keyboard,Ergoguys,Adjustable Keyboard,keyboard:ergoguys:adjustable-keyboard,inferred_first_token,reference_only_needs_verification,needs_review,False,1,Black,False,Ergonomic,ergonomic,,,,wired,general;productivity;ergonomic,ergonomic,100.0,103.0,unverified_reference_source
27a2436053f4508d4f79,docyx_pc_part_dataset_2025_07_23,keyboard,Ergoguys Arabic 101 and English Bilingual,Ergoguys,Arabic 101 and English Bilingual,keyboard:ergoguys:arabic-101-and-english-bilingual,inferred_first_token,reference_only_needs_verification,needs_review,False,1,Black,False,Standard,full_size,,,,wired,general,productivity,100.0,103.0,unverified_reference_source
136173515a4189600e4f,docyx_pc_part_dataset_2025_07_23,keyboard,Ergoguys CD1104 Japanese and English,Ergoguys,CD1104 Japanese and English,keyboard:ergoguys:cd1104-japanese-and-english,inferred_first_token,reference_only_needs_verification,needs_review,False,1,Black,False,Standard,full_size,,,,wired,general,productivity,100.0,103.0,unverified_reference_source
279ba9417874a931b8bc,docyx_pc_part_dataset_2025_07_23,keyboard,Ergoguys DataCal,Ergoguys,DataCal,keyboard:ergoguys:datacal,inferred_first_token,reference_only_needs_verification,needs_review,False,1,Black,False,Standard,full_size,,,,wired,general,productivity,100.0,103.0,unverified_reference_source
84c3eb6d6c593c4d4724,docyx_pc_part_dataset_2025_07_23,keyboard,Ergoguys EVIK-110,Ergoguys,EVIK-110,keyboard:ergoguys:evik-110,inferred_first_token,reference_only_needs_verification,needs_review,False,1,Black,False,Ergonomic,ergonomic,,,,wired,general;productivity;ergonomic,ergonomic,100.0,103.0,unverified_reference_source
4105651b527354b494f1,docyx_pc_part_dataset_2025_07_23,keyboard,Ergoguys KB-OR-1500BT,Ergoguys,KB-OR-1500BT,keyboard:ergoguys:kb-or-1500bt,inferred_first_token,reference_only_needs_verification,needs_review,False,1,Black,False,Mini,compact,,,,wireless;bluetooth,general;portable,portable,100.0,103.0,unverified_reference_source
caf6ca44cbca651a32c4,docyx_pc_part_dataset_2025_07_23,keyboard,Ergoguys KL-5BLK,Ergoguys,KL-5BLK,keyboard:ergoguys:kl-5blk,inferred_first_token,reference_only_needs_verification,needs_review,False,1,Black,False,Mini,compact,,,,wired,general;portable,portable,100.0,103.0,unverified_reference_source
b9b270e678e3eb23bc42,docyx_pc_part_dataset_2025_07_23,keyboard,Ergoguys KL-5SILVER,Ergoguys,KL-5SILVER,keyboard:ergoguys:kl-5silver,inferred_first_token,reference_only_needs_verification,needs_review,False,1,Silver,False,Mini,compact,,,,wired,general;portable,portable,100.0,103.0,unverified_reference_source
9c4d171d73891ee37c9e,docyx_pc_part_dataset_2025_07_23,keyboard,Ergoguys KWD-101,Ergoguys,KWD-101,keyboard:ergoguys:kwd-101,inferred_first_token,reference_only_needs_verification,needs_review,False,1,Pink;White,False,Standard,full_size,,,,wireless,general;portable,portable,100.0,103.0,unverified_reference_source
d95b67294a55b1a2d193,docyx_pc_part_dataset_2025_07_23,keyboard,Ergoguys My-Lil Kids Computer,Ergoguys,My-Lil Kids Computer,keyboard:ergoguys:my-lil-kids-computer,inferred_first_token,reference_only_needs_verification,needs_review,False,1,Blue,False,Standard,full_size,,,,wired,general,productivity,100.0,103.0,unverified_reference_source
2c18eee682e5c5a87b12,docyx_pc_part_dataset_2025_07_23,keyboard,Ergoguys WKB-1000M,Ergoguys,WKB-1000M,keyboard:ergoguys:wkb-1000m,inferred_first_token,reference_only_needs_verification,needs_review,False,1,White,False,Ergonomic,ergonomic,,,,wireless,general;portable;productivity;ergonomic,ergonomic,100.0,103.0,unverified_reference_source
87ce9b53d03bc17efb98,docyx_pc_part_dataset_2025_07_23,keyboard,Ergoguys WKB1100,Ergoguys,WKB1100,keyboard:ergoguys:wkb1100,inferred_first_token,reference_only_needs_verification,needs_review,False,1,Black,False,Ergonomic,tenkeyless,,,,wireless,general;portable,portable,100.0,103.0,unverified_reference_source
f9eb3693ce51ae452d6a,docyx_pc_part_dataset_2025_07_23,keyboard,Ergoguys Wireless Keyboard Multimedia With Trackball,Ergoguys,Wireless Keyboard Multimedia With Trackball,keyboard:ergoguys:wireless-keyboard-multimedia-with-trackball,inferred_first_token,reference_only_needs_verification,needs_review,False,1,Black,False,Ergonomic,ergonomic,,,,wireless,general;portable;productivity;ergonomic,ergonomic,100.0,103.0,unverified_reference_source
3c410f193710ec669d61,docyx_pc_part_dataset_2025_07_23,keyboard,Ergoguys Wireless Keyboard Space Saver Optical Trackball,Ergoguys,Wireless Keyboard Space Saver Optical Trackball,keyboard:ergoguys:wireless-keyboard-space-saver-optical-trackball,inferred_first_token,reference_only_needs_verification,needs_review,False,1,Black;Silver,False,Standard,full_size,,,,wireless,general;portable,portable,100.0,103.0,unverified_reference_source
dc6214153edd3807ac80,docyx_pc_part_dataset_2025_07_23,keyboard,Favi FE02RF-BL,Favi,FE02RF-BL,keyboard:favi:fe02rf-bl,inferred_first_token,reference_only_needs_verification,needs_review,False,1,Black,False,Mini,tenkeyless,,,,wireless,general;portable,portable,100.0,103.0,unverified_reference_source
7ff69029b94fd11a1fd1,docyx_pc_part_dataset_2025_07_23,keyboard,Fujitsu FPCKD38A1P,Fujitsu,FPCKD38A1P,keyboard:fujitsu:fpckd38a1p,inferred_first_token,reference_only_needs_verification,needs_review,False,1,Black,False,Mini,tenkeyless,,,,wireless;bluetooth,general;portable,portable,100.0,103.0,unverified_reference_source
ed95ced404ace2369255,docyx_pc_part_dataset_2025_07_23,keyboard,Gear Head KB1500U,Gear,Head KB1500U,keyboard:gear:head-kb1500u,inferred_first_token,reference_only_needs_verification,needs_review,False,1,Black;Silver,False,Mini,tenkeyless,,,,wired,general;portable,portable,100.0,103.0,unverified_reference_source
50af58838c2173e42897,docyx_pc_part_dataset_2025_07_23,keyboard,Gear Head KB1700U,Gear,Head KB1700U,keyboard:gear:head-kb1700u,inferred_first_token,reference_only_needs_verification,needs_review,False,2,Black,False,Mini,compact,,,,wired,general;portable,portable,100.0,103.0,unverified_reference_source;identity_duplicates_collapsed
569f0ebeefd9ee3d53d9,docyx_pc_part_dataset_2025_07_23,keyboard,Gear Head KB2200B Standard Keyboard,Gear,Head KB2200B Standard Keyboard,keyboard:gear:head-kb2200b-standard-keyboard,inferred_first_token,reference_only_needs_verification,needs_review,False,1,Black,False,Standard,full_size,,,,wired,general,productivity,100.0,103.0,unverified_reference_source
95836a86422efb65dd1e,docyx_pc_part_dataset_2025_07_23,keyboard,Gear Head KB3750W,Gear,Head KB3750W,keyboard:gear:head-kb3750w,inferred_first_token,reference_only_needs_verification,needs_review,False,1,Black,False,Mini,tenkeyless,,,,wireless,general;portable,portable,100.0,103.0,unverified_reference_source
57f258c5fbe9b125ec5e,docyx_pc_part_dataset_2025_07_23,keyboard,Gear Head KB3800TPW,Gear,Head KB3800TPW,keyboard:gear:head-kb3800tpw,inferred_first_token,reference_only_needs_verification,needs_review,False,1,Black,False,Standard,tenkeyless,,,,wireless,general;portable,portable,100.0,103.0,unverified_reference_source
d81856720c1b958450bd,docyx_pc_part_dataset_2025_07_23,keyboard,Gear Head KB4200NPU Keyboard,Gear,Head KB4200NPU Keyboard,keyboard:gear:head-kb4200npu-keyboard,inferred_first_token,reference_only_needs_verification,needs_review,False,2,Black,False,Standard,full_size,,,,wired,general,productivity,100.0,103.0,unverified_reference_source;identity_duplicates_collapsed
863d4cc28c4509f71ba3,docyx_pc_part_dataset_2025_07_23,keyboard,Gear Head KB4700TP,Gear,Head KB4700TP,keyboard:gear:head-kb4700tp,inferred_first_token,reference_only_needs_verification,needs_review,False,1,Black,False,Mini,compact,,,,wired,general;portable,portable,100.0,103.0,unverified_reference_source
1cf753ae24dac76cee48,docyx_pc_part_dataset_2025_07_23,keyboard,Gear Head KB4950TPW,Gear,Head KB4950TPW,keyboard:gear:head-kb4950tpw,inferred_first_token,reference_only_needs_verification,needs_review,False,1,Black,False,Mini,tenkeyless,,,,wireless,general;portable,portable,100.0,103.0,unverified_reference_source
3a4e9679cfff60a377b2,docyx_pc_part_dataset_2025_07_23,keyboard,Gear Head KB5125W,Gear,Head KB5125W,keyboard:gear:head-kb5125w,inferred_first_token,reference_only_needs_verification,needs_review,False,1,Black,False,Standard,full_size,,,,wireless,general;portable,portable,100.0,103.0,unverified_reference_source
6573a7d971ea5a17bdf1,docyx_pc_part_dataset_2025_07_23,keyboard,Gear Head KB5150W,Gear,Head KB5150W,keyboard:gear:head-kb5150w,inferred_first_token,reference_only_needs_verification,needs_review,False,1,Black,False,Standard,full_size,,,,wireless,general;portable,portable,100.0,103.0,unverified_reference_source
cce525b97876c7f72728,docyx_pc_part_dataset_2025_07_23,keyboard,Gear Head KB5195W,Gear,Head KB5195W,keyboard:gear:head-kb5195w,inferred_first_token,reference_only_needs_verification,needs_review,False,1,Black,False,Standard,full_size,,,,wireless,general;portable,portable,100.0,103.0,unverified_reference_source
fb648e00b232c85f8196,docyx_pc_part_dataset_2025_07_23,keyboard,Gear Head KB5850W,Gear,Head KB5850W,keyboard:gear:head-kb5850w,inferred_first_token,reference_only_needs_verification,needs_review,False,1,Black,False,Standard,full_size,,,,wireless,general;portable,portable,100.0,103.0,unverified_reference_source
4d1e794eb9609953b838,docyx_pc_part_dataset_2025_07_23,keyboard,Gear Head KB5950TPW,Gear,Head KB5950TPW,keyboard:gear:head-kb5950tpw,inferred_first_token,reference_only_needs_verification,needs_review,False,1,Black,False,Ergonomic,ergonomic,,,,wireless,general;portable;productivity;ergonomic,ergonomic,100.0,103.0,unverified_reference_source
525ad8cae9bf47431a7a,docyx_pc_part_dataset_2025_07_23,keyboard,Gear Head KB6500BTIP Keyboard,Gear,Head KB6500BTIP Keyboard,keyboard:gear:head-kb6500btip-keyboard,inferred_first_token,reference_only_needs_verification,needs_review,False,1,Black,False,Mini,tenkeyless,,,,wireless;bluetooth,general;portable,portable,100.0,103.0,unverified_reference_source
028f35ab00a880b7683f,docyx_pc_part_dataset_2025_07_23,keyboard,Gear Head KBL5925W,Gear,Head KBL5925W,keyboard:gear:head-kbl5925w,inferred_first_token,reference_only_needs_verification,needs_review,False,1,Black,False,Standard,full_size,,,,wireless,general;portable,portable,100.0,103.0,unverified_reference_source
c44d7c85beaf22053503,docyx_pc_part_dataset_2025_07_23,keyboard,Gear Head Windows Media Pro II USB Keyboard,Gear,Head Windows Media Pro II USB Keyboard,keyboard:gear:head-windows-media-pro-ii-usb-keyboard,inferred_first_token,reference_only_needs_verification,needs_review,False,1,Black,False,Standard,full_size,,,,wired,general,productivity,100.0,103.0,unverified_reference_source
a8afdfbf96d626c0a5c0,docyx_pc_part_dataset_2025_07_23,keyboard,Genius KB-06XE PS2,Genius,KB-06XE PS2,keyboard:genius:kb-06xe-ps2,inferred_first_token,reference_only_needs_verification,needs_review,False,1,Black,False,Standard,full_size,,,,wired,general,productivity,100.0,103.0,unverified_reference_source
b7f3c09be0f84aaa7b82,docyx_pc_part_dataset_2025_07_23,keyboard,Genius KB-110X,Genius,KB-110X,keyboard:genius:kb-110x,inferred_first_token,reference_only_needs_verification,needs_review,False,1,Black,False,Standard,full_size,,,,wired,general,productivity,100.0,103.0,unverified_reference_source
c923c8cfe6d417dbe495,docyx_pc_part_dataset_2025_07_23,keyboard,Genius LuxeMate 100,Genius,LuxeMate 100,keyboard:genius:luxemate-100,inferred_first_token,reference_only_needs_verification,needs_review,False,1,Black,False,Mini,compact,,,,wired,general;portable,portable,100.0,103.0,unverified_reference_source
999934d907efb97b4561,docyx_pc_part_dataset_2025_07_23,keyboard,Genius LuxeMate i200,Genius,LuxeMate i200,keyboard:genius:luxemate-i200,inferred_first_token,reference_only_needs_verification,needs_review,False,1,Black,False,Mini,tenkeyless,,,,wired,general;portable,portable,100.0,103.0,unverified_reference_source
1cc6bcd163026dca229a,docyx_pc_part_dataset_2025_07_23,keyboard,Genius SlimStar 130,Genius,SlimStar 130,keyboard:genius:slimstar-130,inferred_first_token,reference_only_needs_verification,needs_review,False,1,Black,False,Standard,full_size,,,,wired,general,productivity,100.0,103.0,unverified_reference_source
0ee1eef674d625de0988,docyx_pc_part_dataset_2025_07_23,keyboard,Genius SlimStar i250,Genius,SlimStar i250,keyboard:genius:slimstar-i250,inferred_first_token,reference_only_needs_verification,needs_review,False,1,Black,False,Standard,full_size,,,,wired,general,productivity,100.0,103.0,unverified_reference_source
9689a36daec6c8e7e8ba,docyx_pc_part_dataset_2025_07_23,keyboard,Grandtec FLX-7000,Grandtec,FLX-7000,keyboard:grandtec:flx-7000,inferred_first_token,reference_only_needs_verification,needs_review,False,1,White,False,Standard,full_size,,,,wired,general,productivity,100.0,103.0,unverified_reference_source
c6f74d1a97d72bdb3dfc,docyx_pc_part_dataset_2025_07_23,keyboard,Grandtec FLX500U,Grandtec,FLX500U,keyboard:grandtec:flx500u,inferred_first_token,reference_only_needs_verification,needs_review,False,1,Black,False,Mini,compact,,,,wired,general;portable,portable,100.0,103.0,unverified_reference_source
c77c92c823c2f153c19b,docyx_pc_part_dataset_2025_07_23,keyboard,Grandtec KEY-3000,Grandtec,KEY-3000,keyboard:grandtec:key-3000,inferred_first_token,reference_only_needs_verification,needs_review,False,1,Black,False,Slim,tenkeyless,,,,wireless,general;portable,portable,100.0,103.0,unverified_reference_source
079fa08c068e4ef17a8f,docyx_pc_part_dataset_2025_07_23,keyboard,Grandtec Virtually Indestructible Keyboard USB 109-Key,Grandtec,Virtually Indestructible Keyboard USB 109-Key,keyboard:grandtec:virtually-indestructible-keyboard-usb-109-key,inferred_first_token,reference_only_needs_verification,needs_review,False,1,Black,False,Standard,full_size,,,,wired,general,productivity,100.0,103.0,unverified_reference_source
af99a2b9120b3c94d535,docyx_pc_part_dataset_2025_07_23,keyboard,Gyration Classic Compact Wireless Keyboard,Gyration,Classic Compact Wireless Keyboard,keyboard:gyration:classic-compact-wireless-keyboard,inferred_first_token,reference_only_needs_verification,needs_review,False,1,Black,False,Mini,tenkeyless,,,,wireless,general;portable,portable,100.0,103.0,unverified_reference_source
acebeb4d0f7c5a9d2828,docyx_pc_part_dataset_2025_07_23,keyboard,Gyration Classic Full-Size Wireless Keyboard,Gyration,Classic Full-Size Wireless Keyboard,keyboard:gyration:classic-full-size-wireless-keyboard,inferred_first_token,reference_only_needs_verification,needs_review,False,1,Black,False,Standard,full_size,,,,wireless,general;portable,portable,100.0,103.0,unverified_reference_source
f39fa71aa614eeeb299a,docyx_pc_part_dataset_2025_07_23,keyboard,Gyration GYM5600LKNA,Gyration,GYM5600LKNA,keyboard:gyration:gym5600lkna,inferred_first_token,reference_only_needs_verification,needs_review,False,1,Black,False,Standard,full_size,,,,wireless,general;portable,portable,100.0,103.0,unverified_reference_source
b4ecd2cd99a1b4aef8b9,docyx_pc_part_dataset_2025_07_23,keyboard,Happy Hacking Lite2,Happy,Hacking Lite2,keyboard:happy:hacking-lite2,inferred_first_token,reference_only_needs_verification,needs_review,False,1,Black,False,Mini,compact,,,,wired,general;portable,portable,100.0,103.0,unverified_reference_source
474c415cf877b44388e8,docyx_pc_part_dataset_2025_07_23,keyboard,I/O Magic I012K01BS,I/O,Magic I012K01BS,keyboard:i-o:magic-i012k01bs,inferred_first_token,reference_only_needs_verification,needs_review,False,1,Black,False,Mini,tenkeyless,,,,wireless;bluetooth,general;portable,portable,100.0,103.0,unverified_reference_source
580aca4d9c6f6c788299,docyx_pc_part_dataset_2025_07_23,keyboard,I/O Magic I012K02BS,I/O,Magic I012K02BS,keyboard:i-o:magic-i012k02bs,inferred_first_token,reference_only_needs_verification,needs_review,False,1,Black,False,Slim,tenkeyless,,,,wireless;bluetooth,general;portable,portable,100.0,103.0,unverified_reference_source
2783f3dd9fce86eb5968,docyx_pc_part_dataset_2025_07_23,keyboard,I/O Magic I012K03BMB,I/O,Magic I012K03BMB,keyboard:i-o:magic-i012k03bmb,inferred_first_token,reference_only_needs_verification,needs_review,False,1,Black,False,Ergonomic,ergonomic,,,,wireless;bluetooth,general;portable;productivity;ergonomic,ergonomic,100.0,103.0,unverified_reference_source
32784785f185fea5aaa1,docyx_pc_part_dataset_2025_07_23,keyboard,IOGEAR GKB601B,IOGEAR,GKB601B,keyboard:iogear:gkb601b,inferred_first_token,reference_only_needs_verification,needs_review,False,1,Black,False,Mini,tenkeyless,,,,wireless;bluetooth,general;portable,portable,100.0,103.0,unverified_reference_source
36ec748cbd935c631624,docyx_pc_part_dataset_2025_07_23,keyboard,IOGEAR GKM561R,IOGEAR,GKM561R,keyboard:iogear:gkm561r,inferred_first_token,reference_only_needs_verification,needs_review,False,1,Black,False,Slim,tenkeyless,,,,wireless,general;portable,portable,100.0,103.0,unverified_reference_source
cc16873704b60824e297,docyx_pc_part_dataset_2025_07_23,keyboard,IOGEAR GKM561RKIT,IOGEAR,GKM561RKIT,keyboard:iogear:gkm561rkit,inferred_first_token,reference_only_needs_verification,needs_review,False,1,Black,False,Slim,tenkeyless,,,,wireless,general;portable,portable,100.0,103.0,unverified_reference_source
968e9f9ed2eb1cdd8920,docyx_pc_part_dataset_2025_07_23,keyboard,IOGEAR GKM561RW4,IOGEAR,GKM561RW4,keyboard:iogear:gkm561rw4,inferred_first_token,reference_only_needs_verification,needs_review,False,1,Black,False,Slim,tenkeyless,,,,wireless,general;portable,portable,100.0,103.0,unverified_reference_source
a1e465bb03aee3ce3724,docyx_pc_part_dataset_2025_07_23,keyboard,IOGEAR GKM562R,IOGEAR,GKM562R,keyboard:iogear:gkm562r,inferred_first_token,reference_only_needs_verification,needs_review,False,1,Black,False,Slim,tenkeyless,,,,wireless,general;portable,portable,100.0,103.0,unverified_reference_source
824f5c134f84581d81fa,docyx_pc_part_dataset_2025_07_23,keyboard,IOGEAR GKM581R,IOGEAR,GKM581R,keyboard:iogear:gkm581r,inferred_first_token,reference_only_needs_verification,needs_review,False,1,Black,False,Standard,tenkeyless,,,,wireless,general;portable,portable,100.0,103.0,unverified_reference_source
c4e214f9a2c81b332e89,docyx_pc_part_dataset_2025_07_23,keyboard,IOGEAR GKM681R,IOGEAR,GKM681R,keyboard:iogear:gkm681r,inferred_first_token,reference_only_needs_verification,needs_review,False,1,Black,False,Mini,tenkeyless,,,,wireless,general;portable,portable,100.0,103.0,unverified_reference_source
adb5ea7e44bfbe5aac15,docyx_pc_part_dataset_2025_07_23,keyboard,IOGEAR GKM681RW4,IOGEAR,GKM681RW4,keyboard:iogear:gkm681rw4,inferred_first_token,reference_only_needs_verification,needs_review,False,1,Black,False,Mini,compact,,,,wireless,general;portable,portable,100.0,103.0,unverified_reference_source
4a9e457a102c7fac268f,docyx_pc_part_dataset_2025_07_23,keyboard,IOGEAR Kaliber Gaming,IOGEAR,Kaliber Gaming,keyboard:iogear:kaliber-gaming,inferred_first_token,reference_only_needs_verification,needs_review,False,1,Black,False,Standard,full_size,,,,wireless,general;portable,portable,100.0,103.0,unverified_reference_source
625017d7c5b996bde51c,docyx_pc_part_dataset_2025_07_23,keyboard,IOGEAR Kaliber Gaming IKON,IOGEAR,Kaliber Gaming IKON,keyboard:iogear:kaliber-gaming-ikon,inferred_first_token,reference_only_needs_verification,needs_review,False,1,Black,False,Standard,full_size,,,single_colour,wired,general,productivity,100.0,103.0,unverified_reference_source
e4b0e50e4b2332f6b338,docyx_pc_part_dataset_2025_07_23,keyboard,IOGEAR KeyMander KORE,IOGEAR,KeyMander KORE,keyboard:iogear:keymander-kore,inferred_first_token,reference_only_needs_verification,needs_review,False,1,Black,False,Gaming,tenkeyless,,,rgb,wired,general;gaming;portable,gaming,100.0,103.0,unverified_reference_source
408b80feff7d32cc9176,docyx_pc_part_dataset_2025_07_23,keyboard,IOGEAR Quietus Desktop,IOGEAR,Quietus Desktop,keyboard:iogear:quietus-desktop,inferred_first_token,reference_only_needs_verification,needs_review,False,1,Black,False,Standard,full_size,,,,wired,general,productivity,100.0,103.0,unverified_reference_source
6c9811fc6f82714662b4,docyx_pc_part_dataset_2025_07_23,keyboard,IOGEAR Quietus RF Desktop,IOGEAR,Quietus RF Desktop,keyboard:iogear:quietus-rf-desktop,inferred_first_token,reference_only_needs_verification,needs_review,False,1,Black,False,Standard,full_size,,,,wireless,general;portable,portable,100.0,103.0,unverified_reference_source
b79e62edc138269b741b,docyx_pc_part_dataset_2025_07_23,keyboard,InFocus HW-KEYBDTOUCH,InFocus,HW-KEYBDTOUCH,keyboard:infocus:hw-keybdtouch,inferred_first_token,reference_only_needs_verification,needs_review,False,1,Black,False,Slim,tenkeyless,,,,wireless,general;portable,portable,100.0,103.0,unverified_reference_source
9dd47fe09e7e0eb48794,docyx_pc_part_dataset_2025_07_23,keyboard,Jetway HWKJ01SUSJ,Jetway,HWKJ01SUSJ,keyboard:jetway:hwkj01susj,inferred_first_token,reference_only_needs_verification,needs_review,False,1,Black;Silver,False,Mini,tenkeyless,,,,wireless,general;portable,portable,100.0,103.0,unverified_reference_source
d75ca201e6eb446da64a,docyx_pc_part_dataset_2025_07_23,keyboard,Jetway J05-KB9039ATCB-LF,Jetway,J05-KB9039ATCB-LF,keyboard:jetway:j05-kb9039atcb-lf,inferred_first_token,reference_only_needs_verification,needs_review,False,1,Black,False,Mini,compact,,,,wireless,general;portable,portable,100.0,103.0,unverified_reference_source
a3c0d467ffaeb2cd5a0c,docyx_pc_part_dataset_2025_07_23,keyboard,Key Ovation GTS-0077,Key,Ovation GTS-0077,keyboard:key:ovation-gts-0077,inferred_first_token,reference_only_needs_verification,needs_review,False,1,Black,False,Ergonomic,ergonomic,,,,wired,general;productivity;ergonomic,ergonomic,100.0,103.0,unverified_reference_source
74d910c1a3fbab1e8731,docyx_pc_part_dataset_2025_07_23,keyboard,Key Ovation GTU-0033,Key,Ovation GTU-0033,keyboard:key:ovation-gtu-0033,inferred_first_token,reference_only_needs_verification,needs_review,False,1,White,False,Ergonomic,ergonomic,,,,wired,general;productivity;ergonomic,ergonomic,100.0,103.0,unverified_reference_source
9cfd81c3887e43470cef,docyx_pc_part_dataset_2025_07_23,keyboard,Key Ovation Go! Keyboard,Key,Ovation Go! Keyboard,keyboard:key:ovation-go-keyboard,inferred_first_token,reference_only_needs_verification,needs_review,False,1,Black,False,Ergonomic,ergonomic,,,,wired,general;productivity;ergonomic,ergonomic,100.0,103.0,unverified_reference_source
8a428ba5265f0e09a808,docyx_pc_part_dataset_2025_07_23,keyboard,"Key Ovation Go! Travel Ergonomic Keyboard USB MAC, PC",Key,"Ovation Go! Travel Ergonomic Keyboard USB MAC, PC",keyboard:key:ovation-go-travel-ergonomic-keyboard-usb-mac-pc,inferred_first_token,reference_only_needs_verification,needs_review,False,1,Black;Gray,False,Ergonomic,ergonomic,,,,wired,general;productivity;ergonomic,ergonomic,100.0,103.0,unverified_reference_source
4dafbdf6c4eaf246ba96,docyx_pc_part_dataset_2025_07_23,keyboard,Key Ovation Go!2 Mobile Keyboard - PC & Mac - USB,Key,Ovation Go!2 Mobile Keyboard - PC & Mac - USB,keyboard:key:ovation-go-2-mobile-keyboard-pc-mac-usb,inferred_first_token,reference_only_needs_verification,needs_review,False,1,Black,False,Mini,tenkeyless,,,,wired,general;portable,portable,100.0,103.0,unverified_reference_source
052eb624de6bf589e36a,docyx_pc_part_dataset_2025_07_23,keyboard,Key Ovation Keyboard,Key,Ovation Keyboard,keyboard:key:ovation-keyboard,inferred_first_token,reference_only_needs_verification,needs_review,False,1,Black,False,Ergonomic,ergonomic,,,,wired,general;productivity;ergonomic,ergonomic,100.0,103.0,unverified_reference_source
c33b2bcec07b536e7e0b,docyx_pc_part_dataset_2025_07_23,keyboard,KeyScan KS810-P,KeyScan,KS810-P,keyboard:keyscan:ks810-p,inferred_first_token,reference_only_needs_verification,needs_review,False,1,Black,False,Standard,full_size,,,,wired,general,productivity,100.0,103.0,unverified_reference_source
6a098e9681e604e030e3,docyx_pc_part_dataset_2025_07_23,keyboard,Kodak TRUFORM 1150,Kodak,TRUFORM 1150,keyboard:kodak:truform-1150,inferred_first_token,reference_only_needs_verification,needs_review,False,1,Black,False,Ergonomic,tenkeyless,,,,wireless,general;portable,portable,100.0,103.0,unverified_reference_source
9111d922cfc94945d3b0,docyx_pc_part_dataset_2025_07_23,keyboard,Kodak TRUFORM 1500,Kodak,TRUFORM 1500,keyboard:kodak:truform-1500,inferred_first_token,reference_only_needs_verification,needs_review,False,1,Black,False,Ergonomic,tenkeyless,,,,wireless,general;portable,portable,100.0,103.0,unverified_reference_source
2f6118ae348723e37230,docyx_pc_part_dataset_2025_07_23,keyboard,Kodak TRUFORM 3500,Kodak,TRUFORM 3500,keyboard:kodak:truform-3500,inferred_first_token,reference_only_needs_verification,needs_review,False,1,Black,False,Ergonomic,ergonomic,,,,wireless,general;portable;productivity;ergonomic,ergonomic,100.0,103.0,unverified_reference_source
e5690d771e8bfc653851,docyx_pc_part_dataset_2025_07_23,keyboard,Kodak TRUFORM 4500,Kodak,TRUFORM 4500,keyboard:kodak:truform-4500,inferred_first_token,reference_only_needs_verification,needs_review,False,1,Black,False,Ergonomic,ergonomic,,,,wireless,general;portable;productivity;ergonomic,ergonomic,100.0,103.0,unverified_reference_source
00eca4f6ca8602540a01,docyx_pc_part_dataset_2025_07_23,keyboard,Lite-On SK-1688U/B,Lite-On,SK-1688U/B,keyboard:lite-on:sk-1688u-b,inferred_first_token,reference_only_needs_verification,needs_review,False,1,Black,False,Standard,full_size,,,,wired,general,productivity,100.0,103.0,unverified_reference_source
ed980072ee55d1f058a2,docyx_pc_part_dataset_2025_07_23,keyboard,Lite-On SK-1788/BS,Lite-On,SK-1788/BS,keyboard:lite-on:sk-1788-bs,inferred_first_token,reference_only_needs_verification,needs_review,False,1,Black;Silver,False,Standard,full_size,,,,wired,general,productivity,100.0,103.0,unverified_reference_source
d744a2dcca974038d442,docyx_pc_part_dataset_2025_07_23,keyboard,Lite-On SK-2035/B,Lite-On,SK-2035/B,keyboard:lite-on:sk-2035-b,inferred_first_token,reference_only_needs_verification,needs_review,False,1,Black,False,Standard,full_size,,,,wired,general,productivity,100.0,103.0,unverified_reference_source
a5d0de0a717ec4e1752c,docyx_pc_part_dataset_2025_07_23,keyboard,Lite-On SK-2355/B,Lite-On,SK-2355/B,keyboard:lite-on:sk-2355-b,inferred_first_token,reference_only_needs_verification,needs_review,False,1,Black,False,Standard,full_size,,,,wired,general,productivity,100.0,103.0,unverified_reference_source
967e39323d8d0fa41283,docyx_pc_part_dataset_2025_07_23,keyboard,Lite-On SK2352/B,Lite-On,SK2352/B,keyboard:lite-on:sk2352-b,inferred_first_token,reference_only_needs_verification,needs_review,False,1,Black,False,Standard,full_size,,,,wired,general,productivity,100.0,103.0,unverified_reference_source
1b4d2c1a2c2ee626818b,docyx_pc_part_dataset_2025_07_23,keyboard,Logisys KB208BK,Logisys,KB208BK,keyboard:logisys:kb208bk,inferred_first_token,reference_only_needs_verification,needs_review,False,1,Black,False,Standard,full_size,,,,wired,general,productivity,100.0,103.0,unverified_reference_source
b8ce53ba3a73b61e0ae5,docyx_pc_part_dataset_2025_07_23,keyboard,Logisys KBMS801WG,Logisys,KBMS801WG,keyboard:logisys:kbms801wg,inferred_first_token,reference_only_needs_verification,needs_review,False,1,Green;White,False,Standard,full_size,,,,wired,general,productivity,100.0,103.0,unverified_reference_source
a47c831a463e47185ef8,docyx_pc_part_dataset_2025_07_23,keyboard,Logisys Streamline Character-illuminated White LED Keyboard,Logisys,Streamline Character-illuminated White LED Keyboard,keyboard:logisys:streamline-character-illuminated-white-led-keyboard,inferred_first_token,reference_only_needs_verification,needs_review,False,1,Black,False,Ergonomic,ergonomic,,,,wired,general;productivity;ergonomic,ergonomic,100.0,103.0,unverified_reference_source
ffab7499f69ff95c883f,docyx_pc_part_dataset_2025_07_23,keyboard,Motorola Wireless Keyboard With Trackpad,Motorola,Wireless Keyboard With Trackpad,keyboard:motorola:wireless-keyboard-with-trackpad,inferred_first_token,reference_only_needs_verification,needs_review,False,1,Black,False,Mini,tenkeyless,,,,wireless;bluetooth,general;portable,portable,100.0,103.0,unverified_reference_source
00920656c6a3a272ab29,docyx_pc_part_dataset_2025_07_23,keyboard,NOX Krom Khalon,NOX,Krom Khalon,keyboard:nox:krom-khalon,inferred_first_token,reference_only_needs_verification,needs_review,False,1,Black,False,Standard,full_size,,,rgb,wired,general,productivity,100.0,103.0,unverified_reference_source
aaaf4cc6160a4fdf008a,docyx_pc_part_dataset_2025_07_23,keyboard,Orico ORICO GK800 multimedia Ergonomic Gaming Game USB Wired Keyboard PC,Orico,ORICO GK800 multimedia Ergonomic Gaming Game USB Wired Keyboard PC,keyboard:orico:orico-gk800-multimedia-ergonomic-gaming-game-usb-wired-keyboard-pc,inferred_first_token,reference_only_needs_verification,needs_review,False,1,Black,False,Ergonomic,ergonomic,,,,wired,general;productivity;ergonomic,ergonomic,100.0,103.0,unverified_reference_source
c8df7fc2a566e892bd29,docyx_pc_part_dataset_2025_07_23,keyboard,Perixx PERIBOARD-106,Perixx,PERIBOARD-106,keyboard:perixx:periboard-106,inferred_first_token,reference_only_needs_verification,needs_review,False,1,White,False,Standard,full_size,,,,wired,general,productivity,100.0,103.0,unverified_reference_source
c7ab307b7535e12e01f0,docyx_pc_part_dataset_2025_07_23,keyboard,Perixx PERIBOARD-208B,Perixx,PERIBOARD-208B,keyboard:perixx:periboard-208b,inferred_first_token,reference_only_needs_verification,needs_review,False,1,Black,False,Standard,full_size,,,,wired,general,productivity,100.0,103.0,unverified_reference_source
47cf3997b9f8ac063087,docyx_pc_part_dataset_2025_07_23,keyboard,Perixx PERIBOARD-509H PLUS,Perixx,PERIBOARD-509H PLUS,keyboard:perixx:periboard-509h-plus,inferred_first_token,reference_only_needs_verification,needs_review,False,1,Black,False,Mini,compact,,,,wired,general;portable,portable,100.0,103.0,unverified_reference_source
e9c8d6e9e0d7af5a8968,docyx_pc_part_dataset_2025_07_23,keyboard,Perixx PERIBOARD-512B,Perixx,PERIBOARD-512B,keyboard:perixx:periboard-512b,inferred_first_token,reference_only_needs_verification,needs_review,False,1,Black,False,Ergonomic,ergonomic,,,,wired,general;productivity;ergonomic,ergonomic,100.0,103.0,unverified_reference_source
243f5934c69d86c1b0fc,docyx_pc_part_dataset_2025_07_23,keyboard,Perixx PERIBOARD-512W,Perixx,PERIBOARD-512W,keyboard:perixx:periboard-512w,inferred_first_token,reference_only_needs_verification,needs_review,False,1,White,False,Ergonomic,ergonomic,,,,wired,general;productivity;ergonomic,ergonomic,100.0,103.0,unverified_reference_source
578736c6367adcdf60c4,docyx_pc_part_dataset_2025_07_23,keyboard,Perixx PERIBOARD-514PLUS,Perixx,PERIBOARD-514PLUS,keyboard:perixx:periboard-514plus,inferred_first_token,reference_only_needs_verification,needs_review,False,1,Black,False,Mini,compact,,,,wired,general;portable,portable,100.0,103.0,unverified_reference_source
bb5c684788cc27081ec0,docyx_pc_part_dataset_2025_07_23,keyboard,Perixx PERIBOARD-710PLUS,Perixx,PERIBOARD-710PLUS,keyboard:perixx:periboard-710plus,inferred_first_token,reference_only_needs_verification,needs_review,False,1,Black,False,Mini,tenkeyless,,,,wireless,general;portable,portable,100.0,103.0,unverified_reference_source
a593cbe329ddd3e24c63,docyx_pc_part_dataset_2025_07_23,keyboard,Perixx PERIBOARD-716,Perixx,PERIBOARD-716,keyboard:perixx:periboard-716,inferred_first_token,reference_only_needs_verification,needs_review,False,1,Black,False,Standard,tenkeyless,,,,wireless,general;portable,portable,100.0,103.0,unverified_reference_source
bb1ddbbff10d1ea0d8ef,docyx_pc_part_dataset_2025_07_23,keyboard,Perixx PERIBOARD-717,Perixx,PERIBOARD-717,keyboard:perixx:periboard-717,inferred_first_token,reference_only_needs_verification,needs_review,False,1,Black,False,Mini,tenkeyless,,,,wireless,general;portable,portable,100.0,103.0,unverified_reference_source
ac2ebaa02356629481b2,docyx_pc_part_dataset_2025_07_23,keyboard,Perixx PERIBOARD-804i,Perixx,PERIBOARD-804i,keyboard:perixx:periboard-804i,inferred_first_token,reference_only_needs_verification,needs_review,False,1,Silver;White,False,Slim,tenkeyless,,,,wireless;bluetooth,general;portable,portable,100.0,103.0,unverified_reference_source
04f1c973318fad4f082e,docyx_pc_part_dataset_2025_07_23,keyboard,Perixx PERIDUO-303W,Perixx,PERIDUO-303W,keyboard:perixx:periduo-303w,inferred_first_token,reference_only_needs_verification,needs_review,False,1,White,False,Standard,full_size,,,,wired,general,productivity,100.0,103.0,unverified_reference_source
1fbf4cf6808dbaa74afc,docyx_pc_part_dataset_2025_07_23,keyboard,Perixx PERIDUO-703W,Perixx,PERIDUO-703W,keyboard:perixx:periduo-703w,inferred_first_token,reference_only_needs_verification,needs_review,False,1,White,False,Standard,full_size,,,,wireless,general;portable,portable,100.0,103.0,unverified_reference_source
5ded3b4c82e8180c7a66,docyx_pc_part_dataset_2025_07_23,keyboard,Perixx PERIDUO-707B PLUS,Perixx,PERIDUO-707B PLUS,keyboard:perixx:periduo-707b-plus,inferred_first_token,reference_only_needs_verification,needs_review,False,1,Black,False,Standard,tenkeyless,,,,wireless,general;portable,portable,100.0,103.0,unverified_reference_source
fa6c4190fc6bdfd4a91b,docyx_pc_part_dataset_2025_07_23,keyboard,Perixx PERIDUO-707W PLUS,Perixx,PERIDUO-707W PLUS,keyboard:perixx:periduo-707w-plus,inferred_first_token,reference_only_needs_verification,needs_review,False,1,White,False,Standard,tenkeyless,,,,wireless,general;portable,portable,100.0,103.0,unverified_reference_source
51f91cd986309750c753,docyx_pc_part_dataset_2025_07_23,keyboard,Perixx PERIDUO-710B,Perixx,PERIDUO-710B,keyboard:perixx:periduo-710b,inferred_first_token,reference_only_needs_verification,needs_review,False,1,Black,False,Standard,full_size,,,,wireless,general;portable,portable,100.0,103.0,unverified_reference_source
926eda8bba3d27485e0f,docyx_pc_part_dataset_2025_07_23,keyboard,Planar ProGlow Backlit Keyboard,Planar,ProGlow Backlit Keyboard,keyboard:planar:proglow-backlit-keyboard,inferred_first_token,reference_only_needs_verification,needs_review,False,1,Black,False,Standard,full_size,,,single_colour,wired,general,productivity,100.0,103.0,unverified_reference_source
ed80342e53a574b6c906,docyx_pc_part_dataset_2025_07_23,keyboard,Qumax Gemini-P29MT,Qumax,Gemini-P29MT,keyboard:qumax:gemini-p29mt,inferred_first_token,reference_only_needs_verification,needs_review,False,1,Black,False,Mini,compact,,,,wireless,general;portable,portable,100.0,103.0,unverified_reference_source
dbcf27b7ed669afd311a,docyx_pc_part_dataset_2025_07_23,keyboard,Qumax Scorpius V6,Qumax,Scorpius V6,keyboard:qumax:scorpius-v6,inferred_first_token,reference_only_needs_verification,needs_review,False,1,Black,False,Mini,compact,,,,wired,general;portable,portable,100.0,103.0,unverified_reference_source
f685488833533f38f8f0,docyx_pc_part_dataset_2025_07_23,keyboard,RCA TPH510,RCA,TPH510,keyboard:rca:tph510,inferred_first_token,reference_only_needs_verification,needs_review,False,1,Black,False,Standard,full_size,,,,wired,general,productivity,100.0,103.0,unverified_reference_source
cdeb55339671cbf47b29,docyx_pc_part_dataset_2025_07_23,keyboard,Rii Mini i8,Rii,Mini i8,keyboard:rii:mini-i8,inferred_first_token,reference_only_needs_verification,needs_review,False,1,Black;White,False,Mini,tenkeyless,,,,wireless,general;portable,portable,100.0,103.0,unverified_reference_source
3e7741dad056d5156808,docyx_pc_part_dataset_2025_07_23,keyboard,Rosewill BK-500A,Rosewill,BK-500A,keyboard:rosewill:bk-500a,inferred_first_token,reference_only_needs_verification,needs_review,False,1,Black,False,Slim,tenkeyless,,,,wireless;bluetooth,general;portable,portable,100.0,103.0,unverified_reference_source
91a3f3aecc0b9a457bed,docyx_pc_part_dataset_2025_07_23,keyboard,Rosewill HKM100,Rosewill,HKM100,keyboard:rosewill:hkm100,inferred_first_token,reference_only_needs_verification,needs_review,False,1,Black,False,Standard,full_size,,,,wired,general,productivity,100.0,103.0,unverified_reference_source
8f94acfd72682bf7f04d,docyx_pc_part_dataset_2025_07_23,keyboard,Rosewill Line RK-500,Rosewill,Line RK-500,keyboard:rosewill:line-rk-500,inferred_first_token,reference_only_needs_verification,needs_review,False,1,Black,False,Standard,full_size,,,,wired,general,productivity,100.0,103.0,unverified_reference_source
1279ee1f32f557967f83,docyx_pc_part_dataset_2025_07_23,keyboard,Rosewill RK-700M,Rosewill,RK-700M,keyboard:rosewill:rk-700m,inferred_first_token,reference_only_needs_verification,needs_review,False,1,Black,False,Standard,full_size,,,,wired,general,productivity,100.0,103.0,unverified_reference_source
e6ab2268a3648444dfbc,docyx_pc_part_dataset_2025_07_23,keyboard,Rosewill RK-V1TP,Rosewill,RK-V1TP,keyboard:rosewill:rk-v1tp,inferred_first_token,reference_only_needs_verification,needs_review,False,1,Black,False,Standard,full_size,,,,wireless,general;portable,portable,100.0,103.0,unverified_reference_source
687fcb7e14bc72c8c2c6,docyx_pc_part_dataset_2025_07_23,keyboard,SIIG JK-BT0112-S1,SIIG,JK-BT0112-S1,keyboard:siig:jk-bt0112-s1,inferred_first_token,reference_only_needs_verification,needs_review,False,1,Black,False,Mini,tenkeyless,,,,wireless;bluetooth,general;portable,portable,100.0,103.0,unverified_reference_source
149089f7ddf185221d2c,docyx_pc_part_dataset_2025_07_23,keyboard,SIIG JK-US0212-S1,SIIG,JK-US0212-S1,keyboard:siig:jk-us0212-s1,inferred_first_token,reference_only_needs_verification,needs_review,False,1,Black,False,Standard,full_size,,,,wired,general,productivity,100.0,103.0,unverified_reference_source
2343bf2c1c27a050ec3d,docyx_pc_part_dataset_2025_07_23,keyboard,SIIG JK-US0312-S1,SIIG,JK-US0312-S1,keyboard:siig:jk-us0312-s1,inferred_first_token,reference_only_needs_verification,needs_review,False,1,Black,False,Mini,compact,,,,wired,general;portable,portable,100.0,103.0,unverified_reference_source
41dc7b2f0bc9680414af,docyx_pc_part_dataset_2025_07_23,keyboard,SIIG JK-US0512-S1,SIIG,JK-US0512-S1,keyboard:siig:jk-us0512-s1,inferred_first_token,reference_only_needs_verification,needs_review,False,1,Black,False,Mini,compact,,,,wired,general;portable,portable,100.0,103.0,unverified_reference_source
49d1bb1b5627447deac6,docyx_pc_part_dataset_2025_07_23,keyboard,SIIG JK-US0M12-S1,SIIG,JK-US0M12-S1,keyboard:siig:jk-us0m12-s1,inferred_first_token,reference_only_needs_verification,needs_review,False,1,Black;Silver,False,Standard,full_size,,,single_colour,wired,general,productivity,100.0,103.0,unverified_reference_source
8d1b909775daa7bcc420,docyx_pc_part_dataset_2025_07_23,keyboard,SIIG JK-US0N12-S1,SIIG,JK-US0N12-S1,keyboard:siig:jk-us0n12-s1,inferred_first_token,reference_only_needs_verification,needs_review,False,1,Black,False,Mini,tenkeyless,,,,wired,general;portable,portable,100.0,103.0,unverified_reference_source
d3649684afbf23efbf8a,docyx_pc_part_dataset_2025_07_23,keyboard,SIIG JK-US0U11-S1,SIIG,JK-US0U11-S1,keyboard:siig:jk-us0u11-s1,inferred_first_token,reference_only_needs_verification,needs_review,False,1,Black,False,Standard,full_size,,,,wired,general,productivity,100.0,103.0,unverified_reference_source
45b4046fe6c155dd599a,docyx_pc_part_dataset_2025_07_23,keyboard,SIIG JK-WR0212-S1,SIIG,JK-WR0212-S1,keyboard:siig:jk-wr0212-s1,inferred_first_token,reference_only_needs_verification,needs_review,False,1,Black;Gray,False,Standard,full_size,,,,wireless,general;portable,portable,100.0,103.0,unverified_reference_source
a3883916fa3429636c94,docyx_pc_part_dataset_2025_07_23,keyboard,SIIG JK-WR0312-S1,SIIG,JK-WR0312-S1,keyboard:siig:jk-wr0312-s1,inferred_first_token,reference_only_needs_verification,needs_review,False,1,Black,False,Mini,tenkeyless,,,,wireless,general;portable,portable,100.0,103.0,unverified_reference_source
1753d971af475163d3e9,docyx_pc_part_dataset_2025_07_23,keyboard,SIIG JK-WR0412-S1,SIIG,JK-WR0412-S1,keyboard:siig:jk-wr0412-s1,inferred_first_token,reference_only_needs_verification,needs_review,False,1,Black,False,Mini,compact,,,,wireless,general;portable,portable,100.0,103.0,unverified_reference_source
b7f17198347e959d1c8a,docyx_pc_part_dataset_2025_07_23,keyboard,SIIG JK-WR0512-S1,SIIG,JK-WR0512-S1,keyboard:siig:jk-wr0512-s1,inferred_first_token,reference_only_needs_verification,needs_review,False,1,Black,False,Mini,compact,,,,wireless,general;portable,portable,100.0,103.0,unverified_reference_source
c4217d2309871f66ba58,docyx_pc_part_dataset_2025_07_23,keyboard,SIIG JK-WR0612-S1,SIIG,JK-WR0612-S1,keyboard:siig:jk-wr0612-s1,inferred_first_token,reference_only_needs_verification,needs_review,False,1,Black,False,Mini,tenkeyless,,,,wireless,general;portable,portable,100.0,103.0,unverified_reference_source
9c923a6312ba24182402,docyx_pc_part_dataset_2025_07_23,keyboard,SIIG JK-WR0712-S1,SIIG,JK-WR0712-S1,keyboard:siig:jk-wr0712-s1,inferred_first_token,reference_only_needs_verification,needs_review,False,1,Black,False,Standard,tenkeyless,,,,wireless,general;portable,portable,100.0,103.0,unverified_reference_source
8cbf65120c1b9fb05c77,docyx_pc_part_dataset_2025_07_23,keyboard,SIIG JK-WR0H12-S1,SIIG,JK-WR0H12-S1,keyboard:siig:jk-wr0h12-s1,inferred_first_token,reference_only_needs_verification,needs_review,False,1,Black,False,Slim,tenkeyless,,,,wireless,general;portable,portable,100.0,103.0,unverified_reference_source
4cc1a7883653cf8a7148,docyx_pc_part_dataset_2025_07_23,keyboard,SIIG JK-WR0S12-S1,SIIG,JK-WR0S12-S1,keyboard:siig:jk-wr0s12-s1,inferred_first_token,reference_only_needs_verification,needs_review,False,1,Black,False,Slim,tenkeyless,,,,wireless,general;portable,portable,100.0,103.0,unverified_reference_source
4c9d9197ce0bdf516c03,docyx_pc_part_dataset_2025_07_23,keyboard,SIIG USB Compact Multimedia Keyboard,SIIG,USB Compact Multimedia Keyboard,keyboard:siig:usb-compact-multimedia-keyboard,inferred_first_token,reference_only_needs_verification,needs_review,False,1,Black,False,Standard,full_size,,,,wired,general,productivity,100.0,103.0,unverified_reference_source
685a909a4bd3039a5333,docyx_pc_part_dataset_2025_07_23,keyboard,SIIG USB Slim Ergonomic Multimedia Keyboard,SIIG,USB Slim Ergonomic Multimedia Keyboard,keyboard:siig:usb-slim-ergonomic-multimedia-keyboard,inferred_first_token,reference_only_needs_verification,needs_review,False,1,Black,False,Standard,full_size,,,,wired,general,productivity,100.0,103.0,unverified_reference_source
18144417a94b88ffbb03,docyx_pc_part_dataset_2025_07_23,keyboard,SMK-Link BLU-LINK,SMK-Link,BLU-LINK,keyboard:smk-link:blu-link,inferred_first_token,reference_only_needs_verification,needs_review,False,1,Black;Silver,False,Slim,tenkeyless,,,,wireless;bluetooth,general;portable,portable,100.0,103.0,unverified_reference_source
5c4ba6672c9d17957421,docyx_pc_part_dataset_2025_07_23,keyboard,SMK-Link GYM1100CKNA,SMK-Link,GYM1100CKNA,keyboard:smk-link:gym1100ckna,inferred_first_token,reference_only_needs_verification,needs_review,False,1,Black,False,Mini,tenkeyless,,,,wireless,general;portable,portable,100.0,103.0,unverified_reference_source
63c7c1e22f15c485493d,docyx_pc_part_dataset_2025_07_23,keyboard,SMK-Link VP6366 Keyboard,SMK-Link,VP6366 Keyboard,keyboard:smk-link:vp6366-keyboard,inferred_first_token,reference_only_needs_verification,needs_review,False,1,Silver,False,Mini,tenkeyless,,,,wireless,general;portable,portable,100.0,103.0,unverified_reference_source
f540113aac2e86af057f,docyx_pc_part_dataset_2025_07_23,keyboard,Saitek Eclipse II,Saitek,Eclipse II,keyboard:saitek:eclipse-ii,inferred_first_token,reference_only_needs_verification,needs_review,False,3,Black;Silver,False,Standard,full_size,,,single_colour,wired,general,productivity,100.0,103.0,unverified_reference_source;identity_duplicates_collapsed
cdee7749338e7bce5205,docyx_pc_part_dataset_2025_07_23,keyboard,Saitek Eclipse III,Saitek,Eclipse III,keyboard:saitek:eclipse-iii,inferred_first_token,reference_only_needs_verification,needs_review,False,1,Black,False,Standard,full_size,,,single_colour,wired,general,productivity,100.0,103.0,unverified_reference_source
e23f2e44aa7b1eba95d5,docyx_pc_part_dataset_2025_07_23,keyboard,SolidTek ACK-5010U,SolidTek,ACK-5010U,keyboard:solidtek:ack-5010u,inferred_first_token,reference_only_needs_verification,needs_review,False,1,Black,False,Mini,compact,,,,wired,general;portable,portable,100.0,103.0,unverified_reference_source
45f60886b36346672cc2,docyx_pc_part_dataset_2025_07_23,keyboard,SolidTek ASK3152(US BLACK),SolidTek,ASK3152(US BLACK),keyboard:solidtek:ask3152-us-black,inferred_first_token,reference_only_needs_verification,needs_review,False,1,Black,False,Mini,tenkeyless,,,,wireless;bluetooth,general;portable,portable,100.0,103.0,unverified_reference_source
0727e0512bfde072be1d,docyx_pc_part_dataset_2025_07_23,keyboard,SolidTek KB-260 Keyboard,SolidTek,KB-260 Keyboard,keyboard:solidtek:kb-260-keyboard,inferred_first_token,reference_only_needs_verification,needs_review,False,1,Black,False,Standard,full_size,,,,wired,general,productivity,100.0,103.0,unverified_reference_source
8eb7c81c71025d70287f,docyx_pc_part_dataset_2025_07_23,keyboard,SolidTek KB-260-BU-SP,SolidTek,KB-260-BU-SP,keyboard:solidtek:kb-260-bu-sp,inferred_first_token,reference_only_needs_verification,needs_review,False,1,Black,False,Standard,full_size,,,,wired,general,productivity,100.0,103.0,unverified_reference_source
cccaa96c9e5f283e01db,docyx_pc_part_dataset_2025_07_23,keyboard,SolidTek KB-260ABP,SolidTek,KB-260ABP,keyboard:solidtek:kb-260abp,inferred_first_token,reference_only_needs_verification,needs_review,False,1,Black,False,Standard,full_size,,,,wired,general,productivity,100.0,103.0,unverified_reference_source
b06d29e2455fee6ee497,docyx_pc_part_dataset_2025_07_23,keyboard,SolidTek KB-260ABU,SolidTek,KB-260ABU,keyboard:solidtek:kb-260abu,inferred_first_token,reference_only_needs_verification,needs_review,False,1,Black,False,Standard,full_size,,,,wired,general,productivity,100.0,103.0,unverified_reference_source
71bf3b337a6c3c9e18ee,docyx_pc_part_dataset_2025_07_23,keyboard,SolidTek KB-3152B-BT,SolidTek,KB-3152B-BT,keyboard:solidtek:kb-3152b-bt,inferred_first_token,reference_only_needs_verification,needs_review,False,1,Black,False,Mini,tenkeyless,,,,wireless;bluetooth,general;portable,portable,100.0,103.0,unverified_reference_source
72a5f017a6fd5e75f931,docyx_pc_part_dataset_2025_07_23,keyboard,SolidTek KB-3410BU,SolidTek,KB-3410BU,keyboard:solidtek:kb-3410bu,inferred_first_token,reference_only_needs_verification,needs_review,False,1,Black,False,Mini,compact,,,,wired,general;portable,portable,100.0,103.0,unverified_reference_source
ac0872602d2909538684,docyx_pc_part_dataset_2025_07_23,keyboard,SolidTek KB-3461B,SolidTek,KB-3461B,keyboard:solidtek:kb-3461b,inferred_first_token,reference_only_needs_verification,needs_review,False,1,Black,False,Mini,tenkeyless,,,,wireless,general;portable,portable,100.0,103.0,unverified_reference_source
1fdb8244d575a6308124,docyx_pc_part_dataset_2025_07_23,keyboard,SolidTek KB-3462B-BT,SolidTek,KB-3462B-BT,keyboard:solidtek:kb-3462b-bt,inferred_first_token,reference_only_needs_verification,needs_review,False,1,Black,False,Mini,tenkeyless,,,,wireless;bluetooth,general;portable,portable,100.0,103.0,unverified_reference_source
31d18af29fa95c2b5e06,docyx_pc_part_dataset_2025_07_23,keyboard,SolidTek KB-3910BL,SolidTek,KB-3910BL,keyboard:solidtek:kb-3910bl,inferred_first_token,reference_only_needs_verification,needs_review,False,1,Black,False,Standard,tenkeyless,,,,wired,general;portable,portable,100.0,103.0,unverified_reference_source
f26a7e38f125643e0a2a,docyx_pc_part_dataset_2025_07_23,keyboard,SolidTek KB-3910BU,SolidTek,KB-3910BU,keyboard:solidtek:kb-3910bu,inferred_first_token,reference_only_needs_verification,needs_review,False,1,Black,False,Mini,compact,,,,wired,general;portable,portable,100.0,103.0,unverified_reference_source
d7212c7832824e9fcecd,docyx_pc_part_dataset_2025_07_23,keyboard,SolidTek KB-3920BU Keyboard,SolidTek,KB-3920BU Keyboard,keyboard:solidtek:kb-3920bu-keyboard,inferred_first_token,reference_only_needs_verification,needs_review,False,1,Black,False,Mini,compact,,,,wired,general;portable,portable,100.0,103.0,unverified_reference_source
65814b2b87bcac3cc70f,docyx_pc_part_dataset_2025_07_23,keyboard,SolidTek KB-3962B-BT,SolidTek,KB-3962B-BT,keyboard:solidtek:kb-3962b-bt,inferred_first_token,reference_only_needs_verification,needs_review,False,1,Black,False,Mini,compact,,,,wireless;bluetooth,general;portable,portable,100.0,103.0,unverified_reference_source
c7a28a0eec8459f297fd,docyx_pc_part_dataset_2025_07_23,keyboard,SolidTek KB-4200BU,SolidTek,KB-4200BU,keyboard:solidtek:kb-4200bu,inferred_first_token,reference_only_needs_verification,needs_review,False,1,Black,False,Mini,compact,,,,wired,general;portable,portable,100.0,103.0,unverified_reference_source
ebb166ff803fb198e45d,docyx_pc_part_dataset_2025_07_23,keyboard,SolidTek KB-4251B,SolidTek,KB-4251B,keyboard:solidtek:kb-4251b,inferred_first_token,reference_only_needs_verification,needs_review,False,1,Black,False,Mini,tenkeyless,,,,wireless,general;portable,portable,100.0,103.0,unverified_reference_source
e0a1195e9c4c9170e91b,docyx_pc_part_dataset_2025_07_23,keyboard,SolidTek KB-5331B-PF Keyboard,SolidTek,KB-5331B-PF Keyboard,keyboard:solidtek:kb-5331b-pf-keyboard,inferred_first_token,reference_only_needs_verification,needs_review,False,1,Black,False,Mini,tenkeyless,,,,wireless;bluetooth,general;portable,portable,100.0,103.0,unverified_reference_source
6b9057aeecd007557de2,docyx_pc_part_dataset_2025_07_23,keyboard,SolidTek KB-540BU,SolidTek,KB-540BU,keyboard:solidtek:kb-540bu,inferred_first_token,reference_only_needs_verification,needs_review,False,1,Black,False,Mini,compact,,,,wired,general;portable,portable,100.0,103.0,unverified_reference_source
8d7b3494cc3d7f801712,docyx_pc_part_dataset_2025_07_23,keyboard,SolidTek KB-595BP,SolidTek,KB-595BP,keyboard:solidtek:kb-595bp,inferred_first_token,reference_only_needs_verification,needs_review,False,1,Black,False,Mini,compact,,,,wired,general;portable,portable,100.0,103.0,unverified_reference_source
742dc81ba99c8c488bcd,docyx_pc_part_dataset_2025_07_23,keyboard,SolidTek KB-595U,SolidTek,KB-595U,keyboard:solidtek:kb-595u,inferred_first_token,reference_only_needs_verification,needs_review,False,1,White,False,Mini,compact,,,,wired,general;portable,portable,100.0,103.0,unverified_reference_source
24bf8771e8535b5bec89,docyx_pc_part_dataset_2025_07_23,keyboard,SolidTek KB-700BU,SolidTek,KB-700BU,keyboard:solidtek:kb-700bu,inferred_first_token,reference_only_needs_verification,needs_review,False,1,Black,False,Standard,full_size,,,,wired,general,productivity,100.0,103.0,unverified_reference_source
20291dbd85340d7b6e40,docyx_pc_part_dataset_2025_07_23,keyboard,SolidTek KB-7070BP,SolidTek,KB-7070BP,keyboard:solidtek:kb-7070bp,inferred_first_token,reference_only_needs_verification,needs_review,False,1,Black,False,Standard,full_size,,,,wired,general,productivity,100.0,103.0,unverified_reference_source
eaa75e5e872073219667,docyx_pc_part_dataset_2025_07_23,keyboard,SolidTek KB-730BP,SolidTek,KB-730BP,keyboard:solidtek:kb-730bp,inferred_first_token,reference_only_needs_verification,needs_review,False,1,Black,False,Mini,compact,,,,wired,general;portable,portable,100.0,103.0,unverified_reference_source
448d3a49f160395b9bf2,docyx_pc_part_dataset_2025_07_23,keyboard,SolidTek KB-730BU,SolidTek,KB-730BU,keyboard:solidtek:kb-730bu,inferred_first_token,reference_only_needs_verification,needs_review,False,1,Black,False,Mini,compact,,,,wired,general;portable,portable,100.0,103.0,unverified_reference_source
f28cc3c520f0f0d97b78,docyx_pc_part_dataset_2025_07_23,keyboard,SolidTek KB-IN87KB,SolidTek,KB-IN87KB,keyboard:solidtek:kb-in87kb,inferred_first_token,reference_only_needs_verification,needs_review,False,1,Black,False,Mini,compact,,,,wired,general;portable,portable,100.0,103.0,unverified_reference_source
9aa52ff4e6afcc59ef69,docyx_pc_part_dataset_2025_07_23,keyboard,SolidTek KB-P3100SP,SolidTek,KB-P3100SP,keyboard:solidtek:kb-p3100sp,inferred_first_token,reference_only_needs_verification,needs_review,False,1,Black;Silver,False,Mini,compact,,,,wired,general;portable,portable,100.0,103.0,unverified_reference_source
e5ca2c7ce60014be63a3,docyx_pc_part_dataset_2025_07_23,keyboard,SolidTek KB-P3100SU,SolidTek,KB-P3100SU,keyboard:solidtek:kb-p3100su,inferred_first_token,reference_only_needs_verification,needs_review,False,1,Black;Silver,False,Mini,compact,,,,wired,general;portable,portable,100.0,103.0,unverified_reference_source
acbd5ded8c57bb4df83c,docyx_pc_part_dataset_2025_07_23,keyboard,SolidTek KBP-3100BU,SolidTek,KBP-3100BU,keyboard:solidtek:kbp-3100bu,inferred_first_token,reference_only_needs_verification,needs_review,False,1,Black,False,Mini,compact,,,,wired,general;portable,portable,100.0,103.0,unverified_reference_source
490cb4b2d2672047fa8c,docyx_pc_part_dataset_2025_07_23,keyboard,SolidTek Keyboard,SolidTek,Keyboard,keyboard:solidtek:keyboard,inferred_first_token,reference_only_needs_verification,needs_review,False,3,Black,False,Mini,compact,,,,wired,general;portable,portable,100.0,103.0,unverified_reference_source;identity_duplicates_collapsed
d84ce55f9a28debf9839,docyx_pc_part_dataset_2025_07_23,keyboard,SolidTek MINI TRACK BALL,SolidTek,MINI TRACK BALL,keyboard:solidtek:mini-track-ball,inferred_first_token,reference_only_needs_verification,needs_review,False,1,Black,False,Mini,compact,,,,wired,general;portable,portable,100.0,103.0,unverified_reference_source
1bb332d33999dafbbfba,docyx_pc_part_dataset_2025_07_23,keyboard,SolidTek ask-3952(us)black,SolidTek,ask-3952(us)black,keyboard:solidtek:ask-3952-us-black,inferred_first_token,reference_only_needs_verification,needs_review,False,1,Black,False,Mini,compact,,,,wireless;bluetooth,general;portable,portable,100.0,103.0,unverified_reference_source
edb2ccbc37297c58326a,docyx_pc_part_dataset_2025_07_23,keyboard,Syba CL-KBD23024,Syba,CL-KBD23024,keyboard:syba:cl-kbd23024,inferred_first_token,reference_only_needs_verification,needs_review,False,1,Silver;White,False,Mini,tenkeyless,,,,wireless;bluetooth,general;portable,portable,100.0,103.0,unverified_reference_source
3b5fd476e550001e6233,docyx_pc_part_dataset_2025_07_23,keyboard,Syba CL-KBD23025,Syba,CL-KBD23025,keyboard:syba:cl-kbd23025,inferred_first_token,reference_only_needs_verification,needs_review,False,1,Black;Silver,False,Mini,tenkeyless,,,,wireless;bluetooth,general;portable,portable,100.0,103.0,unverified_reference_source
95ead29f2df7c6264c1d,docyx_pc_part_dataset_2025_07_23,keyboard,Targus AKB04US,Targus,AKB04US,keyboard:targus:akb04us,inferred_first_token,reference_only_needs_verification,needs_review,False,1,Black;Silver,False,Standard,full_size,,,,wired,general,productivity,100.0,103.0,unverified_reference_source
cb7a222ee4ece75ad84b,docyx_pc_part_dataset_2025_07_23,keyboard,Targus AKB14USZ,Targus,AKB14USZ,keyboard:targus:akb14usz,inferred_first_token,reference_only_needs_verification,needs_review,False,1,Black,False,Standard,full_size,,,,wired,general,productivity,100.0,103.0,unverified_reference_source
936464318922a06e480e,docyx_pc_part_dataset_2025_07_23,keyboard,Targus AKB24US,Targus,AKB24US,keyboard:targus:akb24us,inferred_first_token,reference_only_needs_verification,needs_review,False,1,Black;Silver,False,Standard,full_size,,,,wireless,general;portable,portable,100.0,103.0,unverified_reference_source
11a9b5342bcbc55d5756,docyx_pc_part_dataset_2025_07_23,keyboard,Targus AKB30AMUS,Targus,AKB30AMUS,keyboard:targus:akb30amus,inferred_first_token,reference_only_needs_verification,needs_review,False,1,Black,False,Standard,full_size,,,,wired,general,productivity,100.0,103.0,unverified_reference_source
5ab80183b60c6e3ce48b,docyx_pc_part_dataset_2025_07_23,keyboard,Targus AKB33,Targus,AKB33,keyboard:targus:akb33,inferred_first_token,reference_only_needs_verification,needs_review,False,1,Black,False,Mini,tenkeyless,,,,wireless;bluetooth,general;portable,portable,100.0,103.0,unverified_reference_source
5cf95f25f30d3e9e2fd9,docyx_pc_part_dataset_2025_07_23,keyboard,Targus BUS0399,Targus,BUS0399,keyboard:targus:bus0399,inferred_first_token,reference_only_needs_verification,needs_review,False,1,Black,False,Slim,tenkeyless,,,,wireless,general;portable,portable,100.0,103.0,unverified_reference_source
dd571bb0a388aac6d8ea,docyx_pc_part_dataset_2025_07_23,keyboard,Toshiba PA3777U-1ETB,Toshiba,PA3777U-1ETB,keyboard:toshiba:pa3777u-1etb,inferred_first_token,reference_only_needs_verification,needs_review,False,1,Black,False,Standard,full_size,,,,wired,general,productivity,100.0,103.0,unverified_reference_source
193baa2250c34b2a404a,docyx_pc_part_dataset_2025_07_23,keyboard,Toshiba PA3871U-1ETB,Toshiba,PA3871U-1ETB,keyboard:toshiba:pa3871u-1etb,inferred_first_token,reference_only_needs_verification,needs_review,False,1,Black,False,Standard,full_size,,,,wireless,general;portable,portable,100.0,103.0,unverified_reference_source
141575c573aa84ba30eb,docyx_pc_part_dataset_2025_07_23,keyboard,Toshiba PA3959U-1ETB,Toshiba,PA3959U-1ETB,keyboard:toshiba:pa3959u-1etb,inferred_first_token,reference_only_needs_verification,needs_review,False,1,Black,False,Mini,tenkeyless,,,,wireless;bluetooth,general;portable,portable,100.0,103.0,unverified_reference_source
fde7b01540847ba3669c,docyx_pc_part_dataset_2025_07_23,keyboard,Tripp Lite IN3005KB,Tripp,Lite IN3005KB,keyboard:tripp:lite-in3005kb,inferred_first_token,reference_only_needs_verification,needs_review,False,1,Black;Silver,False,Standard,full_size,,,,wired,general,productivity,100.0,103.0,unverified_reference_source
bb83458842ca4eba78a8,docyx_pc_part_dataset_2025_07_23,keyboard,Unitech K2714U-B,Unitech,K2714U-B,keyboard:unitech:k2714u-b,inferred_first_token,reference_only_needs_verification,needs_review,False,1,Black,False,Mini,compact,,,,wired,general;portable,portable,100.0,103.0,unverified_reference_source
a6de1817844cbb1f675d,docyx_pc_part_dataset_2025_07_23,keyboard,Unitech K2724U-B,Unitech,K2724U-B,keyboard:unitech:k2724u-b,inferred_first_token,reference_only_needs_verification,needs_review,False,1,Black,False,Mini,compact,,,,wired,general;portable,portable,100.0,103.0,unverified_reference_source
387f05a0bff599d8e653,docyx_pc_part_dataset_2025_07_23,keyboard,Unitech K595U-B Mini POS Keyboards,Unitech,K595U-B Mini POS Keyboards,keyboard:unitech:k595u-b-mini-pos-keyboards,inferred_first_token,reference_only_needs_verification,needs_review,False,1,Black,False,Mini,compact,,,,wired,general;portable,portable,100.0,103.0,unverified_reference_source
4ac72a556378a2d4da89,docyx_pc_part_dataset_2025_07_23,keyboard,V7 10PKUSBKB,V7,10PKUSBKB,keyboard:v7:10pkusbkb,inferred_first_token,reference_only_needs_verification,needs_review,False,1,Black,False,Standard,full_size,,,,wired,general,productivity,100.0,103.0,unverified_reference_source
7df018fd83914909fb04,docyx_pc_part_dataset_2025_07_23,keyboard,V7 CK0A1-4N6P,V7,CK0A1-4N6P,keyboard:v7:ck0a1-4n6p,inferred_first_token,reference_only_needs_verification,needs_review,False,1,Black,False,Standard,full_size,,,,wired,general,productivity,100.0,103.0,unverified_reference_source
dabf76feb94d40bfe432,docyx_pc_part_dataset_2025_07_23,keyboard,V7 CK0A2-4N6P,V7,CK0A2-4N6P,keyboard:v7:ck0a2-4n6p,inferred_first_token,reference_only_needs_verification,needs_review,False,1,Black,False,Standard,full_size,,,,wired,general,productivity,100.0,103.0,unverified_reference_source
850b878e196a35fa9010,docyx_pc_part_dataset_2025_07_23,keyboard,V7 CK0C1-6N6,V7,CK0C1-6N6,keyboard:v7:ck0c1-6n6,inferred_first_token,reference_only_needs_verification,needs_review,False,1,Black,False,Standard,full_size,,,,wired,general,productivity,100.0,103.0,unverified_reference_source
af387ddce7822e9774b5,docyx_pc_part_dataset_2025_07_23,keyboard,V7 CK0C2-6N6,V7,CK0C2-6N6,keyboard:v7:ck0c2-6n6,inferred_first_token,reference_only_needs_verification,needs_review,False,1,Black,False,Standard,full_size,,,,wired,general,productivity,100.0,103.0,unverified_reference_source
c65674be5ae3c6ece330,docyx_pc_part_dataset_2025_07_23,keyboard,V7 CK0M1-6N6,V7,CK0M1-6N6,keyboard:v7:ck0m1-6n6,inferred_first_token,reference_only_needs_verification,needs_review,False,1,Black,False,Standard,full_size,,,,wired,general,productivity,100.0,103.0,unverified_reference_source
a19fc9ce3ad57079ecbb,docyx_pc_part_dataset_2025_07_23,keyboard,V7 CK2A0-4N6P,V7,CK2A0-4N6P,keyboard:v7:ck2a0-4n6p,inferred_first_token,reference_only_needs_verification,needs_review,False,1,Black,False,Standard,full_size,,,,wireless,general;portable,portable,100.0,103.0,unverified_reference_source
0f07a765d97a47e29f8f,docyx_pc_part_dataset_2025_07_23,keyboard,V7 CKU200MX Spanish,V7,CKU200MX Spanish,keyboard:v7:cku200mx-spanish,inferred_first_token,reference_only_needs_verification,needs_review,False,1,Black,False,Standard,full_size,,,,wired,general,productivity,100.0,103.0,unverified_reference_source
47002d39ea2532a9d5c4,docyx_pc_part_dataset_2025_07_23,keyboard,V7 CKU200US,V7,CKU200US,keyboard:v7:cku200us,inferred_first_token,reference_only_needs_verification,needs_review,False,1,Black,False,Standard,full_size,,,,wired,general,productivity,100.0,103.0,unverified_reference_source
b2eee1698acdf85ce146,docyx_pc_part_dataset_2025_07_23,keyboard,V7 CKW200MX,V7,CKW200MX,keyboard:v7:ckw200mx,inferred_first_token,reference_only_needs_verification,needs_review,False,1,Black,False,Standard,full_size,,,,wireless,general;portable,portable,100.0,103.0,unverified_reference_source
f6d064e5cd29ccf4b0da,docyx_pc_part_dataset_2025_07_23,keyboard,V7 CKW200US,V7,CKW200US,keyboard:v7:ckw200us,inferred_first_token,reference_only_needs_verification,needs_review,False,1,Black,False,Standard,full_size,,,,wireless,general;portable,portable,100.0,103.0,unverified_reference_source
61a7401fcdfd57dc89d0,docyx_pc_part_dataset_2025_07_23,keyboard,V7 Elite,V7,Elite,keyboard:v7:elite,inferred_first_token,reference_only_needs_verification,needs_review,False,1,Black,False,Standard,full_size,,,,wireless,general;portable,portable,100.0,103.0,unverified_reference_source
cb3a00bce73a3b5a8f11,docyx_pc_part_dataset_2025_07_23,keyboard,V7 KC0B1-6N6,V7,KC0B1-6N6,keyboard:v7:kc0b1-6n6,inferred_first_token,reference_only_needs_verification,needs_review,False,1,Black,False,Standard,full_size,,,,wired,general,productivity,100.0,103.0,unverified_reference_source
8c620a5c48f94c987671,docyx_pc_part_dataset_2025_07_23,keyboard,V7 KC0B2-6N6,V7,KC0B2-6N6,keyboard:v7:kc0b2-6n6,inferred_first_token,reference_only_needs_verification,needs_review,False,1,Black,False,Standard,full_size,,,,wired,general,productivity,100.0,103.0,unverified_reference_source
ed62060c900c5fbf04a4,docyx_pc_part_dataset_2025_07_23,keyboard,V7 KC0D2-5N6,V7,KC0D2-5N6,keyboard:v7:kc0d2-5n6,inferred_first_token,reference_only_needs_verification,needs_review,False,1,Black,False,Standard,full_size,,,,wired,general,productivity,100.0,103.0,unverified_reference_source
b00a7eda688f096f93aa,docyx_pc_part_dataset_2025_07_23,keyboard,V7 KM0B1-6N6,V7,KM0B1-6N6,keyboard:v7:km0b1-6n6,inferred_first_token,reference_only_needs_verification,needs_review,False,1,Black,False,Standard,full_size,,,,wired,general,productivity,100.0,103.0,unverified_reference_source
e7c666e078d08bc9164b,docyx_pc_part_dataset_2025_07_23,keyboard,V7 KU200US,V7,KU200US,keyboard:v7:ku200us,inferred_first_token,reference_only_needs_verification,needs_review,False,1,Black,False,Standard,full_size,,,,wired,general,productivity,100.0,103.0,unverified_reference_source
37722dd52b9fb59ccc7c,docyx_pc_part_dataset_2025_07_23,keyboard,V7 KU300US,V7,KU300US,keyboard:v7:ku300us,inferred_first_token,reference_only_needs_verification,needs_review,False,1,Black,False,Standard,full_size,,,,wired,general,productivity,100.0,103.0,unverified_reference_source
5aa120cb004c2b806bb5,docyx_pc_part_dataset_2025_07_23,keyboard,V7 Multimedia USB Keyboard Combo,V7,Multimedia USB Keyboard Combo,keyboard:v7:multimedia-usb-keyboard-combo,inferred_first_token,reference_only_needs_verification,needs_review,False,1,Black,False,Standard,full_size,,,,wired,general,productivity,100.0,103.0,unverified_reference_source
fc3faff3eb64e6db1158,docyx_pc_part_dataset_2025_07_23,keyboard,V7 Standard PS/2 Keyboard,V7,Standard PS/2 Keyboard,keyboard:v7:standard-ps-2-keyboard,inferred_first_token,reference_only_needs_verification,needs_review,False,1,Black,False,Standard,full_size,,,,wired,general,productivity,100.0,103.0,unverified_reference_source
5e2ec6cd7cadab8c8980,docyx_pc_part_dataset_2025_07_23,keyboard,V7 Standard USB Keyboard,V7,Standard USB Keyboard,keyboard:v7:standard-usb-keyboard,inferred_first_token,reference_only_needs_verification,needs_review,False,1,Black,False,Standard,full_size,,,,wired,general,productivity,100.0,103.0,unverified_reference_source
13f87f3c71b696d21646,docyx_pc_part_dataset_2025_07_23,keyboard,V7 V7 Professional,V7,V7 Professional,keyboard:v7:v7-professional,inferred_first_token,reference_only_needs_verification,needs_review,False,1,Black,False,Standard,full_size,,,,wired,general,productivity,100.0,103.0,unverified_reference_source
dfd921686465c9a29600,docyx_pc_part_dataset_2025_07_23,keyboard,VisionTek Candyboard,VisionTek,Candyboard,keyboard:visiontek:candyboard,inferred_first_token,reference_only_needs_verification,needs_review,False,2,Black,False,Mini,tenkeyless,,,,wireless;bluetooth,general;portable,portable,100.0,103.0,unverified_reference_source;identity_duplicates_collapsed
5713bb163e8f67ee0e3d,docyx_pc_part_dataset_2025_07_23,keyboard,VisionTek Candyboard Keyboard with Touchpad,VisionTek,Candyboard Keyboard with Touchpad,keyboard:visiontek:candyboard-keyboard-with-touchpad,inferred_first_token,reference_only_needs_verification,needs_review,False,1,Black,False,Mini,tenkeyless,,,single_colour,wireless,general;portable,portable,100.0,103.0,unverified_reference_source
372a5f586d5ab4d21289,docyx_pc_part_dataset_2025_07_23,keyboard,VisionTek Candyboard Keyboard with Touchpad and Built in IR Remote,VisionTek,Candyboard Keyboard with Touchpad and Built in IR Remote,keyboard:visiontek:candyboard-keyboard-with-touchpad-and-built-in-ir-remote,inferred_first_token,reference_only_needs_verification,needs_review,False,1,Black,False,Mini,compact,,,single_colour,wireless,general;portable,portable,100.0,103.0,unverified_reference_source
6b03ff3496fc48cbd5e5,docyx_pc_part_dataset_2025_07_23,keyboard,Wintec FileMate B2020,Wintec,FileMate B2020,keyboard:wintec:filemate-b2020,inferred_first_token,reference_only_needs_verification,needs_review,False,1,Black,False,Standard,full_size,,,,wireless,general;portable,portable,100.0,103.0,unverified_reference_source
9a8aabb3e85fc03267bd,docyx_pc_part_dataset_2025_07_23,keyboard,Wintec FileMate Imagine K2210,Wintec,FileMate Imagine K2210,keyboard:wintec:filemate-imagine-k2210,inferred_first_token,reference_only_needs_verification,needs_review,False,4,Black;Blue;Green;Orange;White,False,Standard,full_size,,,,wired,general,productivity,100.0,103.0,unverified_reference_source;identity_duplicates_collapsed
bff6541d34b2bd04badf,docyx_pc_part_dataset_2025_07_23,keyboard,Zalman ZM-K600S,Zalman,ZM-K600S,keyboard:zalman:zm-k600s,inferred_first_token,reference_only_needs_verification,needs_review,False,1,Black,False,Standard,full_size,,,,wired,general,productivity,100.0,103.0,unverified_reference_source
ecbec637ec68c82f25a1,docyx_pc_part_dataset_2025_07_23,keyboard,Zotac ZA-MINIKB-BK,Zotac,ZA-MINIKB-BK,keyboard:zotac:za-minikb-bk,inferred_first_token,reference_only_needs_verification,needs_review,False,1,Black,False,Mini,tenkeyless,,,,wireless,general;portable,portable,100.0,103.0,unverified_reference_source
ff3b3bb5c4724d37ebdc,docyx_pc_part_dataset_2025_07_23,keyboard,i-rocks BT-6460-BK,i-rocks,BT-6460-BK,keyboard:i-rocks:bt-6460-bk,inferred_first_token,reference_only_needs_verification,needs_review,False,1,Black,False,Slim,tenkeyless,,,,wireless;bluetooth,general;portable,portable,100.0,103.0,unverified_reference_source
fd14ae1be923b20bb330,docyx_pc_part_dataset_2025_07_23,keyboard,i-rocks KR-6260-BK,i-rocks,KR-6260-BK,keyboard:i-rocks:kr-6260-bk,inferred_first_token,reference_only_needs_verification,needs_review,False,1,Black,False,Standard,full_size,,,,wired,general,productivity,100.0,103.0,unverified_reference_source
cb562dc437916c539c3a,docyx_pc_part_dataset_2025_07_23,keyboard,i-rocks KR-6402-WH,i-rocks,KR-6402-WH,keyboard:i-rocks:kr-6402-wh,inferred_first_token,reference_only_needs_verification,needs_review,False,1,White,False,Mini,compact,,,,wired,general;portable,portable,100.0,103.0,unverified_reference_source
274c5dbc34aff1085274,docyx_pc_part_dataset_2025_07_23,keyboard,i-rocks RF-6490-BK,i-rocks,RF-6490-BK,keyboard:i-rocks:rf-6490-bk,inferred_first_token,reference_only_needs_verification,needs_review,False,1,Black,False,Mini,compact,,,,wireless,general;portable,portable,100.0,103.0,unverified_reference_source
08f015ef102ae82d39d7,docyx_pc_part_dataset_2025_07_23,keyboard,i-rocks RF-6572L-BK,i-rocks,RF-6572L-BK,keyboard:i-rocks:rf-6572l-bk,inferred_first_token,reference_only_needs_verification,needs_review,False,1,Black;Silver,False,Standard,full_size,,,,wireless,general;portable,portable,100.0,103.0,unverified_reference_source
6c69d171b2f743c06571,docyx_pc_part_dataset_2025_07_23,keyboard,matias FK318PCLBB,matias,FK318PCLBB,keyboard:matias:fk318pclbb,inferred_first_token,reference_only_needs_verification,needs_review,False,9,Black,False,Standard,full_size,,,single_colour,wired,general,productivity,100.0,103.0,unverified_reference_source;identity_duplicates_collapsed
a620e7db2f4a3619cf6c,docyx_pc_part_dataset_2025_07_23,keyboard,nMEDIAPC HTPCKB-B,nMEDIAPC,HTPCKB-B,keyboard:nmediapc:htpckb-b,inferred_first_token,reference_only_needs_verification,needs_review,False,1,Black,False,Slim,tenkeyless,,,,wireless,general;portable,portable,100.0,103.0,unverified_reference_source
ebcc1f8a71850846d0da,docyx_pc_part_dataset_2025_07_23,keyboard,A4Tech 9300F,A4Tech,9300F,keyboard:a4tech:9300f,inferred_first_token,reference_only_needs_verification,needs_review,False,1,Black,True,Ergonomic,ergonomic,,,,wireless,general;portable;productivity;ergonomic,ergonomic,100.0,100.0,unverified_reference_source
7fb0a5b49654b372cf29,docyx_pc_part_dataset_2025_07_23,keyboard,A4Tech 9500H,A4Tech,9500H,keyboard:a4tech:9500h,inferred_first_token,reference_only_needs_verification,needs_review,False,1,Black,True,Standard,full_size,,,,wireless,general;portable,portable,100.0,100.0,unverified_reference_source
6615616c14ff95a4465b,docyx_pc_part_dataset_2025_07_23,keyboard,A4Tech KD-126,A4Tech,KD-126,keyboard:a4tech:kd-126,inferred_first_token,reference_only_needs_verification,needs_review,False,1,Black,True,Standard,full_size,,,single_colour,wired,general,productivity,100.0,100.0,unverified_reference_source
803ab612b8ce9ee02b48,docyx_pc_part_dataset_2025_07_23,keyboard,Cherry G83-6104,Cherry,G83-6104,keyboard:cherry:g83-6104,curated_alias,reference_only_needs_verification,needs_review,False,4,Black;Gray,False,Standard,full_size,,,,wired,general,productivity,100.0,100.0,unverified_reference_source;identity_duplicates_collapsed
c3dfd09ef72816b4a010,docyx_pc_part_dataset_2025_07_23,keyboard,Cherry KC 4020,Cherry,KC 4020,keyboard:cherry:kc-4020,curated_alias,reference_only_needs_verification,needs_review,False,1,Black;White,False,Mini,tenkeyless,,,single_colour,wired,general;portable,portable,100.0,100.0,unverified_reference_source
5e97c05f323bc9d23a55,docyx_pc_part_dataset_2025_07_23,keyboard,Dell 0DJ415,Dell,0DJ415,keyboard:dell:0dj415,curated_alias,reference_only_needs_verification,needs_review,False,1,Black,False,Standard,full_size,,,,wired,general,productivity,100.0,100.0,unverified_reference_source
34caeac162109466edb6,docyx_pc_part_dataset_2025_07_23,keyboard,Dell 0DJ425,Dell,0DJ425,keyboard:dell:0dj425,curated_alias,reference_only_needs_verification,needs_review,False,1,Black,False,Standard,full_size,,,,wired,general,productivity,100.0,100.0,unverified_reference_source
a593e2d7b46834c02177,docyx_pc_part_dataset_2025_07_23,keyboard,Dell 469-4060,Dell,469-4060,keyboard:dell:469-4060,curated_alias,reference_only_needs_verification,needs_review,False,1,Black,False,Standard,full_size,,,,wired,general,productivity,100.0,100.0,unverified_reference_source
5171a63a4a714b1a8f74,docyx_pc_part_dataset_2025_07_23,keyboard,Dell C638N,Dell,C638N,keyboard:dell:c638n,curated_alias,reference_only_needs_verification,needs_review,False,1,Black,False,Standard,full_size,,,,wired,general,productivity,100.0,100.0,unverified_reference_source
c476be7d56c41002f6c2,docyx_pc_part_dataset_2025_07_23,keyboard,Dell U473D,Dell,U473D,keyboard:dell:u473d,curated_alias,reference_only_needs_verification,needs_review,False,1,Black,False,Standard,full_size,,,,wired,general,productivity,100.0,100.0,unverified_reference_source
ff83d50f22b6bca5695b,docyx_pc_part_dataset_2025_07_23,keyboard,DrunkDeer G65,DrunkDeer,G65,keyboard:drunkdeer:g65,inferred_first_token,reference_only_needs_verification,needs_review,False,7,Black;Gray;Orange;Purple;Red;White,True,Gaming,tenkeyless,,,rgb,wired,general;gaming;portable,gaming,100.0,100.0,unverified_reference_source;identity_duplicates_collapsed
28aa7992906a284a9104,docyx_pc_part_dataset_2025_07_23,keyboard,Ergoguys CD-1039,Ergoguys,CD-1039,keyboard:ergoguys:cd-1039,inferred_first_token,reference_only_needs_verification,needs_review,False,1,Black,True,Ergonomic,ergonomic,,,,wired,general;productivity;ergonomic,ergonomic,100.0,100.0,unverified_reference_source
65c46b98d1bb059ca93d,docyx_pc_part_dataset_2025_07_23,keyboard,Fellowes 9892901,Fellowes,9892901,keyboard:fellowes:9892901,inferred_first_token,reference_only_needs_verification,needs_review,False,1,Black,True,Standard,full_size,,,,wired,general,productivity,100.0,100.0,unverified_reference_source
14e5180c0b22d383b15a,docyx_pc_part_dataset_2025_07_23,keyboard,Gigabyte K3100,Gigabyte,K3100,keyboard:gigabyte:k3100,curated_alias,reference_only_needs_verification,needs_review,False,1,Black,False,Standard,full_size,,,,wired,general,productivity,100.0,100.0,unverified_reference_source
d342b1ff8eee3e522d62,docyx_pc_part_dataset_2025_07_23,keyboard,Gigabyte KM7600,Gigabyte,KM7600,keyboard:gigabyte:km7600,curated_alias,reference_only_needs_verification,needs_review,False,1,Black,False,Ergonomic,ergonomic,,,,wireless,general;portable;productivity;ergonomic,ergonomic,100.0,100.0,unverified_reference_source
7e0892e2366fa961fa69,docyx_pc_part_dataset_2025_07_23,keyboard,HP 125,HP,125,keyboard:hp:125,curated_alias,reference_only_needs_verification,needs_review,False,1,Black,False,Standard,full_size,,,,wired,general,productivity,100.0,100.0,unverified_reference_source
8487bb86a6b972430dba,docyx_pc_part_dataset_2025_07_23,keyboard,HP 200,HP,200,keyboard:hp:200,curated_alias,reference_only_needs_verification,needs_review,False,1,Black,False,Standard,full_size,,,,wired,general,productivity,100.0,100.0,unverified_reference_source
4cbc75152acb8b8547b9,docyx_pc_part_dataset_2025_07_23,keyboard,HP 225,HP,225,keyboard:hp:225,curated_alias,reference_only_needs_verification,needs_review,False,2,Black,False,Standard,full_size,,,,wired,general,productivity,100.0,100.0,unverified_reference_source;identity_duplicates_collapsed
ff566dbf5965c8b7d814,docyx_pc_part_dataset_2025_07_23,keyboard,HP 975,HP,975,keyboard:hp:975,curated_alias,reference_only_needs_verification,needs_review,False,1,Black,False,Standard,full_size,,,,wired;wireless;bluetooth,general;portable,portable,100.0,100.0,unverified_reference_source
d5a87f99c3f4477357b0,docyx_pc_part_dataset_2025_07_23,keyboard,HP C4739-60113,HP,C4739-60113,keyboard:hp:c4739-60113,curated_alias,reference_only_needs_verification,needs_review,False,1,White,False,Standard,full_size,,,,wired,general,productivity,100.0,100.0,unverified_reference_source
8556b3329903b121da33,docyx_pc_part_dataset_2025_07_23,keyboard,HP K1500,HP,K1500,keyboard:hp:k1500,curated_alias,reference_only_needs_verification,needs_review,False,1,Black,False,Standard,full_size,,,,wired,general,productivity,100.0,100.0,unverified_reference_source
b86ca667a212474d75ca,docyx_pc_part_dataset_2025_07_23,keyboard,Inland 70119,Inland,70119,keyboard:inland:70119,inferred_first_token,reference_only_needs_verification,needs_review,False,1,Black,True,Standard,full_size,,,,wireless,general;portable,portable,100.0,100.0,unverified_reference_source
20a387cbe484b92d9c13,docyx_pc_part_dataset_2025_07_23,keyboard,Kensington 64338,Kensington,64338,keyboard:kensington:64338,curated_alias,reference_only_needs_verification,needs_review,False,1,Black,False,Ergonomic,ergonomic,,,,wired,general;productivity;ergonomic,ergonomic,100.0,100.0,unverified_reference_source
36797960ea95e474134f,docyx_pc_part_dataset_2025_07_23,keyboard,Kensington 64390,Kensington,64390,keyboard:kensington:64390,curated_alias,reference_only_needs_verification,needs_review,False,1,Beige;Black,False,Standard,full_size,,,,wireless,general;portable,portable,100.0,100.0,unverified_reference_source
4aa4d2dcbaf60fd2cbba,docyx_pc_part_dataset_2025_07_23,keyboard,Kensington K64338,Kensington,K64338,keyboard:kensington:k64338,curated_alias,reference_only_needs_verification,needs_review,False,1,Black,False,Standard,full_size,,,,wired,general,productivity,100.0,100.0,unverified_reference_source
08ce3668ecbef44df491,docyx_pc_part_dataset_2025_07_23,keyboard,Kensington K64370,Kensington,K64370,keyboard:kensington:k64370,curated_alias,reference_only_needs_verification,needs_review,False,1,Black,False,Standard,full_size,,,,wired,general,productivity,100.0,100.0,unverified_reference_source
8f3a7f91025bae604b02,docyx_pc_part_dataset_2025_07_23,keyboard,KeyTronic E03600P1,KeyTronic,E03600P1,keyboard:keytronic:e03600p1,curated_alias,reference_only_needs_verification,needs_review,False,1,Beige,False,Standard,full_size,,,,wired,general,productivity,100.0,100.0,unverified_reference_source
f4547b236d97d17b029c,docyx_pc_part_dataset_2025_07_23,keyboard,KeyTronic E03600P2,KeyTronic,E03600P2,keyboard:keytronic:e03600p2,curated_alias,reference_only_needs_verification,needs_review,False,1,Black,False,Standard,full_size,,,,wired,general,productivity,100.0,100.0,unverified_reference_source
3c20aabb2ff07e26dd4c,docyx_pc_part_dataset_2025_07_23,keyboard,KeyTronic E03600U1,KeyTronic,E03600U1,keyboard:keytronic:e03600u1,curated_alias,reference_only_needs_verification,needs_review,False,1,Beige,False,Standard,full_size,,,,wired,general,productivity,100.0,100.0,unverified_reference_source
3f8caa5479612aeb7e37,docyx_pc_part_dataset_2025_07_23,keyboard,KeyTronic E03600U2,KeyTronic,E03600U2,keyboard:keytronic:e03600u2,curated_alias,reference_only_needs_verification,needs_review,False,1,Black,False,Standard,full_size,,,,wired,general,productivity,100.0,100.0,unverified_reference_source
c9c2dbe0e024940571aa,docyx_pc_part_dataset_2025_07_23,keyboard,KeyTronic E03601P1,KeyTronic,E03601P1,keyboard:keytronic:e03601p1,curated_alias,reference_only_needs_verification,needs_review,False,1,Beige,False,Standard,full_size,,,,wired,general,productivity,100.0,100.0,unverified_reference_source
3c38890cb468e895faa3,docyx_pc_part_dataset_2025_07_23,keyboard,KeyTronic E03601P2,KeyTronic,E03601P2,keyboard:keytronic:e03601p2,curated_alias,reference_only_needs_verification,needs_review,False,1,Black,False,Standard,full_size,,,,wired,general,productivity,100.0,100.0,unverified_reference_source
691d0e362015985cc10e,docyx_pc_part_dataset_2025_07_23,keyboard,KeyTronic E03601U1,KeyTronic,E03601U1,keyboard:keytronic:e03601u1,curated_alias,reference_only_needs_verification,needs_review,False,1,Beige,False,Standard,full_size,,,,wired,general,productivity,100.0,100.0,unverified_reference_source
c9312eb6d940e370a45a,docyx_pc_part_dataset_2025_07_23,keyboard,KeyTronic E03601U2,KeyTronic,E03601U2,keyboard:keytronic:e03601u2,curated_alias,reference_only_needs_verification,needs_review,False,1,Black,False,Standard,full_size,,,,wired,general,productivity,100.0,100.0,unverified_reference_source
751061c0ac033ffb3a9e,docyx_pc_part_dataset_2025_07_23,keyboard,KeyTronic E06101P1,KeyTronic,E06101P1,keyboard:keytronic:e06101p1,curated_alias,reference_only_needs_verification,needs_review,False,1,Beige,False,Standard,full_size,,,,wired,general,productivity,100.0,100.0,unverified_reference_source
e07de67ae0a46af7c783,docyx_pc_part_dataset_2025_07_23,keyboard,KeyTronic E06101P2,KeyTronic,E06101P2,keyboard:keytronic:e06101p2,curated_alias,reference_only_needs_verification,needs_review,False,1,Black,False,Standard,full_size,,,,wired,general,productivity,100.0,100.0,unverified_reference_source
8f6caa9e03d9b801bd47,docyx_pc_part_dataset_2025_07_23,keyboard,KeyTronic E06101U1,KeyTronic,E06101U1,keyboard:keytronic:e06101u1,curated_alias,reference_only_needs_verification,needs_review,False,1,Beige,False,Standard,full_size,,,,wired,general,productivity,100.0,100.0,unverified_reference_source
dbd31e8d4c9a4cb4f2e9,docyx_pc_part_dataset_2025_07_23,keyboard,KeyTronic E06101U2,KeyTronic,E06101U2,keyboard:keytronic:e06101u2,curated_alias,reference_only_needs_verification,needs_review,False,1,Black,False,Standard,full_size,,,,wired,general,productivity,100.0,100.0,unverified_reference_source
f08b48160db5078ae758,docyx_pc_part_dataset_2025_07_23,keyboard,KeyTronic K120P,KeyTronic,K120P,keyboard:keytronic:k120p,curated_alias,reference_only_needs_verification,needs_review,False,1,Black,False,Standard,full_size,,,,wired,general,productivity,100.0,100.0,unverified_reference_source
c2925c56192c0d3abed4,docyx_pc_part_dataset_2025_07_23,keyboard,KeyTronic K120U,KeyTronic,K120U,keyboard:keytronic:k120u,curated_alias,reference_only_needs_verification,needs_review,False,1,Black,False,Standard,full_size,,,,wired,general,productivity,100.0,100.0,unverified_reference_source
3548781d83323d0921e7,docyx_pc_part_dataset_2025_07_23,keyboard,KeyTronic MK320,KeyTronic,MK320,keyboard:keytronic:mk320,curated_alias,reference_only_needs_verification,needs_review,False,1,Black,False,Standard,full_size,,,,wireless,general;portable,portable,100.0,100.0,unverified_reference_source
7d698e7f247d0790b768,docyx_pc_part_dataset_2025_07_23,keyboard,KeyTronic MK520,KeyTronic,MK520,keyboard:keytronic:mk520,curated_alias,reference_only_needs_verification,needs_review,False,1,Black,False,Standard,full_size,,,,wireless,general;portable,portable,100.0,100.0,unverified_reference_source
76b764e569f4d71508c4,docyx_pc_part_dataset_2025_07_23,keyboard,Lenovo 0A34045,Lenovo,0A34045,keyboard:lenovo:0a34045,curated_alias,reference_only_needs_verification,needs_review,False,1,Black,False,Standard,full_size,,,,wireless,general;portable,portable,100.0,100.0,unverified_reference_source
fbd0f7022c9c06b4f786,docyx_pc_part_dataset_2025_07_23,keyboard,Lenovo 57Y6336,Lenovo,57Y6336,keyboard:lenovo:57y6336,curated_alias,reference_only_needs_verification,needs_review,False,1,Black,False,Mini,compact,,,,wireless,general;portable,portable,100.0,100.0,unverified_reference_source
6b8bbe90595026295f49,docyx_pc_part_dataset_2025_07_23,keyboard,Lenovo 73P2620,Lenovo,73P2620,keyboard:lenovo:73p2620,curated_alias,reference_only_needs_verification,needs_review,False,1,Black,False,Standard,full_size,,,,wired,general,productivity,100.0,100.0,unverified_reference_source
6c248cbc51810988c777,docyx_pc_part_dataset_2025_07_23,keyboard,Lenovo 73P4730,Lenovo,73P4730,keyboard:lenovo:73p4730,curated_alias,reference_only_needs_verification,needs_review,False,1,Black,False,Standard,full_size,,,,wired,general,productivity,100.0,100.0,unverified_reference_source
e11c5b1697889bcfc134,docyx_pc_part_dataset_2025_07_23,keyboard,Lenovo 73P5230,Lenovo,73P5230,keyboard:lenovo:73p5230,curated_alias,reference_only_needs_verification,needs_review,False,1,Black;Gray,False,Standard,full_size,,,,wired,general,productivity,100.0,100.0,unverified_reference_source
a9cb73230d990ff415b8,docyx_pc_part_dataset_2025_07_23,keyboard,Lenovo N5902,Lenovo,N5902,keyboard:lenovo:n5902,curated_alias,reference_only_needs_verification,needs_review,False,1,Black,False,Mini,tenkeyless,,,,wireless,general;portable,portable,100.0,100.0,unverified_reference_source
1a4e010a91d56fd41531,docyx_pc_part_dataset_2025_07_23,keyboard,Microsoft 21Y-00031,Microsoft,21Y-00031,keyboard:microsoft:21y-00031,curated_alias,reference_only_needs_verification,needs_review,False,1,White,False,Mini,tenkeyless,,,,wired;wireless;bluetooth,general;portable,portable,100.0,100.0,unverified_reference_source
47d2e721c6061d0ba00d,docyx_pc_part_dataset_2025_07_23,keyboard,Microsoft 22B00001,Microsoft,22B00001,keyboard:microsoft:22b00001,curated_alias,reference_only_needs_verification,needs_review,False,1,Black,False,Mini,tenkeyless,,,,wired;wireless;bluetooth,general;portable,portable,100.0,100.0,unverified_reference_source
f28f8d34f45aaf5dfc2a,docyx_pc_part_dataset_2025_07_23,keyboard,Microsoft 2LF-00001,Microsoft,2LF-00001,keyboard:microsoft:2lf-00001,curated_alias,reference_only_needs_verification,needs_review,False,1,Black,False,Standard,full_size,,,,wireless,general;portable,portable,100.0,100.0,unverified_reference_source
73bf8584d1a0d7b5ef9e,docyx_pc_part_dataset_2025_07_23,keyboard,Microsoft 2VJ-00001,Microsoft,2VJ-00001,keyboard:microsoft:2vj-00001,curated_alias,reference_only_needs_verification,needs_review,False,1,Black,False,Standard,full_size,,,,wireless,general;portable,portable,100.0,100.0,unverified_reference_source
25536eb0673ac8faac3e,docyx_pc_part_dataset_2025_07_23,keyboard,Microsoft 2VJ-00003,Microsoft,2VJ-00003,keyboard:microsoft:2vj-00003,curated_alias,reference_only_needs_verification,needs_review,False,1,Black,False,Standard,full_size,,,,wired,general,productivity,100.0,100.0,unverified_reference_source
3debf04ed4b9f93c6c88,docyx_pc_part_dataset_2025_07_23,keyboard,Microsoft 2WJ-00002,Microsoft,2WJ-00002,keyboard:microsoft:2wj-00002,curated_alias,reference_only_needs_verification,needs_review,False,1,Black,False,Standard,full_size,,,,wireless,general;portable,portable,100.0,100.0,unverified_reference_source
93f95d2d18a2af4b9d0d,docyx_pc_part_dataset_2025_07_23,keyboard,Microsoft 3TJ-00002,Microsoft,3TJ-00002,keyboard:microsoft:3tj-00002,curated_alias,reference_only_needs_verification,needs_review,False,1,Black,False,Ergonomic,ergonomic,,,,wired,general;productivity;ergonomic,ergonomic,100.0,100.0,unverified_reference_source
fe12602508c8fac27369,docyx_pc_part_dataset_2025_07_23,keyboard,Microsoft 5SH-00001,Microsoft,5SH-00001,keyboard:microsoft:5sh-00001,curated_alias,reference_only_needs_verification,needs_review,False,1,Black,False,Standard,full_size,,,,wireless,general;portable,portable,100.0,100.0,unverified_reference_source
872a28b27f8477361e89,docyx_pc_part_dataset_2025_07_23,keyboard,Microsoft 7ZJ-00001,Microsoft,7ZJ-00001,keyboard:microsoft:7zj-00001,curated_alias,reference_only_needs_verification,needs_review,False,1,Black,False,Ergonomic,ergonomic,,,,wired,general;productivity;ergonomic,ergonomic,100.0,100.0,unverified_reference_source
0542fcf828158ee6f36f,docyx_pc_part_dataset_2025_07_23,keyboard,Microsoft B2M-00014,Microsoft,B2M-00014,keyboard:microsoft:b2m-00014,curated_alias,reference_only_needs_verification,needs_review,False,1,Black;Silver,False,Ergonomic,ergonomic,,,,wired,general;productivity;ergonomic,ergonomic,100.0,100.0,unverified_reference_source
22d4bf33d1eb9c61d6b0,docyx_pc_part_dataset_2025_07_23,keyboard,Microsoft E6K-00002,Microsoft,E6K-00002,keyboard:microsoft:e6k-00002,curated_alias,reference_only_needs_verification,needs_review,False,1,Black,False,Standard,full_size,,,,wireless,general;portable,portable,100.0,100.0,unverified_reference_source
557b2061027ebbc073e9,docyx_pc_part_dataset_2025_07_23,keyboard,Microsoft GU5-00001,Microsoft,GU5-00001,keyboard:microsoft:gu5-00001,curated_alias,reference_only_needs_verification,needs_review,False,1,Black,False,Slim,tenkeyless,,,,wireless;bluetooth,general;portable,portable,100.0,100.0,unverified_reference_source
3af51457311f9070d74c,docyx_pc_part_dataset_2025_07_23,keyboard,Microsoft J9C-00001,Microsoft,J9C-00001,keyboard:microsoft:j9c-00001,curated_alias,reference_only_needs_verification,needs_review,False,2,Black;Silver,False,Ergonomic,ergonomic,,,,wired,general;productivity;ergonomic,ergonomic,100.0,100.0,unverified_reference_source;identity_duplicates_collapsed
fadaab305b1a34b3940c,docyx_pc_part_dataset_2025_07_23,keyboard,Microsoft N9Z-00001,Microsoft,N9Z-00001,keyboard:microsoft:n9z-00001,curated_alias,reference_only_needs_verification,needs_review,False,1,Black,False,Slim,tenkeyless,,,,wireless,general;portable,portable,100.0,100.0,unverified_reference_source
5de98677e2bd270ed170,docyx_pc_part_dataset_2025_07_23,keyboard,Monoprice K9,Monoprice,K9,keyboard:monoprice:k9,curated_alias,reference_only_needs_verification,needs_review,False,1,Black,False,Standard,full_size,,,,wired,general,productivity,100.0,100.0,unverified_reference_source
1bcca0f8655c53383dd3,docyx_pc_part_dataset_2025_07_23,keyboard,Perixx 10532,Perixx,10532,keyboard:perixx:10532,inferred_first_token,reference_only_needs_verification,needs_review,False,1,Black,True,Mini,tenkeyless,,,,wireless,general;portable,portable,100.0,100.0,unverified_reference_source
c76f1b575e13fe006086,docyx_pc_part_dataset_2025_07_23,keyboard,Verbatim 96664,Verbatim,96664,keyboard:verbatim:96664,curated_alias,reference_only_needs_verification,needs_review,False,1,Black,False,Standard,full_size,,,,wired,general,productivity,100.0,100.0,unverified_reference_source
79f7613dce36fa2e33b0,docyx_pc_part_dataset_2025_07_23,keyboard,Verbatim 96668,Verbatim,96668,keyboard:verbatim:96668,curated_alias,reference_only_needs_verification,needs_review,False,1,Black,False,Standard,full_size,,,single_colour,wired,general,productivity,100.0,100.0,unverified_reference_source
9251650307a58d3e8a39,docyx_pc_part_dataset_2025_07_23,keyboard,Verbatim 96671,Verbatim,96671,keyboard:verbatim:96671,curated_alias,reference_only_needs_verification,needs_review,False,1,Black,False,Standard,full_size,,,single_colour,wired,general,productivity,100.0,100.0,unverified_reference_source
3066f85a965987c52239,docyx_pc_part_dataset_2025_07_23,keyboard,Verbatim 97472,Verbatim,97472,keyboard:verbatim:97472,curated_alias,reference_only_needs_verification,needs_review,False,1,Black,False,Mini,tenkeyless,,,,wireless,general;portable,portable,100.0,100.0,unverified_reference_source
52f0b6e4595cbac27677,docyx_pc_part_dataset_2025_07_23,keyboard,Verbatim 97537,Verbatim,97537,keyboard:verbatim:97537,curated_alias,reference_only_needs_verification,needs_review,False,1,Black,False,Mini,tenkeyless,,,,wireless;bluetooth,general;portable,portable,100.0,100.0,unverified_reference_source
7d5443ef8a51971f3e37,docyx_pc_part_dataset_2025_07_23,keyboard,Verbatim 97754,Verbatim,97754,keyboard:verbatim:97754,curated_alias,reference_only_needs_verification,needs_review,False,1,White,False,Slim,tenkeyless,,,,wireless;bluetooth,general;portable,portable,100.0,100.0,unverified_reference_source
8a41027e85add801b281,docyx_pc_part_dataset_2025_07_23,keyboard,Verbatim 97872,Verbatim,97872,keyboard:verbatim:97872,curated_alias,reference_only_needs_verification,needs_review,False,1,White,False,Slim,tenkeyless,,,,wireless;bluetooth,general;portable,portable,100.0,100.0,unverified_reference_source
9141562895e17451414f,docyx_pc_part_dataset_2025_07_23,keyboard,Deepcool KG722,Deepcool,KG722,keyboard:deepcool:kg722,inferred_first_token,reference_only_needs_verification,needs_review,False,1,Black,False,Gaming,tenkeyless,mechanical,Gateron Red,rgb,wired,general;gaming;portable,gaming,100.0,99.0,unverified_reference_source
fd47155c5eaf75f62deb,docyx_pc_part_dataset_2025_07_23,keyboard,KBParadise V60,KBParadise,V60,keyboard:kbparadise:v60,inferred_first_token,reference_only_needs_verification,needs_review,False,1,Black,False,Mini,tenkeyless,mechanical,Cherry MX Blue,single_colour,wired,general;portable,portable,100.0,99.0,unverified_reference_source
b8809a786182835d0657,docyx_pc_part_dataset_2025_07_23,keyboard,KUL ES-87,KUL,ES-87,keyboard:kul:es-87,inferred_first_token,reference_only_needs_verification,needs_review,False,2,Black,False,Standard,tenkeyless,mechanical,Cherry MX Black,,wired,general;portable,portable,100.0,99.0,unverified_reference_source;identity_duplicates_collapsed
a1f821fe4e67e0746228,docyx_pc_part_dataset_2025_07_23,keyboard,Keycool 108,Keycool,108,keyboard:keycool:108,inferred_first_token,reference_only_needs_verification,needs_review,False,4,Black,False,Standard,full_size,mechanical,Cherry MX Black,single_colour,wired,general,productivity,100.0,99.0,unverified_reference_source;identity_duplicates_collapsed
b05f14040c45c707ae74,docyx_pc_part_dataset_2025_07_23,keyboard,Keycool 84,Keycool,84,keyboard:keycool:84,inferred_first_token,reference_only_needs_verification,needs_review,False,5,Black,False,Mini,tenkeyless,mechanical,Cherry MX Black,single_colour,wired,general;portable,portable,100.0,99.0,unverified_reference_source;identity_duplicates_collapsed
bcd9d007987d81282f1f,docyx_pc_part_dataset_2025_07_23,keyboard,Keycool 87,Keycool,87,keyboard:keycool:87,inferred_first_token,reference_only_needs_verification,needs_review,False,7,Black,False,Mini,tenkeyless,mechanical,Cherry MX Black,single_colour,wired,general;portable,portable,100.0,99.0,unverified_reference_source;identity_duplicates_collapsed
6246121fcfac6a9d0ff2,docyx_pc_part_dataset_2025_07_23,keyboard,LTC NB681,LTC,NB681,keyboard:ltc:nb681,inferred_first_token,reference_only_needs_verification,needs_review,False,6,Black;White,False,Standard,tenkeyless,mechanical,Huano Red,rgb,wired,general;portable,portable,100.0,99.0,unverified_reference_source;identity_duplicates_collapsed
346aed0f119e82fae0ff,docyx_pc_part_dataset_2025_07_23,keyboard,MCHOSE G87,MCHOSE,G87,keyboard:mchose:g87,inferred_first_token,reference_only_needs_verification,needs_review,False,10,Black;Blue;Cyan;Gray;Pink;Translucent Gray;White,False,Gaming,tenkeyless,mechanical,TTC Cabbage Tofu V2,rgb,wired;wireless;bluetooth,general;gaming;portable,gaming,100.0,99.0,unverified_reference_source;identity_duplicates_collapsed
d01144e368891e0b3fef,docyx_pc_part_dataset_2025_07_23,keyboard,MCHOSE GX87,MCHOSE,GX87,keyboard:mchose:gx87,inferred_first_token,reference_only_needs_verification,needs_review,False,7,Black;Blue;Green;Purple;Silver;Translucent Gray;White,False,Gaming,tenkeyless,mechanical,KTT Vintage White,rgb,wired;wireless;bluetooth,general;gaming;portable,gaming,100.0,99.0,unverified_reference_source;identity_duplicates_collapsed
c5e6ccb139ed7f7b6bf3,docyx_pc_part_dataset_2025_07_23,keyboard,MCHOSE K87,MCHOSE,K87,keyboard:mchose:k87,inferred_first_token,reference_only_needs_verification,needs_review,False,10,Black;Blue;Green;Orange;Purple;White,False,Gaming,tenkeyless,mechanical,KTT Hyacinth,rgb,wired;wireless;bluetooth,general;gaming;portable,gaming,100.0,99.0,unverified_reference_source;identity_duplicates_collapsed
4487fb902f427e96b879,docyx_pc_part_dataset_2025_07_23,keyboard,MCHOSE KX75,MCHOSE,KX75,keyboard:mchose:kx75,inferred_first_token,reference_only_needs_verification,needs_review,False,5,Black;Blue;Pink;Purple;White,False,Gaming,tenkeyless,mechanical,KTT Vintage White,rgb,wired;wireless;bluetooth,general;gaming;portable,gaming,100.0,99.0,unverified_reference_source;identity_duplicates_collapsed
36cd1e4b9d1ff12b7b01,docyx_pc_part_dataset_2025_07_23,keyboard,MCHOSE X75,MCHOSE,X75,keyboard:mchose:x75,inferred_first_token,reference_only_needs_verification,needs_review,False,10,Black;Blue;Gray;Green;Pink;White,False,Gaming,tenkeyless,mechanical,KTT Hyacinth,rgb,wired;wireless;bluetooth,general;gaming;portable,gaming,100.0,99.0,unverified_reference_source;identity_duplicates_collapsed
9ce23ffbf3386c299165,docyx_pc_part_dataset_2025_07_23,keyboard,MCHOSE X75 V2,MCHOSE,X75 V2,keyboard:mchose:x75-v2,inferred_first_token,reference_only_needs_verification,needs_review,False,9,Beige;Black;Blue;Green;Pink;White,False,Gaming,tenkeyless,mechanical,Kailh Icy Creamsicle,rgb,wired;wireless;bluetooth,general;gaming;portable,gaming,100.0,99.0,unverified_reference_source;identity_duplicates_collapsed
82e930f5b21a8d6bb6dd,docyx_pc_part_dataset_2025_07_23,keyboard,MCHOSE Z75,MCHOSE,Z75,keyboard:mchose:z75,inferred_first_token,reference_only_needs_verification,needs_review,False,8,Black;Blue;Silver;Translucent Gray;White,False,Gaming,tenkeyless,mechanical,KTT Cream Shaft,rgb,wired;wireless;bluetooth,general;gaming;portable,gaming,100.0,99.0,unverified_reference_source;identity_duplicates_collapsed
3740829b17ebfef6a428,docyx_pc_part_dataset_2025_07_23,keyboard,MCHOSE Z75S,MCHOSE,Z75S,keyboard:mchose:z75s,inferred_first_token,reference_only_needs_verification,needs_review,False,8,Black;Blue;Gray;Orange;Pink;White,False,Gaming,tenkeyless,mechanical,KTT Cream Shaft,rgb,wired;wireless;bluetooth,general;gaming;portable,gaming,100.0,99.0,unverified_reference_source;identity_duplicates_collapsed
ae34d1eaf4806d3abdfa,docyx_pc_part_dataset_2025_07_23,keyboard,Penclic MK1,Penclic,MK1,keyboard:penclic:mk1,inferred_first_token,reference_only_needs_verification,needs_review,False,1,Black;White,False,Standard,tenkeyless,mechanical,Kailh Brown,single_colour,wired,general;portable,portable,100.0,99.0,unverified_reference_source
7b30b555378f997e8d94,docyx_pc_part_dataset_2025_07_23,keyboard,Perixx PX-5000,Perixx,PX-5000,keyboard:perixx:px-5000,inferred_first_token,reference_only_needs_verification,needs_review,False,1,Black,False,Standard,full_size,mechanical,Cherry MX Black,single_colour,wired,general,productivity,100.0,99.0,unverified_reference_source
3ace471041cb1e7dd470,docyx_pc_part_dataset_2025_07_23,keyboard,Rosewill RK-9000,Rosewill,RK-9000,keyboard:rosewill:rk-9000,inferred_first_token,reference_only_needs_verification,needs_review,False,1,Black,False,Standard,full_size,mechanical,Cherry MX Blue,,wired,general,productivity,100.0,99.0,unverified_reference_source
6b695faa7e1952788660,docyx_pc_part_dataset_2025_07_23,keyboard,Velocifire VM01,Velocifire,VM01,keyboard:velocifire:vm01,inferred_first_token,reference_only_needs_verification,needs_review,False,1,Black,False,Standard,full_size,mechanical,Outemu Brown,single_colour,wired,general,productivity,100.0,99.0,unverified_reference_source
70672179c958842e1481,docyx_pc_part_dataset_2025_07_23,keyboard,Zalman K500,Zalman,K500,keyboard:zalman:k500,inferred_first_token,reference_only_needs_verification,needs_review,False,1,Black,False,Mini,tenkeyless,mechanical,Kailh Red,,wired,general;portable,portable,100.0,99.0,unverified_reference_source
70627d3c2f747fd83cce,docyx_pc_part_dataset_2025_07_23,keyboard,A4Tech 3100N,A4Tech,3100N,keyboard:a4tech:3100n,inferred_first_token,reference_only_needs_verification,needs_review,False,1,Black,False,Standard,full_size,,,,wireless,general;portable,portable,100.0,95.0,unverified_reference_source
da75379063c476399d81,docyx_pc_part_dataset_2025_07_23,keyboard,A4Tech 7300N,A4Tech,7300N,keyboard:a4tech:7300n,inferred_first_token,reference_only_needs_verification,needs_review,False,1,Black;Gray,False,Ergonomic,tenkeyless,,,,wireless,general;portable,portable,100.0,95.0,unverified_reference_source
08b0ed3aedebb430783c,docyx_pc_part_dataset_2025_07_23,keyboard,A4Tech 7700N,A4Tech,7700N,keyboard:a4tech:7700n,inferred_first_token,reference_only_needs_verification,needs_review,False,1,Black;Silver,False,Mini,tenkeyless,,,,wireless,general;portable,portable,100.0,95.0,unverified_reference_source
3dfac3033fb2336c354c,docyx_pc_part_dataset_2025_07_23,keyboard,A4Tech KL-5,A4Tech,KL-5,keyboard:a4tech:kl-5,inferred_first_token,reference_only_needs_verification,needs_review,False,1,Black;Gray,False,Mini,compact,,,,wired,general;portable,portable,100.0,95.0,unverified_reference_source
0d022c195461c0aed317,docyx_pc_part_dataset_2025_07_23,keyboard,ARCTIC K481,ARCTIC,K481,keyboard:arctic:k481,inferred_first_token,reference_only_needs_verification,needs_review,False,1,Black,False,Mini,tenkeyless,,,,wireless,general;portable,portable,100.0,95.0,unverified_reference_source
2b05f3ceea7c3931e4df,docyx_pc_part_dataset_2025_07_23,keyboard,AZIO KB506,AZIO,KB506,keyboard:azio:kb506,inferred_first_token,reference_only_needs_verification,needs_review,False,1,Black,False,Standard,full_size,,,single_colour,wired,general,productivity,100.0,95.0,unverified_reference_source
830a8aa071430fb03a00,docyx_pc_part_dataset_2025_07_23,keyboard,AmazonBasics KU-0833,AmazonBasics,KU-0833,keyboard:amazonbasics:ku-0833,inferred_first_token,reference_only_needs_verification,needs_review,False,1,Black,False,Standard,full_size,,,,wired,general,productivity,100.0,95.0,unverified_reference_source
5d32400032765e06ac1a,docyx_pc_part_dataset_2025_07_23,keyboard,Belkin B2B061,Belkin,B2B061,keyboard:belkin:b2b061,inferred_first_token,reference_only_needs_verification,needs_review,False,1,Black,False,Standard,full_size,,,,wired,general,productivity,100.0,95.0,unverified_reference_source
65455de7c73189256bf7,docyx_pc_part_dataset_2025_07_23,keyboard,Belkin B2B063,Belkin,B2B063,keyboard:belkin:b2b063,inferred_first_token,reference_only_needs_verification,needs_review,False,1,Black,False,Standard,full_size,,,,wireless,general;portable,portable,100.0,95.0,unverified_reference_source
fe93c630a0850ac78785,docyx_pc_part_dataset_2025_07_23,keyboard,Ergoguys 01027,Ergoguys,01027,keyboard:ergoguys:01027,inferred_first_token,reference_only_needs_verification,needs_review,False,1,Black;Gray,False,Ergonomic,ergonomic,,,,wireless,general;portable;productivity;ergonomic,ergonomic,100.0,95.0,unverified_reference_source
b269ee89b7adc7824910,docyx_pc_part_dataset_2025_07_23,keyboard,Ergoguys CD-1038,Ergoguys,CD-1038,keyboard:ergoguys:cd-1038,inferred_first_token,reference_only_needs_verification,needs_review,False,1,Black,False,Ergonomic,ergonomic,,,,wired,general;productivity;ergonomic,ergonomic,100.0,95.0,unverified_reference_source
9be93799665db366cf50,docyx_pc_part_dataset_2025_07_23,keyboard,Ergoguys CD1060,Ergoguys,CD1060,keyboard:ergoguys:cd1060,inferred_first_token,reference_only_needs_verification,needs_review,False,1,Black;Yellow,False,Standard,full_size,,,,wired,general,productivity,100.0,95.0,unverified_reference_source
dc40d0a6f6ffc43de513,docyx_pc_part_dataset_2025_07_23,keyboard,Ergoguys CD1122,Ergoguys,CD1122,keyboard:ergoguys:cd1122,inferred_first_token,reference_only_needs_verification,needs_review,False,1,Black;Yellow,False,Standard,full_size,,,,wired,general,productivity,100.0,95.0,unverified_reference_source
eba91670a56373719c0d,docyx_pc_part_dataset_2025_07_23,keyboard,Ergoguys RK728,Ergoguys,RK728,keyboard:ergoguys:rk728,inferred_first_token,reference_only_needs_verification,needs_review,False,1,Black,False,Ergonomic,tenkeyless,,,,wireless,general;portable,portable,100.0,95.0,unverified_reference_source
2b6893140ce5319bca7f,docyx_pc_part_dataset_2025_07_23,keyboard,Evoluent KB1,Evoluent,KB1,keyboard:evoluent:kb1,inferred_first_token,reference_only_needs_verification,needs_review,False,1,Black;Silver,False,Standard,full_size,,,,wired,general,productivity,100.0,95.0,unverified_reference_source
5e1f0cf72455f681f0ab,docyx_pc_part_dataset_2025_07_23,keyboard,Evoluent KB4,Evoluent,KB4,keyboard:evoluent:kb4,inferred_first_token,reference_only_needs_verification,needs_review,False,1,Black,False,Standard,full_size,,,,wired,general,productivity,100.0,95.0,unverified_reference_source
d169d917060be8c27b27,docyx_pc_part_dataset_2025_07_23,keyboard,Fellowes 98915,Fellowes,98915,keyboard:fellowes:98915,inferred_first_token,reference_only_needs_verification,needs_review,False,1,Black,False,Ergonomic,ergonomic,,,,wired,general;productivity;ergonomic,ergonomic,100.0,95.0,unverified_reference_source
8148ec6e01a5c4df1f4f,docyx_pc_part_dataset_2025_07_23,keyboard,Fellowes 9893301,Fellowes,9893301,keyboard:fellowes:9893301,inferred_first_token,reference_only_needs_verification,needs_review,False,1,Black;Silver,False,Standard,full_size,,,,wired,general,productivity,100.0,95.0,unverified_reference_source
e08aeec3ee03eb56fb89,docyx_pc_part_dataset_2025_07_23,keyboard,Gateway KR-0350,Gateway,KR-0350,keyboard:gateway:kr-0350,inferred_first_token,reference_only_needs_verification,needs_review,False,1,Black;White,False,Standard,full_size,,,,wireless,general;portable,portable,100.0,95.0,unverified_reference_source
5b9ffdc5a5e10a56e204,docyx_pc_part_dataset_2025_07_23,keyboard,Gateway KR-0401,Gateway,KR-0401,keyboard:gateway:kr-0401,inferred_first_token,reference_only_needs_verification,needs_review,False,1,Black;Gray,False,Standard,full_size,,,,wireless,general;portable,portable,100.0,95.0,unverified_reference_source
20d7f3f6c58130b270b6,docyx_pc_part_dataset_2025_07_23,keyboard,Genius 31300710100,Genius,31300710100,keyboard:genius:31300710100,inferred_first_token,reference_only_needs_verification,needs_review,False,1,Black,False,Standard,full_size,,,,wired,general,productivity,100.0,95.0,unverified_reference_source
e8a55b7d2f9392657299,docyx_pc_part_dataset_2025_07_23,keyboard,Genius 31300710101,Genius,31300710101,keyboard:genius:31300710101,inferred_first_token,reference_only_needs_verification,needs_review,False,1,Black,False,Standard,full_size,,,,wired,general,productivity,100.0,95.0,unverified_reference_source
5ed135fbc56ec28692f2,docyx_pc_part_dataset_2025_07_23,keyboard,Genius 31300711101,Genius,31300711101,keyboard:genius:31300711101,inferred_first_token,reference_only_needs_verification,needs_review,False,1,Black,False,Standard,full_size,,,,wired,general,productivity,100.0,95.0,unverified_reference_source
d27159d356aaedc13ebb,docyx_pc_part_dataset_2025_07_23,keyboard,Genius 31330185100,Genius,31330185100,keyboard:genius:31330185100,inferred_first_token,reference_only_needs_verification,needs_review,False,1,Black,False,Standard,full_size,,,,wired,general,productivity,100.0,95.0,unverified_reference_source
5eda1ab1793cf72df1cd,docyx_pc_part_dataset_2025_07_23,keyboard,Genius 31330194102,Genius,31330194102,keyboard:genius:31330194102,inferred_first_token,reference_only_needs_verification,needs_review,False,1,Black;White,False,Standard,full_size,,,,wired,general,productivity,100.0,95.0,unverified_reference_source
053713527f6261e6cee1,docyx_pc_part_dataset_2025_07_23,keyboard,HEC 8A81,HEC,8A81,keyboard:hec:8a81,inferred_first_token,reference_only_needs_verification,needs_review,False,1,Black,False,Standard,full_size,,,,wired,general,productivity,100.0,95.0,unverified_reference_source
876bb14d8d2521b900c8,docyx_pc_part_dataset_2025_07_23,keyboard,IBM 40K5372,IBM,40K5372,keyboard:ibm:40k5372,inferred_first_token,reference_only_needs_verification,needs_review,False,1,Black,False,Standard,full_size,,,,wired,general,productivity,100.0,95.0,unverified_reference_source
027fdd2b724811ca4935,docyx_pc_part_dataset_2025_07_23,keyboard,IBM 40K9584,IBM,40K9584,keyboard:ibm:40k9584,inferred_first_token,reference_only_needs_verification,needs_review,False,1,Black,False,Standard,full_size,,,,wired,general,productivity,100.0,95.0,unverified_reference_source
7db1b077d6fed6c3d817,docyx_pc_part_dataset_2025_07_23,keyboard,Interlink VP6310,Interlink,VP6310,keyboard:interlink:vp6310,inferred_first_token,reference_only_needs_verification,needs_review,False,1,Black,False,Mini,compact,,,,wireless,general;portable,portable,100.0,95.0,unverified_reference_source
feba2f904192f7c38eec,docyx_pc_part_dataset_2025_07_23,keyboard,Interlink VP6342,Interlink,VP6342,keyboard:interlink:vp6342,inferred_first_token,reference_only_needs_verification,needs_review,False,1,Black,False,Mini,compact,,,,wireless,general;portable,portable,100.0,95.0,unverified_reference_source
cd196c31b49ab92d67ac,docyx_pc_part_dataset_2025_07_23,keyboard,Interlink VP6364,Interlink,VP6364,keyboard:interlink:vp6364,inferred_first_token,reference_only_needs_verification,needs_review,False,1,Black,False,Mini,tenkeyless,,,,wireless,general;portable,portable,100.0,95.0,unverified_reference_source
e07e08bb2f7ecbecda82,docyx_pc_part_dataset_2025_07_23,keyboard,Interlink VP6366,Interlink,VP6366,keyboard:interlink:vp6366,inferred_first_token,reference_only_needs_verification,needs_review,False,1,Silver,False,Mini,tenkeyless,,,,wireless,general;portable,portable,100.0,95.0,unverified_reference_source
fdce5af175f3eae84fee,docyx_pc_part_dataset_2025_07_23,keyboard,Interlink VP6630,Interlink,VP6630,keyboard:interlink:vp6630,inferred_first_token,reference_only_needs_verification,needs_review,False,1,Black,False,Slim,tenkeyless,,,,wireless;bluetooth,general;portable,portable,100.0,95.0,unverified_reference_source
f108cfd1e361b9b4c0d4,docyx_pc_part_dataset_2025_07_23,keyboard,Lite-On SB-9061,Lite-On,SB-9061,keyboard:lite-on:sb-9061,inferred_first_token,reference_only_needs_verification,needs_review,False,1,Black,False,Standard,full_size,,,,wireless,general;portable,portable,100.0,95.0,unverified_reference_source
bcd123d7cac2eec79530,docyx_pc_part_dataset_2025_07_23,keyboard,Penclic C2B,Penclic,C2B,keyboard:penclic:c2b,inferred_first_token,reference_only_needs_verification,needs_review,False,1,Black;Blue,False,Mini,tenkeyless,,,,wired,general;portable,portable,100.0,95.0,unverified_reference_source
e23053b3b116edbf979a,docyx_pc_part_dataset_2025_07_23,keyboard,Penclic C2W,Penclic,C2W,keyboard:penclic:c2w,inferred_first_token,reference_only_needs_verification,needs_review,False,1,Blue;White,False,Mini,tenkeyless,,,,wired,general;portable,portable,100.0,95.0,unverified_reference_source
9ad9c0382fea5aaab185,docyx_pc_part_dataset_2025_07_23,keyboard,Penclic K2B,Penclic,K2B,keyboard:penclic:k2b,inferred_first_token,reference_only_needs_verification,needs_review,False,1,Black;Red,False,Mini,tenkeyless,,,,wireless,general;portable,portable,100.0,95.0,unverified_reference_source
c4de144148862b6f5efd,docyx_pc_part_dataset_2025_07_23,keyboard,Perixx 10980,Perixx,10980,keyboard:perixx:10980,inferred_first_token,reference_only_needs_verification,needs_review,False,1,Black,False,Standard,full_size,,,,wireless,general;portable,portable,100.0,95.0,unverified_reference_source
702926f543a569a6dfa4,docyx_pc_part_dataset_2025_07_23,keyboard,Perixx 10991,Perixx,10991,keyboard:perixx:10991,inferred_first_token,reference_only_needs_verification,needs_review,False,1,Black,False,Mini,tenkeyless,,,,wireless,general;portable,portable,100.0,95.0,unverified_reference_source
9977aa3839ca5cb2df66,docyx_pc_part_dataset_2025_07_23,keyboard,Rii RK100,Rii,RK100,keyboard:rii:rk100,inferred_first_token,reference_only_needs_verification,needs_review,False,1,,False,Standard,full_size,,,single_colour,wired,general,productivity,100.0,95.0,unverified_reference_source
fafff4fdef0c3e68964e,docyx_pc_part_dataset_2025_07_23,keyboard,Rosewill RK-100,Rosewill,RK-100,keyboard:rosewill:rk-100,inferred_first_token,reference_only_needs_verification,needs_review,False,1,Black,False,Standard,full_size,,,,wired,general,productivity,100.0,95.0,unverified_reference_source
6333e93598f13622f46f,docyx_pc_part_dataset_2025_07_23,keyboard,Rosewill RK-101,Rosewill,RK-101,keyboard:rosewill:rk-101,inferred_first_token,reference_only_needs_verification,needs_review,False,1,Black,False,Standard,full_size,,,,wired,general,productivity,100.0,95.0,unverified_reference_source
60a6fd3bbf02d8dcb043,docyx_pc_part_dataset_2025_07_23,keyboard,Rosewill RK-200,Rosewill,RK-200,keyboard:rosewill:rk-200,inferred_first_token,reference_only_needs_verification,needs_review,False,1,Black,False,Standard,full_size,,,,wired,general,productivity,100.0,95.0,unverified_reference_source
403f8086852a013354f3,docyx_pc_part_dataset_2025_07_23,keyboard,Rosewill RK-201,Rosewill,RK-201,keyboard:rosewill:rk-201,inferred_first_token,reference_only_needs_verification,needs_review,False,1,Black,False,Standard,full_size,,,,wired,general,productivity,100.0,95.0,unverified_reference_source
c34d3096bdac2cdc280b,docyx_pc_part_dataset_2025_07_23,keyboard,Rosewill RK-7300,Rosewill,RK-7300,keyboard:rosewill:rk-7300,inferred_first_token,reference_only_needs_verification,needs_review,False,1,Black,False,Standard,full_size,,,,wired,general,productivity,100.0,95.0,unverified_reference_source
93401a5bc2347c12a822,docyx_pc_part_dataset_2025_07_23,keyboard,Rosewill RK-7310,Rosewill,RK-7310,keyboard:rosewill:rk-7310,inferred_first_token,reference_only_needs_verification,needs_review,False,1,Black,False,Standard,full_size,,,,wired,general,productivity,100.0,95.0,unverified_reference_source
a54f59f834b91d13ae19,docyx_pc_part_dataset_2025_07_23,keyboard,Rosewill RK500,Rosewill,RK500,keyboard:rosewill:rk500,inferred_first_token,reference_only_needs_verification,needs_review,False,1,Black;Silver,False,Standard,full_size,,,,wired,general,productivity,100.0,95.0,unverified_reference_source
e1b19fa0b81a4217f162,docyx_pc_part_dataset_2025_07_23,keyboard,SMK-Link VP3800,SMK-Link,VP3800,keyboard:smk-link:vp3800,inferred_first_token,reference_only_needs_verification,needs_review,False,1,Black,False,Standard,full_size,,,,wired,general,productivity,100.0,95.0,unverified_reference_source
3018769b8eeac9d5c5dd,docyx_pc_part_dataset_2025_07_23,keyboard,SMK-Link VP3810,SMK-Link,VP3810,keyboard:smk-link:vp3810,inferred_first_token,reference_only_needs_verification,needs_review,False,1,Black,False,Standard,full_size,,,,wired,general,productivity,100.0,95.0,unverified_reference_source
5c70cea909bb4639eb5a,docyx_pc_part_dataset_2025_07_23,keyboard,SMK-Link VP3827,SMK-Link,VP3827,keyboard:smk-link:vp3827,inferred_first_token,reference_only_needs_verification,needs_review,False,1,Black,False,Ergonomic,ergonomic,,,,wired,general;productivity;ergonomic,ergonomic,100.0,95.0,unverified_reference_source
b768c4caf0192dc74c3e,docyx_pc_part_dataset_2025_07_23,keyboard,SMK-Link VP6630,SMK-Link,VP6630,keyboard:smk-link:vp6630,inferred_first_token,reference_only_needs_verification,needs_review,False,1,Black,False,Slim,tenkeyless,,,,wireless;bluetooth,general;portable,portable,100.0,95.0,unverified_reference_source
47f9fde9661e9d9ecacb,docyx_pc_part_dataset_2025_07_23,keyboard,SolidTek 138 0160,SolidTek,138 0160,keyboard:solidtek:138-0160,inferred_first_token,reference_only_needs_verification,needs_review,False,1,White,False,Mini,compact,,,,wired,general;portable,portable,100.0,95.0,unverified_reference_source
f42624092c312b660065,docyx_pc_part_dataset_2025_07_23,keyboard,SolidTek 138 0245,SolidTek,138 0245,keyboard:solidtek:138-0245,inferred_first_token,reference_only_needs_verification,needs_review,False,1,Black,False,Mini,compact,,,,wired,general;portable,portable,100.0,95.0,unverified_reference_source
64f658cd78422f0c1cf9,docyx_pc_part_dataset_2025_07_23,keyboard,SolidTek 138 0383,SolidTek,138 0383,keyboard:solidtek:138-0383,inferred_first_token,reference_only_needs_verification,needs_review,False,1,Black,False,Standard,full_size,,,,wired,general,productivity,100.0,95.0,unverified_reference_source
f8b826cf063eee865206,docyx_pc_part_dataset_2025_07_23,keyboard,SolidTek 138 0402,SolidTek,138 0402,keyboard:solidtek:138-0402,inferred_first_token,reference_only_needs_verification,needs_review,False,1,Black;Silver,False,Mini,compact,,,,wired,general;portable,portable,100.0,95.0,unverified_reference_source
28b686155d70beeaa105,docyx_pc_part_dataset_2025_07_23,keyboard,SolidTek 3920BU,SolidTek,3920BU,keyboard:solidtek:3920bu,inferred_first_token,reference_only_needs_verification,needs_review,False,1,Black,False,Mini,compact,,,,wired,general;portable,portable,100.0,95.0,unverified_reference_source
8536eadf4e12ed5292d5,docyx_pc_part_dataset_2025_07_23,keyboard,SolidTek KB-6600,SolidTek,KB-6600,keyboard:solidtek:kb-6600,inferred_first_token,reference_only_needs_verification,needs_review,False,1,Black,False,Standard,full_size,,,,wired,general,productivity,100.0,95.0,unverified_reference_source
5a92c15bada75a397368,docyx_pc_part_dataset_2025_07_23,keyboard,Targus KB55,Targus,KB55,keyboard:targus:kb55,inferred_first_token,reference_only_needs_verification,needs_review,False,1,Black,False,Slim,tenkeyless,,,,wireless;bluetooth,general;portable,portable,100.0,95.0,unverified_reference_source
49c0f9a6e5b6d3e3aeb6,docyx_pc_part_dataset_2025_07_23,keyboard,Unitech KP3700,Unitech,KP3700,keyboard:unitech:kp3700,inferred_first_token,reference_only_needs_verification,needs_review,False,1,Black;Gray,False,Standard,full_size,,,,wired,general,productivity,100.0,95.0,unverified_reference_source
8647d584b19b68704ce9,docyx_pc_part_dataset_2025_07_23,keyboard,Zalman K300M,Zalman,K300M,keyboard:zalman:k300m,inferred_first_token,reference_only_needs_verification,needs_review,False,1,Black,False,Standard,full_size,,,,wired,general,productivity,100.0,95.0,unverified_reference_source
d5b1eb86003c64d5a933,docyx_pc_part_dataset_2025_07_23,keyboard,Zalman K350M,Zalman,K350M,keyboard:zalman:k350m,inferred_first_token,reference_only_needs_verification,needs_review,False,1,Black,False,Standard,full_size,,,,wired,general,productivity,100.0,95.0,unverified_reference_source
fb14c681d71c0e172ca4,docyx_pc_part_dataset_2025_07_23,keyboard,Corsair K65 PRO MINI,Corsair,K65 PRO MINI,keyboard:corsair:k65-pro-mini,curated_alias,reference_only_needs_verification,needs_review,False,1,Black,True,Gaming,tenkeyless,mechanical,Corsair OPX,rgb,,general;gaming;portable,gaming,65.0,92.0,missing_connectivity;unverified_reference_source
be694b4d7986fd22da08,docyx_pc_part_dataset_2025_07_23,keyboard,HP HyperX Alloy Origins 60,HyperX,Alloy Origins 60,keyboard:hyperx:alloy-origins-60,curated_alias,reference_only_needs_verification,needs_review,False,1,Black,True,Gaming,tenkeyless,mechanical,HyperX Red,rgb,,general;gaming;portable,gaming,65.0,92.0,missing_connectivity;unverified_reference_source
a54849e1d26a4a223676,docyx_pc_part_dataset_2025_07_23,keyboard,Asus ROG Strix Scope II 96,ASUS,ROG Strix Scope II 96,keyboard:asus:rog-strix-scope-ii-96,curated_alias,reference_only_needs_verification,needs_review,False,2,Black,True,Gaming,,mechanical,ROG NX Snow,rgb,wired;wireless;bluetooth,general;gaming;portable,gaming,65.0,89.0,missing_keyboard_size;unverified_reference_source;identity_duplicates_collapsed
4bce58022e90692db20f,docyx_pc_part_dataset_2025_07_23,keyboard,Corsair K100 AIR Wireless,Corsair,K100 AIR Wireless,keyboard:corsair:k100-air-wireless,curated_alias,reference_only_needs_verification,needs_review,False,1,Black,True,Gaming,,mechanical,Cherry MX Ultra Low Profile Tactile,rgb,wired;wireless;bluetooth,general;gaming;portable,gaming,65.0,89.0,missing_keyboard_size;unverified_reference_source
90437e1abd30b5f6337b,docyx_pc_part_dataset_2025_07_23,keyboard,Corsair K100 RGB,Corsair,K100 RGB,keyboard:corsair:k100-rgb,curated_alias,reference_only_needs_verification,needs_review,False,3,Black;Gold,True,Gaming,,mechanical,Corsair OPX,rgb,wired,general;gaming,gaming,65.0,89.0,missing_keyboard_size;unverified_reference_source;identity_duplicates_collapsed
1c51848f1187642f62f7,docyx_pc_part_dataset_2025_07_23,keyboard,Corsair K60 RGB Pro SE,Corsair,K60 RGB Pro SE,keyboard:corsair:k60-rgb-pro-se,curated_alias,reference_only_needs_verification,needs_review,False,1,Black,True,Gaming,,mechanical,Cherry Viola,rgb,wired,general;gaming,gaming,65.0,89.0,missing_keyboard_size;unverified_reference_source
8fcc24c90735802520e6,docyx_pc_part_dataset_2025_07_23,keyboard,Corsair K70 CORE,Corsair,K70 CORE,keyboard:corsair:k70-core,curated_alias,reference_only_needs_verification,needs_review,False,13,Black;Gray,True,Gaming,,mechanical,Corsair MLX Red Linear,rgb,wired,general;gaming,gaming,65.0,89.0,missing_keyboard_size;unverified_reference_source;identity_duplicates_collapsed
70a8c5527fd1a09dda0e,docyx_pc_part_dataset_2025_07_23,keyboard,Corsair K70 CORE SE RGB w/Palmrest,Corsair,K70 CORE SE RGB w/Palmrest,keyboard:corsair:k70-core-se-rgb-w-palmrest,curated_alias,reference_only_needs_verification,needs_review,False,2,Gray;White,True,Gaming,,mechanical,Corsair MLX Red Linear,rgb,wired,general;gaming,gaming,65.0,89.0,missing_keyboard_size;unverified_reference_source;identity_duplicates_collapsed
b8f16188f2f27e4bf7cf,docyx_pc_part_dataset_2025_07_23,keyboard,Corsair K70 CORE w/Palmrest,Corsair,K70 CORE w/Palmrest,keyboard:corsair:k70-core-w-palmrest,curated_alias,reference_only_needs_verification,needs_review,False,4,Black,True,Gaming,,mechanical,Corsair MLX Red Linear,rgb,wired,general;gaming,gaming,65.0,89.0,missing_keyboard_size;unverified_reference_source;identity_duplicates_collapsed
b91dd94f7224f9184ae7,docyx_pc_part_dataset_2025_07_23,keyboard,Corsair K70 MAX RGB US,Corsair,K70 MAX RGB US,keyboard:corsair:k70-max-rgb-us,curated_alias,reference_only_needs_verification,needs_review,False,1,Black,True,Gaming,,mechanical,Corsair MGX Steel Grey,rgb,wired,general;gaming,gaming,65.0,89.0,missing_keyboard_size;unverified_reference_source
4e9db977a6c3fba1bdc1,docyx_pc_part_dataset_2025_07_23,keyboard,Corsair K70 RGB MK.2,Corsair,K70 RGB MK.2,keyboard:corsair:k70-rgb-mk-2,curated_alias,reference_only_needs_verification,needs_review,False,5,Black,True,Gaming,,mechanical,Cherry MX Brown,rgb,wired,general;gaming,gaming,65.0,89.0,missing_keyboard_size;unverified_reference_source;identity_duplicates_collapsed
0ded643592da2b97e3b2,docyx_pc_part_dataset_2025_07_23,keyboard,Corsair K70 RGB PRO,Corsair,K70 RGB PRO,keyboard:corsair:k70-rgb-pro,curated_alias,reference_only_needs_verification,needs_review,False,9,Black;White,True,Gaming,,mechanical,Cherry MX Red,rgb,wired,general;gaming,gaming,65.0,89.0,missing_keyboard_size;unverified_reference_source;identity_duplicates_collapsed
fea8166a854ebfc8483d,docyx_pc_part_dataset_2025_07_23,keyboard,Ducky ONE 3,Ducky,ONE 3,keyboard:ducky:one-3,curated_alias,reference_only_needs_verification,needs_review,False,22,Black;Blue;Gray;White,True,Gaming,,mechanical,Cherry MX Red RGB,rgb,wired,general;gaming,gaming,65.0,89.0,missing_keyboard_size;unverified_reference_source;identity_duplicates_collapsed
71637402b6f59ff59807,docyx_pc_part_dataset_2025_07_23,keyboard,Ducky ONE 3 AURA,Ducky,ONE 3 AURA,keyboard:ducky:one-3-aura,curated_alias,reference_only_needs_verification,needs_review,False,5,Black,True,Gaming,,mechanical,Cherry MX Brown RGB,rgb,wired,general;gaming,gaming,65.0,89.0,missing_keyboard_size;unverified_reference_source;identity_duplicates_collapsed
ab395de46c3ff1b8dea3,docyx_pc_part_dataset_2025_07_23,keyboard,HP HyperX Alloy Origins,HyperX,Alloy Origins,keyboard:hyperx:alloy-origins,curated_alias,reference_only_needs_verification,needs_review,False,4,Black,True,Gaming,,mechanical,HyperX Red,rgb,wired,general;gaming,gaming,65.0,89.0,missing_keyboard_size;unverified_reference_source;identity_duplicates_collapsed
4b9fdaf346c8d0665f1c,docyx_pc_part_dataset_2025_07_23,keyboard,HP HyperX Alloy Rise,HyperX,Alloy Rise,keyboard:hyperx:alloy-rise,curated_alias,reference_only_needs_verification,needs_review,False,1,Black,True,Gaming,,mechanical,HyperX Red,rgb,wired,general;gaming,gaming,65.0,89.0,missing_keyboard_size;unverified_reference_source
4d9799b9b295a779fc09,docyx_pc_part_dataset_2025_07_23,keyboard,Keychron K5 QMK V2,Keychron,K5 QMK V2,keyboard:keychron:k5-qmk-v2,curated_alias,reference_only_needs_verification,needs_review,False,9,Black;Gray,True,Gaming,,mechanical,Keychron Brown Low Profile MX 2.0,single_colour,wired;wireless;bluetooth,general;gaming;portable,gaming,65.0,89.0,missing_keyboard_size;unverified_reference_source;identity_duplicates_collapsed
3f7496e1b62b60d488a5,docyx_pc_part_dataset_2025_07_23,keyboard,Keychron Q6 Pro,Keychron,Q6 Pro,keyboard:keychron:q6-pro,curated_alias,reference_only_needs_verification,needs_review,False,9,Black;Blue;Gray;Purple;Red;White,True,Gaming,,mechanical,Keychron K Pro Brown,rgb,wired;wireless;bluetooth,general;gaming;portable,gaming,65.0,89.0,missing_keyboard_size;unverified_reference_source;identity_duplicates_collapsed
4f9cfc0bad305c5a03f6,docyx_pc_part_dataset_2025_07_23,keyboard,Logitech G512 CARBON,Logitech,G512 CARBON,keyboard:logitech:g512-carbon,curated_alias,reference_only_needs_verification,needs_review,False,5,Black,True,Gaming,,mechanical,GX Brown,rgb,wired,general;gaming,gaming,65.0,89.0,missing_keyboard_size;unverified_reference_source;identity_duplicates_collapsed
8b90e06b7ea4ff666da1,docyx_pc_part_dataset_2025_07_23,keyboard,Logitech G513 Carbon,Logitech,G513 Carbon,keyboard:logitech:g513-carbon,curated_alias,reference_only_needs_verification,needs_review,False,5,Black,True,Gaming,,mechanical,GX Brown,rgb,wired,general;gaming,gaming,65.0,89.0,missing_keyboard_size;unverified_reference_source;identity_duplicates_collapsed
1d3d4ab3dc504c014652,docyx_pc_part_dataset_2025_07_23,keyboard,Logitech G710 Plus,Logitech,G710 Plus,keyboard:logitech:g710-plus,curated_alias,reference_only_needs_verification,needs_review,False,1,Black,True,Gaming,,mechanical,Cherry MX Brown,single_colour,wired,general;gaming,gaming,65.0,89.0,missing_keyboard_size;unverified_reference_source
0bd39986e01122ed7755,docyx_pc_part_dataset_2025_07_23,keyboard,Logitech G815 Lightsync RGB,Logitech,G815 Lightsync RGB,keyboard:logitech:g815-lightsync-rgb,curated_alias,reference_only_needs_verification,needs_review,False,3,Black,True,Gaming,,mechanical,GL Clicky,rgb,wired,general;gaming,gaming,65.0,89.0,missing_keyboard_size;unverified_reference_source;identity_duplicates_collapsed
718c93a2fc6eeb93e049,docyx_pc_part_dataset_2025_07_23,keyboard,Logitech G915 Lightspeed,Logitech,G915 Lightspeed,keyboard:logitech:g915-lightspeed,curated_alias,reference_only_needs_verification,needs_review,False,14,Black,True,Gaming,,mechanical,Logitech GL Clicky,rgb,wireless,general;gaming;portable,gaming,65.0,89.0,missing_keyboard_size;unverified_reference_source;identity_duplicates_collapsed
96fa5a35e8a9e6567041,docyx_pc_part_dataset_2025_07_23,keyboard,Logitech G915 X LIGHTSPEED,Logitech,G915 X LIGHTSPEED,keyboard:logitech:g915-x-lightspeed,curated_alias,reference_only_needs_verification,needs_review,False,23,Black;Silver;White,True,Gaming,,mechanical,Logitech Low-Profile GL Tactile,rgb,wired;wireless;bluetooth,general;gaming;portable,gaming,65.0,89.0,missing_keyboard_size;unverified_reference_source;identity_duplicates_collapsed
6b07021dac128303b01a,docyx_pc_part_dataset_2025_07_23,keyboard,Logitech MX Mechanical,Logitech,MX Mechanical,keyboard:logitech:mx-mechanical,curated_alias,reference_only_needs_verification,needs_review,False,12,Black;Gray,True,Slim,,mechanical,Kailh Choc V2 Brown,single_colour,wireless,general;portable,portable,65.0,89.0,missing_keyboard_size;unverified_reference_source;identity_duplicates_collapsed
526bb6beaa2a0bd24aa6,docyx_pc_part_dataset_2025_07_23,keyboard,Razer BlackWidow Chroma,Razer,BlackWidow Chroma,keyboard:razer:blackwidow-chroma,curated_alias,reference_only_needs_verification,needs_review,False,1,Black,True,Gaming,,mechanical,Razer Green,rgb,wired,general;gaming,gaming,65.0,89.0,missing_keyboard_size;unverified_reference_source
b4872ccf06397a05d89f,docyx_pc_part_dataset_2025_07_23,keyboard,Razer BlackWidow V4,Razer,BlackWidow V4,keyboard:razer:blackwidow-v4,curated_alias,reference_only_needs_verification,needs_review,False,2,Black,True,Gaming,,mechanical,Razer Green,rgb,wired,general;gaming,gaming,65.0,89.0,missing_keyboard_size;unverified_reference_source;identity_duplicates_collapsed
98c61469f85251e107f6,docyx_pc_part_dataset_2025_07_23,keyboard,Razer BlackWidow V4 Pro,Razer,BlackWidow V4 Pro,keyboard:razer:blackwidow-v4-pro,curated_alias,reference_only_needs_verification,needs_review,False,10,Black,True,Gaming,,mechanical,Razer Green,rgb,wired,general;gaming,gaming,65.0,89.0,missing_keyboard_size;unverified_reference_source;identity_duplicates_collapsed
b965fc15f0b551cac670,docyx_pc_part_dataset_2025_07_23,keyboard,Razer BlackWidow V4 X,Razer,BlackWidow V4 X,keyboard:razer:blackwidow-v4-x,curated_alias,reference_only_needs_verification,needs_review,False,2,Black,True,Gaming,,mechanical,Razer Green,rgb,wired,general;gaming,gaming,65.0,89.0,missing_keyboard_size;unverified_reference_source;identity_duplicates_collapsed
c9494730e1a52b7eccbd,docyx_pc_part_dataset_2025_07_23,keyboard,Razer Blackwidow Ultimate 2013,Razer,Blackwidow Ultimate 2013,keyboard:razer:blackwidow-ultimate-2013,curated_alias,reference_only_needs_verification,needs_review,False,1,Black,True,Gaming,,mechanical,Cherry MX Blue,single_colour,wired,general;gaming,gaming,65.0,89.0,missing_keyboard_size;unverified_reference_source
3a69d3548d8e1ba85895,docyx_pc_part_dataset_2025_07_23,keyboard,Razer Blackwidow Ultimate 2014,Razer,Blackwidow Ultimate 2014,keyboard:razer:blackwidow-ultimate-2014,curated_alias,reference_only_needs_verification,needs_review,False,1,Black,True,Gaming,,mechanical,Razer Green,single_colour,wired,general;gaming,gaming,65.0,89.0,missing_keyboard_size;unverified_reference_source
2af9a98473637fb99834,docyx_pc_part_dataset_2025_07_23,keyboard,Razer Blackwidow V3 - Quartz,Razer,Blackwidow V3 - Quartz,keyboard:razer:blackwidow-v3-quartz,curated_alias,reference_only_needs_verification,needs_review,False,1,Pink,True,Gaming,,mechanical,Razer Green,rgb,wired,general;gaming,gaming,65.0,89.0,missing_keyboard_size;unverified_reference_source
219be61a3b084b51dffc,docyx_pc_part_dataset_2025_07_23,keyboard,Razer DeathStalker V2,Razer,DeathStalker V2,keyboard:razer:deathstalker-v2,curated_alias,reference_only_needs_verification,needs_review,False,2,Black,True,Gaming,,optical,Razer Red Low-Profile Optical Linear,rgb,wired,general;gaming,gaming,65.0,89.0,missing_keyboard_size;unverified_reference_source;identity_duplicates_collapsed
b3d0435111e299823006,docyx_pc_part_dataset_2025_07_23,keyboard,Razer Huntsman V2 Analog,Razer,Huntsman V2 Analog,keyboard:razer:huntsman-v2-analog,curated_alias,reference_only_needs_verification,needs_review,False,1,Black,True,Gaming,,optical,Razer Analog Optical,rgb,wired,general;gaming,gaming,65.0,89.0,missing_keyboard_size;unverified_reference_source
77478f5946c8695704f8,docyx_pc_part_dataset_2025_07_23,keyboard,Redragon DEVARAIAS K556 RGB,Redragon,DEVARAIAS K556 RGB,keyboard:redragon:devaraias-k556-rgb,curated_alias,reference_only_needs_verification,needs_review,False,1,Black,True,Gaming,,mechanical,Outemu Brown,rgb,wired,general;gaming,gaming,65.0,89.0,missing_keyboard_size;unverified_reference_source
2c9adc8d7b847c3e257e,docyx_pc_part_dataset_2025_07_23,keyboard,Redragon K582 SURARA,Redragon,K582 SURARA,keyboard:redragon:k582-surara,curated_alias,reference_only_needs_verification,needs_review,False,1,Black,True,Gaming,,mechanical,Outemu Red,rgb,wired,general;gaming,gaming,65.0,89.0,missing_keyboard_size;unverified_reference_source
2d21edebc8abd1bd2fe7,docyx_pc_part_dataset_2025_07_23,keyboard,Redragon K585 DITI,Redragon,K585 DITI,keyboard:redragon:k585-diti,curated_alias,reference_only_needs_verification,needs_review,False,1,Black,True,Gaming,,mechanical,Outemu Blue,rgb,wired,general;gaming,gaming,65.0,89.0,missing_keyboard_size;unverified_reference_source
da819681f94b18eb7e9f,docyx_pc_part_dataset_2025_07_23,keyboard,SteelSeries Apex 7,SteelSeries,Apex 7,keyboard:steelseries:apex-7,curated_alias,reference_only_needs_verification,needs_review,False,3,Black,True,Gaming,,mechanical,SteelSeries QX2 Red,rgb,wired,general;gaming,gaming,65.0,89.0,missing_keyboard_size;unverified_reference_source;identity_duplicates_collapsed
7eed5fa153426f3a0f48,docyx_pc_part_dataset_2025_07_23,keyboard,SteelSeries Apex Pro,SteelSeries,Apex Pro,keyboard:steelseries:apex-pro,curated_alias,reference_only_needs_verification,needs_review,False,1,Black,True,Gaming,,mechanical,OmniPoint Adjustable,rgb,wired,general;gaming,gaming,65.0,89.0,missing_keyboard_size;unverified_reference_source
d8153cbc9b9a38562da1,docyx_pc_part_dataset_2025_07_23,keyboard,Asus TUF Gaming K1,ASUS,TUF Gaming K1,keyboard:asus:tuf-gaming-k1,curated_alias,reference_only_needs_verification,needs_review,False,1,Black,True,Gaming,,,,rgb,wired,general;gaming,gaming,65.0,85.0,missing_keyboard_size;unverified_reference_source
7dfc69eee9a706d8b960,docyx_pc_part_dataset_2025_07_23,keyboard,Cooler Master CM Storm Devastator Gaming Bundle,Cooler Master,CM Storm Devastator Gaming Bundle,keyboard:cooler-master:cm-storm-devastator-gaming-bundle,curated_alias,reference_only_needs_verification,needs_review,False,3,Black,True,Gaming,,,,single_colour,wired,general;gaming,gaming,65.0,85.0,missing_keyboard_size;unverified_reference_source;identity_duplicates_collapsed
959a6ff33f18ac00145c,docyx_pc_part_dataset_2025_07_23,keyboard,Corsair K55 RGB PRO,Corsair,K55 RGB PRO,keyboard:corsair:k55-rgb-pro,curated_alias,reference_only_needs_verification,needs_review,False,1,Black,True,Gaming,,,,single_colour,wired,general;gaming,gaming,65.0,85.0,missing_keyboard_size;unverified_reference_source
6c7a1ccc6b8851c05562,docyx_pc_part_dataset_2025_07_23,keyboard,Corsair K55 RGB PRO XT,Corsair,K55 RGB PRO XT,keyboard:corsair:k55-rgb-pro-xt,curated_alias,reference_only_needs_verification,needs_review,False,1,Black,True,Gaming,,,,rgb,wired,general;gaming,gaming,65.0,85.0,missing_keyboard_size;unverified_reference_source
91bdec958ab9220b1f53,docyx_pc_part_dataset_2025_07_23,keyboard,HP HyperX Alloy Core,HyperX,Alloy Core,keyboard:hyperx:alloy-core,curated_alias,reference_only_needs_verification,needs_review,False,2,Black,True,Gaming,,,,rgb,wired,general;gaming,gaming,65.0,85.0,missing_keyboard_size;unverified_reference_source;identity_duplicates_collapsed
9f4e9a36a41d8691e9a5,docyx_pc_part_dataset_2025_07_23,keyboard,Logitech G213 PRODIGY,Logitech,G213 PRODIGY,keyboard:logitech:g213-prodigy,curated_alias,reference_only_needs_verification,needs_review,False,1,Black,True,Gaming,,,,rgb,wired,general;gaming,gaming,65.0,85.0,missing_keyboard_size;unverified_reference_source
5eed7a3ba5954ff2db28,docyx_pc_part_dataset_2025_07_23,keyboard,Logitech MX Keys Advanced,Logitech,MX Keys Advanced,keyboard:logitech:mx-keys-advanced,curated_alias,reference_only_needs_verification,needs_review,False,1,Black,True,Slim,,,,single_colour,wireless,general;portable,portable,65.0,85.0,missing_keyboard_size;unverified_reference_source
dc6ebf6e0c9b6dd80780,docyx_pc_part_dataset_2025_07_23,keyboard,Logitech MX Keys Gen 2,Logitech,MX Keys Gen 2,keyboard:logitech:mx-keys-gen-2,curated_alias,reference_only_needs_verification,needs_review,False,1,,True,Slim,,,,,wired;wireless;bluetooth,general;portable,portable,65.0,85.0,missing_keyboard_size;unverified_reference_source
0b046435e1a5f6b50a0d,docyx_pc_part_dataset_2025_07_23,keyboard,Logitech Y-UY95,Logitech,Y-UY95,keyboard:logitech:y-uy95,curated_alias,reference_only_needs_verification,needs_review,False,1,Black,True,Gaming,,,,,wired,general;gaming,gaming,65.0,85.0,missing_keyboard_size;unverified_reference_source
79d7d6f1fa4599ed2f51,docyx_pc_part_dataset_2025_07_23,keyboard,Razer Cynosa V2,Razer,Cynosa V2,keyboard:razer:cynosa-v2,curated_alias,reference_only_needs_verification,needs_review,False,1,Black,True,Gaming,,,,rgb,wired,general;gaming,gaming,65.0,85.0,missing_keyboard_size;unverified_reference_source
ca6d86b0972e65be425c,docyx_pc_part_dataset_2025_07_23,keyboard,Razer DeathStalker,Razer,DeathStalker,keyboard:razer:deathstalker,curated_alias,reference_only_needs_verification,needs_review,False,1,Black,True,Gaming,,,,single_colour,wired,general;gaming,gaming,65.0,85.0,missing_keyboard_size;unverified_reference_source
ba7576175d02d929fd37,docyx_pc_part_dataset_2025_07_23,keyboard,Razer Ornata Chroma,Razer,Ornata Chroma,keyboard:razer:ornata-chroma,curated_alias,reference_only_needs_verification,needs_review,False,1,Black,True,Gaming,,,,rgb,wired,general;gaming,gaming,65.0,85.0,missing_keyboard_size;unverified_reference_source
d4d70c7ef9b411c05a59,docyx_pc_part_dataset_2025_07_23,keyboard,Razer Ornata V3 X,Razer,Ornata V3 X,keyboard:razer:ornata-v3-x,curated_alias,reference_only_needs_verification,needs_review,False,2,Black,True,Gaming,,,,rgb,wired,general;gaming,gaming,65.0,85.0,missing_keyboard_size;unverified_reference_source;identity_duplicates_collapsed
61e5354c1cc695171013,docyx_pc_part_dataset_2025_07_23,keyboard,Redragon K512 SHIVA RGB,Redragon,K512 SHIVA RGB,keyboard:redragon:k512-shiva-rgb,curated_alias,reference_only_needs_verification,needs_review,False,1,Black,True,Gaming,,,,rgb,wired,general;gaming,gaming,65.0,85.0,missing_keyboard_size;unverified_reference_source
38695f2431783404622e,docyx_pc_part_dataset_2025_07_23,keyboard,SteelSeries Apex 100,SteelSeries,Apex 100,keyboard:steelseries:apex-100,curated_alias,reference_only_needs_verification,needs_review,False,1,Black,True,Gaming,,,,single_colour,wired,general;gaming,gaming,65.0,85.0,missing_keyboard_size;unverified_reference_source
94b49c4c0b7c7511716c,docyx_pc_part_dataset_2025_07_23,keyboard,SteelSeries Apex 3 (2020),SteelSeries,Apex 3 (2020),keyboard:steelseries:apex-3-2020,curated_alias,reference_only_needs_verification,needs_review,False,8,Black,True,Gaming,,,,rgb,wired,general;gaming,gaming,65.0,85.0,missing_keyboard_size;unverified_reference_source;identity_duplicates_collapsed
3cb075641760cfa87bcf,docyx_pc_part_dataset_2025_07_23,keyboard,SteelSeries Apex 5,SteelSeries,Apex 5,keyboard:steelseries:apex-5,curated_alias,reference_only_needs_verification,needs_review,False,1,Black,True,Gaming,,,,rgb,wired,general;gaming,gaming,65.0,85.0,missing_keyboard_size;unverified_reference_source
2167c907b74f57571c6c,docyx_pc_part_dataset_2025_07_23,keyboard,Asus ROG CLAYMORE II,ASUS,ROG CLAYMORE II,keyboard:asus:rog-claymore-ii,curated_alias,reference_only_needs_verification,needs_review,False,2,Black,False,Gaming,,optical,ROG RX Red Optical,rgb,wireless,general;gaming;portable,gaming,65.0,84.0,missing_keyboard_size;unverified_reference_source;identity_duplicates_collapsed
79955b421242a2862466,docyx_pc_part_dataset_2025_07_23,keyboard,Asus ROG Claymore,ASUS,ROG Claymore,keyboard:asus:rog-claymore,curated_alias,reference_only_needs_verification,needs_review,False,2,Black,False,Gaming,,mechanical,Cherry MX Red,rgb,wired,general;gaming,gaming,65.0,84.0,missing_keyboard_size;unverified_reference_source;identity_duplicates_collapsed
d7333f9b214aa2396a4a,docyx_pc_part_dataset_2025_07_23,keyboard,Asus ROG Horus GK2000 RGB UK,ASUS,ROG Horus GK2000 RGB UK,keyboard:asus:rog-horus-gk2000-rgb-uk,curated_alias,reference_only_needs_verification,needs_review,False,1,,False,Gaming,,mechanical,Cherry MX Red,rgb,wired,general;gaming,gaming,65.0,84.0,missing_keyboard_size;unverified_reference_source
916ece63ec08f300aa34,docyx_pc_part_dataset_2025_07_23,keyboard,Asus ROG Strix Flare,ASUS,ROG Strix Flare,keyboard:asus:rog-strix-flare,curated_alias,reference_only_needs_verification,needs_review,False,1,Black,False,Gaming,,mechanical,Cherry MX Blue,rgb,wired,general;gaming,gaming,65.0,84.0,missing_keyboard_size;unverified_reference_source
fd149cc19ecc1399fd68,docyx_pc_part_dataset_2025_07_23,keyboard,Asus ROG Strix Flare (Cherry MX Brown),ASUS,ROG Strix Flare (Cherry MX Brown),keyboard:asus:rog-strix-flare-cherry-mx-brown,curated_alias,reference_only_needs_verification,needs_review,False,1,Black,False,Gaming,,mechanical,Cherry MX Brown,rgb,wired,general;gaming,gaming,65.0,84.0,missing_keyboard_size;unverified_reference_source
751582dd38e0dc1b0dff,docyx_pc_part_dataset_2025_07_23,keyboard,Asus ROG Strix Flare (Cherry MX Red),ASUS,ROG Strix Flare (Cherry MX Red),keyboard:asus:rog-strix-flare-cherry-mx-red,curated_alias,reference_only_needs_verification,needs_review,False,1,Black,False,Gaming,,mechanical,Cherry MX Red,rgb,wired,general;gaming,gaming,65.0,84.0,missing_keyboard_size;unverified_reference_source
ccbc9d373ac0dda88a74,docyx_pc_part_dataset_2025_07_23,keyboard,Asus ROG Strix Flare II,ASUS,ROG Strix Flare II,keyboard:asus:rog-strix-flare-ii,curated_alias,reference_only_needs_verification,needs_review,False,3,Black,False,Gaming,,mechanical,ROG NX Red,rgb,wired,general;gaming,gaming,65.0,84.0,missing_keyboard_size;unverified_reference_source;identity_duplicates_collapsed
533cbbee20208d806b34,docyx_pc_part_dataset_2025_07_23,keyboard,Asus ROG Strix Flare II Animate,ASUS,ROG Strix Flare II Animate,keyboard:asus:rog-strix-flare-ii-animate,curated_alias,reference_only_needs_verification,needs_review,False,2,Black,False,Gaming,,mechanical,ROG NX Red,rgb,wired,general;gaming,gaming,65.0,84.0,missing_keyboard_size;unverified_reference_source;identity_duplicates_collapsed
197a35380cac3b7f0a74,docyx_pc_part_dataset_2025_07_23,keyboard,Asus ROG Strix Flare PNK LTD,ASUS,ROG Strix Flare PNK LTD,keyboard:asus:rog-strix-flare-pnk-ltd,curated_alias,reference_only_needs_verification,needs_review,False,3,Pink;White,False,Gaming,,mechanical,Cherry MX Red,rgb,wired,general;gaming,gaming,65.0,84.0,missing_keyboard_size;unverified_reference_source;identity_duplicates_collapsed
5cc42f60ba9cd1e8d0f8,docyx_pc_part_dataset_2025_07_23,keyboard,Asus ROG Strix Scope RX EVA Edition,ASUS,ROG Strix Scope RX EVA Edition,keyboard:asus:rog-strix-scope-rx-eva-edition,curated_alias,reference_only_needs_verification,needs_review,False,2,Green;Purple,False,Gaming,,optical,ROG RX Blue Optical,rgb,wired,general;gaming,gaming,65.0,84.0,missing_keyboard_size;unverified_reference_source;identity_duplicates_collapsed
aedb5999ef0d3dfed19f,docyx_pc_part_dataset_2025_07_23,keyboard,Asus ROG Strix Scope RX EVA-02 Edition,ASUS,ROG Strix Scope RX EVA-02 Edition,keyboard:asus:rog-strix-scope-rx-eva-02-edition,curated_alias,reference_only_needs_verification,needs_review,False,2,Black;Red,False,Gaming,,optical,ROG RX Red Optical,rgb,wired,general;gaming,gaming,65.0,84.0,missing_keyboard_size;unverified_reference_source;identity_duplicates_collapsed
22adcdef3b024e339c23,docyx_pc_part_dataset_2025_07_23,keyboard,Asus STRIX TACTIC PRO,ASUS,STRIX TACTIC PRO,keyboard:asus:strix-tactic-pro,curated_alias,reference_only_needs_verification,needs_review,False,1,Black,False,Gaming,,mechanical,Cherry MX Brown,single_colour,wired,general;gaming,gaming,65.0,84.0,missing_keyboard_size;unverified_reference_source
8dcd4589c8cdd8f5b92e,docyx_pc_part_dataset_2025_07_23,keyboard,Asus TUF Gaming K3,ASUS,TUF Gaming K3,keyboard:asus:tuf-gaming-k3,curated_alias,reference_only_needs_verification,needs_review,False,3,Black;Gunmetal,False,Gaming,,mechanical,Kailh Red,rgb,wired,general;gaming,gaming,65.0,84.0,missing_keyboard_size;unverified_reference_source;identity_duplicates_collapsed
3aeefac6e75c1110c6b6,docyx_pc_part_dataset_2025_07_23,keyboard,Asus TUF Gaming K7,ASUS,TUF Gaming K7,keyboard:asus:tuf-gaming-k7,curated_alias,reference_only_needs_verification,needs_review,False,2,Black,False,Gaming,,optical,Optical-mech Tactile,rgb,wired,general;gaming,gaming,65.0,84.0,missing_keyboard_size;unverified_reference_source;identity_duplicates_collapsed
c474caddeaa5c7e1c47b,docyx_pc_part_dataset_2025_07_23,keyboard,Cooler Master CK550 V2,Cooler Master,CK550 V2,keyboard:cooler-master:ck550-v2,curated_alias,reference_only_needs_verification,needs_review,False,3,Black,False,Gaming,,mechanical,TTC Red,rgb,wired,general;gaming,gaming,65.0,84.0,missing_keyboard_size;unverified_reference_source;identity_duplicates_collapsed
5ec53f252ce8a4e8cca6,docyx_pc_part_dataset_2025_07_23,keyboard,Cooler Master CM Storm Quick Fire TK,Cooler Master,CM Storm Quick Fire TK,keyboard:cooler-master:cm-storm-quick-fire-tk,curated_alias,reference_only_needs_verification,needs_review,False,1,Black,False,Gaming,,mechanical,Cherry MX Red,single_colour,wired,general;gaming,gaming,65.0,84.0,missing_keyboard_size;unverified_reference_source
ba6c48473a83d6cf9a3f,docyx_pc_part_dataset_2025_07_23,keyboard,Cooler Master CM Storm QuickFire Ultimate,Cooler Master,CM Storm QuickFire Ultimate,keyboard:cooler-master:cm-storm-quickfire-ultimate,curated_alias,reference_only_needs_verification,needs_review,False,1,Black,False,Gaming,,mechanical,Cherry MX Brown,single_colour,wired,general;gaming,gaming,65.0,84.0,missing_keyboard_size;unverified_reference_source
595a57bc0257c8288001,docyx_pc_part_dataset_2025_07_23,keyboard,Cooler Master CM Storm QuickFire XT,Cooler Master,CM Storm QuickFire XT,keyboard:cooler-master:cm-storm-quickfire-xt,curated_alias,reference_only_needs_verification,needs_review,False,4,Black,False,Slim,,mechanical,Cherry MX Blue,,wired,general,productivity,65.0,84.0,missing_keyboard_size;unverified_reference_source;identity_duplicates_collapsed
9ec5a0a8749623c5d119,docyx_pc_part_dataset_2025_07_23,keyboard,Cooler Master CM Storm Trigger,Cooler Master,CM Storm Trigger,keyboard:cooler-master:cm-storm-trigger,curated_alias,reference_only_needs_verification,needs_review,False,2,Black,False,Gaming,,mechanical,Cherry MX Blue,single_colour,wired,general;gaming,gaming,65.0,84.0,missing_keyboard_size;unverified_reference_source;identity_duplicates_collapsed
d4a0412810b97235e336,docyx_pc_part_dataset_2025_07_23,keyboard,Cooler Master CM Storm Trigger Z,Cooler Master,CM Storm Trigger Z,keyboard:cooler-master:cm-storm-trigger-z,curated_alias,reference_only_needs_verification,needs_review,False,1,Black,False,Gaming,,mechanical,Cherry MX Blue,single_colour,wired,general;gaming,gaming,65.0,84.0,missing_keyboard_size;unverified_reference_source
624a2b9a6aa7a04d6d9d,docyx_pc_part_dataset_2025_07_23,keyboard,Cooler Master MECH,Cooler Master,MECH,keyboard:cooler-master:mech,curated_alias,reference_only_needs_verification,needs_review,False,3,Black;Silver,False,Gaming,,mechanical,Cherry MX Blue,single_colour,wired,general;gaming,gaming,65.0,84.0,missing_keyboard_size;unverified_reference_source;identity_duplicates_collapsed
7bf974d55d2819e35061,docyx_pc_part_dataset_2025_07_23,keyboard,Cooler Master MK850 (UK),Cooler Master,MK850 (UK),keyboard:cooler-master:mk850-uk,curated_alias,reference_only_needs_verification,needs_review,False,1,Black,False,Gaming,,mechanical,Cherry MX Red,rgb,wired,general;gaming,gaming,65.0,84.0,missing_keyboard_size;unverified_reference_source
d13d181cb9fa38f501b3,docyx_pc_part_dataset_2025_07_23,keyboard,Cooler Master MasterKeys L,Cooler Master,MasterKeys L,keyboard:cooler-master:masterkeys-l,curated_alias,reference_only_needs_verification,needs_review,False,1,Black,False,Gaming,,mechanical,Cherry MX Blue,,wired,general;gaming,gaming,65.0,84.0,missing_keyboard_size;unverified_reference_source
736788dcaadf1c85a837,docyx_pc_part_dataset_2025_07_23,keyboard,Cooler Master MasterKeys L (MX Brown),Cooler Master,MasterKeys L (MX Brown),keyboard:cooler-master:masterkeys-l-mx-brown,curated_alias,reference_only_needs_verification,needs_review,False,1,Black,False,Gaming,,mechanical,Cherry MX Brown,,wired,general;gaming,gaming,65.0,84.0,missing_keyboard_size;unverified_reference_source
127a2d0d59580d60804c,docyx_pc_part_dataset_2025_07_23,keyboard,Cooler Master MasterKeys L (MX Green),Cooler Master,MasterKeys L (MX Green),keyboard:cooler-master:masterkeys-l-mx-green,curated_alias,reference_only_needs_verification,needs_review,False,1,Black,False,Gaming,,mechanical,Cherry MX Green,,wired,general;gaming,gaming,65.0,84.0,missing_keyboard_size;unverified_reference_source
cd63c793002c6b841d72,docyx_pc_part_dataset_2025_07_23,keyboard,Cooler Master MasterKeys L (MX Red),Cooler Master,MasterKeys L (MX Red),keyboard:cooler-master:masterkeys-l-mx-red,curated_alias,reference_only_needs_verification,needs_review,False,1,Black,False,Gaming,,mechanical,Cherry MX Red,,wired,general;gaming,gaming,65.0,84.0,missing_keyboard_size;unverified_reference_source
d51d33b8c5a8f59d05dc,docyx_pc_part_dataset_2025_07_23,keyboard,Cooler Master MasterKeys L (MX Speed Silver),Cooler Master,MasterKeys L (MX Speed Silver),keyboard:cooler-master:masterkeys-l-mx-speed-silver,curated_alias,reference_only_needs_verification,needs_review,False,1,Black,False,Gaming,,mechanical,Cherry MX Speed Silver,,wired,general;gaming,gaming,65.0,84.0,missing_keyboard_size;unverified_reference_source
0007357ad8e2a319f8de,docyx_pc_part_dataset_2025_07_23,keyboard,Cooler Master MasterKeys MK750 (MX Blue),Cooler Master,MasterKeys MK750 (MX Blue),keyboard:cooler-master:masterkeys-mk750-mx-blue,curated_alias,reference_only_needs_verification,needs_review,False,1,Black,False,Gaming,,mechanical,Cherry MX Blue,rgb,wired,general;gaming,gaming,65.0,84.0,missing_keyboard_size;unverified_reference_source
2f6be191d08bbb615ae8,docyx_pc_part_dataset_2025_07_23,keyboard,Cooler Master MasterKeys MK750 (MX Brown),Cooler Master,MasterKeys MK750 (MX Brown),keyboard:cooler-master:masterkeys-mk750-mx-brown,curated_alias,reference_only_needs_verification,needs_review,False,1,Black,False,Gaming,,mechanical,Cherry MX Brown,rgb,wired,general;gaming,gaming,65.0,84.0,missing_keyboard_size;unverified_reference_source
562e217fe15bb101f027,docyx_pc_part_dataset_2025_07_23,keyboard,Cooler Master MasterKeys MK750 (MX Red),Cooler Master,MasterKeys MK750 (MX Red),keyboard:cooler-master:masterkeys-mk750-mx-red,curated_alias,reference_only_needs_verification,needs_review,False,1,Black,False,Gaming,,mechanical,Cherry MX Red,rgb,wired,general;gaming,gaming,65.0,84.0,missing_keyboard_size;unverified_reference_source
6ac314e485af6d135490,docyx_pc_part_dataset_2025_07_23,keyboard,Cooler Master MasterKeys Pro M RGB,Cooler Master,MasterKeys Pro M RGB,keyboard:cooler-master:masterkeys-pro-m-rgb,curated_alias,reference_only_needs_verification,needs_review,False,4,Black,False,Gaming,,mechanical,Cherry MX Blue,,wired,general;gaming,gaming,65.0,84.0,missing_keyboard_size;unverified_reference_source;identity_duplicates_collapsed
eb5ee20fdcbf63d87405,docyx_pc_part_dataset_2025_07_23,keyboard,Cooler Master SK650 White Limited Edition,Cooler Master,SK650 White Limited Edition,keyboard:cooler-master:sk650-white-limited-edition,curated_alias,reference_only_needs_verification,needs_review,False,1,Silver;White,False,Gaming,,mechanical,Cherry MX RGB Low Profile,rgb,wired,general;gaming,gaming,65.0,84.0,missing_keyboard_size;unverified_reference_source
b8bb8bb35244480dd84e,docyx_pc_part_dataset_2025_07_23,keyboard,Cooler Master Storm Quick Fire Pro,Cooler Master,Storm Quick Fire Pro,keyboard:cooler-master:storm-quick-fire-pro,curated_alias,reference_only_needs_verification,needs_review,False,2,Black,False,Gaming,,mechanical,Cherry MX Brown,,wired,general;gaming,gaming,65.0,84.0,missing_keyboard_size;unverified_reference_source;identity_duplicates_collapsed
e0837c31436ec9a82c72,docyx_pc_part_dataset_2025_07_23,keyboard,Cooler Master Storm QuickFire Ultimate,Cooler Master,Storm QuickFire Ultimate,keyboard:cooler-master:storm-quickfire-ultimate,curated_alias,reference_only_needs_verification,needs_review,False,3,Black,False,Gaming,,mechanical,Cherry MX Blue,single_colour,wired,general;gaming,gaming,65.0,84.0,missing_keyboard_size;unverified_reference_source;identity_duplicates_collapsed
58e97dae596218abf867,docyx_pc_part_dataset_2025_07_23,keyboard,Cooler Master Storm Trigger,Cooler Master,Storm Trigger,keyboard:cooler-master:storm-trigger,curated_alias,reference_only_needs_verification,needs_review,False,2,Black;Gray,False,Gaming,,mechanical,Cherry MX Brown,single_colour,wired,general;gaming,gaming,65.0,84.0,missing_keyboard_size;unverified_reference_source;identity_duplicates_collapsed
368d771467c3c56666a1,docyx_pc_part_dataset_2025_07_23,keyboard,Corsair K68 RGB,Corsair,K68 RGB,keyboard:corsair:k68-rgb,curated_alias,reference_only_needs_verification,needs_review,False,2,Black,False,Gaming,,mechanical,Cherry MX Red,rgb,wired,general;gaming,gaming,65.0,84.0,missing_keyboard_size;unverified_reference_source;identity_duplicates_collapsed
e1bbc0849254509ced56,docyx_pc_part_dataset_2025_07_23,keyboard,Corsair K70 LUX,Corsair,K70 LUX,keyboard:corsair:k70-lux,curated_alias,reference_only_needs_verification,needs_review,False,1,Black,False,Gaming,,mechanical,Cherry MX Brown,single_colour,wired,general;gaming,gaming,65.0,84.0,missing_keyboard_size;unverified_reference_source
6f359a2c161599ff8907,docyx_pc_part_dataset_2025_07_23,keyboard,Corsair K70 LUX (MX Blue),Corsair,K70 LUX (MX Blue),keyboard:corsair:k70-lux-mx-blue,curated_alias,reference_only_needs_verification,needs_review,False,1,Black,False,Gaming,,mechanical,Cherry MX Blue,single_colour,wired,general;gaming,gaming,65.0,84.0,missing_keyboard_size;unverified_reference_source
95d451e8c09b8d6e0196,docyx_pc_part_dataset_2025_07_23,keyboard,Corsair K70 LUX (MX Red),Corsair,K70 LUX (MX Red),keyboard:corsair:k70-lux-mx-red,curated_alias,reference_only_needs_verification,needs_review,False,1,Black,False,Gaming,,mechanical,Cherry MX Red,single_colour,wired,general;gaming,gaming,65.0,84.0,missing_keyboard_size;unverified_reference_source
3dc7255a06deddc41974,docyx_pc_part_dataset_2025_07_23,keyboard,Corsair K70 LUX RGB,Corsair,K70 LUX RGB,keyboard:corsair:k70-lux-rgb,curated_alias,reference_only_needs_verification,needs_review,False,5,Black,False,Gaming,,mechanical,Cherry MX Brown,rgb,wired,general;gaming,gaming,65.0,84.0,missing_keyboard_size;unverified_reference_source;identity_duplicates_collapsed
a5bd7ae37e0dbb0af48e,docyx_pc_part_dataset_2025_07_23,keyboard,Corsair K70 MAX RGB DE,Corsair,K70 MAX RGB DE,keyboard:corsair:k70-max-rgb-de,curated_alias,reference_only_needs_verification,needs_review,False,1,Black,False,Gaming,,mechanical,Corsair MGX Steel Grey,rgb,wired,general;gaming,gaming,65.0,84.0,missing_keyboard_size;unverified_reference_source
69f812ef27064a5b5e37,docyx_pc_part_dataset_2025_07_23,keyboard,Corsair K70 MAX RGB FR,Corsair,K70 MAX RGB FR,keyboard:corsair:k70-max-rgb-fr,curated_alias,reference_only_needs_verification,needs_review,False,1,Black,False,Gaming,,mechanical,Corsair MGX Steel Grey,rgb,wired,general;gaming,gaming,65.0,84.0,missing_keyboard_size;unverified_reference_source
96b1223fa13fe94b93bd,docyx_pc_part_dataset_2025_07_23,keyboard,Corsair K70 MAX RGB JP,Corsair,K70 MAX RGB JP,keyboard:corsair:k70-max-rgb-jp,curated_alias,reference_only_needs_verification,needs_review,False,1,Black,False,Gaming,,mechanical,Corsair MGX Steel Grey,rgb,wired,general;gaming,gaming,65.0,84.0,missing_keyboard_size;unverified_reference_source
73759f1e58f817c4075d,docyx_pc_part_dataset_2025_07_23,keyboard,Corsair K70 MAX RGB ND,Corsair,K70 MAX RGB ND,keyboard:corsair:k70-max-rgb-nd,curated_alias,reference_only_needs_verification,needs_review,False,1,Black,False,Gaming,,mechanical,Corsair MGX Steel Grey,rgb,wired,general;gaming,gaming,65.0,84.0,missing_keyboard_size;unverified_reference_source
2427de59b861075d5b36,docyx_pc_part_dataset_2025_07_23,keyboard,Corsair K70 MAX RGB UK,Corsair,K70 MAX RGB UK,keyboard:corsair:k70-max-rgb-uk,curated_alias,reference_only_needs_verification,needs_review,False,1,Black,False,Gaming,,mechanical,Corsair MGX Steel Grey,rgb,wired,general;gaming,gaming,65.0,84.0,missing_keyboard_size;unverified_reference_source
3cce5d695a4c89cc80c6,docyx_pc_part_dataset_2025_07_23,keyboard,Corsair K70 RAPIDFIRE,Corsair,K70 RAPIDFIRE,keyboard:corsair:k70-rapidfire,curated_alias,reference_only_needs_verification,needs_review,False,1,Black,False,Gaming,,mechanical,Cherry MX Speed Silver,single_colour,wired,general;gaming,gaming,65.0,84.0,missing_keyboard_size;unverified_reference_source
32209138c4f32f7e2a07,docyx_pc_part_dataset_2025_07_23,keyboard,Corsair K70 RGB,Corsair,K70 RGB,keyboard:corsair:k70-rgb,curated_alias,reference_only_needs_verification,needs_review,False,6,Black,False,Gaming,,mechanical,Cherry MX Red,rgb,wired,general;gaming,gaming,65.0,84.0,missing_keyboard_size;unverified_reference_source;identity_duplicates_collapsed
ca54e1288f2527703531,docyx_pc_part_dataset_2025_07_23,keyboard,Corsair K70 RGB MK.2 SE,Corsair,K70 RGB MK.2 SE,keyboard:corsair:k70-rgb-mk-2-se,curated_alias,reference_only_needs_verification,needs_review,False,1,Silver;White,False,Gaming,,mechanical,Cherry MX Speed Silver,rgb,wired,general;gaming,gaming,65.0,84.0,missing_keyboard_size;unverified_reference_source
6c67c594f2c82648c828,docyx_pc_part_dataset_2025_07_23,keyboard,Corsair K70 RGB PRO UK,Corsair,K70 RGB PRO UK,keyboard:corsair:k70-rgb-pro-uk,curated_alias,reference_only_needs_verification,needs_review,False,3,Black,False,Gaming,,mechanical,Cherry MX Red,rgb,wired,general;gaming,gaming,65.0,84.0,missing_keyboard_size;unverified_reference_source;identity_duplicates_collapsed
5f7a4bb33c25ef9a7882,docyx_pc_part_dataset_2025_07_23,keyboard,Corsair K70 RGB RAPIDFIRE,Corsair,K70 RGB RAPIDFIRE,keyboard:corsair:k70-rgb-rapidfire,curated_alias,reference_only_needs_verification,needs_review,False,1,Black,False,Gaming,,mechanical,Cherry MX Speed Silver,rgb,wired,general;gaming,gaming,65.0,84.0,missing_keyboard_size;unverified_reference_source
e5beb8f59ff8ad891278,docyx_pc_part_dataset_2025_07_23,keyboard,Corsair K70 RGB UK,Corsair,K70 RGB UK,keyboard:corsair:k70-rgb-uk,curated_alias,reference_only_needs_verification,needs_review,False,2,Black,False,Gaming,,mechanical,Cherry MX Brown,rgb,wired,general;gaming,gaming,65.0,84.0,missing_keyboard_size;unverified_reference_source;identity_duplicates_collapsed
69d0129573590af63bce,docyx_pc_part_dataset_2025_07_23,keyboard,Corsair K95 RGB PLATINUM,Corsair,K95 RGB PLATINUM,keyboard:corsair:k95-rgb-platinum,curated_alias,reference_only_needs_verification,needs_review,False,3,Black;Gunmetal,False,Gaming,,mechanical,Cherry MX Speed Silver,rgb,wired,general;gaming,gaming,65.0,84.0,missing_keyboard_size;unverified_reference_source;identity_duplicates_collapsed
b6b486f69b5f3b5de2f0,docyx_pc_part_dataset_2025_07_23,keyboard,Corsair K95 RGB PLATINUM DE,Corsair,K95 RGB PLATINUM DE,keyboard:corsair:k95-rgb-platinum-de,curated_alias,reference_only_needs_verification,needs_review,False,2,Black,False,Gaming,,mechanical,Cherry MX Speed Silver,rgb,wired,general;gaming,gaming,65.0,84.0,missing_keyboard_size;unverified_reference_source;identity_duplicates_collapsed
47b7dd36ef77cd96f4bc,docyx_pc_part_dataset_2025_07_23,keyboard,Corsair K95 RGB PLATINUM ND,Corsair,K95 RGB PLATINUM ND,keyboard:corsair:k95-rgb-platinum-nd,curated_alias,reference_only_needs_verification,needs_review,False,2,Black,False,Gaming,,mechanical,Cherry MX Brown,rgb,wired,general;gaming,gaming,65.0,84.0,missing_keyboard_size;unverified_reference_source;identity_duplicates_collapsed
913fe66e5d0b63b90ed3,docyx_pc_part_dataset_2025_07_23,keyboard,Corsair K95 RGB PLATINUM UK,Corsair,K95 RGB PLATINUM UK,keyboard:corsair:k95-rgb-platinum-uk,curated_alias,reference_only_needs_verification,needs_review,False,3,Black;Gunmetal,False,Gaming,,mechanical,Cherry MX Brown,rgb,wired,general;gaming,gaming,65.0,84.0,missing_keyboard_size;unverified_reference_source;identity_duplicates_collapsed
bd92c9599816dd354fad,docyx_pc_part_dataset_2025_07_23,keyboard,Corsair K95 RGB PLATINUM XT,Corsair,K95 RGB PLATINUM XT,keyboard:corsair:k95-rgb-platinum-xt,curated_alias,reference_only_needs_verification,needs_review,False,3,Black,False,Gaming,,mechanical,Cherry MX Brown,rgb,wired,general;gaming,gaming,65.0,84.0,missing_keyboard_size;unverified_reference_source;identity_duplicates_collapsed
54f89a6f7ace829b7277,docyx_pc_part_dataset_2025_07_23,keyboard,Corsair K95 RGB UK,Corsair,K95 RGB UK,keyboard:corsair:k95-rgb-uk,curated_alias,reference_only_needs_verification,needs_review,False,3,Black,False,Gaming,,mechanical,Cherry MX Blue,rgb,wired,general;gaming,gaming,65.0,84.0,missing_keyboard_size;unverified_reference_source;identity_duplicates_collapsed
53d6b83ae4330f292bfc,docyx_pc_part_dataset_2025_07_23,keyboard,Corsair RGB MK.2 Low Profile,Corsair,RGB MK.2 Low Profile,keyboard:corsair:rgb-mk-2-low-profile,curated_alias,reference_only_needs_verification,needs_review,False,1,Black,False,Gaming,,mechanical,Cherry MX Low Profile Red,rgb,wired,general;gaming,gaming,65.0,84.0,missing_keyboard_size;unverified_reference_source
d510d007d6e320ea7160,docyx_pc_part_dataset_2025_07_23,keyboard,Corsair RGB MK.2 Low Profile RAPIDFIRE,Corsair,RGB MK.2 Low Profile RAPIDFIRE,keyboard:corsair:rgb-mk-2-low-profile-rapidfire,curated_alias,reference_only_needs_verification,needs_review,False,1,Black,False,Gaming,,mechanical,Cherry MX Low Profile Speed Silver,rgb,wired,general;gaming,gaming,65.0,84.0,missing_keyboard_size;unverified_reference_source
04fa46e504324d9d9e0d,docyx_pc_part_dataset_2025_07_23,keyboard,Corsair STRAFE,Corsair,STRAFE,keyboard:corsair:strafe,curated_alias,reference_only_needs_verification,needs_review,False,3,Black,False,Gaming,,mechanical,Cherry MX Red,single_colour,wired,general;gaming,gaming,65.0,84.0,missing_keyboard_size;unverified_reference_source;identity_duplicates_collapsed
e62572318aeb16e39d5b,docyx_pc_part_dataset_2025_07_23,keyboard,Corsair STRAFE MX Silent,Corsair,STRAFE MX Silent,keyboard:corsair:strafe-mx-silent,curated_alias,reference_only_needs_verification,needs_review,False,1,Black,False,Gaming,,mechanical,Cherry MX Silent,single_colour,wired,general;gaming,gaming,65.0,84.0,missing_keyboard_size;unverified_reference_source
1c8b5686675571bacc28,docyx_pc_part_dataset_2025_07_23,keyboard,Corsair STRAFE RGB,Corsair,STRAFE RGB,keyboard:corsair:strafe-rgb,curated_alias,reference_only_needs_verification,needs_review,False,4,Black;White,False,Gaming,,mechanical,Cherry MX Red,rgb,wired,general;gaming,gaming,65.0,84.0,missing_keyboard_size;unverified_reference_source;identity_duplicates_collapsed
57e115f50e8a45281b69,docyx_pc_part_dataset_2025_07_23,keyboard,Corsair STRAFE RGB MK.2,Corsair,STRAFE RGB MK.2,keyboard:corsair:strafe-rgb-mk-2,curated_alias,reference_only_needs_verification,needs_review,False,2,,False,Gaming,,mechanical,Cherry MX Red,rgb,wired,general;gaming,gaming,65.0,84.0,missing_keyboard_size;unverified_reference_source;identity_duplicates_collapsed
64f71bc28c35b825768a,docyx_pc_part_dataset_2025_07_23,keyboard,Corsair Vengeance K60,Corsair,Vengeance K60,keyboard:corsair:vengeance-k60,curated_alias,reference_only_needs_verification,needs_review,False,1,Black;Gray,False,Gaming,,mechanical,Cherry MX Red,,wired,general;gaming,gaming,65.0,84.0,missing_keyboard_size;unverified_reference_source
4ed4cfd572906aabbd14,docyx_pc_part_dataset_2025_07_23,keyboard,Corsair Vengeance K70,Corsair,Vengeance K70,keyboard:corsair:vengeance-k70,curated_alias,reference_only_needs_verification,needs_review,False,8,Black;Gunmetal;Silver,False,Gaming,,mechanical,Cherry MX Red,single_colour,wired,general;gaming,gaming,65.0,84.0,missing_keyboard_size;unverified_reference_source;identity_duplicates_collapsed
d081244c9a8121c4e53d,docyx_pc_part_dataset_2025_07_23,keyboard,Corsair Vengeance K70 RGB,Corsair,Vengeance K70 RGB,keyboard:corsair:vengeance-k70-rgb,curated_alias,reference_only_needs_verification,needs_review,False,1,Black,False,Gaming,,mechanical,Cherry MX Red,rgb,wired,general;gaming,gaming,65.0,84.0,missing_keyboard_size;unverified_reference_source
f26e674a5168a2a50be4,docyx_pc_part_dataset_2025_07_23,keyboard,Corsair Vengeance K90,Corsair,Vengeance K90,keyboard:corsair:vengeance-k90,curated_alias,reference_only_needs_verification,needs_review,False,1,Black;Gray,False,Gaming,,mechanical,Cherry MX Red,single_colour,wired,general;gaming,gaming,65.0,84.0,missing_keyboard_size;unverified_reference_source
c98bad18fbba263b3567,docyx_pc_part_dataset_2025_07_23,keyboard,Corsair Vengeance K95,Corsair,Vengeance K95,keyboard:corsair:vengeance-k95,curated_alias,reference_only_needs_verification,needs_review,False,1,Black,False,Gaming,,mechanical,Cherry MX Red,single_colour,wired,general;gaming,gaming,65.0,84.0,missing_keyboard_size;unverified_reference_source
9323d038a9b487e8bdb8,docyx_pc_part_dataset_2025_07_23,keyboard,Ducky DK1008-KEALB,Ducky,DK1008-KEALB,keyboard:ducky:dk1008-kealb,curated_alias,reference_only_needs_verification,needs_review,False,1,Black,False,Gaming,,mechanical,ALPS Black,,wired,general;gaming,gaming,65.0,84.0,missing_keyboard_size;unverified_reference_source
5853766ac54ca9499ba8,docyx_pc_part_dataset_2025_07_23,keyboard,Ducky DK1008-NEALB,Ducky,DK1008-NEALB,keyboard:ducky:dk1008-nealb,curated_alias,reference_only_needs_verification,needs_review,False,1,Black,False,Gaming,,mechanical,ALPS Green,,wired,general;gaming,gaming,65.0,84.0,missing_keyboard_size;unverified_reference_source
887aca2a9fbef22cd70d,docyx_pc_part_dataset_2025_07_23,keyboard,Ducky DK1008L-RCLLB,Ducky,DK1008L-RCLLB,keyboard:ducky:dk1008l-rcllb,curated_alias,reference_only_needs_verification,needs_review,False,1,Black,False,Gaming,,mechanical,Cherry MX Red,,wired,general;gaming,gaming,65.0,84.0,missing_keyboard_size;unverified_reference_source
ad15fcffe7256098f40d,docyx_pc_part_dataset_2025_07_23,keyboard,Ducky DK1008L-RELLB,Ducky,DK1008L-RELLB,keyboard:ducky:dk1008l-rellb,curated_alias,reference_only_needs_verification,needs_review,False,1,Black,False,Gaming,,mechanical,Cherry MX Red,,wired,general;gaming,gaming,65.0,84.0,missing_keyboard_size;unverified_reference_source
03a0efc944d35cb58d4f,docyx_pc_part_dataset_2025_07_23,keyboard,Ducky DK2108-BUSLLA,Ducky,DK2108-BUSLLA,keyboard:ducky:dk2108-buslla,curated_alias,reference_only_needs_verification,needs_review,False,1,Black,False,Gaming,,mechanical,Cherry MX Brown,single_colour,wired,general;gaming,gaming,65.0,84.0,missing_keyboard_size;unverified_reference_source
f9ccef386af3f646914b,docyx_pc_part_dataset_2025_07_23,keyboard,Ducky DK2108-RUSLLA,Ducky,DK2108-RUSLLA,keyboard:ducky:dk2108-ruslla,curated_alias,reference_only_needs_verification,needs_review,False,1,Black,False,Gaming,,mechanical,Cherry MX Red,single_colour,wired,general;gaming,gaming,65.0,84.0,missing_keyboard_size;unverified_reference_source
30d738b1cc56aa611699,docyx_pc_part_dataset_2025_07_23,keyboard,Ducky DK9000G2-BEPLB,Ducky,DK9000G2-BEPLB,keyboard:ducky:dk9000g2-beplb,curated_alias,reference_only_needs_verification,needs_review,False,1,Black,False,Gaming,,mechanical,Cherry MX Brown,,wired,general;gaming,gaming,65.0,84.0,missing_keyboard_size;unverified_reference_source
fcf8032071de70b79c40,docyx_pc_part_dataset_2025_07_23,keyboard,Ducky DK9000G2-CEPLB,Ducky,DK9000G2-CEPLB,keyboard:ducky:dk9000g2-ceplb,curated_alias,reference_only_needs_verification,needs_review,False,1,Black,False,Gaming,,mechanical,Cherry MX Blue,,wired,general;gaming,gaming,65.0,84.0,missing_keyboard_size;unverified_reference_source
c8fb92204d27f5d27670,docyx_pc_part_dataset_2025_07_23,keyboard,Ducky DK9008 Shine II,Ducky,DK9008 Shine II,keyboard:ducky:dk9008-shine-ii,curated_alias,reference_only_needs_verification,needs_review,False,9,Black;Pink;White,False,Gaming,,mechanical,Cherry MX Blue,single_colour,wired,general;gaming,gaming,65.0,84.0,missing_keyboard_size;unverified_reference_source;identity_duplicates_collapsed
03a7424e7d232110f306,docyx_pc_part_dataset_2025_07_23,keyboard,Ducky DK9008G2 PRO,Ducky,DK9008G2 PRO,keyboard:ducky:dk9008g2-pro,curated_alias,reference_only_needs_verification,needs_review,False,3,Black,False,Gaming,,mechanical,Cherry MX Black,,wired,general;gaming,gaming,65.0,84.0,missing_keyboard_size;unverified_reference_source;identity_duplicates_collapsed
ad6a74a6cf0f6aad853e,docyx_pc_part_dataset_2025_07_23,keyboard,Ducky DK9008G2-AEPLB,Ducky,DK9008G2-AEPLB,keyboard:ducky:dk9008g2-aeplb,curated_alias,reference_only_needs_verification,needs_review,False,1,Black,False,Gaming,,mechanical,Cherry MX Black,,wired,general;gaming,gaming,65.0,84.0,missing_keyboard_size;unverified_reference_source
90c17126515846e238b0,docyx_pc_part_dataset_2025_07_23,keyboard,Ducky DK9008G2-BEPTW,Ducky,DK9008G2-BEPTW,keyboard:ducky:dk9008g2-beptw,curated_alias,reference_only_needs_verification,needs_review,False,1,White,False,Gaming,,mechanical,Cherry MX Brown,,wired,general;gaming,gaming,65.0,84.0,missing_keyboard_size;unverified_reference_source
664e69c304a537106d41,docyx_pc_part_dataset_2025_07_23,keyboard,Ducky DK9008G2-CEPLB,Ducky,DK9008G2-CEPLB,keyboard:ducky:dk9008g2-ceplb,curated_alias,reference_only_needs_verification,needs_review,False,1,Black,False,Gaming,,mechanical,Cherry MX Blue,,wired,general;gaming,gaming,65.0,84.0,missing_keyboard_size;unverified_reference_source
b9ed5eb8646353226550,docyx_pc_part_dataset_2025_07_23,keyboard,Ducky DK9008G2-CEPTW,Ducky,DK9008G2-CEPTW,keyboard:ducky:dk9008g2-ceptw,curated_alias,reference_only_needs_verification,needs_review,False,1,White,False,Gaming,,mechanical,Cherry MX Blue,,wired,general;gaming,gaming,65.0,84.0,missing_keyboard_size;unverified_reference_source
53fc47254b8ce4e4a34e,docyx_pc_part_dataset_2025_07_23,keyboard,Ducky DK9008G2-REPLB,Ducky,DK9008G2-REPLB,keyboard:ducky:dk9008g2-replb,curated_alias,reference_only_needs_verification,needs_review,False,1,Black,False,Gaming,,mechanical,Cherry MX Red,,wired,general;gaming,gaming,65.0,84.0,missing_keyboard_size;unverified_reference_source
54be065d2a30c25dbbb7,docyx_pc_part_dataset_2025_07_23,keyboard,Ducky DK9008G2PRO-AUSPHH,Ducky,DK9008G2PRO-AUSPHH,keyboard:ducky:dk9008g2pro-ausphh,curated_alias,reference_only_needs_verification,needs_review,False,1,Black;Gray,False,Gaming,,mechanical,Cherry MX Black,,wired,general;gaming,gaming,65.0,84.0,missing_keyboard_size;unverified_reference_source
ecdd2ac9255cf5d8ebf3,docyx_pc_part_dataset_2025_07_23,keyboard,Ducky DK9008G2PRO-AUSPHS,Ducky,DK9008G2PRO-AUSPHS,keyboard:ducky:dk9008g2pro-ausphs,curated_alias,reference_only_needs_verification,needs_review,False,1,Black;Blue,False,Gaming,,mechanical,Cherry MX Black,,wired,general;gaming,gaming,65.0,84.0,missing_keyboard_size;unverified_reference_source
126012563e68e69d3874,docyx_pc_part_dataset_2025_07_23,keyboard,Ducky DK9008G2PRO-BUSLLA,Ducky,DK9008G2PRO-BUSLLA,keyboard:ducky:dk9008g2pro-buslla,curated_alias,reference_only_needs_verification,needs_review,False,1,Black,False,Gaming,,mechanical,Cherry MX Brown,,wired,general;gaming,gaming,65.0,84.0,missing_keyboard_size;unverified_reference_source
0c72941d6b86a1d82323,docyx_pc_part_dataset_2025_07_23,keyboard,Ducky DK9008G2PRO-BUSPHH,Ducky,DK9008G2PRO-BUSPHH,keyboard:ducky:dk9008g2pro-busphh,curated_alias,reference_only_needs_verification,needs_review,False,1,Black;Gray,False,Gaming,,mechanical,Cherry MX Brown,,wired,general;gaming,gaming,65.0,84.0,missing_keyboard_size;unverified_reference_source
74bacd0a7567eb912760,docyx_pc_part_dataset_2025_07_23,keyboard,Ducky DK9008G2PRO-BUSPHS,Ducky,DK9008G2PRO-BUSPHS,keyboard:ducky:dk9008g2pro-busphs,curated_alias,reference_only_needs_verification,needs_review,False,1,Black;Blue,False,Gaming,,mechanical,Cherry MX Brown,,wired,general;gaming,gaming,65.0,84.0,missing_keyboard_size;unverified_reference_source
d4a5cc47ab0e65804e92,docyx_pc_part_dataset_2025_07_23,keyboard,Ducky DK9008G2PRO-CUSPHH,Ducky,DK9008G2PRO-CUSPHH,keyboard:ducky:dk9008g2pro-cusphh,curated_alias,reference_only_needs_verification,needs_review,False,1,Black;Gray,False,Gaming,,mechanical,Cherry MX Blue,,wired,general;gaming,gaming,65.0,84.0,missing_keyboard_size;unverified_reference_source
1dc9c3f4d6102004d8cd,docyx_pc_part_dataset_2025_07_23,keyboard,Ducky DK9008G2PRO-CUSPHS,Ducky,DK9008G2PRO-CUSPHS,keyboard:ducky:dk9008g2pro-cusphs,curated_alias,reference_only_needs_verification,needs_review,False,1,Black;Blue,False,Gaming,,mechanical,Cherry MX Blue,,wired,general;gaming,gaming,65.0,84.0,missing_keyboard_size;unverified_reference_source
5e2502a400ff0897bfea,docyx_pc_part_dataset_2025_07_23,keyboard,Ducky DK9008G2PRO-RUSPHH,Ducky,DK9008G2PRO-RUSPHH,keyboard:ducky:dk9008g2pro-rusphh,curated_alias,reference_only_needs_verification,needs_review,False,1,Black;Gray,False,Gaming,,mechanical,Cherry MX Red,,wired,general;gaming,gaming,65.0,84.0,missing_keyboard_size;unverified_reference_source
6b6a74808f4644668cbc,docyx_pc_part_dataset_2025_07_23,keyboard,Ducky DK9008G2PRO-RUSPHS,Ducky,DK9008G2PRO-RUSPHS,keyboard:ducky:dk9008g2pro-rusphs,curated_alias,reference_only_needs_verification,needs_review,False,1,Black;Blue,False,Gaming,,mechanical,Cherry MX Red,,wired,general;gaming,gaming,65.0,84.0,missing_keyboard_size;unverified_reference_source
716e8fcd6a7c615aaec9,docyx_pc_part_dataset_2025_07_23,keyboard,Ducky DK9008S-ACALB,Ducky,DK9008S-ACALB,keyboard:ducky:dk9008s-acalb,curated_alias,reference_only_needs_verification,needs_review,False,1,Black,False,Gaming,,mechanical,Cherry MX Black,single_colour,wired,general;gaming,gaming,65.0,84.0,missing_keyboard_size;unverified_reference_source
2d251b61c755e852b5b7,docyx_pc_part_dataset_2025_07_23,keyboard,Ducky DK9008S-AEALB,Ducky,DK9008S-AEALB,keyboard:ducky:dk9008s-aealb,curated_alias,reference_only_needs_verification,needs_review,False,1,Black,False,Gaming,,mechanical,Cherry MX Black,single_colour,wired,general;gaming,gaming,65.0,84.0,missing_keyboard_size;unverified_reference_source
c9f9ae4045005a46d4b7,docyx_pc_part_dataset_2025_07_23,keyboard,Ducky DK9008S-AEALG,Ducky,DK9008S-AEALG,keyboard:ducky:dk9008s-aealg,curated_alias,reference_only_needs_verification,needs_review,False,1,Black,False,Gaming,,mechanical,Cherry MX Black,single_colour,wired,general;gaming,gaming,65.0,84.0,missing_keyboard_size;unverified_reference_source
e4b32d803d63f4f0d6d8,docyx_pc_part_dataset_2025_07_23,keyboard,Ducky DK9008S-AEALP,Ducky,DK9008S-AEALP,keyboard:ducky:dk9008s-aealp,curated_alias,reference_only_needs_verification,needs_review,False,1,Black,False,Gaming,,mechanical,Cherry MX Black,single_colour,wired,general;gaming,gaming,65.0,84.0,missing_keyboard_size;unverified_reference_source
bdfb49765ec9176a91f4,docyx_pc_part_dataset_2025_07_23,keyboard,Ducky DK9008S-AEALR,Ducky,DK9008S-AEALR,keyboard:ducky:dk9008s-aealr,curated_alias,reference_only_needs_verification,needs_review,False,1,Black,False,Gaming,,mechanical,Cherry MX Black,single_colour,wired,general;gaming,gaming,65.0,84.0,missing_keyboard_size;unverified_reference_source
a888a7d2c1b6ca2c1d85,docyx_pc_part_dataset_2025_07_23,keyboard,Ducky DK9008S-AEALY,Ducky,DK9008S-AEALY,keyboard:ducky:dk9008s-aealy,curated_alias,reference_only_needs_verification,needs_review,False,1,Black,False,Gaming,,mechanical,Cherry MX Black,single_colour,wired,general;gaming,gaming,65.0,84.0,missing_keyboard_size;unverified_reference_source
570ff0ddfb9b3621dc3c,docyx_pc_part_dataset_2025_07_23,keyboard,Ducky DK9008S-BCALB,Ducky,DK9008S-BCALB,keyboard:ducky:dk9008s-bcalb,curated_alias,reference_only_needs_verification,needs_review,False,1,Black,False,Gaming,,mechanical,Cherry MX Brown,single_colour,wired,general;gaming,gaming,65.0,84.0,missing_keyboard_size;unverified_reference_source
61e87c5a450b8dff8961,docyx_pc_part_dataset_2025_07_23,keyboard,Ducky DK9008S-BEALG,Ducky,DK9008S-BEALG,keyboard:ducky:dk9008s-bealg,curated_alias,reference_only_needs_verification,needs_review,False,1,Black,False,Gaming,,mechanical,Cherry MX Brown,single_colour,wired,general;gaming,gaming,65.0,84.0,missing_keyboard_size;unverified_reference_source
4037b13723e2d9dca6d9,docyx_pc_part_dataset_2025_07_23,keyboard,Ducky DK9008S-BEALP,Ducky,DK9008S-BEALP,keyboard:ducky:dk9008s-bealp,curated_alias,reference_only_needs_verification,needs_review,False,1,Black,False,Gaming,,mechanical,Cherry MX Brown,single_colour,wired,general;gaming,gaming,65.0,84.0,missing_keyboard_size;unverified_reference_source
a40d3024667d200d40cd,docyx_pc_part_dataset_2025_07_23,keyboard,Ducky DK9008S-BEALR,Ducky,DK9008S-BEALR,keyboard:ducky:dk9008s-bealr,curated_alias,reference_only_needs_verification,needs_review,False,1,Black,False,Gaming,,mechanical,Cherry MX Brown,single_colour,wired,general;gaming,gaming,65.0,84.0,missing_keyboard_size;unverified_reference_source
95fa98111b9194b06b2e,docyx_pc_part_dataset_2025_07_23,keyboard,Ducky DK9008S-BJALB,Ducky,DK9008S-BJALB,keyboard:ducky:dk9008s-bjalb,curated_alias,reference_only_needs_verification,needs_review,False,1,Black,False,Gaming,,mechanical,Cherry MX Brown,single_colour,wired,general;gaming,gaming,65.0,84.0,missing_keyboard_size;unverified_reference_source
ff4259f5f52a104776aa,docyx_pc_part_dataset_2025_07_23,keyboard,Ducky DK9008S-CCALB,Ducky,DK9008S-CCALB,keyboard:ducky:dk9008s-ccalb,curated_alias,reference_only_needs_verification,needs_review,False,1,Black,False,Gaming,,mechanical,Cherry MX Blue,single_colour,wired,general;gaming,gaming,65.0,84.0,missing_keyboard_size;unverified_reference_source
af9efbd17d36bc299025,docyx_pc_part_dataset_2025_07_23,keyboard,Ducky DK9008S-CEALB,Ducky,DK9008S-CEALB,keyboard:ducky:dk9008s-cealb,curated_alias,reference_only_needs_verification,needs_review,False,1,Black,False,Gaming,,mechanical,Cherry MX Blue,single_colour,wired,general;gaming,gaming,65.0,84.0,missing_keyboard_size;unverified_reference_source
ac628f633becf365af1d,docyx_pc_part_dataset_2025_07_23,keyboard,Ducky DK9008S-CEALG,Ducky,DK9008S-CEALG,keyboard:ducky:dk9008s-cealg,curated_alias,reference_only_needs_verification,needs_review,False,1,Black,False,Gaming,,mechanical,Cherry MX Blue,single_colour,wired,general;gaming,gaming,65.0,84.0,missing_keyboard_size;unverified_reference_source
d34847f1f368a3ebc598,docyx_pc_part_dataset_2025_07_23,keyboard,Ducky DK9008S-CEALP,Ducky,DK9008S-CEALP,keyboard:ducky:dk9008s-cealp,curated_alias,reference_only_needs_verification,needs_review,False,1,Black,False,Gaming,,mechanical,Cherry MX Blue,single_colour,wired,general;gaming,gaming,65.0,84.0,missing_keyboard_size;unverified_reference_source
5528d0a11aa962e492bd,docyx_pc_part_dataset_2025_07_23,keyboard,Ducky DK9008S-CEALR,Ducky,DK9008S-CEALR,keyboard:ducky:dk9008s-cealr,curated_alias,reference_only_needs_verification,needs_review,False,1,Black,False,Gaming,,mechanical,Cherry MX Blue,single_colour,wired,general;gaming,gaming,65.0,84.0,missing_keyboard_size;unverified_reference_source
863309498e7f173922a1,docyx_pc_part_dataset_2025_07_23,keyboard,Ducky DK9008S-CEALW,Ducky,DK9008S-CEALW,keyboard:ducky:dk9008s-cealw,curated_alias,reference_only_needs_verification,needs_review,False,1,Black,False,Gaming,,mechanical,Cherry MX Blue,single_colour,wired,general;gaming,gaming,65.0,84.0,missing_keyboard_size;unverified_reference_source
75e53d7d8c5d98d8663d,docyx_pc_part_dataset_2025_07_23,keyboard,Ducky DK9008S-CEALY,Ducky,DK9008S-CEALY,keyboard:ducky:dk9008s-cealy,curated_alias,reference_only_needs_verification,needs_review,False,1,Black,False,Gaming,,mechanical,Cherry MX Blue,single_colour,wired,general;gaming,gaming,65.0,84.0,missing_keyboard_size;unverified_reference_source
6fc9182b5cf7b8ed6c78,docyx_pc_part_dataset_2025_07_23,keyboard,Ducky DK9008S-REALB,Ducky,DK9008S-REALB,keyboard:ducky:dk9008s-realb,curated_alias,reference_only_needs_verification,needs_review,False,1,Black,False,Gaming,,mechanical,Cherry MX Red,single_colour,wired,general;gaming,gaming,65.0,84.0,missing_keyboard_size;unverified_reference_source
21aa422ca0d186071890,docyx_pc_part_dataset_2025_07_23,keyboard,Ducky DK9008S-REALG,Ducky,DK9008S-REALG,keyboard:ducky:dk9008s-realg,curated_alias,reference_only_needs_verification,needs_review,False,1,Black,False,Gaming,,mechanical,Cherry MX Red,single_colour,wired,general;gaming,gaming,65.0,84.0,missing_keyboard_size;unverified_reference_source
a968193f353c9ff77339,docyx_pc_part_dataset_2025_07_23,keyboard,Ducky DK9008S-REALP,Ducky,DK9008S-REALP,keyboard:ducky:dk9008s-realp,curated_alias,reference_only_needs_verification,needs_review,False,1,Black,False,Gaming,,mechanical,Cherry MX Red,single_colour,wired,general;gaming,gaming,65.0,84.0,missing_keyboard_size;unverified_reference_source
b39195175e26daa77ffe,docyx_pc_part_dataset_2025_07_23,keyboard,Ducky DK9008S-REALR,Ducky,DK9008S-REALR,keyboard:ducky:dk9008s-realr,curated_alias,reference_only_needs_verification,needs_review,False,1,Black,False,Gaming,,mechanical,Cherry MX Red,single_colour,wired,general;gaming,gaming,65.0,84.0,missing_keyboard_size;unverified_reference_source
d1c5298291dfa6fd5cd2,docyx_pc_part_dataset_2025_07_23,keyboard,Ducky DK9008S-REALW,Ducky,DK9008S-REALW,keyboard:ducky:dk9008s-realw,curated_alias,reference_only_needs_verification,needs_review,False,1,Black,False,Gaming,,mechanical,Cherry MX Red,single_colour,wired,general;gaming,gaming,65.0,84.0,missing_keyboard_size;unverified_reference_source
1521a35dd892bc38c733,docyx_pc_part_dataset_2025_07_23,keyboard,Ducky DK9008S-REALY,Ducky,DK9008S-REALY,keyboard:ducky:dk9008s-realy,curated_alias,reference_only_needs_verification,needs_review,False,1,Black,False,Gaming,,mechanical,Cherry MX Red,single_colour,wired,general;gaming,gaming,65.0,84.0,missing_keyboard_size;unverified_reference_source
f261dd06569544f39df9,docyx_pc_part_dataset_2025_07_23,keyboard,Ducky DK9008S2-AUSALB,Ducky,DK9008S2-AUSALB,keyboard:ducky:dk9008s2-ausalb,curated_alias,reference_only_needs_verification,needs_review,False,1,Black,False,Gaming,,mechanical,Cherry MX Black,single_colour,wired,general;gaming,gaming,65.0,84.0,missing_keyboard_size;unverified_reference_source
3e055ceea294e8418835,docyx_pc_part_dataset_2025_07_23,keyboard,Ducky DK9008S2-AUSALG,Ducky,DK9008S2-AUSALG,keyboard:ducky:dk9008s2-ausalg,curated_alias,reference_only_needs_verification,needs_review,False,1,Black,False,Gaming,,mechanical,Cherry MX Black,single_colour,wired,general;gaming,gaming,65.0,84.0,missing_keyboard_size;unverified_reference_source
0eada0e1b69e721066cd,docyx_pc_part_dataset_2025_07_23,keyboard,Ducky DK9008S2-AUSALR,Ducky,DK9008S2-AUSALR,keyboard:ducky:dk9008s2-ausalr,curated_alias,reference_only_needs_verification,needs_review,False,1,Black,False,Gaming,,mechanical,Cherry MX Black,single_colour,wired,general;gaming,gaming,65.0,84.0,missing_keyboard_size;unverified_reference_source
8e97cc2b9fc23d64f338,docyx_pc_part_dataset_2025_07_23,keyboard,Ducky DK9008S2-AUSALT,Ducky,DK9008S2-AUSALT,keyboard:ducky:dk9008s2-ausalt,curated_alias,reference_only_needs_verification,needs_review,False,1,Black,False,Gaming,,mechanical,Cherry MX Black,single_colour,wired,general;gaming,gaming,65.0,84.0,missing_keyboard_size;unverified_reference_source
c0f248951791219c1fb0,docyx_pc_part_dataset_2025_07_23,keyboard,Ducky DK9008S2-AUSALW,Ducky,DK9008S2-AUSALW,keyboard:ducky:dk9008s2-ausalw,curated_alias,reference_only_needs_verification,needs_review,False,1,Black,False,Gaming,,mechanical,Cherry MX Black,single_colour,wired,general;gaming,gaming,65.0,84.0,missing_keyboard_size;unverified_reference_source
39ea3ee8f6809ef9dc76,docyx_pc_part_dataset_2025_07_23,keyboard,Ducky DK9008S2-BUSALG,Ducky,DK9008S2-BUSALG,keyboard:ducky:dk9008s2-busalg,curated_alias,reference_only_needs_verification,needs_review,False,1,Black,False,Gaming,,mechanical,Cherry MX Brown,single_colour,wired,general;gaming,gaming,65.0,84.0,missing_keyboard_size;unverified_reference_source
72ce85ac2714fe7f65b5,docyx_pc_part_dataset_2025_07_23,keyboard,Ducky DK9008S2-BUSALT,Ducky,DK9008S2-BUSALT,keyboard:ducky:dk9008s2-busalt,curated_alias,reference_only_needs_verification,needs_review,False,1,Black,False,Gaming,,mechanical,Cherry MX Brown,single_colour,wired,general;gaming,gaming,65.0,84.0,missing_keyboard_size;unverified_reference_source
149f0f4a8c8d5b6d07a0,docyx_pc_part_dataset_2025_07_23,keyboard,Ducky DK9008S2-CUSALB,Ducky,DK9008S2-CUSALB,keyboard:ducky:dk9008s2-cusalb,curated_alias,reference_only_needs_verification,needs_review,False,1,Black,False,Gaming,,mechanical,Cherry MX Blue,single_colour,wired,general;gaming,gaming,65.0,84.0,missing_keyboard_size;unverified_reference_source
61748d284958f21681ce,docyx_pc_part_dataset_2025_07_23,keyboard,Ducky DK9008S2-CUSALG,Ducky,DK9008S2-CUSALG,keyboard:ducky:dk9008s2-cusalg,curated_alias,reference_only_needs_verification,needs_review,False,1,Black,False,Gaming,,mechanical,Cherry MX Blue,single_colour,wired,general;gaming,gaming,65.0,84.0,missing_keyboard_size;unverified_reference_source
20a9382953ca323bf9bb,docyx_pc_part_dataset_2025_07_23,keyboard,Ducky DK9008S2-CUSALR,Ducky,DK9008S2-CUSALR,keyboard:ducky:dk9008s2-cusalr,curated_alias,reference_only_needs_verification,needs_review,False,1,Black,False,Gaming,,mechanical,Cherry MX Blue,single_colour,wired,general;gaming,gaming,65.0,84.0,missing_keyboard_size;unverified_reference_source
0ba76f506f521a46ad62,docyx_pc_part_dataset_2025_07_23,keyboard,Ducky DK9008S2-CUSALT,Ducky,DK9008S2-CUSALT,keyboard:ducky:dk9008s2-cusalt,curated_alias,reference_only_needs_verification,needs_review,False,1,Black,False,Gaming,,mechanical,Cherry MX Blue,single_colour,wired,general;gaming,gaming,65.0,84.0,missing_keyboard_size;unverified_reference_source
884791d1befeaf4f9676,docyx_pc_part_dataset_2025_07_23,keyboard,Ducky DK9008S2-RUSALB,Ducky,DK9008S2-RUSALB,keyboard:ducky:dk9008s2-rusalb,curated_alias,reference_only_needs_verification,needs_review,False,1,Black,False,Gaming,,mechanical,Cherry MX Red,single_colour,wired,general;gaming,gaming,65.0,84.0,missing_keyboard_size;unverified_reference_source
91c7c9eea2c58892b272,docyx_pc_part_dataset_2025_07_23,keyboard,Ducky DK9008S2-RUSALG,Ducky,DK9008S2-RUSALG,keyboard:ducky:dk9008s2-rusalg,curated_alias,reference_only_needs_verification,needs_review,False,1,Black,False,Gaming,,mechanical,Cherry MX Red,single_colour,wired,general;gaming,gaming,65.0,84.0,missing_keyboard_size;unverified_reference_source
083521526906ae2d611d,docyx_pc_part_dataset_2025_07_23,keyboard,Ducky DK9008S2-RUSALT,Ducky,DK9008S2-RUSALT,keyboard:ducky:dk9008s2-rusalt,curated_alias,reference_only_needs_verification,needs_review,False,1,Black,False,Gaming,,mechanical,Cherry MX Red,single_colour,wired,general;gaming,gaming,65.0,84.0,missing_keyboard_size;unverified_reference_source
cbb9264a665237e75ae0,docyx_pc_part_dataset_2025_07_23,keyboard,Ducky ONE 3 Daybreak,Ducky,ONE 3 Daybreak,keyboard:ducky:one-3-daybreak,curated_alias,reference_only_needs_verification,needs_review,False,1,Blue,False,Gaming,,mechanical,Cherry MX Red RGB,rgb,wired,general;gaming,gaming,65.0,84.0,missing_keyboard_size;unverified_reference_source
2cc336461cc0d19a7515,docyx_pc_part_dataset_2025_07_23,keyboard,Ducky One 2 (MX Black),Ducky,One 2 (MX Black),keyboard:ducky:one-2-mx-black,curated_alias,reference_only_needs_verification,needs_review,False,1,Black,False,Gaming,,mechanical,Cherry MX Black,single_colour,wired,general;gaming,gaming,65.0,84.0,missing_keyboard_size;unverified_reference_source
a9dbca266c2825a96af1,docyx_pc_part_dataset_2025_07_23,keyboard,Ducky One 2 (MX Blue),Ducky,One 2 (MX Blue),keyboard:ducky:one-2-mx-blue,curated_alias,reference_only_needs_verification,needs_review,False,1,Black,False,Gaming,,mechanical,Cherry MX Blue,single_colour,wired,general;gaming,gaming,65.0,84.0,missing_keyboard_size;unverified_reference_source
3bf11057945800cfcb7e,docyx_pc_part_dataset_2025_07_23,keyboard,Ducky One 2 (MX Brown),Ducky,One 2 (MX Brown),keyboard:ducky:one-2-mx-brown,curated_alias,reference_only_needs_verification,needs_review,False,1,Black,False,Gaming,,mechanical,Cherry MX Brown,single_colour,wired,general;gaming,gaming,65.0,84.0,missing_keyboard_size;unverified_reference_source
07a59f05b57198079661,docyx_pc_part_dataset_2025_07_23,keyboard,Ducky One 2 (MX Red),Ducky,One 2 (MX Red),keyboard:ducky:one-2-mx-red,curated_alias,reference_only_needs_verification,needs_review,False,1,Black,False,Gaming,,mechanical,Cherry MX Red,single_colour,wired,general;gaming,gaming,65.0,84.0,missing_keyboard_size;unverified_reference_source
940f4b83f26417880a8e,docyx_pc_part_dataset_2025_07_23,keyboard,Ducky One 2 (MX Speed Silver),Ducky,One 2 (MX Speed Silver),keyboard:ducky:one-2-mx-speed-silver,curated_alias,reference_only_needs_verification,needs_review,False,1,Black,False,Gaming,,mechanical,Cherry MX Speed Silver,single_colour,wired,general;gaming,gaming,65.0,84.0,missing_keyboard_size;unverified_reference_source
77a1b01c42cd51045d6d,docyx_pc_part_dataset_2025_07_23,keyboard,Ducky Shine 4,Ducky,Shine 4,keyboard:ducky:shine-4,curated_alias,reference_only_needs_verification,needs_review,False,5,Black,False,Gaming,,mechanical,Cherry MX Green,single_colour,wired,general;gaming,gaming,65.0,84.0,missing_keyboard_size;unverified_reference_source;identity_duplicates_collapsed
2fe287e4660a761effe1,docyx_pc_part_dataset_2025_07_23,keyboard,Ducky Ducky Shine 5 RGB,Ducky,Shine 5 RGB,keyboard:ducky:shine-5-rgb,curated_alias,reference_only_needs_verification,needs_review,False,2,Black,False,Gaming,,mechanical,Cherry MX Brown,rgb,wired,general;gaming,gaming,65.0,84.0,missing_keyboard_size;unverified_reference_source;identity_duplicates_collapsed
ac77d3d0af4168987d5f,docyx_pc_part_dataset_2025_07_23,keyboard,Ducky Shine 7 Blackout RGB,Ducky,Shine 7 Blackout RGB,keyboard:ducky:shine-7-blackout-rgb,curated_alias,reference_only_needs_verification,needs_review,False,6,Black,False,Gaming,,mechanical,Cherry MX Brown,rgb,wired,general;gaming,gaming,65.0,84.0,missing_keyboard_size;unverified_reference_source;identity_duplicates_collapsed
569472d8a930f4c95049,docyx_pc_part_dataset_2025_07_23,keyboard,Ducky Shine II special version,Ducky,Shine II special version,keyboard:ducky:shine-ii-special-version,curated_alias,reference_only_needs_verification,needs_review,False,1,Black;White,False,Gaming,,mechanical,Cherry MX Brown,single_colour,wired,general;gaming,gaming,65.0,84.0,missing_keyboard_size;unverified_reference_source
e3c674f97bd64231ded6,docyx_pc_part_dataset_2025_07_23,keyboard,Ducky Zero,Ducky,Zero,keyboard:ducky:zero,curated_alias,reference_only_needs_verification,needs_review,False,2,Black,False,Gaming,,mechanical,Cherry MX Blue,,wired,general;gaming,gaming,65.0,84.0,missing_keyboard_size;unverified_reference_source;identity_duplicates_collapsed
8829dd85020e855d9b81,docyx_pc_part_dataset_2025_07_23,keyboard,Ducky Zero Shine Blue LED Keyboard,Ducky,Zero Shine Blue LED Keyboard,keyboard:ducky:zero-shine-blue-led-keyboard,curated_alias,reference_only_needs_verification,needs_review,False,4,Black,False,Gaming,,mechanical,Cherry MX Brown,single_colour,wired,general;gaming,gaming,65.0,84.0,missing_keyboard_size;unverified_reference_source;identity_duplicates_collapsed
9c58fa05bd67fc3f46d0,docyx_pc_part_dataset_2025_07_23,keyboard,Ducky Zero Shine Orange LED Keyboard,Ducky,Zero Shine Orange LED Keyboard,keyboard:ducky:zero-shine-orange-led-keyboard,curated_alias,reference_only_needs_verification,needs_review,False,1,Black,False,Gaming,,mechanical,Cherry MX Brown,single_colour,wired,general;gaming,gaming,65.0,84.0,missing_keyboard_size;unverified_reference_source
de65a12b712f2ec5869b,docyx_pc_part_dataset_2025_07_23,keyboard,HP HyperX Alloy Elite,HyperX,Alloy Elite,keyboard:hyperx:alloy-elite,curated_alias,reference_only_needs_verification,needs_review,False,3,Black,False,Gaming,,mechanical,Cherry MX Brown,single_colour,wired,general;gaming,gaming,65.0,84.0,missing_keyboard_size;unverified_reference_source;identity_duplicates_collapsed
14a3c4e6256bd831f03d,docyx_pc_part_dataset_2025_07_23,keyboard,HP HyperX Alloy Elite 2,HyperX,Alloy Elite 2,keyboard:hyperx:alloy-elite-2,curated_alias,reference_only_needs_verification,needs_review,False,1,Black,False,Gaming,,mechanical,HyperX Red,rgb,wired,general;gaming,gaming,65.0,84.0,missing_keyboard_size;unverified_reference_source
5ca45dea3d65357671a6,docyx_pc_part_dataset_2025_07_23,keyboard,HP HyperX Alloy Elite RGB,HyperX,Alloy Elite RGB,keyboard:hyperx:alloy-elite-rgb,curated_alias,reference_only_needs_verification,needs_review,False,3,Black,False,Gaming,,mechanical,Cherry MX Red,rgb,wired,general;gaming,gaming,65.0,84.0,missing_keyboard_size;unverified_reference_source;identity_duplicates_collapsed
c961e63f8fea74623344,docyx_pc_part_dataset_2025_07_23,keyboard,HP HyperX Alloy FPS RGB,HyperX,Alloy FPS RGB,keyboard:hyperx:alloy-fps-rgb,curated_alias,reference_only_needs_verification,needs_review,False,1,Black,False,Gaming,,mechanical,Kailh Silver Speed,rgb,wired,general;gaming,gaming,65.0,84.0,missing_keyboard_size;unverified_reference_source
453924d715a8ad38ad40,docyx_pc_part_dataset_2025_07_23,keyboard,Keychron K5 Pro,Keychron,K5 Pro,keyboard:keychron:k5-pro,curated_alias,reference_only_needs_verification,needs_review,False,15,Black;Red;White,False,Gaming,,mechanical,Gateron Low-Profile Brown (Hot-Swappable),rgb,wired;wireless;bluetooth,general;gaming;portable,gaming,65.0,84.0,missing_keyboard_size;unverified_reference_source;identity_duplicates_collapsed
4a230d5e42aaf175b468,docyx_pc_part_dataset_2025_07_23,keyboard,Keychron K5 SE,Keychron,K5 SE,keyboard:keychron:k5-se,curated_alias,reference_only_needs_verification,needs_review,False,5,Black;Gray,False,Slim,,optical,Keychron Optical Brown Low Profile,single_colour,wired;wireless;bluetooth,general;portable,portable,65.0,84.0,missing_keyboard_size;unverified_reference_source;identity_duplicates_collapsed
a218c5cded25eda4b8a6,docyx_pc_part_dataset_2025_07_23,keyboard,Logitech G413 Carbon,Logitech,G413 Carbon,keyboard:logitech:g413-carbon,curated_alias,reference_only_needs_verification,needs_review,False,1,Black,False,Gaming,,mechanical,Romer-G Tactile,single_colour,wired,general;gaming,gaming,65.0,84.0,missing_keyboard_size;unverified_reference_source
978b478612348853788c,docyx_pc_part_dataset_2025_07_23,keyboard,Logitech G413 Silver,Logitech,G413 Silver,keyboard:logitech:g413-silver,curated_alias,reference_only_needs_verification,needs_review,False,1,Silver,False,Gaming,,mechanical,Romer-G Tactile,single_colour,wired,general;gaming,gaming,65.0,84.0,missing_keyboard_size;unverified_reference_source
2444fb094de7a59ed9e5,docyx_pc_part_dataset_2025_07_23,keyboard,Logitech G513 Silver,Logitech,G513 Silver,keyboard:logitech:g513-silver,curated_alias,reference_only_needs_verification,needs_review,False,1,Black;Silver,False,Gaming,,mechanical,Romer-G Tactile,rgb,wired,general;gaming,gaming,65.0,84.0,missing_keyboard_size;unverified_reference_source
bd3a56f90454925dfae6,docyx_pc_part_dataset_2025_07_23,keyboard,Logitech G810 Orion Spectrum RGB,Logitech,G810 Orion Spectrum RGB,keyboard:logitech:g810-orion-spectrum-rgb,curated_alias,reference_only_needs_verification,needs_review,False,1,Black,False,Gaming,,mechanical,Romer-G Tactile,rgb,wired,general;gaming,gaming,65.0,84.0,missing_keyboard_size;unverified_reference_source
d59747170a1fdd4f3127,docyx_pc_part_dataset_2025_07_23,keyboard,Logitech G910 Orion Spark,Logitech,G910 Orion Spark,keyboard:logitech:g910-orion-spark,curated_alias,reference_only_needs_verification,needs_review,False,1,Black,False,Gaming,,mechanical,Romer-G Tactile,rgb,wired,general;gaming,gaming,65.0,84.0,missing_keyboard_size;unverified_reference_source
3102f418a46668a36dd7,docyx_pc_part_dataset_2025_07_23,keyboard,Logitech G910 Orion Spectrum RGB,Logitech,G910 Orion Spectrum RGB,keyboard:logitech:g910-orion-spectrum-rgb,curated_alias,reference_only_needs_verification,needs_review,False,1,Black,False,Gaming,,mechanical,Romer-G Tactile,rgb,wired,general;gaming,gaming,65.0,84.0,missing_keyboard_size;unverified_reference_source
ddc520644e6122fe08d9,docyx_pc_part_dataset_2025_07_23,keyboard,Razer Battlefield 4 BlackWidow Ultimate,Razer,Battlefield 4 BlackWidow Ultimate,keyboard:razer:battlefield-4-blackwidow-ultimate,curated_alias,reference_only_needs_verification,needs_review,False,1,Black,False,Gaming,,mechanical,Cherry MX Blue,single_colour,wired,general;gaming,gaming,65.0,84.0,missing_keyboard_size;unverified_reference_source
e3e2b9f4073c7ca6359e,docyx_pc_part_dataset_2025_07_23,keyboard,Razer BlackWidow,Razer,BlackWidow,keyboard:razer:blackwidow,curated_alias,reference_only_needs_verification,needs_review,False,2,Black,False,Gaming,,mechanical,Cherry MX Blue,,wired,general;gaming,gaming,65.0,84.0,missing_keyboard_size;unverified_reference_source;identity_duplicates_collapsed
79a846ad449c956e2eb6,docyx_pc_part_dataset_2025_07_23,keyboard,Razer BlackWidow 2013,Razer,BlackWidow 2013,keyboard:razer:blackwidow-2013,curated_alias,reference_only_needs_verification,needs_review,False,1,Black,False,Gaming,,mechanical,Cherry MX Blue,,wired,general;gaming,gaming,65.0,84.0,missing_keyboard_size;unverified_reference_source
11c41cfe92e437299dc8,docyx_pc_part_dataset_2025_07_23,keyboard,Razer BlackWidow 2019,Razer,BlackWidow 2019,keyboard:razer:blackwidow-2019,curated_alias,reference_only_needs_verification,needs_review,False,1,Black,False,Gaming,,mechanical,Razer Green,rgb,wired,general;gaming,gaming,65.0,84.0,missing_keyboard_size;unverified_reference_source
60f564ab62aff28e4a3f,docyx_pc_part_dataset_2025_07_23,keyboard,Razer BlackWidow Chroma Call of Duty: Black Ops III Edition,Razer,BlackWidow Chroma Call of Duty: Black Ops III Edition,keyboard:razer:blackwidow-chroma-call-of-duty-black-ops-iii-edition,curated_alias,reference_only_needs_verification,needs_review,False,1,Black,False,Gaming,,mechanical,Razer Green,rgb,wired,general;gaming,gaming,65.0,84.0,missing_keyboard_size;unverified_reference_source
f3b0bb857a663e0456d9,docyx_pc_part_dataset_2025_07_23,keyboard,Razer BlackWidow Chroma V2,Razer,BlackWidow Chroma V2,keyboard:razer:blackwidow-chroma-v2,curated_alias,reference_only_needs_verification,needs_review,False,3,Black,False,Gaming,,mechanical,Razer Green,rgb,wired,general;gaming,gaming,65.0,84.0,missing_keyboard_size;unverified_reference_source;identity_duplicates_collapsed
0288f8228ccf77e53fd7,docyx_pc_part_dataset_2025_07_23,keyboard,Razer BlackWidow Elite,Razer,BlackWidow Elite,keyboard:razer:blackwidow-elite,curated_alias,reference_only_needs_verification,needs_review,False,3,Black,False,Gaming,,mechanical,Razer Yellow,rgb,wired,general;gaming,gaming,65.0,84.0,missing_keyboard_size;unverified_reference_source;identity_duplicates_collapsed
4894d1ada91e504d8219,docyx_pc_part_dataset_2025_07_23,keyboard,Razer BlackWidow Expert Mac Edition,Razer,BlackWidow Expert Mac Edition,keyboard:razer:blackwidow-expert-mac-edition,curated_alias,reference_only_needs_verification,needs_review,False,1,Black,False,Gaming,,mechanical,Cherry MX Blue,,wired,general;gaming,gaming,65.0,84.0,missing_keyboard_size;unverified_reference_source
b1638faf8be65d2c8d88,docyx_pc_part_dataset_2025_07_23,keyboard,Razer BlackWidow Ultimate,Razer,BlackWidow Ultimate,keyboard:razer:blackwidow-ultimate,curated_alias,reference_only_needs_verification,needs_review,False,2,Black,False,Gaming,,mechanical,Cherry MX Blue,single_colour,wired,general;gaming,gaming,65.0,84.0,missing_keyboard_size;unverified_reference_source;identity_duplicates_collapsed
c1996f3f1d0ac5a3cc20,docyx_pc_part_dataset_2025_07_23,keyboard,Razer BlackWidow Ultimate 2013 Mac,Razer,BlackWidow Ultimate 2013 Mac,keyboard:razer:blackwidow-ultimate-2013-mac,curated_alias,reference_only_needs_verification,needs_review,False,1,Black,False,Gaming,,mechanical,Cherry MX Blue,single_colour,wired,general;gaming,gaming,65.0,84.0,missing_keyboard_size;unverified_reference_source
366e239aa258452aaf9a,docyx_pc_part_dataset_2025_07_23,keyboard,Razer BlackWidow Ultimate Battlefield 3 Edition,Razer,BlackWidow Ultimate Battlefield 3 Edition,keyboard:razer:blackwidow-ultimate-battlefield-3-edition,curated_alias,reference_only_needs_verification,needs_review,False,1,Black,False,Gaming,,mechanical,Cherry MX Blue,single_colour,wired,general;gaming,gaming,65.0,84.0,missing_keyboard_size;unverified_reference_source
d77b7e614e91dac30ec4,docyx_pc_part_dataset_2025_07_23,keyboard,Razer BlackWidow Ultimate Mass Effect 3 Edition,Razer,BlackWidow Ultimate Mass Effect 3 Edition,keyboard:razer:blackwidow-ultimate-mass-effect-3-edition,curated_alias,reference_only_needs_verification,needs_review,False,1,Black,False,Gaming,,mechanical,Cherry MX Blue,single_colour,wired,general;gaming,gaming,65.0,84.0,missing_keyboard_size;unverified_reference_source
afbd6fd2fe19d3758c63,docyx_pc_part_dataset_2025_07_23,keyboard,Razer BlackWidow Ultimate Stealth,Razer,BlackWidow Ultimate Stealth,keyboard:razer:blackwidow-ultimate-stealth,curated_alias,reference_only_needs_verification,needs_review,False,1,Black,False,Gaming,,mechanical,Razer Orange,single_colour,wired,general;gaming,gaming,65.0,84.0,missing_keyboard_size;unverified_reference_source
fee3d4239ad4b581e933,docyx_pc_part_dataset_2025_07_23,keyboard,Razer BlackWidow V3 - BAPE Edition,Razer,BlackWidow V3 - BAPE Edition,keyboard:razer:blackwidow-v3-bape-edition,curated_alias,reference_only_needs_verification,needs_review,False,1,Black;Green,False,Gaming,,mechanical,Razer Green,rgb,wired,general;gaming,gaming,65.0,84.0,missing_keyboard_size;unverified_reference_source
908fac74239905f73d53,docyx_pc_part_dataset_2025_07_23,keyboard,Razer BlackWidow V3 - Halo Infinite,Razer,BlackWidow V3 - Halo Infinite,keyboard:razer:blackwidow-v3-halo-infinite,curated_alias,reference_only_needs_verification,needs_review,False,1,Black;Green,False,Gaming,,mechanical,Razer Green,rgb,wired,general;gaming,gaming,65.0,84.0,missing_keyboard_size;unverified_reference_source
bfe5d6f286c644677c4f,docyx_pc_part_dataset_2025_07_23,keyboard,Razer BlackWidow V3 Pro,Razer,BlackWidow V3 Pro,keyboard:razer:blackwidow-v3-pro,curated_alias,reference_only_needs_verification,needs_review,False,2,Black,False,Gaming,,mechanical,Razer Yellow,rgb,wireless,general;gaming;portable,gaming,65.0,84.0,missing_keyboard_size;unverified_reference_source;identity_duplicates_collapsed
75bc513d827e885aac0b,docyx_pc_part_dataset_2025_07_23,keyboard,Razer BlackWidow X Chroma Mercury Edition,Razer,BlackWidow X Chroma Mercury Edition,keyboard:razer:blackwidow-x-chroma-mercury-edition,curated_alias,reference_only_needs_verification,needs_review,False,1,Silver;White,False,Gaming,,mechanical,Razer Green,rgb,wired,general;gaming,gaming,65.0,84.0,missing_keyboard_size;unverified_reference_source
8092929917f16b29d1ed,docyx_pc_part_dataset_2025_07_23,keyboard,Razer BlackWidow X Ultimate,Razer,BlackWidow X Ultimate,keyboard:razer:blackwidow-x-ultimate,curated_alias,reference_only_needs_verification,needs_review,False,1,Black,False,Gaming,,mechanical,Razer Green,single_colour,wired,general;gaming,gaming,65.0,84.0,missing_keyboard_size;unverified_reference_source
3bf17c426ef3e0085f8d,docyx_pc_part_dataset_2025_07_23,keyboard,Razer BlackWindow Ultimate Mac Edition,Razer,BlackWindow Ultimate Mac Edition,keyboard:razer:blackwindow-ultimate-mac-edition,curated_alias,reference_only_needs_verification,needs_review,False,1,Black,False,Gaming,,mechanical,Cherry MX Blue,single_colour,wired,general;gaming,gaming,65.0,84.0,missing_keyboard_size;unverified_reference_source
c1839c00ab2dbfd6fd84,docyx_pc_part_dataset_2025_07_23,keyboard,Razer Blackwidow 2014,Razer,Blackwidow 2014,keyboard:razer:blackwidow-2014,curated_alias,reference_only_needs_verification,needs_review,False,1,Black,False,Gaming,,mechanical,Razer Green,,wired,general;gaming,gaming,65.0,84.0,missing_keyboard_size;unverified_reference_source
02889c1343111e42a1cd,docyx_pc_part_dataset_2025_07_23,keyboard,Razer Blackwidow 2014 Stealth Edition,Razer,Blackwidow 2014 Stealth Edition,keyboard:razer:blackwidow-2014-stealth-edition,curated_alias,reference_only_needs_verification,needs_review,False,1,Black,False,Gaming,,mechanical,Razer Orange,,wired,general;gaming,gaming,65.0,84.0,missing_keyboard_size;unverified_reference_source
d2c6378d541d54b1cb56,docyx_pc_part_dataset_2025_07_23,keyboard,Razer Blackwidow Ultimate 2014 Stealth Edition,Razer,Blackwidow Ultimate 2014 Stealth Edition,keyboard:razer:blackwidow-ultimate-2014-stealth-edition,curated_alias,reference_only_needs_verification,needs_review,False,1,Black,False,Gaming,,mechanical,Razer Orange,single_colour,wired,general;gaming,gaming,65.0,84.0,missing_keyboard_size;unverified_reference_source
543ae2971c2ef8f5c308,docyx_pc_part_dataset_2025_07_23,keyboard,Razer Blackwidow Ultimate Dragon Age II Edition,Razer,Blackwidow Ultimate Dragon Age II Edition,keyboard:razer:blackwidow-ultimate-dragon-age-ii-edition,curated_alias,reference_only_needs_verification,needs_review,False,1,Black,False,Gaming,,mechanical,Cherry MX Blue,single_colour,wired,general;gaming,gaming,65.0,84.0,missing_keyboard_size;unverified_reference_source
b4a75650a6752c5f32be,docyx_pc_part_dataset_2025_07_23,keyboard,Razer Blackwidow X Chroma,Razer,Blackwidow X Chroma,keyboard:razer:blackwidow-x-chroma,curated_alias,reference_only_needs_verification,needs_review,False,1,Black,False,Gaming,,mechanical,Razer Green,rgb,wired,general;gaming,gaming,65.0,84.0,missing_keyboard_size;unverified_reference_source
2f12afc3c673c0de6ac4,docyx_pc_part_dataset_2025_07_23,keyboard,Razer Chroma Blackwidow Professional,Razer,Chroma Blackwidow Professional,keyboard:razer:chroma-blackwidow-professional,curated_alias,reference_only_needs_verification,needs_review,False,1,Black,False,Gaming,,mechanical,Razer Green,rgb,wired,general;gaming,gaming,65.0,84.0,missing_keyboard_size;unverified_reference_source
d6908ec959bd67b038c6,docyx_pc_part_dataset_2025_07_23,keyboard,Razer Huntsman,Razer,Huntsman,keyboard:razer:huntsman,curated_alias,reference_only_needs_verification,needs_review,False,1,Black,False,Gaming,,mechanical,Razer Purple,rgb,wired,general;gaming,gaming,65.0,84.0,missing_keyboard_size;unverified_reference_source
c1637d602f54bdb15380,docyx_pc_part_dataset_2025_07_23,keyboard,Razer Huntsman Elite,Razer,Huntsman Elite,keyboard:razer:huntsman-elite,curated_alias,reference_only_needs_verification,needs_review,False,2,Black,False,Gaming,,optical,Razer Red Optical Linear,rgb,wired,general;gaming,gaming,65.0,84.0,missing_keyboard_size;unverified_reference_source;identity_duplicates_collapsed
f07b8603cce70a5972bc,docyx_pc_part_dataset_2025_07_23,keyboard,Razer Huntsman Gears of War 5 Edition,Razer,Huntsman Gears of War 5 Edition,keyboard:razer:huntsman-gears-of-war-5-edition,curated_alias,reference_only_needs_verification,needs_review,False,1,Black;Gray,False,Gaming,,optical,Razer Purple Optical Clicky,rgb,wired,general;gaming,gaming,65.0,84.0,missing_keyboard_size;unverified_reference_source
32a22a604094ac692ec0,docyx_pc_part_dataset_2025_07_23,keyboard,Redragon K550 RGB YAMA,Redragon,K550 RGB YAMA,keyboard:redragon:k550-rgb-yama,curated_alias,reference_only_needs_verification,needs_review,False,1,Black,False,Gaming,,mechanical,Outemu Purple,rgb,wired,general;gaming,gaming,65.0,84.0,missing_keyboard_size;unverified_reference_source
6728d86c73622980cf9d,docyx_pc_part_dataset_2025_07_23,keyboard,Redragon K550-W RGB Yama,Redragon,K550-W RGB Yama,keyboard:redragon:k550-w-rgb-yama,curated_alias,reference_only_needs_verification,needs_review,False,1,White,False,Gaming,,mechanical,Outemu Purple,rgb,wired,general;gaming,gaming,65.0,84.0,missing_keyboard_size;unverified_reference_source
1fa70cf57f4789cac610,docyx_pc_part_dataset_2025_07_23,keyboard,Redragon K551-RGB,Redragon,K551-RGB,keyboard:redragon:k551-rgb,curated_alias,reference_only_needs_verification,needs_review,False,1,Black,False,Gaming,,mechanical,Outemu Blue,rgb,wired,general;gaming,gaming,65.0,84.0,missing_keyboard_size;unverified_reference_source
7852fcc3d0bc0f1cef8c,docyx_pc_part_dataset_2025_07_23,keyboard,Redragon K555 INDRAH RGB,Redragon,K555 INDRAH RGB,keyboard:redragon:k555-indrah-rgb,curated_alias,reference_only_needs_verification,needs_review,False,1,Black,False,Gaming,,mechanical,Outemu Blue,rgb,wired,general;gaming,gaming,65.0,84.0,missing_keyboard_size;unverified_reference_source
2d2e8955878a8a297684,docyx_pc_part_dataset_2025_07_23,keyboard,Redragon K555-RGB,Redragon,K555-RGB,keyboard:redragon:k555-rgb,curated_alias,reference_only_needs_verification,needs_review,False,1,Black,False,Gaming,,mechanical,Outemu Blue,rgb,wired,general;gaming,gaming,65.0,84.0,missing_keyboard_size;unverified_reference_source
2d0dabbd3761c722d60f,docyx_pc_part_dataset_2025_07_23,keyboard,Redragon K580 VATA,Redragon,K580 VATA,keyboard:redragon:k580-vata,curated_alias,reference_only_needs_verification,needs_review,False,1,Black,False,Gaming,,mechanical,Outemu Blue,rgb,wired,general;gaming,gaming,65.0,84.0,missing_keyboard_size;unverified_reference_source
398db079d6d4b68a1ae6,docyx_pc_part_dataset_2025_07_23,keyboard,Redragon KALA K557,Redragon,KALA K557,keyboard:redragon:kala-k557,curated_alias,reference_only_needs_verification,needs_review,False,1,Black,False,Gaming,,mechanical,Outemu Blue,rgb,wired,general;gaming,gaming,65.0,84.0,missing_keyboard_size;unverified_reference_source
94357b8b145c9bf5bdc5,docyx_pc_part_dataset_2025_07_23,keyboard,Redragon Varuna K559,Redragon,Varuna K559,keyboard:redragon:varuna-k559,curated_alias,reference_only_needs_verification,needs_review,False,1,Black,False,Gaming,,mechanical,Outemu Blue,rgb,wired,general;gaming,gaming,65.0,84.0,missing_keyboard_size;unverified_reference_source
bdab2b6f6ea2134fe30c,docyx_pc_part_dataset_2025_07_23,keyboard,SteelSeries Apex M750,SteelSeries,Apex M750,keyboard:steelseries:apex-m750,curated_alias,reference_only_needs_verification,needs_review,False,1,Black,False,Gaming,,mechanical,SteelSeries QX2 Red,rgb,wired,general;gaming,gaming,65.0,84.0,missing_keyboard_size;unverified_reference_source
813a943d0cf1489e4a52,docyx_pc_part_dataset_2025_07_23,keyboard,SteelSeries Apex M750 UK,SteelSeries,Apex M750 UK,keyboard:steelseries:apex-m750-uk,curated_alias,reference_only_needs_verification,needs_review,False,1,Black,False,Gaming,,mechanical,SteelSeries QX2 Red,rgb,wired,general;gaming,gaming,65.0,84.0,missing_keyboard_size;unverified_reference_source
7ec45e1714dfa7f34dc9,docyx_pc_part_dataset_2025_07_23,keyboard,SteelSeries Apex M800,SteelSeries,Apex M800,keyboard:steelseries:apex-m800,curated_alias,reference_only_needs_verification,needs_review,False,1,Black,False,Gaming,,mechanical,SteelSeries QS1,rgb,wired,general;gaming,gaming,65.0,84.0,missing_keyboard_size;unverified_reference_source
f5a039cc2fc1358289ff,docyx_pc_part_dataset_2025_07_23,keyboard,Logitech G610,Logitech,G610,keyboard:logitech:g610,curated_alias,reference_only_needs_verification,needs_review,False,2,Black,True,Gaming,,mechanical,Cherry MX Red,single_colour,wired,general;gaming,gaming,65.0,81.0,missing_keyboard_size;unverified_reference_source;identity_duplicates_collapsed
8601eb0ce81c18e0e80a,docyx_pc_part_dataset_2025_07_23,keyboard,Logitech G710,Logitech,G710,keyboard:logitech:g710,curated_alias,reference_only_needs_verification,needs_review,False,1,Black;Blue,True,Gaming,,mechanical,Cherry MX Blue,single_colour,wired,general;gaming,gaming,65.0,81.0,missing_keyboard_size;unverified_reference_source
c535f1c42bc68d24d36e,docyx_pc_part_dataset_2025_07_23,keyboard,Logitech G815,Logitech,G815,keyboard:logitech:g815,curated_alias,reference_only_needs_verification,needs_review,False,1,Silver;White,True,Gaming,,mechanical,Logitech GL Tactile,rgb,wired,general;gaming,gaming,65.0,81.0,missing_keyboard_size;unverified_reference_source
9afe88adb324fb03bf53,docyx_pc_part_dataset_2025_07_23,keyboard,Logitech G915 X,Logitech,G915 X,keyboard:logitech:g915-x,curated_alias,reference_only_needs_verification,needs_review,False,13,Black,True,Gaming,,mechanical,Logitech GL Tactile,rgb,wired,general;gaming,gaming,65.0,81.0,missing_keyboard_size;unverified_reference_source;identity_duplicates_collapsed
598cd55b71054a31d284,docyx_pc_part_dataset_2025_07_23,keyboard,Asus Cerberus,ASUS,Cerberus,keyboard:asus:cerberus,curated_alias,reference_only_needs_verification,needs_review,False,1,Black,False,Gaming,,,,single_colour,wired,general;gaming,gaming,65.0,80.0,missing_keyboard_size;unverified_reference_source
f123a20a4d0bbed6ff65,docyx_pc_part_dataset_2025_07_23,keyboard,Asus Cerberus Arctic,ASUS,Cerberus Arctic,keyboard:asus:cerberus-arctic,curated_alias,reference_only_needs_verification,needs_review,False,1,Black;White,False,Gaming,,,,single_colour,wired,general;gaming,gaming,65.0,80.0,missing_keyboard_size;unverified_reference_source
9d6ba337ec55083e4837,docyx_pc_part_dataset_2025_07_23,keyboard,Asus TUF GAMING K5,ASUS,TUF GAMING K5,keyboard:asus:tuf-gaming-k5,curated_alias,reference_only_needs_verification,needs_review,False,1,Black,False,Gaming,,,,rgb,wired,general;gaming,gaming,65.0,80.0,missing_keyboard_size;unverified_reference_source
e1984e6371862d02d075,docyx_pc_part_dataset_2025_07_23,keyboard,Asus TUF Gaming Combo K1 & M3,ASUS,TUF Gaming Combo K1 & M3,keyboard:asus:tuf-gaming-combo-k1-m3,curated_alias,reference_only_needs_verification,needs_review,False,1,Gunmetal,False,Gaming,,,,rgb,wired,general;gaming,gaming,65.0,80.0,missing_keyboard_size;unverified_reference_source
48e0b77000950b71b1aa,docyx_pc_part_dataset_2025_07_23,keyboard,Cooler Master CM Storm Devastator - OEM,Cooler Master,CM Storm Devastator - OEM,keyboard:cooler-master:cm-storm-devastator-oem,curated_alias,reference_only_needs_verification,needs_review,False,3,Black,False,Gaming,,,,single_colour,wired,general;gaming,gaming,65.0,80.0,missing_keyboard_size;unverified_reference_source;identity_duplicates_collapsed
a7ae418a97cfbbd0293a,docyx_pc_part_dataset_2025_07_23,keyboard,Cooler Master Devastator 3,Cooler Master,Devastator 3,keyboard:cooler-master:devastator-3,curated_alias,reference_only_needs_verification,needs_review,False,1,Black,False,Gaming,,,,single_colour,wired,general;gaming,gaming,65.0,80.0,missing_keyboard_size;unverified_reference_source
0776d17a85b3407ac0df,docyx_pc_part_dataset_2025_07_23,keyboard,Cooler Master Devastator 3 (2022),Cooler Master,Devastator 3 (2022),keyboard:cooler-master:devastator-3-2022,curated_alias,reference_only_needs_verification,needs_review,False,1,Black,False,Gaming,,,,rgb,wired,general;gaming,gaming,65.0,80.0,missing_keyboard_size;unverified_reference_source
af73a935ebb34759b379,docyx_pc_part_dataset_2025_07_23,keyboard,Cooler Master Devastator II,Cooler Master,Devastator II,keyboard:cooler-master:devastator-ii,curated_alias,reference_only_needs_verification,needs_review,False,3,Black,False,Gaming,,,,single_colour,wired,general;gaming,gaming,65.0,80.0,missing_keyboard_size;unverified_reference_source;identity_duplicates_collapsed
7d5786eb3ed68d104040,docyx_pc_part_dataset_2025_07_23,keyboard,Cooler Master Lite L,Cooler Master,Lite L,keyboard:cooler-master:lite-l,curated_alias,reference_only_needs_verification,needs_review,False,1,Black,False,Gaming,,,,rgb,wired,general;gaming,gaming,65.0,80.0,missing_keyboard_size;unverified_reference_source
4e4a9f5b4e8556c9883a,docyx_pc_part_dataset_2025_07_23,keyboard,Cooler Master MasterSet MS120 (DE),Cooler Master,MasterSet MS120 (DE),keyboard:cooler-master:masterset-ms120-de,curated_alias,reference_only_needs_verification,needs_review,False,1,Black,False,Gaming,,,,rgb,wired,general;gaming,gaming,65.0,80.0,missing_keyboard_size;unverified_reference_source
efd2777d62e3a020a04c,docyx_pc_part_dataset_2025_07_23,keyboard,Cooler Master MasterSet MS120 (ES),Cooler Master,MasterSet MS120 (ES),keyboard:cooler-master:masterset-ms120-es,curated_alias,reference_only_needs_verification,needs_review,False,1,Black,False,Gaming,,,,rgb,wired,general;gaming,gaming,65.0,80.0,missing_keyboard_size;unverified_reference_source
89fc25ebf088f2fe21c2,docyx_pc_part_dataset_2025_07_23,keyboard,Cooler Master MasterSet MS120 (FR),Cooler Master,MasterSet MS120 (FR),keyboard:cooler-master:masterset-ms120-fr,curated_alias,reference_only_needs_verification,needs_review,False,1,Black,False,Gaming,,,,rgb,wired,general;gaming,gaming,65.0,80.0,missing_keyboard_size;unverified_reference_source
7ec9910f1d552820d4af,docyx_pc_part_dataset_2025_07_23,keyboard,Cooler Master MasterSet MS120 (IT),Cooler Master,MasterSet MS120 (IT),keyboard:cooler-master:masterset-ms120-it,curated_alias,reference_only_needs_verification,needs_review,False,1,Black,False,Gaming,,,,rgb,wired,general;gaming,gaming,65.0,80.0,missing_keyboard_size;unverified_reference_source
91484a20722046d2f611,docyx_pc_part_dataset_2025_07_23,keyboard,Cooler Master MasterSet MS120 (UK),Cooler Master,MasterSet MS120 (UK),keyboard:cooler-master:masterset-ms120-uk,curated_alias,reference_only_needs_verification,needs_review,False,1,Black,False,Gaming,,,,rgb,wired,general;gaming,gaming,65.0,80.0,missing_keyboard_size;unverified_reference_source
9918d3152c26f2559b94,docyx_pc_part_dataset_2025_07_23,keyboard,Cooler Master OCTANE,Cooler Master,OCTANE,keyboard:cooler-master:octane,curated_alias,reference_only_needs_verification,needs_review,False,1,Black,False,Gaming,,,,single_colour,wired,general;gaming,gaming,65.0,80.0,missing_keyboard_size;unverified_reference_source
6db52ddd4590d4713715,docyx_pc_part_dataset_2025_07_23,keyboard,Corsair K55 + HARPOON RGB,Corsair,K55 + HARPOON RGB,keyboard:corsair:k55-harpoon-rgb,curated_alias,reference_only_needs_verification,needs_review,False,1,Black,False,Gaming,,,,rgb,wired,general;gaming,gaming,65.0,80.0,missing_keyboard_size;unverified_reference_source
8f2d06cd8f68f048f479,docyx_pc_part_dataset_2025_07_23,keyboard,Corsair K55 CORE RGB,Corsair,K55 CORE RGB,keyboard:corsair:k55-core-rgb,curated_alias,reference_only_needs_verification,needs_review,False,16,Black;Gray,False,Gaming,,,,rgb,wired,general;gaming,gaming,65.0,80.0,missing_keyboard_size;unverified_reference_source;identity_duplicates_collapsed
31d98fe1098cec61e61f,docyx_pc_part_dataset_2025_07_23,keyboard,Corsair K55 RGB,Corsair,K55 RGB,keyboard:corsair:k55-rgb,curated_alias,reference_only_needs_verification,needs_review,False,1,Black,False,Gaming,,,,rgb,wired,general;gaming,gaming,65.0,80.0,missing_keyboard_size;unverified_reference_source
31fc7fe93df0fd6d5dbf,docyx_pc_part_dataset_2025_07_23,keyboard,Corsair K57 RGB,Corsair,K57 RGB,keyboard:corsair:k57-rgb,curated_alias,reference_only_needs_verification,needs_review,False,1,Black,False,Gaming,,,,rgb,wireless;bluetooth,general;gaming;portable,gaming,65.0,80.0,missing_keyboard_size;unverified_reference_source
d6dea23eb3b5b280e73d,docyx_pc_part_dataset_2025_07_23,keyboard,Corsair Raptor K30,Corsair,Raptor K30,keyboard:corsair:raptor-k30,curated_alias,reference_only_needs_verification,needs_review,False,1,Black;Silver,False,Gaming,,,,single_colour,wired,general;gaming,gaming,65.0,80.0,missing_keyboard_size;unverified_reference_source
391c8a161698275af236,docyx_pc_part_dataset_2025_07_23,keyboard,Corsair Raptor K40,Corsair,Raptor K40,keyboard:corsair:raptor-k40,curated_alias,reference_only_needs_verification,needs_review,False,1,Black;Silver,False,Gaming,,,,rgb,wired,general;gaming,gaming,65.0,80.0,missing_keyboard_size;unverified_reference_source
c4174d0e2ec8eae3ab20,docyx_pc_part_dataset_2025_07_23,keyboard,Corsair Raptor K50,Corsair,Raptor K50,keyboard:corsair:raptor-k50,curated_alias,reference_only_needs_verification,needs_review,False,1,Black,False,Gaming,,,,rgb,wired,general;gaming,gaming,65.0,80.0,missing_keyboard_size;unverified_reference_source
ce15ede8d6d182df6fed,docyx_pc_part_dataset_2025_07_23,keyboard,Logitech Call of Duty: MW3 Edition,Logitech,Call of Duty: MW3 Edition,keyboard:logitech:call-of-duty-mw3-edition,curated_alias,reference_only_needs_verification,needs_review,False,1,Black,False,Gaming,,,,single_colour,wired,general;gaming,gaming,65.0,80.0,missing_keyboard_size;unverified_reference_source
dffab065cef732f89f79,docyx_pc_part_dataset_2025_07_23,keyboard,Logitech K750 Keyboard,Logitech,K750 Keyboard,keyboard:logitech:k750-keyboard,curated_alias,reference_only_needs_verification,needs_review,False,1,Black;Silver,False,Slim,,,,,wireless,general;portable,portable,65.0,80.0,missing_keyboard_size;unverified_reference_source
f7a9c349e9879a22b2b7,docyx_pc_part_dataset_2025_07_23,keyboard,Logitech Solar Keyboard K750 for Mac,Logitech,Solar Keyboard K750 for Mac,keyboard:logitech:solar-keyboard-k750-for-mac,curated_alias,reference_only_needs_verification,needs_review,False,2,Black;Blue;White,False,Slim,,,,,wireless,general;portable,portable,65.0,80.0,missing_keyboard_size;unverified_reference_source;identity_duplicates_collapsed
76a0c6e788df4f6a1c74,docyx_pc_part_dataset_2025_07_23,keyboard,Logitech Wireless Keyboard K360,Logitech,Wireless Keyboard K360,keyboard:logitech:wireless-keyboard-k360,curated_alias,reference_only_needs_verification,needs_review,False,1,Black,False,Slim,,,,,wireless,general;portable,portable,65.0,80.0,missing_keyboard_size;unverified_reference_source
2d8390de14b9ea306016,docyx_pc_part_dataset_2025_07_23,keyboard,Logitech Wireless Solar Keyboard K750 for Mac,Logitech,Wireless Solar Keyboard K750 for Mac,keyboard:logitech:wireless-solar-keyboard-k750-for-mac,curated_alias,reference_only_needs_verification,needs_review,False,1,Silver;White,False,Slim,,,,,wireless,general;portable,portable,65.0,80.0,missing_keyboard_size;unverified_reference_source
a04db741032a80476e0a,docyx_pc_part_dataset_2025_07_23,keyboard,Razer Anansi,Razer,Anansi,keyboard:razer:anansi,curated_alias,reference_only_needs_verification,needs_review,False,2,Black,False,Gaming,,,,,wired,general;gaming,gaming,65.0,80.0,missing_keyboard_size;unverified_reference_source;identity_duplicates_collapsed
a3771a334ec904c1f9a1,docyx_pc_part_dataset_2025_07_23,keyboard,Razer Cynosa Chroma,Razer,Cynosa Chroma,keyboard:razer:cynosa-chroma,curated_alias,reference_only_needs_verification,needs_review,False,1,Black,False,Gaming,,,,rgb,wired,general;gaming,gaming,65.0,80.0,missing_keyboard_size;unverified_reference_source
704298a77b162fba909d,docyx_pc_part_dataset_2025_07_23,keyboard,Razer Cynosa Lite,Razer,Cynosa Lite,keyboard:razer:cynosa-lite,curated_alias,reference_only_needs_verification,needs_review,False,1,Black,False,Gaming,,,,rgb,wired,general;gaming,gaming,65.0,80.0,missing_keyboard_size;unverified_reference_source
c2d73a9b71fb18df4808,docyx_pc_part_dataset_2025_07_23,keyboard,Razer DeathStalker Chroma,Razer,DeathStalker Chroma,keyboard:razer:deathstalker-chroma,curated_alias,reference_only_needs_verification,needs_review,False,1,Black,False,Gaming,,,,rgb,wired,general;gaming,gaming,65.0,80.0,missing_keyboard_size;unverified_reference_source
a087f7f320cfc8bd7f49,docyx_pc_part_dataset_2025_07_23,keyboard,Razer DeathStalker Essential,Razer,DeathStalker Essential,keyboard:razer:deathstalker-essential,curated_alias,reference_only_needs_verification,needs_review,False,2,Black,False,Gaming,,,,,wired,general;gaming,gaming,65.0,80.0,missing_keyboard_size;unverified_reference_source;identity_duplicates_collapsed
ab7d18f6bfd0923f9949,docyx_pc_part_dataset_2025_07_23,keyboard,Razer DeathStalker Ultimate,Razer,DeathStalker Ultimate,keyboard:razer:deathstalker-ultimate,curated_alias,reference_only_needs_verification,needs_review,False,1,Black,False,Gaming,,,,,wired,general;gaming,gaming,65.0,80.0,missing_keyboard_size;unverified_reference_source
6db43e3c8316023f2940,docyx_pc_part_dataset_2025_07_23,keyboard,Razer Deathstalker Expert,Razer,Deathstalker Expert,keyboard:razer:deathstalker-expert,curated_alias,reference_only_needs_verification,needs_review,False,1,Black,False,Gaming,,,,single_colour,wired,general;gaming,gaming,65.0,80.0,missing_keyboard_size;unverified_reference_source
7b681813d8f72f240d3b,docyx_pc_part_dataset_2025_07_23,keyboard,Razer Lycosa,Razer,Lycosa,keyboard:razer:lycosa,curated_alias,reference_only_needs_verification,needs_review,False,1,Black,False,Gaming,,,,single_colour,wired,general;gaming,gaming,65.0,80.0,missing_keyboard_size;unverified_reference_source
9c43e561c73bc6d2467d,docyx_pc_part_dataset_2025_07_23,keyboard,Razer Lycosa Mirror,Razer,Lycosa Mirror,keyboard:razer:lycosa-mirror,curated_alias,reference_only_needs_verification,needs_review,False,1,Black,False,Gaming,,,,single_colour,wired,general;gaming,gaming,65.0,80.0,missing_keyboard_size;unverified_reference_source
cfcfe01642b8a5b6e4ea,docyx_pc_part_dataset_2025_07_23,keyboard,Razer Marauder StarCraft II,Razer,Marauder StarCraft II,keyboard:razer:marauder-starcraft-ii,curated_alias,reference_only_needs_verification,needs_review,False,1,Black,False,Gaming,,,,,wired,general;gaming,gaming,65.0,80.0,missing_keyboard_size;unverified_reference_source
4df5d47e97d9fca008e8,docyx_pc_part_dataset_2025_07_23,keyboard,Razer Marauder StarCraft II Heart of the Swarm,Razer,Marauder StarCraft II Heart of the Swarm,keyboard:razer:marauder-starcraft-ii-heart-of-the-swarm,curated_alias,reference_only_needs_verification,needs_review,False,1,Black,False,Gaming,,,,single_colour,wired,general;gaming,gaming,65.0,80.0,missing_keyboard_size;unverified_reference_source
06aeebeb763ce254c86c,docyx_pc_part_dataset_2025_07_23,keyboard,Razer Ornata,Razer,Ornata,keyboard:razer:ornata,curated_alias,reference_only_needs_verification,needs_review,False,1,Black,False,Gaming,,,,single_colour,wired,general;gaming,gaming,65.0,80.0,missing_keyboard_size;unverified_reference_source
089e8d8d3b1931222471,docyx_pc_part_dataset_2025_07_23,keyboard,Razer Ornata V2,Razer,Ornata V2,keyboard:razer:ornata-v2,curated_alias,reference_only_needs_verification,needs_review,False,1,Black,False,Gaming,,,,rgb,wired,general;gaming,gaming,65.0,80.0,missing_keyboard_size;unverified_reference_source
21cc47116f0da6e65ce9,docyx_pc_part_dataset_2025_07_23,keyboard,Razer TRON,Razer,TRON,keyboard:razer:tron,curated_alias,reference_only_needs_verification,needs_review,False,1,Black,False,Gaming,,,,single_colour,wired,general;gaming,gaming,65.0,80.0,missing_keyboard_size;unverified_reference_source
893df83a22694ddf056b,docyx_pc_part_dataset_2025_07_23,keyboard,Razer Tartarus Chroma Expert,Razer,Tartarus Chroma Expert,keyboard:razer:tartarus-chroma-expert,curated_alias,reference_only_needs_verification,needs_review,False,1,Black,False,Gaming,,,,rgb,wired,general;gaming,gaming,65.0,80.0,missing_keyboard_size;unverified_reference_source
5cde28d283a2f1f76319,docyx_pc_part_dataset_2025_07_23,keyboard,Redragon ASURA K501,Redragon,ASURA K501,keyboard:redragon:asura-k501,curated_alias,reference_only_needs_verification,needs_review,False,1,Black;Red,False,Gaming,,,,single_colour,wired,general;gaming,gaming,65.0,80.0,missing_keyboard_size;unverified_reference_source
0d2905d777a99b9633c2,docyx_pc_part_dataset_2025_07_23,keyboard,Redragon Karura K502,Redragon,Karura K502,keyboard:redragon:karura-k502,curated_alias,reference_only_needs_verification,needs_review,False,1,Black,False,Gaming,,,,rgb,wired,general;gaming,gaming,65.0,80.0,missing_keyboard_size;unverified_reference_source
134a3ce94400e3abf9c5,docyx_pc_part_dataset_2025_07_23,keyboard,SteelSeries APEX,SteelSeries,APEX,keyboard:steelseries:apex,curated_alias,reference_only_needs_verification,needs_review,False,1,Black,False,Gaming,,,,rgb,wired,general;gaming,gaming,65.0,80.0,missing_keyboard_size;unverified_reference_source
3355aa1f735ab39491c6,docyx_pc_part_dataset_2025_07_23,keyboard,SteelSeries Apex 150,SteelSeries,Apex 150,keyboard:steelseries:apex-150,curated_alias,reference_only_needs_verification,needs_review,False,1,Black,False,Gaming,,,,,wired,general;gaming,gaming,65.0,80.0,missing_keyboard_size;unverified_reference_source
e36a74fb0e647ef926c9,docyx_pc_part_dataset_2025_07_23,keyboard,SteelSeries Apex [RAW],SteelSeries,Apex [RAW],keyboard:steelseries:apex-raw,curated_alias,reference_only_needs_verification,needs_review,False,1,Black,False,Gaming,,,,single_colour,wired,general;gaming,gaming,65.0,80.0,missing_keyboard_size;unverified_reference_source
b2ee950a6ab1a2321a8d,docyx_pc_part_dataset_2025_07_23,keyboard,SteelSeries PW1CAE1-B3ZBD01,SteelSeries,PW1CAE1-B3ZBD01,keyboard:steelseries:pw1cae1-b3zbd01,curated_alias,reference_only_needs_verification,needs_review,False,1,Black;White,False,Gaming,,,,,wired,general;gaming,gaming,65.0,80.0,missing_keyboard_size;unverified_reference_source
a8dd22d77cf387dd43c9,docyx_pc_part_dataset_2025_07_23,keyboard,SteelSeries Shift Medal of Honor Edition,SteelSeries,Shift Medal of Honor Edition,keyboard:steelseries:shift-medal-of-honor-edition,curated_alias,reference_only_needs_verification,needs_review,False,1,Black,False,Gaming,,,,,wired,general;gaming,gaming,65.0,80.0,missing_keyboard_size;unverified_reference_source
1cd12b78b176447fe609,docyx_pc_part_dataset_2025_07_23,keyboard,SteelSeries Zboard,SteelSeries,Zboard,keyboard:steelseries:zboard,curated_alias,reference_only_needs_verification,needs_review,False,1,Black;Silver,False,Gaming,,,,,wired,general;gaming,gaming,65.0,80.0,missing_keyboard_size;unverified_reference_source
11519b0d3c000f86ea14,docyx_pc_part_dataset_2025_07_23,keyboard,SteelSeries Zboard Limited Edition StarCraft II,SteelSeries,Zboard Limited Edition StarCraft II,keyboard:steelseries:zboard-limited-edition-starcraft-ii,curated_alias,reference_only_needs_verification,needs_review,False,1,Black,False,Gaming,,,,,wired,general;gaming,gaming,65.0,80.0,missing_keyboard_size;unverified_reference_source
7df92ea1a151bca0773f,docyx_pc_part_dataset_2025_07_23,keyboard,Cherry G84-4100LCMUS-2,Cherry,G84-4100LCMUS-2,keyboard:cherry:g84-4100lcmus-2,curated_alias,reference_only_needs_verification,needs_review,False,1,Black,True,Slim,,mechanical,Cherry ML,,wired,general,productivity,65.0,79.0,missing_keyboard_size;unverified_reference_source
a66f6ebef607ff70aabf,docyx_pc_part_dataset_2025_07_23,keyboard,Cherry G84-4420LUBEU-0,Cherry,G84-4420LUBEU-0,keyboard:cherry:g84-4420lubeu-0,curated_alias,reference_only_needs_verification,needs_review,False,1,Gray,True,Slim,,mechanical,Cherry ML,,wired,general,productivity,65.0,79.0,missing_keyboard_size;unverified_reference_source
43fcfc5662f616c5fec1,docyx_pc_part_dataset_2025_07_23,keyboard,Cherry MX 10.0N,Cherry,MX 10.0N,keyboard:cherry:mx-10-0n,curated_alias,reference_only_needs_verification,needs_review,False,6,Black,True,Slim,,mechanical,Cherry MX Low Profile Speed Silver,rgb,wired,general,productivity,65.0,79.0,missing_keyboard_size;unverified_reference_source;identity_duplicates_collapsed
9c5461190ed26ad44bb2,docyx_pc_part_dataset_2025_07_23,keyboard,Cherry Ultraslim 4400 Series,Cherry,Ultraslim 4400 Series,keyboard:cherry:ultraslim-4400-series,curated_alias,reference_only_needs_verification,needs_review,False,1,Black,True,Slim,,mechanical,Cherry ML,,wired,general,productivity,65.0,79.0,missing_keyboard_size;unverified_reference_source
68bda58bd337f4de92cf,docyx_pc_part_dataset_2025_07_23,keyboard,Dell Alienware AW510K Dark side of the moon,Dell,Alienware AW510K Dark side of the moon,keyboard:dell:alienware-aw510k-dark-side-of-the-moon,curated_alias,reference_only_needs_verification,needs_review,False,1,Black;Silver,True,Gaming,,mechanical,Cherry MX Low Profile Red,rgb,wired,general;gaming,gaming,65.0,79.0,missing_keyboard_size;unverified_reference_source
96cabb79ad6050df970f,docyx_pc_part_dataset_2025_07_23,keyboard,Dell Alienware AW510K Lunar Light,Dell,Alienware AW510K Lunar Light,keyboard:dell:alienware-aw510k-lunar-light,curated_alias,reference_only_needs_verification,needs_review,False,1,Black;Silver,True,Gaming,,mechanical,Cherry MX Low Profile Red,rgb,wired,general;gaming,gaming,65.0,79.0,missing_keyboard_size;unverified_reference_source
e7ea17c4b8a63d1b53ac,docyx_pc_part_dataset_2025_07_23,keyboard,Gigabyte AORUS K1,Gigabyte,AORUS K1,keyboard:gigabyte:aorus-k1,curated_alias,reference_only_needs_verification,needs_review,False,1,Black,True,Gaming,,mechanical,Cherry MX Red,rgb,wired,general;gaming,gaming,65.0,79.0,missing_keyboard_size;unverified_reference_source
d5263d70380f09b9eb20,docyx_pc_part_dataset_2025_07_23,keyboard,HP OMEN 1100,HP,OMEN 1100,keyboard:hp:omen-1100,curated_alias,reference_only_needs_verification,needs_review,False,1,Black;Red,True,Gaming,,mechanical,Greetech Blue,single_colour,wired,general;gaming,gaming,65.0,79.0,missing_keyboard_size;unverified_reference_source
0e49d4df6b7be15a8991,docyx_pc_part_dataset_2025_07_23,keyboard,HP Pavilion 500,HP,Pavilion 500,keyboard:hp:pavilion-500,curated_alias,reference_only_needs_verification,needs_review,False,1,Black,True,Gaming,,mechanical,Gateron Red,single_colour,wired,general;gaming,gaming,65.0,79.0,missing_keyboard_size;unverified_reference_source
d2115372da306d77b1cc,docyx_pc_part_dataset_2025_07_23,keyboard,Lenovo Legion K500 RGB,Lenovo,Legion K500 RGB,keyboard:lenovo:legion-k500-rgb,curated_alias,reference_only_needs_verification,needs_review,False,1,Black,True,Gaming,,mechanical,Kailh Red,rgb,wired,general;gaming,gaming,65.0,79.0,missing_keyboard_size;unverified_reference_source
8fe0388372adbfef675a,docyx_pc_part_dataset_2025_07_23,keyboard,MSI VIGOR GK50 ELITE LL,MSI,VIGOR GK50 ELITE LL,keyboard:msi:vigor-gk50-elite-ll,curated_alias,reference_only_needs_verification,needs_review,False,1,Black;Silver,True,Gaming,,mechanical,Kailh Blue,rgb,wired,general;gaming,gaming,65.0,79.0,missing_keyboard_size;unverified_reference_source
947f8f461738c1ba20ea,docyx_pc_part_dataset_2025_07_23,keyboard,Mad Catz The Authentic S.T.R.I.K.E. 4,Mad Catz,The Authentic S.T.R.I.K.E. 4,keyboard:mad-catz:the-authentic-s-t-r-i-k-e-4,curated_alias,reference_only_needs_verification,needs_review,False,1,Black;Silver,True,Gaming,,mechanical,Cherry MX Red,single_colour,wired,general;gaming,gaming,65.0,79.0,missing_keyboard_size;unverified_reference_source
ba59ca6a0eefe75f0e48,docyx_pc_part_dataset_2025_07_23,keyboard,ROCCAT Pyro,ROCCAT,Pyro,keyboard:roccat:pyro,curated_alias,reference_only_needs_verification,needs_review,False,1,Black,True,Gaming,,mechanical,TTC Red,rgb,wired,general;gaming,gaming,65.0,79.0,missing_keyboard_size;unverified_reference_source
21177255523923f5fa2d,docyx_pc_part_dataset_2025_07_23,keyboard,ROCCAT Suora,ROCCAT,Suora,keyboard:roccat:suora,curated_alias,reference_only_needs_verification,needs_review,False,1,Black,True,Gaming,,mechanical,TTC Brown,single_colour,wired,general;gaming,gaming,65.0,79.0,missing_keyboard_size;unverified_reference_source
32e3797eba68123a6ccb,docyx_pc_part_dataset_2025_07_23,keyboard,ROCCAT Suora FX,ROCCAT,Suora FX,keyboard:roccat:suora-fx,curated_alias,reference_only_needs_verification,needs_review,False,1,Black,True,Gaming,,mechanical,Cherry MX Brown,rgb,wired,general;gaming,gaming,65.0,79.0,missing_keyboard_size;unverified_reference_source
5e853065c926418a40f1,docyx_pc_part_dataset_2025_07_23,keyboard,ROCCAT VULCAN 120 AIMO,ROCCAT,VULCAN 120 AIMO,keyboard:roccat:vulcan-120-aimo,curated_alias,reference_only_needs_verification,needs_review,False,1,Black,True,Gaming,,mechanical,Roccat Titan Brown,rgb,wired,general;gaming,gaming,65.0,79.0,missing_keyboard_size;unverified_reference_source
7dff210cd66426e1bb6e,docyx_pc_part_dataset_2025_07_23,keyboard,ROCCAT Vulcan Pro,ROCCAT,Vulcan Pro,keyboard:roccat:vulcan-pro,curated_alias,reference_only_needs_verification,needs_review,False,1,Black,True,Gaming,,mechanical,Roccat Titan Red,rgb,wired,general;gaming,gaming,65.0,79.0,missing_keyboard_size;unverified_reference_source
57c344ee5fd2c6492d6f,docyx_pc_part_dataset_2025_07_23,keyboard,Thermaltake ARGENT K5 RGB,Thermaltake,ARGENT K5 RGB,keyboard:thermaltake:argent-k5-rgb,curated_alias,reference_only_needs_verification,needs_review,False,2,Black;Silver,True,Gaming,,mechanical,Cherry MX Speed Silver,rgb,wired,general;gaming,gaming,65.0,79.0,missing_keyboard_size;unverified_reference_source;identity_duplicates_collapsed
f4984ee40fec5296d7e5,docyx_pc_part_dataset_2025_07_23,keyboard,Thermaltake ARGENT K6,Thermaltake,ARGENT K6,keyboard:thermaltake:argent-k6,curated_alias,reference_only_needs_verification,needs_review,False,1,,True,Gaming,,mechanical,Cherry MX Low Profile Red,rgb,wired,general;gaming,gaming,65.0,79.0,missing_keyboard_size;unverified_reference_source
62618c1206f425a70f32,docyx_pc_part_dataset_2025_07_23,keyboard,Thermaltake Level 20 GT,Thermaltake,Level 20 GT,keyboard:thermaltake:level-20-gt,curated_alias,reference_only_needs_verification,needs_review,False,1,Black,True,Gaming,,mechanical,Razer Green,rgb,wired,general;gaming,gaming,65.0,79.0,missing_keyboard_size;unverified_reference_source
3072f28e1b5e2d86e202,docyx_pc_part_dataset_2025_07_23,keyboard,Thermaltake Level 20 RGB,Thermaltake,Level 20 RGB,keyboard:thermaltake:level-20-rgb,curated_alias,reference_only_needs_verification,needs_review,False,2,Black,True,Gaming,,mechanical,Cherry MX Blue,rgb,wired,general;gaming,gaming,65.0,79.0,missing_keyboard_size;unverified_reference_source;identity_duplicates_collapsed
fabe8c1d36ffb92ad5fa,docyx_pc_part_dataset_2025_07_23,keyboard,Thermaltake Level 20 RGB Titanium,Thermaltake,Level 20 RGB Titanium,keyboard:thermaltake:level-20-rgb-titanium,curated_alias,reference_only_needs_verification,needs_review,False,2,Black;Silver,True,Gaming,,mechanical,Cherry MX Blue,rgb,wired,general;gaming,gaming,65.0,79.0,missing_keyboard_size;unverified_reference_source;identity_duplicates_collapsed
d870433b318cf18b2301,docyx_pc_part_dataset_2025_07_23,keyboard,Thermaltake POSEIDON Z RGB,Thermaltake,POSEIDON Z RGB,keyboard:thermaltake:poseidon-z-rgb,curated_alias,reference_only_needs_verification,needs_review,False,2,Black,True,Gaming,,mechanical,Kailh Brown,rgb,wired,general;gaming,gaming,65.0,79.0,missing_keyboard_size;unverified_reference_source;identity_duplicates_collapsed
c5fe006209f0ee4546a4,docyx_pc_part_dataset_2025_07_23,keyboard,Thermaltake Poseidon Z Forged,Thermaltake,Poseidon Z Forged,keyboard:thermaltake:poseidon-z-forged,curated_alias,reference_only_needs_verification,needs_review,False,1,Black,True,Gaming,,mechanical,Kailh Blue,single_colour,wired,general;gaming,gaming,65.0,79.0,missing_keyboard_size;unverified_reference_source
5c6af6d0fa3b5d4b1d87,docyx_pc_part_dataset_2025_07_23,keyboard,Thermaltake TT Premium X1 RGB,Thermaltake,TT Premium X1 RGB,keyboard:thermaltake:tt-premium-x1-rgb,curated_alias,reference_only_needs_verification,needs_review,False,1,Black,True,Gaming,,mechanical,Cherry MX Blue,rgb,wired,general;gaming,gaming,65.0,79.0,missing_keyboard_size;unverified_reference_source
ba5422ff4ac4ae24b452,docyx_pc_part_dataset_2025_07_23,keyboard,Thermaltake Tt eSports Meka Pro,Thermaltake,Tt eSports Meka Pro,keyboard:thermaltake:tt-esports-meka-pro,curated_alias,reference_only_needs_verification,needs_review,False,1,Black,True,Gaming,,mechanical,Cherry MX Blue,single_colour,wired,general;gaming,gaming,65.0,79.0,missing_keyboard_size;unverified_reference_source
a573c1ebff5f0903e0a9,docyx_pc_part_dataset_2025_07_23,keyboard,Logitech G105,Logitech,G105,keyboard:logitech:g105,curated_alias,reference_only_needs_verification,needs_review,False,1,Black,True,Gaming,,,,single_colour,wired,general;gaming,gaming,65.0,77.0,missing_keyboard_size;unverified_reference_source
10b958df4678fe3b0784,docyx_pc_part_dataset_2025_07_23,keyboard,Logitech G213,Logitech,G213,keyboard:logitech:g213,curated_alias,reference_only_needs_verification,needs_review,False,1,Black,True,Gaming,,,,rgb,wired,general;gaming,gaming,65.0,77.0,missing_keyboard_size;unverified_reference_source
26848ebf6536d810cb61,docyx_pc_part_dataset_2025_07_23,keyboard,Logitech K740,Logitech,K740,keyboard:logitech:k740,curated_alias,reference_only_needs_verification,needs_review,False,1,Black,True,Slim,,,,single_colour,wired,general,productivity,65.0,77.0,missing_keyboard_size;unverified_reference_source
9236cc86dab7c7e078cc,docyx_pc_part_dataset_2025_07_23,keyboard,Logitech K750,Logitech,K750,keyboard:logitech:k750,curated_alias,reference_only_needs_verification,needs_review,False,3,Black,True,Slim,,,,,wireless,general;portable,portable,65.0,77.0,missing_keyboard_size;unverified_reference_source;identity_duplicates_collapsed
95629038bb5fa929f477,docyx_pc_part_dataset_2025_07_23,keyboard,Logitech K780,Logitech,K780,keyboard:logitech:k780,curated_alias,reference_only_needs_verification,needs_review,False,2,Black,True,Slim,,,,,wireless,general;portable,portable,65.0,77.0,missing_keyboard_size;unverified_reference_source;identity_duplicates_collapsed
89293e15038e27cba5ce,docyx_pc_part_dataset_2025_07_23,keyboard,Logitech K800,Logitech,K800,keyboard:logitech:k800,curated_alias,reference_only_needs_verification,needs_review,False,2,Black,True,Slim,,,,single_colour,wireless,general;portable,portable,65.0,77.0,missing_keyboard_size;unverified_reference_source;identity_duplicates_collapsed
f200db5481abe265100e,docyx_pc_part_dataset_2025_07_23,keyboard,Logitech MK200,Logitech,MK200,keyboard:logitech:mk200,curated_alias,reference_only_needs_verification,needs_review,False,1,Black,True,Slim,,,,,wired,general,productivity,65.0,77.0,missing_keyboard_size;unverified_reference_source
fde42ace02431ee23330,docyx_pc_part_dataset_2025_07_23,keyboard,Logitech MK470,Logitech,MK470,keyboard:logitech:mk470,curated_alias,reference_only_needs_verification,needs_review,False,3,Black;Gray;Pink;White,True,Slim,,,,,wired;wireless,general;portable,portable,65.0,77.0,missing_keyboard_size;unverified_reference_source;identity_duplicates_collapsed
279c57c497796744dfdf,docyx_pc_part_dataset_2025_07_23,keyboard,Redragon S101,Redragon,S101,keyboard:redragon:s101,curated_alias,reference_only_needs_verification,needs_review,False,1,Black;Red,True,Gaming,,,,,wired,general;gaming,gaming,65.0,77.0,missing_keyboard_size;unverified_reference_source
6d17d013bd42cf9b5a97,docyx_pc_part_dataset_2025_07_23,keyboard,Cooler Master CK550,Cooler Master,CK550,keyboard:cooler-master:ck550,curated_alias,reference_only_needs_verification,needs_review,False,3,Black,False,Gaming,,mechanical,Gateron Red,rgb,wired,general;gaming,gaming,65.0,76.0,missing_keyboard_size;unverified_reference_source;identity_duplicates_collapsed
c7e6e1b1479a77304cba,docyx_pc_part_dataset_2025_07_23,keyboard,Cooler Master CK552,Cooler Master,CK552,keyboard:cooler-master:ck552,curated_alias,reference_only_needs_verification,needs_review,False,1,Black,False,Gaming,,mechanical,Gateron Red,rgb,wired,general;gaming,gaming,65.0,76.0,missing_keyboard_size;unverified_reference_source
b8334bcaab3cc1aed390,docyx_pc_part_dataset_2025_07_23,keyboard,Cooler Master MK850,Cooler Master,MK850,keyboard:cooler-master:mk850,curated_alias,reference_only_needs_verification,needs_review,False,1,Black,False,Gaming,,mechanical,Cherry MX Red,rgb,wired,general;gaming,gaming,65.0,76.0,missing_keyboard_size;unverified_reference_source
560dfb0fc7d6f6c84c24,docyx_pc_part_dataset_2025_07_23,keyboard,Cooler Master SK650,Cooler Master,SK650,keyboard:cooler-master:sk650,curated_alias,reference_only_needs_verification,needs_review,False,1,Black,False,Gaming,,mechanical,Cherry MX Low Profile Red,rgb,wired,general;gaming,gaming,65.0,76.0,missing_keyboard_size;unverified_reference_source
3d57f656a31f80cd08a9,docyx_pc_part_dataset_2025_07_23,keyboard,Cooler Master SK653,Cooler Master,SK653,keyboard:cooler-master:sk653,curated_alias,reference_only_needs_verification,needs_review,False,6,Black;Gray;Silver;White,False,Gaming,,mechanical,TTC Red Low Profile,rgb,wireless;bluetooth,general;gaming;portable,gaming,65.0,76.0,missing_keyboard_size;unverified_reference_source;identity_duplicates_collapsed
3795a472cb9786cbdb2c,docyx_pc_part_dataset_2025_07_23,keyboard,Corsair K66,Corsair,K66,keyboard:corsair:k66,curated_alias,reference_only_needs_verification,needs_review,False,1,Black,False,Gaming,,mechanical,Cherry MX Red,,wired,general;gaming,gaming,65.0,76.0,missing_keyboard_size;unverified_reference_source
cabedab9cda8ef981ef0,docyx_pc_part_dataset_2025_07_23,keyboard,Corsair K68,Corsair,K68,keyboard:corsair:k68,curated_alias,reference_only_needs_verification,needs_review,False,1,Black,False,Gaming,,mechanical,Cherry MX Red,single_colour,wired,general;gaming,gaming,65.0,76.0,missing_keyboard_size;unverified_reference_source
30755f3a36be7e7c50b6,docyx_pc_part_dataset_2025_07_23,keyboard,Corsair K70,Corsair,K70,keyboard:corsair:k70,curated_alias,reference_only_needs_verification,needs_review,False,7,Black,False,Gaming,,mechanical,Cherry MX Blue,single_colour,wired,general;gaming,gaming,65.0,76.0,missing_keyboard_size;unverified_reference_source;identity_duplicates_collapsed
c6ae13eda4f3f2dbb4d0,docyx_pc_part_dataset_2025_07_23,keyboard,Corsair K95,Corsair,K95,keyboard:corsair:k95,curated_alias,reference_only_needs_verification,needs_review,False,1,Black,False,Gaming,,mechanical,Cherry MX Red,single_colour,wired,general;gaming,gaming,65.0,76.0,missing_keyboard_size;unverified_reference_source
6f24538aef95cf067382,docyx_pc_part_dataset_2025_07_23,keyboard,Keychron Q6,Keychron,Q6,keyboard:keychron:q6,curated_alias,reference_only_needs_verification,needs_review,False,2,Blue,False,Gaming,,mechanical,Gateron G Pro Brown,rgb,wired,general;gaming,gaming,65.0,76.0,missing_keyboard_size;unverified_reference_source;identity_duplicates_collapsed
5822b8578268cc9a8e47,docyx_pc_part_dataset_2025_07_23,keyboard,Redragon K551,Redragon,K551,keyboard:redragon:k551,curated_alias,reference_only_needs_verification,needs_review,False,1,Black;Red,False,Gaming,,mechanical,Outemu Blue,single_colour,wired,general;gaming,gaming,65.0,76.0,missing_keyboard_size;unverified_reference_source
442a9537c638b73a99d1,docyx_pc_part_dataset_2025_07_23,keyboard,Redragon K551-R,Redragon,K551-R,keyboard:redragon:k551-r,curated_alias,reference_only_needs_verification,needs_review,False,1,Black,False,Gaming,,mechanical,Outemu Blue,rgb,wired,general;gaming,gaming,65.0,76.0,missing_keyboard_size;unverified_reference_source
d1dbba6be8b7369e1947,docyx_pc_part_dataset_2025_07_23,keyboard,HP Business Slim,HP,Business Slim,keyboard:hp:business-slim,curated_alias,reference_only_needs_verification,needs_review,False,1,Black,True,Slim,,,,,wired,general,productivity,65.0,75.0,missing_keyboard_size;unverified_reference_source
7f21705faf381fe373e6,docyx_pc_part_dataset_2025_07_23,keyboard,HP Link-5,HP,Link-5,keyboard:hp:link-5,curated_alias,reference_only_needs_verification,needs_review,False,2,Black,True,Slim,,,,,wireless,general;portable,portable,65.0,75.0,missing_keyboard_size;unverified_reference_source;identity_duplicates_collapsed
90f14a76c1b47dede81d,docyx_pc_part_dataset_2025_07_23,keyboard,Kensington Advance Fit Full-Size Slim Keyboard,Kensington,Advance Fit Full-Size Slim Keyboard,keyboard:kensington:advance-fit-full-size-slim-keyboard,curated_alias,reference_only_needs_verification,needs_review,False,1,Black,True,Slim,,,,,wired,general,productivity,65.0,75.0,missing_keyboard_size;unverified_reference_source
8c5e9eee2f7617b8eb33,docyx_pc_part_dataset_2025_07_23,keyboard,Kensington K72344US,Kensington,K72344US,keyboard:kensington:k72344us,curated_alias,reference_only_needs_verification,needs_review,False,1,Black,True,Slim,,,,,wireless,general;portable,portable,65.0,75.0,missing_keyboard_size;unverified_reference_source
0177ffbf7aa128944e8b,docyx_pc_part_dataset_2025_07_23,keyboard,Kensington K72357US,Kensington,K72357US,keyboard:kensington:k72357us,curated_alias,reference_only_needs_verification,needs_review,False,1,Black,True,Slim,,,,,wired,general,productivity,65.0,75.0,missing_keyboard_size;unverified_reference_source
4b3cefb08adb2073742e,docyx_pc_part_dataset_2025_07_23,keyboard,Kensington K72357USA,Kensington,K72357USA,keyboard:kensington:k72357usa,curated_alias,reference_only_needs_verification,needs_review,False,1,Black,True,Slim,,,,,wired,general,productivity,65.0,75.0,missing_keyboard_size;unverified_reference_source
8c5321fedf330286725c,docyx_pc_part_dataset_2025_07_23,keyboard,MSI VIGOR,MSI,VIGOR,keyboard:msi:vigor,curated_alias,reference_only_needs_verification,needs_review,False,2,Black;Gray,True,Gaming,,,,rgb,wired,general;gaming,gaming,65.0,75.0,missing_keyboard_size;unverified_reference_source;identity_duplicates_collapsed
2c13eee1d6b36239cf6a,docyx_pc_part_dataset_2025_07_23,keyboard,MSI Vigor GK30,MSI,Vigor GK30,keyboard:msi:vigor-gk30,curated_alias,reference_only_needs_verification,needs_review,False,2,Black;White,True,Gaming,,,,rgb,wired,general;gaming,gaming,65.0,75.0,missing_keyboard_size;unverified_reference_source;identity_duplicates_collapsed
01c7a743c2317d5f8e90,docyx_pc_part_dataset_2025_07_23,keyboard,Mad Catz The Authentic S.T.R.I.K.E. 2,Mad Catz,The Authentic S.T.R.I.K.E. 2,keyboard:mad-catz:the-authentic-s-t-r-i-k-e-2,curated_alias,reference_only_needs_verification,needs_review,False,1,Black,True,Gaming,,,,single_colour,wired,general;gaming,gaming,65.0,75.0,missing_keyboard_size;unverified_reference_source
c3ed5bbc96bc86de1555,docyx_pc_part_dataset_2025_07_23,keyboard,Microsoft ANB-00001,Microsoft,ANB-00001,keyboard:microsoft:anb-00001,curated_alias,reference_only_needs_verification,needs_review,False,1,Black,True,Slim,,,,,wired,general,productivity,65.0,75.0,missing_keyboard_size;unverified_reference_source
2302350c9d014280766e,docyx_pc_part_dataset_2025_07_23,keyboard,Microsoft APB-00001,Microsoft,APB-00001,keyboard:microsoft:apb-00001,curated_alias,reference_only_needs_verification,needs_review,False,1,Black,True,Slim,,,,,wired,general,productivity,65.0,75.0,missing_keyboard_size;unverified_reference_source
ff01d8fcee723146c130,docyx_pc_part_dataset_2025_07_23,keyboard,Microsoft Designer Bluetooth Desktop,Microsoft,Designer Bluetooth Desktop,keyboard:microsoft:designer-bluetooth-desktop,curated_alias,reference_only_needs_verification,needs_review,False,1,Black,True,Slim,,,,,wireless;bluetooth,general;portable,portable,65.0,75.0,missing_keyboard_size;unverified_reference_source
67479b160caa16a866af,docyx_pc_part_dataset_2025_07_23,keyboard,Microsoft Desktop for Business,Microsoft,Desktop for Business,keyboard:microsoft:desktop-for-business,curated_alias,reference_only_needs_verification,needs_review,False,1,Black,True,Slim,,,,,wired;wireless;bluetooth,general;portable,portable,65.0,75.0,missing_keyboard_size;unverified_reference_source
d6fb8f399e9bd83bff7a,docyx_pc_part_dataset_2025_07_23,keyboard,Microsoft QHG-00001,Microsoft,QHG-00001,keyboard:microsoft:qhg-00001,curated_alias,reference_only_needs_verification,needs_review,False,1,Black,True,Slim,,,,,wired;wireless;bluetooth,general;portable,portable,65.0,75.0,missing_keyboard_size;unverified_reference_source
7f89d162eb48da74b564,docyx_pc_part_dataset_2025_07_23,keyboard,Microsoft Reclusa,Microsoft,Reclusa,keyboard:microsoft:reclusa,curated_alias,reference_only_needs_verification,needs_review,False,1,Black,True,Gaming,,,,single_colour,wired,general;gaming,gaming,65.0,75.0,missing_keyboard_size;unverified_reference_source
f9b53c0040e715f36b27,docyx_pc_part_dataset_2025_07_23,keyboard,Panasonic iKey,Panasonic,iKey,keyboard:panasonic:ikey,curated_alias,reference_only_needs_verification,needs_review,False,2,Black,True,Slim,,,,single_colour,wired,general,productivity,65.0,75.0,missing_keyboard_size;unverified_reference_source;identity_duplicates_collapsed
137fd7d67236f1aba2ca,docyx_pc_part_dataset_2025_07_23,keyboard,ROCCAT Horde,ROCCAT,Horde,keyboard:roccat:horde,curated_alias,reference_only_needs_verification,needs_review,False,1,Black,True,Gaming,,,,single_colour,wired,general;gaming,gaming,65.0,75.0,missing_keyboard_size;unverified_reference_source
48d5aa8cf3052ead1bf6,docyx_pc_part_dataset_2025_07_23,keyboard,ROCCAT Magma,ROCCAT,Magma,keyboard:roccat:magma,curated_alias,reference_only_needs_verification,needs_review,False,1,Black,True,Gaming,,,,rgb,wired,general;gaming,gaming,65.0,75.0,missing_keyboard_size;unverified_reference_source
06c57ec4cf3f6f2991db,docyx_pc_part_dataset_2025_07_23,keyboard,ROCCAT Skeltr,ROCCAT,Skeltr,keyboard:roccat:skeltr,curated_alias,reference_only_needs_verification,needs_review,False,3,Black;Gray;White,True,Gaming,,,,rgb,wired,general;gaming,gaming,65.0,75.0,missing_keyboard_size;unverified_reference_source;identity_duplicates_collapsed
7158bd8352c21719df21,docyx_pc_part_dataset_2025_07_23,keyboard,Thermaltake Commander Combo V2,Thermaltake,Commander Combo V2,keyboard:thermaltake:commander-combo-v2,curated_alias,reference_only_needs_verification,needs_review,False,1,Black,True,Gaming,,,,single_colour,wired,general;gaming,gaming,65.0,75.0,missing_keyboard_size;unverified_reference_source
23a9dd4f476bb06a1e0a,docyx_pc_part_dataset_2025_07_23,keyboard,Thermaltake Knucker Team DK Edition,Thermaltake,Knucker Team DK Edition,keyboard:thermaltake:knucker-team-dk-edition,curated_alias,reference_only_needs_verification,needs_review,False,1,Red;White,True,Gaming,,,,,wired,general;gaming,gaming,65.0,75.0,missing_keyboard_size;unverified_reference_source
44422f668b33592bb25b,docyx_pc_part_dataset_2025_07_23,keyboard,8BitDo Retro C64,8BitDo,Retro C64,keyboard:8bitdo:retro-c64,inferred_first_token,reference_only_needs_verification,needs_review,False,1,Beige;Brown,True,Gaming,,mechanical,Kailh Box White V2,,wired;wireless;bluetooth,general;gaming;portable,gaming,65.0,74.0,missing_keyboard_size;unverified_reference_source
1ae8be0e89463e90eaab,docyx_pc_part_dataset_2025_07_23,keyboard,8BitDo Retro Fami,8BitDo,Retro Fami,keyboard:8bitdo:retro-fami,inferred_first_token,reference_only_needs_verification,needs_review,False,1,Red;White,True,Gaming,,mechanical,Kailh Box White V2,,wired;wireless;bluetooth,general;gaming;portable,gaming,65.0,74.0,missing_keyboard_size;unverified_reference_source
e8c52b6e57d8a7bd9504,docyx_pc_part_dataset_2025_07_23,keyboard,8BitDo Retro N,8BitDo,Retro N,keyboard:8bitdo:retro-n,inferred_first_token,reference_only_needs_verification,needs_review,False,1,Gray;White,True,Gaming,,mechanical,Kailh Box White V2,,wired;wireless;bluetooth,general;gaming;portable,gaming,65.0,74.0,missing_keyboard_size;unverified_reference_source
01a48d0e5065ad228caa,docyx_pc_part_dataset_2025_07_23,keyboard,A4Tech Bloody Gaming B975,A4Tech,Bloody Gaming B975,keyboard:a4tech:bloody-gaming-b975,inferred_first_token,reference_only_needs_verification,needs_review,False,1,Black;Red,True,Gaming,,mechanical,LK Light Strike Libra,rgb,wired,general;gaming,gaming,65.0,74.0,missing_keyboard_size;unverified_reference_source
ed9b44c1624ae83a9b4b,docyx_pc_part_dataset_2025_07_23,keyboard,AOC AGK700,AOC,AGK700,keyboard:aoc:agk700,curated_alias,reference_only_needs_verification,needs_review,False,1,Black;Red,False,Gaming,,mechanical,Cherry MX Red,rgb,wired,general;gaming,gaming,65.0,74.0,missing_keyboard_size;unverified_reference_source
93ccf0b8b3abcb10786f,docyx_pc_part_dataset_2025_07_23,keyboard,Cherry G80-3930 MX 6.0,Cherry,G80-3930 MX 6.0,keyboard:cherry:g80-3930-mx-6-0,curated_alias,reference_only_needs_verification,needs_review,False,1,Black;Silver,False,Gaming,,mechanical,Cherry MX Red,single_colour,wired,general;gaming,gaming,65.0,74.0,missing_keyboard_size;unverified_reference_source
6e59738bad663547dab9,docyx_pc_part_dataset_2025_07_23,keyboard,Cherry G84-4100PPAUS,Cherry,G84-4100PPAUS,keyboard:cherry:g84-4100ppaus,curated_alias,reference_only_needs_verification,needs_review,False,1,Beige,False,Slim,,mechanical,Cherry ML,,wired,general,productivity,65.0,74.0,missing_keyboard_size;unverified_reference_source
cd4ebb1b2615026b40c3,docyx_pc_part_dataset_2025_07_23,keyboard,Cherry G84-4100PRAUS,Cherry,G84-4100PRAUS,keyboard:cherry:g84-4100praus,curated_alias,reference_only_needs_verification,needs_review,False,1,Black,False,Slim,,mechanical,Cherry ML,,wired,general,productivity,65.0,74.0,missing_keyboard_size;unverified_reference_source
9ca91854c79475376f1e,docyx_pc_part_dataset_2025_07_23,keyboard,Cherry G84-4100PTAUS,Cherry,G84-4100PTAUS,keyboard:cherry:g84-4100ptaus,curated_alias,reference_only_needs_verification,needs_review,False,1,Black,False,Slim,,mechanical,Cherry ML,,wired,general,productivity,65.0,74.0,missing_keyboard_size;unverified_reference_source
7fddf677eb4889f9490c,docyx_pc_part_dataset_2025_07_23,keyboard,Cherry G84-4101PPAUS,Cherry,G84-4101PPAUS,keyboard:cherry:g84-4101ppaus,curated_alias,reference_only_needs_verification,needs_review,False,1,Gray,False,Slim,,mechanical,Cherry ML,,wired,general,productivity,65.0,74.0,missing_keyboard_size;unverified_reference_source
5c85c394c526bfb55776,docyx_pc_part_dataset_2025_07_23,keyboard,Cherry G84-5400LUMEU-2,Cherry,G84-5400LUMEU-2,keyboard:cherry:g84-5400lumeu-2,curated_alias,reference_only_needs_verification,needs_review,False,1,Black,False,Slim,,mechanical,Cherry ML,,wired,general,productivity,65.0,74.0,missing_keyboard_size;unverified_reference_source
6b914c3f117e8ed66d04,docyx_pc_part_dataset_2025_07_23,keyboard,Cherry G84-5500LPMEU-2,Cherry,G84-5500LPMEU-2,keyboard:cherry:g84-5500lpmeu-2,curated_alias,reference_only_needs_verification,needs_review,False,1,Black,False,Slim,,mechanical,Cherry ML,,wired,general,productivity,65.0,74.0,missing_keyboard_size;unverified_reference_source
b447a4c925bf5c4bfee3,docyx_pc_part_dataset_2025_07_23,keyboard,Cherry MX Board 5.0,Cherry,MX Board 5.0,keyboard:cherry:mx-board-5-0,curated_alias,reference_only_needs_verification,needs_review,False,1,Black;Silver,False,Gaming,,mechanical,Cherry MX Silent Red,single_colour,wired,general;gaming,gaming,65.0,74.0,missing_keyboard_size;unverified_reference_source
ef5a05af9208cf7f9a5d,docyx_pc_part_dataset_2025_07_23,keyboard,Cherry Ultraslim,Cherry,Ultraslim,keyboard:cherry:ultraslim,curated_alias,reference_only_needs_verification,needs_review,False,1,Gray,False,Slim,,mechanical,Cherry ML,,wired,general,productivity,65.0,74.0,missing_keyboard_size;unverified_reference_source
e73eaeac256257f3a3ea,docyx_pc_part_dataset_2025_07_23,keyboard,Creative Labs Vanguard K08,Creative,Labs Vanguard K08,keyboard:creative:labs-vanguard-k08,curated_alias,reference_only_needs_verification,needs_review,False,1,Black,False,Gaming,,mechanical,PRES,rgb,wired,general;gaming,gaming,65.0,74.0,missing_keyboard_size;unverified_reference_source
d5c816ea88976e6647a8,docyx_pc_part_dataset_2025_07_23,keyboard,CyberPowerPC Skorpion K2,CyberPowerPC,Skorpion K2,keyboard:cyberpowerpc:skorpion-k2,inferred_first_token,reference_only_needs_verification,needs_review,False,1,Black,True,Gaming,,mechanical,CP Kontact Blue,rgb,wired,general;gaming,gaming,65.0,74.0,missing_keyboard_size;unverified_reference_source
4815ac5b61d3440f057b,docyx_pc_part_dataset_2025_07_23,keyboard,Das Keyboard 4 root,Das Keyboard,4 root,keyboard:das-keyboard:4-root,curated_alias,reference_only_needs_verification,needs_review,False,2,Black,False,Gaming,,mechanical,Cherry MX Brown,,wired,general;gaming,gaming,65.0,74.0,missing_keyboard_size;unverified_reference_source;identity_duplicates_collapsed
e31c111f33afeb914b82,docyx_pc_part_dataset_2025_07_23,keyboard,Das Keyboard Division Zero X40,Das Keyboard,Division Zero X40,keyboard:das-keyboard:division-zero-x40,curated_alias,reference_only_needs_verification,needs_review,False,2,Black;Gray,False,Gaming,,mechanical,Alpha-Zulu Linear,single_colour,wired,general;gaming,gaming,65.0,74.0,missing_keyboard_size;unverified_reference_source;identity_duplicates_collapsed
a95ac84001a1b8cf2e28,docyx_pc_part_dataset_2025_07_23,keyboard,Deco Gear DGMECHBRD100,Deco,Gear DGMECHBRD100,keyboard:deco:gear-dgmechbrd100,inferred_first_token,reference_only_needs_verification,needs_review,False,1,Black,True,Gaming,,mechanical,Outemu Blue,rgb,wired,general;gaming,gaming,65.0,74.0,missing_keyboard_size;unverified_reference_source
475b3015b4743ddbb47b,docyx_pc_part_dataset_2025_07_23,keyboard,Dell Alienware AW568,Dell,Alienware AW568,keyboard:dell:alienware-aw568,curated_alias,reference_only_needs_verification,needs_review,False,1,Black,False,Gaming,,mechanical,Kailh Brown,,wired,general;gaming,gaming,65.0,74.0,missing_keyboard_size;unverified_reference_source
8b8427e75a6e412f3786,docyx_pc_part_dataset_2025_07_23,keyboard,Dell Alienware AW768,Dell,Alienware AW768,keyboard:dell:alienware-aw768,curated_alias,reference_only_needs_verification,needs_review,False,1,Silver,False,Gaming,,mechanical,Kailh Brown,rgb,wired,general;gaming,gaming,65.0,74.0,missing_keyboard_size;unverified_reference_source
e23d2b06342acf9ab796,docyx_pc_part_dataset_2025_07_23,keyboard,Gigabyte AORUS K7,Gigabyte,AORUS K7,keyboard:gigabyte:aorus-k7,curated_alias,reference_only_needs_verification,needs_review,False,1,Gray,False,Gaming,,mechanical,Cherry MX Red,rgb,wired,general;gaming,gaming,65.0,74.0,missing_keyboard_size;unverified_reference_source
7473cd8736e38c731864,docyx_pc_part_dataset_2025_07_23,keyboard,Gigabyte AORUS Thunder K7,Gigabyte,AORUS Thunder K7,keyboard:gigabyte:aorus-thunder-k7,curated_alias,reference_only_needs_verification,needs_review,False,1,Black,False,Gaming,,mechanical,Cherry MX Red,single_colour,wired,general;gaming,gaming,65.0,74.0,missing_keyboard_size;unverified_reference_source
0b85e0a89a062ed6edef,docyx_pc_part_dataset_2025_07_23,keyboard,Gigabyte GK-OSMIUM,Gigabyte,GK-OSMIUM,keyboard:gigabyte:gk-osmium,curated_alias,reference_only_needs_verification,needs_review,False,1,Black,False,Gaming,,mechanical,Cherry MX Red,single_colour,wired,general;gaming,gaming,65.0,74.0,missing_keyboard_size;unverified_reference_source
a2eaa8e39b353e8ffd1a,docyx_pc_part_dataset_2025_07_23,keyboard,Gigabyte GK-OSMIUM BRN,Gigabyte,GK-OSMIUM BRN,keyboard:gigabyte:gk-osmium-brn,curated_alias,reference_only_needs_verification,needs_review,False,1,Black,False,Gaming,,mechanical,Cherry MX Brown,single_colour,wired,general;gaming,gaming,65.0,74.0,missing_keyboard_size;unverified_reference_source
cd1e95248681e0d8f998,docyx_pc_part_dataset_2025_07_23,keyboard,MSI VIGOR GK50 LOW PROFILE,MSI,VIGOR GK50 LOW PROFILE,keyboard:msi:vigor-gk50-low-profile,curated_alias,reference_only_needs_verification,needs_review,False,2,Black;Silver,False,Gaming,,mechanical,Kailh Blue Low Profile,rgb,wired,general;gaming,gaming,65.0,74.0,missing_keyboard_size;unverified_reference_source;identity_duplicates_collapsed
6fd197c45e384810d6d5,docyx_pc_part_dataset_2025_07_23,keyboard,MSI VIGOR GK71 SONIC,MSI,VIGOR GK71 SONIC,keyboard:msi:vigor-gk71-sonic,curated_alias,reference_only_needs_verification,needs_review,False,3,Black;Silver,False,Gaming,,mechanical,MSI Sonic Red,rgb,wired,general;gaming,gaming,65.0,74.0,missing_keyboard_size;unverified_reference_source;identity_duplicates_collapsed
76ee0375860bfe32d6c4,docyx_pc_part_dataset_2025_07_23,keyboard,MSI VIGOR GK80,MSI,VIGOR GK80,keyboard:msi:vigor-gk80,curated_alias,reference_only_needs_verification,needs_review,False,1,Black,False,Gaming,,mechanical,Cherry MX Red,rgb,wired,general;gaming,gaming,65.0,74.0,missing_keyboard_size;unverified_reference_source
18e36451a93cd402b87a,docyx_pc_part_dataset_2025_07_23,keyboard,MSI Vigor GK60,MSI,Vigor GK60,keyboard:msi:vigor-gk60,curated_alias,reference_only_needs_verification,needs_review,False,1,Black,False,Gaming,,mechanical,Cherry MX Red,single_colour,wired,general;gaming,gaming,65.0,74.0,missing_keyboard_size;unverified_reference_source
d4e3c52c7d085f1f3805,docyx_pc_part_dataset_2025_07_23,keyboard,MSI ‎VIGOR GK71 SONIC BLUE,MSI,‎VIGOR GK71 SONIC BLUE,keyboard:msi:vigor-gk71-sonic-blue,curated_alias,reference_only_needs_verification,needs_review,False,1,Black,False,Gaming,,mechanical,MSI Sonic Blue,rgb,wired,general;gaming,gaming,65.0,74.0,missing_keyboard_size;unverified_reference_source
caeb43dd449b2f33ae62,docyx_pc_part_dataset_2025_07_23,keyboard,Mad Catz S.T.R.I.K.E.TE,Mad Catz,S.T.R.I.K.E.TE,keyboard:mad-catz:s-t-r-i-k-e-te,curated_alias,reference_only_needs_verification,needs_review,False,4,Black;Blue;Red;White,False,Gaming,,mechanical,Kailh Brown,single_colour,wired,general;gaming,gaming,65.0,74.0,missing_keyboard_size;unverified_reference_source;identity_duplicates_collapsed
894649e716b6d6c898a3,docyx_pc_part_dataset_2025_07_23,keyboard,ROCCAT RYOS MK FX,ROCCAT,RYOS MK FX,keyboard:roccat:ryos-mk-fx,curated_alias,reference_only_needs_verification,needs_review,False,1,Black,False,Gaming,,mechanical,Cherry MX Brown,rgb,wired,general;gaming,gaming,65.0,74.0,missing_keyboard_size;unverified_reference_source
07760213d6b94a71115f,docyx_pc_part_dataset_2025_07_23,keyboard,ROCCAT Ryos MK,ROCCAT,Ryos MK,keyboard:roccat:ryos-mk,curated_alias,reference_only_needs_verification,needs_review,False,1,Black,False,Gaming,,mechanical,Cherry MX Black,single_colour,wired,general;gaming,gaming,65.0,74.0,missing_keyboard_size;unverified_reference_source
4fbfaac161ed520144cf,docyx_pc_part_dataset_2025_07_23,keyboard,ROCCAT Ryos MK FX RGB,ROCCAT,Ryos MK FX RGB,keyboard:roccat:ryos-mk-fx-rgb,curated_alias,reference_only_needs_verification,needs_review,False,1,Black,False,Gaming,,mechanical,Cherry MX Brown,rgb,wired,general;gaming,gaming,65.0,74.0,missing_keyboard_size;unverified_reference_source
ef9bb51ad9d0a4add736,docyx_pc_part_dataset_2025_07_23,keyboard,ROCCAT Ryos MK Glow,ROCCAT,Ryos MK Glow,keyboard:roccat:ryos-mk-glow,curated_alias,reference_only_needs_verification,needs_review,False,1,Black,False,Gaming,,mechanical,Cherry MX Black,single_colour,wired,general;gaming,gaming,65.0,74.0,missing_keyboard_size;unverified_reference_source
31578395d642f34176b5,docyx_pc_part_dataset_2025_07_23,keyboard,ROCCAT Ryos MK Pro,ROCCAT,Ryos MK Pro,keyboard:roccat:ryos-mk-pro,curated_alias,reference_only_needs_verification,needs_review,False,4,Black,False,Gaming,,mechanical,Cherry MX Brown,single_colour,wired,general;gaming,gaming,65.0,74.0,missing_keyboard_size;unverified_reference_source;identity_duplicates_collapsed
ce94b41e4e664538eb70,docyx_pc_part_dataset_2025_07_23,keyboard,ROCCAT Vulcan 100 AIMO,ROCCAT,Vulcan 100 AIMO,keyboard:roccat:vulcan-100-aimo,curated_alias,reference_only_needs_verification,needs_review,False,1,Black,False,Gaming,,mechanical,Roccat Titan Brown,rgb,wired,general;gaming,gaming,65.0,74.0,missing_keyboard_size;unverified_reference_source
dd8b70a58e15c655aeef,docyx_pc_part_dataset_2025_07_23,keyboard,ROCCAT Vulcan 121 Aimo RGB,ROCCAT,Vulcan 121 Aimo RGB,keyboard:roccat:vulcan-121-aimo-rgb,curated_alias,reference_only_needs_verification,needs_review,False,2,Black,False,Gaming,,mechanical,Roccat Titan Red,rgb,wired,general;gaming,gaming,65.0,74.0,missing_keyboard_size;unverified_reference_source;identity_duplicates_collapsed
60474533ed94bafdaa88,docyx_pc_part_dataset_2025_07_23,keyboard,ROCCAT Vulcan 122 AIMO,ROCCAT,Vulcan 122 AIMO,keyboard:roccat:vulcan-122-aimo,curated_alias,reference_only_needs_verification,needs_review,False,1,Silver,False,Gaming,,mechanical,Roccat Titan Brown,rgb,wired,general;gaming,gaming,65.0,74.0,missing_keyboard_size;unverified_reference_source
673b14b09abb13286a83,docyx_pc_part_dataset_2025_07_23,keyboard,ROCCAT Vulcan 80,ROCCAT,Vulcan 80,keyboard:roccat:vulcan-80,curated_alias,reference_only_needs_verification,needs_review,False,1,Black,False,Gaming,,mechanical,Roccat Titan Brown,single_colour,wired,general;gaming,gaming,65.0,74.0,missing_keyboard_size;unverified_reference_source
9146e34e551979fdd402,docyx_pc_part_dataset_2025_07_23,keyboard,Rosewill BLITZ K50 RGB,Rosewill,BLITZ K50 RGB,keyboard:rosewill:blitz-k50-rgb,inferred_first_token,reference_only_needs_verification,needs_review,False,2,Black;Silver,True,Gaming,,mechanical,Outemu Blue,rgb,wired,general;gaming,gaming,65.0,74.0,missing_keyboard_size;unverified_reference_source;identity_duplicates_collapsed
27318eb66cd49fe69b8f,docyx_pc_part_dataset_2025_07_23,keyboard,Rosewill NEON K75 RGB BR,Rosewill,NEON K75 RGB BR,keyboard:rosewill:neon-k75-rgb-br,inferred_first_token,reference_only_needs_verification,needs_review,False,1,Black,True,Gaming,,mechanical,Kailh Brown,rgb,wired,general;gaming,gaming,65.0,74.0,missing_keyboard_size;unverified_reference_source
a2008da596af146b0029,docyx_pc_part_dataset_2025_07_23,keyboard,Rosewill NEON K85 RGB BR,Rosewill,NEON K85 RGB BR,keyboard:rosewill:neon-k85-rgb-br,inferred_first_token,reference_only_needs_verification,needs_review,False,1,Black,True,Gaming,,mechanical,Kailh Brown,rgb,wired,general;gaming,gaming,65.0,74.0,missing_keyboard_size;unverified_reference_source
6b124984f8574e15caec,docyx_pc_part_dataset_2025_07_23,keyboard,Rosewill NEON K90 RGB BR,Rosewill,NEON K90 RGB BR,keyboard:rosewill:neon-k90-rgb-br,inferred_first_token,reference_only_needs_verification,needs_review,False,1,Black,True,Gaming,,mechanical,Kailh Brown,rgb,wired,general;gaming,gaming,65.0,74.0,missing_keyboard_size;unverified_reference_source
2ad097a0d3a779c90bd9,docyx_pc_part_dataset_2025_07_23,keyboard,Tecware Phantom 104,Tecware,Phantom 104,keyboard:tecware:phantom-104,inferred_first_token,reference_only_needs_verification,needs_review,False,1,Black,True,Gaming,,mechanical,Outemu Blue,rgb,wired,general;gaming,gaming,65.0,74.0,missing_keyboard_size;unverified_reference_source
2263ddf4c5625a177dc4,docyx_pc_part_dataset_2025_07_23,keyboard,Thermaltake KB-PIZ-KBBLUS-01,Thermaltake,KB-PIZ-KBBLUS-01,keyboard:thermaltake:kb-piz-kbblus-01,curated_alias,reference_only_needs_verification,needs_review,False,1,Black,False,Gaming,,mechanical,Kailh Brown,single_colour,wired,general;gaming,gaming,65.0,74.0,missing_keyboard_size;unverified_reference_source
a4946f3cc44736a6ab98,docyx_pc_part_dataset_2025_07_23,keyboard,Thermaltake KB-POI-BLBLUS-01,Thermaltake,KB-POI-BLBLUS-01,keyboard:thermaltake:kb-poi-blblus-01,curated_alias,reference_only_needs_verification,needs_review,False,1,Black,False,Gaming,,mechanical,Cherry MX Blue,,wired,general;gaming,gaming,65.0,74.0,missing_keyboard_size;unverified_reference_source
2223198b5356b2349e28,docyx_pc_part_dataset_2025_07_23,keyboard,Thermaltake KB-POI-RDBLUS-01,Thermaltake,KB-POI-RDBLUS-01,keyboard:thermaltake:kb-poi-rdblus-01,curated_alias,reference_only_needs_verification,needs_review,False,1,Black,False,Gaming,,mechanical,Cherry MX Red,,wired,general;gaming,gaming,65.0,74.0,missing_keyboard_size;unverified_reference_source
964ca52b77eac8b58b2c,docyx_pc_part_dataset_2025_07_23,keyboard,Thermaltake MEKA G-Unit Battle Edition,Thermaltake,MEKA G-Unit Battle Edition,keyboard:thermaltake:meka-g-unit-battle-edition,curated_alias,reference_only_needs_verification,needs_review,False,1,Black;Green,False,Gaming,,mechanical,Cherry MX Black,,wired,general;gaming,gaming,65.0,74.0,missing_keyboard_size;unverified_reference_source
cf17b1189a8d53cf089d,docyx_pc_part_dataset_2025_07_23,keyboard,Thermaltake MEKA G1 Keyboard,Thermaltake,MEKA G1 Keyboard,keyboard:thermaltake:meka-g1-keyboard,curated_alias,reference_only_needs_verification,needs_review,False,1,Black,False,Gaming,,mechanical,Cherry MX Black,,wired,general;gaming,gaming,65.0,74.0,missing_keyboard_size;unverified_reference_source
43a5402565f31e8557dc,docyx_pc_part_dataset_2025_07_23,keyboard,Thermaltake POSEIDON Z,Thermaltake,POSEIDON Z,keyboard:thermaltake:poseidon-z,curated_alias,reference_only_needs_verification,needs_review,False,2,Black,False,Gaming,,mechanical,Kailh Blue,single_colour,wired,general;gaming,gaming,65.0,74.0,missing_keyboard_size;unverified_reference_source;identity_duplicates_collapsed
f440babfd75d967dd4d4,docyx_pc_part_dataset_2025_07_23,keyboard,Thermaltake eSPORTS MEKA U-UNIT Combat White,Thermaltake,eSPORTS MEKA U-UNIT Combat White,keyboard:thermaltake:esports-meka-u-unit-combat-white,curated_alias,reference_only_needs_verification,needs_review,False,1,White,False,Gaming,,mechanical,Cherry MX Black,,wired,general;gaming,gaming,65.0,74.0,missing_keyboard_size;unverified_reference_source
649fdd33ce82b63f7f61,docyx_pc_part_dataset_2025_07_23,keyboard,Thermaltake eSPORTS Meka,Thermaltake,eSPORTS Meka,keyboard:thermaltake:esports-meka,curated_alias,reference_only_needs_verification,needs_review,False,1,Black,False,Gaming,,mechanical,Cherry MX Black,,wired,general;gaming,gaming,65.0,74.0,missing_keyboard_size;unverified_reference_source
31136c7ee533e175e77f,docyx_pc_part_dataset_2025_07_23,keyboard,Thermaltake eSPORTS Meka G-Unit,Thermaltake,eSPORTS Meka G-Unit,keyboard:thermaltake:esports-meka-g-unit,curated_alias,reference_only_needs_verification,needs_review,False,2,Black;Red,False,Gaming,,mechanical,Cherry MX Black,single_colour,wired,general;gaming,gaming,65.0,74.0,missing_keyboard_size;unverified_reference_source;identity_duplicates_collapsed
58d94bb4622182deb286,docyx_pc_part_dataset_2025_07_23,keyboard,Thermaltake eSPORTS Meka G1,Thermaltake,eSPORTS Meka G1,keyboard:thermaltake:esports-meka-g1,curated_alias,reference_only_needs_verification,needs_review,False,1,Black,False,Gaming,,mechanical,Cherry MX Black,,wired,general;gaming,gaming,65.0,74.0,missing_keyboard_size;unverified_reference_source
f58f9b983874fb3d9338,docyx_pc_part_dataset_2025_07_23,keyboard,Thermaltake eSPORTS POSEIDON Illuminated,Thermaltake,eSPORTS POSEIDON Illuminated,keyboard:thermaltake:esports-poseidon-illuminated,curated_alias,reference_only_needs_verification,needs_review,False,1,Black,False,Gaming,,mechanical,Cherry MX Brown,single_colour,wired,general;gaming,gaming,65.0,74.0,missing_keyboard_size;unverified_reference_source
14bf5c374d0297134556,docyx_pc_part_dataset_2025_07_23,keyboard,Turtle Beach IMPACT 700,Turtle Beach,IMPACT 700,keyboard:turtle-beach:impact-700,curated_alias,reference_only_needs_verification,needs_review,False,1,Black,False,Gaming,,mechanical,Cherry MX Brown,single_colour,wired,general;gaming,gaming,65.0,74.0,missing_keyboard_size;unverified_reference_source
9acb1938e7277e7685a7,docyx_pc_part_dataset_2025_07_23,keyboard,Whirlwind FX Element V2,Whirlwind,FX Element V2,keyboard:whirlwind:fx-element-v2,inferred_first_token,reference_only_needs_verification,needs_review,False,1,Black,True,Gaming,,mechanical,Gateron Red,rgb,wired,general;gaming,gaming,65.0,74.0,missing_keyboard_size;unverified_reference_source
c8e09a0410669f58bf25,docyx_pc_part_dataset_2025_07_23,keyboard,YEYIAN Asward 3000,YEYIAN,Asward 3000,keyboard:yeyian:asward-3000,inferred_first_token,reference_only_needs_verification,needs_review,False,2,Black,True,Gaming,,mechanical,Outemu Red,rgb,wired,general;gaming,gaming,65.0,74.0,missing_keyboard_size;unverified_reference_source;identity_duplicates_collapsed
aa1b2b289780cf4cdfc0,docyx_pc_part_dataset_2025_07_23,keyboard,YEYIAN Flare 2000,YEYIAN,Flare 2000,keyboard:yeyian:flare-2000,inferred_first_token,reference_only_needs_verification,needs_review,False,2,Black,True,Gaming,,mechanical,Outemu Red,rgb,wired,general;gaming,gaming,65.0,74.0,missing_keyboard_size;unverified_reference_source;identity_duplicates_collapsed
47487b099a3eeed6e039,docyx_pc_part_dataset_2025_07_23,keyboard,be quiet! Dark Mount,be,quiet! Dark Mount,keyboard:be:quiet-dark-mount,inferred_first_token,reference_only_needs_verification,needs_review,False,8,Black,True,Gaming,,mechanical,be quiet! Silent Orange Linear,rgb,wired,general;gaming,gaming,65.0,74.0,missing_keyboard_size;unverified_reference_source;identity_duplicates_collapsed
d2a90ab1b45afa0ef761,docyx_pc_part_dataset_2025_07_23,keyboard,be quiet! Light Mount,be,quiet! Light Mount,keyboard:be:quiet-light-mount,inferred_first_token,reference_only_needs_verification,needs_review,False,8,Black,True,Gaming,,mechanical,be quiet! Silent Black Tactile,rgb,wired,general;gaming,gaming,65.0,74.0,missing_keyboard_size;unverified_reference_source;identity_duplicates_collapsed
44f317511cbc0318d9f4,docyx_pc_part_dataset_2025_07_23,keyboard,iBuypower MEK 4,iBuypower,MEK 4,keyboard:ibuypower:mek-4,inferred_first_token,reference_only_needs_verification,needs_review,False,2,Black,True,Gaming,,mechanical,Cherry MX Brown,rgb,wired,general;gaming,gaming,65.0,74.0,missing_keyboard_size;unverified_reference_source;identity_duplicates_collapsed
7014a5186de406bcbf23,docyx_pc_part_dataset_2025_07_23,keyboard,Cooler Master MS110,Cooler Master,MS110,keyboard:cooler-master:ms110,curated_alias,reference_only_needs_verification,needs_review,False,1,Black,False,Gaming,,,,rgb,wired,general;gaming,gaming,65.0,72.0,missing_keyboard_size;unverified_reference_source
437402282e12d701d577,docyx_pc_part_dataset_2025_07_23,keyboard,Corsair K30,Corsair,K30,keyboard:corsair:k30,curated_alias,reference_only_needs_verification,needs_review,False,1,Black,False,Gaming,,,,single_colour,wired,general;gaming,gaming,65.0,72.0,missing_keyboard_size;unverified_reference_source
fbcaca8748e981472770,docyx_pc_part_dataset_2025_07_23,keyboard,Corsair K40,Corsair,K40,keyboard:corsair:k40,curated_alias,reference_only_needs_verification,needs_review,False,1,Black,False,Gaming,,,,rgb,wired,general;gaming,gaming,65.0,72.0,missing_keyboard_size;unverified_reference_source
b9530f14002d04fbe993,docyx_pc_part_dataset_2025_07_23,keyboard,Logitech 920-003474,Logitech,920-003474,keyboard:logitech:920-003474,curated_alias,reference_only_needs_verification,needs_review,False,1,Pink;White,False,Slim,,,,,wireless,general;portable,portable,65.0,72.0,missing_keyboard_size;unverified_reference_source
db0d8bb79ba966e66265,docyx_pc_part_dataset_2025_07_23,keyboard,Logitech 920-003475,Logitech,920-003475,keyboard:logitech:920-003475,curated_alias,reference_only_needs_verification,needs_review,False,1,Silver,False,Slim,,,,,wireless,general;portable,portable,65.0,72.0,missing_keyboard_size;unverified_reference_source
006a22d5adb25b1f305b,docyx_pc_part_dataset_2025_07_23,keyboard,Logitech G19s,Logitech,G19s,keyboard:logitech:g19s,curated_alias,reference_only_needs_verification,needs_review,False,1,Black,False,Gaming,,,,,wired,general;gaming,gaming,65.0,72.0,missing_keyboard_size;unverified_reference_source
7270887fc7dc8b704e69,docyx_pc_part_dataset_2025_07_23,keyboard,Logitech G510,Logitech,G510,keyboard:logitech:g510,curated_alias,reference_only_needs_verification,needs_review,False,1,Black,False,Gaming,,,,single_colour,wired,general;gaming,gaming,65.0,72.0,missing_keyboard_size;unverified_reference_source
6531447a118040e9f641,docyx_pc_part_dataset_2025_07_23,keyboard,Logitech G510s,Logitech,G510s,keyboard:logitech:g510s,curated_alias,reference_only_needs_verification,needs_review,False,1,Black,False,Gaming,,,,single_colour,wired,general;gaming,gaming,65.0,72.0,missing_keyboard_size;unverified_reference_source
8fd664e4001ced6fdc72,docyx_pc_part_dataset_2025_07_23,keyboard,Logitech K100,Logitech,K100,keyboard:logitech:k100,curated_alias,reference_only_needs_verification,needs_review,False,1,Black,False,Slim,,,,,wired,general,productivity,65.0,72.0,missing_keyboard_size;unverified_reference_source
a7e1c228b3bf9b7af095,docyx_pc_part_dataset_2025_07_23,keyboard,Logitech K480,Logitech,K480,keyboard:logitech:k480,curated_alias,reference_only_needs_verification,needs_review,False,1,Black;Green,False,Slim,,,,,wireless;bluetooth,general;portable,portable,65.0,72.0,missing_keyboard_size;unverified_reference_source
d7cfc9650476e5c83893,docyx_pc_part_dataset_2025_07_23,keyboard,Logitech MK100,Logitech,MK100,keyboard:logitech:mk100,curated_alias,reference_only_needs_verification,needs_review,False,1,Black,False,Slim,,,,,wired,general,productivity,65.0,72.0,missing_keyboard_size;unverified_reference_source
500bd79118391b934a00,docyx_pc_part_dataset_2025_07_23,keyboard,Redragon S102,Redragon,S102,keyboard:redragon:s102,curated_alias,reference_only_needs_verification,needs_review,False,1,Black;Red,False,Gaming,,,,single_colour,wired,general;gaming,gaming,65.0,72.0,missing_keyboard_size;unverified_reference_source
61b0be040b3b9ca44fda,docyx_pc_part_dataset_2025_07_23,keyboard,SteelSeries 64105,SteelSeries,64105,keyboard:steelseries:64105,curated_alias,reference_only_needs_verification,needs_review,False,1,Black,False,Gaming,,,,,wired,general;gaming,gaming,65.0,72.0,missing_keyboard_size;unverified_reference_source
d83d606ec9e75f7048b5,docyx_pc_part_dataset_2025_07_23,keyboard,SteelSeries 64105SS,SteelSeries,64105SS,keyboard:steelseries:64105ss,curated_alias,reference_only_needs_verification,needs_review,False,1,Black,False,Gaming,,,,,wired,general;gaming,gaming,65.0,72.0,missing_keyboard_size;unverified_reference_source
49618aeec87c99bcfaeb,docyx_pc_part_dataset_2025_07_23,keyboard,SteelSeries 64115,SteelSeries,64115,keyboard:steelseries:64115,curated_alias,reference_only_needs_verification,needs_review,False,1,Black,False,Gaming,,,,,wired,general;gaming,gaming,65.0,72.0,missing_keyboard_size;unverified_reference_source
705b41b94ea44059f81c,docyx_pc_part_dataset_2025_07_23,keyboard,Das Keyboard 5QS,Das Keyboard,5QS,keyboard:das-keyboard:5qs,curated_alias,reference_only_needs_verification,needs_review,False,1,Black,True,Gaming,,mechanical,Gamma Zulu Tactile,rgb,wired,general;gaming,gaming,65.0,71.0,missing_keyboard_size;unverified_reference_source
78df54f5e0e3f8f80f43,docyx_pc_part_dataset_2025_07_23,keyboard,Das Keyboard X50Q,Das Keyboard,X50Q,keyboard:das-keyboard:x50q,curated_alias,reference_only_needs_verification,needs_review,False,1,Black,True,Gaming,,mechanical,Gamma Zulu Tactile,rgb,wired,general;gaming,gaming,65.0,71.0,missing_keyboard_size;unverified_reference_source
6db20ac94fda6861e38d,docyx_pc_part_dataset_2025_07_23,keyboard,ADATA XPG INFAREX K10,ADATA,XPG INFAREX K10,keyboard:adata:xpg-infarex-k10,inferred_first_token,reference_only_needs_verification,needs_review,False,1,Black,True,Gaming,,,,rgb,wired,general;gaming,gaming,65.0,70.0,missing_keyboard_size;unverified_reference_source
03d577458ce902aa4495,docyx_pc_part_dataset_2025_07_23,keyboard,Adesso AKB-137CB,Adesso,AKB-137CB,keyboard:adesso:akb-137cb,inferred_first_token,reference_only_needs_verification,needs_review,False,1,Black,True,Gaming,,,,rgb,wired,general;gaming,gaming,65.0,70.0,missing_keyboard_size;unverified_reference_source
927c5196384ed021be8f,docyx_pc_part_dataset_2025_07_23,keyboard,Adesso AKB-138EB,Adesso,AKB-138EB,keyboard:adesso:akb-138eb,inferred_first_token,reference_only_needs_verification,needs_review,False,1,Black,True,Gaming,,,,rgb,wired,general;gaming,gaming,65.0,70.0,missing_keyboard_size;unverified_reference_source
de64f489eee69cad997e,docyx_pc_part_dataset_2025_07_23,keyboard,Adesso AKB-139EB,Adesso,AKB-139EB,keyboard:adesso:akb-139eb,inferred_first_token,reference_only_needs_verification,needs_review,False,1,Black,True,Gaming,,,,single_colour,wired,general;gaming,gaming,65.0,70.0,missing_keyboard_size;unverified_reference_source
15d9675bbb6fbae5c669,docyx_pc_part_dataset_2025_07_23,keyboard,Adesso AKB-440UB,Adesso,AKB-440UB,keyboard:adesso:akb-440ub,inferred_first_token,reference_only_needs_verification,needs_review,False,1,Black,True,Slim,,,,,wired,general,productivity,65.0,70.0,missing_keyboard_size;unverified_reference_source
761c4d96666fae8e701a,docyx_pc_part_dataset_2025_07_23,keyboard,Adesso Waterproof Flex Keyboard,Adesso,Waterproof Flex Keyboard,keyboard:adesso:waterproof-flex-keyboard,inferred_first_token,reference_only_needs_verification,needs_review,False,1,Black,True,Slim,,,,,wired,general,productivity,65.0,70.0,missing_keyboard_size;unverified_reference_source
b045280cee84b91bfcf1,docyx_pc_part_dataset_2025_07_23,keyboard,Buslink KR-6820E-BK,Buslink,KR-6820E-BK,keyboard:buslink:kr-6820e-bk,inferred_first_token,reference_only_needs_verification,needs_review,False,1,Black,True,Slim,,,,,wired,general,productivity,65.0,70.0,missing_keyboard_size;unverified_reference_source
e9c77323318d344ea759,docyx_pc_part_dataset_2025_07_23,keyboard,Cherry G84-4100 Series Ultraslim Keyboard,Cherry,G84-4100 Series Ultraslim Keyboard,keyboard:cherry:g84-4100-series-ultraslim-keyboard,curated_alias,reference_only_needs_verification,needs_review,False,1,Gray,False,Slim,,,,,wired,general,productivity,65.0,70.0,missing_keyboard_size;unverified_reference_source
48b96cd46db5e1437df7,docyx_pc_part_dataset_2025_07_23,keyboard,Cherry G86-62401EUADAA,Cherry,G86-62401EUADAA,keyboard:cherry:g86-62401euadaa,curated_alias,reference_only_needs_verification,needs_review,False,1,Black,False,Slim,,,,,wired,general,productivity,65.0,70.0,missing_keyboard_size;unverified_reference_source
6a6122092bc063230ee1,docyx_pc_part_dataset_2025_07_23,keyboard,Cherry J86-4400 Vandal-Proof Keyboard,Cherry,J86-4400 Vandal-Proof Keyboard,keyboard:cherry:j86-4400-vandal-proof-keyboard,curated_alias,reference_only_needs_verification,needs_review,False,1,Gray,False,Slim,,,,,wired,general,productivity,65.0,70.0,missing_keyboard_size;unverified_reference_source
63edf816ac630e7b1607,docyx_pc_part_dataset_2025_07_23,keyboard,Cherry JK-0700 Compact Quiet Keyboard,Cherry,JK-0700 Compact Quiet Keyboard,keyboard:cherry:jk-0700-compact-quiet-keyboard,curated_alias,reference_only_needs_verification,needs_review,False,1,Black,False,Slim,,,,,wired,general,productivity,65.0,70.0,missing_keyboard_size;unverified_reference_source
b12888c113b5fb280550,docyx_pc_part_dataset_2025_07_23,keyboard,Cherry STRAIT Corded Keyboard,Cherry,STRAIT Corded Keyboard,keyboard:cherry:strait-corded-keyboard,curated_alias,reference_only_needs_verification,needs_review,False,1,Silver;White,False,Slim,,,,,wired,general,productivity,65.0,70.0,missing_keyboard_size;unverified_reference_source
ac1572132b347e164a83,docyx_pc_part_dataset_2025_07_23,keyboard,Cherry Wipekey,Cherry,Wipekey,keyboard:cherry:wipekey,curated_alias,reference_only_needs_verification,needs_review,False,1,Black,False,Slim,,,,,wired,general,productivity,65.0,70.0,missing_keyboard_size;unverified_reference_source
2304d4342e3867c05292,docyx_pc_part_dataset_2025_07_23,keyboard,Cherry XS G84-5400 Trackball Keyboard,Cherry,XS G84-5400 Trackball Keyboard,keyboard:cherry:xs-g84-5400-trackball-keyboard,curated_alias,reference_only_needs_verification,needs_review,False,1,Black,False,Slim,,,,,wired,general,productivity,65.0,70.0,missing_keyboard_size;unverified_reference_source
4eb437ff479460b162c0,docyx_pc_part_dataset_2025_07_23,keyboard,Cougar DEATHFIRE EX,Cougar,DEATHFIRE EX,keyboard:cougar:deathfire-ex,inferred_first_token,reference_only_needs_verification,needs_review,False,1,Black,True,Gaming,,,,single_colour,wired,general;gaming,gaming,65.0,70.0,missing_keyboard_size;unverified_reference_source
e0dee21add52bbf2fabc,docyx_pc_part_dataset_2025_07_23,keyboard,Dell Alienware TactX,Dell,Alienware TactX,keyboard:dell:alienware-tactx,curated_alias,reference_only_needs_verification,needs_review,False,1,Black;Silver,False,Gaming,,,,single_colour,wired,general;gaming,gaming,65.0,70.0,missing_keyboard_size;unverified_reference_source
43aefc52e75bedc3dddb,docyx_pc_part_dataset_2025_07_23,keyboard,Gigabyte FORCE K7 Wireless,Gigabyte,FORCE K7 Wireless,keyboard:gigabyte:force-k7-wireless,curated_alias,reference_only_needs_verification,needs_review,False,1,Black,False,Gaming,,,,,wireless,general;gaming;portable,gaming,65.0,70.0,missing_keyboard_size;unverified_reference_source
d60c506423356d3321af,docyx_pc_part_dataset_2025_07_23,keyboard,Gigabyte Force K3,Gigabyte,Force K3,keyboard:gigabyte:force-k3,curated_alias,reference_only_needs_verification,needs_review,False,1,Black,False,Gaming,,,,,wired,general;gaming,gaming,65.0,70.0,missing_keyboard_size;unverified_reference_source
b6a2dcdb2d1f6ff54ac8,docyx_pc_part_dataset_2025_07_23,keyboard,Gigabyte GK-FORCE K7,Gigabyte,GK-FORCE K7,keyboard:gigabyte:gk-force-k7,curated_alias,reference_only_needs_verification,needs_review,False,1,Black,False,Gaming,,,,single_colour,wired,general;gaming,gaming,65.0,70.0,missing_keyboard_size;unverified_reference_source
aeb3672917e508396e24,docyx_pc_part_dataset_2025_07_23,keyboard,Gigabyte GK-K7100,Gigabyte,GK-K7100,keyboard:gigabyte:gk-k7100,curated_alias,reference_only_needs_verification,needs_review,False,1,Black,False,Slim,,,,,wired,general,productivity,65.0,70.0,missing_keyboard_size;unverified_reference_source
6233cd758906d2ec6975,docyx_pc_part_dataset_2025_07_23,keyboard,Gigabyte GK-K8100,Gigabyte,GK-K8100,keyboard:gigabyte:gk-k8100,curated_alias,reference_only_needs_verification,needs_review,False,1,Black,False,Gaming,,,,,wired,general;gaming,gaming,65.0,70.0,missing_keyboard_size;unverified_reference_source
0d8d9cb422309a5a553c,docyx_pc_part_dataset_2025_07_23,keyboard,Gigabyte GK-K8100-RED,Gigabyte,GK-K8100-RED,keyboard:gigabyte:gk-k8100-red,curated_alias,reference_only_needs_verification,needs_review,False,1,Red,False,Gaming,,,,,wired,general;gaming,gaming,65.0,70.0,missing_keyboard_size;unverified_reference_source
8b71dfd359100583ce3a,docyx_pc_part_dataset_2025_07_23,keyboard,Gigabyte GK-K8100-YEL,Gigabyte,GK-K8100-YEL,keyboard:gigabyte:gk-k8100-yel,curated_alias,reference_only_needs_verification,needs_review,False,1,Yellow,False,Gaming,,,,,wired,general;gaming,gaming,65.0,70.0,missing_keyboard_size;unverified_reference_source
8b0ed1583f8afce7a873,docyx_pc_part_dataset_2025_07_23,keyboard,HP BL549AA#ABA,HP,BL549AA#ABA,keyboard:hp:bl549aa-aba,curated_alias,reference_only_needs_verification,needs_review,False,1,Black,False,Slim,,,,,wireless,general;portable,portable,65.0,70.0,missing_keyboard_size;unverified_reference_source
aa258745ee299ad0e121,docyx_pc_part_dataset_2025_07_23,keyboard,HP Collaboration,HP,Collaboration,keyboard:hp:collaboration,curated_alias,reference_only_needs_verification,needs_review,False,1,Black,False,Slim,,,,,wired,general,productivity,65.0,70.0,missing_keyboard_size;unverified_reference_source
dc1618bc5f2cc8a5aac0,docyx_pc_part_dataset_2025_07_23,keyboard,HP Elite v2,HP,Elite v2,keyboard:hp:elite-v2,curated_alias,reference_only_needs_verification,needs_review,False,1,Black,False,Slim,,,,,wireless,general;portable,portable,65.0,70.0,missing_keyboard_size;unverified_reference_source
99bc36937ac272f498d9,docyx_pc_part_dataset_2025_07_23,keyboard,HP FQ481AA#ABA,HP,FQ481AA#ABA,keyboard:hp:fq481aa-aba,curated_alias,reference_only_needs_verification,needs_review,False,1,Black,False,Slim,,,,,wireless,general;portable,portable,65.0,70.0,missing_keyboard_size;unverified_reference_source
5d0550fec2dfbe2b1036,docyx_pc_part_dataset_2025_07_23,keyboard,HP KF885AT,HP,KF885AT,keyboard:hp:kf885at,curated_alias,reference_only_needs_verification,needs_review,False,1,Black;Silver,False,Slim,,,,,wired,general,productivity,65.0,70.0,missing_keyboard_size;unverified_reference_source
e4fa3442ee881baf2266,docyx_pc_part_dataset_2025_07_23,keyboard,HP KF886AT,HP,KF886AT,keyboard:hp:kf886at,curated_alias,reference_only_needs_verification,needs_review,False,1,Black;Silver,False,Slim,,,,,wired,general,productivity,65.0,70.0,missing_keyboard_size;unverified_reference_source
c9b0c38f0e794f32e1fb,docyx_pc_part_dataset_2025_07_23,keyboard,HP Sequencer,HP,Sequencer,keyboard:hp:sequencer,curated_alias,reference_only_needs_verification,needs_review,False,1,Black,False,Gaming,,,,rgb,wired,general;gaming,gaming,65.0,70.0,missing_keyboard_size;unverified_reference_source
d1fab94ec64ec1b456c1,docyx_pc_part_dataset_2025_07_23,keyboard,HP Slim,HP,Slim,keyboard:hp:slim,curated_alias,reference_only_needs_verification,needs_review,False,2,Black,False,Slim,,,,,wireless,general;portable,portable,65.0,70.0,missing_keyboard_size;unverified_reference_source;identity_duplicates_collapsed
118d606233401119688a,docyx_pc_part_dataset_2025_07_23,keyboard,HP Z9N38AA#ABA,HP,Z9N38AA#ABA,keyboard:hp:z9n38aa-aba,curated_alias,reference_only_needs_verification,needs_review,False,1,Black,False,Slim,,,,,wired,general,productivity,65.0,70.0,missing_keyboard_size;unverified_reference_source
d99af12b337bdc62b9e3,docyx_pc_part_dataset_2025_07_23,keyboard,IOGEAR GKB740,IOGEAR,GKB740,keyboard:iogear:gkb740,inferred_first_token,reference_only_needs_verification,needs_review,False,1,Black,True,Gaming,,,,rgb,wired,general;gaming,gaming,65.0,70.0,missing_keyboard_size;unverified_reference_source
f124f5d7e988e8a9d1ac,docyx_pc_part_dataset_2025_07_23,keyboard,IOGEAR HVER,IOGEAR,HVER,keyboard:iogear:hver,inferred_first_token,reference_only_needs_verification,needs_review,False,1,Black,True,Gaming,,,,rgb,wired,general;gaming,gaming,65.0,70.0,missing_keyboard_size;unverified_reference_source
2ebfdc33a3da62ab0871,docyx_pc_part_dataset_2025_07_23,keyboard,IOGEAR IKON II,IOGEAR,IKON II,keyboard:iogear:ikon-ii,inferred_first_token,reference_only_needs_verification,needs_review,False,1,Black,True,Gaming,,,,rgb,wired,general;gaming,gaming,65.0,70.0,missing_keyboard_size;unverified_reference_source
f3fd5ee30a387a88b2d3,docyx_pc_part_dataset_2025_07_23,keyboard,IOGEAR KORONA KORE II,IOGEAR,KORONA KORE II,keyboard:iogear:korona-kore-ii,inferred_first_token,reference_only_needs_verification,needs_review,False,1,Black,True,Gaming,,,,rgb,wired,general;gaming,gaming,65.0,70.0,missing_keyboard_size;unverified_reference_source
d5ccd2e340df5ed75482,docyx_pc_part_dataset_2025_07_23,keyboard,Lenovo Legion K200,Lenovo,Legion K200,keyboard:lenovo:legion-k200,curated_alias,reference_only_needs_verification,needs_review,False,1,Black;Silver,False,Gaming,,,,single_colour,wired,general;gaming,gaming,65.0,70.0,missing_keyboard_size;unverified_reference_source
1666b46483becef27dad,docyx_pc_part_dataset_2025_07_23,keyboard,MSI VIGOR GK20,MSI,VIGOR GK20,keyboard:msi:vigor-gk20,curated_alias,reference_only_needs_verification,needs_review,False,1,Black,False,Gaming,,,,rgb,wired,general;gaming,gaming,65.0,70.0,missing_keyboard_size;unverified_reference_source
ff94e988e2e7f1c7c6cb,docyx_pc_part_dataset_2025_07_23,keyboard,MSI VIGOR GK40,MSI,VIGOR GK40,keyboard:msi:vigor-gk40,curated_alias,reference_only_needs_verification,needs_review,False,1,Black,False,Gaming,,,,rgb,wired,general;gaming,gaming,65.0,70.0,missing_keyboard_size;unverified_reference_source
0d5c0e3df306ba642c2b,docyx_pc_part_dataset_2025_07_23,keyboard,MSI VigorGK30W,MSI,VigorGK30W,keyboard:msi:vigorgk30w,curated_alias,reference_only_needs_verification,needs_review,False,1,White,False,Gaming,,,,rgb,wired,general;gaming,gaming,65.0,70.0,missing_keyboard_size;unverified_reference_source
b9efa6ce42137d9491f0,docyx_pc_part_dataset_2025_07_23,keyboard,Mad Catz CCB43107N0B2/04/1,Mad Catz,CCB43107N0B2/04/1,keyboard:mad-catz:ccb43107n0b2-04-1,curated_alias,reference_only_needs_verification,needs_review,False,1,Black;Gray,False,Gaming,,,,,wired,general;gaming,gaming,65.0,70.0,missing_keyboard_size;unverified_reference_source
dd136f62e58781e33702,docyx_pc_part_dataset_2025_07_23,keyboard,Mad Catz CCB44026N0B2/06/1,Mad Catz,CCB44026N0B2/06/1,keyboard:mad-catz:ccb44026n0b2-06-1,curated_alias,reference_only_needs_verification,needs_review,False,1,Black,False,Gaming,,,,,wired,general;gaming,gaming,65.0,70.0,missing_keyboard_size;unverified_reference_source
bbd32f359122817910f0,docyx_pc_part_dataset_2025_07_23,keyboard,Mad Catz PK02AU,Mad Catz,PK02AU,keyboard:mad-catz:pk02au,curated_alias,reference_only_needs_verification,needs_review,False,1,Black;White,False,Gaming,,,,,wired,general;gaming,gaming,65.0,70.0,missing_keyboard_size;unverified_reference_source
dab4d4c0cf2200f81740,docyx_pc_part_dataset_2025_07_23,keyboard,Mad Catz S.T.R.I.K.E. 3 Black,Mad Catz,S.T.R.I.K.E. 3 Black,keyboard:mad-catz:s-t-r-i-k-e-3-black,curated_alias,reference_only_needs_verification,needs_review,False,1,Black,False,Gaming,,,,,wired,general;gaming,gaming,65.0,70.0,missing_keyboard_size;unverified_reference_source
3328a7fb9208bc044121,docyx_pc_part_dataset_2025_07_23,keyboard,Mad Catz S.T.R.I.K.E. 3 Red,Mad Catz,S.T.R.I.K.E. 3 Red,keyboard:mad-catz:s-t-r-i-k-e-3-red,curated_alias,reference_only_needs_verification,needs_review,False,1,Black;Red,False,Gaming,,,,,wired,general;gaming,gaming,65.0,70.0,missing_keyboard_size;unverified_reference_source
1be992f9b96d1ff7f9aa,docyx_pc_part_dataset_2025_07_23,keyboard,Mad Catz S.T.R.I.K.E. 3 White,Mad Catz,S.T.R.I.K.E. 3 White,keyboard:mad-catz:s-t-r-i-k-e-3-white,curated_alias,reference_only_needs_verification,needs_review,False,1,Black;White,False,Gaming,,,,,wired,general;gaming,gaming,65.0,70.0,missing_keyboard_size;unverified_reference_source
f570f988b14844fceb6e,docyx_pc_part_dataset_2025_07_23,keyboard,Mad Catz S.T.R.I.K.E. 7,Mad Catz,S.T.R.I.K.E. 7,keyboard:mad-catz:s-t-r-i-k-e-7,curated_alias,reference_only_needs_verification,needs_review,False,1,Black;Silver,False,Gaming,,,,single_colour,wired,general;gaming,gaming,65.0,70.0,missing_keyboard_size;unverified_reference_source
2291b327fa39982e99cb,docyx_pc_part_dataset_2025_07_23,keyboard,Mad Catz S.T.R.I.K.E.5,Mad Catz,S.T.R.I.K.E.5,keyboard:mad-catz:s-t-r-i-k-e-5,curated_alias,reference_only_needs_verification,needs_review,False,1,Black,False,Gaming,,,,single_colour,wired,general;gaming,gaming,65.0,70.0,missing_keyboard_size;unverified_reference_source
446164503059558f310a,docyx_pc_part_dataset_2025_07_23,keyboard,Mad Catz Titanfall S.T.R.I.K.E.3,Mad Catz,Titanfall S.T.R.I.K.E.3,keyboard:mad-catz:titanfall-s-t-r-i-k-e-3,curated_alias,reference_only_needs_verification,needs_review,False,1,Orange;White,False,Gaming,,,,single_colour,wired,general;gaming,gaming,65.0,70.0,missing_keyboard_size;unverified_reference_source
76d8eb063e307f878bf7,docyx_pc_part_dataset_2025_07_23,keyboard,Microsoft ANB-00006,Microsoft,ANB-00006,keyboard:microsoft:anb-00006,curated_alias,reference_only_needs_verification,needs_review,False,1,Black,False,Slim,,,,,wired,general,productivity,65.0,70.0,missing_keyboard_size;unverified_reference_source
2dd220cf594283345119,docyx_pc_part_dataset_2025_07_23,keyboard,Microsoft EKZ-00001,Microsoft,EKZ-00001,keyboard:microsoft:ekz-00001,curated_alias,reference_only_needs_verification,needs_review,False,1,Gray,False,Slim,,,,,wireless,general;portable,portable,65.0,70.0,missing_keyboard_size;unverified_reference_source
4ad27f00d2765890cef6,docyx_pc_part_dataset_2025_07_23,keyboard,Microsoft QHG-00031,Microsoft,QHG-00031,keyboard:microsoft:qhg-00031,curated_alias,reference_only_needs_verification,needs_review,False,1,White,False,Slim,,,,,wired;wireless;bluetooth,general;portable,portable,65.0,70.0,missing_keyboard_size;unverified_reference_source
612a5cf63f3fdf2f3e8d,docyx_pc_part_dataset_2025_07_23,keyboard,Microsoft SIDEWINDER X4,Microsoft,SIDEWINDER X4,keyboard:microsoft:sidewinder-x4,curated_alias,reference_only_needs_verification,needs_review,False,1,Black,False,Gaming,,,,single_colour,wired,general;gaming,gaming,65.0,70.0,missing_keyboard_size;unverified_reference_source
b34260bd77322900cc09,docyx_pc_part_dataset_2025_07_23,keyboard,Microsoft ZHA-00001,Microsoft,ZHA-00001,keyboard:microsoft:zha-00001,curated_alias,reference_only_needs_verification,needs_review,False,1,Black,False,Slim,,,,,wireless,general;portable,portable,65.0,70.0,missing_keyboard_size;unverified_reference_source
dcdd38677960c33ac175,docyx_pc_part_dataset_2025_07_23,keyboard,ROCCAT Arvo,ROCCAT,Arvo,keyboard:roccat:arvo,curated_alias,reference_only_needs_verification,needs_review,False,1,Black,False,Gaming,,,,,wired,general;gaming,gaming,65.0,70.0,missing_keyboard_size;unverified_reference_source
f98b10a809a77d6dcbdd,docyx_pc_part_dataset_2025_07_23,keyboard,ROCCAT Horde AIMO,ROCCAT,Horde AIMO,keyboard:roccat:horde-aimo,curated_alias,reference_only_needs_verification,needs_review,False,2,Black;Gray;White,False,Gaming,,,,rgb,wired,general;gaming,gaming,65.0,70.0,missing_keyboard_size;unverified_reference_source;identity_duplicates_collapsed
fd301f28f73dbbf4b189,docyx_pc_part_dataset_2025_07_23,keyboard,ROCCAT ISKU,ROCCAT,ISKU,keyboard:roccat:isku,curated_alias,reference_only_needs_verification,needs_review,False,1,Black,False,Gaming,,,,,wired,general;gaming,gaming,65.0,70.0,missing_keyboard_size;unverified_reference_source
f9fa4d7c2f8c0df92ae8,docyx_pc_part_dataset_2025_07_23,keyboard,ROCCAT Isku FX,ROCCAT,Isku FX,keyboard:roccat:isku-fx,curated_alias,reference_only_needs_verification,needs_review,False,2,Black;White,False,Gaming,,,,single_colour,wired,general;gaming,gaming,65.0,70.0,missing_keyboard_size;unverified_reference_source;identity_duplicates_collapsed
6421a8e4bf99ffcb5907,docyx_pc_part_dataset_2025_07_23,keyboard,Rosewill NEON K42,Rosewill,NEON K42,keyboard:rosewill:neon-k42,inferred_first_token,reference_only_needs_verification,needs_review,False,1,Black,True,Gaming,,,,rgb,wired,general;gaming,gaming,65.0,70.0,missing_keyboard_size;unverified_reference_source
572753421d9ad330b8b4,docyx_pc_part_dataset_2025_07_23,keyboard,Rosewill NEON K54,Rosewill,NEON K54,keyboard:rosewill:neon-k54,inferred_first_token,reference_only_needs_verification,needs_review,False,1,Black,True,Gaming,,,,rgb,wired,general;gaming,gaming,65.0,70.0,missing_keyboard_size;unverified_reference_source
cd988bc35803d6c82756,docyx_pc_part_dataset_2025_07_23,keyboard,Samsung VG-KBD1000 Keyboard,Samsung,VG-KBD1000 Keyboard,keyboard:samsung:vg-kbd1000-keyboard,curated_alias,reference_only_needs_verification,needs_review,False,1,Black,False,Slim,,,,,wireless;bluetooth,general;portable,portable,65.0,70.0,missing_keyboard_size;unverified_reference_source
d7453c7d1fa9b1c17385,docyx_pc_part_dataset_2025_07_23,keyboard,Targus AKB863US,Targus,AKB863US,keyboard:targus:akb863us,inferred_first_token,reference_only_needs_verification,needs_review,False,1,Black,True,Slim,,,,,wireless;bluetooth,general;portable,portable,65.0,70.0,missing_keyboard_size;unverified_reference_source
995a655ebb24d7d0f055,docyx_pc_part_dataset_2025_07_23,keyboard,Targus AKB864US,Targus,AKB864US,keyboard:targus:akb864us,inferred_first_token,reference_only_needs_verification,needs_review,False,1,Black,True,Slim,,,,,wireless;bluetooth,general;portable,portable,65.0,70.0,missing_keyboard_size;unverified_reference_source
2ae3e51a249fe2200a46,docyx_pc_part_dataset_2025_07_23,keyboard,Targus AKB867US,Targus,AKB867US,keyboard:targus:akb867us,inferred_first_token,reference_only_needs_verification,needs_review,False,1,Black,True,Slim,,,,,wireless;bluetooth,general;portable,portable,65.0,70.0,missing_keyboard_size;unverified_reference_source
52de2f289dd864f1431c,docyx_pc_part_dataset_2025_07_23,keyboard,Targus AKM618AMUS,Targus,AKM618AMUS,keyboard:targus:akm618amus,inferred_first_token,reference_only_needs_verification,needs_review,False,1,Black,True,Slim,,,,,wireless;bluetooth,general;portable,portable,65.0,70.0,missing_keyboard_size;unverified_reference_source
3beeff7a9a2b26c796b9,docyx_pc_part_dataset_2025_07_23,keyboard,Targus AKM619AMUS,Targus,AKM619AMUS,keyboard:targus:akm619amus,inferred_first_token,reference_only_needs_verification,needs_review,False,1,Black,True,Slim,,,,,wireless;bluetooth,general;portable,portable,65.0,70.0,missing_keyboard_size;unverified_reference_source
cc940017da88a78c87b2,docyx_pc_part_dataset_2025_07_23,keyboard,Thermaltake CHALLENGER Illuminated,Thermaltake,CHALLENGER Illuminated,keyboard:thermaltake:challenger-illuminated,curated_alias,reference_only_needs_verification,needs_review,False,1,Black,False,Gaming,,,,single_colour,wired,general;gaming,gaming,65.0,70.0,missing_keyboard_size;unverified_reference_source
d1745a70e2d4b6c94b00,docyx_pc_part_dataset_2025_07_23,keyboard,Thermaltake CHALLENGER PRIME,Thermaltake,CHALLENGER PRIME,keyboard:thermaltake:challenger-prime,curated_alias,reference_only_needs_verification,needs_review,False,1,Black,False,Gaming,,,,single_colour,wired,general;gaming,gaming,65.0,70.0,missing_keyboard_size;unverified_reference_source
31ccad2ee6f4c6a0c181,docyx_pc_part_dataset_2025_07_23,keyboard,Thermaltake Commander,Thermaltake,Commander,keyboard:thermaltake:commander,curated_alias,reference_only_needs_verification,needs_review,False,1,Black;Silver,False,Gaming,,,,single_colour,wired,general;gaming,gaming,65.0,70.0,missing_keyboard_size;unverified_reference_source
2788b9330afa021f0d1e,docyx_pc_part_dataset_2025_07_23,keyboard,Thermaltake Commander Bundle,Thermaltake,Commander Bundle,keyboard:thermaltake:commander-bundle,curated_alias,reference_only_needs_verification,needs_review,False,1,Black;Silver,False,Gaming,,,,single_colour,wired,general;gaming,gaming,65.0,70.0,missing_keyboard_size;unverified_reference_source
614ec58dc7f3f85f0407,docyx_pc_part_dataset_2025_07_23,keyboard,Thermaltake eSPORTS Challenger,Thermaltake,eSPORTS Challenger,keyboard:thermaltake:esports-challenger,curated_alias,reference_only_needs_verification,needs_review,False,1,Black,False,Gaming,,,,,wired,general;gaming,gaming,65.0,70.0,missing_keyboard_size;unverified_reference_source
22322de6a7238e1aacb7,docyx_pc_part_dataset_2025_07_23,keyboard,Thermaltake eSPORTS Challenger Pro,Thermaltake,eSPORTS Challenger Pro,keyboard:thermaltake:esports-challenger-pro,curated_alias,reference_only_needs_verification,needs_review,False,1,Black,False,Gaming,,,,single_colour,wired,general;gaming,gaming,65.0,70.0,missing_keyboard_size;unverified_reference_source
4dbecda457c20a76ba9c,docyx_pc_part_dataset_2025_07_23,keyboard,Thermaltake eSPORTS Challenger Ultimate,Thermaltake,eSPORTS Challenger Ultimate,keyboard:thermaltake:esports-challenger-ultimate,curated_alias,reference_only_needs_verification,needs_review,False,1,Black,False,Gaming,,,,,wired,general;gaming,gaming,65.0,70.0,missing_keyboard_size;unverified_reference_source
ca2ae0005cd8e9154616,docyx_pc_part_dataset_2025_07_23,keyboard,Tripp Lite IN3010KB,Tripp,Lite IN3010KB,keyboard:tripp:lite-in3010kb,inferred_first_token,reference_only_needs_verification,needs_review,False,1,White,True,Slim,,,,,wireless,general;portable,portable,65.0,70.0,missing_keyboard_size;unverified_reference_source
ba243faa867e2d57d011,docyx_pc_part_dataset_2025_07_23,keyboard,Turtle Beach IMPACT 100,Turtle Beach,IMPACT 100,keyboard:turtle-beach:impact-100,curated_alias,reference_only_needs_verification,needs_review,False,1,Black;Red,False,Gaming,,,,,wired,general;gaming,gaming,65.0,70.0,missing_keyboard_size;unverified_reference_source
d68cd0408bce1044d82d,docyx_pc_part_dataset_2025_07_23,keyboard,Zalman ZM-K400G,Zalman,ZM-K400G,keyboard:zalman:zm-k400g,inferred_first_token,reference_only_needs_verification,needs_review,False,1,Black,True,Gaming,,,,single_colour,wired,general;gaming,gaming,65.0,70.0,missing_keyboard_size;unverified_reference_source
64f7d7f6a8efa87fde2f,docyx_pc_part_dataset_2025_07_23,keyboard,i-rocks KR-6421-BK,i-rocks,KR-6421-BK,keyboard:i-rocks:kr-6421-bk,inferred_first_token,reference_only_needs_verification,needs_review,False,1,Black,True,Slim,,,,,wired,general,productivity,65.0,70.0,missing_keyboard_size;unverified_reference_source
54a954335e8552d48ab7,docyx_pc_part_dataset_2025_07_23,keyboard,i-rocks KR-6820E-BK,i-rocks,KR-6820E-BK,keyboard:i-rocks:kr-6820e-bk,inferred_first_token,reference_only_needs_verification,needs_review,False,1,Black,True,Gaming,,,,single_colour,wired,general;gaming,gaming,65.0,70.0,missing_keyboard_size;unverified_reference_source
377016c728bad801fbe3,docyx_pc_part_dataset_2025_07_23,keyboard,i-rocks RF-6577L-BK,i-rocks,RF-6577L-BK,keyboard:i-rocks:rf-6577l-bk,inferred_first_token,reference_only_needs_verification,needs_review,False,1,Black;Silver,True,Slim,,,,,wireless,general;portable,portable,65.0,70.0,missing_keyboard_size;unverified_reference_source
55a2e98eadc4d2d8aca4,docyx_pc_part_dataset_2025_07_23,keyboard,iBuypower Chimera KM7 RGB,iBuypower,Chimera KM7 RGB,keyboard:ibuypower:chimera-km7-rgb,inferred_first_token,reference_only_needs_verification,needs_review,False,1,Black,True,Gaming,,,,rgb,wired,general;gaming,gaming,65.0,70.0,missing_keyboard_size;unverified_reference_source
b5c3d842db5897d787b1,docyx_pc_part_dataset_2025_07_23,keyboard,1STPLAYER FIRE ROSE MK3,1STPLAYER,FIRE ROSE MK3,keyboard:1stplayer:fire-rose-mk3,inferred_first_token,reference_only_needs_verification,needs_review,False,1,White,False,Gaming,,mechanical,Outemu Blue,rgb,wired,general;gaming,gaming,65.0,69.0,missing_keyboard_size;unverified_reference_source
59e9b49b59ed0f52c0ed,docyx_pc_part_dataset_2025_07_23,keyboard,ADATA XPG INFAREX K20,ADATA,XPG INFAREX K20,keyboard:adata:xpg-infarex-k20,inferred_first_token,reference_only_needs_verification,needs_review,False,1,Red,False,Gaming,,mechanical,Kailh Blue,rgb,wired,general;gaming,gaming,65.0,69.0,missing_keyboard_size;unverified_reference_source
b00496054ada72f5eaa8,docyx_pc_part_dataset_2025_07_23,keyboard,ADATA XPG Sorcerer,ADATA,XPG Sorcerer,keyboard:adata:xpg-sorcerer,inferred_first_token,reference_only_needs_verification,needs_review,False,1,Black,False,Gaming,,mechanical,XPG Red,rgb,wired,general;gaming,gaming,65.0,69.0,missing_keyboard_size;unverified_reference_source
312c10eb4ba1833777f8,docyx_pc_part_dataset_2025_07_23,keyboard,AUKEY KM-G12,AUKEY,KM-G12,keyboard:aukey:km-g12,inferred_first_token,reference_only_needs_verification,needs_review,False,1,Black,False,Gaming,,mechanical,Outemu Blue,rgb,wired,general;gaming,gaming,65.0,69.0,missing_keyboard_size;unverified_reference_source
04b7985125ab7dec7a63,docyx_pc_part_dataset_2025_07_23,keyboard,AUKEY KM-G3-US,AUKEY,KM-G3-US,keyboard:aukey:km-g3-us,inferred_first_token,reference_only_needs_verification,needs_review,False,1,Black;Silver,False,Gaming,,mechanical,Outemu Blue,rgb,wired,general;gaming,gaming,65.0,69.0,missing_keyboard_size;unverified_reference_source
a721761ab4f7c086fb76,docyx_pc_part_dataset_2025_07_23,keyboard,AZIO Armato,AZIO,Armato,keyboard:azio:armato,inferred_first_token,reference_only_needs_verification,needs_review,False,1,Black,False,Gaming,,mechanical,Cherry MX Brown,single_colour,wired,general;gaming,gaming,65.0,69.0,missing_keyboard_size;unverified_reference_source
abe7e825a37eb0571aeb,docyx_pc_part_dataset_2025_07_23,keyboard,AZIO Levetron Mech4,AZIO,Levetron Mech4,keyboard:azio:levetron-mech4,inferred_first_token,reference_only_needs_verification,needs_review,False,1,Black,False,Gaming,,mechanical,Cherry MX Black,,wired,general;gaming,gaming,65.0,69.0,missing_keyboard_size;unverified_reference_source
19659f772c4eb7f9e9b7,docyx_pc_part_dataset_2025_07_23,keyboard,AZIO Levetron Mech5,AZIO,Levetron Mech5,keyboard:azio:levetron-mech5,inferred_first_token,reference_only_needs_verification,needs_review,False,1,Black;Red,False,Gaming,,mechanical,Cherry MX Black,,wired,general;gaming,gaming,65.0,69.0,missing_keyboard_size;unverified_reference_source
5dcb972652a0c1c3a07d,docyx_pc_part_dataset_2025_07_23,keyboard,AZIO MGK L80,AZIO,MGK L80,keyboard:azio:mgk-l80,inferred_first_token,reference_only_needs_verification,needs_review,False,3,Black,False,Gaming,,mechanical,Kailh Brown,rgb,wired,general;gaming,gaming,65.0,69.0,missing_keyboard_size;unverified_reference_source;identity_duplicates_collapsed
0878810198f7cb1f7d98,docyx_pc_part_dataset_2025_07_23,keyboard,AZIO MGK1,AZIO,MGK1,keyboard:azio:mgk1,inferred_first_token,reference_only_needs_verification,needs_review,False,1,Gunmetal,False,Gaming,,mechanical,Kailh Blue,single_colour,wired,general;gaming,gaming,65.0,69.0,missing_keyboard_size;unverified_reference_source
e9476febf0ace32de4e0,docyx_pc_part_dataset_2025_07_23,keyboard,AZIO MGK1-K,AZIO,MGK1-K,keyboard:azio:mgk1-k,inferred_first_token,reference_only_needs_verification,needs_review,False,1,Black,False,Gaming,,mechanical,Kailh Brown,single_colour,wired,general;gaming,gaming,65.0,69.0,missing_keyboard_size;unverified_reference_source
41df4b9f1e706e0497ff,docyx_pc_part_dataset_2025_07_23,keyboard,Adesso EasyTouch 635,Adesso,EasyTouch 635,keyboard:adesso:easytouch-635,inferred_first_token,reference_only_needs_verification,needs_review,False,1,Black,False,Gaming,,mechanical,Kailh Blue,,wired,general;gaming,gaming,65.0,69.0,missing_keyboard_size;unverified_reference_source
d02a2a30609ba4b0f10b,docyx_pc_part_dataset_2025_07_23,keyboard,Adesso MKB-125B,Adesso,MKB-125B,keyboard:adesso:mkb-125b,inferred_first_token,reference_only_needs_verification,needs_review,False,1,Black,False,Slim,,mechanical,Cherry MX Blue,,wired,general,productivity,65.0,69.0,missing_keyboard_size;unverified_reference_source
630836e5624b4009fd03,docyx_pc_part_dataset_2025_07_23,keyboard,Cobra E-Blue Mazer,Cobra,E-Blue Mazer,keyboard:cobra:e-blue-mazer,inferred_first_token,reference_only_needs_verification,needs_review,False,1,Black;Blue,False,Gaming,,mechanical,Cherry MX Blue,single_colour,wired,general;gaming,gaming,65.0,69.0,missing_keyboard_size;unverified_reference_source
c97ed0036bd2ecbf927d,docyx_pc_part_dataset_2025_07_23,keyboard,Cougar ATTACK X3 (MX Blue),Cougar,ATTACK X3 (MX Blue),keyboard:cougar:attack-x3-mx-blue,inferred_first_token,reference_only_needs_verification,needs_review,False,1,Black;White,False,Gaming,,mechanical,Cherry MX Blue,rgb,wired,general;gaming,gaming,65.0,69.0,missing_keyboard_size;unverified_reference_source
3007792085236dc650c1,docyx_pc_part_dataset_2025_07_23,keyboard,Cougar ATTACK X3 (MX Red),Cougar,ATTACK X3 (MX Red),keyboard:cougar:attack-x3-mx-red,inferred_first_token,reference_only_needs_verification,needs_review,False,1,Black;White,False,Gaming,,mechanical,Cherry MX Red,rgb,wired,general;gaming,gaming,65.0,69.0,missing_keyboard_size;unverified_reference_source
1b0e25e02fe54f8057e6,docyx_pc_part_dataset_2025_07_23,keyboard,Cougar AttackX3-4IS (MX Brown),Cougar,AttackX3-4IS (MX Brown),keyboard:cougar:attackx3-4is-mx-brown,inferred_first_token,reference_only_needs_verification,needs_review,False,1,Black;White,False,Gaming,,mechanical,Cherry MX Brown,single_colour,wired,general;gaming,gaming,65.0,69.0,missing_keyboard_size;unverified_reference_source
659ebb617e255a13b3c3,docyx_pc_part_dataset_2025_07_23,keyboard,Cougar KBC700-2IS,Cougar,KBC700-2IS,keyboard:cougar:kbc700-2is,inferred_first_token,reference_only_needs_verification,needs_review,False,1,Black,False,Gaming,,mechanical,Cherry MX Black,single_colour,wired,general;gaming,gaming,65.0,69.0,missing_keyboard_size;unverified_reference_source
f5eb63c315bf4c16d881,docyx_pc_part_dataset_2025_07_23,keyboard,Cougar ULTIMUS,Cougar,ULTIMUS,keyboard:cougar:ultimus,inferred_first_token,reference_only_needs_verification,needs_review,False,1,Black,False,Gaming,,mechanical,TTC Blue,rgb,wired,general;gaming,gaming,65.0,69.0,missing_keyboard_size;unverified_reference_source
2a206d00a4f274e7d9d9,docyx_pc_part_dataset_2025_07_23,keyboard,Cougar ULTIMUS RGB,Cougar,ULTIMUS RGB,keyboard:cougar:ultimus-rgb,inferred_first_token,reference_only_needs_verification,needs_review,False,2,Black,False,Gaming,,mechanical,TTC Red,rgb,wired,general;gaming,gaming,65.0,69.0,missing_keyboard_size;unverified_reference_source;identity_duplicates_collapsed
b5715159ee3fe5c0cacb,docyx_pc_part_dataset_2025_07_23,keyboard,Drevo Tyrfing V2,Drevo,Tyrfing V2,keyboard:drevo:tyrfing-v2,inferred_first_token,reference_only_needs_verification,needs_review,False,4,Black,False,Gaming,,mechanical,Outemu Brown,rgb,wired,general;gaming,gaming,65.0,69.0,missing_keyboard_size;unverified_reference_source;identity_duplicates_collapsed
5fd782df9f3e7a0815ea,docyx_pc_part_dataset_2025_07_23,keyboard,EVGA Z10 (Kailh Blue),EVGA,Z10 (Kailh Blue),keyboard:evga:z10-kailh-blue,inferred_first_token,reference_only_needs_verification,needs_review,False,1,Black,False,Gaming,,mechanical,Kailh Blue,single_colour,wired,general;gaming,gaming,65.0,69.0,missing_keyboard_size;unverified_reference_source
d97d792005f471e60131,docyx_pc_part_dataset_2025_07_23,keyboard,EVGA Z10 (Kailh Brown),EVGA,Z10 (Kailh Brown),keyboard:evga:z10-kailh-brown,inferred_first_token,reference_only_needs_verification,needs_review,False,1,Black,False,Gaming,,mechanical,Kailh Brown,single_colour,wired,general;gaming,gaming,65.0,69.0,missing_keyboard_size;unverified_reference_source
59f8b2e1c2d7bf1afef4,docyx_pc_part_dataset_2025_07_23,keyboard,EVGA Z10 RGB,EVGA,Z10 RGB,keyboard:evga:z10-rgb,inferred_first_token,reference_only_needs_verification,needs_review,False,2,Black,False,Gaming,,mechanical,Kailh Blue,rgb,wired,general;gaming,gaming,65.0,69.0,missing_keyboard_size;unverified_reference_source;identity_duplicates_collapsed
dd87521fa1af8fce0326,docyx_pc_part_dataset_2025_07_23,keyboard,EagleTec KG010-RGB,EagleTec,KG010-RGB,keyboard:eagletec:kg010-rgb,inferred_first_token,reference_only_needs_verification,needs_review,False,1,Black,False,Gaming,,mechanical,Outemu Blue,rgb,wired,general;gaming,gaming,65.0,69.0,missing_keyboard_size;unverified_reference_source
a79a441cb39f451fd457,docyx_pc_part_dataset_2025_07_23,keyboard,EagleTec KG011-RGB,EagleTec,KG011-RGB,keyboard:eagletec:kg011-rgb,inferred_first_token,reference_only_needs_verification,needs_review,False,1,Silver;White,False,Gaming,,mechanical,Outemu Blue,rgb,wired,general;gaming,gaming,65.0,69.0,missing_keyboard_size;unverified_reference_source
ba262c62fe68b3a1e8c0,docyx_pc_part_dataset_2025_07_23,keyboard,FNATIC Rush Pro Gaming,FNATIC,Rush Pro Gaming,keyboard:fnatic:rush-pro-gaming,inferred_first_token,reference_only_needs_verification,needs_review,False,3,Black,False,Gaming,,mechanical,Cherry MX Brown,single_colour,wired,general;gaming,gaming,65.0,69.0,missing_keyboard_size;unverified_reference_source;identity_duplicates_collapsed
e7edae6df7b57a17ceac,docyx_pc_part_dataset_2025_07_23,keyboard,FNATIC Streak RGB,FNATIC,Streak RGB,keyboard:fnatic:streak-rgb,inferred_first_token,reference_only_needs_verification,needs_review,False,4,Black,False,Gaming,,mechanical,Cherry MX Red,rgb,wired,general;gaming,gaming,65.0,69.0,missing_keyboard_size;unverified_reference_source;identity_duplicates_collapsed
21cd3200d1a535e8eb76,docyx_pc_part_dataset_2025_07_23,keyboard,G.Skill RIPJAWS KM780 MX,G.Skill,RIPJAWS KM780 MX,keyboard:g-skill:ripjaws-km780-mx,inferred_first_token,reference_only_needs_verification,needs_review,False,3,Black,False,Gaming,,mechanical,Cherry MX Red,rgb,wired,general;gaming,gaming,65.0,69.0,missing_keyboard_size;unverified_reference_source;identity_duplicates_collapsed
e58b4ed4552e644f61ac,docyx_pc_part_dataset_2025_07_23,keyboard,G.Skill RIPJAWS KM780 RGB,G.Skill,RIPJAWS KM780 RGB,keyboard:g-skill:ripjaws-km780-rgb,inferred_first_token,reference_only_needs_verification,needs_review,False,3,Black,False,Gaming,,mechanical,Cherry MX Brown,rgb,wired,general;gaming,gaming,65.0,69.0,missing_keyboard_size;unverified_reference_source;identity_duplicates_collapsed
3cdef80b717716d18ee5,docyx_pc_part_dataset_2025_07_23,keyboard,G.Skill RIPJAWS KM780R,G.Skill,RIPJAWS KM780R,keyboard:g-skill:ripjaws-km780r,inferred_first_token,reference_only_needs_verification,needs_review,False,3,Black,False,Gaming,,mechanical,Cherry MX Blue,single_colour,wired,general;gaming,gaming,65.0,69.0,missing_keyboard_size;unverified_reference_source;identity_duplicates_collapsed
3505ff66d25f506f6cb4,docyx_pc_part_dataset_2025_07_23,keyboard,G.Skill RIPJAWS KM780R RGB,G.Skill,RIPJAWS KM780R RGB,keyboard:g-skill:ripjaws-km780r-rgb,inferred_first_token,reference_only_needs_verification,needs_review,False,3,Black,False,Gaming,,mechanical,Cherry MX Red,rgb,wired,general;gaming,gaming,65.0,69.0,missing_keyboard_size;unverified_reference_source;identity_duplicates_collapsed
02d8fe7e4018beb94903,docyx_pc_part_dataset_2025_07_23,keyboard,G.Skill Ripjaws KM570,G.Skill,Ripjaws KM570,keyboard:g-skill:ripjaws-km570,inferred_first_token,reference_only_needs_verification,needs_review,False,4,Black,False,Gaming,,mechanical,Cherry MX Blue,single_colour,wired,general;gaming,gaming,65.0,69.0,missing_keyboard_size;unverified_reference_source;identity_duplicates_collapsed
6ccfcbdf1d0796727759,docyx_pc_part_dataset_2025_07_23,keyboard,G.Skill Ripjaws KM570 RGB,G.Skill,Ripjaws KM570 RGB,keyboard:g-skill:ripjaws-km570-rgb,inferred_first_token,reference_only_needs_verification,needs_review,False,4,Black,False,Gaming,,mechanical,Cherry MX Brown,rgb,wired,general;gaming,gaming,65.0,69.0,missing_keyboard_size;unverified_reference_source;identity_duplicates_collapsed
8e1b9edeb55aa6c477cc,docyx_pc_part_dataset_2025_07_23,keyboard,GALAX HOF Black Edition (MX Blue),GALAX,HOF Black Edition (MX Blue),keyboard:galax:hof-black-edition-mx-blue,inferred_first_token,reference_only_needs_verification,needs_review,False,1,Black,False,Gaming,,mechanical,Cherry MX Blue,single_colour,wired,general;gaming,gaming,65.0,69.0,missing_keyboard_size;unverified_reference_source
b93f811af1acc4e40b38,docyx_pc_part_dataset_2025_07_23,keyboard,GALAX HOF Black Edition (MX Brown),GALAX,HOF Black Edition (MX Brown),keyboard:galax:hof-black-edition-mx-brown,inferred_first_token,reference_only_needs_verification,needs_review,False,1,Black,False,Gaming,,mechanical,Cherry MX Brown,single_colour,wired,general;gaming,gaming,65.0,69.0,missing_keyboard_size;unverified_reference_source
d4601c9c99ee3aa2833b,docyx_pc_part_dataset_2025_07_23,keyboard,GAMDIAS HERMES,GAMDIAS,HERMES,keyboard:gamdias:hermes,inferred_first_token,reference_only_needs_verification,needs_review,False,1,Black,False,Gaming,,mechanical,Cherry MX Blue,single_colour,wired,general;gaming,gaming,65.0,69.0,missing_keyboard_size;unverified_reference_source
241e93674e6ccf6015db,docyx_pc_part_dataset_2025_07_23,keyboard,GameMax Strike,GameMax,Strike,keyboard:gamemax:strike,inferred_first_token,reference_only_needs_verification,needs_review,False,1,Black,False,Gaming,,mechanical,Outemu Red,single_colour,wired,general;gaming,gaming,65.0,69.0,missing_keyboard_size;unverified_reference_source
a1328320972db30d12cb,docyx_pc_part_dataset_2025_07_23,keyboard,GameSir GK300-GY,GameSir,GK300-GY,keyboard:gamesir:gk300-gy,inferred_first_token,reference_only_needs_verification,needs_review,False,1,Black,False,Gaming,,mechanical,TTC Blue,single_colour,wireless,general;gaming;portable,gaming,65.0,69.0,missing_keyboard_size;unverified_reference_source
592fd6f7995b9ff1644e,docyx_pc_part_dataset_2025_07_23,keyboard,Glorious Glorious Gaming,Glorious,Glorious Gaming,keyboard:glorious:glorious-gaming,inferred_first_token,reference_only_needs_verification,needs_review,False,1,Black,False,Gaming,,mechanical,Gateron Brown,single_colour,wired,general;gaming,gaming,65.0,69.0,missing_keyboard_size;unverified_reference_source
542e3fd741fad21c6f9e,docyx_pc_part_dataset_2025_07_23,keyboard,HAVIT HV-KB395L,HAVIT,HV-KB395L,keyboard:havit:hv-kb395l,inferred_first_token,reference_only_needs_verification,needs_review,False,1,Black,False,Gaming,,mechanical,Kailh Blue,rgb,wired,general;gaming,gaming,65.0,69.0,missing_keyboard_size;unverified_reference_source
dc84b88abb5eab550e55,docyx_pc_part_dataset_2025_07_23,keyboard,IOGEAR Kaliber Gaming HVER PRO RGB,IOGEAR,Kaliber Gaming HVER PRO RGB,keyboard:iogear:kaliber-gaming-hver-pro-rgb,inferred_first_token,reference_only_needs_verification,needs_review,False,1,Black,False,Gaming,,mechanical,Kailh Brown,single_colour,wired,general;gaming,gaming,65.0,69.0,missing_keyboard_size;unverified_reference_source
56930137b3552d1b39dd,docyx_pc_part_dataset_2025_07_23,keyboard,IQUNIX F97 Graffiti Diary,IQUNIX,F97 Graffiti Diary,keyboard:iqunix:f97-graffiti-diary,inferred_first_token,reference_only_needs_verification,needs_review,False,3,Multicolor;White,False,Gaming,,mechanical,TTC Speed Silver,rgb,wired;wireless;bluetooth,general;gaming;portable,gaming,65.0,69.0,missing_keyboard_size;unverified_reference_source;identity_duplicates_collapsed
9a98a5e6c26d6701125e,docyx_pc_part_dataset_2025_07_23,keyboard,IQUNIX F97 Hitchhiker,IQUNIX,F97 Hitchhiker,keyboard:iqunix:f97-hitchhiker,inferred_first_token,reference_only_needs_verification,needs_review,False,11,Gray;White,False,Gaming,,mechanical,Cherry MX Red,,wired;wireless;bluetooth,general;gaming;portable,gaming,65.0,69.0,missing_keyboard_size;unverified_reference_source;identity_duplicates_collapsed
9c2e45da555fa622dcfc,docyx_pc_part_dataset_2025_07_23,keyboard,MCHOSE G98 Pro,MCHOSE,G98 Pro,keyboard:mchose:g98-pro,inferred_first_token,reference_only_needs_verification,needs_review,False,9,Black;Blue;Gray;Orange;Pink;Purple;White,False,Gaming,,mechanical,TTC Flame Orange,rgb,wired;wireless;bluetooth,general;gaming;portable,gaming,65.0,69.0,missing_keyboard_size;unverified_reference_source;identity_duplicates_collapsed
70dbaed56061c73a4aef,docyx_pc_part_dataset_2025_07_23,keyboard,NOX Krom Kratos RGB,NOX,Krom Kratos RGB,keyboard:nox:krom-kratos-rgb,inferred_first_token,reference_only_needs_verification,needs_review,False,1,Black,False,Gaming,,mechanical,Kailh Red,rgb,wired,general;gaming,gaming,65.0,69.0,missing_keyboard_size;unverified_reference_source
c82e988588fc9cec7f92,docyx_pc_part_dataset_2025_07_23,keyboard,NZXT Function,NZXT,Function,keyboard:nzxt:function,inferred_first_token,reference_only_needs_verification,needs_review,False,2,Black;White,False,Gaming,,mechanical,Gateron Red,rgb,wired,general;gaming,gaming,65.0,69.0,missing_keyboard_size;unverified_reference_source;identity_duplicates_collapsed
44fbcfd35aadb8cfdbab,docyx_pc_part_dataset_2025_07_23,keyboard,Patriot Viper V760,Patriot,Viper V760,keyboard:patriot:viper-v760,inferred_first_token,reference_only_needs_verification,needs_review,False,1,Black,False,Gaming,,mechanical,Kailh Brown,rgb,wired,general;gaming,gaming,65.0,69.0,missing_keyboard_size;unverified_reference_source
04f9a725b7396d80b56b,docyx_pc_part_dataset_2025_07_23,keyboard,Patriot Viper V765,Patriot,Viper V765,keyboard:patriot:viper-v765,inferred_first_token,reference_only_needs_verification,needs_review,False,1,Black;Silver,False,Gaming,,mechanical,Kailh BOX White,rgb,wired,general;gaming,gaming,65.0,69.0,missing_keyboard_size;unverified_reference_source
416d144550a67e3c2bb5,docyx_pc_part_dataset_2025_07_23,keyboard,Patriot Viper V770,Patriot,Viper V770,keyboard:patriot:viper-v770,inferred_first_token,reference_only_needs_verification,needs_review,False,1,Black,False,Gaming,,mechanical,Kailh Red,rgb,wired,general;gaming,gaming,65.0,69.0,missing_keyboard_size;unverified_reference_source
859df96c2482f5514e1e,docyx_pc_part_dataset_2025_07_23,keyboard,Qumax Xarmor U9Plus,Qumax,Xarmor U9Plus,keyboard:qumax:xarmor-u9plus,inferred_first_token,reference_only_needs_verification,needs_review,False,1,Black,False,Gaming,,mechanical,Cherry MX Blue,,wired,general;gaming,gaming,65.0,69.0,missing_keyboard_size;unverified_reference_source
d1b119f52bcdbb5210c9,docyx_pc_part_dataset_2025_07_23,keyboard,Qwazar Red Shift,Qwazar,Red Shift,keyboard:qwazar:red-shift,inferred_first_token,reference_only_needs_verification,needs_review,False,1,Black,False,Gaming,,mechanical,Cherry MX Red,single_colour,wired,general;gaming,gaming,65.0,69.0,missing_keyboard_size;unverified_reference_source
c5f3f0bf85a24111843c,docyx_pc_part_dataset_2025_07_23,keyboard,Rosewill Apollo RK-9100xB,Rosewill,Apollo RK-9100xB,keyboard:rosewill:apollo-rk-9100xb,inferred_first_token,reference_only_needs_verification,needs_review,False,1,Black,False,Gaming,,mechanical,Cherry MX Blue,single_colour,wired,general;gaming,gaming,65.0,69.0,missing_keyboard_size;unverified_reference_source
b566fa7167f6e71f6047,docyx_pc_part_dataset_2025_07_23,keyboard,Rosewill Apollo RK-9100xBBL,Rosewill,Apollo RK-9100xBBL,keyboard:rosewill:apollo-rk-9100xbbl,inferred_first_token,reference_only_needs_verification,needs_review,False,1,Black,False,Gaming,,mechanical,Cherry MX Black,single_colour,wired,general;gaming,gaming,65.0,69.0,missing_keyboard_size;unverified_reference_source
58b24b015b1f029548ef,docyx_pc_part_dataset_2025_07_23,keyboard,Rosewill Apollo RK-9100xBBR,Rosewill,Apollo RK-9100xBBR,keyboard:rosewill:apollo-rk-9100xbbr,inferred_first_token,reference_only_needs_verification,needs_review,False,1,Black,False,Gaming,,mechanical,Cherry MX Brown,single_colour,wired,general;gaming,gaming,65.0,69.0,missing_keyboard_size;unverified_reference_source
2765191ca51d9aeefa40,docyx_pc_part_dataset_2025_07_23,keyboard,Rosewill Apollo RK-9100xBRE,Rosewill,Apollo RK-9100xBRE,keyboard:rosewill:apollo-rk-9100xbre,inferred_first_token,reference_only_needs_verification,needs_review,False,1,Black,False,Gaming,,mechanical,Cherry MX Red,single_colour,wired,general;gaming,gaming,65.0,69.0,missing_keyboard_size;unverified_reference_source
96c69c83a2a22ab3e7fb,docyx_pc_part_dataset_2025_07_23,keyboard,Rosewill Apollo RK-9100xR,Rosewill,Apollo RK-9100xR,keyboard:rosewill:apollo-rk-9100xr,inferred_first_token,reference_only_needs_verification,needs_review,False,1,Black,False,Gaming,,mechanical,Cherry MX Blue,single_colour,wired,general;gaming,gaming,65.0,69.0,missing_keyboard_size;unverified_reference_source
05c9adcbfcf4dc2cf928,docyx_pc_part_dataset_2025_07_23,keyboard,Rosewill Apollo RK-9100xRBL,Rosewill,Apollo RK-9100xRBL,keyboard:rosewill:apollo-rk-9100xrbl,inferred_first_token,reference_only_needs_verification,needs_review,False,1,Black,False,Gaming,,mechanical,Cherry MX Black,single_colour,wired,general;gaming,gaming,65.0,69.0,missing_keyboard_size;unverified_reference_source
fbc90a419b540444780a,docyx_pc_part_dataset_2025_07_23,keyboard,Rosewill Apollo RK-9100xRBR,Rosewill,Apollo RK-9100xRBR,keyboard:rosewill:apollo-rk-9100xrbr,inferred_first_token,reference_only_needs_verification,needs_review,False,1,Black,False,Gaming,,mechanical,Cherry MX Brown,single_colour,wired,general;gaming,gaming,65.0,69.0,missing_keyboard_size;unverified_reference_source
4ee62eec5dc6e8b0fcc8,docyx_pc_part_dataset_2025_07_23,keyboard,Rosewill Apollo RK-9100xRRE,Rosewill,Apollo RK-9100xRRE,keyboard:rosewill:apollo-rk-9100xrre,inferred_first_token,reference_only_needs_verification,needs_review,False,1,Black,False,Gaming,,mechanical,Cherry MX Red,single_colour,wired,general;gaming,gaming,65.0,69.0,missing_keyboard_size;unverified_reference_source
eae33b6bbe82cecb7fda,docyx_pc_part_dataset_2025_07_23,keyboard,Rosewill NEON K75 V2,Rosewill,NEON K75 V2,keyboard:rosewill:neon-k75-v2,inferred_first_token,reference_only_needs_verification,needs_review,False,1,Black,False,Gaming,,mechanical,Kailh Blue,rgb,wired,general;gaming,gaming,65.0,69.0,missing_keyboard_size;unverified_reference_source
53d3f6a2c265116ad2b4,docyx_pc_part_dataset_2025_07_23,keyboard,Rosewill NEON K75 V2 BR,Rosewill,NEON K75 V2 BR,keyboard:rosewill:neon-k75-v2-br,inferred_first_token,reference_only_needs_verification,needs_review,False,1,Black,False,Gaming,,mechanical,Kailh Brown,rgb,wired,general;gaming,gaming,65.0,69.0,missing_keyboard_size;unverified_reference_source
5c792bd087e972176da9,docyx_pc_part_dataset_2025_07_23,keyboard,Rosewill NEON K90 RGB,Rosewill,NEON K90 RGB,keyboard:rosewill:neon-k90-rgb,inferred_first_token,reference_only_needs_verification,needs_review,False,1,Black,False,Gaming,,mechanical,Kailh Blue,rgb,wired,general;gaming,gaming,65.0,69.0,missing_keyboard_size;unverified_reference_source
a4750866430b528d6489,docyx_pc_part_dataset_2025_07_23,keyboard,Rosewill NEON K91 RGB,Rosewill,NEON K91 RGB,keyboard:rosewill:neon-k91-rgb,inferred_first_token,reference_only_needs_verification,needs_review,False,3,Black;Silver,False,Gaming,,mechanical,Kailh Brown,rgb,wired,general;gaming,gaming,65.0,69.0,missing_keyboard_size;unverified_reference_source;identity_duplicates_collapsed
e5f67c83dffb0df8ff18,docyx_pc_part_dataset_2025_07_23,keyboard,Rosewill RK-9100BR,Rosewill,RK-9100BR,keyboard:rosewill:rk-9100br,inferred_first_token,reference_only_needs_verification,needs_review,False,1,Black,False,Slim,,mechanical,Cherry MX Brown,single_colour,wired,general,productivity,65.0,69.0,missing_keyboard_size;unverified_reference_source
ba49fa25289bd0eee18b,docyx_pc_part_dataset_2025_07_23,keyboard,Rosewill RK-9200BL,Rosewill,RK-9200BL,keyboard:rosewill:rk-9200bl,inferred_first_token,reference_only_needs_verification,needs_review,False,1,Black,False,Slim,,mechanical,Cherry MX Black,single_colour,wired,general,productivity,65.0,69.0,missing_keyboard_size;unverified_reference_source
75e55eab296302113b3b,docyx_pc_part_dataset_2025_07_23,keyboard,Rosewill RK-9200BR,Rosewill,RK-9200BR,keyboard:rosewill:rk-9200br,inferred_first_token,reference_only_needs_verification,needs_review,False,1,Black,False,Slim,,mechanical,Cherry MX Brown,single_colour,wired,general,productivity,65.0,69.0,missing_keyboard_size;unverified_reference_source
f6d86536fdb4c2db7aca,docyx_pc_part_dataset_2025_07_23,keyboard,Rosewill RK-9200BU,Rosewill,RK-9200BU,keyboard:rosewill:rk-9200bu,inferred_first_token,reference_only_needs_verification,needs_review,False,1,Black,False,Slim,,mechanical,Cherry MX Blue,single_colour,wired,general,productivity,65.0,69.0,missing_keyboard_size;unverified_reference_source
5c6b91fb25a5b9cedeac,docyx_pc_part_dataset_2025_07_23,keyboard,Rosewill RK-9200RE,Rosewill,RK-9200RE,keyboard:rosewill:rk-9200re,inferred_first_token,reference_only_needs_verification,needs_review,False,1,Black,False,Slim,,mechanical,Cherry MX Red,single_colour,wired,general,productivity,65.0,69.0,missing_keyboard_size;unverified_reference_source
4efe663337dfeb2005f7,docyx_pc_part_dataset_2025_07_23,keyboard,Rosewill RK-9300_BR,Rosewill,RK-9300_BR,keyboard:rosewill:rk-9300-br,inferred_first_token,reference_only_needs_verification,needs_review,False,1,Black,False,Gaming,,mechanical,Cherry MX Brown,single_colour,wired,general;gaming,gaming,65.0,69.0,missing_keyboard_size;unverified_reference_source
41b498e2fe8de53005cf,docyx_pc_part_dataset_2025_07_23,keyboard,Rottay TH-419B,Rottay,TH-419B,keyboard:rottay:th-419b,inferred_first_token,reference_only_needs_verification,needs_review,False,1,Black,False,Gaming,,mechanical,Outemu Brown,single_colour,wired,general;gaming,gaming,65.0,69.0,missing_keyboard_size;unverified_reference_source
cbb478eec3b0b57dea48,docyx_pc_part_dataset_2025_07_23,keyboard,SIIG JK-US0112-S1,SIIG,JK-US0112-S1,keyboard:siig:jk-us0112-s1,inferred_first_token,reference_only_needs_verification,needs_review,False,1,Black,False,Slim,,mechanical,ALPS Clicky Simplified White,,wired,general,productivity,65.0,69.0,missing_keyboard_size;unverified_reference_source
1594bd2b3df622d9568e,docyx_pc_part_dataset_2025_07_23,keyboard,SilentiumPC GK530 Tournament,SilentiumPC,GK530 Tournament,keyboard:silentiumpc:gk530-tournament,inferred_first_token,reference_only_needs_verification,needs_review,False,1,Black,False,Gaming,,mechanical,Cherry MX Red,single_colour,wired,general;gaming,gaming,65.0,69.0,missing_keyboard_size;unverified_reference_source
d6cbd67f6bd4b9268a9d,docyx_pc_part_dataset_2025_07_23,keyboard,Tempest Diablo,Tempest,Diablo,keyboard:tempest:diablo,inferred_first_token,reference_only_needs_verification,needs_review,False,1,Black,False,Gaming,,mechanical,Content Red,rgb,wired,general;gaming,gaming,65.0,69.0,missing_keyboard_size;unverified_reference_source
1ed2696bdf92f3dd3445,docyx_pc_part_dataset_2025_07_23,keyboard,Tempest Doom,Tempest,Doom,keyboard:tempest:doom,inferred_first_token,reference_only_needs_verification,needs_review,False,1,Black,False,Gaming,,mechanical,H-Mech Red,rgb,wired,general;gaming,gaming,65.0,69.0,missing_keyboard_size;unverified_reference_source
52c95ddfa417100a03de,docyx_pc_part_dataset_2025_07_23,keyboard,Tesoro Excalibur Spectrum,Tesoro,Excalibur Spectrum,keyboard:tesoro:excalibur-spectrum,inferred_first_token,reference_only_needs_verification,needs_review,False,1,Black,False,Gaming,,mechanical,Kailh Brown,rgb,wired,general;gaming,gaming,65.0,69.0,missing_keyboard_size;unverified_reference_source
c67248f83d79f332197f,docyx_pc_part_dataset_2025_07_23,keyboard,Tesoro Gram Spectrum (Black w/Blue Switches),Tesoro,Gram Spectrum (Black w/Blue Switches),keyboard:tesoro:gram-spectrum-black-w-blue-switches,inferred_first_token,reference_only_needs_verification,needs_review,False,1,Black,False,Gaming,,mechanical,Tesoro Agile Blue,rgb,wired,general;gaming,gaming,65.0,69.0,missing_keyboard_size;unverified_reference_source
d29c7f57b87d2a7f8c7a,docyx_pc_part_dataset_2025_07_23,keyboard,Tesoro Gram Spectrum (Black w/Red Switches),Tesoro,Gram Spectrum (Black w/Red Switches),keyboard:tesoro:gram-spectrum-black-w-red-switches,inferred_first_token,reference_only_needs_verification,needs_review,False,1,Black,False,Gaming,,mechanical,Tesoro Agile Red,rgb,wired,general;gaming,gaming,65.0,69.0,missing_keyboard_size;unverified_reference_source
b330ba18b7ace28f213b,docyx_pc_part_dataset_2025_07_23,keyboard,Tesoro Gram Spectrum (White w/Blue Switches),Tesoro,Gram Spectrum (White w/Blue Switches),keyboard:tesoro:gram-spectrum-white-w-blue-switches,inferred_first_token,reference_only_needs_verification,needs_review,False,1,White,False,Gaming,,mechanical,Tesoro Agile Blue,rgb,wired,general;gaming,gaming,65.0,69.0,missing_keyboard_size;unverified_reference_source
6fa783ccc9dec3551396,docyx_pc_part_dataset_2025_07_23,keyboard,Tesoro Gram Spectrum (White w/Red Switches),Tesoro,Gram Spectrum (White w/Red Switches),keyboard:tesoro:gram-spectrum-white-w-red-switches,inferred_first_token,reference_only_needs_verification,needs_review,False,1,White,False,Gaming,,mechanical,Tesoro Agile Red,rgb,wired,general;gaming,gaming,65.0,69.0,missing_keyboard_size;unverified_reference_source
f34d1632f3c031b90568,docyx_pc_part_dataset_2025_07_23,keyboard,Tesoro Lobera Spectrum,Tesoro,Lobera Spectrum,keyboard:tesoro:lobera-spectrum,inferred_first_token,reference_only_needs_verification,needs_review,False,1,Black,False,Gaming,,mechanical,Kailh Blue,rgb,wired,general;gaming,gaming,65.0,69.0,missing_keyboard_size;unverified_reference_source
aa2bb4c86ea602e012ce,docyx_pc_part_dataset_2025_07_23,keyboard,Tilted Nation TNvoid,Tilted,Nation TNvoid,keyboard:tilted:nation-tnvoid,inferred_first_token,reference_only_needs_verification,needs_review,False,1,Black,False,Gaming,,mechanical,Omron Red,rgb,wired,general;gaming,gaming,65.0,69.0,missing_keyboard_size;unverified_reference_source
307deaa88889effe7717,docyx_pc_part_dataset_2025_07_23,keyboard,Tomoko CAAA1-CAAA1-VD,Tomoko,CAAA1-CAAA1-VD,keyboard:tomoko:caaa1-caaa1-vd,inferred_first_token,reference_only_needs_verification,needs_review,False,1,Black,False,Gaming,,mechanical,Outemu Blue,,wired,general;gaming,gaming,65.0,69.0,missing_keyboard_size;unverified_reference_source
d1cc2310f1dc33ae6f26,docyx_pc_part_dataset_2025_07_23,keyboard,Topre Realforce RGB,Topre,Realforce RGB,keyboard:topre:realforce-rgb,inferred_first_token,reference_only_needs_verification,needs_review,False,1,Black,False,Gaming,,mechanical,Topre 45g,rgb,wired,general;gaming,gaming,65.0,69.0,missing_keyboard_size;unverified_reference_source
ce97c5cb7a9b6c092d0a,docyx_pc_part_dataset_2025_07_23,keyboard,Trust GXT 890 CADA RGB,Trust,GXT 890 CADA RGB,keyboard:trust:gxt-890-cada-rgb,inferred_first_token,reference_only_needs_verification,needs_review,False,1,Black,False,Gaming,,mechanical,Outemu Red,rgb,wired,general;gaming,gaming,65.0,69.0,missing_keyboard_size;unverified_reference_source
dfe40966653e69431d40,docyx_pc_part_dataset_2025_07_23,keyboard,VisionTek OCPC KR1,VisionTek,OCPC KR1,keyboard:visiontek:ocpc-kr1,inferred_first_token,reference_only_needs_verification,needs_review,False,1,Black;Gray,False,Gaming,,mechanical,Gateron Red,rgb,wired,general;gaming,gaming,65.0,69.0,missing_keyboard_size;unverified_reference_source
c7d0155bb2116313a1b5,docyx_pc_part_dataset_2025_07_23,keyboard,Wooting Two HE,Wooting,Two HE,keyboard:wooting:two-he,inferred_first_token,reference_only_needs_verification,needs_review,False,2,Black,False,Gaming,,mechanical,Lekker linear60,rgb,wired,general;gaming,gaming,65.0,69.0,missing_keyboard_size;unverified_reference_source;identity_duplicates_collapsed
cbeee2fa54e788031aed,docyx_pc_part_dataset_2025_07_23,keyboard,Wooting Two Lekker Edition,Wooting,Two Lekker Edition,keyboard:wooting:two-lekker-edition,inferred_first_token,reference_only_needs_verification,needs_review,False,2,Blue;White,False,Gaming,,mechanical,Lekker linear65,rgb,wired,general;gaming,gaming,65.0,69.0,missing_keyboard_size;unverified_reference_source;identity_duplicates_collapsed
b2958694634d01e6e9cb,docyx_pc_part_dataset_2025_07_23,keyboard,Wooting Wooting Two,Wooting,Wooting Two,keyboard:wooting:wooting-two,inferred_first_token,reference_only_needs_verification,needs_review,False,12,Black,False,Gaming,,mechanical,Flaretech Black,rgb,wired,general;gaming,gaming,65.0,69.0,missing_keyboard_size;unverified_reference_source;identity_duplicates_collapsed
dabddf0c416f1128e64c,docyx_pc_part_dataset_2025_07_23,keyboard,Dell KB216,Dell,KB216,keyboard:dell:kb216,curated_alias,reference_only_needs_verification,needs_review,False,1,Black,True,Slim,,,,,wired,general,productivity,65.0,67.0,missing_keyboard_size;unverified_reference_source
c734c874552977d21db8,docyx_pc_part_dataset_2025_07_23,keyboard,Kensington KP400,Kensington,KP400,keyboard:kensington:kp400,curated_alias,reference_only_needs_verification,needs_review,False,1,Black,True,Slim,,,,,wired,general,productivity,65.0,67.0,missing_keyboard_size;unverified_reference_source
46891588467a92efd07b,docyx_pc_part_dataset_2025_07_23,keyboard,Verbatim 70724,Verbatim,70724,keyboard:verbatim:70724,curated_alias,reference_only_needs_verification,needs_review,False,1,Black,True,Slim,,,,,wireless,general;portable,portable,65.0,67.0,missing_keyboard_size;unverified_reference_source
6fe7f7dee26ed33b0e21,docyx_pc_part_dataset_2025_07_23,keyboard,Verbatim 96983,Verbatim,96983,keyboard:verbatim:96983,curated_alias,reference_only_needs_verification,needs_review,False,1,Black,True,Slim,,,,,wireless,general;portable,portable,65.0,67.0,missing_keyboard_size;unverified_reference_source
e86a9d2476342c97fab6,docyx_pc_part_dataset_2025_07_23,keyboard,Verbatim 99793,Verbatim,99793,keyboard:verbatim:99793,curated_alias,reference_only_needs_verification,needs_review,False,1,Black,True,Slim,,,,,wireless,general;portable,portable,65.0,67.0,missing_keyboard_size;unverified_reference_source
2ad3969e1d2e2211fcb3,docyx_pc_part_dataset_2025_07_23,keyboard,AOC GK500,AOC,GK500,keyboard:aoc:gk500,curated_alias,reference_only_needs_verification,needs_review,False,1,Black,False,Gaming,,mechanical,Outemu Red,rgb,wired,general;gaming,gaming,65.0,66.0,missing_keyboard_size;unverified_reference_source
15312dd4ef3f82880c9d,docyx_pc_part_dataset_2025_07_23,keyboard,Das Keyboard 4Q,Das Keyboard,4Q,keyboard:das-keyboard:4q,curated_alias,reference_only_needs_verification,needs_review,False,1,Black,False,Gaming,,mechanical,Cherry MX Brown,rgb,wired,general;gaming,gaming,65.0,66.0,missing_keyboard_size;unverified_reference_source
c174b8f6ad0f57d4da24,docyx_pc_part_dataset_2025_07_23,keyboard,EVGA Z15,EVGA,Z15,keyboard:evga:z15,inferred_first_token,reference_only_needs_verification,needs_review,False,2,Black,True,Gaming,,mechanical,Kailh Silver Speed,rgb,wired,general;gaming,gaming,65.0,66.0,missing_keyboard_size;unverified_reference_source;identity_duplicates_collapsed
e8993a6bb750ab608a8a,docyx_pc_part_dataset_2025_07_23,keyboard,Gigabyte XK700,Gigabyte,XK700,keyboard:gigabyte:xk700,curated_alias,reference_only_needs_verification,needs_review,False,1,Silver,False,Gaming,,mechanical,TTC Red,rgb,wired,general;gaming,gaming,65.0,66.0,missing_keyboard_size;unverified_reference_source
e80e2d3862707db08d4d,docyx_pc_part_dataset_2025_07_23,keyboard,MSI GK-601,MSI,GK-601,keyboard:msi:gk-601,curated_alias,reference_only_needs_verification,needs_review,False,1,Black;Yellow,False,Gaming,,mechanical,Cherry MX Red,,wired,general;gaming,gaming,65.0,66.0,missing_keyboard_size;unverified_reference_source
b26b7ddef1e1c1eabf1a,docyx_pc_part_dataset_2025_07_23,keyboard,MSI GK-701,MSI,GK-701,keyboard:msi:gk-701,curated_alias,reference_only_needs_verification,needs_review,False,1,Black,False,Gaming,,mechanical,Cherry MX Brown,single_colour,wired,general;gaming,gaming,65.0,66.0,missing_keyboard_size;unverified_reference_source
8e8a6079a31a6111ee05,docyx_pc_part_dataset_2025_07_23,keyboard,A4Tech KL-8MUU,A4Tech,KL-8MUU,keyboard:a4tech:kl-8muu,inferred_first_token,reference_only_needs_verification,needs_review,False,1,Black;Gray,False,Slim,,,,,wired,general,productivity,65.0,65.0,missing_keyboard_size;unverified_reference_source
191f0924bf07a55e57a5,docyx_pc_part_dataset_2025_07_23,keyboard,A4Tech Xslim,A4Tech,Xslim,keyboard:a4tech:xslim,inferred_first_token,reference_only_needs_verification,needs_review,False,1,Black;Silver,False,Slim,,,,,wired,general,productivity,65.0,65.0,missing_keyboard_size;unverified_reference_source
8d5b6369a7dd3aa5a1be,docyx_pc_part_dataset_2025_07_23,keyboard,AZIO HUE,AZIO,HUE,keyboard:azio:hue,inferred_first_token,reference_only_needs_verification,needs_review,False,3,Blue;Green;Pink;White,False,Slim,,,,,wireless,general;portable,portable,65.0,65.0,missing_keyboard_size;unverified_reference_source;identity_duplicates_collapsed
fdf4c382981ce66adb5b,docyx_pc_part_dataset_2025_07_23,keyboard,AZIO KB351RT,AZIO,KB351RT,keyboard:azio:kb351rt,inferred_first_token,reference_only_needs_verification,needs_review,False,1,Black,False,Slim,,,,,wireless,general;portable,portable,65.0,65.0,missing_keyboard_size;unverified_reference_source
59194cde633dcab68f2c,docyx_pc_part_dataset_2025_07_23,keyboard,AZIO KB503U,AZIO,KB503U,keyboard:azio:kb503u,inferred_first_token,reference_only_needs_verification,needs_review,False,1,Black,False,Slim,,,,,wired,general,productivity,65.0,65.0,missing_keyboard_size;unverified_reference_source
ea58cb3b0f75dac89b23,docyx_pc_part_dataset_2025_07_23,keyboard,AZIO KB506W,AZIO,KB506W,keyboard:azio:kb506w,inferred_first_token,reference_only_needs_verification,needs_review,False,1,Black,False,Gaming,,,,single_colour,wireless,general;gaming;portable,gaming,65.0,65.0,missing_keyboard_size;unverified_reference_source
d6be27818e7238565bad,docyx_pc_part_dataset_2025_07_23,keyboard,AZIO Levetron,AZIO,Levetron,keyboard:azio:levetron,inferred_first_token,reference_only_needs_verification,needs_review,False,1,Black,False,Gaming,,,,single_colour,wired,general;gaming,gaming,65.0,65.0,missing_keyboard_size;unverified_reference_source
7391548653679fa63f99,docyx_pc_part_dataset_2025_07_23,keyboard,AZIO PRISM,AZIO,PRISM,keyboard:azio:prism,inferred_first_token,reference_only_needs_verification,needs_review,False,1,Black,False,Slim,,,,single_colour,wired,general,productivity,65.0,65.0,missing_keyboard_size;unverified_reference_source
ee7a2660f4daed4d242e,docyx_pc_part_dataset_2025_07_23,keyboard,Acco Kensington K72357USA,Acco,Kensington K72357USA,keyboard:acco:kensington-k72357usa,inferred_first_token,reference_only_needs_verification,needs_review,False,1,Black,False,Slim,,,,,wired,general,productivity,65.0,65.0,missing_keyboard_size;unverified_reference_source
b763fe4214cacb3a473d,docyx_pc_part_dataset_2025_07_23,keyboard,Adesso AKB-136CB,Adesso,AKB-136CB,keyboard:adesso:akb-136cb,inferred_first_token,reference_only_needs_verification,needs_review,False,1,Black,False,Gaming,,,,rgb,wired,general;gaming,gaming,65.0,65.0,missing_keyboard_size;unverified_reference_source
bfb38d7a34325ac0688c,docyx_pc_part_dataset_2025_07_23,keyboard,Adesso AKB-230W,Adesso,AKB-230W,keyboard:adesso:akb-230w,inferred_first_token,reference_only_needs_verification,needs_review,False,1,White,False,Slim,,,,,wired,general,productivity,65.0,65.0,missing_keyboard_size;unverified_reference_source
2256566c21d141d119b1,docyx_pc_part_dataset_2025_07_23,keyboard,Adesso AKB-520UB,Adesso,AKB-520UB,keyboard:adesso:akb-520ub,inferred_first_token,reference_only_needs_verification,needs_review,False,1,Black,False,Slim,,,,,wired,general,productivity,65.0,65.0,missing_keyboard_size;unverified_reference_source
9a5f0b18d1663b646344,docyx_pc_part_dataset_2025_07_23,keyboard,Adesso EasyTouch135,Adesso,EasyTouch135,keyboard:adesso:easytouch135,inferred_first_token,reference_only_needs_verification,needs_review,False,1,Black,False,Gaming,,,,single_colour,wired,general;gaming,gaming,65.0,65.0,missing_keyboard_size;unverified_reference_source
660706a97d576e50051f,docyx_pc_part_dataset_2025_07_23,keyboard,Adesso Industrial Scissor-Switch Touchpad Keyboard,Adesso,Industrial Scissor-Switch Touchpad Keyboard,keyboard:adesso:industrial-scissor-switch-touchpad-keyboard,inferred_first_token,reference_only_needs_verification,needs_review,False,1,Black,False,Slim,,,,,wired,general,productivity,65.0,65.0,missing_keyboard_size;unverified_reference_source
c89920b796d716e30711,docyx_pc_part_dataset_2025_07_23,keyboard,Adesso SlimTouch 2200,Adesso,SlimTouch 2200,keyboard:adesso:slimtouch-2200,inferred_first_token,reference_only_needs_verification,needs_review,False,1,Black,False,Slim,,,,,wireless,general;portable,portable,65.0,65.0,missing_keyboard_size;unverified_reference_source
696ee93683ef56b3cf22,docyx_pc_part_dataset_2025_07_23,keyboard,Adesso WKB-4000BB,Adesso,WKB-4000BB,keyboard:adesso:wkb-4000bb,inferred_first_token,reference_only_needs_verification,needs_review,False,1,Black,False,Slim,,,,,wireless;bluetooth,general;portable,portable,65.0,65.0,missing_keyboard_size;unverified_reference_source
886e8b4cf19df8ba5b7e,docyx_pc_part_dataset_2025_07_23,keyboard,Adesso WKB-4210UB,Adesso,WKB-4210UB,keyboard:adesso:wkb-4210ub,inferred_first_token,reference_only_needs_verification,needs_review,False,1,Black,False,Slim,,,,,wireless,general;portable,portable,65.0,65.0,missing_keyboard_size;unverified_reference_source
8d7e98214e70b2a2f163,docyx_pc_part_dataset_2025_07_23,keyboard,Apple Magic,Apple,Magic,keyboard:apple:magic,inferred_first_token,reference_only_needs_verification,needs_review,False,1,White,False,Slim,,,,,wireless;bluetooth,general;portable,portable,65.0,65.0,missing_keyboard_size;unverified_reference_source
08b20ce02d897bfc6ac9,docyx_pc_part_dataset_2025_07_23,keyboard,Aula BE FIRE SI-859,Aula,BE FIRE SI-859,keyboard:aula:be-fire-si-859,inferred_first_token,reference_only_needs_verification,needs_review,False,1,Black,False,Gaming,,,,single_colour,wired,general;gaming,gaming,65.0,65.0,missing_keyboard_size;unverified_reference_source
c6b0cd194d8e9429710f,docyx_pc_part_dataset_2025_07_23,keyboard,Aula Dzi SI-862,Aula,Dzi SI-862,keyboard:aula:dzi-si-862,inferred_first_token,reference_only_needs_verification,needs_review,False,1,Black,False,Gaming,,,,single_colour,wired,general;gaming,gaming,65.0,65.0,missing_keyboard_size;unverified_reference_source
2cbb3cd93de5f92efb3e,docyx_pc_part_dataset_2025_07_23,keyboard,Aula SHIHUNZAN,Aula,SHIHUNZAN,keyboard:aula:shihunzan,inferred_first_token,reference_only_needs_verification,needs_review,False,1,Black,False,Gaming,,,,single_colour,wired,general;gaming,gaming,65.0,65.0,missing_keyboard_size;unverified_reference_source
620cf374524f70d98049,docyx_pc_part_dataset_2025_07_23,keyboard,Azza Poseidon,Azza,Poseidon,keyboard:azza:poseidon,inferred_first_token,reference_only_needs_verification,needs_review,False,1,Black;Red,False,Gaming,,,,single_colour,wired,general;gaming,gaming,65.0,65.0,missing_keyboard_size;unverified_reference_source
865eb69db91f7f166f12,docyx_pc_part_dataset_2025_07_23,keyboard,Buslink KR-6401-BK,Buslink,KR-6401-BK,keyboard:buslink:kr-6401-bk,inferred_first_token,reference_only_needs_verification,needs_review,False,1,Black,False,Slim,,,,,wired,general,productivity,65.0,65.0,missing_keyboard_size;unverified_reference_source
448c1d2deb5eb31d816d,docyx_pc_part_dataset_2025_07_23,keyboard,Buslink KR-6402-BK,Buslink,KR-6402-BK,keyboard:buslink:kr-6402-bk,inferred_first_token,reference_only_needs_verification,needs_review,False,1,Black,False,Slim,,,,,wired,general,productivity,65.0,65.0,missing_keyboard_size;unverified_reference_source
7ac0d208783cfe8b4431,docyx_pc_part_dataset_2025_07_23,keyboard,Buslink KR-6421-BK Keyboard,Buslink,KR-6421-BK Keyboard,keyboard:buslink:kr-6421-bk-keyboard,inferred_first_token,reference_only_needs_verification,needs_review,False,1,Black,False,Slim,,,,,wired,general,productivity,65.0,65.0,missing_keyboard_size;unverified_reference_source
65b97d5dd9b8a127c914,docyx_pc_part_dataset_2025_07_23,keyboard,Buslink KR-6421-WH Keyboard,Buslink,KR-6421-WH Keyboard,keyboard:buslink:kr-6421-wh-keyboard,inferred_first_token,reference_only_needs_verification,needs_review,False,1,White,False,Slim,,,,,wired,general,productivity,65.0,65.0,missing_keyboard_size;unverified_reference_source
70cba3851039281bc15b,docyx_pc_part_dataset_2025_07_23,keyboard,Cobra 8TTL26R0P85403,Cobra,8TTL26R0P85403,keyboard:cobra:8ttl26r0p85403,inferred_first_token,reference_only_needs_verification,needs_review,False,1,Black,False,Gaming,,,,,wired,general;gaming,gaming,65.0,65.0,missing_keyboard_size;unverified_reference_source
a3e85380e0c97f79513d,docyx_pc_part_dataset_2025_07_23,keyboard,Cobra Mazer Type-X,Cobra,Mazer Type-X,keyboard:cobra:mazer-type-x,inferred_first_token,reference_only_needs_verification,needs_review,False,1,Black;Blue,False,Gaming,,,,,wired,general;gaming,gaming,65.0,65.0,missing_keyboard_size;unverified_reference_source
b7c3d0082aec9de2ad38,docyx_pc_part_dataset_2025_07_23,keyboard,Cobra Polygon,Cobra,Polygon,keyboard:cobra:polygon,inferred_first_token,reference_only_needs_verification,needs_review,False,1,Black;Blue,False,Gaming,,,,,wired,general;gaming,gaming,65.0,65.0,missing_keyboard_size;unverified_reference_source
024df4f4803524267764,docyx_pc_part_dataset_2025_07_23,keyboard,Cougar Aurora,Cougar,Aurora,keyboard:cougar:aurora,inferred_first_token,reference_only_needs_verification,needs_review,False,1,Black,False,Gaming,,,,rgb,wired,general;gaming,gaming,65.0,65.0,missing_keyboard_size;unverified_reference_source
74d7bc88355d7c7f2061,docyx_pc_part_dataset_2025_07_23,keyboard,Cougar Aurora S,Cougar,Aurora S,keyboard:cougar:aurora-s,inferred_first_token,reference_only_needs_verification,needs_review,False,1,Black,False,Gaming,,,,rgb,wired,general;gaming,gaming,65.0,65.0,missing_keyboard_size;unverified_reference_source
b437bf0b1b359f9fbc6a,docyx_pc_part_dataset_2025_07_23,keyboard,Cougar DEATHFIRE,Cougar,DEATHFIRE,keyboard:cougar:deathfire,inferred_first_token,reference_only_needs_verification,needs_review,False,1,Black,False,Gaming,,,,single_colour,wired,general;gaming,gaming,65.0,65.0,missing_keyboard_size;unverified_reference_source
2a387dcb4a76940bf3a6,docyx_pc_part_dataset_2025_07_23,keyboard,Cougar Vantar,Cougar,Vantar,keyboard:cougar:vantar,inferred_first_token,reference_only_needs_verification,needs_review,False,1,Black,False,Gaming,,,,rgb,wired,general;gaming,gaming,65.0,65.0,missing_keyboard_size;unverified_reference_source
0b3818bb3e92a47d05b5,docyx_pc_part_dataset_2025_07_23,keyboard,Cyborg S.T.R.I.K.E. 7,Cyborg,S.T.R.I.K.E. 7,keyboard:cyborg:s-t-r-i-k-e-7,inferred_first_token,reference_only_needs_verification,needs_review,False,2,Black,False,Gaming,,,,,wired,general;gaming,gaming,65.0,65.0,missing_keyboard_size;unverified_reference_source;identity_duplicates_collapsed
2c93a285359f9a79de8f,docyx_pc_part_dataset_2025_07_23,keyboard,EagleTec K005 / KS03,EagleTec,K005 / KS03,keyboard:eagletec:k005-ks03,inferred_first_token,reference_only_needs_verification,needs_review,False,1,Black,False,Gaming,,,,single_colour,wired,general;gaming,gaming,65.0,65.0,missing_keyboard_size;unverified_reference_source
055de2a395956e1d22c5,docyx_pc_part_dataset_2025_07_23,keyboard,Ergoguys KWD-100,Ergoguys,KWD-100,keyboard:ergoguys:kwd-100,inferred_first_token,reference_only_needs_verification,needs_review,False,1,Black,False,Slim,,,,,wireless,general;portable,portable,65.0,65.0,missing_keyboard_size;unverified_reference_source
33995aab2e8148c059fd,docyx_pc_part_dataset_2025_07_23,keyboard,Ergoguys KWD-102,Ergoguys,KWD-102,keyboard:ergoguys:kwd-102,inferred_first_token,reference_only_needs_verification,needs_review,False,1,White,False,Slim,,,,,wireless,general;portable,portable,65.0,65.0,missing_keyboard_size;unverified_reference_source
92279c972116724c1582,docyx_pc_part_dataset_2025_07_23,keyboard,Ergoguys WKB2000,Ergoguys,WKB2000,keyboard:ergoguys:wkb2000,inferred_first_token,reference_only_needs_verification,needs_review,False,1,Black,False,Slim,,,,,wireless,general;portable,portable,65.0,65.0,missing_keyboard_size;unverified_reference_source
5aa69ae3a5f2540afa5a,docyx_pc_part_dataset_2025_07_23,keyboard,GameMax Click,GameMax,Click,keyboard:gamemax:click,inferred_first_token,reference_only_needs_verification,needs_review,False,1,Black,False,Gaming,,,,single_colour,wired,general;gaming,gaming,65.0,65.0,missing_keyboard_size;unverified_reference_source
0dc290f5976bff05bdfc,docyx_pc_part_dataset_2025_07_23,keyboard,GameMax Pulse,GameMax,Pulse,keyboard:gamemax:pulse,inferred_first_token,reference_only_needs_verification,needs_review,False,1,Black,False,Gaming,,,,single_colour,wired,general;gaming,gaming,65.0,65.0,missing_keyboard_size;unverified_reference_source
a4c2bb35afc3ada4c59c,docyx_pc_part_dataset_2025_07_23,keyboard,Gear Head KB2500U,Gear,Head KB2500U,keyboard:gear:head-kb2500u,inferred_first_token,reference_only_needs_verification,needs_review,False,1,Black,False,Slim,,,,,wired,general,productivity,65.0,65.0,missing_keyboard_size;unverified_reference_source
e3d901cc0cba9e4891a3,docyx_pc_part_dataset_2025_07_23,keyboard,Gear Head KB5500W,Gear,Head KB5500W,keyboard:gear:head-kb5500w,inferred_first_token,reference_only_needs_verification,needs_review,False,1,Black,False,Slim,,,,,wireless,general;portable,portable,65.0,65.0,missing_keyboard_size;unverified_reference_source
44f746de685ff97e30d0,docyx_pc_part_dataset_2025_07_23,keyboard,Gear Head Keyboard,Gear,Head Keyboard,keyboard:gear:head-keyboard,inferred_first_token,reference_only_needs_verification,needs_review,False,1,Black,False,Slim,,,,,wired,general,productivity,65.0,65.0,missing_keyboard_size;unverified_reference_source
2ffcd4b519ff7d866c88,docyx_pc_part_dataset_2025_07_23,keyboard,Genius G-ZEUS,Genius,G-ZEUS,keyboard:genius:g-zeus,inferred_first_token,reference_only_needs_verification,needs_review,False,1,Black,False,Gaming,,,,rgb,wired,general;gaming,gaming,65.0,65.0,missing_keyboard_size;unverified_reference_source
d1644890a93cebce27da,docyx_pc_part_dataset_2025_07_23,keyboard,Genius Imperator,Genius,Imperator,keyboard:genius:imperator,inferred_first_token,reference_only_needs_verification,needs_review,False,1,Black,False,Gaming,,,,,wired,general;gaming,gaming,65.0,65.0,missing_keyboard_size;unverified_reference_source
6f8ed53c6ed90461e03f,docyx_pc_part_dataset_2025_07_23,keyboard,Genius Imperator Pro White Edition,Genius,Imperator Pro White Edition,keyboard:genius:imperator-pro-white-edition,inferred_first_token,reference_only_needs_verification,needs_review,False,1,Gray;White,False,Gaming,,,,rgb,wired,general;gaming,gaming,65.0,65.0,missing_keyboard_size;unverified_reference_source
c356cac7dc7f00975ea0,docyx_pc_part_dataset_2025_07_23,keyboard,Genius LED Backlight Gaming Keyboard,Genius,LED Backlight Gaming Keyboard,keyboard:genius:led-backlight-gaming-keyboard,inferred_first_token,reference_only_needs_verification,needs_review,False,1,Black;Blue,False,Gaming,,,,single_colour,wired,general;gaming,gaming,65.0,65.0,missing_keyboard_size;unverified_reference_source
26c2d451dfdff786de92,docyx_pc_part_dataset_2025_07_23,keyboard,Genius Manticore,Genius,Manticore,keyboard:genius:manticore,inferred_first_token,reference_only_needs_verification,needs_review,False,1,Black;Red,False,Gaming,,,,rgb,wired,general;gaming,gaming,65.0,65.0,missing_keyboard_size;unverified_reference_source
f517b3c0848e76d27731,docyx_pc_part_dataset_2025_07_23,keyboard,Genius Scorpion K10,Genius,Scorpion K10,keyboard:genius:scorpion-k10,inferred_first_token,reference_only_needs_verification,needs_review,False,1,Black,False,Gaming,,,,rgb,wired,general;gaming,gaming,65.0,65.0,missing_keyboard_size;unverified_reference_source
d522a3055f58aff66f68,docyx_pc_part_dataset_2025_07_23,keyboard,Genius Scorpion K20,Genius,Scorpion K20,keyboard:genius:scorpion-k20,inferred_first_token,reference_only_needs_verification,needs_review,False,1,Black,False,Gaming,,,,rgb,wired,general;gaming,gaming,65.0,65.0,missing_keyboard_size;unverified_reference_source
f866ee47a4bc70444839,docyx_pc_part_dataset_2025_07_23,keyboard,Genius Scorpion K5,Genius,Scorpion K5,keyboard:genius:scorpion-k5,inferred_first_token,reference_only_needs_verification,needs_review,False,1,Black;Gray,False,Gaming,,,,rgb,wired,general;gaming,gaming,65.0,65.0,missing_keyboard_size;unverified_reference_source
64f9f3932e47b15433d6,docyx_pc_part_dataset_2025_07_23,keyboard,Genius SlimStar 8008,Genius,SlimStar 8008,keyboard:genius:slimstar-8008,inferred_first_token,reference_only_needs_verification,needs_review,False,1,Black,False,Slim,,,,,wireless,general;portable,portable,65.0,65.0,missing_keyboard_size;unverified_reference_source
af273e3685a824e05413,docyx_pc_part_dataset_2025_07_23,keyboard,Genius SlimStar T8020 Wireless Multi-TouchPad,Genius,SlimStar T8020 Wireless Multi-TouchPad,keyboard:genius:slimstar-t8020-wireless-multi-touchpad,inferred_first_token,reference_only_needs_verification,needs_review,False,1,Black,False,Slim,,,,,wireless,general;portable,portable,65.0,65.0,missing_keyboard_size;unverified_reference_source
660f07036db03adcafd1,docyx_pc_part_dataset_2025_07_23,keyboard,Genius Slimstar 8000,Genius,Slimstar 8000,keyboard:genius:slimstar-8000,inferred_first_token,reference_only_needs_verification,needs_review,False,1,Black,False,Slim,,,,,wireless,general;portable,portable,65.0,65.0,missing_keyboard_size;unverified_reference_source
d1a785ccf91418136d3e,docyx_pc_part_dataset_2025_07_23,keyboard,Grandtec FLX-2000,Grandtec,FLX-2000,keyboard:grandtec:flx-2000,inferred_first_token,reference_only_needs_verification,needs_review,False,1,Black,False,Slim,,,,,wired,general,productivity,65.0,65.0,missing_keyboard_size;unverified_reference_source
3233ba117121454f9c37,docyx_pc_part_dataset_2025_07_23,keyboard,Grandtec FLX2000KIT,Grandtec,FLX2000KIT,keyboard:grandtec:flx2000kit,inferred_first_token,reference_only_needs_verification,needs_review,False,1,Black,False,Slim,,,,,wired,general,productivity,65.0,65.0,missing_keyboard_size;unverified_reference_source
5b9d592826c6af1469ab,docyx_pc_part_dataset_2025_07_23,keyboard,Grandtec GLW-1000,Grandtec,GLW-1000,keyboard:grandtec:glw-1000,inferred_first_token,reference_only_needs_verification,needs_review,False,1,White,False,Slim,,,,,wired,general,productivity,65.0,65.0,missing_keyboard_size;unverified_reference_source
c5913cf1898f2ace6bae,docyx_pc_part_dataset_2025_07_23,keyboard,HAVIT HV-KB380L,HAVIT,HV-KB380L,keyboard:havit:hv-kb380l,inferred_first_token,reference_only_needs_verification,needs_review,False,1,Black,False,Gaming,,,,single_colour,wired,general;gaming,gaming,65.0,65.0,missing_keyboard_size;unverified_reference_source
a609de18abaf5a0e9c3f,docyx_pc_part_dataset_2025_07_23,keyboard,HEC HGX300,HEC,HGX300,keyboard:hec:hgx300,inferred_first_token,reference_only_needs_verification,needs_review,False,1,Black,False,Gaming,,,,,wired,general;gaming,gaming,65.0,65.0,missing_keyboard_size;unverified_reference_source
6e64d3b2939c24bda452,docyx_pc_part_dataset_2025_07_23,keyboard,IOGEAR GE1337PKIT,IOGEAR,GE1337PKIT,keyboard:iogear:ge1337pkit,inferred_first_token,reference_only_needs_verification,needs_review,False,1,Black,False,Gaming,,,,,wireless,general;gaming;portable,gaming,65.0,65.0,missing_keyboard_size;unverified_reference_source
f6630b3fcc00dc55c5e0,docyx_pc_part_dataset_2025_07_23,keyboard,IOGEAR GKM513,IOGEAR,GKM513,keyboard:iogear:gkm513,inferred_first_token,reference_only_needs_verification,needs_review,False,1,Black,False,Slim,,,,,wired,general,productivity,65.0,65.0,missing_keyboard_size;unverified_reference_source
70be1109a9d8b7ddcb6c,docyx_pc_part_dataset_2025_07_23,keyboard,IOGEAR GKM551R,IOGEAR,GKM551R,keyboard:iogear:gkm551r,inferred_first_token,reference_only_needs_verification,needs_review,False,1,Black,False,Slim,,,,,wireless,general;portable,portable,65.0,65.0,missing_keyboard_size;unverified_reference_source
c7718a32aece4a465e62,docyx_pc_part_dataset_2025_07_23,keyboard,IOGEAR GKM552R,IOGEAR,GKM552R,keyboard:iogear:gkm552r,inferred_first_token,reference_only_needs_verification,needs_review,False,1,Black,False,Slim,,,,,wireless,general;portable,portable,65.0,65.0,missing_keyboard_size;unverified_reference_source
fce6632073cc744cafad,docyx_pc_part_dataset_2025_07_23,keyboard,IOGEAR Tacturus RF Desktop,IOGEAR,Tacturus RF Desktop,keyboard:iogear:tacturus-rf-desktop,inferred_first_token,reference_only_needs_verification,needs_review,False,1,Black,False,Slim,,,,,wireless,general;portable,portable,65.0,65.0,missing_keyboard_size;unverified_reference_source
06bcc4c906b483c359a6,docyx_pc_part_dataset_2025_07_23,keyboard,Jelly Comb MKJC0258,Jelly,Comb MKJC0258,keyboard:jelly:comb-mkjc0258,inferred_first_token,reference_only_needs_verification,needs_review,False,1,Black,False,Slim,,,,,wireless,general;portable,portable,65.0,65.0,missing_keyboard_size;unverified_reference_source
a8bbdbb89e48d9b5c395,docyx_pc_part_dataset_2025_07_23,keyboard,Lite-On SK-2030/B,Lite-On,SK-2030/B,keyboard:lite-on:sk-2030-b,inferred_first_token,reference_only_needs_verification,needs_review,False,1,Black,False,Slim,,,,,wired,general,productivity,65.0,65.0,missing_keyboard_size;unverified_reference_source
be53c53e7e8322acb711,docyx_pc_part_dataset_2025_07_23,keyboard,NOX Krom Kombat,NOX,Krom Kombat,keyboard:nox:krom-kombat,inferred_first_token,reference_only_needs_verification,needs_review,False,1,Black,False,Gaming,,,,single_colour,wired,general;gaming,gaming,65.0,65.0,missing_keyboard_size;unverified_reference_source
bdf56467798b93464b2a,docyx_pc_part_dataset_2025_07_23,keyboard,Prestige Bakker Elkhuizen Compact Usb Keyboard,Prestige,Bakker Elkhuizen Compact Usb Keyboard,keyboard:prestige:bakker-elkhuizen-compact-usb-keyboard,inferred_first_token,reference_only_needs_verification,needs_review,False,1,Silver,False,Slim,,,,,wired,general,productivity,65.0,65.0,missing_keyboard_size;unverified_reference_source
bf12d423a097481ec132,docyx_pc_part_dataset_2025_07_23,keyboard,Qumax Gemini N2AM,Qumax,Gemini N2AM,keyboard:qumax:gemini-n2am,inferred_first_token,reference_only_needs_verification,needs_review,False,1,Silver,False,Slim,,,,,wired,general,productivity,65.0,65.0,missing_keyboard_size;unverified_reference_source
169d495507b80d4ba329,docyx_pc_part_dataset_2025_07_23,keyboard,Qumax Gemini U26,Qumax,Gemini U26,keyboard:qumax:gemini-u26,inferred_first_token,reference_only_needs_verification,needs_review,False,1,Black,False,Slim,,,,,wireless,general;portable,portable,65.0,65.0,missing_keyboard_size;unverified_reference_source
5d88e46ae811542c4007,docyx_pc_part_dataset_2025_07_23,keyboard,Qumax Scorpius N1T,Qumax,Scorpius N1T,keyboard:qumax:scorpius-n1t,inferred_first_token,reference_only_needs_verification,needs_review,False,1,Black;Silver,False,Slim,,,,,wired,general,productivity,65.0,65.0,missing_keyboard_size;unverified_reference_source
790df538e4da0e325b8a,docyx_pc_part_dataset_2025_07_23,keyboard,Qumax Scorpius U2,Qumax,Scorpius U2,keyboard:qumax:scorpius-u2,inferred_first_token,reference_only_needs_verification,needs_review,False,1,Black,False,Slim,,,,,wired,general,productivity,65.0,65.0,missing_keyboard_size;unverified_reference_source
11366a3efc240b9f95f6,docyx_pc_part_dataset_2025_07_23,keyboard,RIOTORO Ghostwriter Classic,RIOTORO,Ghostwriter Classic,keyboard:riotoro:ghostwriter-classic,inferred_first_token,reference_only_needs_verification,needs_review,False,1,Black;Red,False,Gaming,,,,single_colour,wired,general;gaming,gaming,65.0,65.0,missing_keyboard_size;unverified_reference_source
7d7ad5b7b24b2a9e67c9,docyx_pc_part_dataset_2025_07_23,keyboard,Raptor Gaming LK1,Raptor,Gaming LK1,keyboard:raptor:gaming-lk1,inferred_first_token,reference_only_needs_verification,needs_review,False,1,Black;Red,False,Gaming,,,,,wired,general;gaming,gaming,65.0,65.0,missing_keyboard_size;unverified_reference_source
f02cbf62dc5d014e8eff,docyx_pc_part_dataset_2025_07_23,keyboard,Rosewill NEON K51B,Rosewill,NEON K51B,keyboard:rosewill:neon-k51b,inferred_first_token,reference_only_needs_verification,needs_review,False,1,Black,False,Gaming,,,,rgb,wired,general;gaming,gaming,65.0,65.0,missing_keyboard_size;unverified_reference_source
4f7860ded1aaebfdd9ec,docyx_pc_part_dataset_2025_07_23,keyboard,Rosewill NEON K51W,Rosewill,NEON K51W,keyboard:rosewill:neon-k51w,inferred_first_token,reference_only_needs_verification,needs_review,False,1,White,False,Gaming,,,,rgb,wired,general;gaming,gaming,65.0,65.0,missing_keyboard_size;unverified_reference_source
70b6555cb6c8b9593d05,docyx_pc_part_dataset_2025_07_23,keyboard,Rosewill NEON K52,Rosewill,NEON K52,keyboard:rosewill:neon-k52,inferred_first_token,reference_only_needs_verification,needs_review,False,1,Black,False,Gaming,,,,rgb,wired,general;gaming,gaming,65.0,65.0,missing_keyboard_size;unverified_reference_source
b8998273b22135db1686,docyx_pc_part_dataset_2025_07_23,keyboard,Rosewill RBK-100,Rosewill,RBK-100,keyboard:rosewill:rbk-100,inferred_first_token,reference_only_needs_verification,needs_review,False,1,Black,False,Slim,,,,single_colour,wired,general,productivity,65.0,65.0,missing_keyboard_size;unverified_reference_source
6ff996732a2ce695058c,docyx_pc_part_dataset_2025_07_23,keyboard,Rosewill RIKB-11001,Rosewill,RIKB-11001,keyboard:rosewill:rikb-11001,inferred_first_token,reference_only_needs_verification,needs_review,False,1,Black,False,Slim,,,,,wired,general,productivity,65.0,65.0,missing_keyboard_size;unverified_reference_source
f3307641198c6753ccca,docyx_pc_part_dataset_2025_07_23,keyboard,Rosewill RIKB-11002,Rosewill,RIKB-11002,keyboard:rosewill:rikb-11002,inferred_first_token,reference_only_needs_verification,needs_review,False,1,Black,False,Slim,,,,,wired,general,productivity,65.0,65.0,missing_keyboard_size;unverified_reference_source
ac9b7362d4d4a01aac4f,docyx_pc_part_dataset_2025_07_23,keyboard,Rosewill RK-800G,Rosewill,RK-800G,keyboard:rosewill:rk-800g,inferred_first_token,reference_only_needs_verification,needs_review,False,1,Black,False,Gaming,,,,,wired,general;gaming,gaming,65.0,65.0,missing_keyboard_size;unverified_reference_source
81366c3b68c5c340d546,docyx_pc_part_dataset_2025_07_23,keyboard,Rosewill RKM-1000,Rosewill,RKM-1000,keyboard:rosewill:rkm-1000,inferred_first_token,reference_only_needs_verification,needs_review,False,1,Black,False,Slim,,,,,wireless,general;portable,portable,65.0,65.0,missing_keyboard_size;unverified_reference_source
295e0c9a21d8c9bfa82f,docyx_pc_part_dataset_2025_07_23,keyboard,Rosewill RKM-1000RF,Rosewill,RKM-1000RF,keyboard:rosewill:rkm-1000rf,inferred_first_token,reference_only_needs_verification,needs_review,False,1,Black,False,Slim,,,,,wireless,general;portable,portable,65.0,65.0,missing_keyboard_size;unverified_reference_source
3a87544e9bbbe6f8f87c,docyx_pc_part_dataset_2025_07_23,keyboard,Rosewill RKM-1600RF,Rosewill,RKM-1600RF,keyboard:rosewill:rkm-1600rf,inferred_first_token,reference_only_needs_verification,needs_review,False,1,Black,False,Slim,,,,,wireless,general;portable,portable,65.0,65.0,missing_keyboard_size;unverified_reference_source
927c8f50e5749b2c84a7,docyx_pc_part_dataset_2025_07_23,keyboard,Rosewill RKM-800RF,Rosewill,RKM-800RF,keyboard:rosewill:rkm-800rf,inferred_first_token,reference_only_needs_verification,needs_review,False,1,Black,False,Slim,,,,,wired,general,productivity,65.0,65.0,missing_keyboard_size;unverified_reference_source
e7adc2a56c09d920e26a,docyx_pc_part_dataset_2025_07_23,keyboard,SHARKOON Skiller,SHARKOON,Skiller,keyboard:sharkoon:skiller,inferred_first_token,reference_only_needs_verification,needs_review,False,1,Black,False,Gaming,,,,,wired,general;gaming,gaming,65.0,65.0,missing_keyboard_size;unverified_reference_source
87badd059d276fed674f,docyx_pc_part_dataset_2025_07_23,keyboard,SHARKOON Skiller Pro Plus,SHARKOON,Skiller Pro Plus,keyboard:sharkoon:skiller-pro-plus,inferred_first_token,reference_only_needs_verification,needs_review,False,1,Black,False,Gaming,,,,single_colour,wired,general;gaming,gaming,65.0,65.0,missing_keyboard_size;unverified_reference_source
13c60462421c6e1f6a83,docyx_pc_part_dataset_2025_07_23,keyboard,SIIG JK-US0412-S1,SIIG,JK-US0412-S1,keyboard:siig:jk-us0412-s1,inferred_first_token,reference_only_needs_verification,needs_review,False,1,Black,False,Slim,,,,,wired,general,productivity,65.0,65.0,missing_keyboard_size;unverified_reference_source
6f795d771a9e0f9784f2,docyx_pc_part_dataset_2025_07_23,keyboard,SIIG JK-WR0812-S1,SIIG,JK-WR0812-S1,keyboard:siig:jk-wr0812-s1,inferred_first_token,reference_only_needs_verification,needs_review,False,1,Black,False,Slim,,,,,wireless,general;portable,portable,65.0,65.0,missing_keyboard_size;unverified_reference_source
6280bb3eca7a5fe35371,docyx_pc_part_dataset_2025_07_23,keyboard,SIIG JK-WR0J12-S1,SIIG,JK-WR0J12-S1,keyboard:siig:jk-wr0j12-s1,inferred_first_token,reference_only_needs_verification,needs_review,False,1,Black,False,Gaming,,,,,wireless,general;gaming;portable,gaming,65.0,65.0,missing_keyboard_size;unverified_reference_source
2b6f0f9a622c5ff33cc0,docyx_pc_part_dataset_2025_07_23,keyboard,SIIG USB Compact Low Profile Multimedia Keyboard,SIIG,USB Compact Low Profile Multimedia Keyboard,keyboard:siig:usb-compact-low-profile-multimedia-keyboard,inferred_first_token,reference_only_needs_verification,needs_review,False,1,Black,False,Slim,,,,,wired,general,productivity,65.0,65.0,missing_keyboard_size;unverified_reference_source
8f90ee7259e158f2468a,docyx_pc_part_dataset_2025_07_23,keyboard,SMK-Link VP6220 Wireless Bluetooth Keyboard,SMK-Link,VP6220 Wireless Bluetooth Keyboard,keyboard:smk-link:vp6220-wireless-bluetooth-keyboard,inferred_first_token,reference_only_needs_verification,needs_review,False,1,Black,False,Slim,,,,,wireless;bluetooth,general;portable,portable,65.0,65.0,missing_keyboard_size;unverified_reference_source
457ed78519a3bbcd3ce2,docyx_pc_part_dataset_2025_07_23,keyboard,Saitek Cyborg V5,Saitek,Cyborg V5,keyboard:saitek:cyborg-v5,inferred_first_token,reference_only_needs_verification,needs_review,False,1,Black,False,Gaming,,,,single_colour,wired,general;gaming,gaming,65.0,65.0,missing_keyboard_size;unverified_reference_source
591726a36f3aa180c745,docyx_pc_part_dataset_2025_07_23,keyboard,Saitek ECB43001N002/04/1,Saitek,ECB43001N002/04/1,keyboard:saitek:ecb43001n002-04-1,inferred_first_token,reference_only_needs_verification,needs_review,False,1,Black,False,Slim,,,,single_colour,wireless,general;portable,portable,65.0,65.0,missing_keyboard_size;unverified_reference_source
f7681f2335e82b0d71a3,docyx_pc_part_dataset_2025_07_23,keyboard,Saitek ECB43002N002/06/1,Saitek,ECB43002N002/06/1,keyboard:saitek:ecb43002n002-06-1,inferred_first_token,reference_only_needs_verification,needs_review,False,1,Black,False,Slim,,,,single_colour,wired,general,productivity,65.0,65.0,missing_keyboard_size;unverified_reference_source
37980344971a087ca8e2,docyx_pc_part_dataset_2025_07_23,keyboard,SolidTek KB-2070MSU,SolidTek,KB-2070MSU,keyboard:solidtek:kb-2070msu,inferred_first_token,reference_only_needs_verification,needs_review,False,1,Blue;White,False,Slim,,,,,wired,general,productivity,65.0,65.0,missing_keyboard_size;unverified_reference_source
2aa7dc0b95f1ab94b05f,docyx_pc_part_dataset_2025_07_23,keyboard,SolidTek KB-3001SH,SolidTek,KB-3001SH,keyboard:solidtek:kb-3001sh,inferred_first_token,reference_only_needs_verification,needs_review,False,1,Black;Silver,False,Slim,,,,,wired,general,productivity,65.0,65.0,missing_keyboard_size;unverified_reference_source
e9103fbcfc396cb2b6b2,docyx_pc_part_dataset_2025_07_23,keyboard,SolidTek KB-7070BU,SolidTek,KB-7070BU,keyboard:solidtek:kb-7070bu,inferred_first_token,reference_only_needs_verification,needs_review,False,1,Black,False,Slim,,,,,wired,general,productivity,65.0,65.0,missing_keyboard_size;unverified_reference_source
1d4d4d247b8ba34d5167,docyx_pc_part_dataset_2025_07_23,keyboard,SolidTek KB-7091BU,SolidTek,KB-7091BU,keyboard:solidtek:kb-7091bu,inferred_first_token,reference_only_needs_verification,needs_review,False,1,Black,False,Slim,,,,,wired,general,productivity,65.0,65.0,missing_keyboard_size;unverified_reference_source
cf156e3f2f17f3085bab,docyx_pc_part_dataset_2025_07_23,keyboard,SolidTek KB-P5000SH,SolidTek,KB-P5000SH,keyboard:solidtek:kb-p5000sh,inferred_first_token,reference_only_needs_verification,needs_review,False,1,Black;Silver,False,Slim,,,,,wired,general,productivity,65.0,65.0,missing_keyboard_size;unverified_reference_source
f785901eb8bd469a16b3,docyx_pc_part_dataset_2025_07_23,keyboard,SolidTek KB-WKB830,SolidTek,KB-WKB830,keyboard:solidtek:kb-wkb830,inferred_first_token,reference_only_needs_verification,needs_review,False,1,Black,False,Slim,,,,,wireless,general;portable,portable,65.0,65.0,missing_keyboard_size;unverified_reference_source
dd742348cca2789d657f,docyx_pc_part_dataset_2025_07_23,keyboard,Speedlink SL-6482-BK,Speedlink,SL-6482-BK,keyboard:speedlink:sl-6482-bk,inferred_first_token,reference_only_needs_verification,needs_review,False,1,Black,False,Gaming,,,,single_colour,wired,general;gaming,gaming,65.0,65.0,missing_keyboard_size;unverified_reference_source
69d95f288a05c18f7895,docyx_pc_part_dataset_2025_07_23,keyboard,Syba CL-KBD20053,Syba,CL-KBD20053,keyboard:syba:cl-kbd20053,inferred_first_token,reference_only_needs_verification,needs_review,False,1,White,False,Slim,,,,,wired,general,productivity,65.0,65.0,missing_keyboard_size;unverified_reference_source
a9411965232be9be8c81,docyx_pc_part_dataset_2025_07_23,keyboard,Syba CL-KBD50027,Syba,CL-KBD50027,keyboard:syba:cl-kbd50027,inferred_first_token,reference_only_needs_verification,needs_review,False,1,Black,False,Slim,,,,,wireless,general;portable,portable,65.0,65.0,missing_keyboard_size;unverified_reference_source
3e671b0c5b7ba1d36ebd,docyx_pc_part_dataset_2025_07_23,keyboard,Targus AKB13US Keyboard,Targus,AKB13US Keyboard,keyboard:targus:akb13us-keyboard,inferred_first_token,reference_only_needs_verification,needs_review,False,1,Black,False,Slim,,,,,wired,general,productivity,65.0,65.0,missing_keyboard_size;unverified_reference_source
1c746eb29aa948cbb22f,docyx_pc_part_dataset_2025_07_23,keyboard,Targus AKB869US,Targus,AKB869US,keyboard:targus:akb869us,inferred_first_token,reference_only_needs_verification,needs_review,False,1,Black,False,Slim,,,,,wireless;bluetooth,general;portable,portable,65.0,65.0,missing_keyboard_size;unverified_reference_source
4cdec181e8f7e75372c1,docyx_pc_part_dataset_2025_07_23,keyboard,TekNmotion Nibiru CK1,TekNmotion,Nibiru CK1,keyboard:teknmotion:nibiru-ck1,inferred_first_token,reference_only_needs_verification,needs_review,False,1,Black,False,Gaming,,,,single_colour,wired,general;gaming,gaming,65.0,65.0,missing_keyboard_size;unverified_reference_source
6430242912a14ba5c20d,docyx_pc_part_dataset_2025_07_23,keyboard,TekNmotion TM-NIBK11,TekNmotion,TM-NIBK11,keyboard:teknmotion:tm-nibk11,inferred_first_token,reference_only_needs_verification,needs_review,False,1,Black,False,Gaming,,,,,wired,general;gaming,gaming,65.0,65.0,missing_keyboard_size;unverified_reference_source
9917f2ec4f45e5b5d61e,docyx_pc_part_dataset_2025_07_23,keyboard,Tempest Combo 3000,Tempest,Combo 3000,keyboard:tempest:combo-3000,inferred_first_token,reference_only_needs_verification,needs_review,False,1,Black,False,Gaming,,,,rgb,wired,general;gaming,gaming,65.0,65.0,missing_keyboard_size;unverified_reference_source
5b8c334f1722db4cdc97,docyx_pc_part_dataset_2025_07_23,keyboard,Tempest TGC2000,Tempest,TGC2000,keyboard:tempest:tgc2000,inferred_first_token,reference_only_needs_verification,needs_review,False,1,Black,False,Gaming,,,,single_colour,wired,general;gaming,gaming,65.0,65.0,missing_keyboard_size;unverified_reference_source
5338a4fc7a9fec1689c4,docyx_pc_part_dataset_2025_07_23,keyboard,Tripp Lite IN3008KB,Tripp,Lite IN3008KB,keyboard:tripp:lite-in3008kb,inferred_first_token,reference_only_needs_verification,needs_review,False,1,Black,False,Slim,,,,,wired,general,productivity,65.0,65.0,missing_keyboard_size;unverified_reference_source
4d63ad1cfae113406961,docyx_pc_part_dataset_2025_07_23,keyboard,Trust GXT 280,Trust,GXT 280,keyboard:trust:gxt-280,inferred_first_token,reference_only_needs_verification,needs_review,False,2,Black,False,Gaming,,,,single_colour,wired,general;gaming,gaming,65.0,65.0,missing_keyboard_size;unverified_reference_source;identity_duplicates_collapsed
141f9c1f680841e73910,docyx_pc_part_dataset_2025_07_23,keyboard,Trust GXT 285,Trust,GXT 285,keyboard:trust:gxt-285,inferred_first_token,reference_only_needs_verification,needs_review,False,1,Black;Red,False,Gaming,,,,single_colour,wired,general;gaming,gaming,65.0,65.0,missing_keyboard_size;unverified_reference_source
079fdc31c3377262e57c,docyx_pc_part_dataset_2025_07_23,keyboard,Trust GXT 860 Thura,Trust,GXT 860 Thura,keyboard:trust:gxt-860-thura,inferred_first_token,reference_only_needs_verification,needs_review,False,1,Black,False,Gaming,,,,rgb,wired,general;gaming,gaming,65.0,65.0,missing_keyboard_size;unverified_reference_source
3a5bbcbdf34e2527ea59,docyx_pc_part_dataset_2025_07_23,keyboard,UtechSmart Saturn,UtechSmart,Saturn,keyboard:utechsmart:saturn,inferred_first_token,reference_only_needs_verification,needs_review,False,1,Black,False,Gaming,,,,single_colour,wired,general;gaming,gaming,65.0,65.0,missing_keyboard_size;unverified_reference_source
6143099dfaf28749f3b1,docyx_pc_part_dataset_2025_07_23,keyboard,V7 KM0Z1-5N6P,V7,KM0Z1-5N6P,keyboard:v7:km0z1-5n6p,inferred_first_token,reference_only_needs_verification,needs_review,False,1,Black,False,Slim,,,,,wired,general,productivity,65.0,65.0,missing_keyboard_size;unverified_reference_source
e9ce45d32b13d37c489d,docyx_pc_part_dataset_2025_07_23,keyboard,V7 KW550USBT,V7,KW550USBT,keyboard:v7:kw550usbt,inferred_first_token,reference_only_needs_verification,needs_review,False,1,Black,False,Slim,,,,,wireless;bluetooth,general;portable,portable,65.0,65.0,missing_keyboard_size;unverified_reference_source
afc8e5a16166715354b0,docyx_pc_part_dataset_2025_07_23,keyboard,YEYIAN Phoenix 2000,YEYIAN,Phoenix 2000,keyboard:yeyian:phoenix-2000,inferred_first_token,reference_only_needs_verification,needs_review,False,1,Black,False,Gaming,,,,rgb,wired,general;gaming,gaming,65.0,65.0,missing_keyboard_size;unverified_reference_source
db1c95d21836574bac98,docyx_pc_part_dataset_2025_07_23,keyboard,YEYIAN Phoenix 3000,YEYIAN,Phoenix 3000,keyboard:yeyian:phoenix-3000,inferred_first_token,reference_only_needs_verification,needs_review,False,1,Black,False,Gaming,,,,rgb,wired,general;gaming,gaming,65.0,65.0,missing_keyboard_size;unverified_reference_source
27a81cd12afce8438874,docyx_pc_part_dataset_2025_07_23,keyboard,Zalman ZM-K300M,Zalman,ZM-K300M,keyboard:zalman:zm-k300m,inferred_first_token,reference_only_needs_verification,needs_review,False,1,Black,False,Gaming,,,,,wired,general;gaming,gaming,65.0,65.0,missing_keyboard_size;unverified_reference_source
2805a2ed654e9aa3b87f,docyx_pc_part_dataset_2025_07_23,keyboard,i-rocks IRK01BN-BK,i-rocks,IRK01BN-BK,keyboard:i-rocks:irk01bn-bk,inferred_first_token,reference_only_needs_verification,needs_review,False,1,Black,False,Slim,,,,,wireless;bluetooth,general;portable,portable,65.0,65.0,missing_keyboard_size;unverified_reference_source
16a99eb0308a5fb068eb,docyx_pc_part_dataset_2025_07_23,keyboard,i-rocks IRK01WN-BK,i-rocks,IRK01WN-BK,keyboard:i-rocks:irk01wn-bk,inferred_first_token,reference_only_needs_verification,needs_review,False,1,Black,False,Slim,,,,,wired,general,productivity,65.0,65.0,missing_keyboard_size;unverified_reference_source
9a9f9fa889efba81416c,docyx_pc_part_dataset_2025_07_23,keyboard,i-rocks KR-6401-BK,i-rocks,KR-6401-BK,keyboard:i-rocks:kr-6401-bk,inferred_first_token,reference_only_needs_verification,needs_review,False,1,Black,False,Slim,,,,,wired,general,productivity,65.0,65.0,missing_keyboard_size;unverified_reference_source
e4540161e7f3b99c879a,docyx_pc_part_dataset_2025_07_23,keyboard,i-rocks KR-6401-WH,i-rocks,KR-6401-WH,keyboard:i-rocks:kr-6401-wh,inferred_first_token,reference_only_needs_verification,needs_review,False,1,White,False,Slim,,,,,wired,general,productivity,65.0,65.0,missing_keyboard_size;unverified_reference_source
d099072576b104681971,docyx_pc_part_dataset_2025_07_23,keyboard,i-rocks KR-6402-BK,i-rocks,KR-6402-BK,keyboard:i-rocks:kr-6402-bk,inferred_first_token,reference_only_needs_verification,needs_review,False,1,Black,False,Slim,,,,,wired,general,productivity,65.0,65.0,missing_keyboard_size;unverified_reference_source
a7705116fa69807f0107,docyx_pc_part_dataset_2025_07_23,keyboard,i-rocks KR-6421-WH,i-rocks,KR-6421-WH,keyboard:i-rocks:kr-6421-wh,inferred_first_token,reference_only_needs_verification,needs_review,False,1,White,False,Slim,,,,,wired,general,productivity,65.0,65.0,missing_keyboard_size;unverified_reference_source
546e97cc32db17b6f319,docyx_pc_part_dataset_2025_07_23,keyboard,i-rocks KR-6820E-WH,i-rocks,KR-6820E-WH,keyboard:i-rocks:kr-6820e-wh,inferred_first_token,reference_only_needs_verification,needs_review,False,1,Blue;White,False,Gaming,,,,,wired,general;gaming,gaming,65.0,65.0,missing_keyboard_size;unverified_reference_source
cae7ec7bf525ba10b151,docyx_pc_part_dataset_2025_07_23,keyboard,i-rocks RF-6572L-WH,i-rocks,RF-6572L-WH,keyboard:i-rocks:rf-6572l-wh,inferred_first_token,reference_only_needs_verification,needs_review,False,1,White,False,Slim,,,,,wireless,general;portable,portable,65.0,65.0,missing_keyboard_size;unverified_reference_source
8c3cdcea146a56fd6bc4,docyx_pc_part_dataset_2025_07_23,keyboard,i-rocks RF-6577L-WH,i-rocks,RF-6577L-WH,keyboard:i-rocks:rf-6577l-wh,inferred_first_token,reference_only_needs_verification,needs_review,False,1,White,False,Slim,,,,,wireless,general;portable,portable,65.0,65.0,missing_keyboard_size;unverified_reference_source
9267a458c64b2fd3b465,docyx_pc_part_dataset_2025_07_23,keyboard,A4Tech B120,A4Tech,B120,keyboard:a4tech:b120,inferred_first_token,reference_only_needs_verification,needs_review,False,1,Black,True,Gaming,,,,single_colour,wired,general;gaming,gaming,65.0,62.0,missing_keyboard_size;unverified_reference_source
48819f72f83376d36131,docyx_pc_part_dataset_2025_07_23,keyboard,AZIO KB512,AZIO,KB512,keyboard:azio:kb512,inferred_first_token,reference_only_needs_verification,needs_review,False,1,Black,True,Gaming,,,,single_colour,wired,general;gaming,gaming,65.0,62.0,missing_keyboard_size;unverified_reference_source
b71e889b06035ac4eede,docyx_pc_part_dataset_2025_07_23,keyboard,Gigabyte KM7580,Gigabyte,KM7580,keyboard:gigabyte:km7580,curated_alias,reference_only_needs_verification,needs_review,False,1,Black,False,Slim,,,,,wireless,general;portable,portable,65.0,62.0,missing_keyboard_size;unverified_reference_source
983c643c06c5bec083f2,docyx_pc_part_dataset_2025_07_23,keyboard,HP K3500,HP,K3500,keyboard:hp:k3500,curated_alias,reference_only_needs_verification,needs_review,False,1,Black,False,Slim,,,,,wireless,general;portable,portable,65.0,62.0,missing_keyboard_size;unverified_reference_source
f066d69d2f17a2ae9983,docyx_pc_part_dataset_2025_07_23,keyboard,Kensington 72279,Kensington,72279,keyboard:kensington:72279,curated_alias,reference_only_needs_verification,needs_review,False,1,Black,False,Slim,,,,,wireless,general;portable,portable,65.0,62.0,missing_keyboard_size;unverified_reference_source
13730fb5a866a2b10113,docyx_pc_part_dataset_2025_07_23,keyboard,KeyTronic K9.3,KeyTronic,K9.3,keyboard:keytronic:k9-3,curated_alias,reference_only_needs_verification,needs_review,False,1,Black,False,Slim,,,,,wired,general,productivity,65.0,62.0,missing_keyboard_size;unverified_reference_source
c27215d1ce29c10c1e22,docyx_pc_part_dataset_2025_07_23,keyboard,Mad Catz V.7,Mad Catz,V.7,keyboard:mad-catz:v-7,curated_alias,reference_only_needs_verification,needs_review,False,1,Black;Silver,False,Gaming,,,,single_colour,wired,general;gaming,gaming,65.0,62.0,missing_keyboard_size;unverified_reference_source
afd9509252987ea14ede,docyx_pc_part_dataset_2025_07_23,keyboard,Mad Catz V5,Mad Catz,V5,keyboard:mad-catz:v5,curated_alias,reference_only_needs_verification,needs_review,False,1,Black,False,Gaming,,,,single_colour,wired,general;gaming,gaming,65.0,62.0,missing_keyboard_size;unverified_reference_source
f8463c0624e4d3562fd3,docyx_pc_part_dataset_2025_07_23,keyboard,Microsoft 6000,Microsoft,6000,keyboard:microsoft:6000,curated_alias,reference_only_needs_verification,needs_review,False,1,Black,False,Slim,,,,,wireless;bluetooth,general;portable,portable,65.0,62.0,missing_keyboard_size;unverified_reference_source
c0c47e9bb73e85940c92,docyx_pc_part_dataset_2025_07_23,keyboard,Microsoft 800,Microsoft,800,keyboard:microsoft:800,curated_alias,reference_only_needs_verification,needs_review,False,1,Black,False,Slim,,,,,wireless,general;portable,portable,65.0,62.0,missing_keyboard_size;unverified_reference_source
7ce2444e485fe028ff67,docyx_pc_part_dataset_2025_07_23,keyboard,Microsoft J93-00001,Microsoft,J93-00001,keyboard:microsoft:j93-00001,curated_alias,reference_only_needs_verification,needs_review,False,1,Black,False,Slim,,,,,wired,general,productivity,65.0,62.0,missing_keyboard_size;unverified_reference_source
88c2dedf58fedf0a20bb,docyx_pc_part_dataset_2025_07_23,keyboard,Microsoft J93-00003,Microsoft,J93-00003,keyboard:microsoft:j93-00003,curated_alias,reference_only_needs_verification,needs_review,False,1,Black,False,Slim,,,,,wired,general,productivity,65.0,62.0,missing_keyboard_size;unverified_reference_source
407ed63dbb057b698da2,docyx_pc_part_dataset_2025_07_23,keyboard,Monoprice 11795,Monoprice,11795,keyboard:monoprice:11795,curated_alias,reference_only_needs_verification,needs_review,False,1,Black,False,Slim,,,,single_colour,wired,general,productivity,65.0,62.0,missing_keyboard_size;unverified_reference_source
3db18d8239c129db67c9,docyx_pc_part_dataset_2025_07_23,keyboard,Monoprice 6821,Monoprice,6821,keyboard:monoprice:6821,curated_alias,reference_only_needs_verification,needs_review,False,1,Black;White,False,Slim,,,,,wired,general,productivity,65.0,62.0,missing_keyboard_size;unverified_reference_source
60f20264855f0735437e,docyx_pc_part_dataset_2025_07_23,keyboard,Monoprice K11,Monoprice,K11,keyboard:monoprice:k11,curated_alias,reference_only_needs_verification,needs_review,False,1,Black,False,Gaming,,,,,wired,general;gaming,gaming,65.0,62.0,missing_keyboard_size;unverified_reference_source
7618fa3ab75d9ca2c9ea,docyx_pc_part_dataset_2025_07_23,keyboard,Perixx 10165,Perixx,10165,keyboard:perixx:10165,inferred_first_token,reference_only_needs_verification,needs_review,False,1,Black,True,Slim,,,,,wired,general,productivity,65.0,62.0,missing_keyboard_size;unverified_reference_source
0d971db2e5265c1fcd3b,docyx_pc_part_dataset_2025_07_23,keyboard,Targus KM610,Targus,KM610,keyboard:targus:km610,inferred_first_token,reference_only_needs_verification,needs_review,False,1,Black,True,Slim,,,,,wireless,general;portable,portable,65.0,62.0,missing_keyboard_size;unverified_reference_source
ef573795003d6925eee2,docyx_pc_part_dataset_2025_07_23,keyboard,Verbatim 96666,Verbatim,96666,keyboard:verbatim:96666,curated_alias,reference_only_needs_verification,needs_review,False,1,Black;Silver,False,Slim,,,,,wireless,general;portable,portable,65.0,62.0,missing_keyboard_size;unverified_reference_source
f881a7154ce5191c3102,docyx_pc_part_dataset_2025_07_23,keyboard,Verbatim 97753,Verbatim,97753,keyboard:verbatim:97753,curated_alias,reference_only_needs_verification,needs_review,False,1,Black,False,Slim,,,,,wireless;bluetooth,general;portable,portable,65.0,62.0,missing_keyboard_size;unverified_reference_source
794df43897f5b2704d8f,docyx_pc_part_dataset_2025_07_23,keyboard,Zalman K400G,Zalman,K400G,keyboard:zalman:k400g,inferred_first_token,reference_only_needs_verification,needs_review,False,1,Black,True,Gaming,,,,single_colour,wired,general;gaming,gaming,65.0,62.0,missing_keyboard_size;unverified_reference_source
955638cbf97051206783,docyx_pc_part_dataset_2025_07_23,keyboard,AllSmartLife K108,AllSmartLife,K108,keyboard:allsmartlife:k108,inferred_first_token,reference_only_needs_verification,needs_review,False,1,Black,False,Gaming,,mechanical,Outemu Blue,rgb,wired,general;gaming,gaming,65.0,61.0,missing_keyboard_size;unverified_reference_source
cb71f8fc22a812bed1de,docyx_pc_part_dataset_2025_07_23,keyboard,Cougar 600K,Cougar,600K,keyboard:cougar:600k,inferred_first_token,reference_only_needs_verification,needs_review,False,4,Black;Silver,False,Gaming,,mechanical,Cherry MX Red,single_colour,wired,general;gaming,gaming,65.0,61.0,missing_keyboard_size;unverified_reference_source;identity_duplicates_collapsed
073e3f5eeb7345deefb4,docyx_pc_part_dataset_2025_07_23,keyboard,Cougar 700K,Cougar,700K,keyboard:cougar:700k,inferred_first_token,reference_only_needs_verification,needs_review,False,3,Black;Silver,False,Gaming,,mechanical,Cherry MX Red,single_colour,wired,general;gaming,gaming,65.0,61.0,missing_keyboard_size;unverified_reference_source;identity_duplicates_collapsed
c4d043ac751b043713ca,docyx_pc_part_dataset_2025_07_23,keyboard,EVGA Z20,EVGA,Z20,keyboard:evga:z20,inferred_first_token,reference_only_needs_verification,needs_review,False,2,Black,False,Gaming,,mechanical,LK Light Strike Linear,rgb,wired,general;gaming,gaming,65.0,61.0,missing_keyboard_size;unverified_reference_source;identity_duplicates_collapsed
d93149b08e7a6b4a5540,docyx_pc_part_dataset_2025_07_23,keyboard,EagleTec KG010,EagleTec,KG010,keyboard:eagletec:kg010,inferred_first_token,reference_only_needs_verification,needs_review,False,1,Black,False,Gaming,,mechanical,Outemu Blue,single_colour,wired,general;gaming,gaming,65.0,61.0,missing_keyboard_size;unverified_reference_source
01edbbe8dbc688d8e537,docyx_pc_part_dataset_2025_07_23,keyboard,EagleTec KG011,EagleTec,KG011,keyboard:eagletec:kg011,inferred_first_token,reference_only_needs_verification,needs_review,False,1,White,False,Gaming,,mechanical,Outemu Blue,single_colour,wired,general;gaming,gaming,65.0,61.0,missing_keyboard_size;unverified_reference_source
e31623597f515d041019,docyx_pc_part_dataset_2025_07_23,keyboard,Func KB-460,Func,KB-460,keyboard:func:kb-460,inferred_first_token,reference_only_needs_verification,needs_review,False,2,Black,False,Gaming,,mechanical,Cherry MX Red,single_colour,wired,general;gaming,gaming,65.0,61.0,missing_keyboard_size;unverified_reference_source;identity_duplicates_collapsed
97dd6fa70641d60ec63a,docyx_pc_part_dataset_2025_07_23,keyboard,MCHOSE G98,MCHOSE,G98,keyboard:mchose:g98,inferred_first_token,reference_only_needs_verification,needs_review,False,9,Black;Blue;Green;Orange;White,False,Gaming,,mechanical,TTC Ice,rgb,wired;wireless;bluetooth,general;gaming;portable,gaming,65.0,61.0,missing_keyboard_size;unverified_reference_source;identity_duplicates_collapsed
e5bfb1b69866dd8e0d53,docyx_pc_part_dataset_2025_07_23,keyboard,MCHOSE K99,MCHOSE,K99,keyboard:mchose:k99,inferred_first_token,reference_only_needs_verification,needs_review,False,11,Black;Blue;Gray;Green;Orange;Purple;White,False,Gaming,,mechanical,KTT Hyacinth,rgb,wired;wireless;bluetooth,general;gaming;portable,gaming,65.0,61.0,missing_keyboard_size;unverified_reference_source;identity_duplicates_collapsed
ed63c13f9579752b1d53,docyx_pc_part_dataset_2025_07_23,keyboard,Rosewill RK-9100,Rosewill,RK-9100,keyboard:rosewill:rk-9100,inferred_first_token,reference_only_needs_verification,needs_review,False,1,Black,False,Slim,,mechanical,Cherry MX Blue,single_colour,wired,general,productivity,65.0,61.0,missing_keyboard_size;unverified_reference_source
d2723f488d8875498aa7,docyx_pc_part_dataset_2025_07_23,keyboard,Rottay TH-306,Rottay,TH-306,keyboard:rottay:th-306,inferred_first_token,reference_only_needs_verification,needs_review,False,1,Black;White,False,Gaming,,mechanical,Outemu Brown,rgb,wired,general;gaming,gaming,65.0,61.0,missing_keyboard_size;unverified_reference_source
71e4a7c31f8275c27ff5,docyx_pc_part_dataset_2025_07_23,keyboard,Tempest K10,Tempest,K10,keyboard:tempest:k10,inferred_first_token,reference_only_needs_verification,needs_review,False,2,Black,False,Gaming,,mechanical,Outemu Red,rgb,wired,general;gaming,gaming,65.0,61.0,missing_keyboard_size;unverified_reference_source;identity_duplicates_collapsed
6e45896e4ad3ff8cdfdc,docyx_pc_part_dataset_2025_07_23,keyboard,Velocifire VM30,Velocifire,VM30,keyboard:velocifire:vm30,inferred_first_token,reference_only_needs_verification,needs_review,False,1,Black;Silver,False,Gaming,,mechanical,Kailh Black,single_colour,wired,general;gaming,gaming,65.0,61.0,missing_keyboard_size;unverified_reference_source
a1c66c73de4896bab68f,docyx_pc_part_dataset_2025_07_23,keyboard,iKBC CD108,iKBC,CD108,keyboard:ikbc:cd108,inferred_first_token,reference_only_needs_verification,needs_review,False,5,Black,False,Gaming,,mechanical,Cherry MX Brown,,wired,general;gaming,gaming,65.0,61.0,missing_keyboard_size;unverified_reference_source;identity_duplicates_collapsed
f92321bf917cc9e0900c,docyx_pc_part_dataset_2025_07_23,keyboard,A4Tech G800V,A4Tech,G800V,keyboard:a4tech:g800v,inferred_first_token,reference_only_needs_verification,needs_review,False,1,Black,False,Gaming,,,,,wired,general;gaming,gaming,65.0,57.0,missing_keyboard_size;unverified_reference_source
4ec40275972da06cba6c,docyx_pc_part_dataset_2025_07_23,keyboard,ARCTIC K381,ARCTIC,K381,keyboard:arctic:k381,inferred_first_token,reference_only_needs_verification,needs_review,False,2,Black;White,False,Slim,,,,,wired,general,productivity,65.0,57.0,missing_keyboard_size;unverified_reference_source;identity_duplicates_collapsed
8bffa2cc3c1f0a374997,docyx_pc_part_dataset_2025_07_23,keyboard,AZIO L70,AZIO,L70,keyboard:azio:l70,inferred_first_token,reference_only_needs_verification,needs_review,False,1,Black,False,Gaming,,,,single_colour,wired,general;gaming,gaming,65.0,57.0,missing_keyboard_size;unverified_reference_source
bc6882fb7603429ffc94,docyx_pc_part_dataset_2025_07_23,keyboard,Anker T300,Anker,T300,keyboard:anker:t300,inferred_first_token,reference_only_needs_verification,needs_review,False,1,Black,False,Slim,,,,,wireless;bluetooth,general;portable,portable,65.0,57.0,missing_keyboard_size;unverified_reference_source
7557575aa34e9283c4e1,docyx_pc_part_dataset_2025_07_23,keyboard,BlueFinger CM200,BlueFinger,CM200,keyboard:bluefinger:cm200,inferred_first_token,reference_only_needs_verification,needs_review,False,1,Black,False,Gaming,,,,single_colour,wired,general;gaming,gaming,65.0,57.0,missing_keyboard_size;unverified_reference_source
af0cb82dbc2cef7cff0d,docyx_pc_part_dataset_2025_07_23,keyboard,Cobra K701,Cobra,K701,keyboard:cobra:k701,inferred_first_token,reference_only_needs_verification,needs_review,False,1,Black,False,Gaming,,,,single_colour,wired,general;gaming,gaming,65.0,57.0,missing_keyboard_size;unverified_reference_source
76cf9c993efa698e15bb,docyx_pc_part_dataset_2025_07_23,keyboard,Cougar 200K,Cougar,200K,keyboard:cougar:200k,inferred_first_token,reference_only_needs_verification,needs_review,False,1,Black,False,Gaming,,,,single_colour,wired,general;gaming,gaming,65.0,57.0,missing_keyboard_size;unverified_reference_source
984c438a52790bfb7791,docyx_pc_part_dataset_2025_07_23,keyboard,Cougar 450K,Cougar,450K,keyboard:cougar:450k,inferred_first_token,reference_only_needs_verification,needs_review,False,1,Black,False,Gaming,,,,single_colour,wired,general;gaming,gaming,65.0,57.0,missing_keyboard_size;unverified_reference_source
3343cd0cf910bae7cbc6,docyx_pc_part_dataset_2025_07_23,keyboard,Cougar 500K,Cougar,500K,keyboard:cougar:500k,inferred_first_token,reference_only_needs_verification,needs_review,False,1,Black,False,Gaming,,,,single_colour,wired,general;gaming,gaming,65.0,57.0,missing_keyboard_size;unverified_reference_source
c27f5da7211734fbc39a,docyx_pc_part_dataset_2025_07_23,keyboard,Fellowes 9893601,Fellowes,9893601,keyboard:fellowes:9893601,inferred_first_token,reference_only_needs_verification,needs_review,False,1,Black,False,Slim,,,,,wireless,general;portable,portable,65.0,57.0,missing_keyboard_size;unverified_reference_source
29deab3f7834b94e1992,docyx_pc_part_dataset_2025_07_23,keyboard,Genius 31310053101,Genius,31310053101,keyboard:genius:31310053101,inferred_first_token,reference_only_needs_verification,needs_review,False,1,Black,False,Gaming,,,,rgb,wired,general;gaming,gaming,65.0,57.0,missing_keyboard_size;unverified_reference_source
9343f6d2e21ea7f72475,docyx_pc_part_dataset_2025_07_23,keyboard,Genius K5,Genius,K5,keyboard:genius:k5,inferred_first_token,reference_only_needs_verification,needs_review,False,1,Black,False,Gaming,,,,single_colour,wired,general;gaming,gaming,65.0,57.0,missing_keyboard_size;unverified_reference_source
c264e8e9bf1645310550,docyx_pc_part_dataset_2025_07_23,keyboard,Genius K7,Genius,K7,keyboard:genius:k7,inferred_first_token,reference_only_needs_verification,needs_review,False,1,Black,False,Gaming,,,,single_colour,wired,general;gaming,gaming,65.0,57.0,missing_keyboard_size;unverified_reference_source
db1572395924366e4340,docyx_pc_part_dataset_2025_07_23,keyboard,Genius K9,Genius,K9,keyboard:genius:k9,inferred_first_token,reference_only_needs_verification,needs_review,False,1,Blue,False,Gaming,,,,rgb,wired,general;gaming,gaming,65.0,57.0,missing_keyboard_size;unverified_reference_source
243e6d1b1330449e3241,docyx_pc_part_dataset_2025_07_23,keyboard,Inland 70140,Inland,70140,keyboard:inland:70140,inferred_first_token,reference_only_needs_verification,needs_review,False,1,Black,False,Slim,,,,,wired,general,productivity,65.0,57.0,missing_keyboard_size;unverified_reference_source
1995370904ef417362dd,docyx_pc_part_dataset_2025_07_23,keyboard,Interlink VP6220,Interlink,VP6220,keyboard:interlink:vp6220,inferred_first_token,reference_only_needs_verification,needs_review,False,1,Black,False,Slim,,,,,wireless;bluetooth,general;portable,portable,65.0,57.0,missing_keyboard_size;unverified_reference_source
8d8c1279e777297e1ae3,docyx_pc_part_dataset_2025_07_23,keyboard,Lite-On SK-2085,Lite-On,SK-2085,keyboard:lite-on:sk-2085,inferred_first_token,reference_only_needs_verification,needs_review,False,1,Black,False,Slim,,,,,wired,general,productivity,65.0,57.0,missing_keyboard_size;unverified_reference_source
d87861faca7f35dd8c2f,docyx_pc_part_dataset_2025_07_23,keyboard,Lite-On SK-9020,Lite-On,SK-9020,keyboard:lite-on:sk-9020,inferred_first_token,reference_only_needs_verification,needs_review,False,1,Black,False,Slim,,,,,wired,general,productivity,65.0,57.0,missing_keyboard_size;unverified_reference_source
4b5071e40ed16b5d4bb4,docyx_pc_part_dataset_2025_07_23,keyboard,Perixx PX-1000,Perixx,PX-1000,keyboard:perixx:px-1000,inferred_first_token,reference_only_needs_verification,needs_review,False,1,Black,False,Gaming,,,,single_colour,wired,general;gaming,gaming,65.0,57.0,missing_keyboard_size;unverified_reference_source
1ec558d7b9d1667a225a,docyx_pc_part_dataset_2025_07_23,keyboard,Perixx PX-1100,Perixx,PX-1100,keyboard:perixx:px-1100,inferred_first_token,reference_only_needs_verification,needs_review,False,1,Black,False,Gaming,,,,single_colour,wired,general;gaming,gaming,65.0,57.0,missing_keyboard_size;unverified_reference_source
96553731cf04999d6d07,docyx_pc_part_dataset_2025_07_23,keyboard,Perixx PX-2000,Perixx,PX-2000,keyboard:perixx:px-2000,inferred_first_token,reference_only_needs_verification,needs_review,False,1,Black,False,Gaming,,,,single_colour,wired,general;gaming,gaming,65.0,57.0,missing_keyboard_size;unverified_reference_source
e49133abe1dd65de4bfa,docyx_pc_part_dataset_2025_07_23,keyboard,Perixx PX-3000,Perixx,PX-3000,keyboard:perixx:px-3000,inferred_first_token,reference_only_needs_verification,needs_review,False,1,Black,False,Gaming,,,,single_colour,wired,general;gaming,gaming,65.0,57.0,missing_keyboard_size;unverified_reference_source
5818d29773b1db052b35,docyx_pc_part_dataset_2025_07_23,keyboard,Rii RK105,Rii,RK105,keyboard:rii:rk105,inferred_first_token,reference_only_needs_verification,needs_review,False,1,Black,False,Gaming,,,,rgb,wired,general;gaming,gaming,65.0,57.0,missing_keyboard_size;unverified_reference_source
4e0a1d244861e89bf808,docyx_pc_part_dataset_2025_07_23,keyboard,Rosewill K10,Rosewill,K10,keyboard:rosewill:k10,inferred_first_token,reference_only_needs_verification,needs_review,False,1,Black;Silver,False,Slim,,,,,wireless;bluetooth,general;portable,portable,65.0,57.0,missing_keyboard_size;unverified_reference_source
3c3f10d97cc4e17a5cba,docyx_pc_part_dataset_2025_07_23,keyboard,Rosewill K10 S,Rosewill,K10 S,keyboard:rosewill:k10-s,inferred_first_token,reference_only_needs_verification,needs_review,False,1,Silver;White,False,Slim,,,,,wireless;bluetooth,general;portable,portable,65.0,57.0,missing_keyboard_size;unverified_reference_source
34e441ec47a7dd93ff8f,docyx_pc_part_dataset_2025_07_23,keyboard,Rosewill RK-8100,Rosewill,RK-8100,keyboard:rosewill:rk-8100,inferred_first_token,reference_only_needs_verification,needs_review,False,1,Black,False,Gaming,,,,,wired,general;gaming,gaming,65.0,57.0,missing_keyboard_size;unverified_reference_source
47cb4b357979b304c0c1,docyx_pc_part_dataset_2025_07_23,keyboard,Rosewill RK-8200,Rosewill,RK-8200,keyboard:rosewill:rk-8200,inferred_first_token,reference_only_needs_verification,needs_review,False,1,Black,False,Gaming,,,,single_colour,wired,general;gaming,gaming,65.0,57.0,missing_keyboard_size;unverified_reference_source
7e6efcb7640bfce11f53,docyx_pc_part_dataset_2025_07_23,keyboard,Rosewill RK-8300,Rosewill,RK-8300,keyboard:rosewill:rk-8300,inferred_first_token,reference_only_needs_verification,needs_review,False,1,Black,False,Gaming,,,,,wired,general;gaming,gaming,65.0,57.0,missing_keyboard_size;unverified_reference_source
2e594ae0b2500aa88d61,docyx_pc_part_dataset_2025_07_23,keyboard,SMK-Link VP6620,SMK-Link,VP6620,keyboard:smk-link:vp6620,inferred_first_token,reference_only_needs_verification,needs_review,False,1,Black;Silver,False,Slim,,,,,wireless,general;portable,portable,65.0,57.0,missing_keyboard_size;unverified_reference_source
96520830690e94188956,docyx_pc_part_dataset_2025_07_23,keyboard,Saitek V5,Saitek,V5,keyboard:saitek:v5,inferred_first_token,reference_only_needs_verification,needs_review,False,1,Black,False,Gaming,,,,single_colour,wired,general;gaming,gaming,65.0,57.0,missing_keyboard_size;unverified_reference_source
35002646a5262149e19e,docyx_pc_part_dataset_2025_07_23,keyboard,Tempest K8,Tempest,K8,keyboard:tempest:k8,inferred_first_token,reference_only_needs_verification,needs_review,False,1,Black,False,Gaming,,,,single_colour,wired,general;gaming,gaming,65.0,57.0,missing_keyboard_size;unverified_reference_source
6c3c985b904a6a154c41,docyx_pc_part_dataset_2025_07_23,keyboard,Tempest K9,Tempest,K9,keyboard:tempest:k9,inferred_first_token,reference_only_needs_verification,needs_review,False,1,Black,False,Gaming,,,,rgb,wired,general;gaming,gaming,65.0,57.0,missing_keyboard_size;unverified_reference_source
75ca74d67c27c27333a8,docyx_pc_part_dataset_2025_07_23,keyboard,i-rocks K10,i-rocks,K10,keyboard:i-rocks:k10,inferred_first_token,reference_only_needs_verification,needs_review,False,1,Black,False,Gaming,,,,,wired,general;gaming,gaming,65.0,57.0,missing_keyboard_size;unverified_reference_source
ab8b6cafb459cd809170,docyx_pc_part_dataset_2025_07_23,keyboard,matias FK205,matias,FK205,keyboard:matias:fk205,inferred_first_token,reference_only_needs_verification,needs_review,False,1,Black,False,Slim,,,,,wired,general,productivity,65.0,57.0,missing_keyboard_size;unverified_reference_source
f74987458278d354f677,docyx_pc_part_dataset_2025_07_23,keyboard,Inland ProHT,Inland,ProHT,keyboard:inland:proht,inferred_first_token,reference_only_needs_verification,needs_review,False,1,Black,True,Gaming,,mechanical,Outemu Blue,single_colour,,general;gaming,gaming,30.0,39.0,missing_keyboard_size;missing_connectivity;unverified_reference_source
0a8b660c33b4d608b039,docyx_pc_part_dataset_2025_07_23,keyboard,ADATA XPG SUMMONER,ADATA,XPG SUMMONER,keyboard:adata:xpg-summoner,inferred_first_token,reference_only_needs_verification,needs_review,False,1,Black,False,Gaming,,mechanical,Cherry MX Speed Silver,rgb,,general;gaming,gaming,30.0,34.0,missing_keyboard_size;missing_connectivity;unverified_reference_source
